[2026-04-12 04:27:48] local.INFO: ParseBearerToken middleware invoked {"path":"/api/v2/campaign","method":"GET","has_auth_header":true,"auth_header_preview":"Bearer 162|htku8Nbt0t7HbUxovVT...","is_bearer":true} 
[2026-04-12 04:27:48] local.INFO: Extracted bearer token {"token_preview":"162|htku8N...","token_length":52} 
[2026-04-12 04:27:48] local.INFO: Found personal access token {"token_id":162,"user_id":68,"revoked":null} 
[2026-04-12 04:27:48] local.INFO: User authenticated via bearer token {"user_id":68,"user_email":"freelancerzahedcreator@gmail.com"} 
[2026-04-12 04:27:48] local.INFO: Returning campaigns for user {"user_id":68,"campaign_count":2,"statuses":["draft","draft"]} 
[2026-04-12 04:27:49] local.INFO: ParseBearerToken middleware invoked {"path":"/api/v2/campaign","method":"GET","has_auth_header":true,"auth_header_preview":"Bearer 162|htku8Nbt0t7HbUxovVT...","is_bearer":true} 
[2026-04-12 04:27:49] local.INFO: Extracted bearer token {"token_preview":"162|htku8N...","token_length":52} 
[2026-04-12 04:27:49] local.INFO: Found personal access token {"token_id":162,"user_id":68,"revoked":null} 
[2026-04-12 04:27:49] local.INFO: User authenticated via bearer token {"user_id":68,"user_email":"freelancerzahedcreator@gmail.com"} 
[2026-04-12 04:27:49] local.INFO: Returning campaigns for user {"user_id":68,"campaign_count":2,"statuses":["draft","draft"]} 
[2026-04-12 04:28:19] local.INFO: ParseBearerToken middleware invoked {"path":"/api/v2/campaign","method":"GET","has_auth_header":true,"auth_header_preview":"Bearer 162|htku8Nbt0t7HbUxovVT...","is_bearer":true} 
[2026-04-12 04:28:19] local.INFO: Extracted bearer token {"token_preview":"162|htku8N...","token_length":52} 
[2026-04-12 04:28:19] local.INFO: Found personal access token {"token_id":162,"user_id":68,"revoked":null} 
[2026-04-12 04:28:19] local.INFO: User authenticated via bearer token {"user_id":68,"user_email":"freelancerzahedcreator@gmail.com"} 
[2026-04-12 04:28:19] local.INFO: Returning campaigns for user {"user_id":68,"campaign_count":2,"statuses":["draft","draft"]} 
[2026-04-12 04:28:49] local.INFO: ParseBearerToken middleware invoked {"path":"/api/v2/campaign","method":"GET","has_auth_header":true,"auth_header_preview":"Bearer 162|htku8Nbt0t7HbUxovVT...","is_bearer":true} 
[2026-04-12 04:28:49] local.INFO: Extracted bearer token {"token_preview":"162|htku8N...","token_length":52} 
[2026-04-12 04:28:49] local.INFO: Found personal access token {"token_id":162,"user_id":68,"revoked":null} 
[2026-04-12 04:28:49] local.INFO: User authenticated via bearer token {"user_id":68,"user_email":"freelancerzahedcreator@gmail.com"} 
[2026-04-12 04:28:49] local.INFO: Returning campaigns for user {"user_id":68,"campaign_count":2,"statuses":["draft","draft"]} 
[2026-04-12 04:29:19] local.INFO: ParseBearerToken middleware invoked {"path":"/api/v2/campaign","method":"GET","has_auth_header":true,"auth_header_preview":"Bearer 162|htku8Nbt0t7HbUxovVT...","is_bearer":true} 
[2026-04-12 04:29:19] local.INFO: Extracted bearer token {"token_preview":"162|htku8N...","token_length":52} 
[2026-04-12 04:29:19] local.INFO: Found personal access token {"token_id":162,"user_id":68,"revoked":null} 
[2026-04-12 04:29:19] local.INFO: User authenticated via bearer token {"user_id":68,"user_email":"freelancerzahedcreator@gmail.com"} 
[2026-04-12 04:29:19] local.INFO: Returning campaigns for user {"user_id":68,"campaign_count":2,"statuses":["draft","draft"]} 
[2026-04-12 04:29:49] local.INFO: ParseBearerToken middleware invoked {"path":"/api/v2/campaign","method":"GET","has_auth_header":true,"auth_header_preview":"Bearer 162|htku8Nbt0t7HbUxovVT...","is_bearer":true} 
[2026-04-12 04:29:49] local.INFO: Extracted bearer token {"token_preview":"162|htku8N...","token_length":52} 
[2026-04-12 04:29:49] local.INFO: Found personal access token {"token_id":162,"user_id":68,"revoked":null} 
[2026-04-12 04:29:49] local.INFO: User authenticated via bearer token {"user_id":68,"user_email":"freelancerzahedcreator@gmail.com"} 
[2026-04-12 04:29:49] local.INFO: Returning campaigns for user {"user_id":68,"campaign_count":2,"statuses":["draft","draft"]} 
[2026-04-12 04:30:18] local.INFO: ParseBearerToken middleware invoked {"path":"/api/v2/campaign","method":"GET","has_auth_header":true,"auth_header_preview":"Bearer 162|htku8Nbt0t7HbUxovVT...","is_bearer":true} 
[2026-04-12 04:30:18] local.INFO: Extracted bearer token {"token_preview":"162|htku8N...","token_length":52} 
[2026-04-12 04:30:18] local.INFO: Found personal access token {"token_id":162,"user_id":68,"revoked":null} 
[2026-04-12 04:30:18] local.INFO: User authenticated via bearer token {"user_id":68,"user_email":"freelancerzahedcreator@gmail.com"} 
[2026-04-12 04:30:18] local.INFO: Returning campaigns for user {"user_id":68,"campaign_count":2,"statuses":["draft","draft"]} 
[2026-04-12 04:30:18] local.INFO: ParseBearerToken middleware invoked {"path":"/api/v2/campaign","method":"GET","has_auth_header":true,"auth_header_preview":"Bearer 162|htku8Nbt0t7HbUxovVT...","is_bearer":true} 
[2026-04-12 04:30:18] local.INFO: Extracted bearer token {"token_preview":"162|htku8N...","token_length":52} 
[2026-04-12 04:30:18] local.INFO: Found personal access token {"token_id":162,"user_id":68,"revoked":null} 
[2026-04-12 04:30:18] local.INFO: User authenticated via bearer token {"user_id":68,"user_email":"freelancerzahedcreator@gmail.com"} 
[2026-04-12 04:30:18] local.INFO: Returning campaigns for user {"user_id":68,"campaign_count":2,"statuses":["draft","draft"]} 
[2026-04-12 04:30:20] local.INFO: ParseBearerToken middleware invoked {"path":"/api/v2/campaign","method":"GET","has_auth_header":true,"auth_header_preview":"Bearer 162|htku8Nbt0t7HbUxovVT...","is_bearer":true} 
[2026-04-12 04:30:20] local.INFO: Extracted bearer token {"token_preview":"162|htku8N...","token_length":52} 
[2026-04-12 04:30:20] local.INFO: Found personal access token {"token_id":162,"user_id":68,"revoked":null} 
[2026-04-12 04:30:20] local.INFO: User authenticated via bearer token {"user_id":68,"user_email":"freelancerzahedcreator@gmail.com"} 
[2026-04-12 04:30:20] local.INFO: Returning campaigns for user {"user_id":68,"campaign_count":2,"statuses":["draft","draft"]} 
[2026-04-12 04:30:21] local.INFO: ParseBearerToken middleware invoked {"path":"/api/v2/campaign","method":"GET","has_auth_header":true,"auth_header_preview":"Bearer 162|htku8Nbt0t7HbUxovVT...","is_bearer":true} 
[2026-04-12 04:30:21] local.INFO: Extracted bearer token {"token_preview":"162|htku8N...","token_length":52} 
[2026-04-12 04:30:21] local.INFO: Found personal access token {"token_id":162,"user_id":68,"revoked":null} 
[2026-04-12 04:30:21] local.INFO: User authenticated via bearer token {"user_id":68,"user_email":"freelancerzahedcreator@gmail.com"} 
[2026-04-12 04:30:21] local.INFO: Returning campaigns for user {"user_id":68,"campaign_count":2,"statuses":["draft","draft"]} 
[2026-04-12 04:30:51] local.INFO: ParseBearerToken middleware invoked {"path":"/api/v2/campaign","method":"GET","has_auth_header":true,"auth_header_preview":"Bearer 162|htku8Nbt0t7HbUxovVT...","is_bearer":true} 
[2026-04-12 04:30:51] local.INFO: Extracted bearer token {"token_preview":"162|htku8N...","token_length":52} 
[2026-04-12 04:30:51] local.INFO: Found personal access token {"token_id":162,"user_id":68,"revoked":null} 
[2026-04-12 04:30:51] local.INFO: User authenticated via bearer token {"user_id":68,"user_email":"freelancerzahedcreator@gmail.com"} 
[2026-04-12 04:30:51] local.INFO: Returning campaigns for user {"user_id":68,"campaign_count":2,"statuses":["draft","draft"]} 
[2026-04-12 04:31:21] local.INFO: ParseBearerToken middleware invoked {"path":"/api/v2/campaign","method":"GET","has_auth_header":true,"auth_header_preview":"Bearer 162|htku8Nbt0t7HbUxovVT...","is_bearer":true} 
[2026-04-12 04:31:21] local.INFO: Extracted bearer token {"token_preview":"162|htku8N...","token_length":52} 
[2026-04-12 04:31:21] local.INFO: Found personal access token {"token_id":162,"user_id":68,"revoked":null} 
[2026-04-12 04:31:21] local.INFO: User authenticated via bearer token {"user_id":68,"user_email":"freelancerzahedcreator@gmail.com"} 
[2026-04-12 04:31:21] local.INFO: Returning campaigns for user {"user_id":68,"campaign_count":2,"statuses":["draft","draft"]} 
[2026-04-12 04:31:51] local.INFO: ParseBearerToken middleware invoked {"path":"/api/v2/campaign","method":"GET","has_auth_header":true,"auth_header_preview":"Bearer 162|htku8Nbt0t7HbUxovVT...","is_bearer":true} 
[2026-04-12 04:31:51] local.INFO: Extracted bearer token {"token_preview":"162|htku8N...","token_length":52} 
[2026-04-12 04:31:51] local.INFO: Found personal access token {"token_id":162,"user_id":68,"revoked":null} 
[2026-04-12 04:31:51] local.INFO: User authenticated via bearer token {"user_id":68,"user_email":"freelancerzahedcreator@gmail.com"} 
[2026-04-12 04:31:51] local.INFO: Returning campaigns for user {"user_id":68,"campaign_count":2,"statuses":["draft","draft"]} 
[2026-04-12 04:32:21] local.INFO: ParseBearerToken middleware invoked {"path":"/api/v2/campaign","method":"GET","has_auth_header":true,"auth_header_preview":"Bearer 162|htku8Nbt0t7HbUxovVT...","is_bearer":true} 
[2026-04-12 04:32:21] local.INFO: Extracted bearer token {"token_preview":"162|htku8N...","token_length":52} 
[2026-04-12 04:32:21] local.INFO: Found personal access token {"token_id":162,"user_id":68,"revoked":null} 
[2026-04-12 04:32:21] local.INFO: User authenticated via bearer token {"user_id":68,"user_email":"freelancerzahedcreator@gmail.com"} 
[2026-04-12 04:32:21] local.INFO: Returning campaigns for user {"user_id":68,"campaign_count":2,"statuses":["draft","draft"]} 
[2026-04-12 04:32:51] local.INFO: ParseBearerToken middleware invoked {"path":"/api/v2/campaign","method":"GET","has_auth_header":true,"auth_header_preview":"Bearer 162|htku8Nbt0t7HbUxovVT...","is_bearer":true} 
[2026-04-12 04:32:51] local.INFO: Extracted bearer token {"token_preview":"162|htku8N...","token_length":52} 
[2026-04-12 04:32:51] local.INFO: Found personal access token {"token_id":162,"user_id":68,"revoked":null} 
[2026-04-12 04:32:51] local.INFO: User authenticated via bearer token {"user_id":68,"user_email":"freelancerzahedcreator@gmail.com"} 
[2026-04-12 04:32:51] local.INFO: Returning campaigns for user {"user_id":68,"campaign_count":2,"statuses":["draft","draft"]} 
[2026-04-12 04:33:07] local.INFO: ParseBearerToken middleware invoked {"path":"/api/v2/campaign","method":"GET","has_auth_header":true,"auth_header_preview":"Bearer 162|htku8Nbt0t7HbUxovVT...","is_bearer":true} 
[2026-04-12 04:33:07] local.INFO: Extracted bearer token {"token_preview":"162|htku8N...","token_length":52} 
[2026-04-12 04:33:07] local.INFO: Found personal access token {"token_id":162,"user_id":68,"revoked":null} 
[2026-04-12 04:33:07] local.INFO: User authenticated via bearer token {"user_id":68,"user_email":"freelancerzahedcreator@gmail.com"} 
[2026-04-12 04:33:07] local.INFO: Returning campaigns for user {"user_id":68,"campaign_count":2,"statuses":["draft","draft"]} 
[2026-04-12 04:33:08] local.INFO: ParseBearerToken middleware invoked {"path":"/api/v2/campaign","method":"GET","has_auth_header":true,"auth_header_preview":"Bearer 162|htku8Nbt0t7HbUxovVT...","is_bearer":true} 
[2026-04-12 04:33:08] local.INFO: Extracted bearer token {"token_preview":"162|htku8N...","token_length":52} 
[2026-04-12 04:33:08] local.INFO: Found personal access token {"token_id":162,"user_id":68,"revoked":null} 
[2026-04-12 04:33:08] local.INFO: User authenticated via bearer token {"user_id":68,"user_email":"freelancerzahedcreator@gmail.com"} 
[2026-04-12 04:33:08] local.INFO: Returning campaigns for user {"user_id":68,"campaign_count":2,"statuses":["draft","draft"]} 
[2026-04-12 04:33:15] local.INFO: ParseBearerToken middleware invoked {"path":"/api/v2/campaign","method":"GET","has_auth_header":true,"auth_header_preview":"Bearer 162|htku8Nbt0t7HbUxovVT...","is_bearer":true} 
[2026-04-12 04:33:15] local.INFO: Extracted bearer token {"token_preview":"162|htku8N...","token_length":52} 
[2026-04-12 04:33:15] local.INFO: Found personal access token {"token_id":162,"user_id":68,"revoked":null} 
[2026-04-12 04:33:15] local.INFO: User authenticated via bearer token {"user_id":68,"user_email":"freelancerzahedcreator@gmail.com"} 
[2026-04-12 04:33:15] local.INFO: Returning campaigns for user {"user_id":68,"campaign_count":2,"statuses":["draft","draft"]} 
[2026-04-12 04:33:15] local.INFO: ParseBearerToken middleware invoked {"path":"/api/v2/campaign","method":"GET","has_auth_header":true,"auth_header_preview":"Bearer 162|htku8Nbt0t7HbUxovVT...","is_bearer":true} 
[2026-04-12 04:33:15] local.INFO: Extracted bearer token {"token_preview":"162|htku8N...","token_length":52} 
[2026-04-12 04:33:15] local.INFO: Found personal access token {"token_id":162,"user_id":68,"revoked":null} 
[2026-04-12 04:33:15] local.INFO: User authenticated via bearer token {"user_id":68,"user_email":"freelancerzahedcreator@gmail.com"} 
[2026-04-12 04:33:15] local.INFO: Returning campaigns for user {"user_id":68,"campaign_count":2,"statuses":["draft","draft"]} 
[2026-04-12 04:33:22] local.INFO: ParseBearerToken middleware invoked {"path":"/api/v2/campaign","method":"GET","has_auth_header":true,"auth_header_preview":"Bearer 162|htku8Nbt0t7HbUxovVT...","is_bearer":true} 
[2026-04-12 04:33:22] local.INFO: Extracted bearer token {"token_preview":"162|htku8N...","token_length":52} 
[2026-04-12 04:33:22] local.INFO: Found personal access token {"token_id":162,"user_id":68,"revoked":null} 
[2026-04-12 04:33:22] local.INFO: User authenticated via bearer token {"user_id":68,"user_email":"freelancerzahedcreator@gmail.com"} 
[2026-04-12 04:33:22] local.INFO: Returning campaigns for user {"user_id":68,"campaign_count":2,"statuses":["draft","draft"]} 
[2026-04-12 04:33:23] local.INFO: ParseBearerToken middleware invoked {"path":"/api/v2/campaign","method":"GET","has_auth_header":true,"auth_header_preview":"Bearer 162|htku8Nbt0t7HbUxovVT...","is_bearer":true} 
[2026-04-12 04:33:23] local.INFO: Extracted bearer token {"token_preview":"162|htku8N...","token_length":52} 
[2026-04-12 04:33:23] local.INFO: Found personal access token {"token_id":162,"user_id":68,"revoked":null} 
[2026-04-12 04:33:23] local.INFO: User authenticated via bearer token {"user_id":68,"user_email":"freelancerzahedcreator@gmail.com"} 
[2026-04-12 04:33:23] local.INFO: Returning campaigns for user {"user_id":68,"campaign_count":2,"statuses":["draft","draft"]} 
[2026-04-12 04:33:52] local.INFO: ParseBearerToken middleware invoked {"path":"/api/v2/campaign","method":"GET","has_auth_header":true,"auth_header_preview":"Bearer 162|htku8Nbt0t7HbUxovVT...","is_bearer":true} 
[2026-04-12 04:33:52] local.INFO: Extracted bearer token {"token_preview":"162|htku8N...","token_length":52} 
[2026-04-12 04:33:52] local.INFO: Found personal access token {"token_id":162,"user_id":68,"revoked":null} 
[2026-04-12 04:33:52] local.INFO: User authenticated via bearer token {"user_id":68,"user_email":"freelancerzahedcreator@gmail.com"} 
[2026-04-12 04:33:52] local.INFO: Returning campaigns for user {"user_id":68,"campaign_count":2,"statuses":["draft","draft"]} 
[2026-04-12 04:34:22] local.INFO: ParseBearerToken middleware invoked {"path":"/api/v2/campaign","method":"GET","has_auth_header":true,"auth_header_preview":"Bearer 162|htku8Nbt0t7HbUxovVT...","is_bearer":true} 
[2026-04-12 04:34:22] local.INFO: Extracted bearer token {"token_preview":"162|htku8N...","token_length":52} 
[2026-04-12 04:34:22] local.INFO: Found personal access token {"token_id":162,"user_id":68,"revoked":null} 
[2026-04-12 04:34:22] local.INFO: User authenticated via bearer token {"user_id":68,"user_email":"freelancerzahedcreator@gmail.com"} 
[2026-04-12 04:34:22] local.INFO: Returning campaigns for user {"user_id":68,"campaign_count":2,"statuses":["draft","draft"]} 
[2026-04-12 04:34:52] local.INFO: ParseBearerToken middleware invoked {"path":"/api/v2/campaign","method":"GET","has_auth_header":true,"auth_header_preview":"Bearer 162|htku8Nbt0t7HbUxovVT...","is_bearer":true} 
[2026-04-12 04:34:52] local.INFO: Extracted bearer token {"token_preview":"162|htku8N...","token_length":52} 
[2026-04-12 04:34:52] local.INFO: Found personal access token {"token_id":162,"user_id":68,"revoked":null} 
[2026-04-12 04:34:52] local.INFO: User authenticated via bearer token {"user_id":68,"user_email":"freelancerzahedcreator@gmail.com"} 
[2026-04-12 04:34:52] local.INFO: Returning campaigns for user {"user_id":68,"campaign_count":2,"statuses":["draft","draft"]} 
[2026-04-12 04:35:22] local.INFO: ParseBearerToken middleware invoked {"path":"/api/v2/campaign","method":"GET","has_auth_header":true,"auth_header_preview":"Bearer 162|htku8Nbt0t7HbUxovVT...","is_bearer":true} 
[2026-04-12 04:35:22] local.INFO: Extracted bearer token {"token_preview":"162|htku8N...","token_length":52} 
[2026-04-12 04:35:22] local.INFO: Found personal access token {"token_id":162,"user_id":68,"revoked":null} 
[2026-04-12 04:35:22] local.INFO: User authenticated via bearer token {"user_id":68,"user_email":"freelancerzahedcreator@gmail.com"} 
[2026-04-12 04:35:22] local.INFO: Returning campaigns for user {"user_id":68,"campaign_count":2,"statuses":["draft","draft"]} 
[2026-04-12 04:35:52] local.INFO: ParseBearerToken middleware invoked {"path":"/api/v2/campaign","method":"GET","has_auth_header":true,"auth_header_preview":"Bearer 162|htku8Nbt0t7HbUxovVT...","is_bearer":true} 
[2026-04-12 04:35:52] local.INFO: Extracted bearer token {"token_preview":"162|htku8N...","token_length":52} 
[2026-04-12 04:35:52] local.INFO: Found personal access token {"token_id":162,"user_id":68,"revoked":null} 
[2026-04-12 04:35:52] local.INFO: User authenticated via bearer token {"user_id":68,"user_email":"freelancerzahedcreator@gmail.com"} 
[2026-04-12 04:35:52] local.INFO: Returning campaigns for user {"user_id":68,"campaign_count":2,"statuses":["draft","draft"]} 
[2026-04-12 04:36:18] local.INFO: ParseBearerToken middleware invoked {"path":"/api/v2/campaign","method":"GET","has_auth_header":true,"auth_header_preview":"Bearer 162|htku8Nbt0t7HbUxovVT...","is_bearer":true} 
[2026-04-12 04:36:18] local.INFO: Extracted bearer token {"token_preview":"162|htku8N...","token_length":52} 
[2026-04-12 04:36:18] local.INFO: Found personal access token {"token_id":162,"user_id":68,"revoked":null} 
[2026-04-12 04:36:18] local.INFO: User authenticated via bearer token {"user_id":68,"user_email":"freelancerzahedcreator@gmail.com"} 
[2026-04-12 04:36:18] local.INFO: Returning campaigns for user {"user_id":68,"campaign_count":2,"statuses":["draft","draft"]} 
[2026-04-12 04:36:18] local.INFO: ParseBearerToken middleware invoked {"path":"/api/v2/campaign","method":"GET","has_auth_header":true,"auth_header_preview":"Bearer 162|htku8Nbt0t7HbUxovVT...","is_bearer":true} 
[2026-04-12 04:36:18] local.INFO: Extracted bearer token {"token_preview":"162|htku8N...","token_length":52} 
[2026-04-12 04:36:18] local.INFO: Found personal access token {"token_id":162,"user_id":68,"revoked":null} 
[2026-04-12 04:36:18] local.INFO: User authenticated via bearer token {"user_id":68,"user_email":"freelancerzahedcreator@gmail.com"} 
[2026-04-12 04:36:18] local.INFO: Returning campaigns for user {"user_id":68,"campaign_count":2,"statuses":["draft","draft"]} 
[2026-04-12 04:36:24] local.INFO: ParseBearerToken middleware invoked {"path":"/api/v2/campaign","method":"GET","has_auth_header":true,"auth_header_preview":"Bearer 162|htku8Nbt0t7HbUxovVT...","is_bearer":true} 
[2026-04-12 04:36:24] local.INFO: Extracted bearer token {"token_preview":"162|htku8N...","token_length":52} 
[2026-04-12 04:36:24] local.INFO: Found personal access token {"token_id":162,"user_id":68,"revoked":null} 
[2026-04-12 04:36:24] local.INFO: User authenticated via bearer token {"user_id":68,"user_email":"freelancerzahedcreator@gmail.com"} 
[2026-04-12 04:36:24] local.INFO: Returning campaigns for user {"user_id":68,"campaign_count":2,"statuses":["draft","draft"]} 
[2026-04-12 04:36:25] local.INFO: ParseBearerToken middleware invoked {"path":"/api/v2/campaign","method":"GET","has_auth_header":true,"auth_header_preview":"Bearer 162|htku8Nbt0t7HbUxovVT...","is_bearer":true} 
[2026-04-12 04:36:25] local.INFO: Extracted bearer token {"token_preview":"162|htku8N...","token_length":52} 
[2026-04-12 04:36:25] local.INFO: Found personal access token {"token_id":162,"user_id":68,"revoked":null} 
[2026-04-12 04:36:25] local.INFO: User authenticated via bearer token {"user_id":68,"user_email":"freelancerzahedcreator@gmail.com"} 
[2026-04-12 04:36:25] local.INFO: Returning campaigns for user {"user_id":68,"campaign_count":2,"statuses":["draft","draft"]} 
[2026-04-12 04:37:49] local.INFO: ParseBearerToken middleware invoked {"path":"/api/v2/campaign","method":"GET","has_auth_header":true,"auth_header_preview":"Bearer 162|htku8Nbt0t7HbUxovVT...","is_bearer":true} 
[2026-04-12 04:37:49] local.INFO: Extracted bearer token {"token_preview":"162|htku8N...","token_length":52} 
[2026-04-12 04:37:49] local.INFO: Found personal access token {"token_id":162,"user_id":68,"revoked":null} 
[2026-04-12 04:37:49] local.INFO: User authenticated via bearer token {"user_id":68,"user_email":"freelancerzahedcreator@gmail.com"} 
[2026-04-12 04:37:49] local.INFO: Returning campaigns for user {"user_id":68,"campaign_count":2,"statuses":["draft","draft"]} 
[2026-04-12 04:37:52] local.INFO: ParseBearerToken middleware invoked {"path":"/api/v2/campaign","method":"GET","has_auth_header":true,"auth_header_preview":"Bearer 162|htku8Nbt0t7HbUxovVT...","is_bearer":true} 
[2026-04-12 04:37:52] local.INFO: Extracted bearer token {"token_preview":"162|htku8N...","token_length":52} 
[2026-04-12 04:37:52] local.INFO: Found personal access token {"token_id":162,"user_id":68,"revoked":null} 
[2026-04-12 04:37:52] local.INFO: User authenticated via bearer token {"user_id":68,"user_email":"freelancerzahedcreator@gmail.com"} 
[2026-04-12 04:37:52] local.INFO: Returning campaigns for user {"user_id":68,"campaign_count":2,"statuses":["draft","draft"]} 
[2026-04-12 04:37:53] local.INFO: ParseBearerToken middleware invoked {"path":"/api/v2/campaign","method":"GET","has_auth_header":true,"auth_header_preview":"Bearer 162|htku8Nbt0t7HbUxovVT...","is_bearer":true} 
[2026-04-12 04:37:53] local.INFO: Extracted bearer token {"token_preview":"162|htku8N...","token_length":52} 
[2026-04-12 04:37:53] local.INFO: Found personal access token {"token_id":162,"user_id":68,"revoked":null} 
[2026-04-12 04:37:53] local.INFO: User authenticated via bearer token {"user_id":68,"user_email":"freelancerzahedcreator@gmail.com"} 
[2026-04-12 04:37:53] local.INFO: Returning campaigns for user {"user_id":68,"campaign_count":2,"statuses":["draft","draft"]} 
[2026-04-12 04:38:23] local.INFO: ParseBearerToken middleware invoked {"path":"/api/v2/campaign","method":"GET","has_auth_header":true,"auth_header_preview":"Bearer 162|htku8Nbt0t7HbUxovVT...","is_bearer":true} 
[2026-04-12 04:38:23] local.INFO: Extracted bearer token {"token_preview":"162|htku8N...","token_length":52} 
[2026-04-12 04:38:23] local.INFO: Found personal access token {"token_id":162,"user_id":68,"revoked":null} 
[2026-04-12 04:38:23] local.INFO: User authenticated via bearer token {"user_id":68,"user_email":"freelancerzahedcreator@gmail.com"} 
[2026-04-12 04:38:23] local.INFO: Returning campaigns for user {"user_id":68,"campaign_count":2,"statuses":["draft","draft"]} 
[2026-04-12 04:38:53] local.INFO: ParseBearerToken middleware invoked {"path":"/api/v2/campaign","method":"GET","has_auth_header":true,"auth_header_preview":"Bearer 162|htku8Nbt0t7HbUxovVT...","is_bearer":true} 
[2026-04-12 04:38:53] local.INFO: Extracted bearer token {"token_preview":"162|htku8N...","token_length":52} 
[2026-04-12 04:38:53] local.INFO: Found personal access token {"token_id":162,"user_id":68,"revoked":null} 
[2026-04-12 04:38:53] local.INFO: User authenticated via bearer token {"user_id":68,"user_email":"freelancerzahedcreator@gmail.com"} 
[2026-04-12 04:38:53] local.INFO: Returning campaigns for user {"user_id":68,"campaign_count":2,"statuses":["draft","draft"]} 
[2026-04-12 04:38:53] local.INFO: ParseBearerToken middleware invoked {"path":"/api/v2/campaign","method":"GET","has_auth_header":true,"auth_header_preview":"Bearer 162|htku8Nbt0t7HbUxovVT...","is_bearer":true} 
[2026-04-12 04:38:53] local.INFO: Extracted bearer token {"token_preview":"162|htku8N...","token_length":52} 
[2026-04-12 04:38:53] local.INFO: Found personal access token {"token_id":162,"user_id":68,"revoked":null} 
[2026-04-12 04:38:53] local.INFO: User authenticated via bearer token {"user_id":68,"user_email":"freelancerzahedcreator@gmail.com"} 
[2026-04-12 04:38:53] local.INFO: Returning campaigns for user {"user_id":68,"campaign_count":2,"statuses":["draft","draft"]} 
[2026-04-12 04:39:17] local.INFO: ParseBearerToken middleware invoked {"path":"/api/v2/campaign","method":"GET","has_auth_header":true,"auth_header_preview":"Bearer 162|htku8Nbt0t7HbUxovVT...","is_bearer":true} 
[2026-04-12 04:39:17] local.INFO: Extracted bearer token {"token_preview":"162|htku8N...","token_length":52} 
[2026-04-12 04:39:17] local.INFO: Found personal access token {"token_id":162,"user_id":68,"revoked":null} 
[2026-04-12 04:39:17] local.INFO: User authenticated via bearer token {"user_id":68,"user_email":"freelancerzahedcreator@gmail.com"} 
[2026-04-12 04:39:17] local.INFO: Returning campaigns for user {"user_id":68,"campaign_count":2,"statuses":["draft","draft"]} 
[2026-04-12 04:39:18] local.INFO: ParseBearerToken middleware invoked {"path":"/api/v2/campaign","method":"GET","has_auth_header":true,"auth_header_preview":"Bearer 162|htku8Nbt0t7HbUxovVT...","is_bearer":true} 
[2026-04-12 04:39:18] local.INFO: Extracted bearer token {"token_preview":"162|htku8N...","token_length":52} 
[2026-04-12 04:39:18] local.INFO: Found personal access token {"token_id":162,"user_id":68,"revoked":null} 
[2026-04-12 04:39:18] local.INFO: User authenticated via bearer token {"user_id":68,"user_email":"freelancerzahedcreator@gmail.com"} 
[2026-04-12 04:39:18] local.INFO: Returning campaigns for user {"user_id":68,"campaign_count":2,"statuses":["draft","draft"]} 
[2026-04-12 04:40:13] local.INFO: ParseBearerToken middleware invoked {"path":"/api/v2/creator/profile","method":"GET","has_auth_header":true,"auth_header_preview":"Bearer 162|htku8Nbt0t7HbUxovVT...","is_bearer":true} 
[2026-04-12 04:40:13] local.INFO: Extracted bearer token {"token_preview":"162|htku8N...","token_length":52} 
[2026-04-12 04:40:13] local.INFO: Found personal access token {"token_id":162,"user_id":68,"revoked":null} 
[2026-04-12 04:40:13] local.INFO: User authenticated via bearer token {"user_id":68,"user_email":"freelancerzahedcreator@gmail.com"} 
[2026-04-12 04:40:14] local.INFO: ParseBearerToken middleware invoked {"path":"/api/v2/creator/profile","method":"GET","has_auth_header":true,"auth_header_preview":"Bearer 162|htku8Nbt0t7HbUxovVT...","is_bearer":true} 
[2026-04-12 04:40:14] local.INFO: Extracted bearer token {"token_preview":"162|htku8N...","token_length":52} 
[2026-04-12 04:40:14] local.INFO: Found personal access token {"token_id":162,"user_id":68,"revoked":null} 
[2026-04-12 04:40:14] local.INFO: User authenticated via bearer token {"user_id":68,"user_email":"freelancerzahedcreator@gmail.com"} 
[2026-04-12 04:40:24] local.INFO: ParseBearerToken middleware invoked {"path":"/api/v2/creator/profile","method":"GET","has_auth_header":true,"auth_header_preview":"Bearer 162|htku8Nbt0t7HbUxovVT...","is_bearer":true} 
[2026-04-12 04:40:24] local.INFO: Extracted bearer token {"token_preview":"162|htku8N...","token_length":52} 
[2026-04-12 04:40:24] local.INFO: Found personal access token {"token_id":162,"user_id":68,"revoked":null} 
[2026-04-12 04:40:24] local.INFO: User authenticated via bearer token {"user_id":68,"user_email":"freelancerzahedcreator@gmail.com"} 
[2026-04-12 04:40:29] local.INFO: ParseBearerToken middleware invoked {"path":"/api/v2/campaign","method":"GET","has_auth_header":true,"auth_header_preview":"Bearer 162|htku8Nbt0t7HbUxovVT...","is_bearer":true} 
[2026-04-12 04:40:29] local.INFO: Extracted bearer token {"token_preview":"162|htku8N...","token_length":52} 
[2026-04-12 04:40:29] local.INFO: Found personal access token {"token_id":162,"user_id":68,"revoked":null} 
[2026-04-12 04:40:29] local.INFO: User authenticated via bearer token {"user_id":68,"user_email":"freelancerzahedcreator@gmail.com"} 
[2026-04-12 04:40:29] local.INFO: Returning campaigns for user {"user_id":68,"campaign_count":2,"statuses":["draft","draft"]} 
[2026-04-12 04:40:30] local.INFO: ParseBearerToken middleware invoked {"path":"/api/v2/campaign","method":"GET","has_auth_header":true,"auth_header_preview":"Bearer 162|htku8Nbt0t7HbUxovVT...","is_bearer":true} 
[2026-04-12 04:40:30] local.INFO: Extracted bearer token {"token_preview":"162|htku8N...","token_length":52} 
[2026-04-12 04:40:30] local.INFO: Found personal access token {"token_id":162,"user_id":68,"revoked":null} 
[2026-04-12 04:40:30] local.INFO: User authenticated via bearer token {"user_id":68,"user_email":"freelancerzahedcreator@gmail.com"} 
[2026-04-12 04:40:30] local.INFO: Returning campaigns for user {"user_id":68,"campaign_count":2,"statuses":["draft","draft"]} 
[2026-04-12 04:40:32] local.INFO: ParseBearerToken middleware invoked {"path":"/api/v2/campaign","method":"GET","has_auth_header":true,"auth_header_preview":"Bearer 162|htku8Nbt0t7HbUxovVT...","is_bearer":true} 
[2026-04-12 04:40:32] local.INFO: Extracted bearer token {"token_preview":"162|htku8N...","token_length":52} 
[2026-04-12 04:40:32] local.INFO: Found personal access token {"token_id":162,"user_id":68,"revoked":null} 
[2026-04-12 04:40:32] local.INFO: User authenticated via bearer token {"user_id":68,"user_email":"freelancerzahedcreator@gmail.com"} 
[2026-04-12 04:40:32] local.INFO: Returning campaigns for user {"user_id":68,"campaign_count":2,"statuses":["draft","draft"]} 
[2026-04-12 04:40:32] local.INFO: ParseBearerToken middleware invoked {"path":"/api/v2/campaign","method":"GET","has_auth_header":true,"auth_header_preview":"Bearer 162|htku8Nbt0t7HbUxovVT...","is_bearer":true} 
[2026-04-12 04:40:32] local.INFO: Extracted bearer token {"token_preview":"162|htku8N...","token_length":52} 
[2026-04-12 04:40:32] local.INFO: Found personal access token {"token_id":162,"user_id":68,"revoked":null} 
[2026-04-12 04:40:32] local.INFO: User authenticated via bearer token {"user_id":68,"user_email":"freelancerzahedcreator@gmail.com"} 
[2026-04-12 04:40:32] local.INFO: Returning campaigns for user {"user_id":68,"campaign_count":2,"statuses":["draft","draft"]} 
[2026-04-12 04:40:34] local.INFO: ParseBearerToken middleware invoked {"path":"/api/v2/campaign","method":"GET","has_auth_header":true,"auth_header_preview":"Bearer 162|htku8Nbt0t7HbUxovVT...","is_bearer":true} 
[2026-04-12 04:40:34] local.INFO: Extracted bearer token {"token_preview":"162|htku8N...","token_length":52} 
[2026-04-12 04:40:34] local.INFO: Found personal access token {"token_id":162,"user_id":68,"revoked":null} 
[2026-04-12 04:40:34] local.INFO: User authenticated via bearer token {"user_id":68,"user_email":"freelancerzahedcreator@gmail.com"} 
[2026-04-12 04:40:34] local.INFO: Returning campaigns for user {"user_id":68,"campaign_count":2,"statuses":["draft","draft"]} 
[2026-04-12 04:40:34] local.INFO: ParseBearerToken middleware invoked {"path":"/api/v2/campaign","method":"GET","has_auth_header":true,"auth_header_preview":"Bearer 162|htku8Nbt0t7HbUxovVT...","is_bearer":true} 
[2026-04-12 04:40:34] local.INFO: Extracted bearer token {"token_preview":"162|htku8N...","token_length":52} 
[2026-04-12 04:40:34] local.INFO: Found personal access token {"token_id":162,"user_id":68,"revoked":null} 
[2026-04-12 04:40:34] local.INFO: User authenticated via bearer token {"user_id":68,"user_email":"freelancerzahedcreator@gmail.com"} 
[2026-04-12 04:40:34] local.INFO: Returning campaigns for user {"user_id":68,"campaign_count":2,"statuses":["draft","draft"]} 
[2026-04-12 04:40:36] local.INFO: ParseBearerToken middleware invoked {"path":"/api/v2/creator/profile","method":"GET","has_auth_header":true,"auth_header_preview":"Bearer 162|htku8Nbt0t7HbUxovVT...","is_bearer":true} 
[2026-04-12 04:40:36] local.INFO: Extracted bearer token {"token_preview":"162|htku8N...","token_length":52} 
[2026-04-12 04:40:36] local.INFO: Found personal access token {"token_id":162,"user_id":68,"revoked":null} 
[2026-04-12 04:40:36] local.INFO: User authenticated via bearer token {"user_id":68,"user_email":"freelancerzahedcreator@gmail.com"} 
[2026-04-12 04:40:37] local.INFO: ParseBearerToken middleware invoked {"path":"/api/v2/creator/profile","method":"GET","has_auth_header":true,"auth_header_preview":"Bearer 162|htku8Nbt0t7HbUxovVT...","is_bearer":true} 
[2026-04-12 04:40:37] local.INFO: Extracted bearer token {"token_preview":"162|htku8N...","token_length":52} 
[2026-04-12 04:40:37] local.INFO: Found personal access token {"token_id":162,"user_id":68,"revoked":null} 
[2026-04-12 04:40:37] local.INFO: User authenticated via bearer token {"user_id":68,"user_email":"freelancerzahedcreator@gmail.com"} 
[2026-04-12 04:40:40] local.INFO: ParseBearerToken middleware invoked {"path":"/api/v2/creator/documents","method":"GET","has_auth_header":true,"auth_header_preview":"Bearer 162|htku8Nbt0t7HbUxovVT...","is_bearer":true} 
[2026-04-12 04:40:40] local.INFO: Extracted bearer token {"token_preview":"162|htku8N...","token_length":52} 
[2026-04-12 04:40:41] local.INFO: Found personal access token {"token_id":162,"user_id":68,"revoked":null} 
[2026-04-12 04:40:41] local.INFO: User authenticated via bearer token {"user_id":68,"user_email":"freelancerzahedcreator@gmail.com"} 
[2026-04-12 04:40:41] local.INFO: ParseBearerToken middleware invoked {"path":"/api/v2/creator/documents","method":"GET","has_auth_header":true,"auth_header_preview":"Bearer 162|htku8Nbt0t7HbUxovVT...","is_bearer":true} 
[2026-04-12 04:40:41] local.INFO: Extracted bearer token {"token_preview":"162|htku8N...","token_length":52} 
[2026-04-12 04:40:41] local.INFO: Found personal access token {"token_id":162,"user_id":68,"revoked":null} 
[2026-04-12 04:40:41] local.INFO: User authenticated via bearer token {"user_id":68,"user_email":"freelancerzahedcreator@gmail.com"} 
[2026-04-12 06:43:26] local.INFO: ParseBearerToken middleware invoked {"path":"/api/v2/campaign","method":"GET","has_auth_header":true,"auth_header_preview":"Bearer 162|htku8Nbt0t7HbUxovVT...","is_bearer":true} 
[2026-04-12 06:43:26] local.INFO: Extracted bearer token {"token_preview":"162|htku8N...","token_length":52} 
[2026-04-12 06:43:26] local.INFO: Found personal access token {"token_id":162,"user_id":68,"revoked":null} 
[2026-04-12 06:43:26] local.INFO: User authenticated via bearer token {"user_id":68,"user_email":"freelancerzahedcreator@gmail.com"} 
[2026-04-12 06:43:26] local.INFO: Returning campaigns for user {"user_id":68,"campaign_count":2,"statuses":["draft","draft"]} 
[2026-04-12 06:43:26] local.INFO: ParseBearerToken middleware invoked {"path":"/api/v2/campaign","method":"GET","has_auth_header":true,"auth_header_preview":"Bearer 162|htku8Nbt0t7HbUxovVT...","is_bearer":true} 
[2026-04-12 06:43:26] local.INFO: Extracted bearer token {"token_preview":"162|htku8N...","token_length":52} 
[2026-04-12 06:43:26] local.INFO: Found personal access token {"token_id":162,"user_id":68,"revoked":null} 
[2026-04-12 06:43:26] local.INFO: User authenticated via bearer token {"user_id":68,"user_email":"freelancerzahedcreator@gmail.com"} 
[2026-04-12 06:43:26] local.INFO: Returning campaigns for user {"user_id":68,"campaign_count":2,"statuses":["draft","draft"]} 
[2026-04-12 06:43:33] local.INFO: ParseBearerToken middleware invoked {"path":"/api/v2/campaign","method":"GET","has_auth_header":true,"auth_header_preview":"Bearer 162|htku8Nbt0t7HbUxovVT...","is_bearer":true} 
[2026-04-12 06:43:33] local.INFO: Extracted bearer token {"token_preview":"162|htku8N...","token_length":52} 
[2026-04-12 06:43:33] local.INFO: Found personal access token {"token_id":162,"user_id":68,"revoked":null} 
[2026-04-12 06:43:33] local.INFO: User authenticated via bearer token {"user_id":68,"user_email":"freelancerzahedcreator@gmail.com"} 
[2026-04-12 06:43:33] local.INFO: Returning campaigns for user {"user_id":68,"campaign_count":2,"statuses":["draft","draft"]} 
[2026-04-12 06:43:34] local.INFO: ParseBearerToken middleware invoked {"path":"/api/v2/campaign","method":"GET","has_auth_header":true,"auth_header_preview":"Bearer 162|htku8Nbt0t7HbUxovVT...","is_bearer":true} 
[2026-04-12 06:43:34] local.INFO: Extracted bearer token {"token_preview":"162|htku8N...","token_length":52} 
[2026-04-12 06:43:34] local.INFO: Found personal access token {"token_id":162,"user_id":68,"revoked":null} 
[2026-04-12 06:43:34] local.INFO: User authenticated via bearer token {"user_id":68,"user_email":"freelancerzahedcreator@gmail.com"} 
[2026-04-12 06:43:34] local.INFO: Returning campaigns for user {"user_id":68,"campaign_count":2,"statuses":["draft","draft"]} 
[2026-04-12 06:44:04] local.INFO: ParseBearerToken middleware invoked {"path":"/api/v2/campaign","method":"GET","has_auth_header":true,"auth_header_preview":"Bearer 162|htku8Nbt0t7HbUxovVT...","is_bearer":true} 
[2026-04-12 06:44:04] local.INFO: Extracted bearer token {"token_preview":"162|htku8N...","token_length":52} 
[2026-04-12 06:44:04] local.INFO: Found personal access token {"token_id":162,"user_id":68,"revoked":null} 
[2026-04-12 06:44:04] local.INFO: User authenticated via bearer token {"user_id":68,"user_email":"freelancerzahedcreator@gmail.com"} 
[2026-04-12 06:44:04] local.INFO: Returning campaigns for user {"user_id":68,"campaign_count":2,"statuses":["draft","draft"]} 
[2026-04-12 06:44:26] local.INFO: ParseBearerToken middleware invoked {"path":"/api/v2/campaign","method":"GET","has_auth_header":true,"auth_header_preview":"Bearer 162|htku8Nbt0t7HbUxovVT...","is_bearer":true} 
[2026-04-12 06:44:26] local.INFO: Extracted bearer token {"token_preview":"162|htku8N...","token_length":52} 
[2026-04-12 06:44:26] local.INFO: Found personal access token {"token_id":162,"user_id":68,"revoked":null} 
[2026-04-12 06:44:26] local.INFO: User authenticated via bearer token {"user_id":68,"user_email":"freelancerzahedcreator@gmail.com"} 
[2026-04-12 06:44:26] local.INFO: Returning campaigns for user {"user_id":68,"campaign_count":2,"statuses":["draft","draft"]} 
[2026-04-12 06:44:26] local.INFO: ParseBearerToken middleware invoked {"path":"/api/v2/campaign","method":"GET","has_auth_header":true,"auth_header_preview":"Bearer 162|htku8Nbt0t7HbUxovVT...","is_bearer":true} 
[2026-04-12 06:44:26] local.INFO: Extracted bearer token {"token_preview":"162|htku8N...","token_length":52} 
[2026-04-12 06:44:26] local.INFO: Found personal access token {"token_id":162,"user_id":68,"revoked":null} 
[2026-04-12 06:44:26] local.INFO: User authenticated via bearer token {"user_id":68,"user_email":"freelancerzahedcreator@gmail.com"} 
[2026-04-12 06:44:26] local.INFO: Returning campaigns for user {"user_id":68,"campaign_count":2,"statuses":["draft","draft"]} 
[2026-04-12 06:44:55] local.INFO: ParseBearerToken middleware invoked {"path":"/api/v2/campaign","method":"GET","has_auth_header":true,"auth_header_preview":"Bearer 162|htku8Nbt0t7HbUxovVT...","is_bearer":true} 
[2026-04-12 06:44:55] local.INFO: Extracted bearer token {"token_preview":"162|htku8N...","token_length":52} 
[2026-04-12 06:44:55] local.INFO: Found personal access token {"token_id":162,"user_id":68,"revoked":null} 
[2026-04-12 06:44:55] local.INFO: User authenticated via bearer token {"user_id":68,"user_email":"freelancerzahedcreator@gmail.com"} 
[2026-04-12 06:44:55] local.INFO: Returning campaigns for user {"user_id":68,"campaign_count":2,"statuses":["draft","draft"]} 
[2026-04-12 06:45:00] local.INFO: ParseBearerToken middleware invoked {"path":"/api/v2/campaign","method":"GET","has_auth_header":true,"auth_header_preview":"Bearer 162|htku8Nbt0t7HbUxovVT...","is_bearer":true} 
[2026-04-12 06:45:00] local.INFO: Extracted bearer token {"token_preview":"162|htku8N...","token_length":52} 
[2026-04-12 06:45:00] local.INFO: Found personal access token {"token_id":162,"user_id":68,"revoked":null} 
[2026-04-12 06:45:00] local.INFO: User authenticated via bearer token {"user_id":68,"user_email":"freelancerzahedcreator@gmail.com"} 
[2026-04-12 06:45:00] local.INFO: Returning campaigns for user {"user_id":68,"campaign_count":2,"statuses":["draft","draft"]} 
[2026-04-12 06:45:01] local.INFO: ParseBearerToken middleware invoked {"path":"/api/v2/campaign","method":"GET","has_auth_header":true,"auth_header_preview":"Bearer 162|htku8Nbt0t7HbUxovVT...","is_bearer":true} 
[2026-04-12 06:45:01] local.INFO: Extracted bearer token {"token_preview":"162|htku8N...","token_length":52} 
[2026-04-12 06:45:01] local.INFO: Found personal access token {"token_id":162,"user_id":68,"revoked":null} 
[2026-04-12 06:45:01] local.INFO: User authenticated via bearer token {"user_id":68,"user_email":"freelancerzahedcreator@gmail.com"} 
[2026-04-12 06:45:01] local.INFO: Returning campaigns for user {"user_id":68,"campaign_count":2,"statuses":["draft","draft"]} 
[2026-04-12 06:45:08] local.INFO: ParseBearerToken middleware invoked {"path":"/api/v2/creator/profile","method":"GET","has_auth_header":true,"auth_header_preview":"Bearer 162|htku8Nbt0t7HbUxovVT...","is_bearer":true} 
[2026-04-12 06:45:08] local.INFO: Extracted bearer token {"token_preview":"162|htku8N...","token_length":52} 
[2026-04-12 06:45:08] local.INFO: Found personal access token {"token_id":162,"user_id":68,"revoked":null} 
[2026-04-12 06:45:08] local.INFO: User authenticated via bearer token {"user_id":68,"user_email":"freelancerzahedcreator@gmail.com"} 
[2026-04-12 06:45:08] local.INFO: ParseBearerToken middleware invoked {"path":"/api/v2/creator/profile","method":"GET","has_auth_header":true,"auth_header_preview":"Bearer 162|htku8Nbt0t7HbUxovVT...","is_bearer":true} 
[2026-04-12 06:45:08] local.INFO: Extracted bearer token {"token_preview":"162|htku8N...","token_length":52} 
[2026-04-12 06:45:08] local.INFO: Found personal access token {"token_id":162,"user_id":68,"revoked":null} 
[2026-04-12 06:45:08] local.INFO: User authenticated via bearer token {"user_id":68,"user_email":"freelancerzahedcreator@gmail.com"} 
[2026-04-12 06:45:09] local.INFO: ParseBearerToken middleware invoked {"path":"/api/v2/campaign","method":"GET","has_auth_header":true,"auth_header_preview":"Bearer 162|htku8Nbt0t7HbUxovVT...","is_bearer":true} 
[2026-04-12 06:45:09] local.INFO: Extracted bearer token {"token_preview":"162|htku8N...","token_length":52} 
[2026-04-12 06:45:09] local.INFO: Found personal access token {"token_id":162,"user_id":68,"revoked":null} 
[2026-04-12 06:45:09] local.INFO: User authenticated via bearer token {"user_id":68,"user_email":"freelancerzahedcreator@gmail.com"} 
[2026-04-12 06:45:09] local.INFO: Returning campaigns for user {"user_id":68,"campaign_count":2,"statuses":["draft","draft"]} 
[2026-04-12 06:45:10] local.INFO: ParseBearerToken middleware invoked {"path":"/api/v2/campaign","method":"GET","has_auth_header":true,"auth_header_preview":"Bearer 162|htku8Nbt0t7HbUxovVT...","is_bearer":true} 
[2026-04-12 06:45:10] local.INFO: Extracted bearer token {"token_preview":"162|htku8N...","token_length":52} 
[2026-04-12 06:45:10] local.INFO: Found personal access token {"token_id":162,"user_id":68,"revoked":null} 
[2026-04-12 06:45:10] local.INFO: User authenticated via bearer token {"user_id":68,"user_email":"freelancerzahedcreator@gmail.com"} 
[2026-04-12 06:45:10] local.INFO: Returning campaigns for user {"user_id":68,"campaign_count":2,"statuses":["draft","draft"]} 
[2026-04-12 06:45:40] local.INFO: ParseBearerToken middleware invoked {"path":"/api/v2/campaign","method":"GET","has_auth_header":true,"auth_header_preview":"Bearer 162|htku8Nbt0t7HbUxovVT...","is_bearer":true} 
[2026-04-12 06:45:40] local.INFO: Extracted bearer token {"token_preview":"162|htku8N...","token_length":52} 
[2026-04-12 06:45:40] local.INFO: Found personal access token {"token_id":162,"user_id":68,"revoked":null} 
[2026-04-12 06:45:40] local.INFO: User authenticated via bearer token {"user_id":68,"user_email":"freelancerzahedcreator@gmail.com"} 
[2026-04-12 06:45:40] local.INFO: Returning campaigns for user {"user_id":68,"campaign_count":2,"statuses":["draft","draft"]} 
[2026-04-12 06:46:01] local.INFO: ParseBearerToken middleware invoked {"path":"/api/v2/campaign","method":"GET","has_auth_header":true,"auth_header_preview":"Bearer 162|htku8Nbt0t7HbUxovVT...","is_bearer":true} 
[2026-04-12 06:46:01] local.INFO: Extracted bearer token {"token_preview":"162|htku8N...","token_length":52} 
[2026-04-12 06:46:01] local.INFO: Found personal access token {"token_id":162,"user_id":68,"revoked":null} 
[2026-04-12 06:46:01] local.INFO: User authenticated via bearer token {"user_id":68,"user_email":"freelancerzahedcreator@gmail.com"} 
[2026-04-12 06:46:01] local.INFO: Returning campaigns for user {"user_id":68,"campaign_count":2,"statuses":["draft","draft"]} 
[2026-04-12 06:46:01] local.INFO: ParseBearerToken middleware invoked {"path":"/api/v2/campaign","method":"GET","has_auth_header":true,"auth_header_preview":"Bearer 162|htku8Nbt0t7HbUxovVT...","is_bearer":true} 
[2026-04-12 06:46:01] local.INFO: Extracted bearer token {"token_preview":"162|htku8N...","token_length":52} 
[2026-04-12 06:46:01] local.INFO: Found personal access token {"token_id":162,"user_id":68,"revoked":null} 
[2026-04-12 06:46:02] local.INFO: User authenticated via bearer token {"user_id":68,"user_email":"freelancerzahedcreator@gmail.com"} 
[2026-04-12 06:46:02] local.INFO: Returning campaigns for user {"user_id":68,"campaign_count":2,"statuses":["draft","draft"]} 
[2026-04-12 06:46:06] local.INFO: ParseBearerToken middleware invoked {"path":"/api/v2/campaign","method":"GET","has_auth_header":true,"auth_header_preview":"Bearer 162|htku8Nbt0t7HbUxovVT...","is_bearer":true} 
[2026-04-12 06:46:06] local.INFO: Extracted bearer token {"token_preview":"162|htku8N...","token_length":52} 
[2026-04-12 06:46:06] local.INFO: Found personal access token {"token_id":162,"user_id":68,"revoked":null} 
[2026-04-12 06:46:06] local.INFO: User authenticated via bearer token {"user_id":68,"user_email":"freelancerzahedcreator@gmail.com"} 
[2026-04-12 06:46:06] local.INFO: Returning campaigns for user {"user_id":68,"campaign_count":2,"statuses":["draft","draft"]} 
[2026-04-12 06:46:06] local.INFO: ParseBearerToken middleware invoked {"path":"/api/v2/campaign","method":"GET","has_auth_header":true,"auth_header_preview":"Bearer 162|htku8Nbt0t7HbUxovVT...","is_bearer":true} 
[2026-04-12 06:46:06] local.INFO: Extracted bearer token {"token_preview":"162|htku8N...","token_length":52} 
[2026-04-12 06:46:06] local.INFO: Found personal access token {"token_id":162,"user_id":68,"revoked":null} 
[2026-04-12 06:46:06] local.INFO: User authenticated via bearer token {"user_id":68,"user_email":"freelancerzahedcreator@gmail.com"} 
[2026-04-12 06:46:06] local.INFO: Returning campaigns for user {"user_id":68,"campaign_count":2,"statuses":["draft","draft"]} 
[2026-04-12 06:46:13] local.INFO: ParseBearerToken middleware invoked {"path":"/api/v2/campaign","method":"GET","has_auth_header":true,"auth_header_preview":"Bearer 160|kJdpaDrHOZ9nSgkeOYj...","is_bearer":true} 
[2026-04-12 06:46:13] local.INFO: Extracted bearer token {"token_preview":"160|kJdpaD...","token_length":52} 
[2026-04-12 06:46:13] local.INFO: Found personal access token {"token_id":160,"user_id":68,"revoked":null} 
[2026-04-12 06:46:13] local.INFO: User authenticated via bearer token {"user_id":68,"user_email":"freelancerzahedcreator@gmail.com"} 
[2026-04-12 06:46:13] local.INFO: Returning campaigns for user {"user_id":68,"campaign_count":2,"statuses":["draft","draft"]} 
[2026-04-12 06:46:14] local.INFO: ParseBearerToken middleware invoked {"path":"/api/v2/campaign","method":"GET","has_auth_header":true,"auth_header_preview":"Bearer 160|kJdpaDrHOZ9nSgkeOYj...","is_bearer":true} 
[2026-04-12 06:46:14] local.INFO: Extracted bearer token {"token_preview":"160|kJdpaD...","token_length":52} 
[2026-04-12 06:46:14] local.INFO: Found personal access token {"token_id":160,"user_id":68,"revoked":null} 
[2026-04-12 06:46:14] local.INFO: User authenticated via bearer token {"user_id":68,"user_email":"freelancerzahedcreator@gmail.com"} 
[2026-04-12 06:46:14] local.INFO: Returning campaigns for user {"user_id":68,"campaign_count":2,"statuses":["draft","draft"]} 
[2026-04-12 06:46:37] local.INFO: ParseBearerToken middleware invoked {"path":"/api/v2/campaign","method":"GET","has_auth_header":true,"auth_header_preview":"Bearer 162|htku8Nbt0t7HbUxovVT...","is_bearer":true} 
[2026-04-12 06:46:37] local.INFO: Extracted bearer token {"token_preview":"162|htku8N...","token_length":52} 
[2026-04-12 06:46:37] local.INFO: Found personal access token {"token_id":162,"user_id":68,"revoked":null} 
[2026-04-12 06:46:37] local.INFO: User authenticated via bearer token {"user_id":68,"user_email":"freelancerzahedcreator@gmail.com"} 
[2026-04-12 06:46:37] local.INFO: Returning campaigns for user {"user_id":68,"campaign_count":2,"statuses":["draft","draft"]} 
[2026-04-12 06:46:43] local.INFO: ParseBearerToken middleware invoked {"path":"/api/v2/campaign","method":"GET","has_auth_header":true,"auth_header_preview":"Bearer 160|kJdpaDrHOZ9nSgkeOYj...","is_bearer":true} 
[2026-04-12 06:46:43] local.INFO: Extracted bearer token {"token_preview":"160|kJdpaD...","token_length":52} 
[2026-04-12 06:46:43] local.INFO: Found personal access token {"token_id":160,"user_id":68,"revoked":null} 
[2026-04-12 06:46:43] local.INFO: User authenticated via bearer token {"user_id":68,"user_email":"freelancerzahedcreator@gmail.com"} 
[2026-04-12 06:46:43] local.INFO: Returning campaigns for user {"user_id":68,"campaign_count":2,"statuses":["draft","draft"]} 
[2026-04-12 06:47:07] local.INFO: ParseBearerToken middleware invoked {"path":"/api/v2/campaign","method":"GET","has_auth_header":true,"auth_header_preview":"Bearer 162|htku8Nbt0t7HbUxovVT...","is_bearer":true} 
[2026-04-12 06:47:07] local.INFO: Extracted bearer token {"token_preview":"162|htku8N...","token_length":52} 
[2026-04-12 06:47:07] local.INFO: Found personal access token {"token_id":162,"user_id":68,"revoked":null} 
[2026-04-12 06:47:07] local.INFO: User authenticated via bearer token {"user_id":68,"user_email":"freelancerzahedcreator@gmail.com"} 
[2026-04-12 06:47:07] local.INFO: Returning campaigns for user {"user_id":68,"campaign_count":2,"statuses":["draft","draft"]} 
[2026-04-12 06:47:13] local.INFO: ParseBearerToken middleware invoked {"path":"/api/v2/campaign","method":"GET","has_auth_header":true,"auth_header_preview":"Bearer 160|kJdpaDrHOZ9nSgkeOYj...","is_bearer":true} 
[2026-04-12 06:47:13] local.INFO: Extracted bearer token {"token_preview":"160|kJdpaD...","token_length":52} 
[2026-04-12 06:47:13] local.INFO: Found personal access token {"token_id":160,"user_id":68,"revoked":null} 
[2026-04-12 06:47:13] local.INFO: User authenticated via bearer token {"user_id":68,"user_email":"freelancerzahedcreator@gmail.com"} 
[2026-04-12 06:47:13] local.INFO: Returning campaigns for user {"user_id":68,"campaign_count":2,"statuses":["draft","draft"]} 
[2026-04-12 06:47:37] local.INFO: ParseBearerToken middleware invoked {"path":"/api/v2/campaign","method":"GET","has_auth_header":true,"auth_header_preview":"Bearer 162|htku8Nbt0t7HbUxovVT...","is_bearer":true} 
[2026-04-12 06:47:37] local.INFO: Extracted bearer token {"token_preview":"162|htku8N...","token_length":52} 
[2026-04-12 06:47:37] local.INFO: Found personal access token {"token_id":162,"user_id":68,"revoked":null} 
[2026-04-12 06:47:37] local.INFO: User authenticated via bearer token {"user_id":68,"user_email":"freelancerzahedcreator@gmail.com"} 
[2026-04-12 06:47:37] local.INFO: Returning campaigns for user {"user_id":68,"campaign_count":2,"statuses":["draft","draft"]} 
[2026-04-12 06:47:43] local.INFO: ParseBearerToken middleware invoked {"path":"/api/v2/campaign","method":"GET","has_auth_header":true,"auth_header_preview":"Bearer 160|kJdpaDrHOZ9nSgkeOYj...","is_bearer":true} 
[2026-04-12 06:47:43] local.INFO: Extracted bearer token {"token_preview":"160|kJdpaD...","token_length":52} 
[2026-04-12 06:47:43] local.INFO: Found personal access token {"token_id":160,"user_id":68,"revoked":null} 
[2026-04-12 06:47:43] local.INFO: User authenticated via bearer token {"user_id":68,"user_email":"freelancerzahedcreator@gmail.com"} 
[2026-04-12 06:47:43] local.INFO: Returning campaigns for user {"user_id":68,"campaign_count":2,"statuses":["draft","draft"]} 
[2026-04-12 06:48:07] local.INFO: ParseBearerToken middleware invoked {"path":"/api/v2/campaign","method":"GET","has_auth_header":true,"auth_header_preview":"Bearer 162|htku8Nbt0t7HbUxovVT...","is_bearer":true} 
[2026-04-12 06:48:07] local.INFO: Extracted bearer token {"token_preview":"162|htku8N...","token_length":52} 
[2026-04-12 06:48:07] local.INFO: Found personal access token {"token_id":162,"user_id":68,"revoked":null} 
[2026-04-12 06:48:07] local.INFO: User authenticated via bearer token {"user_id":68,"user_email":"freelancerzahedcreator@gmail.com"} 
[2026-04-12 06:48:07] local.INFO: Returning campaigns for user {"user_id":68,"campaign_count":2,"statuses":["draft","draft"]} 
[2026-04-12 06:48:13] local.INFO: ParseBearerToken middleware invoked {"path":"/api/v2/campaign","method":"GET","has_auth_header":true,"auth_header_preview":"Bearer 160|kJdpaDrHOZ9nSgkeOYj...","is_bearer":true} 
[2026-04-12 06:48:13] local.INFO: Extracted bearer token {"token_preview":"160|kJdpaD...","token_length":52} 
[2026-04-12 06:48:13] local.INFO: Found personal access token {"token_id":160,"user_id":68,"revoked":null} 
[2026-04-12 06:48:13] local.INFO: User authenticated via bearer token {"user_id":68,"user_email":"freelancerzahedcreator@gmail.com"} 
[2026-04-12 06:48:13] local.INFO: Returning campaigns for user {"user_id":68,"campaign_count":2,"statuses":["draft","draft"]} 
[2026-04-12 06:48:37] local.INFO: ParseBearerToken middleware invoked {"path":"/api/v2/campaign","method":"GET","has_auth_header":true,"auth_header_preview":"Bearer 162|htku8Nbt0t7HbUxovVT...","is_bearer":true} 
[2026-04-12 06:48:37] local.INFO: Extracted bearer token {"token_preview":"162|htku8N...","token_length":52} 
[2026-04-12 06:48:37] local.INFO: Found personal access token {"token_id":162,"user_id":68,"revoked":null} 
[2026-04-12 06:48:37] local.INFO: User authenticated via bearer token {"user_id":68,"user_email":"freelancerzahedcreator@gmail.com"} 
[2026-04-12 06:48:37] local.INFO: Returning campaigns for user {"user_id":68,"campaign_count":2,"statuses":["draft","draft"]} 
[2026-04-12 06:48:43] local.INFO: ParseBearerToken middleware invoked {"path":"/api/v2/campaign","method":"GET","has_auth_header":true,"auth_header_preview":"Bearer 160|kJdpaDrHOZ9nSgkeOYj...","is_bearer":true} 
[2026-04-12 06:48:43] local.INFO: Extracted bearer token {"token_preview":"160|kJdpaD...","token_length":52} 
[2026-04-12 06:48:43] local.INFO: Found personal access token {"token_id":160,"user_id":68,"revoked":null} 
[2026-04-12 06:48:43] local.INFO: User authenticated via bearer token {"user_id":68,"user_email":"freelancerzahedcreator@gmail.com"} 
[2026-04-12 06:48:43] local.INFO: Returning campaigns for user {"user_id":68,"campaign_count":2,"statuses":["draft","draft"]} 
[2026-04-12 06:49:13] local.INFO: ParseBearerToken middleware invoked {"path":"/api/v2/campaign","method":"GET","has_auth_header":true,"auth_header_preview":"Bearer 160|kJdpaDrHOZ9nSgkeOYj...","is_bearer":true} 
[2026-04-12 06:49:13] local.INFO: Extracted bearer token {"token_preview":"160|kJdpaD...","token_length":52} 
[2026-04-12 06:49:13] local.INFO: Found personal access token {"token_id":160,"user_id":68,"revoked":null} 
[2026-04-12 06:49:13] local.INFO: User authenticated via bearer token {"user_id":68,"user_email":"freelancerzahedcreator@gmail.com"} 
[2026-04-12 06:49:13] local.INFO: Returning campaigns for user {"user_id":68,"campaign_count":2,"statuses":["draft","draft"]} 
[2026-04-12 06:49:43] local.INFO: ParseBearerToken middleware invoked {"path":"/api/v2/campaign","method":"GET","has_auth_header":true,"auth_header_preview":"Bearer 160|kJdpaDrHOZ9nSgkeOYj...","is_bearer":true} 
[2026-04-12 06:49:43] local.INFO: Extracted bearer token {"token_preview":"160|kJdpaD...","token_length":52} 
[2026-04-12 06:49:43] local.INFO: Found personal access token {"token_id":160,"user_id":68,"revoked":null} 
[2026-04-12 06:49:43] local.INFO: User authenticated via bearer token {"user_id":68,"user_email":"freelancerzahedcreator@gmail.com"} 
[2026-04-12 06:49:43] local.INFO: Returning campaigns for user {"user_id":68,"campaign_count":2,"statuses":["draft","draft"]} 
[2026-04-12 06:50:13] local.INFO: ParseBearerToken middleware invoked {"path":"/api/v2/campaign","method":"GET","has_auth_header":true,"auth_header_preview":"Bearer 160|kJdpaDrHOZ9nSgkeOYj...","is_bearer":true} 
[2026-04-12 06:50:13] local.INFO: Extracted bearer token {"token_preview":"160|kJdpaD...","token_length":52} 
[2026-04-12 06:50:13] local.INFO: Found personal access token {"token_id":160,"user_id":68,"revoked":null} 
[2026-04-12 06:50:13] local.INFO: User authenticated via bearer token {"user_id":68,"user_email":"freelancerzahedcreator@gmail.com"} 
[2026-04-12 06:50:13] local.INFO: Returning campaigns for user {"user_id":68,"campaign_count":2,"statuses":["draft","draft"]} 
[2026-04-12 06:50:33] local.INFO: ParseBearerToken middleware invoked {"path":"/api/v2/campaign","method":"GET","has_auth_header":true,"auth_header_preview":"Bearer 162|htku8Nbt0t7HbUxovVT...","is_bearer":true} 
[2026-04-12 06:50:33] local.INFO: Extracted bearer token {"token_preview":"162|htku8N...","token_length":52} 
[2026-04-12 06:50:33] local.INFO: Found personal access token {"token_id":162,"user_id":68,"revoked":null} 
[2026-04-12 06:50:33] local.INFO: User authenticated via bearer token {"user_id":68,"user_email":"freelancerzahedcreator@gmail.com"} 
[2026-04-12 06:50:33] local.INFO: Returning campaigns for user {"user_id":68,"campaign_count":2,"statuses":["draft","draft"]} 
[2026-04-12 06:50:36] local.INFO: ParseBearerToken middleware invoked {"path":"/api/v2/campaign","method":"GET","has_auth_header":true,"auth_header_preview":"Bearer 162|htku8Nbt0t7HbUxovVT...","is_bearer":true} 
[2026-04-12 06:50:36] local.INFO: Extracted bearer token {"token_preview":"162|htku8N...","token_length":52} 
[2026-04-12 06:50:36] local.INFO: Found personal access token {"token_id":162,"user_id":68,"revoked":null} 
[2026-04-12 06:50:36] local.INFO: User authenticated via bearer token {"user_id":68,"user_email":"freelancerzahedcreator@gmail.com"} 
[2026-04-12 06:50:36] local.INFO: Returning campaigns for user {"user_id":68,"campaign_count":2,"statuses":["draft","draft"]} 
[2026-04-12 06:50:36] local.INFO: ParseBearerToken middleware invoked {"path":"/api/v2/campaign","method":"GET","has_auth_header":true,"auth_header_preview":"Bearer 162|htku8Nbt0t7HbUxovVT...","is_bearer":true} 
[2026-04-12 06:50:36] local.INFO: Extracted bearer token {"token_preview":"162|htku8N...","token_length":52} 
[2026-04-12 06:50:36] local.INFO: Found personal access token {"token_id":162,"user_id":68,"revoked":null} 
[2026-04-12 06:50:36] local.INFO: User authenticated via bearer token {"user_id":68,"user_email":"freelancerzahedcreator@gmail.com"} 
[2026-04-12 06:50:36] local.INFO: Returning campaigns for user {"user_id":68,"campaign_count":2,"statuses":["draft","draft"]} 
[2026-04-12 06:50:41] local.INFO: ParseBearerToken middleware invoked {"path":"/api/v2/campaign","method":"GET","has_auth_header":true,"auth_header_preview":"Bearer 162|htku8Nbt0t7HbUxovVT...","is_bearer":true} 
[2026-04-12 06:50:41] local.INFO: Extracted bearer token {"token_preview":"162|htku8N...","token_length":52} 
[2026-04-12 06:50:41] local.INFO: Found personal access token {"token_id":162,"user_id":68,"revoked":null} 
[2026-04-12 06:50:41] local.INFO: User authenticated via bearer token {"user_id":68,"user_email":"freelancerzahedcreator@gmail.com"} 
[2026-04-12 06:50:41] local.INFO: Returning campaigns for user {"user_id":68,"campaign_count":2,"statuses":["draft","draft"]} 
[2026-04-12 06:50:41] local.INFO: ParseBearerToken middleware invoked {"path":"/api/v2/campaign","method":"GET","has_auth_header":true,"auth_header_preview":"Bearer 162|htku8Nbt0t7HbUxovVT...","is_bearer":true} 
[2026-04-12 06:50:41] local.INFO: Extracted bearer token {"token_preview":"162|htku8N...","token_length":52} 
[2026-04-12 06:50:41] local.INFO: Found personal access token {"token_id":162,"user_id":68,"revoked":null} 
[2026-04-12 06:50:41] local.INFO: User authenticated via bearer token {"user_id":68,"user_email":"freelancerzahedcreator@gmail.com"} 
[2026-04-12 06:50:41] local.INFO: Returning campaigns for user {"user_id":68,"campaign_count":2,"statuses":["draft","draft"]} 
[2026-04-12 06:50:43] local.INFO: ParseBearerToken middleware invoked {"path":"/api/v2/campaign","method":"GET","has_auth_header":true,"auth_header_preview":"Bearer 162|htku8Nbt0t7HbUxovVT...","is_bearer":true} 
[2026-04-12 06:50:43] local.INFO: Extracted bearer token {"token_preview":"162|htku8N...","token_length":52} 
[2026-04-12 06:50:43] local.INFO: Found personal access token {"token_id":162,"user_id":68,"revoked":null} 
[2026-04-12 06:50:43] local.INFO: User authenticated via bearer token {"user_id":68,"user_email":"freelancerzahedcreator@gmail.com"} 
[2026-04-12 06:50:43] local.INFO: Returning campaigns for user {"user_id":68,"campaign_count":2,"statuses":["draft","draft"]} 
[2026-04-12 06:50:43] local.INFO: ParseBearerToken middleware invoked {"path":"/api/v2/campaign","method":"GET","has_auth_header":true,"auth_header_preview":"Bearer 160|kJdpaDrHOZ9nSgkeOYj...","is_bearer":true} 
[2026-04-12 06:50:43] local.INFO: Extracted bearer token {"token_preview":"160|kJdpaD...","token_length":52} 
[2026-04-12 06:50:43] local.INFO: Found personal access token {"token_id":160,"user_id":68,"revoked":null} 
[2026-04-12 06:50:43] local.INFO: User authenticated via bearer token {"user_id":68,"user_email":"freelancerzahedcreator@gmail.com"} 
[2026-04-12 06:50:43] local.INFO: Returning campaigns for user {"user_id":68,"campaign_count":2,"statuses":["draft","draft"]} 
[2026-04-12 06:50:44] local.INFO: ParseBearerToken middleware invoked {"path":"/api/v2/campaign","method":"GET","has_auth_header":true,"auth_header_preview":"Bearer 162|htku8Nbt0t7HbUxovVT...","is_bearer":true} 
[2026-04-12 06:50:44] local.INFO: Extracted bearer token {"token_preview":"162|htku8N...","token_length":52} 
[2026-04-12 06:50:44] local.INFO: Found personal access token {"token_id":162,"user_id":68,"revoked":null} 
[2026-04-12 06:50:44] local.INFO: User authenticated via bearer token {"user_id":68,"user_email":"freelancerzahedcreator@gmail.com"} 
[2026-04-12 06:50:44] local.INFO: Returning campaigns for user {"user_id":68,"campaign_count":2,"statuses":["draft","draft"]} 
[2026-04-12 06:50:52] local.INFO: ParseBearerToken middleware invoked {"path":"/api/v2/campaign","method":"GET","has_auth_header":true,"auth_header_preview":"Bearer 162|htku8Nbt0t7HbUxovVT...","is_bearer":true} 
[2026-04-12 06:50:52] local.INFO: Extracted bearer token {"token_preview":"162|htku8N...","token_length":52} 
[2026-04-12 06:50:52] local.INFO: Found personal access token {"token_id":162,"user_id":68,"revoked":null} 
[2026-04-12 06:50:52] local.INFO: User authenticated via bearer token {"user_id":68,"user_email":"freelancerzahedcreator@gmail.com"} 
[2026-04-12 06:50:52] local.INFO: Returning campaigns for user {"user_id":68,"campaign_count":2,"statuses":["draft","draft"]} 
[2026-04-12 06:50:53] local.INFO: ParseBearerToken middleware invoked {"path":"/api/v2/campaign","method":"GET","has_auth_header":true,"auth_header_preview":"Bearer 162|htku8Nbt0t7HbUxovVT...","is_bearer":true} 
[2026-04-12 06:50:53] local.INFO: Extracted bearer token {"token_preview":"162|htku8N...","token_length":52} 
[2026-04-12 06:50:53] local.INFO: Found personal access token {"token_id":162,"user_id":68,"revoked":null} 
[2026-04-12 06:50:53] local.INFO: User authenticated via bearer token {"user_id":68,"user_email":"freelancerzahedcreator@gmail.com"} 
[2026-04-12 06:50:53] local.INFO: Returning campaigns for user {"user_id":68,"campaign_count":2,"statuses":["draft","draft"]} 
[2026-04-12 06:51:13] local.INFO: ParseBearerToken middleware invoked {"path":"/api/v2/campaign","method":"GET","has_auth_header":true,"auth_header_preview":"Bearer 160|kJdpaDrHOZ9nSgkeOYj...","is_bearer":true} 
[2026-04-12 06:51:13] local.INFO: Extracted bearer token {"token_preview":"160|kJdpaD...","token_length":52} 
[2026-04-12 06:51:13] local.INFO: Found personal access token {"token_id":160,"user_id":68,"revoked":null} 
[2026-04-12 06:51:13] local.INFO: User authenticated via bearer token {"user_id":68,"user_email":"freelancerzahedcreator@gmail.com"} 
[2026-04-12 06:51:13] local.INFO: Returning campaigns for user {"user_id":68,"campaign_count":2,"statuses":["draft","draft"]} 
[2026-04-12 06:51:43] local.INFO: ParseBearerToken middleware invoked {"path":"/api/v2/campaign","method":"GET","has_auth_header":true,"auth_header_preview":"Bearer 160|kJdpaDrHOZ9nSgkeOYj...","is_bearer":true} 
[2026-04-12 06:51:43] local.INFO: Extracted bearer token {"token_preview":"160|kJdpaD...","token_length":52} 
[2026-04-12 06:51:43] local.INFO: Found personal access token {"token_id":160,"user_id":68,"revoked":null} 
[2026-04-12 06:51:43] local.INFO: User authenticated via bearer token {"user_id":68,"user_email":"freelancerzahedcreator@gmail.com"} 
[2026-04-12 06:51:43] local.INFO: Returning campaigns for user {"user_id":68,"campaign_count":2,"statuses":["draft","draft"]} 
[2026-04-12 06:52:13] local.INFO: ParseBearerToken middleware invoked {"path":"/api/v2/campaign","method":"GET","has_auth_header":true,"auth_header_preview":"Bearer 160|kJdpaDrHOZ9nSgkeOYj...","is_bearer":true} 
[2026-04-12 06:52:13] local.INFO: Extracted bearer token {"token_preview":"160|kJdpaD...","token_length":52} 
[2026-04-12 06:52:13] local.INFO: Found personal access token {"token_id":160,"user_id":68,"revoked":null} 
[2026-04-12 06:52:13] local.INFO: User authenticated via bearer token {"user_id":68,"user_email":"freelancerzahedcreator@gmail.com"} 
[2026-04-12 06:52:13] local.INFO: Returning campaigns for user {"user_id":68,"campaign_count":2,"statuses":["draft","draft"]} 
[2026-04-12 06:52:43] local.INFO: ParseBearerToken middleware invoked {"path":"/api/v2/campaign","method":"GET","has_auth_header":true,"auth_header_preview":"Bearer 160|kJdpaDrHOZ9nSgkeOYj...","is_bearer":true} 
[2026-04-12 06:52:43] local.INFO: Extracted bearer token {"token_preview":"160|kJdpaD...","token_length":52} 
[2026-04-12 06:52:43] local.INFO: Found personal access token {"token_id":160,"user_id":68,"revoked":null} 
[2026-04-12 06:52:43] local.INFO: User authenticated via bearer token {"user_id":68,"user_email":"freelancerzahedcreator@gmail.com"} 
[2026-04-12 06:52:43] local.INFO: Returning campaigns for user {"user_id":68,"campaign_count":2,"statuses":["draft","draft"]} 
[2026-04-12 06:53:13] local.INFO: ParseBearerToken middleware invoked {"path":"/api/v2/campaign","method":"GET","has_auth_header":true,"auth_header_preview":"Bearer 160|kJdpaDrHOZ9nSgkeOYj...","is_bearer":true} 
[2026-04-12 06:53:13] local.INFO: Extracted bearer token {"token_preview":"160|kJdpaD...","token_length":52} 
[2026-04-12 06:53:13] local.INFO: Found personal access token {"token_id":160,"user_id":68,"revoked":null} 
[2026-04-12 06:53:13] local.INFO: User authenticated via bearer token {"user_id":68,"user_email":"freelancerzahedcreator@gmail.com"} 
[2026-04-12 06:53:13] local.INFO: Returning campaigns for user {"user_id":68,"campaign_count":2,"statuses":["draft","draft"]} 
[2026-04-12 06:53:43] local.INFO: ParseBearerToken middleware invoked {"path":"/api/v2/campaign","method":"GET","has_auth_header":true,"auth_header_preview":"Bearer 160|kJdpaDrHOZ9nSgkeOYj...","is_bearer":true} 
[2026-04-12 06:53:43] local.INFO: Extracted bearer token {"token_preview":"160|kJdpaD...","token_length":52} 
[2026-04-12 06:53:43] local.INFO: Found personal access token {"token_id":160,"user_id":68,"revoked":null} 
[2026-04-12 06:53:43] local.INFO: User authenticated via bearer token {"user_id":68,"user_email":"freelancerzahedcreator@gmail.com"} 
[2026-04-12 06:53:43] local.INFO: Returning campaigns for user {"user_id":68,"campaign_count":2,"statuses":["draft","draft"]} 
[2026-04-12 06:53:44] local.INFO: ParseBearerToken middleware invoked {"path":"/api/v2/analytics/creator","method":"GET","has_auth_header":true,"auth_header_preview":"Bearer 162|htku8Nbt0t7HbUxovVT...","is_bearer":true} 
[2026-04-12 06:53:44] local.INFO: Extracted bearer token {"token_preview":"162|htku8N...","token_length":52} 
[2026-04-12 06:53:44] local.INFO: Found personal access token {"token_id":162,"user_id":68,"revoked":null} 
[2026-04-12 06:53:44] local.INFO: User authenticated via bearer token {"user_id":68,"user_email":"freelancerzahedcreator@gmail.com"} 
[2026-04-12 06:53:45] local.ERROR: Analytics error {"error":"Array to string conversion","trace":"#0 D:\\laragon\\www\\mirrormefashion\\vendor\\laravel\\framework\\src\\Illuminate\\Foundation\\Bootstrap\\HandleExceptions.php(255): Illuminate\\Foundation\\Bootstrap\\HandleExceptions->handleError(2, 'Array to string...', 'D:\\\\laragon\\\\www\\\\...', 143)
#1 D:\\laragon\\www\\mirrormefashion\\app\\Http\\Controllers\\Api\\V2\\AnalyticsController.php(143): Illuminate\\Foundation\\Bootstrap\\HandleExceptions->Illuminate\\Foundation\\Bootstrap\\{closure}(2, 'Array to string...', 'D:\\\\laragon\\\\www\\\\...', 143)
#2 D:\\laragon\\www\\mirrormefashion\\app\\Http\\Controllers\\Api\\V2\\AnalyticsController.php(64): App\\Http\\Controllers\\Api\\V2\\AnalyticsController->calculateSizingBreakdown(Object(Illuminate\\Database\\Eloquent\\Collection))
#3 D:\\laragon\\www\\mirrormefashion\\vendor\\laravel\\framework\\src\\Illuminate\\Routing\\Controller.php(54): App\\Http\\Controllers\\Api\\V2\\AnalyticsController->getCreatorAnalytics(Object(Illuminate\\Http\\Request))
#4 D:\\laragon\\www\\mirrormefashion\\vendor\\laravel\\framework\\src\\Illuminate\\Routing\\ControllerDispatcher.php(43): Illuminate\\Routing\\Controller->callAction('getCreatorAnaly...', Array)
#5 D:\\laragon\\www\\mirrormefashion\\vendor\\laravel\\framework\\src\\Illuminate\\Routing\\Route.php(259): Illuminate\\Routing\\ControllerDispatcher->dispatch(Object(Illuminate\\Routing\\Route), Object(App\\Http\\Controllers\\Api\\V2\\AnalyticsController), 'getCreatorAnaly...')
#6 D:\\laragon\\www\\mirrormefashion\\vendor\\laravel\\framework\\src\\Illuminate\\Routing\\Route.php(205): Illuminate\\Routing\\Route->runController()
#7 D:\\laragon\\www\\mirrormefashion\\vendor\\laravel\\framework\\src\\Illuminate\\Routing\\Router.php(806): Illuminate\\Routing\\Route->run()
#8 D:\\laragon\\www\\mirrormefashion\\vendor\\laravel\\framework\\src\\Illuminate\\Pipeline\\Pipeline.php(144): Illuminate\\Routing\\Router->Illuminate\\Routing\\{closure}(Object(Illuminate\\Http\\Request))
#9 D:\\laragon\\www\\mirrormefashion\\app\\Http\\Middleware\\ParseBearerToken.php(98): Illuminate\\Pipeline\\Pipeline->Illuminate\\Pipeline\\{closure}(Object(Illuminate\\Http\\Request))
#10 D:\\laragon\\www\\mirrormefashion\\vendor\\laravel\\framework\\src\\Illuminate\\Pipeline\\Pipeline.php(183): App\\Http\\Middleware\\ParseBearerToken->handle(Object(Illuminate\\Http\\Request), Object(Closure))
#11 D:\\laragon\\www\\mirrormefashion\\app\\Http\\Middleware\\AppLanguage.php(35): Illuminate\\Pipeline\\Pipeline->Illuminate\\Pipeline\\{closure}(Object(Illuminate\\Http\\Request))
#12 D:\\laragon\\www\\mirrormefashion\\vendor\\laravel\\framework\\src\\Illuminate\\Pipeline\\Pipeline.php(183): App\\Http\\Middleware\\AppLanguage->handle(Object(Illuminate\\Http\\Request), Object(Closure))
#13 D:\\laragon\\www\\mirrormefashion\\app\\Http\\Middleware\\ApiJsonResponse.php(22): Illuminate\\Pipeline\\Pipeline->Illuminate\\Pipeline\\{closure}(Object(Illuminate\\Http\\Request))
#14 D:\\laragon\\www\\mirrormefashion\\vendor\\laravel\\framework\\src\\Illuminate\\Pipeline\\Pipeline.php(183): App\\Http\\Middleware\\ApiJsonResponse->handle(Object(Illuminate\\Http\\Request), Object(Closure))
#15 D:\\laragon\\www\\mirrormefashion\\app\\Http\\Middleware\\CheckForMaintenanceMode.php(64): Illuminate\\Pipeline\\Pipeline->Illuminate\\Pipeline\\{closure}(Object(Illuminate\\Http\\Request))
#16 D:\\laragon\\www\\mirrormefashion\\vendor\\laravel\\framework\\src\\Illuminate\\Pipeline\\Pipeline.php(183): App\\Http\\Middleware\\CheckForMaintenanceMode->handle(Object(Illuminate\\Http\\Request), Object(Closure))
#17 D:\\laragon\\www\\mirrormefashion\\vendor\\laravel\\framework\\src\\Illuminate\\Routing\\Middleware\\SubstituteBindings.php(50): Illuminate\\Pipeline\\Pipeline->Illuminate\\Pipeline\\{closure}(Object(Illuminate\\Http\\Request))
#18 D:\\laragon\\www\\mirrormefashion\\vendor\\laravel\\framework\\src\\Illuminate\\Pipeline\\Pipeline.php(183): Illuminate\\Routing\\Middleware\\SubstituteBindings->handle(Object(Illuminate\\Http\\Request), Object(Closure))
#19 D:\\laragon\\www\\mirrormefashion\\vendor\\laravel\\framework\\src\\Illuminate\\Auth\\Middleware\\Authenticate.php(57): Illuminate\\Pipeline\\Pipeline->Illuminate\\Pipeline\\{closure}(Object(Illuminate\\Http\\Request))
#20 D:\\laragon\\www\\mirrormefashion\\vendor\\laravel\\framework\\src\\Illuminate\\Pipeline\\Pipeline.php(183): Illuminate\\Auth\\Middleware\\Authenticate->handle(Object(Illuminate\\Http\\Request), Object(Closure), 'sanctum')
#21 D:\\laragon\\www\\mirrormefashion\\vendor\\laravel\\framework\\src\\Illuminate\\Routing\\Middleware\\ThrottleRequests.php(159): Illuminate\\Pipeline\\Pipeline->Illuminate\\Pipeline\\{closure}(Object(Illuminate\\Http\\Request))
#22 D:\\laragon\\www\\mirrormefashion\\vendor\\laravel\\framework\\src\\Illuminate\\Routing\\Middleware\\ThrottleRequests.php(125): Illuminate\\Routing\\Middleware\\ThrottleRequests->handleRequest(Object(Illuminate\\Http\\Request), Object(Closure), Array)
#23 D:\\laragon\\www\\mirrormefashion\\vendor\\laravel\\framework\\src\\Illuminate\\Routing\\Middleware\\ThrottleRequests.php(87): Illuminate\\Routing\\Middleware\\ThrottleRequests->handleRequestUsingNamedLimiter(Object(Illuminate\\Http\\Request), Object(Closure), 'api', Object(Closure))
#24 D:\\laragon\\www\\mirrormefashion\\vendor\\laravel\\framework\\src\\Illuminate\\Pipeline\\Pipeline.php(183): Illuminate\\Routing\\Middleware\\ThrottleRequests->handle(Object(Illuminate\\Http\\Request), Object(Closure), 'api')
#25 D:\\laragon\\www\\mirrormefashion\\vendor\\laravel\\sanctum\\src\\Http\\Middleware\\EnsureFrontendRequestsAreStateful.php(25): Illuminate\\Pipeline\\Pipeline->Illuminate\\Pipeline\\{closure}(Object(Illuminate\\Http\\Request))
#26 D:\\laragon\\www\\mirrormefashion\\vendor\\laravel\\framework\\src\\Illuminate\\Pipeline\\Pipeline.php(144): Laravel\\Sanctum\\Http\\Middleware\\EnsureFrontendRequestsAreStateful->Laravel\\Sanctum\\Http\\Middleware\\{closure}(Object(Illuminate\\Http\\Request))
#27 D:\\laragon\\www\\mirrormefashion\\vendor\\laravel\\framework\\src\\Illuminate\\Foundation\\Http\\Middleware\\VerifyCsrfToken.php(78): Illuminate\\Pipeline\\Pipeline->Illuminate\\Pipeline\\{closure}(Object(Illuminate\\Http\\Request))
#28 D:\\laragon\\www\\mirrormefashion\\vendor\\laravel\\framework\\src\\Illuminate\\Pipeline\\Pipeline.php(183): Illuminate\\Foundation\\Http\\Middleware\\VerifyCsrfToken->handle(Object(Illuminate\\Http\\Request), Object(Closure))
#29 D:\\laragon\\www\\mirrormefashion\\vendor\\laravel\\framework\\src\\Illuminate\\Session\\Middleware\\StartSession.php(121): Illuminate\\Pipeline\\Pipeline->Illuminate\\Pipeline\\{closure}(Object(Illuminate\\Http\\Request))
#30 D:\\laragon\\www\\mirrormefashion\\vendor\\laravel\\framework\\src\\Illuminate\\Session\\Middleware\\StartSession.php(64): Illuminate\\Session\\Middleware\\StartSession->handleStatefulRequest(Object(Illuminate\\Http\\Request), Object(Illuminate\\Session\\Store), Object(Closure))
#31 D:\\laragon\\www\\mirrormefashion\\vendor\\laravel\\framework\\src\\Illuminate\\Pipeline\\Pipeline.php(183): Illuminate\\Session\\Middleware\\StartSession->handle(Object(Illuminate\\Http\\Request), Object(Closure))
#32 D:\\laragon\\www\\mirrormefashion\\vendor\\laravel\\framework\\src\\Illuminate\\Cookie\\Middleware\\AddQueuedCookiesToResponse.php(37): Illuminate\\Pipeline\\Pipeline->Illuminate\\Pipeline\\{closure}(Object(Illuminate\\Http\\Request))
#33 D:\\laragon\\www\\mirrormefashion\\vendor\\laravel\\framework\\src\\Illuminate\\Pipeline\\Pipeline.php(183): Illuminate\\Cookie\\Middleware\\AddQueuedCookiesToResponse->handle(Object(Illuminate\\Http\\Request), Object(Closure))
#34 D:\\laragon\\www\\mirrormefashion\\vendor\\laravel\\framework\\src\\Illuminate\\Cookie\\Middleware\\EncryptCookies.php(67): Illuminate\\Pipeline\\Pipeline->Illuminate\\Pipeline\\{closure}(Object(Illuminate\\Http\\Request))
#35 D:\\laragon\\www\\mirrormefashion\\vendor\\laravel\\framework\\src\\Illuminate\\Pipeline\\Pipeline.php(183): Illuminate\\Cookie\\Middleware\\EncryptCookies->handle(Object(Illuminate\\Http\\Request), Object(Closure))
#36 D:\\laragon\\www\\mirrormefashion\\vendor\\laravel\\sanctum\\src\\Http\\Middleware\\EnsureFrontendRequestsAreStateful.php(61): Illuminate\\Pipeline\\Pipeline->Illuminate\\Pipeline\\{closure}(Object(Illuminate\\Http\\Request))
#37 D:\\laragon\\www\\mirrormefashion\\vendor\\laravel\\framework\\src\\Illuminate\\Pipeline\\Pipeline.php(165): Laravel\\Sanctum\\Http\\Middleware\\EnsureFrontendRequestsAreStateful->Laravel\\Sanctum\\Http\\Middleware\\{closure}(Object(Illuminate\\Http\\Request), Object(Closure))
#38 D:\\laragon\\www\\mirrormefashion\\vendor\\laravel\\framework\\src\\Illuminate\\Pipeline\\Pipeline.php(119): Illuminate\\Pipeline\\Pipeline->Illuminate\\Pipeline\\{closure}(Object(Illuminate\\Http\\Request))
#39 D:\\laragon\\www\\mirrormefashion\\vendor\\laravel\\sanctum\\src\\Http\\Middleware\\EnsureFrontendRequestsAreStateful.php(24): Illuminate\\Pipeline\\Pipeline->then(Object(Closure))
#40 D:\\laragon\\www\\mirrormefashion\\vendor\\laravel\\framework\\src\\Illuminate\\Pipeline\\Pipeline.php(183): Laravel\\Sanctum\\Http\\Middleware\\EnsureFrontendRequestsAreStateful->handle(Object(Illuminate\\Http\\Request), Object(Closure))
#41 D:\\laragon\\www\\mirrormefashion\\app\\Http\\Middleware\\CorsMiddleware.php(32): Illuminate\\Pipeline\\Pipeline->Illuminate\\Pipeline\\{closure}(Object(Illuminate\\Http\\Request))
#42 D:\\laragon\\www\\mirrormefashion\\vendor\\laravel\\framework\\src\\Illuminate\\Pipeline\\Pipeline.php(183): App\\Http\\Middleware\\CorsMiddleware->handle(Object(Illuminate\\Http\\Request), Object(Closure))
#43 D:\\laragon\\www\\mirrormefashion\\vendor\\laravel\\framework\\src\\Illuminate\\Pipeline\\Pipeline.php(119): Illuminate\\Pipeline\\Pipeline->Illuminate\\Pipeline\\{closure}(Object(Illuminate\\Http\\Request))
#44 D:\\laragon\\www\\mirrormefashion\\vendor\\laravel\\framework\\src\\Illuminate\\Routing\\Router.php(805): Illuminate\\Pipeline\\Pipeline->then(Object(Closure))
#45 D:\\laragon\\www\\mirrormefashion\\vendor\\laravel\\framework\\src\\Illuminate\\Routing\\Router.php(784): Illuminate\\Routing\\Router->runRouteWithinStack(Object(Illuminate\\Routing\\Route), Object(Illuminate\\Http\\Request))
#46 D:\\laragon\\www\\mirrormefashion\\vendor\\laravel\\framework\\src\\Illuminate\\Routing\\Router.php(748): Illuminate\\Routing\\Router->runRoute(Object(Illuminate\\Http\\Request), Object(Illuminate\\Routing\\Route))
#47 D:\\laragon\\www\\mirrormefashion\\vendor\\laravel\\framework\\src\\Illuminate\\Routing\\Router.php(737): Illuminate\\Routing\\Router->dispatchToRoute(Object(Illuminate\\Http\\Request))
#48 D:\\laragon\\www\\mirrormefashion\\vendor\\laravel\\framework\\src\\Illuminate\\Foundation\\Http\\Kernel.php(200): Illuminate\\Routing\\Router->dispatch(Object(Illuminate\\Http\\Request))
#49 D:\\laragon\\www\\mirrormefashion\\vendor\\laravel\\framework\\src\\Illuminate\\Pipeline\\Pipeline.php(144): Illuminate\\Foundation\\Http\\Kernel->Illuminate\\Foundation\\Http\\{closure}(Object(Illuminate\\Http\\Request))
#50 D:\\laragon\\www\\mirrormefashion\\vendor\\barryvdh\\laravel-debugbar\\src\\Middleware\\InjectDebugbar.php(66): Illuminate\\Pipeline\\Pipeline->Illuminate\\Pipeline\\{closure}(Object(Illuminate\\Http\\Request))
#51 D:\\laragon\\www\\mirrormefashion\\vendor\\laravel\\framework\\src\\Illuminate\\Pipeline\\Pipeline.php(183): Barryvdh\\Debugbar\\Middleware\\InjectDebugbar->handle(Object(Illuminate\\Http\\Request), Object(Closure))
#52 D:\\laragon\\www\\mirrormefashion\\vendor\\laravel\\framework\\src\\Illuminate\\View\\Middleware\\ShareErrorsFromSession.php(49): Illuminate\\Pipeline\\Pipeline->Illuminate\\Pipeline\\{closure}(Object(Illuminate\\Http\\Request))
#53 D:\\laragon\\www\\mirrormefashion\\vendor\\laravel\\framework\\src\\Illuminate\\Pipeline\\Pipeline.php(183): Illuminate\\View\\Middleware\\ShareErrorsFromSession->handle(Object(Illuminate\\Http\\Request), Object(Closure))
#54 D:\\laragon\\www\\mirrormefashion\\vendor\\laravel\\framework\\src\\Illuminate\\Session\\Middleware\\StartSession.php(121): Illuminate\\Pipeline\\Pipeline->Illuminate\\Pipeline\\{closure}(Object(Illuminate\\Http\\Request))
#55 D:\\laragon\\www\\mirrormefashion\\vendor\\laravel\\framework\\src\\Illuminate\\Session\\Middleware\\StartSession.php(64): Illuminate\\Session\\Middleware\\StartSession->handleStatefulRequest(Object(Illuminate\\Http\\Request), Object(Illuminate\\Session\\Store), Object(Closure))
#56 D:\\laragon\\www\\mirrormefashion\\vendor\\laravel\\framework\\src\\Illuminate\\Pipeline\\Pipeline.php(183): Illuminate\\Session\\Middleware\\StartSession->handle(Object(Illuminate\\Http\\Request), Object(Closure))
#57 D:\\laragon\\www\\mirrormefashion\\vendor\\laravel\\framework\\src\\Illuminate\\Http\\Middleware\\TrustProxies.php(39): Illuminate\\Pipeline\\Pipeline->Illuminate\\Pipeline\\{closure}(Object(Illuminate\\Http\\Request))
#58 D:\\laragon\\www\\mirrormefashion\\vendor\\laravel\\framework\\src\\Illuminate\\Pipeline\\Pipeline.php(183): Illuminate\\Http\\Middleware\\TrustProxies->handle(Object(Illuminate\\Http\\Request), Object(Closure))
#59 D:\\laragon\\www\\mirrormefashion\\vendor\\laravel\\framework\\src\\Illuminate\\Foundation\\Http\\Middleware\\TransformsRequest.php(21): Illuminate\\Pipeline\\Pipeline->Illuminate\\Pipeline\\{closure}(Object(Illuminate\\Http\\Request))
#60 D:\\laragon\\www\\mirrormefashion\\vendor\\laravel\\framework\\src\\Illuminate\\Foundation\\Http\\Middleware\\ConvertEmptyStringsToNull.php(31): Illuminate\\Foundation\\Http\\Middleware\\TransformsRequest->handle(Object(Illuminate\\Http\\Request), Object(Closure))
#61 D:\\laragon\\www\\mirrormefashion\\vendor\\laravel\\framework\\src\\Illuminate\\Pipeline\\Pipeline.php(183): Illuminate\\Foundation\\Http\\Middleware\\ConvertEmptyStringsToNull->handle(Object(Illuminate\\Http\\Request), Object(Closure))
#62 D:\\laragon\\www\\mirrormefashion\\vendor\\laravel\\framework\\src\\Illuminate\\Foundation\\Http\\Middleware\\TransformsRequest.php(21): Illuminate\\Pipeline\\Pipeline->Illuminate\\Pipeline\\{closure}(Object(Illuminate\\Http\\Request))
#63 D:\\laragon\\www\\mirrormefashion\\vendor\\laravel\\framework\\src\\Illuminate\\Foundation\\Http\\Middleware\\TrimStrings.php(40): Illuminate\\Foundation\\Http\\Middleware\\TransformsRequest->handle(Object(Illuminate\\Http\\Request), Object(Closure))
#64 D:\\laragon\\www\\mirrormefashion\\vendor\\laravel\\framework\\src\\Illuminate\\Pipeline\\Pipeline.php(183): Illuminate\\Foundation\\Http\\Middleware\\TrimStrings->handle(Object(Illuminate\\Http\\Request), Object(Closure))
#65 D:\\laragon\\www\\mirrormefashion\\vendor\\laravel\\framework\\src\\Illuminate\\Foundation\\Http\\Middleware\\ValidatePostSize.php(27): Illuminate\\Pipeline\\Pipeline->Illuminate\\Pipeline\\{closure}(Object(Illuminate\\Http\\Request))
#66 D:\\laragon\\www\\mirrormefashion\\vendor\\laravel\\framework\\src\\Illuminate\\Pipeline\\Pipeline.php(183): Illuminate\\Foundation\\Http\\Middleware\\ValidatePostSize->handle(Object(Illuminate\\Http\\Request), Object(Closure))
#67 D:\\laragon\\www\\mirrormefashion\\vendor\\laravel\\framework\\src\\Illuminate\\Pipeline\\Pipeline.php(119): Illuminate\\Pipeline\\Pipeline->Illuminate\\Pipeline\\{closure}(Object(Illuminate\\Http\\Request))
#68 D:\\laragon\\www\\mirrormefashion\\vendor\\laravel\\framework\\src\\Illuminate\\Foundation\\Http\\Kernel.php(175): Illuminate\\Pipeline\\Pipeline->then(Object(Closure))
#69 D:\\laragon\\www\\mirrormefashion\\vendor\\laravel\\framework\\src\\Illuminate\\Foundation\\Http\\Kernel.php(144): Illuminate\\Foundation\\Http\\Kernel->sendRequestThroughRouter(Object(Illuminate\\Http\\Request))
#70 D:\\laragon\\www\\mirrormefashion\\index.php(56): Illuminate\\Foundation\\Http\\Kernel->handle(Object(Illuminate\\Http\\Request))
#71 {main}"} 
[2026-04-12 06:53:45] local.INFO: ParseBearerToken middleware invoked {"path":"/api/v2/analytics/creator","method":"GET","has_auth_header":true,"auth_header_preview":"Bearer 162|htku8Nbt0t7HbUxovVT...","is_bearer":true} 
[2026-04-12 06:53:45] local.INFO: Extracted bearer token {"token_preview":"162|htku8N...","token_length":52} 
[2026-04-12 06:53:45] local.INFO: Found personal access token {"token_id":162,"user_id":68,"revoked":null} 
[2026-04-12 06:53:45] local.INFO: User authenticated via bearer token {"user_id":68,"user_email":"freelancerzahedcreator@gmail.com"} 
[2026-04-12 06:53:45] local.ERROR: Analytics error {"error":"Array to string conversion","trace":"#0 D:\\laragon\\www\\mirrormefashion\\vendor\\laravel\\framework\\src\\Illuminate\\Foundation\\Bootstrap\\HandleExceptions.php(255): Illuminate\\Foundation\\Bootstrap\\HandleExceptions->handleError(2, 'Array to string...', 'D:\\\\laragon\\\\www\\\\...', 143)
#1 D:\\laragon\\www\\mirrormefashion\\app\\Http\\Controllers\\Api\\V2\\AnalyticsController.php(143): Illuminate\\Foundation\\Bootstrap\\HandleExceptions->Illuminate\\Foundation\\Bootstrap\\{closure}(2, 'Array to string...', 'D:\\\\laragon\\\\www\\\\...', 143)
#2 D:\\laragon\\www\\mirrormefashion\\app\\Http\\Controllers\\Api\\V2\\AnalyticsController.php(64): App\\Http\\Controllers\\Api\\V2\\AnalyticsController->calculateSizingBreakdown(Object(Illuminate\\Database\\Eloquent\\Collection))
#3 D:\\laragon\\www\\mirrormefashion\\vendor\\laravel\\framework\\src\\Illuminate\\Routing\\Controller.php(54): App\\Http\\Controllers\\Api\\V2\\AnalyticsController->getCreatorAnalytics(Object(Illuminate\\Http\\Request))
#4 D:\\laragon\\www\\mirrormefashion\\vendor\\laravel\\framework\\src\\Illuminate\\Routing\\ControllerDispatcher.php(43): Illuminate\\Routing\\Controller->callAction('getCreatorAnaly...', Array)
#5 D:\\laragon\\www\\mirrormefashion\\vendor\\laravel\\framework\\src\\Illuminate\\Routing\\Route.php(259): Illuminate\\Routing\\ControllerDispatcher->dispatch(Object(Illuminate\\Routing\\Route), Object(App\\Http\\Controllers\\Api\\V2\\AnalyticsController), 'getCreatorAnaly...')
#6 D:\\laragon\\www\\mirrormefashion\\vendor\\laravel\\framework\\src\\Illuminate\\Routing\\Route.php(205): Illuminate\\Routing\\Route->runController()
#7 D:\\laragon\\www\\mirrormefashion\\vendor\\laravel\\framework\\src\\Illuminate\\Routing\\Router.php(806): Illuminate\\Routing\\Route->run()
#8 D:\\laragon\\www\\mirrormefashion\\vendor\\laravel\\framework\\src\\Illuminate\\Pipeline\\Pipeline.php(144): Illuminate\\Routing\\Router->Illuminate\\Routing\\{closure}(Object(Illuminate\\Http\\Request))
#9 D:\\laragon\\www\\mirrormefashion\\app\\Http\\Middleware\\ParseBearerToken.php(98): Illuminate\\Pipeline\\Pipeline->Illuminate\\Pipeline\\{closure}(Object(Illuminate\\Http\\Request))
#10 D:\\laragon\\www\\mirrormefashion\\vendor\\laravel\\framework\\src\\Illuminate\\Pipeline\\Pipeline.php(183): App\\Http\\Middleware\\ParseBearerToken->handle(Object(Illuminate\\Http\\Request), Object(Closure))
#11 D:\\laragon\\www\\mirrormefashion\\app\\Http\\Middleware\\AppLanguage.php(35): Illuminate\\Pipeline\\Pipeline->Illuminate\\Pipeline\\{closure}(Object(Illuminate\\Http\\Request))
#12 D:\\laragon\\www\\mirrormefashion\\vendor\\laravel\\framework\\src\\Illuminate\\Pipeline\\Pipeline.php(183): App\\Http\\Middleware\\AppLanguage->handle(Object(Illuminate\\Http\\Request), Object(Closure))
#13 D:\\laragon\\www\\mirrormefashion\\app\\Http\\Middleware\\ApiJsonResponse.php(22): Illuminate\\Pipeline\\Pipeline->Illuminate\\Pipeline\\{closure}(Object(Illuminate\\Http\\Request))
#14 D:\\laragon\\www\\mirrormefashion\\vendor\\laravel\\framework\\src\\Illuminate\\Pipeline\\Pipeline.php(183): App\\Http\\Middleware\\ApiJsonResponse->handle(Object(Illuminate\\Http\\Request), Object(Closure))
#15 D:\\laragon\\www\\mirrormefashion\\app\\Http\\Middleware\\CheckForMaintenanceMode.php(64): Illuminate\\Pipeline\\Pipeline->Illuminate\\Pipeline\\{closure}(Object(Illuminate\\Http\\Request))
#16 D:\\laragon\\www\\mirrormefashion\\vendor\\laravel\\framework\\src\\Illuminate\\Pipeline\\Pipeline.php(183): App\\Http\\Middleware\\CheckForMaintenanceMode->handle(Object(Illuminate\\Http\\Request), Object(Closure))
#17 D:\\laragon\\www\\mirrormefashion\\vendor\\laravel\\framework\\src\\Illuminate\\Routing\\Middleware\\SubstituteBindings.php(50): Illuminate\\Pipeline\\Pipeline->Illuminate\\Pipeline\\{closure}(Object(Illuminate\\Http\\Request))
#18 D:\\laragon\\www\\mirrormefashion\\vendor\\laravel\\framework\\src\\Illuminate\\Pipeline\\Pipeline.php(183): Illuminate\\Routing\\Middleware\\SubstituteBindings->handle(Object(Illuminate\\Http\\Request), Object(Closure))
#19 D:\\laragon\\www\\mirrormefashion\\vendor\\laravel\\framework\\src\\Illuminate\\Auth\\Middleware\\Authenticate.php(57): Illuminate\\Pipeline\\Pipeline->Illuminate\\Pipeline\\{closure}(Object(Illuminate\\Http\\Request))
#20 D:\\laragon\\www\\mirrormefashion\\vendor\\laravel\\framework\\src\\Illuminate\\Pipeline\\Pipeline.php(183): Illuminate\\Auth\\Middleware\\Authenticate->handle(Object(Illuminate\\Http\\Request), Object(Closure), 'sanctum')
#21 D:\\laragon\\www\\mirrormefashion\\vendor\\laravel\\framework\\src\\Illuminate\\Routing\\Middleware\\ThrottleRequests.php(159): Illuminate\\Pipeline\\Pipeline->Illuminate\\Pipeline\\{closure}(Object(Illuminate\\Http\\Request))
#22 D:\\laragon\\www\\mirrormefashion\\vendor\\laravel\\framework\\src\\Illuminate\\Routing\\Middleware\\ThrottleRequests.php(125): Illuminate\\Routing\\Middleware\\ThrottleRequests->handleRequest(Object(Illuminate\\Http\\Request), Object(Closure), Array)
#23 D:\\laragon\\www\\mirrormefashion\\vendor\\laravel\\framework\\src\\Illuminate\\Routing\\Middleware\\ThrottleRequests.php(87): Illuminate\\Routing\\Middleware\\ThrottleRequests->handleRequestUsingNamedLimiter(Object(Illuminate\\Http\\Request), Object(Closure), 'api', Object(Closure))
#24 D:\\laragon\\www\\mirrormefashion\\vendor\\laravel\\framework\\src\\Illuminate\\Pipeline\\Pipeline.php(183): Illuminate\\Routing\\Middleware\\ThrottleRequests->handle(Object(Illuminate\\Http\\Request), Object(Closure), 'api')
#25 D:\\laragon\\www\\mirrormefashion\\vendor\\laravel\\sanctum\\src\\Http\\Middleware\\EnsureFrontendRequestsAreStateful.php(25): Illuminate\\Pipeline\\Pipeline->Illuminate\\Pipeline\\{closure}(Object(Illuminate\\Http\\Request))
#26 D:\\laragon\\www\\mirrormefashion\\vendor\\laravel\\framework\\src\\Illuminate\\Pipeline\\Pipeline.php(144): Laravel\\Sanctum\\Http\\Middleware\\EnsureFrontendRequestsAreStateful->Laravel\\Sanctum\\Http\\Middleware\\{closure}(Object(Illuminate\\Http\\Request))
#27 D:\\laragon\\www\\mirrormefashion\\vendor\\laravel\\framework\\src\\Illuminate\\Foundation\\Http\\Middleware\\VerifyCsrfToken.php(78): Illuminate\\Pipeline\\Pipeline->Illuminate\\Pipeline\\{closure}(Object(Illuminate\\Http\\Request))
#28 D:\\laragon\\www\\mirrormefashion\\vendor\\laravel\\framework\\src\\Illuminate\\Pipeline\\Pipeline.php(183): Illuminate\\Foundation\\Http\\Middleware\\VerifyCsrfToken->handle(Object(Illuminate\\Http\\Request), Object(Closure))
#29 D:\\laragon\\www\\mirrormefashion\\vendor\\laravel\\framework\\src\\Illuminate\\Session\\Middleware\\StartSession.php(121): Illuminate\\Pipeline\\Pipeline->Illuminate\\Pipeline\\{closure}(Object(Illuminate\\Http\\Request))
#30 D:\\laragon\\www\\mirrormefashion\\vendor\\laravel\\framework\\src\\Illuminate\\Session\\Middleware\\StartSession.php(64): Illuminate\\Session\\Middleware\\StartSession->handleStatefulRequest(Object(Illuminate\\Http\\Request), Object(Illuminate\\Session\\Store), Object(Closure))
#31 D:\\laragon\\www\\mirrormefashion\\vendor\\laravel\\framework\\src\\Illuminate\\Pipeline\\Pipeline.php(183): Illuminate\\Session\\Middleware\\StartSession->handle(Object(Illuminate\\Http\\Request), Object(Closure))
#32 D:\\laragon\\www\\mirrormefashion\\vendor\\laravel\\framework\\src\\Illuminate\\Cookie\\Middleware\\AddQueuedCookiesToResponse.php(37): Illuminate\\Pipeline\\Pipeline->Illuminate\\Pipeline\\{closure}(Object(Illuminate\\Http\\Request))
#33 D:\\laragon\\www\\mirrormefashion\\vendor\\laravel\\framework\\src\\Illuminate\\Pipeline\\Pipeline.php(183): Illuminate\\Cookie\\Middleware\\AddQueuedCookiesToResponse->handle(Object(Illuminate\\Http\\Request), Object(Closure))
#34 D:\\laragon\\www\\mirrormefashion\\vendor\\laravel\\framework\\src\\Illuminate\\Cookie\\Middleware\\EncryptCookies.php(67): Illuminate\\Pipeline\\Pipeline->Illuminate\\Pipeline\\{closure}(Object(Illuminate\\Http\\Request))
#35 D:\\laragon\\www\\mirrormefashion\\vendor\\laravel\\framework\\src\\Illuminate\\Pipeline\\Pipeline.php(183): Illuminate\\Cookie\\Middleware\\EncryptCookies->handle(Object(Illuminate\\Http\\Request), Object(Closure))
#36 D:\\laragon\\www\\mirrormefashion\\vendor\\laravel\\sanctum\\src\\Http\\Middleware\\EnsureFrontendRequestsAreStateful.php(61): Illuminate\\Pipeline\\Pipeline->Illuminate\\Pipeline\\{closure}(Object(Illuminate\\Http\\Request))
#37 D:\\laragon\\www\\mirrormefashion\\vendor\\laravel\\framework\\src\\Illuminate\\Pipeline\\Pipeline.php(165): Laravel\\Sanctum\\Http\\Middleware\\EnsureFrontendRequestsAreStateful->Laravel\\Sanctum\\Http\\Middleware\\{closure}(Object(Illuminate\\Http\\Request), Object(Closure))
#38 D:\\laragon\\www\\mirrormefashion\\vendor\\laravel\\framework\\src\\Illuminate\\Pipeline\\Pipeline.php(119): Illuminate\\Pipeline\\Pipeline->Illuminate\\Pipeline\\{closure}(Object(Illuminate\\Http\\Request))
#39 D:\\laragon\\www\\mirrormefashion\\vendor\\laravel\\sanctum\\src\\Http\\Middleware\\EnsureFrontendRequestsAreStateful.php(24): Illuminate\\Pipeline\\Pipeline->then(Object(Closure))
#40 D:\\laragon\\www\\mirrormefashion\\vendor\\laravel\\framework\\src\\Illuminate\\Pipeline\\Pipeline.php(183): Laravel\\Sanctum\\Http\\Middleware\\EnsureFrontendRequestsAreStateful->handle(Object(Illuminate\\Http\\Request), Object(Closure))
#41 D:\\laragon\\www\\mirrormefashion\\app\\Http\\Middleware\\CorsMiddleware.php(32): Illuminate\\Pipeline\\Pipeline->Illuminate\\Pipeline\\{closure}(Object(Illuminate\\Http\\Request))
#42 D:\\laragon\\www\\mirrormefashion\\vendor\\laravel\\framework\\src\\Illuminate\\Pipeline\\Pipeline.php(183): App\\Http\\Middleware\\CorsMiddleware->handle(Object(Illuminate\\Http\\Request), Object(Closure))
#43 D:\\laragon\\www\\mirrormefashion\\vendor\\laravel\\framework\\src\\Illuminate\\Pipeline\\Pipeline.php(119): Illuminate\\Pipeline\\Pipeline->Illuminate\\Pipeline\\{closure}(Object(Illuminate\\Http\\Request))
#44 D:\\laragon\\www\\mirrormefashion\\vendor\\laravel\\framework\\src\\Illuminate\\Routing\\Router.php(805): Illuminate\\Pipeline\\Pipeline->then(Object(Closure))
#45 D:\\laragon\\www\\mirrormefashion\\vendor\\laravel\\framework\\src\\Illuminate\\Routing\\Router.php(784): Illuminate\\Routing\\Router->runRouteWithinStack(Object(Illuminate\\Routing\\Route), Object(Illuminate\\Http\\Request))
#46 D:\\laragon\\www\\mirrormefashion\\vendor\\laravel\\framework\\src\\Illuminate\\Routing\\Router.php(748): Illuminate\\Routing\\Router->runRoute(Object(Illuminate\\Http\\Request), Object(Illuminate\\Routing\\Route))
#47 D:\\laragon\\www\\mirrormefashion\\vendor\\laravel\\framework\\src\\Illuminate\\Routing\\Router.php(737): Illuminate\\Routing\\Router->dispatchToRoute(Object(Illuminate\\Http\\Request))
#48 D:\\laragon\\www\\mirrormefashion\\vendor\\laravel\\framework\\src\\Illuminate\\Foundation\\Http\\Kernel.php(200): Illuminate\\Routing\\Router->dispatch(Object(Illuminate\\Http\\Request))
#49 D:\\laragon\\www\\mirrormefashion\\vendor\\laravel\\framework\\src\\Illuminate\\Pipeline\\Pipeline.php(144): Illuminate\\Foundation\\Http\\Kernel->Illuminate\\Foundation\\Http\\{closure}(Object(Illuminate\\Http\\Request))
#50 D:\\laragon\\www\\mirrormefashion\\vendor\\barryvdh\\laravel-debugbar\\src\\Middleware\\InjectDebugbar.php(66): Illuminate\\Pipeline\\Pipeline->Illuminate\\Pipeline\\{closure}(Object(Illuminate\\Http\\Request))
#51 D:\\laragon\\www\\mirrormefashion\\vendor\\laravel\\framework\\src\\Illuminate\\Pipeline\\Pipeline.php(183): Barryvdh\\Debugbar\\Middleware\\InjectDebugbar->handle(Object(Illuminate\\Http\\Request), Object(Closure))
#52 D:\\laragon\\www\\mirrormefashion\\vendor\\laravel\\framework\\src\\Illuminate\\View\\Middleware\\ShareErrorsFromSession.php(49): Illuminate\\Pipeline\\Pipeline->Illuminate\\Pipeline\\{closure}(Object(Illuminate\\Http\\Request))
#53 D:\\laragon\\www\\mirrormefashion\\vendor\\laravel\\framework\\src\\Illuminate\\Pipeline\\Pipeline.php(183): Illuminate\\View\\Middleware\\ShareErrorsFromSession->handle(Object(Illuminate\\Http\\Request), Object(Closure))
#54 D:\\laragon\\www\\mirrormefashion\\vendor\\laravel\\framework\\src\\Illuminate\\Session\\Middleware\\StartSession.php(121): Illuminate\\Pipeline\\Pipeline->Illuminate\\Pipeline\\{closure}(Object(Illuminate\\Http\\Request))
#55 D:\\laragon\\www\\mirrormefashion\\vendor\\laravel\\framework\\src\\Illuminate\\Session\\Middleware\\StartSession.php(64): Illuminate\\Session\\Middleware\\StartSession->handleStatefulRequest(Object(Illuminate\\Http\\Request), Object(Illuminate\\Session\\Store), Object(Closure))
#56 D:\\laragon\\www\\mirrormefashion\\vendor\\laravel\\framework\\src\\Illuminate\\Pipeline\\Pipeline.php(183): Illuminate\\Session\\Middleware\\StartSession->handle(Object(Illuminate\\Http\\Request), Object(Closure))
#57 D:\\laragon\\www\\mirrormefashion\\vendor\\laravel\\framework\\src\\Illuminate\\Http\\Middleware\\TrustProxies.php(39): Illuminate\\Pipeline\\Pipeline->Illuminate\\Pipeline\\{closure}(Object(Illuminate\\Http\\Request))
#58 D:\\laragon\\www\\mirrormefashion\\vendor\\laravel\\framework\\src\\Illuminate\\Pipeline\\Pipeline.php(183): Illuminate\\Http\\Middleware\\TrustProxies->handle(Object(Illuminate\\Http\\Request), Object(Closure))
#59 D:\\laragon\\www\\mirrormefashion\\vendor\\laravel\\framework\\src\\Illuminate\\Foundation\\Http\\Middleware\\TransformsRequest.php(21): Illuminate\\Pipeline\\Pipeline->Illuminate\\Pipeline\\{closure}(Object(Illuminate\\Http\\Request))
#60 D:\\laragon\\www\\mirrormefashion\\vendor\\laravel\\framework\\src\\Illuminate\\Foundation\\Http\\Middleware\\ConvertEmptyStringsToNull.php(31): Illuminate\\Foundation\\Http\\Middleware\\TransformsRequest->handle(Object(Illuminate\\Http\\Request), Object(Closure))
#61 D:\\laragon\\www\\mirrormefashion\\vendor\\laravel\\framework\\src\\Illuminate\\Pipeline\\Pipeline.php(183): Illuminate\\Foundation\\Http\\Middleware\\ConvertEmptyStringsToNull->handle(Object(Illuminate\\Http\\Request), Object(Closure))
#62 D:\\laragon\\www\\mirrormefashion\\vendor\\laravel\\framework\\src\\Illuminate\\Foundation\\Http\\Middleware\\TransformsRequest.php(21): Illuminate\\Pipeline\\Pipeline->Illuminate\\Pipeline\\{closure}(Object(Illuminate\\Http\\Request))
#63 D:\\laragon\\www\\mirrormefashion\\vendor\\laravel\\framework\\src\\Illuminate\\Foundation\\Http\\Middleware\\TrimStrings.php(40): Illuminate\\Foundation\\Http\\Middleware\\TransformsRequest->handle(Object(Illuminate\\Http\\Request), Object(Closure))
#64 D:\\laragon\\www\\mirrormefashion\\vendor\\laravel\\framework\\src\\Illuminate\\Pipeline\\Pipeline.php(183): Illuminate\\Foundation\\Http\\Middleware\\TrimStrings->handle(Object(Illuminate\\Http\\Request), Object(Closure))
#65 D:\\laragon\\www\\mirrormefashion\\vendor\\laravel\\framework\\src\\Illuminate\\Foundation\\Http\\Middleware\\ValidatePostSize.php(27): Illuminate\\Pipeline\\Pipeline->Illuminate\\Pipeline\\{closure}(Object(Illuminate\\Http\\Request))
#66 D:\\laragon\\www\\mirrormefashion\\vendor\\laravel\\framework\\src\\Illuminate\\Pipeline\\Pipeline.php(183): Illuminate\\Foundation\\Http\\Middleware\\ValidatePostSize->handle(Object(Illuminate\\Http\\Request), Object(Closure))
#67 D:\\laragon\\www\\mirrormefashion\\vendor\\laravel\\framework\\src\\Illuminate\\Pipeline\\Pipeline.php(119): Illuminate\\Pipeline\\Pipeline->Illuminate\\Pipeline\\{closure}(Object(Illuminate\\Http\\Request))
#68 D:\\laragon\\www\\mirrormefashion\\vendor\\laravel\\framework\\src\\Illuminate\\Foundation\\Http\\Kernel.php(175): Illuminate\\Pipeline\\Pipeline->then(Object(Closure))
#69 D:\\laragon\\www\\mirrormefashion\\vendor\\laravel\\framework\\src\\Illuminate\\Foundation\\Http\\Kernel.php(144): Illuminate\\Foundation\\Http\\Kernel->sendRequestThroughRouter(Object(Illuminate\\Http\\Request))
#70 D:\\laragon\\www\\mirrormefashion\\index.php(56): Illuminate\\Foundation\\Http\\Kernel->handle(Object(Illuminate\\Http\\Request))
#71 {main}"} 
[2026-04-12 06:53:50] local.INFO: ParseBearerToken middleware invoked {"path":"/api/v2/analytics/creator","method":"GET","has_auth_header":true,"auth_header_preview":"Bearer 162|htku8Nbt0t7HbUxovVT...","is_bearer":true} 
[2026-04-12 06:53:50] local.INFO: Extracted bearer token {"token_preview":"162|htku8N...","token_length":52} 
[2026-04-12 06:53:50] local.INFO: Found personal access token {"token_id":162,"user_id":68,"revoked":null} 
[2026-04-12 06:53:50] local.INFO: User authenticated via bearer token {"user_id":68,"user_email":"freelancerzahedcreator@gmail.com"} 
[2026-04-12 06:53:50] local.ERROR: Analytics error {"error":"Array to string conversion","trace":"#0 D:\\laragon\\www\\mirrormefashion\\vendor\\laravel\\framework\\src\\Illuminate\\Foundation\\Bootstrap\\HandleExceptions.php(255): Illuminate\\Foundation\\Bootstrap\\HandleExceptions->handleError(2, 'Array to string...', 'D:\\\\laragon\\\\www\\\\...', 143)
#1 D:\\laragon\\www\\mirrormefashion\\app\\Http\\Controllers\\Api\\V2\\AnalyticsController.php(143): Illuminate\\Foundation\\Bootstrap\\HandleExceptions->Illuminate\\Foundation\\Bootstrap\\{closure}(2, 'Array to string...', 'D:\\\\laragon\\\\www\\\\...', 143)
#2 D:\\laragon\\www\\mirrormefashion\\app\\Http\\Controllers\\Api\\V2\\AnalyticsController.php(64): App\\Http\\Controllers\\Api\\V2\\AnalyticsController->calculateSizingBreakdown(Object(Illuminate\\Database\\Eloquent\\Collection))
#3 D:\\laragon\\www\\mirrormefashion\\vendor\\laravel\\framework\\src\\Illuminate\\Routing\\Controller.php(54): App\\Http\\Controllers\\Api\\V2\\AnalyticsController->getCreatorAnalytics(Object(Illuminate\\Http\\Request))
#4 D:\\laragon\\www\\mirrormefashion\\vendor\\laravel\\framework\\src\\Illuminate\\Routing\\ControllerDispatcher.php(43): Illuminate\\Routing\\Controller->callAction('getCreatorAnaly...', Array)
#5 D:\\laragon\\www\\mirrormefashion\\vendor\\laravel\\framework\\src\\Illuminate\\Routing\\Route.php(259): Illuminate\\Routing\\ControllerDispatcher->dispatch(Object(Illuminate\\Routing\\Route), Object(App\\Http\\Controllers\\Api\\V2\\AnalyticsController), 'getCreatorAnaly...')
#6 D:\\laragon\\www\\mirrormefashion\\vendor\\laravel\\framework\\src\\Illuminate\\Routing\\Route.php(205): Illuminate\\Routing\\Route->runController()
#7 D:\\laragon\\www\\mirrormefashion\\vendor\\laravel\\framework\\src\\Illuminate\\Routing\\Router.php(806): Illuminate\\Routing\\Route->run()
#8 D:\\laragon\\www\\mirrormefashion\\vendor\\laravel\\framework\\src\\Illuminate\\Pipeline\\Pipeline.php(144): Illuminate\\Routing\\Router->Illuminate\\Routing\\{closure}(Object(Illuminate\\Http\\Request))
#9 D:\\laragon\\www\\mirrormefashion\\app\\Http\\Middleware\\ParseBearerToken.php(98): Illuminate\\Pipeline\\Pipeline->Illuminate\\Pipeline\\{closure}(Object(Illuminate\\Http\\Request))
#10 D:\\laragon\\www\\mirrormefashion\\vendor\\laravel\\framework\\src\\Illuminate\\Pipeline\\Pipeline.php(183): App\\Http\\Middleware\\ParseBearerToken->handle(Object(Illuminate\\Http\\Request), Object(Closure))
#11 D:\\laragon\\www\\mirrormefashion\\app\\Http\\Middleware\\AppLanguage.php(35): Illuminate\\Pipeline\\Pipeline->Illuminate\\Pipeline\\{closure}(Object(Illuminate\\Http\\Request))
#12 D:\\laragon\\www\\mirrormefashion\\vendor\\laravel\\framework\\src\\Illuminate\\Pipeline\\Pipeline.php(183): App\\Http\\Middleware\\AppLanguage->handle(Object(Illuminate\\Http\\Request), Object(Closure))
#13 D:\\laragon\\www\\mirrormefashion\\app\\Http\\Middleware\\ApiJsonResponse.php(22): Illuminate\\Pipeline\\Pipeline->Illuminate\\Pipeline\\{closure}(Object(Illuminate\\Http\\Request))
#14 D:\\laragon\\www\\mirrormefashion\\vendor\\laravel\\framework\\src\\Illuminate\\Pipeline\\Pipeline.php(183): App\\Http\\Middleware\\ApiJsonResponse->handle(Object(Illuminate\\Http\\Request), Object(Closure))
#15 D:\\laragon\\www\\mirrormefashion\\app\\Http\\Middleware\\CheckForMaintenanceMode.php(64): Illuminate\\Pipeline\\Pipeline->Illuminate\\Pipeline\\{closure}(Object(Illuminate\\Http\\Request))
#16 D:\\laragon\\www\\mirrormefashion\\vendor\\laravel\\framework\\src\\Illuminate\\Pipeline\\Pipeline.php(183): App\\Http\\Middleware\\CheckForMaintenanceMode->handle(Object(Illuminate\\Http\\Request), Object(Closure))
#17 D:\\laragon\\www\\mirrormefashion\\vendor\\laravel\\framework\\src\\Illuminate\\Routing\\Middleware\\SubstituteBindings.php(50): Illuminate\\Pipeline\\Pipeline->Illuminate\\Pipeline\\{closure}(Object(Illuminate\\Http\\Request))
#18 D:\\laragon\\www\\mirrormefashion\\vendor\\laravel\\framework\\src\\Illuminate\\Pipeline\\Pipeline.php(183): Illuminate\\Routing\\Middleware\\SubstituteBindings->handle(Object(Illuminate\\Http\\Request), Object(Closure))
#19 D:\\laragon\\www\\mirrormefashion\\vendor\\laravel\\framework\\src\\Illuminate\\Auth\\Middleware\\Authenticate.php(57): Illuminate\\Pipeline\\Pipeline->Illuminate\\Pipeline\\{closure}(Object(Illuminate\\Http\\Request))
#20 D:\\laragon\\www\\mirrormefashion\\vendor\\laravel\\framework\\src\\Illuminate\\Pipeline\\Pipeline.php(183): Illuminate\\Auth\\Middleware\\Authenticate->handle(Object(Illuminate\\Http\\Request), Object(Closure), 'sanctum')
#21 D:\\laragon\\www\\mirrormefashion\\vendor\\laravel\\framework\\src\\Illuminate\\Routing\\Middleware\\ThrottleRequests.php(159): Illuminate\\Pipeline\\Pipeline->Illuminate\\Pipeline\\{closure}(Object(Illuminate\\Http\\Request))
#22 D:\\laragon\\www\\mirrormefashion\\vendor\\laravel\\framework\\src\\Illuminate\\Routing\\Middleware\\ThrottleRequests.php(125): Illuminate\\Routing\\Middleware\\ThrottleRequests->handleRequest(Object(Illuminate\\Http\\Request), Object(Closure), Array)
#23 D:\\laragon\\www\\mirrormefashion\\vendor\\laravel\\framework\\src\\Illuminate\\Routing\\Middleware\\ThrottleRequests.php(87): Illuminate\\Routing\\Middleware\\ThrottleRequests->handleRequestUsingNamedLimiter(Object(Illuminate\\Http\\Request), Object(Closure), 'api', Object(Closure))
#24 D:\\laragon\\www\\mirrormefashion\\vendor\\laravel\\framework\\src\\Illuminate\\Pipeline\\Pipeline.php(183): Illuminate\\Routing\\Middleware\\ThrottleRequests->handle(Object(Illuminate\\Http\\Request), Object(Closure), 'api')
#25 D:\\laragon\\www\\mirrormefashion\\vendor\\laravel\\sanctum\\src\\Http\\Middleware\\EnsureFrontendRequestsAreStateful.php(25): Illuminate\\Pipeline\\Pipeline->Illuminate\\Pipeline\\{closure}(Object(Illuminate\\Http\\Request))
#26 D:\\laragon\\www\\mirrormefashion\\vendor\\laravel\\framework\\src\\Illuminate\\Pipeline\\Pipeline.php(144): Laravel\\Sanctum\\Http\\Middleware\\EnsureFrontendRequestsAreStateful->Laravel\\Sanctum\\Http\\Middleware\\{closure}(Object(Illuminate\\Http\\Request))
#27 D:\\laragon\\www\\mirrormefashion\\vendor\\laravel\\framework\\src\\Illuminate\\Foundation\\Http\\Middleware\\VerifyCsrfToken.php(78): Illuminate\\Pipeline\\Pipeline->Illuminate\\Pipeline\\{closure}(Object(Illuminate\\Http\\Request))
#28 D:\\laragon\\www\\mirrormefashion\\vendor\\laravel\\framework\\src\\Illuminate\\Pipeline\\Pipeline.php(183): Illuminate\\Foundation\\Http\\Middleware\\VerifyCsrfToken->handle(Object(Illuminate\\Http\\Request), Object(Closure))
#29 D:\\laragon\\www\\mirrormefashion\\vendor\\laravel\\framework\\src\\Illuminate\\Session\\Middleware\\StartSession.php(121): Illuminate\\Pipeline\\Pipeline->Illuminate\\Pipeline\\{closure}(Object(Illuminate\\Http\\Request))
#30 D:\\laragon\\www\\mirrormefashion\\vendor\\laravel\\framework\\src\\Illuminate\\Session\\Middleware\\StartSession.php(64): Illuminate\\Session\\Middleware\\StartSession->handleStatefulRequest(Object(Illuminate\\Http\\Request), Object(Illuminate\\Session\\Store), Object(Closure))
#31 D:\\laragon\\www\\mirrormefashion\\vendor\\laravel\\framework\\src\\Illuminate\\Pipeline\\Pipeline.php(183): Illuminate\\Session\\Middleware\\StartSession->handle(Object(Illuminate\\Http\\Request), Object(Closure))
#32 D:\\laragon\\www\\mirrormefashion\\vendor\\laravel\\framework\\src\\Illuminate\\Cookie\\Middleware\\AddQueuedCookiesToResponse.php(37): Illuminate\\Pipeline\\Pipeline->Illuminate\\Pipeline\\{closure}(Object(Illuminate\\Http\\Request))
#33 D:\\laragon\\www\\mirrormefashion\\vendor\\laravel\\framework\\src\\Illuminate\\Pipeline\\Pipeline.php(183): Illuminate\\Cookie\\Middleware\\AddQueuedCookiesToResponse->handle(Object(Illuminate\\Http\\Request), Object(Closure))
#34 D:\\laragon\\www\\mirrormefashion\\vendor\\laravel\\framework\\src\\Illuminate\\Cookie\\Middleware\\EncryptCookies.php(67): Illuminate\\Pipeline\\Pipeline->Illuminate\\Pipeline\\{closure}(Object(Illuminate\\Http\\Request))
#35 D:\\laragon\\www\\mirrormefashion\\vendor\\laravel\\framework\\src\\Illuminate\\Pipeline\\Pipeline.php(183): Illuminate\\Cookie\\Middleware\\EncryptCookies->handle(Object(Illuminate\\Http\\Request), Object(Closure))
#36 D:\\laragon\\www\\mirrormefashion\\vendor\\laravel\\sanctum\\src\\Http\\Middleware\\EnsureFrontendRequestsAreStateful.php(61): Illuminate\\Pipeline\\Pipeline->Illuminate\\Pipeline\\{closure}(Object(Illuminate\\Http\\Request))
#37 D:\\laragon\\www\\mirrormefashion\\vendor\\laravel\\framework\\src\\Illuminate\\Pipeline\\Pipeline.php(165): Laravel\\Sanctum\\Http\\Middleware\\EnsureFrontendRequestsAreStateful->Laravel\\Sanctum\\Http\\Middleware\\{closure}(Object(Illuminate\\Http\\Request), Object(Closure))
#38 D:\\laragon\\www\\mirrormefashion\\vendor\\laravel\\framework\\src\\Illuminate\\Pipeline\\Pipeline.php(119): Illuminate\\Pipeline\\Pipeline->Illuminate\\Pipeline\\{closure}(Object(Illuminate\\Http\\Request))
#39 D:\\laragon\\www\\mirrormefashion\\vendor\\laravel\\sanctum\\src\\Http\\Middleware\\EnsureFrontendRequestsAreStateful.php(24): Illuminate\\Pipeline\\Pipeline->then(Object(Closure))
#40 D:\\laragon\\www\\mirrormefashion\\vendor\\laravel\\framework\\src\\Illuminate\\Pipeline\\Pipeline.php(183): Laravel\\Sanctum\\Http\\Middleware\\EnsureFrontendRequestsAreStateful->handle(Object(Illuminate\\Http\\Request), Object(Closure))
#41 D:\\laragon\\www\\mirrormefashion\\app\\Http\\Middleware\\CorsMiddleware.php(32): Illuminate\\Pipeline\\Pipeline->Illuminate\\Pipeline\\{closure}(Object(Illuminate\\Http\\Request))
#42 D:\\laragon\\www\\mirrormefashion\\vendor\\laravel\\framework\\src\\Illuminate\\Pipeline\\Pipeline.php(183): App\\Http\\Middleware\\CorsMiddleware->handle(Object(Illuminate\\Http\\Request), Object(Closure))
#43 D:\\laragon\\www\\mirrormefashion\\vendor\\laravel\\framework\\src\\Illuminate\\Pipeline\\Pipeline.php(119): Illuminate\\Pipeline\\Pipeline->Illuminate\\Pipeline\\{closure}(Object(Illuminate\\Http\\Request))
#44 D:\\laragon\\www\\mirrormefashion\\vendor\\laravel\\framework\\src\\Illuminate\\Routing\\Router.php(805): Illuminate\\Pipeline\\Pipeline->then(Object(Closure))
#45 D:\\laragon\\www\\mirrormefashion\\vendor\\laravel\\framework\\src\\Illuminate\\Routing\\Router.php(784): Illuminate\\Routing\\Router->runRouteWithinStack(Object(Illuminate\\Routing\\Route), Object(Illuminate\\Http\\Request))
#46 D:\\laragon\\www\\mirrormefashion\\vendor\\laravel\\framework\\src\\Illuminate\\Routing\\Router.php(748): Illuminate\\Routing\\Router->runRoute(Object(Illuminate\\Http\\Request), Object(Illuminate\\Routing\\Route))
#47 D:\\laragon\\www\\mirrormefashion\\vendor\\laravel\\framework\\src\\Illuminate\\Routing\\Router.php(737): Illuminate\\Routing\\Router->dispatchToRoute(Object(Illuminate\\Http\\Request))
#48 D:\\laragon\\www\\mirrormefashion\\vendor\\laravel\\framework\\src\\Illuminate\\Foundation\\Http\\Kernel.php(200): Illuminate\\Routing\\Router->dispatch(Object(Illuminate\\Http\\Request))
#49 D:\\laragon\\www\\mirrormefashion\\vendor\\laravel\\framework\\src\\Illuminate\\Pipeline\\Pipeline.php(144): Illuminate\\Foundation\\Http\\Kernel->Illuminate\\Foundation\\Http\\{closure}(Object(Illuminate\\Http\\Request))
#50 D:\\laragon\\www\\mirrormefashion\\vendor\\barryvdh\\laravel-debugbar\\src\\Middleware\\InjectDebugbar.php(66): Illuminate\\Pipeline\\Pipeline->Illuminate\\Pipeline\\{closure}(Object(Illuminate\\Http\\Request))
#51 D:\\laragon\\www\\mirrormefashion\\vendor\\laravel\\framework\\src\\Illuminate\\Pipeline\\Pipeline.php(183): Barryvdh\\Debugbar\\Middleware\\InjectDebugbar->handle(Object(Illuminate\\Http\\Request), Object(Closure))
#52 D:\\laragon\\www\\mirrormefashion\\vendor\\laravel\\framework\\src\\Illuminate\\View\\Middleware\\ShareErrorsFromSession.php(49): Illuminate\\Pipeline\\Pipeline->Illuminate\\Pipeline\\{closure}(Object(Illuminate\\Http\\Request))
#53 D:\\laragon\\www\\mirrormefashion\\vendor\\laravel\\framework\\src\\Illuminate\\Pipeline\\Pipeline.php(183): Illuminate\\View\\Middleware\\ShareErrorsFromSession->handle(Object(Illuminate\\Http\\Request), Object(Closure))
#54 D:\\laragon\\www\\mirrormefashion\\vendor\\laravel\\framework\\src\\Illuminate\\Session\\Middleware\\StartSession.php(121): Illuminate\\Pipeline\\Pipeline->Illuminate\\Pipeline\\{closure}(Object(Illuminate\\Http\\Request))
#55 D:\\laragon\\www\\mirrormefashion\\vendor\\laravel\\framework\\src\\Illuminate\\Session\\Middleware\\StartSession.php(64): Illuminate\\Session\\Middleware\\StartSession->handleStatefulRequest(Object(Illuminate\\Http\\Request), Object(Illuminate\\Session\\Store), Object(Closure))
#56 D:\\laragon\\www\\mirrormefashion\\vendor\\laravel\\framework\\src\\Illuminate\\Pipeline\\Pipeline.php(183): Illuminate\\Session\\Middleware\\StartSession->handle(Object(Illuminate\\Http\\Request), Object(Closure))
#57 D:\\laragon\\www\\mirrormefashion\\vendor\\laravel\\framework\\src\\Illuminate\\Http\\Middleware\\TrustProxies.php(39): Illuminate\\Pipeline\\Pipeline->Illuminate\\Pipeline\\{closure}(Object(Illuminate\\Http\\Request))
#58 D:\\laragon\\www\\mirrormefashion\\vendor\\laravel\\framework\\src\\Illuminate\\Pipeline\\Pipeline.php(183): Illuminate\\Http\\Middleware\\TrustProxies->handle(Object(Illuminate\\Http\\Request), Object(Closure))
#59 D:\\laragon\\www\\mirrormefashion\\vendor\\laravel\\framework\\src\\Illuminate\\Foundation\\Http\\Middleware\\TransformsRequest.php(21): Illuminate\\Pipeline\\Pipeline->Illuminate\\Pipeline\\{closure}(Object(Illuminate\\Http\\Request))
#60 D:\\laragon\\www\\mirrormefashion\\vendor\\laravel\\framework\\src\\Illuminate\\Foundation\\Http\\Middleware\\ConvertEmptyStringsToNull.php(31): Illuminate\\Foundation\\Http\\Middleware\\TransformsRequest->handle(Object(Illuminate\\Http\\Request), Object(Closure))
#61 D:\\laragon\\www\\mirrormefashion\\vendor\\laravel\\framework\\src\\Illuminate\\Pipeline\\Pipeline.php(183): Illuminate\\Foundation\\Http\\Middleware\\ConvertEmptyStringsToNull->handle(Object(Illuminate\\Http\\Request), Object(Closure))
#62 D:\\laragon\\www\\mirrormefashion\\vendor\\laravel\\framework\\src\\Illuminate\\Foundation\\Http\\Middleware\\TransformsRequest.php(21): Illuminate\\Pipeline\\Pipeline->Illuminate\\Pipeline\\{closure}(Object(Illuminate\\Http\\Request))
#63 D:\\laragon\\www\\mirrormefashion\\vendor\\laravel\\framework\\src\\Illuminate\\Foundation\\Http\\Middleware\\TrimStrings.php(40): Illuminate\\Foundation\\Http\\Middleware\\TransformsRequest->handle(Object(Illuminate\\Http\\Request), Object(Closure))
#64 D:\\laragon\\www\\mirrormefashion\\vendor\\laravel\\framework\\src\\Illuminate\\Pipeline\\Pipeline.php(183): Illuminate\\Foundation\\Http\\Middleware\\TrimStrings->handle(Object(Illuminate\\Http\\Request), Object(Closure))
#65 D:\\laragon\\www\\mirrormefashion\\vendor\\laravel\\framework\\src\\Illuminate\\Foundation\\Http\\Middleware\\ValidatePostSize.php(27): Illuminate\\Pipeline\\Pipeline->Illuminate\\Pipeline\\{closure}(Object(Illuminate\\Http\\Request))
#66 D:\\laragon\\www\\mirrormefashion\\vendor\\laravel\\framework\\src\\Illuminate\\Pipeline\\Pipeline.php(183): Illuminate\\Foundation\\Http\\Middleware\\ValidatePostSize->handle(Object(Illuminate\\Http\\Request), Object(Closure))
#67 D:\\laragon\\www\\mirrormefashion\\vendor\\laravel\\framework\\src\\Illuminate\\Pipeline\\Pipeline.php(119): Illuminate\\Pipeline\\Pipeline->Illuminate\\Pipeline\\{closure}(Object(Illuminate\\Http\\Request))
#68 D:\\laragon\\www\\mirrormefashion\\vendor\\laravel\\framework\\src\\Illuminate\\Foundation\\Http\\Kernel.php(175): Illuminate\\Pipeline\\Pipeline->then(Object(Closure))
#69 D:\\laragon\\www\\mirrormefashion\\vendor\\laravel\\framework\\src\\Illuminate\\Foundation\\Http\\Kernel.php(144): Illuminate\\Foundation\\Http\\Kernel->sendRequestThroughRouter(Object(Illuminate\\Http\\Request))
#70 D:\\laragon\\www\\mirrormefashion\\index.php(56): Illuminate\\Foundation\\Http\\Kernel->handle(Object(Illuminate\\Http\\Request))
#71 {main}"} 
[2026-04-12 06:53:51] local.INFO: ParseBearerToken middleware invoked {"path":"/api/v2/analytics/creator","method":"GET","has_auth_header":true,"auth_header_preview":"Bearer 162|htku8Nbt0t7HbUxovVT...","is_bearer":true} 
[2026-04-12 06:53:51] local.INFO: Extracted bearer token {"token_preview":"162|htku8N...","token_length":52} 
[2026-04-12 06:53:51] local.INFO: Found personal access token {"token_id":162,"user_id":68,"revoked":null} 
[2026-04-12 06:53:51] local.INFO: User authenticated via bearer token {"user_id":68,"user_email":"freelancerzahedcreator@gmail.com"} 
[2026-04-12 06:53:51] local.ERROR: Analytics error {"error":"Array to string conversion","trace":"#0 D:\\laragon\\www\\mirrormefashion\\vendor\\laravel\\framework\\src\\Illuminate\\Foundation\\Bootstrap\\HandleExceptions.php(255): Illuminate\\Foundation\\Bootstrap\\HandleExceptions->handleError(2, 'Array to string...', 'D:\\\\laragon\\\\www\\\\...', 143)
#1 D:\\laragon\\www\\mirrormefashion\\app\\Http\\Controllers\\Api\\V2\\AnalyticsController.php(143): Illuminate\\Foundation\\Bootstrap\\HandleExceptions->Illuminate\\Foundation\\Bootstrap\\{closure}(2, 'Array to string...', 'D:\\\\laragon\\\\www\\\\...', 143)
#2 D:\\laragon\\www\\mirrormefashion\\app\\Http\\Controllers\\Api\\V2\\AnalyticsController.php(64): App\\Http\\Controllers\\Api\\V2\\AnalyticsController->calculateSizingBreakdown(Object(Illuminate\\Database\\Eloquent\\Collection))
#3 D:\\laragon\\www\\mirrormefashion\\vendor\\laravel\\framework\\src\\Illuminate\\Routing\\Controller.php(54): App\\Http\\Controllers\\Api\\V2\\AnalyticsController->getCreatorAnalytics(Object(Illuminate\\Http\\Request))
#4 D:\\laragon\\www\\mirrormefashion\\vendor\\laravel\\framework\\src\\Illuminate\\Routing\\ControllerDispatcher.php(43): Illuminate\\Routing\\Controller->callAction('getCreatorAnaly...', Array)
#5 D:\\laragon\\www\\mirrormefashion\\vendor\\laravel\\framework\\src\\Illuminate\\Routing\\Route.php(259): Illuminate\\Routing\\ControllerDispatcher->dispatch(Object(Illuminate\\Routing\\Route), Object(App\\Http\\Controllers\\Api\\V2\\AnalyticsController), 'getCreatorAnaly...')
#6 D:\\laragon\\www\\mirrormefashion\\vendor\\laravel\\framework\\src\\Illuminate\\Routing\\Route.php(205): Illuminate\\Routing\\Route->runController()
#7 D:\\laragon\\www\\mirrormefashion\\vendor\\laravel\\framework\\src\\Illuminate\\Routing\\Router.php(806): Illuminate\\Routing\\Route->run()
#8 D:\\laragon\\www\\mirrormefashion\\vendor\\laravel\\framework\\src\\Illuminate\\Pipeline\\Pipeline.php(144): Illuminate\\Routing\\Router->Illuminate\\Routing\\{closure}(Object(Illuminate\\Http\\Request))
#9 D:\\laragon\\www\\mirrormefashion\\app\\Http\\Middleware\\ParseBearerToken.php(98): Illuminate\\Pipeline\\Pipeline->Illuminate\\Pipeline\\{closure}(Object(Illuminate\\Http\\Request))
#10 D:\\laragon\\www\\mirrormefashion\\vendor\\laravel\\framework\\src\\Illuminate\\Pipeline\\Pipeline.php(183): App\\Http\\Middleware\\ParseBearerToken->handle(Object(Illuminate\\Http\\Request), Object(Closure))
#11 D:\\laragon\\www\\mirrormefashion\\app\\Http\\Middleware\\AppLanguage.php(35): Illuminate\\Pipeline\\Pipeline->Illuminate\\Pipeline\\{closure}(Object(Illuminate\\Http\\Request))
#12 D:\\laragon\\www\\mirrormefashion\\vendor\\laravel\\framework\\src\\Illuminate\\Pipeline\\Pipeline.php(183): App\\Http\\Middleware\\AppLanguage->handle(Object(Illuminate\\Http\\Request), Object(Closure))
#13 D:\\laragon\\www\\mirrormefashion\\app\\Http\\Middleware\\ApiJsonResponse.php(22): Illuminate\\Pipeline\\Pipeline->Illuminate\\Pipeline\\{closure}(Object(Illuminate\\Http\\Request))
#14 D:\\laragon\\www\\mirrormefashion\\vendor\\laravel\\framework\\src\\Illuminate\\Pipeline\\Pipeline.php(183): App\\Http\\Middleware\\ApiJsonResponse->handle(Object(Illuminate\\Http\\Request), Object(Closure))
#15 D:\\laragon\\www\\mirrormefashion\\app\\Http\\Middleware\\CheckForMaintenanceMode.php(64): Illuminate\\Pipeline\\Pipeline->Illuminate\\Pipeline\\{closure}(Object(Illuminate\\Http\\Request))
#16 D:\\laragon\\www\\mirrormefashion\\vendor\\laravel\\framework\\src\\Illuminate\\Pipeline\\Pipeline.php(183): App\\Http\\Middleware\\CheckForMaintenanceMode->handle(Object(Illuminate\\Http\\Request), Object(Closure))
#17 D:\\laragon\\www\\mirrormefashion\\vendor\\laravel\\framework\\src\\Illuminate\\Routing\\Middleware\\SubstituteBindings.php(50): Illuminate\\Pipeline\\Pipeline->Illuminate\\Pipeline\\{closure}(Object(Illuminate\\Http\\Request))
#18 D:\\laragon\\www\\mirrormefashion\\vendor\\laravel\\framework\\src\\Illuminate\\Pipeline\\Pipeline.php(183): Illuminate\\Routing\\Middleware\\SubstituteBindings->handle(Object(Illuminate\\Http\\Request), Object(Closure))
#19 D:\\laragon\\www\\mirrormefashion\\vendor\\laravel\\framework\\src\\Illuminate\\Auth\\Middleware\\Authenticate.php(57): Illuminate\\Pipeline\\Pipeline->Illuminate\\Pipeline\\{closure}(Object(Illuminate\\Http\\Request))
#20 D:\\laragon\\www\\mirrormefashion\\vendor\\laravel\\framework\\src\\Illuminate\\Pipeline\\Pipeline.php(183): Illuminate\\Auth\\Middleware\\Authenticate->handle(Object(Illuminate\\Http\\Request), Object(Closure), 'sanctum')
#21 D:\\laragon\\www\\mirrormefashion\\vendor\\laravel\\framework\\src\\Illuminate\\Routing\\Middleware\\ThrottleRequests.php(159): Illuminate\\Pipeline\\Pipeline->Illuminate\\Pipeline\\{closure}(Object(Illuminate\\Http\\Request))
#22 D:\\laragon\\www\\mirrormefashion\\vendor\\laravel\\framework\\src\\Illuminate\\Routing\\Middleware\\ThrottleRequests.php(125): Illuminate\\Routing\\Middleware\\ThrottleRequests->handleRequest(Object(Illuminate\\Http\\Request), Object(Closure), Array)
#23 D:\\laragon\\www\\mirrormefashion\\vendor\\laravel\\framework\\src\\Illuminate\\Routing\\Middleware\\ThrottleRequests.php(87): Illuminate\\Routing\\Middleware\\ThrottleRequests->handleRequestUsingNamedLimiter(Object(Illuminate\\Http\\Request), Object(Closure), 'api', Object(Closure))
#24 D:\\laragon\\www\\mirrormefashion\\vendor\\laravel\\framework\\src\\Illuminate\\Pipeline\\Pipeline.php(183): Illuminate\\Routing\\Middleware\\ThrottleRequests->handle(Object(Illuminate\\Http\\Request), Object(Closure), 'api')
#25 D:\\laragon\\www\\mirrormefashion\\vendor\\laravel\\sanctum\\src\\Http\\Middleware\\EnsureFrontendRequestsAreStateful.php(25): Illuminate\\Pipeline\\Pipeline->Illuminate\\Pipeline\\{closure}(Object(Illuminate\\Http\\Request))
#26 D:\\laragon\\www\\mirrormefashion\\vendor\\laravel\\framework\\src\\Illuminate\\Pipeline\\Pipeline.php(144): Laravel\\Sanctum\\Http\\Middleware\\EnsureFrontendRequestsAreStateful->Laravel\\Sanctum\\Http\\Middleware\\{closure}(Object(Illuminate\\Http\\Request))
#27 D:\\laragon\\www\\mirrormefashion\\vendor\\laravel\\framework\\src\\Illuminate\\Foundation\\Http\\Middleware\\VerifyCsrfToken.php(78): Illuminate\\Pipeline\\Pipeline->Illuminate\\Pipeline\\{closure}(Object(Illuminate\\Http\\Request))
#28 D:\\laragon\\www\\mirrormefashion\\vendor\\laravel\\framework\\src\\Illuminate\\Pipeline\\Pipeline.php(183): Illuminate\\Foundation\\Http\\Middleware\\VerifyCsrfToken->handle(Object(Illuminate\\Http\\Request), Object(Closure))
#29 D:\\laragon\\www\\mirrormefashion\\vendor\\laravel\\framework\\src\\Illuminate\\Session\\Middleware\\StartSession.php(121): Illuminate\\Pipeline\\Pipeline->Illuminate\\Pipeline\\{closure}(Object(Illuminate\\Http\\Request))
#30 D:\\laragon\\www\\mirrormefashion\\vendor\\laravel\\framework\\src\\Illuminate\\Session\\Middleware\\StartSession.php(64): Illuminate\\Session\\Middleware\\StartSession->handleStatefulRequest(Object(Illuminate\\Http\\Request), Object(Illuminate\\Session\\Store), Object(Closure))
#31 D:\\laragon\\www\\mirrormefashion\\vendor\\laravel\\framework\\src\\Illuminate\\Pipeline\\Pipeline.php(183): Illuminate\\Session\\Middleware\\StartSession->handle(Object(Illuminate\\Http\\Request), Object(Closure))
#32 D:\\laragon\\www\\mirrormefashion\\vendor\\laravel\\framework\\src\\Illuminate\\Cookie\\Middleware\\AddQueuedCookiesToResponse.php(37): Illuminate\\Pipeline\\Pipeline->Illuminate\\Pipeline\\{closure}(Object(Illuminate\\Http\\Request))
#33 D:\\laragon\\www\\mirrormefashion\\vendor\\laravel\\framework\\src\\Illuminate\\Pipeline\\Pipeline.php(183): Illuminate\\Cookie\\Middleware\\AddQueuedCookiesToResponse->handle(Object(Illuminate\\Http\\Request), Object(Closure))
#34 D:\\laragon\\www\\mirrormefashion\\vendor\\laravel\\framework\\src\\Illuminate\\Cookie\\Middleware\\EncryptCookies.php(67): Illuminate\\Pipeline\\Pipeline->Illuminate\\Pipeline\\{closure}(Object(Illuminate\\Http\\Request))
#35 D:\\laragon\\www\\mirrormefashion\\vendor\\laravel\\framework\\src\\Illuminate\\Pipeline\\Pipeline.php(183): Illuminate\\Cookie\\Middleware\\EncryptCookies->handle(Object(Illuminate\\Http\\Request), Object(Closure))
#36 D:\\laragon\\www\\mirrormefashion\\vendor\\laravel\\sanctum\\src\\Http\\Middleware\\EnsureFrontendRequestsAreStateful.php(61): Illuminate\\Pipeline\\Pipeline->Illuminate\\Pipeline\\{closure}(Object(Illuminate\\Http\\Request))
#37 D:\\laragon\\www\\mirrormefashion\\vendor\\laravel\\framework\\src\\Illuminate\\Pipeline\\Pipeline.php(165): Laravel\\Sanctum\\Http\\Middleware\\EnsureFrontendRequestsAreStateful->Laravel\\Sanctum\\Http\\Middleware\\{closure}(Object(Illuminate\\Http\\Request), Object(Closure))
#38 D:\\laragon\\www\\mirrormefashion\\vendor\\laravel\\framework\\src\\Illuminate\\Pipeline\\Pipeline.php(119): Illuminate\\Pipeline\\Pipeline->Illuminate\\Pipeline\\{closure}(Object(Illuminate\\Http\\Request))
#39 D:\\laragon\\www\\mirrormefashion\\vendor\\laravel\\sanctum\\src\\Http\\Middleware\\EnsureFrontendRequestsAreStateful.php(24): Illuminate\\Pipeline\\Pipeline->then(Object(Closure))
#40 D:\\laragon\\www\\mirrormefashion\\vendor\\laravel\\framework\\src\\Illuminate\\Pipeline\\Pipeline.php(183): Laravel\\Sanctum\\Http\\Middleware\\EnsureFrontendRequestsAreStateful->handle(Object(Illuminate\\Http\\Request), Object(Closure))
#41 D:\\laragon\\www\\mirrormefashion\\app\\Http\\Middleware\\CorsMiddleware.php(32): Illuminate\\Pipeline\\Pipeline->Illuminate\\Pipeline\\{closure}(Object(Illuminate\\Http\\Request))
#42 D:\\laragon\\www\\mirrormefashion\\vendor\\laravel\\framework\\src\\Illuminate\\Pipeline\\Pipeline.php(183): App\\Http\\Middleware\\CorsMiddleware->handle(Object(Illuminate\\Http\\Request), Object(Closure))
#43 D:\\laragon\\www\\mirrormefashion\\vendor\\laravel\\framework\\src\\Illuminate\\Pipeline\\Pipeline.php(119): Illuminate\\Pipeline\\Pipeline->Illuminate\\Pipeline\\{closure}(Object(Illuminate\\Http\\Request))
#44 D:\\laragon\\www\\mirrormefashion\\vendor\\laravel\\framework\\src\\Illuminate\\Routing\\Router.php(805): Illuminate\\Pipeline\\Pipeline->then(Object(Closure))
#45 D:\\laragon\\www\\mirrormefashion\\vendor\\laravel\\framework\\src\\Illuminate\\Routing\\Router.php(784): Illuminate\\Routing\\Router->runRouteWithinStack(Object(Illuminate\\Routing\\Route), Object(Illuminate\\Http\\Request))
#46 D:\\laragon\\www\\mirrormefashion\\vendor\\laravel\\framework\\src\\Illuminate\\Routing\\Router.php(748): Illuminate\\Routing\\Router->runRoute(Object(Illuminate\\Http\\Request), Object(Illuminate\\Routing\\Route))
#47 D:\\laragon\\www\\mirrormefashion\\vendor\\laravel\\framework\\src\\Illuminate\\Routing\\Router.php(737): Illuminate\\Routing\\Router->dispatchToRoute(Object(Illuminate\\Http\\Request))
#48 D:\\laragon\\www\\mirrormefashion\\vendor\\laravel\\framework\\src\\Illuminate\\Foundation\\Http\\Kernel.php(200): Illuminate\\Routing\\Router->dispatch(Object(Illuminate\\Http\\Request))
#49 D:\\laragon\\www\\mirrormefashion\\vendor\\laravel\\framework\\src\\Illuminate\\Pipeline\\Pipeline.php(144): Illuminate\\Foundation\\Http\\Kernel->Illuminate\\Foundation\\Http\\{closure}(Object(Illuminate\\Http\\Request))
#50 D:\\laragon\\www\\mirrormefashion\\vendor\\barryvdh\\laravel-debugbar\\src\\Middleware\\InjectDebugbar.php(66): Illuminate\\Pipeline\\Pipeline->Illuminate\\Pipeline\\{closure}(Object(Illuminate\\Http\\Request))
#51 D:\\laragon\\www\\mirrormefashion\\vendor\\laravel\\framework\\src\\Illuminate\\Pipeline\\Pipeline.php(183): Barryvdh\\Debugbar\\Middleware\\InjectDebugbar->handle(Object(Illuminate\\Http\\Request), Object(Closure))
#52 D:\\laragon\\www\\mirrormefashion\\vendor\\laravel\\framework\\src\\Illuminate\\View\\Middleware\\ShareErrorsFromSession.php(49): Illuminate\\Pipeline\\Pipeline->Illuminate\\Pipeline\\{closure}(Object(Illuminate\\Http\\Request))
#53 D:\\laragon\\www\\mirrormefashion\\vendor\\laravel\\framework\\src\\Illuminate\\Pipeline\\Pipeline.php(183): Illuminate\\View\\Middleware\\ShareErrorsFromSession->handle(Object(Illuminate\\Http\\Request), Object(Closure))
#54 D:\\laragon\\www\\mirrormefashion\\vendor\\laravel\\framework\\src\\Illuminate\\Session\\Middleware\\StartSession.php(121): Illuminate\\Pipeline\\Pipeline->Illuminate\\Pipeline\\{closure}(Object(Illuminate\\Http\\Request))
#55 D:\\laragon\\www\\mirrormefashion\\vendor\\laravel\\framework\\src\\Illuminate\\Session\\Middleware\\StartSession.php(64): Illuminate\\Session\\Middleware\\StartSession->handleStatefulRequest(Object(Illuminate\\Http\\Request), Object(Illuminate\\Session\\Store), Object(Closure))
#56 D:\\laragon\\www\\mirrormefashion\\vendor\\laravel\\framework\\src\\Illuminate\\Pipeline\\Pipeline.php(183): Illuminate\\Session\\Middleware\\StartSession->handle(Object(Illuminate\\Http\\Request), Object(Closure))
#57 D:\\laragon\\www\\mirrormefashion\\vendor\\laravel\\framework\\src\\Illuminate\\Http\\Middleware\\TrustProxies.php(39): Illuminate\\Pipeline\\Pipeline->Illuminate\\Pipeline\\{closure}(Object(Illuminate\\Http\\Request))
#58 D:\\laragon\\www\\mirrormefashion\\vendor\\laravel\\framework\\src\\Illuminate\\Pipeline\\Pipeline.php(183): Illuminate\\Http\\Middleware\\TrustProxies->handle(Object(Illuminate\\Http\\Request), Object(Closure))
#59 D:\\laragon\\www\\mirrormefashion\\vendor\\laravel\\framework\\src\\Illuminate\\Foundation\\Http\\Middleware\\TransformsRequest.php(21): Illuminate\\Pipeline\\Pipeline->Illuminate\\Pipeline\\{closure}(Object(Illuminate\\Http\\Request))
#60 D:\\laragon\\www\\mirrormefashion\\vendor\\laravel\\framework\\src\\Illuminate\\Foundation\\Http\\Middleware\\ConvertEmptyStringsToNull.php(31): Illuminate\\Foundation\\Http\\Middleware\\TransformsRequest->handle(Object(Illuminate\\Http\\Request), Object(Closure))
#61 D:\\laragon\\www\\mirrormefashion\\vendor\\laravel\\framework\\src\\Illuminate\\Pipeline\\Pipeline.php(183): Illuminate\\Foundation\\Http\\Middleware\\ConvertEmptyStringsToNull->handle(Object(Illuminate\\Http\\Request), Object(Closure))
#62 D:\\laragon\\www\\mirrormefashion\\vendor\\laravel\\framework\\src\\Illuminate\\Foundation\\Http\\Middleware\\TransformsRequest.php(21): Illuminate\\Pipeline\\Pipeline->Illuminate\\Pipeline\\{closure}(Object(Illuminate\\Http\\Request))
#63 D:\\laragon\\www\\mirrormefashion\\vendor\\laravel\\framework\\src\\Illuminate\\Foundation\\Http\\Middleware\\TrimStrings.php(40): Illuminate\\Foundation\\Http\\Middleware\\TransformsRequest->handle(Object(Illuminate\\Http\\Request), Object(Closure))
#64 D:\\laragon\\www\\mirrormefashion\\vendor\\laravel\\framework\\src\\Illuminate\\Pipeline\\Pipeline.php(183): Illuminate\\Foundation\\Http\\Middleware\\TrimStrings->handle(Object(Illuminate\\Http\\Request), Object(Closure))
#65 D:\\laragon\\www\\mirrormefashion\\vendor\\laravel\\framework\\src\\Illuminate\\Foundation\\Http\\Middleware\\ValidatePostSize.php(27): Illuminate\\Pipeline\\Pipeline->Illuminate\\Pipeline\\{closure}(Object(Illuminate\\Http\\Request))
#66 D:\\laragon\\www\\mirrormefashion\\vendor\\laravel\\framework\\src\\Illuminate\\Pipeline\\Pipeline.php(183): Illuminate\\Foundation\\Http\\Middleware\\ValidatePostSize->handle(Object(Illuminate\\Http\\Request), Object(Closure))
#67 D:\\laragon\\www\\mirrormefashion\\vendor\\laravel\\framework\\src\\Illuminate\\Pipeline\\Pipeline.php(119): Illuminate\\Pipeline\\Pipeline->Illuminate\\Pipeline\\{closure}(Object(Illuminate\\Http\\Request))
#68 D:\\laragon\\www\\mirrormefashion\\vendor\\laravel\\framework\\src\\Illuminate\\Foundation\\Http\\Kernel.php(175): Illuminate\\Pipeline\\Pipeline->then(Object(Closure))
#69 D:\\laragon\\www\\mirrormefashion\\vendor\\laravel\\framework\\src\\Illuminate\\Foundation\\Http\\Kernel.php(144): Illuminate\\Foundation\\Http\\Kernel->sendRequestThroughRouter(Object(Illuminate\\Http\\Request))
#70 D:\\laragon\\www\\mirrormefashion\\index.php(56): Illuminate\\Foundation\\Http\\Kernel->handle(Object(Illuminate\\Http\\Request))
#71 {main}"} 
[2026-04-12 06:54:13] local.INFO: ParseBearerToken middleware invoked {"path":"/api/v2/campaign","method":"GET","has_auth_header":true,"auth_header_preview":"Bearer 160|kJdpaDrHOZ9nSgkeOYj...","is_bearer":true} 
[2026-04-12 06:54:13] local.INFO: Extracted bearer token {"token_preview":"160|kJdpaD...","token_length":52} 
[2026-04-12 06:54:13] local.INFO: Found personal access token {"token_id":160,"user_id":68,"revoked":null} 
[2026-04-12 06:54:13] local.INFO: User authenticated via bearer token {"user_id":68,"user_email":"freelancerzahedcreator@gmail.com"} 
[2026-04-12 06:54:13] local.INFO: Returning campaigns for user {"user_id":68,"campaign_count":2,"statuses":["draft","draft"]} 
[2026-04-12 06:54:43] local.INFO: ParseBearerToken middleware invoked {"path":"/api/v2/campaign","method":"GET","has_auth_header":true,"auth_header_preview":"Bearer 160|kJdpaDrHOZ9nSgkeOYj...","is_bearer":true} 
[2026-04-12 06:54:43] local.INFO: Extracted bearer token {"token_preview":"160|kJdpaD...","token_length":52} 
[2026-04-12 06:54:43] local.INFO: Found personal access token {"token_id":160,"user_id":68,"revoked":null} 
[2026-04-12 06:54:43] local.INFO: User authenticated via bearer token {"user_id":68,"user_email":"freelancerzahedcreator@gmail.com"} 
[2026-04-12 06:54:43] local.INFO: Returning campaigns for user {"user_id":68,"campaign_count":2,"statuses":["draft","draft"]} 
[2026-04-12 06:55:05] local.INFO: ParseBearerToken middleware invoked {"path":"/api/v2/campaign","method":"GET","has_auth_header":true,"auth_header_preview":"Bearer 160|kJdpaDrHOZ9nSgkeOYj...","is_bearer":true} 
[2026-04-12 06:55:05] local.INFO: Extracted bearer token {"token_preview":"160|kJdpaD...","token_length":52} 
[2026-04-12 06:55:05] local.INFO: Found personal access token {"token_id":160,"user_id":68,"revoked":null} 
[2026-04-12 06:55:05] local.INFO: User authenticated via bearer token {"user_id":68,"user_email":"freelancerzahedcreator@gmail.com"} 
[2026-04-12 06:55:05] local.INFO: Returning campaigns for user {"user_id":68,"campaign_count":2,"statuses":["draft","draft"]} 
[2026-04-12 06:55:06] local.INFO: ParseBearerToken middleware invoked {"path":"/api/v2/campaign","method":"GET","has_auth_header":true,"auth_header_preview":"Bearer 160|kJdpaDrHOZ9nSgkeOYj...","is_bearer":true} 
[2026-04-12 06:55:06] local.INFO: Extracted bearer token {"token_preview":"160|kJdpaD...","token_length":52} 
[2026-04-12 06:55:06] local.INFO: Found personal access token {"token_id":160,"user_id":68,"revoked":null} 
[2026-04-12 06:55:06] local.INFO: User authenticated via bearer token {"user_id":68,"user_email":"freelancerzahedcreator@gmail.com"} 
[2026-04-12 06:55:06] local.INFO: Returning campaigns for user {"user_id":68,"campaign_count":2,"statuses":["draft","draft"]} 
[2026-04-12 06:55:14] local.INFO: ParseBearerToken middleware invoked {"path":"/api/v2/analytics/creator","method":"GET","has_auth_header":true,"auth_header_preview":"Bearer 160|kJdpaDrHOZ9nSgkeOYj...","is_bearer":true} 
[2026-04-12 06:55:14] local.INFO: Extracted bearer token {"token_preview":"160|kJdpaD...","token_length":52} 
[2026-04-12 06:55:14] local.INFO: Found personal access token {"token_id":160,"user_id":68,"revoked":null} 
[2026-04-12 06:55:14] local.INFO: User authenticated via bearer token {"user_id":68,"user_email":"freelancerzahedcreator@gmail.com"} 
[2026-04-12 06:55:14] local.ERROR: Analytics error {"error":"Array to string conversion","trace":"#0 D:\\laragon\\www\\mirrormefashion\\vendor\\laravel\\framework\\src\\Illuminate\\Foundation\\Bootstrap\\HandleExceptions.php(255): Illuminate\\Foundation\\Bootstrap\\HandleExceptions->handleError(2, 'Array to string...', 'D:\\\\laragon\\\\www\\\\...', 146)
#1 D:\\laragon\\www\\mirrormefashion\\app\\Http\\Controllers\\Api\\V2\\AnalyticsController.php(146): Illuminate\\Foundation\\Bootstrap\\HandleExceptions->Illuminate\\Foundation\\Bootstrap\\{closure}(2, 'Array to string...', 'D:\\\\laragon\\\\www\\\\...', 146)
#2 D:\\laragon\\www\\mirrormefashion\\app\\Http\\Controllers\\Api\\V2\\AnalyticsController.php(67): App\\Http\\Controllers\\Api\\V2\\AnalyticsController->calculateSizingBreakdown(Object(Illuminate\\Database\\Eloquent\\Collection))
#3 D:\\laragon\\www\\mirrormefashion\\vendor\\laravel\\framework\\src\\Illuminate\\Routing\\Controller.php(54): App\\Http\\Controllers\\Api\\V2\\AnalyticsController->getCreatorAnalytics(Object(Illuminate\\Http\\Request))
#4 D:\\laragon\\www\\mirrormefashion\\vendor\\laravel\\framework\\src\\Illuminate\\Routing\\ControllerDispatcher.php(43): Illuminate\\Routing\\Controller->callAction('getCreatorAnaly...', Array)
#5 D:\\laragon\\www\\mirrormefashion\\vendor\\laravel\\framework\\src\\Illuminate\\Routing\\Route.php(259): Illuminate\\Routing\\ControllerDispatcher->dispatch(Object(Illuminate\\Routing\\Route), Object(App\\Http\\Controllers\\Api\\V2\\AnalyticsController), 'getCreatorAnaly...')
#6 D:\\laragon\\www\\mirrormefashion\\vendor\\laravel\\framework\\src\\Illuminate\\Routing\\Route.php(205): Illuminate\\Routing\\Route->runController()
#7 D:\\laragon\\www\\mirrormefashion\\vendor\\laravel\\framework\\src\\Illuminate\\Routing\\Router.php(806): Illuminate\\Routing\\Route->run()
#8 D:\\laragon\\www\\mirrormefashion\\vendor\\laravel\\framework\\src\\Illuminate\\Pipeline\\Pipeline.php(144): Illuminate\\Routing\\Router->Illuminate\\Routing\\{closure}(Object(Illuminate\\Http\\Request))
#9 D:\\laragon\\www\\mirrormefashion\\app\\Http\\Middleware\\ParseBearerToken.php(98): Illuminate\\Pipeline\\Pipeline->Illuminate\\Pipeline\\{closure}(Object(Illuminate\\Http\\Request))
#10 D:\\laragon\\www\\mirrormefashion\\vendor\\laravel\\framework\\src\\Illuminate\\Pipeline\\Pipeline.php(183): App\\Http\\Middleware\\ParseBearerToken->handle(Object(Illuminate\\Http\\Request), Object(Closure))
#11 D:\\laragon\\www\\mirrormefashion\\app\\Http\\Middleware\\AppLanguage.php(35): Illuminate\\Pipeline\\Pipeline->Illuminate\\Pipeline\\{closure}(Object(Illuminate\\Http\\Request))
#12 D:\\laragon\\www\\mirrormefashion\\vendor\\laravel\\framework\\src\\Illuminate\\Pipeline\\Pipeline.php(183): App\\Http\\Middleware\\AppLanguage->handle(Object(Illuminate\\Http\\Request), Object(Closure))
#13 D:\\laragon\\www\\mirrormefashion\\app\\Http\\Middleware\\ApiJsonResponse.php(22): Illuminate\\Pipeline\\Pipeline->Illuminate\\Pipeline\\{closure}(Object(Illuminate\\Http\\Request))
#14 D:\\laragon\\www\\mirrormefashion\\vendor\\laravel\\framework\\src\\Illuminate\\Pipeline\\Pipeline.php(183): App\\Http\\Middleware\\ApiJsonResponse->handle(Object(Illuminate\\Http\\Request), Object(Closure))
#15 D:\\laragon\\www\\mirrormefashion\\app\\Http\\Middleware\\CheckForMaintenanceMode.php(64): Illuminate\\Pipeline\\Pipeline->Illuminate\\Pipeline\\{closure}(Object(Illuminate\\Http\\Request))
#16 D:\\laragon\\www\\mirrormefashion\\vendor\\laravel\\framework\\src\\Illuminate\\Pipeline\\Pipeline.php(183): App\\Http\\Middleware\\CheckForMaintenanceMode->handle(Object(Illuminate\\Http\\Request), Object(Closure))
#17 D:\\laragon\\www\\mirrormefashion\\vendor\\laravel\\framework\\src\\Illuminate\\Routing\\Middleware\\SubstituteBindings.php(50): Illuminate\\Pipeline\\Pipeline->Illuminate\\Pipeline\\{closure}(Object(Illuminate\\Http\\Request))
#18 D:\\laragon\\www\\mirrormefashion\\vendor\\laravel\\framework\\src\\Illuminate\\Pipeline\\Pipeline.php(183): Illuminate\\Routing\\Middleware\\SubstituteBindings->handle(Object(Illuminate\\Http\\Request), Object(Closure))
#19 D:\\laragon\\www\\mirrormefashion\\vendor\\laravel\\framework\\src\\Illuminate\\Auth\\Middleware\\Authenticate.php(57): Illuminate\\Pipeline\\Pipeline->Illuminate\\Pipeline\\{closure}(Object(Illuminate\\Http\\Request))
#20 D:\\laragon\\www\\mirrormefashion\\vendor\\laravel\\framework\\src\\Illuminate\\Pipeline\\Pipeline.php(183): Illuminate\\Auth\\Middleware\\Authenticate->handle(Object(Illuminate\\Http\\Request), Object(Closure), 'sanctum')
#21 D:\\laragon\\www\\mirrormefashion\\vendor\\laravel\\framework\\src\\Illuminate\\Routing\\Middleware\\ThrottleRequests.php(159): Illuminate\\Pipeline\\Pipeline->Illuminate\\Pipeline\\{closure}(Object(Illuminate\\Http\\Request))
#22 D:\\laragon\\www\\mirrormefashion\\vendor\\laravel\\framework\\src\\Illuminate\\Routing\\Middleware\\ThrottleRequests.php(125): Illuminate\\Routing\\Middleware\\ThrottleRequests->handleRequest(Object(Illuminate\\Http\\Request), Object(Closure), Array)
#23 D:\\laragon\\www\\mirrormefashion\\vendor\\laravel\\framework\\src\\Illuminate\\Routing\\Middleware\\ThrottleRequests.php(87): Illuminate\\Routing\\Middleware\\ThrottleRequests->handleRequestUsingNamedLimiter(Object(Illuminate\\Http\\Request), Object(Closure), 'api', Object(Closure))
#24 D:\\laragon\\www\\mirrormefashion\\vendor\\laravel\\framework\\src\\Illuminate\\Pipeline\\Pipeline.php(183): Illuminate\\Routing\\Middleware\\ThrottleRequests->handle(Object(Illuminate\\Http\\Request), Object(Closure), 'api')
#25 D:\\laragon\\www\\mirrormefashion\\vendor\\laravel\\sanctum\\src\\Http\\Middleware\\EnsureFrontendRequestsAreStateful.php(25): Illuminate\\Pipeline\\Pipeline->Illuminate\\Pipeline\\{closure}(Object(Illuminate\\Http\\Request))
#26 D:\\laragon\\www\\mirrormefashion\\vendor\\laravel\\framework\\src\\Illuminate\\Pipeline\\Pipeline.php(144): Laravel\\Sanctum\\Http\\Middleware\\EnsureFrontendRequestsAreStateful->Laravel\\Sanctum\\Http\\Middleware\\{closure}(Object(Illuminate\\Http\\Request))
#27 D:\\laragon\\www\\mirrormefashion\\vendor\\laravel\\framework\\src\\Illuminate\\Foundation\\Http\\Middleware\\VerifyCsrfToken.php(78): Illuminate\\Pipeline\\Pipeline->Illuminate\\Pipeline\\{closure}(Object(Illuminate\\Http\\Request))
#28 D:\\laragon\\www\\mirrormefashion\\vendor\\laravel\\framework\\src\\Illuminate\\Pipeline\\Pipeline.php(183): Illuminate\\Foundation\\Http\\Middleware\\VerifyCsrfToken->handle(Object(Illuminate\\Http\\Request), Object(Closure))
#29 D:\\laragon\\www\\mirrormefashion\\vendor\\laravel\\framework\\src\\Illuminate\\Session\\Middleware\\StartSession.php(121): Illuminate\\Pipeline\\Pipeline->Illuminate\\Pipeline\\{closure}(Object(Illuminate\\Http\\Request))
#30 D:\\laragon\\www\\mirrormefashion\\vendor\\laravel\\framework\\src\\Illuminate\\Session\\Middleware\\StartSession.php(64): Illuminate\\Session\\Middleware\\StartSession->handleStatefulRequest(Object(Illuminate\\Http\\Request), Object(Illuminate\\Session\\Store), Object(Closure))
#31 D:\\laragon\\www\\mirrormefashion\\vendor\\laravel\\framework\\src\\Illuminate\\Pipeline\\Pipeline.php(183): Illuminate\\Session\\Middleware\\StartSession->handle(Object(Illuminate\\Http\\Request), Object(Closure))
#32 D:\\laragon\\www\\mirrormefashion\\vendor\\laravel\\framework\\src\\Illuminate\\Cookie\\Middleware\\AddQueuedCookiesToResponse.php(37): Illuminate\\Pipeline\\Pipeline->Illuminate\\Pipeline\\{closure}(Object(Illuminate\\Http\\Request))
#33 D:\\laragon\\www\\mirrormefashion\\vendor\\laravel\\framework\\src\\Illuminate\\Pipeline\\Pipeline.php(183): Illuminate\\Cookie\\Middleware\\AddQueuedCookiesToResponse->handle(Object(Illuminate\\Http\\Request), Object(Closure))
#34 D:\\laragon\\www\\mirrormefashion\\vendor\\laravel\\framework\\src\\Illuminate\\Cookie\\Middleware\\EncryptCookies.php(67): Illuminate\\Pipeline\\Pipeline->Illuminate\\Pipeline\\{closure}(Object(Illuminate\\Http\\Request))
#35 D:\\laragon\\www\\mirrormefashion\\vendor\\laravel\\framework\\src\\Illuminate\\Pipeline\\Pipeline.php(183): Illuminate\\Cookie\\Middleware\\EncryptCookies->handle(Object(Illuminate\\Http\\Request), Object(Closure))
#36 D:\\laragon\\www\\mirrormefashion\\vendor\\laravel\\sanctum\\src\\Http\\Middleware\\EnsureFrontendRequestsAreStateful.php(61): Illuminate\\Pipeline\\Pipeline->Illuminate\\Pipeline\\{closure}(Object(Illuminate\\Http\\Request))
#37 D:\\laragon\\www\\mirrormefashion\\vendor\\laravel\\framework\\src\\Illuminate\\Pipeline\\Pipeline.php(165): Laravel\\Sanctum\\Http\\Middleware\\EnsureFrontendRequestsAreStateful->Laravel\\Sanctum\\Http\\Middleware\\{closure}(Object(Illuminate\\Http\\Request), Object(Closure))
#38 D:\\laragon\\www\\mirrormefashion\\vendor\\laravel\\framework\\src\\Illuminate\\Pipeline\\Pipeline.php(119): Illuminate\\Pipeline\\Pipeline->Illuminate\\Pipeline\\{closure}(Object(Illuminate\\Http\\Request))
#39 D:\\laragon\\www\\mirrormefashion\\vendor\\laravel\\sanctum\\src\\Http\\Middleware\\EnsureFrontendRequestsAreStateful.php(24): Illuminate\\Pipeline\\Pipeline->then(Object(Closure))
#40 D:\\laragon\\www\\mirrormefashion\\vendor\\laravel\\framework\\src\\Illuminate\\Pipeline\\Pipeline.php(183): Laravel\\Sanctum\\Http\\Middleware\\EnsureFrontendRequestsAreStateful->handle(Object(Illuminate\\Http\\Request), Object(Closure))
#41 D:\\laragon\\www\\mirrormefashion\\app\\Http\\Middleware\\CorsMiddleware.php(32): Illuminate\\Pipeline\\Pipeline->Illuminate\\Pipeline\\{closure}(Object(Illuminate\\Http\\Request))
#42 D:\\laragon\\www\\mirrormefashion\\vendor\\laravel\\framework\\src\\Illuminate\\Pipeline\\Pipeline.php(183): App\\Http\\Middleware\\CorsMiddleware->handle(Object(Illuminate\\Http\\Request), Object(Closure))
#43 D:\\laragon\\www\\mirrormefashion\\vendor\\laravel\\framework\\src\\Illuminate\\Pipeline\\Pipeline.php(119): Illuminate\\Pipeline\\Pipeline->Illuminate\\Pipeline\\{closure}(Object(Illuminate\\Http\\Request))
#44 D:\\laragon\\www\\mirrormefashion\\vendor\\laravel\\framework\\src\\Illuminate\\Routing\\Router.php(805): Illuminate\\Pipeline\\Pipeline->then(Object(Closure))
#45 D:\\laragon\\www\\mirrormefashion\\vendor\\laravel\\framework\\src\\Illuminate\\Routing\\Router.php(784): Illuminate\\Routing\\Router->runRouteWithinStack(Object(Illuminate\\Routing\\Route), Object(Illuminate\\Http\\Request))
#46 D:\\laragon\\www\\mirrormefashion\\vendor\\laravel\\framework\\src\\Illuminate\\Routing\\Router.php(748): Illuminate\\Routing\\Router->runRoute(Object(Illuminate\\Http\\Request), Object(Illuminate\\Routing\\Route))
#47 D:\\laragon\\www\\mirrormefashion\\vendor\\laravel\\framework\\src\\Illuminate\\Routing\\Router.php(737): Illuminate\\Routing\\Router->dispatchToRoute(Object(Illuminate\\Http\\Request))
#48 D:\\laragon\\www\\mirrormefashion\\vendor\\laravel\\framework\\src\\Illuminate\\Foundation\\Http\\Kernel.php(200): Illuminate\\Routing\\Router->dispatch(Object(Illuminate\\Http\\Request))
#49 D:\\laragon\\www\\mirrormefashion\\vendor\\laravel\\framework\\src\\Illuminate\\Pipeline\\Pipeline.php(144): Illuminate\\Foundation\\Http\\Kernel->Illuminate\\Foundation\\Http\\{closure}(Object(Illuminate\\Http\\Request))
#50 D:\\laragon\\www\\mirrormefashion\\vendor\\barryvdh\\laravel-debugbar\\src\\Middleware\\InjectDebugbar.php(66): Illuminate\\Pipeline\\Pipeline->Illuminate\\Pipeline\\{closure}(Object(Illuminate\\Http\\Request))
#51 D:\\laragon\\www\\mirrormefashion\\vendor\\laravel\\framework\\src\\Illuminate\\Pipeline\\Pipeline.php(183): Barryvdh\\Debugbar\\Middleware\\InjectDebugbar->handle(Object(Illuminate\\Http\\Request), Object(Closure))
#52 D:\\laragon\\www\\mirrormefashion\\vendor\\laravel\\framework\\src\\Illuminate\\View\\Middleware\\ShareErrorsFromSession.php(49): Illuminate\\Pipeline\\Pipeline->Illuminate\\Pipeline\\{closure}(Object(Illuminate\\Http\\Request))
#53 D:\\laragon\\www\\mirrormefashion\\vendor\\laravel\\framework\\src\\Illuminate\\Pipeline\\Pipeline.php(183): Illuminate\\View\\Middleware\\ShareErrorsFromSession->handle(Object(Illuminate\\Http\\Request), Object(Closure))
#54 D:\\laragon\\www\\mirrormefashion\\vendor\\laravel\\framework\\src\\Illuminate\\Session\\Middleware\\StartSession.php(121): Illuminate\\Pipeline\\Pipeline->Illuminate\\Pipeline\\{closure}(Object(Illuminate\\Http\\Request))
#55 D:\\laragon\\www\\mirrormefashion\\vendor\\laravel\\framework\\src\\Illuminate\\Session\\Middleware\\StartSession.php(64): Illuminate\\Session\\Middleware\\StartSession->handleStatefulRequest(Object(Illuminate\\Http\\Request), Object(Illuminate\\Session\\Store), Object(Closure))
#56 D:\\laragon\\www\\mirrormefashion\\vendor\\laravel\\framework\\src\\Illuminate\\Pipeline\\Pipeline.php(183): Illuminate\\Session\\Middleware\\StartSession->handle(Object(Illuminate\\Http\\Request), Object(Closure))
#57 D:\\laragon\\www\\mirrormefashion\\vendor\\laravel\\framework\\src\\Illuminate\\Http\\Middleware\\TrustProxies.php(39): Illuminate\\Pipeline\\Pipeline->Illuminate\\Pipeline\\{closure}(Object(Illuminate\\Http\\Request))
#58 D:\\laragon\\www\\mirrormefashion\\vendor\\laravel\\framework\\src\\Illuminate\\Pipeline\\Pipeline.php(183): Illuminate\\Http\\Middleware\\TrustProxies->handle(Object(Illuminate\\Http\\Request), Object(Closure))
#59 D:\\laragon\\www\\mirrormefashion\\vendor\\laravel\\framework\\src\\Illuminate\\Foundation\\Http\\Middleware\\TransformsRequest.php(21): Illuminate\\Pipeline\\Pipeline->Illuminate\\Pipeline\\{closure}(Object(Illuminate\\Http\\Request))
#60 D:\\laragon\\www\\mirrormefashion\\vendor\\laravel\\framework\\src\\Illuminate\\Foundation\\Http\\Middleware\\ConvertEmptyStringsToNull.php(31): Illuminate\\Foundation\\Http\\Middleware\\TransformsRequest->handle(Object(Illuminate\\Http\\Request), Object(Closure))
#61 D:\\laragon\\www\\mirrormefashion\\vendor\\laravel\\framework\\src\\Illuminate\\Pipeline\\Pipeline.php(183): Illuminate\\Foundation\\Http\\Middleware\\ConvertEmptyStringsToNull->handle(Object(Illuminate\\Http\\Request), Object(Closure))
#62 D:\\laragon\\www\\mirrormefashion\\vendor\\laravel\\framework\\src\\Illuminate\\Foundation\\Http\\Middleware\\TransformsRequest.php(21): Illuminate\\Pipeline\\Pipeline->Illuminate\\Pipeline\\{closure}(Object(Illuminate\\Http\\Request))
#63 D:\\laragon\\www\\mirrormefashion\\vendor\\laravel\\framework\\src\\Illuminate\\Foundation\\Http\\Middleware\\TrimStrings.php(40): Illuminate\\Foundation\\Http\\Middleware\\TransformsRequest->handle(Object(Illuminate\\Http\\Request), Object(Closure))
#64 D:\\laragon\\www\\mirrormefashion\\vendor\\laravel\\framework\\src\\Illuminate\\Pipeline\\Pipeline.php(183): Illuminate\\Foundation\\Http\\Middleware\\TrimStrings->handle(Object(Illuminate\\Http\\Request), Object(Closure))
#65 D:\\laragon\\www\\mirrormefashion\\vendor\\laravel\\framework\\src\\Illuminate\\Foundation\\Http\\Middleware\\ValidatePostSize.php(27): Illuminate\\Pipeline\\Pipeline->Illuminate\\Pipeline\\{closure}(Object(Illuminate\\Http\\Request))
#66 D:\\laragon\\www\\mirrormefashion\\vendor\\laravel\\framework\\src\\Illuminate\\Pipeline\\Pipeline.php(183): Illuminate\\Foundation\\Http\\Middleware\\ValidatePostSize->handle(Object(Illuminate\\Http\\Request), Object(Closure))
#67 D:\\laragon\\www\\mirrormefashion\\vendor\\laravel\\framework\\src\\Illuminate\\Pipeline\\Pipeline.php(119): Illuminate\\Pipeline\\Pipeline->Illuminate\\Pipeline\\{closure}(Object(Illuminate\\Http\\Request))
#68 D:\\laragon\\www\\mirrormefashion\\vendor\\laravel\\framework\\src\\Illuminate\\Foundation\\Http\\Kernel.php(175): Illuminate\\Pipeline\\Pipeline->then(Object(Closure))
#69 D:\\laragon\\www\\mirrormefashion\\vendor\\laravel\\framework\\src\\Illuminate\\Foundation\\Http\\Kernel.php(144): Illuminate\\Foundation\\Http\\Kernel->sendRequestThroughRouter(Object(Illuminate\\Http\\Request))
#70 D:\\laragon\\www\\mirrormefashion\\index.php(56): Illuminate\\Foundation\\Http\\Kernel->handle(Object(Illuminate\\Http\\Request))
#71 {main}"} 
[2026-04-12 06:55:14] local.INFO: ParseBearerToken middleware invoked {"path":"/api/v2/analytics/creator","method":"GET","has_auth_header":true,"auth_header_preview":"Bearer 160|kJdpaDrHOZ9nSgkeOYj...","is_bearer":true} 
[2026-04-12 06:55:14] local.INFO: Extracted bearer token {"token_preview":"160|kJdpaD...","token_length":52} 
[2026-04-12 06:55:14] local.INFO: Found personal access token {"token_id":160,"user_id":68,"revoked":null} 
[2026-04-12 06:55:14] local.INFO: User authenticated via bearer token {"user_id":68,"user_email":"freelancerzahedcreator@gmail.com"} 
[2026-04-12 06:55:14] local.ERROR: Analytics error {"error":"Array to string conversion","trace":"#0 D:\\laragon\\www\\mirrormefashion\\vendor\\laravel\\framework\\src\\Illuminate\\Foundation\\Bootstrap\\HandleExceptions.php(255): Illuminate\\Foundation\\Bootstrap\\HandleExceptions->handleError(2, 'Array to string...', 'D:\\\\laragon\\\\www\\\\...', 146)
#1 D:\\laragon\\www\\mirrormefashion\\app\\Http\\Controllers\\Api\\V2\\AnalyticsController.php(146): Illuminate\\Foundation\\Bootstrap\\HandleExceptions->Illuminate\\Foundation\\Bootstrap\\{closure}(2, 'Array to string...', 'D:\\\\laragon\\\\www\\\\...', 146)
#2 D:\\laragon\\www\\mirrormefashion\\app\\Http\\Controllers\\Api\\V2\\AnalyticsController.php(67): App\\Http\\Controllers\\Api\\V2\\AnalyticsController->calculateSizingBreakdown(Object(Illuminate\\Database\\Eloquent\\Collection))
#3 D:\\laragon\\www\\mirrormefashion\\vendor\\laravel\\framework\\src\\Illuminate\\Routing\\Controller.php(54): App\\Http\\Controllers\\Api\\V2\\AnalyticsController->getCreatorAnalytics(Object(Illuminate\\Http\\Request))
#4 D:\\laragon\\www\\mirrormefashion\\vendor\\laravel\\framework\\src\\Illuminate\\Routing\\ControllerDispatcher.php(43): Illuminate\\Routing\\Controller->callAction('getCreatorAnaly...', Array)
#5 D:\\laragon\\www\\mirrormefashion\\vendor\\laravel\\framework\\src\\Illuminate\\Routing\\Route.php(259): Illuminate\\Routing\\ControllerDispatcher->dispatch(Object(Illuminate\\Routing\\Route), Object(App\\Http\\Controllers\\Api\\V2\\AnalyticsController), 'getCreatorAnaly...')
#6 D:\\laragon\\www\\mirrormefashion\\vendor\\laravel\\framework\\src\\Illuminate\\Routing\\Route.php(205): Illuminate\\Routing\\Route->runController()
#7 D:\\laragon\\www\\mirrormefashion\\vendor\\laravel\\framework\\src\\Illuminate\\Routing\\Router.php(806): Illuminate\\Routing\\Route->run()
#8 D:\\laragon\\www\\mirrormefashion\\vendor\\laravel\\framework\\src\\Illuminate\\Pipeline\\Pipeline.php(144): Illuminate\\Routing\\Router->Illuminate\\Routing\\{closure}(Object(Illuminate\\Http\\Request))
#9 D:\\laragon\\www\\mirrormefashion\\app\\Http\\Middleware\\ParseBearerToken.php(98): Illuminate\\Pipeline\\Pipeline->Illuminate\\Pipeline\\{closure}(Object(Illuminate\\Http\\Request))
#10 D:\\laragon\\www\\mirrormefashion\\vendor\\laravel\\framework\\src\\Illuminate\\Pipeline\\Pipeline.php(183): App\\Http\\Middleware\\ParseBearerToken->handle(Object(Illuminate\\Http\\Request), Object(Closure))
#11 D:\\laragon\\www\\mirrormefashion\\app\\Http\\Middleware\\AppLanguage.php(35): Illuminate\\Pipeline\\Pipeline->Illuminate\\Pipeline\\{closure}(Object(Illuminate\\Http\\Request))
#12 D:\\laragon\\www\\mirrormefashion\\vendor\\laravel\\framework\\src\\Illuminate\\Pipeline\\Pipeline.php(183): App\\Http\\Middleware\\AppLanguage->handle(Object(Illuminate\\Http\\Request), Object(Closure))
#13 D:\\laragon\\www\\mirrormefashion\\app\\Http\\Middleware\\ApiJsonResponse.php(22): Illuminate\\Pipeline\\Pipeline->Illuminate\\Pipeline\\{closure}(Object(Illuminate\\Http\\Request))
#14 D:\\laragon\\www\\mirrormefashion\\vendor\\laravel\\framework\\src\\Illuminate\\Pipeline\\Pipeline.php(183): App\\Http\\Middleware\\ApiJsonResponse->handle(Object(Illuminate\\Http\\Request), Object(Closure))
#15 D:\\laragon\\www\\mirrormefashion\\app\\Http\\Middleware\\CheckForMaintenanceMode.php(64): Illuminate\\Pipeline\\Pipeline->Illuminate\\Pipeline\\{closure}(Object(Illuminate\\Http\\Request))
#16 D:\\laragon\\www\\mirrormefashion\\vendor\\laravel\\framework\\src\\Illuminate\\Pipeline\\Pipeline.php(183): App\\Http\\Middleware\\CheckForMaintenanceMode->handle(Object(Illuminate\\Http\\Request), Object(Closure))
#17 D:\\laragon\\www\\mirrormefashion\\vendor\\laravel\\framework\\src\\Illuminate\\Routing\\Middleware\\SubstituteBindings.php(50): Illuminate\\Pipeline\\Pipeline->Illuminate\\Pipeline\\{closure}(Object(Illuminate\\Http\\Request))
#18 D:\\laragon\\www\\mirrormefashion\\vendor\\laravel\\framework\\src\\Illuminate\\Pipeline\\Pipeline.php(183): Illuminate\\Routing\\Middleware\\SubstituteBindings->handle(Object(Illuminate\\Http\\Request), Object(Closure))
#19 D:\\laragon\\www\\mirrormefashion\\vendor\\laravel\\framework\\src\\Illuminate\\Auth\\Middleware\\Authenticate.php(57): Illuminate\\Pipeline\\Pipeline->Illuminate\\Pipeline\\{closure}(Object(Illuminate\\Http\\Request))
#20 D:\\laragon\\www\\mirrormefashion\\vendor\\laravel\\framework\\src\\Illuminate\\Pipeline\\Pipeline.php(183): Illuminate\\Auth\\Middleware\\Authenticate->handle(Object(Illuminate\\Http\\Request), Object(Closure), 'sanctum')
#21 D:\\laragon\\www\\mirrormefashion\\vendor\\laravel\\framework\\src\\Illuminate\\Routing\\Middleware\\ThrottleRequests.php(159): Illuminate\\Pipeline\\Pipeline->Illuminate\\Pipeline\\{closure}(Object(Illuminate\\Http\\Request))
#22 D:\\laragon\\www\\mirrormefashion\\vendor\\laravel\\framework\\src\\Illuminate\\Routing\\Middleware\\ThrottleRequests.php(125): Illuminate\\Routing\\Middleware\\ThrottleRequests->handleRequest(Object(Illuminate\\Http\\Request), Object(Closure), Array)
#23 D:\\laragon\\www\\mirrormefashion\\vendor\\laravel\\framework\\src\\Illuminate\\Routing\\Middleware\\ThrottleRequests.php(87): Illuminate\\Routing\\Middleware\\ThrottleRequests->handleRequestUsingNamedLimiter(Object(Illuminate\\Http\\Request), Object(Closure), 'api', Object(Closure))
#24 D:\\laragon\\www\\mirrormefashion\\vendor\\laravel\\framework\\src\\Illuminate\\Pipeline\\Pipeline.php(183): Illuminate\\Routing\\Middleware\\ThrottleRequests->handle(Object(Illuminate\\Http\\Request), Object(Closure), 'api')
#25 D:\\laragon\\www\\mirrormefashion\\vendor\\laravel\\sanctum\\src\\Http\\Middleware\\EnsureFrontendRequestsAreStateful.php(25): Illuminate\\Pipeline\\Pipeline->Illuminate\\Pipeline\\{closure}(Object(Illuminate\\Http\\Request))
#26 D:\\laragon\\www\\mirrormefashion\\vendor\\laravel\\framework\\src\\Illuminate\\Pipeline\\Pipeline.php(144): Laravel\\Sanctum\\Http\\Middleware\\EnsureFrontendRequestsAreStateful->Laravel\\Sanctum\\Http\\Middleware\\{closure}(Object(Illuminate\\Http\\Request))
#27 D:\\laragon\\www\\mirrormefashion\\vendor\\laravel\\framework\\src\\Illuminate\\Foundation\\Http\\Middleware\\VerifyCsrfToken.php(78): Illuminate\\Pipeline\\Pipeline->Illuminate\\Pipeline\\{closure}(Object(Illuminate\\Http\\Request))
#28 D:\\laragon\\www\\mirrormefashion\\vendor\\laravel\\framework\\src\\Illuminate\\Pipeline\\Pipeline.php(183): Illuminate\\Foundation\\Http\\Middleware\\VerifyCsrfToken->handle(Object(Illuminate\\Http\\Request), Object(Closure))
#29 D:\\laragon\\www\\mirrormefashion\\vendor\\laravel\\framework\\src\\Illuminate\\Session\\Middleware\\StartSession.php(121): Illuminate\\Pipeline\\Pipeline->Illuminate\\Pipeline\\{closure}(Object(Illuminate\\Http\\Request))
#30 D:\\laragon\\www\\mirrormefashion\\vendor\\laravel\\framework\\src\\Illuminate\\Session\\Middleware\\StartSession.php(64): Illuminate\\Session\\Middleware\\StartSession->handleStatefulRequest(Object(Illuminate\\Http\\Request), Object(Illuminate\\Session\\Store), Object(Closure))
#31 D:\\laragon\\www\\mirrormefashion\\vendor\\laravel\\framework\\src\\Illuminate\\Pipeline\\Pipeline.php(183): Illuminate\\Session\\Middleware\\StartSession->handle(Object(Illuminate\\Http\\Request), Object(Closure))
#32 D:\\laragon\\www\\mirrormefashion\\vendor\\laravel\\framework\\src\\Illuminate\\Cookie\\Middleware\\AddQueuedCookiesToResponse.php(37): Illuminate\\Pipeline\\Pipeline->Illuminate\\Pipeline\\{closure}(Object(Illuminate\\Http\\Request))
#33 D:\\laragon\\www\\mirrormefashion\\vendor\\laravel\\framework\\src\\Illuminate\\Pipeline\\Pipeline.php(183): Illuminate\\Cookie\\Middleware\\AddQueuedCookiesToResponse->handle(Object(Illuminate\\Http\\Request), Object(Closure))
#34 D:\\laragon\\www\\mirrormefashion\\vendor\\laravel\\framework\\src\\Illuminate\\Cookie\\Middleware\\EncryptCookies.php(67): Illuminate\\Pipeline\\Pipeline->Illuminate\\Pipeline\\{closure}(Object(Illuminate\\Http\\Request))
#35 D:\\laragon\\www\\mirrormefashion\\vendor\\laravel\\framework\\src\\Illuminate\\Pipeline\\Pipeline.php(183): Illuminate\\Cookie\\Middleware\\EncryptCookies->handle(Object(Illuminate\\Http\\Request), Object(Closure))
#36 D:\\laragon\\www\\mirrormefashion\\vendor\\laravel\\sanctum\\src\\Http\\Middleware\\EnsureFrontendRequestsAreStateful.php(61): Illuminate\\Pipeline\\Pipeline->Illuminate\\Pipeline\\{closure}(Object(Illuminate\\Http\\Request))
#37 D:\\laragon\\www\\mirrormefashion\\vendor\\laravel\\framework\\src\\Illuminate\\Pipeline\\Pipeline.php(165): Laravel\\Sanctum\\Http\\Middleware\\EnsureFrontendRequestsAreStateful->Laravel\\Sanctum\\Http\\Middleware\\{closure}(Object(Illuminate\\Http\\Request), Object(Closure))
#38 D:\\laragon\\www\\mirrormefashion\\vendor\\laravel\\framework\\src\\Illuminate\\Pipeline\\Pipeline.php(119): Illuminate\\Pipeline\\Pipeline->Illuminate\\Pipeline\\{closure}(Object(Illuminate\\Http\\Request))
#39 D:\\laragon\\www\\mirrormefashion\\vendor\\laravel\\sanctum\\src\\Http\\Middleware\\EnsureFrontendRequestsAreStateful.php(24): Illuminate\\Pipeline\\Pipeline->then(Object(Closure))
#40 D:\\laragon\\www\\mirrormefashion\\vendor\\laravel\\framework\\src\\Illuminate\\Pipeline\\Pipeline.php(183): Laravel\\Sanctum\\Http\\Middleware\\EnsureFrontendRequestsAreStateful->handle(Object(Illuminate\\Http\\Request), Object(Closure))
#41 D:\\laragon\\www\\mirrormefashion\\app\\Http\\Middleware\\CorsMiddleware.php(32): Illuminate\\Pipeline\\Pipeline->Illuminate\\Pipeline\\{closure}(Object(Illuminate\\Http\\Request))
#42 D:\\laragon\\www\\mirrormefashion\\vendor\\laravel\\framework\\src\\Illuminate\\Pipeline\\Pipeline.php(183): App\\Http\\Middleware\\CorsMiddleware->handle(Object(Illuminate\\Http\\Request), Object(Closure))
#43 D:\\laragon\\www\\mirrormefashion\\vendor\\laravel\\framework\\src\\Illuminate\\Pipeline\\Pipeline.php(119): Illuminate\\Pipeline\\Pipeline->Illuminate\\Pipeline\\{closure}(Object(Illuminate\\Http\\Request))
#44 D:\\laragon\\www\\mirrormefashion\\vendor\\laravel\\framework\\src\\Illuminate\\Routing\\Router.php(805): Illuminate\\Pipeline\\Pipeline->then(Object(Closure))
#45 D:\\laragon\\www\\mirrormefashion\\vendor\\laravel\\framework\\src\\Illuminate\\Routing\\Router.php(784): Illuminate\\Routing\\Router->runRouteWithinStack(Object(Illuminate\\Routing\\Route), Object(Illuminate\\Http\\Request))
#46 D:\\laragon\\www\\mirrormefashion\\vendor\\laravel\\framework\\src\\Illuminate\\Routing\\Router.php(748): Illuminate\\Routing\\Router->runRoute(Object(Illuminate\\Http\\Request), Object(Illuminate\\Routing\\Route))
#47 D:\\laragon\\www\\mirrormefashion\\vendor\\laravel\\framework\\src\\Illuminate\\Routing\\Router.php(737): Illuminate\\Routing\\Router->dispatchToRoute(Object(Illuminate\\Http\\Request))
#48 D:\\laragon\\www\\mirrormefashion\\vendor\\laravel\\framework\\src\\Illuminate\\Foundation\\Http\\Kernel.php(200): Illuminate\\Routing\\Router->dispatch(Object(Illuminate\\Http\\Request))
#49 D:\\laragon\\www\\mirrormefashion\\vendor\\laravel\\framework\\src\\Illuminate\\Pipeline\\Pipeline.php(144): Illuminate\\Foundation\\Http\\Kernel->Illuminate\\Foundation\\Http\\{closure}(Object(Illuminate\\Http\\Request))
#50 D:\\laragon\\www\\mirrormefashion\\vendor\\barryvdh\\laravel-debugbar\\src\\Middleware\\InjectDebugbar.php(66): Illuminate\\Pipeline\\Pipeline->Illuminate\\Pipeline\\{closure}(Object(Illuminate\\Http\\Request))
#51 D:\\laragon\\www\\mirrormefashion\\vendor\\laravel\\framework\\src\\Illuminate\\Pipeline\\Pipeline.php(183): Barryvdh\\Debugbar\\Middleware\\InjectDebugbar->handle(Object(Illuminate\\Http\\Request), Object(Closure))
#52 D:\\laragon\\www\\mirrormefashion\\vendor\\laravel\\framework\\src\\Illuminate\\View\\Middleware\\ShareErrorsFromSession.php(49): Illuminate\\Pipeline\\Pipeline->Illuminate\\Pipeline\\{closure}(Object(Illuminate\\Http\\Request))
#53 D:\\laragon\\www\\mirrormefashion\\vendor\\laravel\\framework\\src\\Illuminate\\Pipeline\\Pipeline.php(183): Illuminate\\View\\Middleware\\ShareErrorsFromSession->handle(Object(Illuminate\\Http\\Request), Object(Closure))
#54 D:\\laragon\\www\\mirrormefashion\\vendor\\laravel\\framework\\src\\Illuminate\\Session\\Middleware\\StartSession.php(121): Illuminate\\Pipeline\\Pipeline->Illuminate\\Pipeline\\{closure}(Object(Illuminate\\Http\\Request))
#55 D:\\laragon\\www\\mirrormefashion\\vendor\\laravel\\framework\\src\\Illuminate\\Session\\Middleware\\StartSession.php(64): Illuminate\\Session\\Middleware\\StartSession->handleStatefulRequest(Object(Illuminate\\Http\\Request), Object(Illuminate\\Session\\Store), Object(Closure))
#56 D:\\laragon\\www\\mirrormefashion\\vendor\\laravel\\framework\\src\\Illuminate\\Pipeline\\Pipeline.php(183): Illuminate\\Session\\Middleware\\StartSession->handle(Object(Illuminate\\Http\\Request), Object(Closure))
#57 D:\\laragon\\www\\mirrormefashion\\vendor\\laravel\\framework\\src\\Illuminate\\Http\\Middleware\\TrustProxies.php(39): Illuminate\\Pipeline\\Pipeline->Illuminate\\Pipeline\\{closure}(Object(Illuminate\\Http\\Request))
#58 D:\\laragon\\www\\mirrormefashion\\vendor\\laravel\\framework\\src\\Illuminate\\Pipeline\\Pipeline.php(183): Illuminate\\Http\\Middleware\\TrustProxies->handle(Object(Illuminate\\Http\\Request), Object(Closure))
#59 D:\\laragon\\www\\mirrormefashion\\vendor\\laravel\\framework\\src\\Illuminate\\Foundation\\Http\\Middleware\\TransformsRequest.php(21): Illuminate\\Pipeline\\Pipeline->Illuminate\\Pipeline\\{closure}(Object(Illuminate\\Http\\Request))
#60 D:\\laragon\\www\\mirrormefashion\\vendor\\laravel\\framework\\src\\Illuminate\\Foundation\\Http\\Middleware\\ConvertEmptyStringsToNull.php(31): Illuminate\\Foundation\\Http\\Middleware\\TransformsRequest->handle(Object(Illuminate\\Http\\Request), Object(Closure))
#61 D:\\laragon\\www\\mirrormefashion\\vendor\\laravel\\framework\\src\\Illuminate\\Pipeline\\Pipeline.php(183): Illuminate\\Foundation\\Http\\Middleware\\ConvertEmptyStringsToNull->handle(Object(Illuminate\\Http\\Request), Object(Closure))
#62 D:\\laragon\\www\\mirrormefashion\\vendor\\laravel\\framework\\src\\Illuminate\\Foundation\\Http\\Middleware\\TransformsRequest.php(21): Illuminate\\Pipeline\\Pipeline->Illuminate\\Pipeline\\{closure}(Object(Illuminate\\Http\\Request))
#63 D:\\laragon\\www\\mirrormefashion\\vendor\\laravel\\framework\\src\\Illuminate\\Foundation\\Http\\Middleware\\TrimStrings.php(40): Illuminate\\Foundation\\Http\\Middleware\\TransformsRequest->handle(Object(Illuminate\\Http\\Request), Object(Closure))
#64 D:\\laragon\\www\\mirrormefashion\\vendor\\laravel\\framework\\src\\Illuminate\\Pipeline\\Pipeline.php(183): Illuminate\\Foundation\\Http\\Middleware\\TrimStrings->handle(Object(Illuminate\\Http\\Request), Object(Closure))
#65 D:\\laragon\\www\\mirrormefashion\\vendor\\laravel\\framework\\src\\Illuminate\\Foundation\\Http\\Middleware\\ValidatePostSize.php(27): Illuminate\\Pipeline\\Pipeline->Illuminate\\Pipeline\\{closure}(Object(Illuminate\\Http\\Request))
#66 D:\\laragon\\www\\mirrormefashion\\vendor\\laravel\\framework\\src\\Illuminate\\Pipeline\\Pipeline.php(183): Illuminate\\Foundation\\Http\\Middleware\\ValidatePostSize->handle(Object(Illuminate\\Http\\Request), Object(Closure))
#67 D:\\laragon\\www\\mirrormefashion\\vendor\\laravel\\framework\\src\\Illuminate\\Pipeline\\Pipeline.php(119): Illuminate\\Pipeline\\Pipeline->Illuminate\\Pipeline\\{closure}(Object(Illuminate\\Http\\Request))
#68 D:\\laragon\\www\\mirrormefashion\\vendor\\laravel\\framework\\src\\Illuminate\\Foundation\\Http\\Kernel.php(175): Illuminate\\Pipeline\\Pipeline->then(Object(Closure))
#69 D:\\laragon\\www\\mirrormefashion\\vendor\\laravel\\framework\\src\\Illuminate\\Foundation\\Http\\Kernel.php(144): Illuminate\\Foundation\\Http\\Kernel->sendRequestThroughRouter(Object(Illuminate\\Http\\Request))
#70 D:\\laragon\\www\\mirrormefashion\\index.php(56): Illuminate\\Foundation\\Http\\Kernel->handle(Object(Illuminate\\Http\\Request))
#71 {main}"} 
[2026-04-12 06:55:17] local.INFO: ParseBearerToken middleware invoked {"path":"/api/v2/campaign","method":"GET","has_auth_header":true,"auth_header_preview":"Bearer 160|kJdpaDrHOZ9nSgkeOYj...","is_bearer":true} 
[2026-04-12 06:55:17] local.INFO: Extracted bearer token {"token_preview":"160|kJdpaD...","token_length":52} 
[2026-04-12 06:55:17] local.INFO: Found personal access token {"token_id":160,"user_id":68,"revoked":null} 
[2026-04-12 06:55:17] local.INFO: User authenticated via bearer token {"user_id":68,"user_email":"freelancerzahedcreator@gmail.com"} 
[2026-04-12 06:55:17] local.INFO: Returning campaigns for user {"user_id":68,"campaign_count":2,"statuses":["draft","draft"]} 
[2026-04-12 06:55:18] local.INFO: ParseBearerToken middleware invoked {"path":"/api/v2/campaign","method":"GET","has_auth_header":true,"auth_header_preview":"Bearer 160|kJdpaDrHOZ9nSgkeOYj...","is_bearer":true} 
[2026-04-12 06:55:18] local.INFO: Extracted bearer token {"token_preview":"160|kJdpaD...","token_length":52} 
[2026-04-12 06:55:18] local.INFO: Found personal access token {"token_id":160,"user_id":68,"revoked":null} 
[2026-04-12 06:55:18] local.INFO: User authenticated via bearer token {"user_id":68,"user_email":"freelancerzahedcreator@gmail.com"} 
[2026-04-12 06:55:18] local.INFO: Returning campaigns for user {"user_id":68,"campaign_count":2,"statuses":["draft","draft"]} 
[2026-04-12 06:55:19] local.INFO: ParseBearerToken middleware invoked {"path":"/api/v2/campaign","method":"GET","has_auth_header":true,"auth_header_preview":"Bearer 160|kJdpaDrHOZ9nSgkeOYj...","is_bearer":true} 
[2026-04-12 06:55:19] local.INFO: Extracted bearer token {"token_preview":"160|kJdpaD...","token_length":52} 
[2026-04-12 06:55:19] local.INFO: Found personal access token {"token_id":160,"user_id":68,"revoked":null} 
[2026-04-12 06:55:19] local.INFO: User authenticated via bearer token {"user_id":68,"user_email":"freelancerzahedcreator@gmail.com"} 
[2026-04-12 06:55:19] local.INFO: Returning campaigns for user {"user_id":68,"campaign_count":2,"statuses":["draft","draft"]} 
[2026-04-12 06:55:19] local.INFO: ParseBearerToken middleware invoked {"path":"/api/v2/campaign","method":"GET","has_auth_header":true,"auth_header_preview":"Bearer 160|kJdpaDrHOZ9nSgkeOYj...","is_bearer":true} 
[2026-04-12 06:55:19] local.INFO: Extracted bearer token {"token_preview":"160|kJdpaD...","token_length":52} 
[2026-04-12 06:55:19] local.INFO: Found personal access token {"token_id":160,"user_id":68,"revoked":null} 
[2026-04-12 06:55:19] local.INFO: User authenticated via bearer token {"user_id":68,"user_email":"freelancerzahedcreator@gmail.com"} 
[2026-04-12 06:55:19] local.INFO: Returning campaigns for user {"user_id":68,"campaign_count":2,"statuses":["draft","draft"]} 
[2026-04-12 06:55:20] local.INFO: ParseBearerToken middleware invoked {"path":"/api/v2/campaign","method":"GET","has_auth_header":true,"auth_header_preview":"Bearer 160|kJdpaDrHOZ9nSgkeOYj...","is_bearer":true} 
[2026-04-12 06:55:20] local.INFO: Extracted bearer token {"token_preview":"160|kJdpaD...","token_length":52} 
[2026-04-12 06:55:20] local.INFO: Found personal access token {"token_id":160,"user_id":68,"revoked":null} 
[2026-04-12 06:55:20] local.INFO: User authenticated via bearer token {"user_id":68,"user_email":"freelancerzahedcreator@gmail.com"} 
[2026-04-12 06:55:20] local.INFO: Returning campaigns for user {"user_id":68,"campaign_count":2,"statuses":["draft","draft"]} 
[2026-04-12 06:55:21] local.INFO: ParseBearerToken middleware invoked {"path":"/api/v2/campaign","method":"GET","has_auth_header":true,"auth_header_preview":"Bearer 160|kJdpaDrHOZ9nSgkeOYj...","is_bearer":true} 
[2026-04-12 06:55:21] local.INFO: Extracted bearer token {"token_preview":"160|kJdpaD...","token_length":52} 
[2026-04-12 06:55:21] local.INFO: Found personal access token {"token_id":160,"user_id":68,"revoked":null} 
[2026-04-12 06:55:21] local.INFO: User authenticated via bearer token {"user_id":68,"user_email":"freelancerzahedcreator@gmail.com"} 
[2026-04-12 06:55:21] local.INFO: Returning campaigns for user {"user_id":68,"campaign_count":2,"statuses":["draft","draft"]} 
[2026-04-12 06:55:22] local.INFO: ParseBearerToken middleware invoked {"path":"/api/v2/campaign","method":"GET","has_auth_header":true,"auth_header_preview":"Bearer 160|kJdpaDrHOZ9nSgkeOYj...","is_bearer":true} 
[2026-04-12 06:55:22] local.INFO: Extracted bearer token {"token_preview":"160|kJdpaD...","token_length":52} 
[2026-04-12 06:55:22] local.INFO: Found personal access token {"token_id":160,"user_id":68,"revoked":null} 
[2026-04-12 06:55:22] local.INFO: User authenticated via bearer token {"user_id":68,"user_email":"freelancerzahedcreator@gmail.com"} 
[2026-04-12 06:55:22] local.INFO: Returning campaigns for user {"user_id":68,"campaign_count":2,"statuses":["draft","draft"]} 
[2026-04-12 06:55:22] local.INFO: ParseBearerToken middleware invoked {"path":"/api/v2/campaign","method":"GET","has_auth_header":true,"auth_header_preview":"Bearer 160|kJdpaDrHOZ9nSgkeOYj...","is_bearer":true} 
[2026-04-12 06:55:22] local.INFO: Extracted bearer token {"token_preview":"160|kJdpaD...","token_length":52} 
[2026-04-12 06:55:22] local.INFO: Found personal access token {"token_id":160,"user_id":68,"revoked":null} 
[2026-04-12 06:55:22] local.INFO: User authenticated via bearer token {"user_id":68,"user_email":"freelancerzahedcreator@gmail.com"} 
[2026-04-12 06:55:22] local.INFO: Returning campaigns for user {"user_id":68,"campaign_count":2,"statuses":["draft","draft"]} 
[2026-04-12 06:55:24] local.INFO: ParseBearerToken middleware invoked {"path":"/api/v2/campaign","method":"GET","has_auth_header":true,"auth_header_preview":"Bearer 160|kJdpaDrHOZ9nSgkeOYj...","is_bearer":true} 
[2026-04-12 06:55:24] local.INFO: Extracted bearer token {"token_preview":"160|kJdpaD...","token_length":52} 
[2026-04-12 06:55:24] local.INFO: Found personal access token {"token_id":160,"user_id":68,"revoked":null} 
[2026-04-12 06:55:24] local.INFO: User authenticated via bearer token {"user_id":68,"user_email":"freelancerzahedcreator@gmail.com"} 
[2026-04-12 06:55:24] local.INFO: Returning campaigns for user {"user_id":68,"campaign_count":2,"statuses":["draft","draft"]} 
[2026-04-12 06:55:24] local.INFO: ParseBearerToken middleware invoked {"path":"/api/v2/campaign","method":"GET","has_auth_header":true,"auth_header_preview":"Bearer 160|kJdpaDrHOZ9nSgkeOYj...","is_bearer":true} 
[2026-04-12 06:55:24] local.INFO: Extracted bearer token {"token_preview":"160|kJdpaD...","token_length":52} 
[2026-04-12 06:55:24] local.INFO: Found personal access token {"token_id":160,"user_id":68,"revoked":null} 
[2026-04-12 06:55:24] local.INFO: User authenticated via bearer token {"user_id":68,"user_email":"freelancerzahedcreator@gmail.com"} 
[2026-04-12 06:55:24] local.INFO: Returning campaigns for user {"user_id":68,"campaign_count":2,"statuses":["draft","draft"]} 
[2026-04-12 06:55:26] local.INFO: ParseBearerToken middleware invoked {"path":"/api/v2/analytics/creator","method":"GET","has_auth_header":true,"auth_header_preview":"Bearer 160|kJdpaDrHOZ9nSgkeOYj...","is_bearer":true} 
[2026-04-12 06:55:26] local.INFO: Extracted bearer token {"token_preview":"160|kJdpaD...","token_length":52} 
[2026-04-12 06:55:26] local.INFO: Found personal access token {"token_id":160,"user_id":68,"revoked":null} 
[2026-04-12 06:55:26] local.INFO: User authenticated via bearer token {"user_id":68,"user_email":"freelancerzahedcreator@gmail.com"} 
[2026-04-12 06:55:26] local.ERROR: Analytics error {"error":"Array to string conversion","trace":"#0 D:\\laragon\\www\\mirrormefashion\\vendor\\laravel\\framework\\src\\Illuminate\\Foundation\\Bootstrap\\HandleExceptions.php(255): Illuminate\\Foundation\\Bootstrap\\HandleExceptions->handleError(2, 'Array to string...', 'D:\\\\laragon\\\\www\\\\...', 146)
#1 D:\\laragon\\www\\mirrormefashion\\app\\Http\\Controllers\\Api\\V2\\AnalyticsController.php(146): Illuminate\\Foundation\\Bootstrap\\HandleExceptions->Illuminate\\Foundation\\Bootstrap\\{closure}(2, 'Array to string...', 'D:\\\\laragon\\\\www\\\\...', 146)
#2 D:\\laragon\\www\\mirrormefashion\\app\\Http\\Controllers\\Api\\V2\\AnalyticsController.php(67): App\\Http\\Controllers\\Api\\V2\\AnalyticsController->calculateSizingBreakdown(Object(Illuminate\\Database\\Eloquent\\Collection))
#3 D:\\laragon\\www\\mirrormefashion\\vendor\\laravel\\framework\\src\\Illuminate\\Routing\\Controller.php(54): App\\Http\\Controllers\\Api\\V2\\AnalyticsController->getCreatorAnalytics(Object(Illuminate\\Http\\Request))
#4 D:\\laragon\\www\\mirrormefashion\\vendor\\laravel\\framework\\src\\Illuminate\\Routing\\ControllerDispatcher.php(43): Illuminate\\Routing\\Controller->callAction('getCreatorAnaly...', Array)
#5 D:\\laragon\\www\\mirrormefashion\\vendor\\laravel\\framework\\src\\Illuminate\\Routing\\Route.php(259): Illuminate\\Routing\\ControllerDispatcher->dispatch(Object(Illuminate\\Routing\\Route), Object(App\\Http\\Controllers\\Api\\V2\\AnalyticsController), 'getCreatorAnaly...')
#6 D:\\laragon\\www\\mirrormefashion\\vendor\\laravel\\framework\\src\\Illuminate\\Routing\\Route.php(205): Illuminate\\Routing\\Route->runController()
#7 D:\\laragon\\www\\mirrormefashion\\vendor\\laravel\\framework\\src\\Illuminate\\Routing\\Router.php(806): Illuminate\\Routing\\Route->run()
#8 D:\\laragon\\www\\mirrormefashion\\vendor\\laravel\\framework\\src\\Illuminate\\Pipeline\\Pipeline.php(144): Illuminate\\Routing\\Router->Illuminate\\Routing\\{closure}(Object(Illuminate\\Http\\Request))
#9 D:\\laragon\\www\\mirrormefashion\\app\\Http\\Middleware\\ParseBearerToken.php(98): Illuminate\\Pipeline\\Pipeline->Illuminate\\Pipeline\\{closure}(Object(Illuminate\\Http\\Request))
#10 D:\\laragon\\www\\mirrormefashion\\vendor\\laravel\\framework\\src\\Illuminate\\Pipeline\\Pipeline.php(183): App\\Http\\Middleware\\ParseBearerToken->handle(Object(Illuminate\\Http\\Request), Object(Closure))
#11 D:\\laragon\\www\\mirrormefashion\\app\\Http\\Middleware\\AppLanguage.php(35): Illuminate\\Pipeline\\Pipeline->Illuminate\\Pipeline\\{closure}(Object(Illuminate\\Http\\Request))
#12 D:\\laragon\\www\\mirrormefashion\\vendor\\laravel\\framework\\src\\Illuminate\\Pipeline\\Pipeline.php(183): App\\Http\\Middleware\\AppLanguage->handle(Object(Illuminate\\Http\\Request), Object(Closure))
#13 D:\\laragon\\www\\mirrormefashion\\app\\Http\\Middleware\\ApiJsonResponse.php(22): Illuminate\\Pipeline\\Pipeline->Illuminate\\Pipeline\\{closure}(Object(Illuminate\\Http\\Request))
#14 D:\\laragon\\www\\mirrormefashion\\vendor\\laravel\\framework\\src\\Illuminate\\Pipeline\\Pipeline.php(183): App\\Http\\Middleware\\ApiJsonResponse->handle(Object(Illuminate\\Http\\Request), Object(Closure))
#15 D:\\laragon\\www\\mirrormefashion\\app\\Http\\Middleware\\CheckForMaintenanceMode.php(64): Illuminate\\Pipeline\\Pipeline->Illuminate\\Pipeline\\{closure}(Object(Illuminate\\Http\\Request))
#16 D:\\laragon\\www\\mirrormefashion\\vendor\\laravel\\framework\\src\\Illuminate\\Pipeline\\Pipeline.php(183): App\\Http\\Middleware\\CheckForMaintenanceMode->handle(Object(Illuminate\\Http\\Request), Object(Closure))
#17 D:\\laragon\\www\\mirrormefashion\\vendor\\laravel\\framework\\src\\Illuminate\\Routing\\Middleware\\SubstituteBindings.php(50): Illuminate\\Pipeline\\Pipeline->Illuminate\\Pipeline\\{closure}(Object(Illuminate\\Http\\Request))
#18 D:\\laragon\\www\\mirrormefashion\\vendor\\laravel\\framework\\src\\Illuminate\\Pipeline\\Pipeline.php(183): Illuminate\\Routing\\Middleware\\SubstituteBindings->handle(Object(Illuminate\\Http\\Request), Object(Closure))
#19 D:\\laragon\\www\\mirrormefashion\\vendor\\laravel\\framework\\src\\Illuminate\\Auth\\Middleware\\Authenticate.php(57): Illuminate\\Pipeline\\Pipeline->Illuminate\\Pipeline\\{closure}(Object(Illuminate\\Http\\Request))
#20 D:\\laragon\\www\\mirrormefashion\\vendor\\laravel\\framework\\src\\Illuminate\\Pipeline\\Pipeline.php(183): Illuminate\\Auth\\Middleware\\Authenticate->handle(Object(Illuminate\\Http\\Request), Object(Closure), 'sanctum')
#21 D:\\laragon\\www\\mirrormefashion\\vendor\\laravel\\framework\\src\\Illuminate\\Routing\\Middleware\\ThrottleRequests.php(159): Illuminate\\Pipeline\\Pipeline->Illuminate\\Pipeline\\{closure}(Object(Illuminate\\Http\\Request))
#22 D:\\laragon\\www\\mirrormefashion\\vendor\\laravel\\framework\\src\\Illuminate\\Routing\\Middleware\\ThrottleRequests.php(125): Illuminate\\Routing\\Middleware\\ThrottleRequests->handleRequest(Object(Illuminate\\Http\\Request), Object(Closure), Array)
#23 D:\\laragon\\www\\mirrormefashion\\vendor\\laravel\\framework\\src\\Illuminate\\Routing\\Middleware\\ThrottleRequests.php(87): Illuminate\\Routing\\Middleware\\ThrottleRequests->handleRequestUsingNamedLimiter(Object(Illuminate\\Http\\Request), Object(Closure), 'api', Object(Closure))
#24 D:\\laragon\\www\\mirrormefashion\\vendor\\laravel\\framework\\src\\Illuminate\\Pipeline\\Pipeline.php(183): Illuminate\\Routing\\Middleware\\ThrottleRequests->handle(Object(Illuminate\\Http\\Request), Object(Closure), 'api')
#25 D:\\laragon\\www\\mirrormefashion\\vendor\\laravel\\sanctum\\src\\Http\\Middleware\\EnsureFrontendRequestsAreStateful.php(25): Illuminate\\Pipeline\\Pipeline->Illuminate\\Pipeline\\{closure}(Object(Illuminate\\Http\\Request))
#26 D:\\laragon\\www\\mirrormefashion\\vendor\\laravel\\framework\\src\\Illuminate\\Pipeline\\Pipeline.php(144): Laravel\\Sanctum\\Http\\Middleware\\EnsureFrontendRequestsAreStateful->Laravel\\Sanctum\\Http\\Middleware\\{closure}(Object(Illuminate\\Http\\Request))
#27 D:\\laragon\\www\\mirrormefashion\\vendor\\laravel\\framework\\src\\Illuminate\\Foundation\\Http\\Middleware\\VerifyCsrfToken.php(78): Illuminate\\Pipeline\\Pipeline->Illuminate\\Pipeline\\{closure}(Object(Illuminate\\Http\\Request))
#28 D:\\laragon\\www\\mirrormefashion\\vendor\\laravel\\framework\\src\\Illuminate\\Pipeline\\Pipeline.php(183): Illuminate\\Foundation\\Http\\Middleware\\VerifyCsrfToken->handle(Object(Illuminate\\Http\\Request), Object(Closure))
#29 D:\\laragon\\www\\mirrormefashion\\vendor\\laravel\\framework\\src\\Illuminate\\Session\\Middleware\\StartSession.php(121): Illuminate\\Pipeline\\Pipeline->Illuminate\\Pipeline\\{closure}(Object(Illuminate\\Http\\Request))
#30 D:\\laragon\\www\\mirrormefashion\\vendor\\laravel\\framework\\src\\Illuminate\\Session\\Middleware\\StartSession.php(64): Illuminate\\Session\\Middleware\\StartSession->handleStatefulRequest(Object(Illuminate\\Http\\Request), Object(Illuminate\\Session\\Store), Object(Closure))
#31 D:\\laragon\\www\\mirrormefashion\\vendor\\laravel\\framework\\src\\Illuminate\\Pipeline\\Pipeline.php(183): Illuminate\\Session\\Middleware\\StartSession->handle(Object(Illuminate\\Http\\Request), Object(Closure))
#32 D:\\laragon\\www\\mirrormefashion\\vendor\\laravel\\framework\\src\\Illuminate\\Cookie\\Middleware\\AddQueuedCookiesToResponse.php(37): Illuminate\\Pipeline\\Pipeline->Illuminate\\Pipeline\\{closure}(Object(Illuminate\\Http\\Request))
#33 D:\\laragon\\www\\mirrormefashion\\vendor\\laravel\\framework\\src\\Illuminate\\Pipeline\\Pipeline.php(183): Illuminate\\Cookie\\Middleware\\AddQueuedCookiesToResponse->handle(Object(Illuminate\\Http\\Request), Object(Closure))
#34 D:\\laragon\\www\\mirrormefashion\\vendor\\laravel\\framework\\src\\Illuminate\\Cookie\\Middleware\\EncryptCookies.php(67): Illuminate\\Pipeline\\Pipeline->Illuminate\\Pipeline\\{closure}(Object(Illuminate\\Http\\Request))
#35 D:\\laragon\\www\\mirrormefashion\\vendor\\laravel\\framework\\src\\Illuminate\\Pipeline\\Pipeline.php(183): Illuminate\\Cookie\\Middleware\\EncryptCookies->handle(Object(Illuminate\\Http\\Request), Object(Closure))
#36 D:\\laragon\\www\\mirrormefashion\\vendor\\laravel\\sanctum\\src\\Http\\Middleware\\EnsureFrontendRequestsAreStateful.php(61): Illuminate\\Pipeline\\Pipeline->Illuminate\\Pipeline\\{closure}(Object(Illuminate\\Http\\Request))
#37 D:\\laragon\\www\\mirrormefashion\\vendor\\laravel\\framework\\src\\Illuminate\\Pipeline\\Pipeline.php(165): Laravel\\Sanctum\\Http\\Middleware\\EnsureFrontendRequestsAreStateful->Laravel\\Sanctum\\Http\\Middleware\\{closure}(Object(Illuminate\\Http\\Request), Object(Closure))
#38 D:\\laragon\\www\\mirrormefashion\\vendor\\laravel\\framework\\src\\Illuminate\\Pipeline\\Pipeline.php(119): Illuminate\\Pipeline\\Pipeline->Illuminate\\Pipeline\\{closure}(Object(Illuminate\\Http\\Request))
#39 D:\\laragon\\www\\mirrormefashion\\vendor\\laravel\\sanctum\\src\\Http\\Middleware\\EnsureFrontendRequestsAreStateful.php(24): Illuminate\\Pipeline\\Pipeline->then(Object(Closure))
#40 D:\\laragon\\www\\mirrormefashion\\vendor\\laravel\\framework\\src\\Illuminate\\Pipeline\\Pipeline.php(183): Laravel\\Sanctum\\Http\\Middleware\\EnsureFrontendRequestsAreStateful->handle(Object(Illuminate\\Http\\Request), Object(Closure))
#41 D:\\laragon\\www\\mirrormefashion\\app\\Http\\Middleware\\CorsMiddleware.php(32): Illuminate\\Pipeline\\Pipeline->Illuminate\\Pipeline\\{closure}(Object(Illuminate\\Http\\Request))
#42 D:\\laragon\\www\\mirrormefashion\\vendor\\laravel\\framework\\src\\Illuminate\\Pipeline\\Pipeline.php(183): App\\Http\\Middleware\\CorsMiddleware->handle(Object(Illuminate\\Http\\Request), Object(Closure))
#43 D:\\laragon\\www\\mirrormefashion\\vendor\\laravel\\framework\\src\\Illuminate\\Pipeline\\Pipeline.php(119): Illuminate\\Pipeline\\Pipeline->Illuminate\\Pipeline\\{closure}(Object(Illuminate\\Http\\Request))
#44 D:\\laragon\\www\\mirrormefashion\\vendor\\laravel\\framework\\src\\Illuminate\\Routing\\Router.php(805): Illuminate\\Pipeline\\Pipeline->then(Object(Closure))
#45 D:\\laragon\\www\\mirrormefashion\\vendor\\laravel\\framework\\src\\Illuminate\\Routing\\Router.php(784): Illuminate\\Routing\\Router->runRouteWithinStack(Object(Illuminate\\Routing\\Route), Object(Illuminate\\Http\\Request))
#46 D:\\laragon\\www\\mirrormefashion\\vendor\\laravel\\framework\\src\\Illuminate\\Routing\\Router.php(748): Illuminate\\Routing\\Router->runRoute(Object(Illuminate\\Http\\Request), Object(Illuminate\\Routing\\Route))
#47 D:\\laragon\\www\\mirrormefashion\\vendor\\laravel\\framework\\src\\Illuminate\\Routing\\Router.php(737): Illuminate\\Routing\\Router->dispatchToRoute(Object(Illuminate\\Http\\Request))
#48 D:\\laragon\\www\\mirrormefashion\\vendor\\laravel\\framework\\src\\Illuminate\\Foundation\\Http\\Kernel.php(200): Illuminate\\Routing\\Router->dispatch(Object(Illuminate\\Http\\Request))
#49 D:\\laragon\\www\\mirrormefashion\\vendor\\laravel\\framework\\src\\Illuminate\\Pipeline\\Pipeline.php(144): Illuminate\\Foundation\\Http\\Kernel->Illuminate\\Foundation\\Http\\{closure}(Object(Illuminate\\Http\\Request))
#50 D:\\laragon\\www\\mirrormefashion\\vendor\\barryvdh\\laravel-debugbar\\src\\Middleware\\InjectDebugbar.php(66): Illuminate\\Pipeline\\Pipeline->Illuminate\\Pipeline\\{closure}(Object(Illuminate\\Http\\Request))
#51 D:\\laragon\\www\\mirrormefashion\\vendor\\laravel\\framework\\src\\Illuminate\\Pipeline\\Pipeline.php(183): Barryvdh\\Debugbar\\Middleware\\InjectDebugbar->handle(Object(Illuminate\\Http\\Request), Object(Closure))
#52 D:\\laragon\\www\\mirrormefashion\\vendor\\laravel\\framework\\src\\Illuminate\\View\\Middleware\\ShareErrorsFromSession.php(49): Illuminate\\Pipeline\\Pipeline->Illuminate\\Pipeline\\{closure}(Object(Illuminate\\Http\\Request))
#53 D:\\laragon\\www\\mirrormefashion\\vendor\\laravel\\framework\\src\\Illuminate\\Pipeline\\Pipeline.php(183): Illuminate\\View\\Middleware\\ShareErrorsFromSession->handle(Object(Illuminate\\Http\\Request), Object(Closure))
#54 D:\\laragon\\www\\mirrormefashion\\vendor\\laravel\\framework\\src\\Illuminate\\Session\\Middleware\\StartSession.php(121): Illuminate\\Pipeline\\Pipeline->Illuminate\\Pipeline\\{closure}(Object(Illuminate\\Http\\Request))
#55 D:\\laragon\\www\\mirrormefashion\\vendor\\laravel\\framework\\src\\Illuminate\\Session\\Middleware\\StartSession.php(64): Illuminate\\Session\\Middleware\\StartSession->handleStatefulRequest(Object(Illuminate\\Http\\Request), Object(Illuminate\\Session\\Store), Object(Closure))
#56 D:\\laragon\\www\\mirrormefashion\\vendor\\laravel\\framework\\src\\Illuminate\\Pipeline\\Pipeline.php(183): Illuminate\\Session\\Middleware\\StartSession->handle(Object(Illuminate\\Http\\Request), Object(Closure))
#57 D:\\laragon\\www\\mirrormefashion\\vendor\\laravel\\framework\\src\\Illuminate\\Http\\Middleware\\TrustProxies.php(39): Illuminate\\Pipeline\\Pipeline->Illuminate\\Pipeline\\{closure}(Object(Illuminate\\Http\\Request))
#58 D:\\laragon\\www\\mirrormefashion\\vendor\\laravel\\framework\\src\\Illuminate\\Pipeline\\Pipeline.php(183): Illuminate\\Http\\Middleware\\TrustProxies->handle(Object(Illuminate\\Http\\Request), Object(Closure))
#59 D:\\laragon\\www\\mirrormefashion\\vendor\\laravel\\framework\\src\\Illuminate\\Foundation\\Http\\Middleware\\TransformsRequest.php(21): Illuminate\\Pipeline\\Pipeline->Illuminate\\Pipeline\\{closure}(Object(Illuminate\\Http\\Request))
#60 D:\\laragon\\www\\mirrormefashion\\vendor\\laravel\\framework\\src\\Illuminate\\Foundation\\Http\\Middleware\\ConvertEmptyStringsToNull.php(31): Illuminate\\Foundation\\Http\\Middleware\\TransformsRequest->handle(Object(Illuminate\\Http\\Request), Object(Closure))
#61 D:\\laragon\\www\\mirrormefashion\\vendor\\laravel\\framework\\src\\Illuminate\\Pipeline\\Pipeline.php(183): Illuminate\\Foundation\\Http\\Middleware\\ConvertEmptyStringsToNull->handle(Object(Illuminate\\Http\\Request), Object(Closure))
#62 D:\\laragon\\www\\mirrormefashion\\vendor\\laravel\\framework\\src\\Illuminate\\Foundation\\Http\\Middleware\\TransformsRequest.php(21): Illuminate\\Pipeline\\Pipeline->Illuminate\\Pipeline\\{closure}(Object(Illuminate\\Http\\Request))
#63 D:\\laragon\\www\\mirrormefashion\\vendor\\laravel\\framework\\src\\Illuminate\\Foundation\\Http\\Middleware\\TrimStrings.php(40): Illuminate\\Foundation\\Http\\Middleware\\TransformsRequest->handle(Object(Illuminate\\Http\\Request), Object(Closure))
#64 D:\\laragon\\www\\mirrormefashion\\vendor\\laravel\\framework\\src\\Illuminate\\Pipeline\\Pipeline.php(183): Illuminate\\Foundation\\Http\\Middleware\\TrimStrings->handle(Object(Illuminate\\Http\\Request), Object(Closure))
#65 D:\\laragon\\www\\mirrormefashion\\vendor\\laravel\\framework\\src\\Illuminate\\Foundation\\Http\\Middleware\\ValidatePostSize.php(27): Illuminate\\Pipeline\\Pipeline->Illuminate\\Pipeline\\{closure}(Object(Illuminate\\Http\\Request))
#66 D:\\laragon\\www\\mirrormefashion\\vendor\\laravel\\framework\\src\\Illuminate\\Pipeline\\Pipeline.php(183): Illuminate\\Foundation\\Http\\Middleware\\ValidatePostSize->handle(Object(Illuminate\\Http\\Request), Object(Closure))
#67 D:\\laragon\\www\\mirrormefashion\\vendor\\laravel\\framework\\src\\Illuminate\\Pipeline\\Pipeline.php(119): Illuminate\\Pipeline\\Pipeline->Illuminate\\Pipeline\\{closure}(Object(Illuminate\\Http\\Request))
#68 D:\\laragon\\www\\mirrormefashion\\vendor\\laravel\\framework\\src\\Illuminate\\Foundation\\Http\\Kernel.php(175): Illuminate\\Pipeline\\Pipeline->then(Object(Closure))
#69 D:\\laragon\\www\\mirrormefashion\\vendor\\laravel\\framework\\src\\Illuminate\\Foundation\\Http\\Kernel.php(144): Illuminate\\Foundation\\Http\\Kernel->sendRequestThroughRouter(Object(Illuminate\\Http\\Request))
#70 D:\\laragon\\www\\mirrormefashion\\index.php(56): Illuminate\\Foundation\\Http\\Kernel->handle(Object(Illuminate\\Http\\Request))
#71 {main}"} 
[2026-04-12 06:55:26] local.INFO: ParseBearerToken middleware invoked {"path":"/api/v2/analytics/creator","method":"GET","has_auth_header":true,"auth_header_preview":"Bearer 160|kJdpaDrHOZ9nSgkeOYj...","is_bearer":true} 
[2026-04-12 06:55:26] local.INFO: Extracted bearer token {"token_preview":"160|kJdpaD...","token_length":52} 
[2026-04-12 06:55:26] local.INFO: Found personal access token {"token_id":160,"user_id":68,"revoked":null} 
[2026-04-12 06:55:26] local.INFO: User authenticated via bearer token {"user_id":68,"user_email":"freelancerzahedcreator@gmail.com"} 
[2026-04-12 06:55:26] local.ERROR: Analytics error {"error":"Array to string conversion","trace":"#0 D:\\laragon\\www\\mirrormefashion\\vendor\\laravel\\framework\\src\\Illuminate\\Foundation\\Bootstrap\\HandleExceptions.php(255): Illuminate\\Foundation\\Bootstrap\\HandleExceptions->handleError(2, 'Array to string...', 'D:\\\\laragon\\\\www\\\\...', 146)
#1 D:\\laragon\\www\\mirrormefashion\\app\\Http\\Controllers\\Api\\V2\\AnalyticsController.php(146): Illuminate\\Foundation\\Bootstrap\\HandleExceptions->Illuminate\\Foundation\\Bootstrap\\{closure}(2, 'Array to string...', 'D:\\\\laragon\\\\www\\\\...', 146)
#2 D:\\laragon\\www\\mirrormefashion\\app\\Http\\Controllers\\Api\\V2\\AnalyticsController.php(67): App\\Http\\Controllers\\Api\\V2\\AnalyticsController->calculateSizingBreakdown(Object(Illuminate\\Database\\Eloquent\\Collection))
#3 D:\\laragon\\www\\mirrormefashion\\vendor\\laravel\\framework\\src\\Illuminate\\Routing\\Controller.php(54): App\\Http\\Controllers\\Api\\V2\\AnalyticsController->getCreatorAnalytics(Object(Illuminate\\Http\\Request))
#4 D:\\laragon\\www\\mirrormefashion\\vendor\\laravel\\framework\\src\\Illuminate\\Routing\\ControllerDispatcher.php(43): Illuminate\\Routing\\Controller->callAction('getCreatorAnaly...', Array)
#5 D:\\laragon\\www\\mirrormefashion\\vendor\\laravel\\framework\\src\\Illuminate\\Routing\\Route.php(259): Illuminate\\Routing\\ControllerDispatcher->dispatch(Object(Illuminate\\Routing\\Route), Object(App\\Http\\Controllers\\Api\\V2\\AnalyticsController), 'getCreatorAnaly...')
#6 D:\\laragon\\www\\mirrormefashion\\vendor\\laravel\\framework\\src\\Illuminate\\Routing\\Route.php(205): Illuminate\\Routing\\Route->runController()
#7 D:\\laragon\\www\\mirrormefashion\\vendor\\laravel\\framework\\src\\Illuminate\\Routing\\Router.php(806): Illuminate\\Routing\\Route->run()
#8 D:\\laragon\\www\\mirrormefashion\\vendor\\laravel\\framework\\src\\Illuminate\\Pipeline\\Pipeline.php(144): Illuminate\\Routing\\Router->Illuminate\\Routing\\{closure}(Object(Illuminate\\Http\\Request))
#9 D:\\laragon\\www\\mirrormefashion\\app\\Http\\Middleware\\ParseBearerToken.php(98): Illuminate\\Pipeline\\Pipeline->Illuminate\\Pipeline\\{closure}(Object(Illuminate\\Http\\Request))
#10 D:\\laragon\\www\\mirrormefashion\\vendor\\laravel\\framework\\src\\Illuminate\\Pipeline\\Pipeline.php(183): App\\Http\\Middleware\\ParseBearerToken->handle(Object(Illuminate\\Http\\Request), Object(Closure))
#11 D:\\laragon\\www\\mirrormefashion\\app\\Http\\Middleware\\AppLanguage.php(35): Illuminate\\Pipeline\\Pipeline->Illuminate\\Pipeline\\{closure}(Object(Illuminate\\Http\\Request))
#12 D:\\laragon\\www\\mirrormefashion\\vendor\\laravel\\framework\\src\\Illuminate\\Pipeline\\Pipeline.php(183): App\\Http\\Middleware\\AppLanguage->handle(Object(Illuminate\\Http\\Request), Object(Closure))
#13 D:\\laragon\\www\\mirrormefashion\\app\\Http\\Middleware\\ApiJsonResponse.php(22): Illuminate\\Pipeline\\Pipeline->Illuminate\\Pipeline\\{closure}(Object(Illuminate\\Http\\Request))
#14 D:\\laragon\\www\\mirrormefashion\\vendor\\laravel\\framework\\src\\Illuminate\\Pipeline\\Pipeline.php(183): App\\Http\\Middleware\\ApiJsonResponse->handle(Object(Illuminate\\Http\\Request), Object(Closure))
#15 D:\\laragon\\www\\mirrormefashion\\app\\Http\\Middleware\\CheckForMaintenanceMode.php(64): Illuminate\\Pipeline\\Pipeline->Illuminate\\Pipeline\\{closure}(Object(Illuminate\\Http\\Request))
#16 D:\\laragon\\www\\mirrormefashion\\vendor\\laravel\\framework\\src\\Illuminate\\Pipeline\\Pipeline.php(183): App\\Http\\Middleware\\CheckForMaintenanceMode->handle(Object(Illuminate\\Http\\Request), Object(Closure))
#17 D:\\laragon\\www\\mirrormefashion\\vendor\\laravel\\framework\\src\\Illuminate\\Routing\\Middleware\\SubstituteBindings.php(50): Illuminate\\Pipeline\\Pipeline->Illuminate\\Pipeline\\{closure}(Object(Illuminate\\Http\\Request))
#18 D:\\laragon\\www\\mirrormefashion\\vendor\\laravel\\framework\\src\\Illuminate\\Pipeline\\Pipeline.php(183): Illuminate\\Routing\\Middleware\\SubstituteBindings->handle(Object(Illuminate\\Http\\Request), Object(Closure))
#19 D:\\laragon\\www\\mirrormefashion\\vendor\\laravel\\framework\\src\\Illuminate\\Auth\\Middleware\\Authenticate.php(57): Illuminate\\Pipeline\\Pipeline->Illuminate\\Pipeline\\{closure}(Object(Illuminate\\Http\\Request))
#20 D:\\laragon\\www\\mirrormefashion\\vendor\\laravel\\framework\\src\\Illuminate\\Pipeline\\Pipeline.php(183): Illuminate\\Auth\\Middleware\\Authenticate->handle(Object(Illuminate\\Http\\Request), Object(Closure), 'sanctum')
#21 D:\\laragon\\www\\mirrormefashion\\vendor\\laravel\\framework\\src\\Illuminate\\Routing\\Middleware\\ThrottleRequests.php(159): Illuminate\\Pipeline\\Pipeline->Illuminate\\Pipeline\\{closure}(Object(Illuminate\\Http\\Request))
#22 D:\\laragon\\www\\mirrormefashion\\vendor\\laravel\\framework\\src\\Illuminate\\Routing\\Middleware\\ThrottleRequests.php(125): Illuminate\\Routing\\Middleware\\ThrottleRequests->handleRequest(Object(Illuminate\\Http\\Request), Object(Closure), Array)
#23 D:\\laragon\\www\\mirrormefashion\\vendor\\laravel\\framework\\src\\Illuminate\\Routing\\Middleware\\ThrottleRequests.php(87): Illuminate\\Routing\\Middleware\\ThrottleRequests->handleRequestUsingNamedLimiter(Object(Illuminate\\Http\\Request), Object(Closure), 'api', Object(Closure))
#24 D:\\laragon\\www\\mirrormefashion\\vendor\\laravel\\framework\\src\\Illuminate\\Pipeline\\Pipeline.php(183): Illuminate\\Routing\\Middleware\\ThrottleRequests->handle(Object(Illuminate\\Http\\Request), Object(Closure), 'api')
#25 D:\\laragon\\www\\mirrormefashion\\vendor\\laravel\\sanctum\\src\\Http\\Middleware\\EnsureFrontendRequestsAreStateful.php(25): Illuminate\\Pipeline\\Pipeline->Illuminate\\Pipeline\\{closure}(Object(Illuminate\\Http\\Request))
#26 D:\\laragon\\www\\mirrormefashion\\vendor\\laravel\\framework\\src\\Illuminate\\Pipeline\\Pipeline.php(144): Laravel\\Sanctum\\Http\\Middleware\\EnsureFrontendRequestsAreStateful->Laravel\\Sanctum\\Http\\Middleware\\{closure}(Object(Illuminate\\Http\\Request))
#27 D:\\laragon\\www\\mirrormefashion\\vendor\\laravel\\framework\\src\\Illuminate\\Foundation\\Http\\Middleware\\VerifyCsrfToken.php(78): Illuminate\\Pipeline\\Pipeline->Illuminate\\Pipeline\\{closure}(Object(Illuminate\\Http\\Request))
#28 D:\\laragon\\www\\mirrormefashion\\vendor\\laravel\\framework\\src\\Illuminate\\Pipeline\\Pipeline.php(183): Illuminate\\Foundation\\Http\\Middleware\\VerifyCsrfToken->handle(Object(Illuminate\\Http\\Request), Object(Closure))
#29 D:\\laragon\\www\\mirrormefashion\\vendor\\laravel\\framework\\src\\Illuminate\\Session\\Middleware\\StartSession.php(121): Illuminate\\Pipeline\\Pipeline->Illuminate\\Pipeline\\{closure}(Object(Illuminate\\Http\\Request))
#30 D:\\laragon\\www\\mirrormefashion\\vendor\\laravel\\framework\\src\\Illuminate\\Session\\Middleware\\StartSession.php(64): Illuminate\\Session\\Middleware\\StartSession->handleStatefulRequest(Object(Illuminate\\Http\\Request), Object(Illuminate\\Session\\Store), Object(Closure))
#31 D:\\laragon\\www\\mirrormefashion\\vendor\\laravel\\framework\\src\\Illuminate\\Pipeline\\Pipeline.php(183): Illuminate\\Session\\Middleware\\StartSession->handle(Object(Illuminate\\Http\\Request), Object(Closure))
#32 D:\\laragon\\www\\mirrormefashion\\vendor\\laravel\\framework\\src\\Illuminate\\Cookie\\Middleware\\AddQueuedCookiesToResponse.php(37): Illuminate\\Pipeline\\Pipeline->Illuminate\\Pipeline\\{closure}(Object(Illuminate\\Http\\Request))
#33 D:\\laragon\\www\\mirrormefashion\\vendor\\laravel\\framework\\src\\Illuminate\\Pipeline\\Pipeline.php(183): Illuminate\\Cookie\\Middleware\\AddQueuedCookiesToResponse->handle(Object(Illuminate\\Http\\Request), Object(Closure))
#34 D:\\laragon\\www\\mirrormefashion\\vendor\\laravel\\framework\\src\\Illuminate\\Cookie\\Middleware\\EncryptCookies.php(67): Illuminate\\Pipeline\\Pipeline->Illuminate\\Pipeline\\{closure}(Object(Illuminate\\Http\\Request))
#35 D:\\laragon\\www\\mirrormefashion\\vendor\\laravel\\framework\\src\\Illuminate\\Pipeline\\Pipeline.php(183): Illuminate\\Cookie\\Middleware\\EncryptCookies->handle(Object(Illuminate\\Http\\Request), Object(Closure))
#36 D:\\laragon\\www\\mirrormefashion\\vendor\\laravel\\sanctum\\src\\Http\\Middleware\\EnsureFrontendRequestsAreStateful.php(61): Illuminate\\Pipeline\\Pipeline->Illuminate\\Pipeline\\{closure}(Object(Illuminate\\Http\\Request))
#37 D:\\laragon\\www\\mirrormefashion\\vendor\\laravel\\framework\\src\\Illuminate\\Pipeline\\Pipeline.php(165): Laravel\\Sanctum\\Http\\Middleware\\EnsureFrontendRequestsAreStateful->Laravel\\Sanctum\\Http\\Middleware\\{closure}(Object(Illuminate\\Http\\Request), Object(Closure))
#38 D:\\laragon\\www\\mirrormefashion\\vendor\\laravel\\framework\\src\\Illuminate\\Pipeline\\Pipeline.php(119): Illuminate\\Pipeline\\Pipeline->Illuminate\\Pipeline\\{closure}(Object(Illuminate\\Http\\Request))
#39 D:\\laragon\\www\\mirrormefashion\\vendor\\laravel\\sanctum\\src\\Http\\Middleware\\EnsureFrontendRequestsAreStateful.php(24): Illuminate\\Pipeline\\Pipeline->then(Object(Closure))
#40 D:\\laragon\\www\\mirrormefashion\\vendor\\laravel\\framework\\src\\Illuminate\\Pipeline\\Pipeline.php(183): Laravel\\Sanctum\\Http\\Middleware\\EnsureFrontendRequestsAreStateful->handle(Object(Illuminate\\Http\\Request), Object(Closure))
#41 D:\\laragon\\www\\mirrormefashion\\app\\Http\\Middleware\\CorsMiddleware.php(32): Illuminate\\Pipeline\\Pipeline->Illuminate\\Pipeline\\{closure}(Object(Illuminate\\Http\\Request))
#42 D:\\laragon\\www\\mirrormefashion\\vendor\\laravel\\framework\\src\\Illuminate\\Pipeline\\Pipeline.php(183): App\\Http\\Middleware\\CorsMiddleware->handle(Object(Illuminate\\Http\\Request), Object(Closure))
#43 D:\\laragon\\www\\mirrormefashion\\vendor\\laravel\\framework\\src\\Illuminate\\Pipeline\\Pipeline.php(119): Illuminate\\Pipeline\\Pipeline->Illuminate\\Pipeline\\{closure}(Object(Illuminate\\Http\\Request))
#44 D:\\laragon\\www\\mirrormefashion\\vendor\\laravel\\framework\\src\\Illuminate\\Routing\\Router.php(805): Illuminate\\Pipeline\\Pipeline->then(Object(Closure))
#45 D:\\laragon\\www\\mirrormefashion\\vendor\\laravel\\framework\\src\\Illuminate\\Routing\\Router.php(784): Illuminate\\Routing\\Router->runRouteWithinStack(Object(Illuminate\\Routing\\Route), Object(Illuminate\\Http\\Request))
#46 D:\\laragon\\www\\mirrormefashion\\vendor\\laravel\\framework\\src\\Illuminate\\Routing\\Router.php(748): Illuminate\\Routing\\Router->runRoute(Object(Illuminate\\Http\\Request), Object(Illuminate\\Routing\\Route))
#47 D:\\laragon\\www\\mirrormefashion\\vendor\\laravel\\framework\\src\\Illuminate\\Routing\\Router.php(737): Illuminate\\Routing\\Router->dispatchToRoute(Object(Illuminate\\Http\\Request))
#48 D:\\laragon\\www\\mirrormefashion\\vendor\\laravel\\framework\\src\\Illuminate\\Foundation\\Http\\Kernel.php(200): Illuminate\\Routing\\Router->dispatch(Object(Illuminate\\Http\\Request))
#49 D:\\laragon\\www\\mirrormefashion\\vendor\\laravel\\framework\\src\\Illuminate\\Pipeline\\Pipeline.php(144): Illuminate\\Foundation\\Http\\Kernel->Illuminate\\Foundation\\Http\\{closure}(Object(Illuminate\\Http\\Request))
#50 D:\\laragon\\www\\mirrormefashion\\vendor\\barryvdh\\laravel-debugbar\\src\\Middleware\\InjectDebugbar.php(66): Illuminate\\Pipeline\\Pipeline->Illuminate\\Pipeline\\{closure}(Object(Illuminate\\Http\\Request))
#51 D:\\laragon\\www\\mirrormefashion\\vendor\\laravel\\framework\\src\\Illuminate\\Pipeline\\Pipeline.php(183): Barryvdh\\Debugbar\\Middleware\\InjectDebugbar->handle(Object(Illuminate\\Http\\Request), Object(Closure))
#52 D:\\laragon\\www\\mirrormefashion\\vendor\\laravel\\framework\\src\\Illuminate\\View\\Middleware\\ShareErrorsFromSession.php(49): Illuminate\\Pipeline\\Pipeline->Illuminate\\Pipeline\\{closure}(Object(Illuminate\\Http\\Request))
#53 D:\\laragon\\www\\mirrormefashion\\vendor\\laravel\\framework\\src\\Illuminate\\Pipeline\\Pipeline.php(183): Illuminate\\View\\Middleware\\ShareErrorsFromSession->handle(Object(Illuminate\\Http\\Request), Object(Closure))
#54 D:\\laragon\\www\\mirrormefashion\\vendor\\laravel\\framework\\src\\Illuminate\\Session\\Middleware\\StartSession.php(121): Illuminate\\Pipeline\\Pipeline->Illuminate\\Pipeline\\{closure}(Object(Illuminate\\Http\\Request))
#55 D:\\laragon\\www\\mirrormefashion\\vendor\\laravel\\framework\\src\\Illuminate\\Session\\Middleware\\StartSession.php(64): Illuminate\\Session\\Middleware\\StartSession->handleStatefulRequest(Object(Illuminate\\Http\\Request), Object(Illuminate\\Session\\Store), Object(Closure))
#56 D:\\laragon\\www\\mirrormefashion\\vendor\\laravel\\framework\\src\\Illuminate\\Pipeline\\Pipeline.php(183): Illuminate\\Session\\Middleware\\StartSession->handle(Object(Illuminate\\Http\\Request), Object(Closure))
#57 D:\\laragon\\www\\mirrormefashion\\vendor\\laravel\\framework\\src\\Illuminate\\Http\\Middleware\\TrustProxies.php(39): Illuminate\\Pipeline\\Pipeline->Illuminate\\Pipeline\\{closure}(Object(Illuminate\\Http\\Request))
#58 D:\\laragon\\www\\mirrormefashion\\vendor\\laravel\\framework\\src\\Illuminate\\Pipeline\\Pipeline.php(183): Illuminate\\Http\\Middleware\\TrustProxies->handle(Object(Illuminate\\Http\\Request), Object(Closure))
#59 D:\\laragon\\www\\mirrormefashion\\vendor\\laravel\\framework\\src\\Illuminate\\Foundation\\Http\\Middleware\\TransformsRequest.php(21): Illuminate\\Pipeline\\Pipeline->Illuminate\\Pipeline\\{closure}(Object(Illuminate\\Http\\Request))
#60 D:\\laragon\\www\\mirrormefashion\\vendor\\laravel\\framework\\src\\Illuminate\\Foundation\\Http\\Middleware\\ConvertEmptyStringsToNull.php(31): Illuminate\\Foundation\\Http\\Middleware\\TransformsRequest->handle(Object(Illuminate\\Http\\Request), Object(Closure))
#61 D:\\laragon\\www\\mirrormefashion\\vendor\\laravel\\framework\\src\\Illuminate\\Pipeline\\Pipeline.php(183): Illuminate\\Foundation\\Http\\Middleware\\ConvertEmptyStringsToNull->handle(Object(Illuminate\\Http\\Request), Object(Closure))
#62 D:\\laragon\\www\\mirrormefashion\\vendor\\laravel\\framework\\src\\Illuminate\\Foundation\\Http\\Middleware\\TransformsRequest.php(21): Illuminate\\Pipeline\\Pipeline->Illuminate\\Pipeline\\{closure}(Object(Illuminate\\Http\\Request))
#63 D:\\laragon\\www\\mirrormefashion\\vendor\\laravel\\framework\\src\\Illuminate\\Foundation\\Http\\Middleware\\TrimStrings.php(40): Illuminate\\Foundation\\Http\\Middleware\\TransformsRequest->handle(Object(Illuminate\\Http\\Request), Object(Closure))
#64 D:\\laragon\\www\\mirrormefashion\\vendor\\laravel\\framework\\src\\Illuminate\\Pipeline\\Pipeline.php(183): Illuminate\\Foundation\\Http\\Middleware\\TrimStrings->handle(Object(Illuminate\\Http\\Request), Object(Closure))
#65 D:\\laragon\\www\\mirrormefashion\\vendor\\laravel\\framework\\src\\Illuminate\\Foundation\\Http\\Middleware\\ValidatePostSize.php(27): Illuminate\\Pipeline\\Pipeline->Illuminate\\Pipeline\\{closure}(Object(Illuminate\\Http\\Request))
#66 D:\\laragon\\www\\mirrormefashion\\vendor\\laravel\\framework\\src\\Illuminate\\Pipeline\\Pipeline.php(183): Illuminate\\Foundation\\Http\\Middleware\\ValidatePostSize->handle(Object(Illuminate\\Http\\Request), Object(Closure))
#67 D:\\laragon\\www\\mirrormefashion\\vendor\\laravel\\framework\\src\\Illuminate\\Pipeline\\Pipeline.php(119): Illuminate\\Pipeline\\Pipeline->Illuminate\\Pipeline\\{closure}(Object(Illuminate\\Http\\Request))
#68 D:\\laragon\\www\\mirrormefashion\\vendor\\laravel\\framework\\src\\Illuminate\\Foundation\\Http\\Kernel.php(175): Illuminate\\Pipeline\\Pipeline->then(Object(Closure))
#69 D:\\laragon\\www\\mirrormefashion\\vendor\\laravel\\framework\\src\\Illuminate\\Foundation\\Http\\Kernel.php(144): Illuminate\\Foundation\\Http\\Kernel->sendRequestThroughRouter(Object(Illuminate\\Http\\Request))
#70 D:\\laragon\\www\\mirrormefashion\\index.php(56): Illuminate\\Foundation\\Http\\Kernel->handle(Object(Illuminate\\Http\\Request))
#71 {main}"} 
[2026-04-12 06:56:15] local.INFO: ParseBearerToken middleware invoked {"path":"/api/v2/analytics/creator","method":"GET","has_auth_header":true,"auth_header_preview":"Bearer 160|kJdpaDrHOZ9nSgkeOYj...","is_bearer":true} 
[2026-04-12 06:56:15] local.INFO: Extracted bearer token {"token_preview":"160|kJdpaD...","token_length":52} 
[2026-04-12 06:56:15] local.INFO: Found personal access token {"token_id":160,"user_id":68,"revoked":null} 
[2026-04-12 06:56:15] local.INFO: User authenticated via bearer token {"user_id":68,"user_email":"freelancerzahedcreator@gmail.com"} 
[2026-04-12 06:56:15] local.ERROR: Analytics error {"error":"Array to string conversion","trace":"#0 D:\\laragon\\www\\mirrormefashion\\vendor\\laravel\\framework\\src\\Illuminate\\Foundation\\Bootstrap\\HandleExceptions.php(255): Illuminate\\Foundation\\Bootstrap\\HandleExceptions->handleError(2, 'Array to string...', 'D:\\\\laragon\\\\www\\\\...', 146)
#1 D:\\laragon\\www\\mirrormefashion\\app\\Http\\Controllers\\Api\\V2\\AnalyticsController.php(146): Illuminate\\Foundation\\Bootstrap\\HandleExceptions->Illuminate\\Foundation\\Bootstrap\\{closure}(2, 'Array to string...', 'D:\\\\laragon\\\\www\\\\...', 146)
#2 D:\\laragon\\www\\mirrormefashion\\app\\Http\\Controllers\\Api\\V2\\AnalyticsController.php(67): App\\Http\\Controllers\\Api\\V2\\AnalyticsController->calculateSizingBreakdown(Object(Illuminate\\Database\\Eloquent\\Collection))
#3 D:\\laragon\\www\\mirrormefashion\\vendor\\laravel\\framework\\src\\Illuminate\\Routing\\Controller.php(54): App\\Http\\Controllers\\Api\\V2\\AnalyticsController->getCreatorAnalytics(Object(Illuminate\\Http\\Request))
#4 D:\\laragon\\www\\mirrormefashion\\vendor\\laravel\\framework\\src\\Illuminate\\Routing\\ControllerDispatcher.php(43): Illuminate\\Routing\\Controller->callAction('getCreatorAnaly...', Array)
#5 D:\\laragon\\www\\mirrormefashion\\vendor\\laravel\\framework\\src\\Illuminate\\Routing\\Route.php(259): Illuminate\\Routing\\ControllerDispatcher->dispatch(Object(Illuminate\\Routing\\Route), Object(App\\Http\\Controllers\\Api\\V2\\AnalyticsController), 'getCreatorAnaly...')
#6 D:\\laragon\\www\\mirrormefashion\\vendor\\laravel\\framework\\src\\Illuminate\\Routing\\Route.php(205): Illuminate\\Routing\\Route->runController()
#7 D:\\laragon\\www\\mirrormefashion\\vendor\\laravel\\framework\\src\\Illuminate\\Routing\\Router.php(806): Illuminate\\Routing\\Route->run()
#8 D:\\laragon\\www\\mirrormefashion\\vendor\\laravel\\framework\\src\\Illuminate\\Pipeline\\Pipeline.php(144): Illuminate\\Routing\\Router->Illuminate\\Routing\\{closure}(Object(Illuminate\\Http\\Request))
#9 D:\\laragon\\www\\mirrormefashion\\app\\Http\\Middleware\\ParseBearerToken.php(98): Illuminate\\Pipeline\\Pipeline->Illuminate\\Pipeline\\{closure}(Object(Illuminate\\Http\\Request))
#10 D:\\laragon\\www\\mirrormefashion\\vendor\\laravel\\framework\\src\\Illuminate\\Pipeline\\Pipeline.php(183): App\\Http\\Middleware\\ParseBearerToken->handle(Object(Illuminate\\Http\\Request), Object(Closure))
#11 D:\\laragon\\www\\mirrormefashion\\app\\Http\\Middleware\\AppLanguage.php(35): Illuminate\\Pipeline\\Pipeline->Illuminate\\Pipeline\\{closure}(Object(Illuminate\\Http\\Request))
#12 D:\\laragon\\www\\mirrormefashion\\vendor\\laravel\\framework\\src\\Illuminate\\Pipeline\\Pipeline.php(183): App\\Http\\Middleware\\AppLanguage->handle(Object(Illuminate\\Http\\Request), Object(Closure))
#13 D:\\laragon\\www\\mirrormefashion\\app\\Http\\Middleware\\ApiJsonResponse.php(22): Illuminate\\Pipeline\\Pipeline->Illuminate\\Pipeline\\{closure}(Object(Illuminate\\Http\\Request))
#14 D:\\laragon\\www\\mirrormefashion\\vendor\\laravel\\framework\\src\\Illuminate\\Pipeline\\Pipeline.php(183): App\\Http\\Middleware\\ApiJsonResponse->handle(Object(Illuminate\\Http\\Request), Object(Closure))
#15 D:\\laragon\\www\\mirrormefashion\\app\\Http\\Middleware\\CheckForMaintenanceMode.php(64): Illuminate\\Pipeline\\Pipeline->Illuminate\\Pipeline\\{closure}(Object(Illuminate\\Http\\Request))
#16 D:\\laragon\\www\\mirrormefashion\\vendor\\laravel\\framework\\src\\Illuminate\\Pipeline\\Pipeline.php(183): App\\Http\\Middleware\\CheckForMaintenanceMode->handle(Object(Illuminate\\Http\\Request), Object(Closure))
#17 D:\\laragon\\www\\mirrormefashion\\vendor\\laravel\\framework\\src\\Illuminate\\Routing\\Middleware\\SubstituteBindings.php(50): Illuminate\\Pipeline\\Pipeline->Illuminate\\Pipeline\\{closure}(Object(Illuminate\\Http\\Request))
#18 D:\\laragon\\www\\mirrormefashion\\vendor\\laravel\\framework\\src\\Illuminate\\Pipeline\\Pipeline.php(183): Illuminate\\Routing\\Middleware\\SubstituteBindings->handle(Object(Illuminate\\Http\\Request), Object(Closure))
#19 D:\\laragon\\www\\mirrormefashion\\vendor\\laravel\\framework\\src\\Illuminate\\Auth\\Middleware\\Authenticate.php(57): Illuminate\\Pipeline\\Pipeline->Illuminate\\Pipeline\\{closure}(Object(Illuminate\\Http\\Request))
#20 D:\\laragon\\www\\mirrormefashion\\vendor\\laravel\\framework\\src\\Illuminate\\Pipeline\\Pipeline.php(183): Illuminate\\Auth\\Middleware\\Authenticate->handle(Object(Illuminate\\Http\\Request), Object(Closure), 'sanctum')
#21 D:\\laragon\\www\\mirrormefashion\\vendor\\laravel\\framework\\src\\Illuminate\\Routing\\Middleware\\ThrottleRequests.php(159): Illuminate\\Pipeline\\Pipeline->Illuminate\\Pipeline\\{closure}(Object(Illuminate\\Http\\Request))
#22 D:\\laragon\\www\\mirrormefashion\\vendor\\laravel\\framework\\src\\Illuminate\\Routing\\Middleware\\ThrottleRequests.php(125): Illuminate\\Routing\\Middleware\\ThrottleRequests->handleRequest(Object(Illuminate\\Http\\Request), Object(Closure), Array)
#23 D:\\laragon\\www\\mirrormefashion\\vendor\\laravel\\framework\\src\\Illuminate\\Routing\\Middleware\\ThrottleRequests.php(87): Illuminate\\Routing\\Middleware\\ThrottleRequests->handleRequestUsingNamedLimiter(Object(Illuminate\\Http\\Request), Object(Closure), 'api', Object(Closure))
#24 D:\\laragon\\www\\mirrormefashion\\vendor\\laravel\\framework\\src\\Illuminate\\Pipeline\\Pipeline.php(183): Illuminate\\Routing\\Middleware\\ThrottleRequests->handle(Object(Illuminate\\Http\\Request), Object(Closure), 'api')
#25 D:\\laragon\\www\\mirrormefashion\\vendor\\laravel\\sanctum\\src\\Http\\Middleware\\EnsureFrontendRequestsAreStateful.php(25): Illuminate\\Pipeline\\Pipeline->Illuminate\\Pipeline\\{closure}(Object(Illuminate\\Http\\Request))
#26 D:\\laragon\\www\\mirrormefashion\\vendor\\laravel\\framework\\src\\Illuminate\\Pipeline\\Pipeline.php(144): Laravel\\Sanctum\\Http\\Middleware\\EnsureFrontendRequestsAreStateful->Laravel\\Sanctum\\Http\\Middleware\\{closure}(Object(Illuminate\\Http\\Request))
#27 D:\\laragon\\www\\mirrormefashion\\vendor\\laravel\\framework\\src\\Illuminate\\Foundation\\Http\\Middleware\\VerifyCsrfToken.php(78): Illuminate\\Pipeline\\Pipeline->Illuminate\\Pipeline\\{closure}(Object(Illuminate\\Http\\Request))
#28 D:\\laragon\\www\\mirrormefashion\\vendor\\laravel\\framework\\src\\Illuminate\\Pipeline\\Pipeline.php(183): Illuminate\\Foundation\\Http\\Middleware\\VerifyCsrfToken->handle(Object(Illuminate\\Http\\Request), Object(Closure))
#29 D:\\laragon\\www\\mirrormefashion\\vendor\\laravel\\framework\\src\\Illuminate\\Session\\Middleware\\StartSession.php(121): Illuminate\\Pipeline\\Pipeline->Illuminate\\Pipeline\\{closure}(Object(Illuminate\\Http\\Request))
#30 D:\\laragon\\www\\mirrormefashion\\vendor\\laravel\\framework\\src\\Illuminate\\Session\\Middleware\\StartSession.php(64): Illuminate\\Session\\Middleware\\StartSession->handleStatefulRequest(Object(Illuminate\\Http\\Request), Object(Illuminate\\Session\\Store), Object(Closure))
#31 D:\\laragon\\www\\mirrormefashion\\vendor\\laravel\\framework\\src\\Illuminate\\Pipeline\\Pipeline.php(183): Illuminate\\Session\\Middleware\\StartSession->handle(Object(Illuminate\\Http\\Request), Object(Closure))
#32 D:\\laragon\\www\\mirrormefashion\\vendor\\laravel\\framework\\src\\Illuminate\\Cookie\\Middleware\\AddQueuedCookiesToResponse.php(37): Illuminate\\Pipeline\\Pipeline->Illuminate\\Pipeline\\{closure}(Object(Illuminate\\Http\\Request))
#33 D:\\laragon\\www\\mirrormefashion\\vendor\\laravel\\framework\\src\\Illuminate\\Pipeline\\Pipeline.php(183): Illuminate\\Cookie\\Middleware\\AddQueuedCookiesToResponse->handle(Object(Illuminate\\Http\\Request), Object(Closure))
#34 D:\\laragon\\www\\mirrormefashion\\vendor\\laravel\\framework\\src\\Illuminate\\Cookie\\Middleware\\EncryptCookies.php(67): Illuminate\\Pipeline\\Pipeline->Illuminate\\Pipeline\\{closure}(Object(Illuminate\\Http\\Request))
#35 D:\\laragon\\www\\mirrormefashion\\vendor\\laravel\\framework\\src\\Illuminate\\Pipeline\\Pipeline.php(183): Illuminate\\Cookie\\Middleware\\EncryptCookies->handle(Object(Illuminate\\Http\\Request), Object(Closure))
#36 D:\\laragon\\www\\mirrormefashion\\vendor\\laravel\\sanctum\\src\\Http\\Middleware\\EnsureFrontendRequestsAreStateful.php(61): Illuminate\\Pipeline\\Pipeline->Illuminate\\Pipeline\\{closure}(Object(Illuminate\\Http\\Request))
#37 D:\\laragon\\www\\mirrormefashion\\vendor\\laravel\\framework\\src\\Illuminate\\Pipeline\\Pipeline.php(165): Laravel\\Sanctum\\Http\\Middleware\\EnsureFrontendRequestsAreStateful->Laravel\\Sanctum\\Http\\Middleware\\{closure}(Object(Illuminate\\Http\\Request), Object(Closure))
#38 D:\\laragon\\www\\mirrormefashion\\vendor\\laravel\\framework\\src\\Illuminate\\Pipeline\\Pipeline.php(119): Illuminate\\Pipeline\\Pipeline->Illuminate\\Pipeline\\{closure}(Object(Illuminate\\Http\\Request))
#39 D:\\laragon\\www\\mirrormefashion\\vendor\\laravel\\sanctum\\src\\Http\\Middleware\\EnsureFrontendRequestsAreStateful.php(24): Illuminate\\Pipeline\\Pipeline->then(Object(Closure))
#40 D:\\laragon\\www\\mirrormefashion\\vendor\\laravel\\framework\\src\\Illuminate\\Pipeline\\Pipeline.php(183): Laravel\\Sanctum\\Http\\Middleware\\EnsureFrontendRequestsAreStateful->handle(Object(Illuminate\\Http\\Request), Object(Closure))
#41 D:\\laragon\\www\\mirrormefashion\\app\\Http\\Middleware\\CorsMiddleware.php(32): Illuminate\\Pipeline\\Pipeline->Illuminate\\Pipeline\\{closure}(Object(Illuminate\\Http\\Request))
#42 D:\\laragon\\www\\mirrormefashion\\vendor\\laravel\\framework\\src\\Illuminate\\Pipeline\\Pipeline.php(183): App\\Http\\Middleware\\CorsMiddleware->handle(Object(Illuminate\\Http\\Request), Object(Closure))
#43 D:\\laragon\\www\\mirrormefashion\\vendor\\laravel\\framework\\src\\Illuminate\\Pipeline\\Pipeline.php(119): Illuminate\\Pipeline\\Pipeline->Illuminate\\Pipeline\\{closure}(Object(Illuminate\\Http\\Request))
#44 D:\\laragon\\www\\mirrormefashion\\vendor\\laravel\\framework\\src\\Illuminate\\Routing\\Router.php(805): Illuminate\\Pipeline\\Pipeline->then(Object(Closure))
#45 D:\\laragon\\www\\mirrormefashion\\vendor\\laravel\\framework\\src\\Illuminate\\Routing\\Router.php(784): Illuminate\\Routing\\Router->runRouteWithinStack(Object(Illuminate\\Routing\\Route), Object(Illuminate\\Http\\Request))
#46 D:\\laragon\\www\\mirrormefashion\\vendor\\laravel\\framework\\src\\Illuminate\\Routing\\Router.php(748): Illuminate\\Routing\\Router->runRoute(Object(Illuminate\\Http\\Request), Object(Illuminate\\Routing\\Route))
#47 D:\\laragon\\www\\mirrormefashion\\vendor\\laravel\\framework\\src\\Illuminate\\Routing\\Router.php(737): Illuminate\\Routing\\Router->dispatchToRoute(Object(Illuminate\\Http\\Request))
#48 D:\\laragon\\www\\mirrormefashion\\vendor\\laravel\\framework\\src\\Illuminate\\Foundation\\Http\\Kernel.php(200): Illuminate\\Routing\\Router->dispatch(Object(Illuminate\\Http\\Request))
#49 D:\\laragon\\www\\mirrormefashion\\vendor\\laravel\\framework\\src\\Illuminate\\Pipeline\\Pipeline.php(144): Illuminate\\Foundation\\Http\\Kernel->Illuminate\\Foundation\\Http\\{closure}(Object(Illuminate\\Http\\Request))
#50 D:\\laragon\\www\\mirrormefashion\\vendor\\barryvdh\\laravel-debugbar\\src\\Middleware\\InjectDebugbar.php(66): Illuminate\\Pipeline\\Pipeline->Illuminate\\Pipeline\\{closure}(Object(Illuminate\\Http\\Request))
#51 D:\\laragon\\www\\mirrormefashion\\vendor\\laravel\\framework\\src\\Illuminate\\Pipeline\\Pipeline.php(183): Barryvdh\\Debugbar\\Middleware\\InjectDebugbar->handle(Object(Illuminate\\Http\\Request), Object(Closure))
#52 D:\\laragon\\www\\mirrormefashion\\vendor\\laravel\\framework\\src\\Illuminate\\View\\Middleware\\ShareErrorsFromSession.php(49): Illuminate\\Pipeline\\Pipeline->Illuminate\\Pipeline\\{closure}(Object(Illuminate\\Http\\Request))
#53 D:\\laragon\\www\\mirrormefashion\\vendor\\laravel\\framework\\src\\Illuminate\\Pipeline\\Pipeline.php(183): Illuminate\\View\\Middleware\\ShareErrorsFromSession->handle(Object(Illuminate\\Http\\Request), Object(Closure))
#54 D:\\laragon\\www\\mirrormefashion\\vendor\\laravel\\framework\\src\\Illuminate\\Session\\Middleware\\StartSession.php(121): Illuminate\\Pipeline\\Pipeline->Illuminate\\Pipeline\\{closure}(Object(Illuminate\\Http\\Request))
#55 D:\\laragon\\www\\mirrormefashion\\vendor\\laravel\\framework\\src\\Illuminate\\Session\\Middleware\\StartSession.php(64): Illuminate\\Session\\Middleware\\StartSession->handleStatefulRequest(Object(Illuminate\\Http\\Request), Object(Illuminate\\Session\\Store), Object(Closure))
#56 D:\\laragon\\www\\mirrormefashion\\vendor\\laravel\\framework\\src\\Illuminate\\Pipeline\\Pipeline.php(183): Illuminate\\Session\\Middleware\\StartSession->handle(Object(Illuminate\\Http\\Request), Object(Closure))
#57 D:\\laragon\\www\\mirrormefashion\\vendor\\laravel\\framework\\src\\Illuminate\\Http\\Middleware\\TrustProxies.php(39): Illuminate\\Pipeline\\Pipeline->Illuminate\\Pipeline\\{closure}(Object(Illuminate\\Http\\Request))
#58 D:\\laragon\\www\\mirrormefashion\\vendor\\laravel\\framework\\src\\Illuminate\\Pipeline\\Pipeline.php(183): Illuminate\\Http\\Middleware\\TrustProxies->handle(Object(Illuminate\\Http\\Request), Object(Closure))
#59 D:\\laragon\\www\\mirrormefashion\\vendor\\laravel\\framework\\src\\Illuminate\\Foundation\\Http\\Middleware\\TransformsRequest.php(21): Illuminate\\Pipeline\\Pipeline->Illuminate\\Pipeline\\{closure}(Object(Illuminate\\Http\\Request))
#60 D:\\laragon\\www\\mirrormefashion\\vendor\\laravel\\framework\\src\\Illuminate\\Foundation\\Http\\Middleware\\ConvertEmptyStringsToNull.php(31): Illuminate\\Foundation\\Http\\Middleware\\TransformsRequest->handle(Object(Illuminate\\Http\\Request), Object(Closure))
#61 D:\\laragon\\www\\mirrormefashion\\vendor\\laravel\\framework\\src\\Illuminate\\Pipeline\\Pipeline.php(183): Illuminate\\Foundation\\Http\\Middleware\\ConvertEmptyStringsToNull->handle(Object(Illuminate\\Http\\Request), Object(Closure))
#62 D:\\laragon\\www\\mirrormefashion\\vendor\\laravel\\framework\\src\\Illuminate\\Foundation\\Http\\Middleware\\TransformsRequest.php(21): Illuminate\\Pipeline\\Pipeline->Illuminate\\Pipeline\\{closure}(Object(Illuminate\\Http\\Request))
#63 D:\\laragon\\www\\mirrormefashion\\vendor\\laravel\\framework\\src\\Illuminate\\Foundation\\Http\\Middleware\\TrimStrings.php(40): Illuminate\\Foundation\\Http\\Middleware\\TransformsRequest->handle(Object(Illuminate\\Http\\Request), Object(Closure))
#64 D:\\laragon\\www\\mirrormefashion\\vendor\\laravel\\framework\\src\\Illuminate\\Pipeline\\Pipeline.php(183): Illuminate\\Foundation\\Http\\Middleware\\TrimStrings->handle(Object(Illuminate\\Http\\Request), Object(Closure))
#65 D:\\laragon\\www\\mirrormefashion\\vendor\\laravel\\framework\\src\\Illuminate\\Foundation\\Http\\Middleware\\ValidatePostSize.php(27): Illuminate\\Pipeline\\Pipeline->Illuminate\\Pipeline\\{closure}(Object(Illuminate\\Http\\Request))
#66 D:\\laragon\\www\\mirrormefashion\\vendor\\laravel\\framework\\src\\Illuminate\\Pipeline\\Pipeline.php(183): Illuminate\\Foundation\\Http\\Middleware\\ValidatePostSize->handle(Object(Illuminate\\Http\\Request), Object(Closure))
#67 D:\\laragon\\www\\mirrormefashion\\vendor\\laravel\\framework\\src\\Illuminate\\Pipeline\\Pipeline.php(119): Illuminate\\Pipeline\\Pipeline->Illuminate\\Pipeline\\{closure}(Object(Illuminate\\Http\\Request))
#68 D:\\laragon\\www\\mirrormefashion\\vendor\\laravel\\framework\\src\\Illuminate\\Foundation\\Http\\Kernel.php(175): Illuminate\\Pipeline\\Pipeline->then(Object(Closure))
#69 D:\\laragon\\www\\mirrormefashion\\vendor\\laravel\\framework\\src\\Illuminate\\Foundation\\Http\\Kernel.php(144): Illuminate\\Foundation\\Http\\Kernel->sendRequestThroughRouter(Object(Illuminate\\Http\\Request))
#70 D:\\laragon\\www\\mirrormefashion\\index.php(56): Illuminate\\Foundation\\Http\\Kernel->handle(Object(Illuminate\\Http\\Request))
#71 {main}"} 
[2026-04-12 06:56:15] local.INFO: ParseBearerToken middleware invoked {"path":"/api/v2/analytics/creator","method":"GET","has_auth_header":true,"auth_header_preview":"Bearer 160|kJdpaDrHOZ9nSgkeOYj...","is_bearer":true} 
[2026-04-12 06:56:15] local.INFO: Extracted bearer token {"token_preview":"160|kJdpaD...","token_length":52} 
[2026-04-12 06:56:15] local.INFO: Found personal access token {"token_id":160,"user_id":68,"revoked":null} 
[2026-04-12 06:56:15] local.INFO: User authenticated via bearer token {"user_id":68,"user_email":"freelancerzahedcreator@gmail.com"} 
[2026-04-12 06:56:15] local.ERROR: Analytics error {"error":"Array to string conversion","trace":"#0 D:\\laragon\\www\\mirrormefashion\\vendor\\laravel\\framework\\src\\Illuminate\\Foundation\\Bootstrap\\HandleExceptions.php(255): Illuminate\\Foundation\\Bootstrap\\HandleExceptions->handleError(2, 'Array to string...', 'D:\\\\laragon\\\\www\\\\...', 146)
#1 D:\\laragon\\www\\mirrormefashion\\app\\Http\\Controllers\\Api\\V2\\AnalyticsController.php(146): Illuminate\\Foundation\\Bootstrap\\HandleExceptions->Illuminate\\Foundation\\Bootstrap\\{closure}(2, 'Array to string...', 'D:\\\\laragon\\\\www\\\\...', 146)
#2 D:\\laragon\\www\\mirrormefashion\\app\\Http\\Controllers\\Api\\V2\\AnalyticsController.php(67): App\\Http\\Controllers\\Api\\V2\\AnalyticsController->calculateSizingBreakdown(Object(Illuminate\\Database\\Eloquent\\Collection))
#3 D:\\laragon\\www\\mirrormefashion\\vendor\\laravel\\framework\\src\\Illuminate\\Routing\\Controller.php(54): App\\Http\\Controllers\\Api\\V2\\AnalyticsController->getCreatorAnalytics(Object(Illuminate\\Http\\Request))
#4 D:\\laragon\\www\\mirrormefashion\\vendor\\laravel\\framework\\src\\Illuminate\\Routing\\ControllerDispatcher.php(43): Illuminate\\Routing\\Controller->callAction('getCreatorAnaly...', Array)
#5 D:\\laragon\\www\\mirrormefashion\\vendor\\laravel\\framework\\src\\Illuminate\\Routing\\Route.php(259): Illuminate\\Routing\\ControllerDispatcher->dispatch(Object(Illuminate\\Routing\\Route), Object(App\\Http\\Controllers\\Api\\V2\\AnalyticsController), 'getCreatorAnaly...')
#6 D:\\laragon\\www\\mirrormefashion\\vendor\\laravel\\framework\\src\\Illuminate\\Routing\\Route.php(205): Illuminate\\Routing\\Route->runController()
#7 D:\\laragon\\www\\mirrormefashion\\vendor\\laravel\\framework\\src\\Illuminate\\Routing\\Router.php(806): Illuminate\\Routing\\Route->run()
#8 D:\\laragon\\www\\mirrormefashion\\vendor\\laravel\\framework\\src\\Illuminate\\Pipeline\\Pipeline.php(144): Illuminate\\Routing\\Router->Illuminate\\Routing\\{closure}(Object(Illuminate\\Http\\Request))
#9 D:\\laragon\\www\\mirrormefashion\\app\\Http\\Middleware\\ParseBearerToken.php(98): Illuminate\\Pipeline\\Pipeline->Illuminate\\Pipeline\\{closure}(Object(Illuminate\\Http\\Request))
#10 D:\\laragon\\www\\mirrormefashion\\vendor\\laravel\\framework\\src\\Illuminate\\Pipeline\\Pipeline.php(183): App\\Http\\Middleware\\ParseBearerToken->handle(Object(Illuminate\\Http\\Request), Object(Closure))
#11 D:\\laragon\\www\\mirrormefashion\\app\\Http\\Middleware\\AppLanguage.php(35): Illuminate\\Pipeline\\Pipeline->Illuminate\\Pipeline\\{closure}(Object(Illuminate\\Http\\Request))
#12 D:\\laragon\\www\\mirrormefashion\\vendor\\laravel\\framework\\src\\Illuminate\\Pipeline\\Pipeline.php(183): App\\Http\\Middleware\\AppLanguage->handle(Object(Illuminate\\Http\\Request), Object(Closure))
#13 D:\\laragon\\www\\mirrormefashion\\app\\Http\\Middleware\\ApiJsonResponse.php(22): Illuminate\\Pipeline\\Pipeline->Illuminate\\Pipeline\\{closure}(Object(Illuminate\\Http\\Request))
#14 D:\\laragon\\www\\mirrormefashion\\vendor\\laravel\\framework\\src\\Illuminate\\Pipeline\\Pipeline.php(183): App\\Http\\Middleware\\ApiJsonResponse->handle(Object(Illuminate\\Http\\Request), Object(Closure))
#15 D:\\laragon\\www\\mirrormefashion\\app\\Http\\Middleware\\CheckForMaintenanceMode.php(64): Illuminate\\Pipeline\\Pipeline->Illuminate\\Pipeline\\{closure}(Object(Illuminate\\Http\\Request))
#16 D:\\laragon\\www\\mirrormefashion\\vendor\\laravel\\framework\\src\\Illuminate\\Pipeline\\Pipeline.php(183): App\\Http\\Middleware\\CheckForMaintenanceMode->handle(Object(Illuminate\\Http\\Request), Object(Closure))
#17 D:\\laragon\\www\\mirrormefashion\\vendor\\laravel\\framework\\src\\Illuminate\\Routing\\Middleware\\SubstituteBindings.php(50): Illuminate\\Pipeline\\Pipeline->Illuminate\\Pipeline\\{closure}(Object(Illuminate\\Http\\Request))
#18 D:\\laragon\\www\\mirrormefashion\\vendor\\laravel\\framework\\src\\Illuminate\\Pipeline\\Pipeline.php(183): Illuminate\\Routing\\Middleware\\SubstituteBindings->handle(Object(Illuminate\\Http\\Request), Object(Closure))
#19 D:\\laragon\\www\\mirrormefashion\\vendor\\laravel\\framework\\src\\Illuminate\\Auth\\Middleware\\Authenticate.php(57): Illuminate\\Pipeline\\Pipeline->Illuminate\\Pipeline\\{closure}(Object(Illuminate\\Http\\Request))
#20 D:\\laragon\\www\\mirrormefashion\\vendor\\laravel\\framework\\src\\Illuminate\\Pipeline\\Pipeline.php(183): Illuminate\\Auth\\Middleware\\Authenticate->handle(Object(Illuminate\\Http\\Request), Object(Closure), 'sanctum')
#21 D:\\laragon\\www\\mirrormefashion\\vendor\\laravel\\framework\\src\\Illuminate\\Routing\\Middleware\\ThrottleRequests.php(159): Illuminate\\Pipeline\\Pipeline->Illuminate\\Pipeline\\{closure}(Object(Illuminate\\Http\\Request))
#22 D:\\laragon\\www\\mirrormefashion\\vendor\\laravel\\framework\\src\\Illuminate\\Routing\\Middleware\\ThrottleRequests.php(125): Illuminate\\Routing\\Middleware\\ThrottleRequests->handleRequest(Object(Illuminate\\Http\\Request), Object(Closure), Array)
#23 D:\\laragon\\www\\mirrormefashion\\vendor\\laravel\\framework\\src\\Illuminate\\Routing\\Middleware\\ThrottleRequests.php(87): Illuminate\\Routing\\Middleware\\ThrottleRequests->handleRequestUsingNamedLimiter(Object(Illuminate\\Http\\Request), Object(Closure), 'api', Object(Closure))
#24 D:\\laragon\\www\\mirrormefashion\\vendor\\laravel\\framework\\src\\Illuminate\\Pipeline\\Pipeline.php(183): Illuminate\\Routing\\Middleware\\ThrottleRequests->handle(Object(Illuminate\\Http\\Request), Object(Closure), 'api')
#25 D:\\laragon\\www\\mirrormefashion\\vendor\\laravel\\sanctum\\src\\Http\\Middleware\\EnsureFrontendRequestsAreStateful.php(25): Illuminate\\Pipeline\\Pipeline->Illuminate\\Pipeline\\{closure}(Object(Illuminate\\Http\\Request))
#26 D:\\laragon\\www\\mirrormefashion\\vendor\\laravel\\framework\\src\\Illuminate\\Pipeline\\Pipeline.php(144): Laravel\\Sanctum\\Http\\Middleware\\EnsureFrontendRequestsAreStateful->Laravel\\Sanctum\\Http\\Middleware\\{closure}(Object(Illuminate\\Http\\Request))
#27 D:\\laragon\\www\\mirrormefashion\\vendor\\laravel\\framework\\src\\Illuminate\\Foundation\\Http\\Middleware\\VerifyCsrfToken.php(78): Illuminate\\Pipeline\\Pipeline->Illuminate\\Pipeline\\{closure}(Object(Illuminate\\Http\\Request))
#28 D:\\laragon\\www\\mirrormefashion\\vendor\\laravel\\framework\\src\\Illuminate\\Pipeline\\Pipeline.php(183): Illuminate\\Foundation\\Http\\Middleware\\VerifyCsrfToken->handle(Object(Illuminate\\Http\\Request), Object(Closure))
#29 D:\\laragon\\www\\mirrormefashion\\vendor\\laravel\\framework\\src\\Illuminate\\Session\\Middleware\\StartSession.php(121): Illuminate\\Pipeline\\Pipeline->Illuminate\\Pipeline\\{closure}(Object(Illuminate\\Http\\Request))
#30 D:\\laragon\\www\\mirrormefashion\\vendor\\laravel\\framework\\src\\Illuminate\\Session\\Middleware\\StartSession.php(64): Illuminate\\Session\\Middleware\\StartSession->handleStatefulRequest(Object(Illuminate\\Http\\Request), Object(Illuminate\\Session\\Store), Object(Closure))
#31 D:\\laragon\\www\\mirrormefashion\\vendor\\laravel\\framework\\src\\Illuminate\\Pipeline\\Pipeline.php(183): Illuminate\\Session\\Middleware\\StartSession->handle(Object(Illuminate\\Http\\Request), Object(Closure))
#32 D:\\laragon\\www\\mirrormefashion\\vendor\\laravel\\framework\\src\\Illuminate\\Cookie\\Middleware\\AddQueuedCookiesToResponse.php(37): Illuminate\\Pipeline\\Pipeline->Illuminate\\Pipeline\\{closure}(Object(Illuminate\\Http\\Request))
#33 D:\\laragon\\www\\mirrormefashion\\vendor\\laravel\\framework\\src\\Illuminate\\Pipeline\\Pipeline.php(183): Illuminate\\Cookie\\Middleware\\AddQueuedCookiesToResponse->handle(Object(Illuminate\\Http\\Request), Object(Closure))
#34 D:\\laragon\\www\\mirrormefashion\\vendor\\laravel\\framework\\src\\Illuminate\\Cookie\\Middleware\\EncryptCookies.php(67): Illuminate\\Pipeline\\Pipeline->Illuminate\\Pipeline\\{closure}(Object(Illuminate\\Http\\Request))
#35 D:\\laragon\\www\\mirrormefashion\\vendor\\laravel\\framework\\src\\Illuminate\\Pipeline\\Pipeline.php(183): Illuminate\\Cookie\\Middleware\\EncryptCookies->handle(Object(Illuminate\\Http\\Request), Object(Closure))
#36 D:\\laragon\\www\\mirrormefashion\\vendor\\laravel\\sanctum\\src\\Http\\Middleware\\EnsureFrontendRequestsAreStateful.php(61): Illuminate\\Pipeline\\Pipeline->Illuminate\\Pipeline\\{closure}(Object(Illuminate\\Http\\Request))
#37 D:\\laragon\\www\\mirrormefashion\\vendor\\laravel\\framework\\src\\Illuminate\\Pipeline\\Pipeline.php(165): Laravel\\Sanctum\\Http\\Middleware\\EnsureFrontendRequestsAreStateful->Laravel\\Sanctum\\Http\\Middleware\\{closure}(Object(Illuminate\\Http\\Request), Object(Closure))
#38 D:\\laragon\\www\\mirrormefashion\\vendor\\laravel\\framework\\src\\Illuminate\\Pipeline\\Pipeline.php(119): Illuminate\\Pipeline\\Pipeline->Illuminate\\Pipeline\\{closure}(Object(Illuminate\\Http\\Request))
#39 D:\\laragon\\www\\mirrormefashion\\vendor\\laravel\\sanctum\\src\\Http\\Middleware\\EnsureFrontendRequestsAreStateful.php(24): Illuminate\\Pipeline\\Pipeline->then(Object(Closure))
#40 D:\\laragon\\www\\mirrormefashion\\vendor\\laravel\\framework\\src\\Illuminate\\Pipeline\\Pipeline.php(183): Laravel\\Sanctum\\Http\\Middleware\\EnsureFrontendRequestsAreStateful->handle(Object(Illuminate\\Http\\Request), Object(Closure))
#41 D:\\laragon\\www\\mirrormefashion\\app\\Http\\Middleware\\CorsMiddleware.php(32): Illuminate\\Pipeline\\Pipeline->Illuminate\\Pipeline\\{closure}(Object(Illuminate\\Http\\Request))
#42 D:\\laragon\\www\\mirrormefashion\\vendor\\laravel\\framework\\src\\Illuminate\\Pipeline\\Pipeline.php(183): App\\Http\\Middleware\\CorsMiddleware->handle(Object(Illuminate\\Http\\Request), Object(Closure))
#43 D:\\laragon\\www\\mirrormefashion\\vendor\\laravel\\framework\\src\\Illuminate\\Pipeline\\Pipeline.php(119): Illuminate\\Pipeline\\Pipeline->Illuminate\\Pipeline\\{closure}(Object(Illuminate\\Http\\Request))
#44 D:\\laragon\\www\\mirrormefashion\\vendor\\laravel\\framework\\src\\Illuminate\\Routing\\Router.php(805): Illuminate\\Pipeline\\Pipeline->then(Object(Closure))
#45 D:\\laragon\\www\\mirrormefashion\\vendor\\laravel\\framework\\src\\Illuminate\\Routing\\Router.php(784): Illuminate\\Routing\\Router->runRouteWithinStack(Object(Illuminate\\Routing\\Route), Object(Illuminate\\Http\\Request))
#46 D:\\laragon\\www\\mirrormefashion\\vendor\\laravel\\framework\\src\\Illuminate\\Routing\\Router.php(748): Illuminate\\Routing\\Router->runRoute(Object(Illuminate\\Http\\Request), Object(Illuminate\\Routing\\Route))
#47 D:\\laragon\\www\\mirrormefashion\\vendor\\laravel\\framework\\src\\Illuminate\\Routing\\Router.php(737): Illuminate\\Routing\\Router->dispatchToRoute(Object(Illuminate\\Http\\Request))
#48 D:\\laragon\\www\\mirrormefashion\\vendor\\laravel\\framework\\src\\Illuminate\\Foundation\\Http\\Kernel.php(200): Illuminate\\Routing\\Router->dispatch(Object(Illuminate\\Http\\Request))
#49 D:\\laragon\\www\\mirrormefashion\\vendor\\laravel\\framework\\src\\Illuminate\\Pipeline\\Pipeline.php(144): Illuminate\\Foundation\\Http\\Kernel->Illuminate\\Foundation\\Http\\{closure}(Object(Illuminate\\Http\\Request))
#50 D:\\laragon\\www\\mirrormefashion\\vendor\\barryvdh\\laravel-debugbar\\src\\Middleware\\InjectDebugbar.php(66): Illuminate\\Pipeline\\Pipeline->Illuminate\\Pipeline\\{closure}(Object(Illuminate\\Http\\Request))
#51 D:\\laragon\\www\\mirrormefashion\\vendor\\laravel\\framework\\src\\Illuminate\\Pipeline\\Pipeline.php(183): Barryvdh\\Debugbar\\Middleware\\InjectDebugbar->handle(Object(Illuminate\\Http\\Request), Object(Closure))
#52 D:\\laragon\\www\\mirrormefashion\\vendor\\laravel\\framework\\src\\Illuminate\\View\\Middleware\\ShareErrorsFromSession.php(49): Illuminate\\Pipeline\\Pipeline->Illuminate\\Pipeline\\{closure}(Object(Illuminate\\Http\\Request))
#53 D:\\laragon\\www\\mirrormefashion\\vendor\\laravel\\framework\\src\\Illuminate\\Pipeline\\Pipeline.php(183): Illuminate\\View\\Middleware\\ShareErrorsFromSession->handle(Object(Illuminate\\Http\\Request), Object(Closure))
#54 D:\\laragon\\www\\mirrormefashion\\vendor\\laravel\\framework\\src\\Illuminate\\Session\\Middleware\\StartSession.php(121): Illuminate\\Pipeline\\Pipeline->Illuminate\\Pipeline\\{closure}(Object(Illuminate\\Http\\Request))
#55 D:\\laragon\\www\\mirrormefashion\\vendor\\laravel\\framework\\src\\Illuminate\\Session\\Middleware\\StartSession.php(64): Illuminate\\Session\\Middleware\\StartSession->handleStatefulRequest(Object(Illuminate\\Http\\Request), Object(Illuminate\\Session\\Store), Object(Closure))
#56 D:\\laragon\\www\\mirrormefashion\\vendor\\laravel\\framework\\src\\Illuminate\\Pipeline\\Pipeline.php(183): Illuminate\\Session\\Middleware\\StartSession->handle(Object(Illuminate\\Http\\Request), Object(Closure))
#57 D:\\laragon\\www\\mirrormefashion\\vendor\\laravel\\framework\\src\\Illuminate\\Http\\Middleware\\TrustProxies.php(39): Illuminate\\Pipeline\\Pipeline->Illuminate\\Pipeline\\{closure}(Object(Illuminate\\Http\\Request))
#58 D:\\laragon\\www\\mirrormefashion\\vendor\\laravel\\framework\\src\\Illuminate\\Pipeline\\Pipeline.php(183): Illuminate\\Http\\Middleware\\TrustProxies->handle(Object(Illuminate\\Http\\Request), Object(Closure))
#59 D:\\laragon\\www\\mirrormefashion\\vendor\\laravel\\framework\\src\\Illuminate\\Foundation\\Http\\Middleware\\TransformsRequest.php(21): Illuminate\\Pipeline\\Pipeline->Illuminate\\Pipeline\\{closure}(Object(Illuminate\\Http\\Request))
#60 D:\\laragon\\www\\mirrormefashion\\vendor\\laravel\\framework\\src\\Illuminate\\Foundation\\Http\\Middleware\\ConvertEmptyStringsToNull.php(31): Illuminate\\Foundation\\Http\\Middleware\\TransformsRequest->handle(Object(Illuminate\\Http\\Request), Object(Closure))
#61 D:\\laragon\\www\\mirrormefashion\\vendor\\laravel\\framework\\src\\Illuminate\\Pipeline\\Pipeline.php(183): Illuminate\\Foundation\\Http\\Middleware\\ConvertEmptyStringsToNull->handle(Object(Illuminate\\Http\\Request), Object(Closure))
#62 D:\\laragon\\www\\mirrormefashion\\vendor\\laravel\\framework\\src\\Illuminate\\Foundation\\Http\\Middleware\\TransformsRequest.php(21): Illuminate\\Pipeline\\Pipeline->Illuminate\\Pipeline\\{closure}(Object(Illuminate\\Http\\Request))
#63 D:\\laragon\\www\\mirrormefashion\\vendor\\laravel\\framework\\src\\Illuminate\\Foundation\\Http\\Middleware\\TrimStrings.php(40): Illuminate\\Foundation\\Http\\Middleware\\TransformsRequest->handle(Object(Illuminate\\Http\\Request), Object(Closure))
#64 D:\\laragon\\www\\mirrormefashion\\vendor\\laravel\\framework\\src\\Illuminate\\Pipeline\\Pipeline.php(183): Illuminate\\Foundation\\Http\\Middleware\\TrimStrings->handle(Object(Illuminate\\Http\\Request), Object(Closure))
#65 D:\\laragon\\www\\mirrormefashion\\vendor\\laravel\\framework\\src\\Illuminate\\Foundation\\Http\\Middleware\\ValidatePostSize.php(27): Illuminate\\Pipeline\\Pipeline->Illuminate\\Pipeline\\{closure}(Object(Illuminate\\Http\\Request))
#66 D:\\laragon\\www\\mirrormefashion\\vendor\\laravel\\framework\\src\\Illuminate\\Pipeline\\Pipeline.php(183): Illuminate\\Foundation\\Http\\Middleware\\ValidatePostSize->handle(Object(Illuminate\\Http\\Request), Object(Closure))
#67 D:\\laragon\\www\\mirrormefashion\\vendor\\laravel\\framework\\src\\Illuminate\\Pipeline\\Pipeline.php(119): Illuminate\\Pipeline\\Pipeline->Illuminate\\Pipeline\\{closure}(Object(Illuminate\\Http\\Request))
#68 D:\\laragon\\www\\mirrormefashion\\vendor\\laravel\\framework\\src\\Illuminate\\Foundation\\Http\\Kernel.php(175): Illuminate\\Pipeline\\Pipeline->then(Object(Closure))
#69 D:\\laragon\\www\\mirrormefashion\\vendor\\laravel\\framework\\src\\Illuminate\\Foundation\\Http\\Kernel.php(144): Illuminate\\Foundation\\Http\\Kernel->sendRequestThroughRouter(Object(Illuminate\\Http\\Request))
#70 D:\\laragon\\www\\mirrormefashion\\index.php(56): Illuminate\\Foundation\\Http\\Kernel->handle(Object(Illuminate\\Http\\Request))
#71 {main}"} 
[2026-04-12 06:56:33] local.INFO: ParseBearerToken middleware invoked {"path":"/api/v2/analytics/creator","method":"GET","has_auth_header":true,"auth_header_preview":"Bearer 160|kJdpaDrHOZ9nSgkeOYj...","is_bearer":true} 
[2026-04-12 06:56:33] local.INFO: Extracted bearer token {"token_preview":"160|kJdpaD...","token_length":52} 
[2026-04-12 06:56:33] local.INFO: Found personal access token {"token_id":160,"user_id":68,"revoked":null} 
[2026-04-12 06:56:33] local.INFO: User authenticated via bearer token {"user_id":68,"user_email":"freelancerzahedcreator@gmail.com"} 
[2026-04-12 06:56:33] local.ERROR: Analytics error {"error":"Array to string conversion","trace":"#0 D:\\laragon\\www\\mirrormefashion\\vendor\\laravel\\framework\\src\\Illuminate\\Foundation\\Bootstrap\\HandleExceptions.php(255): Illuminate\\Foundation\\Bootstrap\\HandleExceptions->handleError(2, 'Array to string...', 'D:\\\\laragon\\\\www\\\\...', 146)
#1 D:\\laragon\\www\\mirrormefashion\\app\\Http\\Controllers\\Api\\V2\\AnalyticsController.php(146): Illuminate\\Foundation\\Bootstrap\\HandleExceptions->Illuminate\\Foundation\\Bootstrap\\{closure}(2, 'Array to string...', 'D:\\\\laragon\\\\www\\\\...', 146)
#2 D:\\laragon\\www\\mirrormefashion\\app\\Http\\Controllers\\Api\\V2\\AnalyticsController.php(67): App\\Http\\Controllers\\Api\\V2\\AnalyticsController->calculateSizingBreakdown(Object(Illuminate\\Database\\Eloquent\\Collection))
#3 D:\\laragon\\www\\mirrormefashion\\vendor\\laravel\\framework\\src\\Illuminate\\Routing\\Controller.php(54): App\\Http\\Controllers\\Api\\V2\\AnalyticsController->getCreatorAnalytics(Object(Illuminate\\Http\\Request))
#4 D:\\laragon\\www\\mirrormefashion\\vendor\\laravel\\framework\\src\\Illuminate\\Routing\\ControllerDispatcher.php(43): Illuminate\\Routing\\Controller->callAction('getCreatorAnaly...', Array)
#5 D:\\laragon\\www\\mirrormefashion\\vendor\\laravel\\framework\\src\\Illuminate\\Routing\\Route.php(259): Illuminate\\Routing\\ControllerDispatcher->dispatch(Object(Illuminate\\Routing\\Route), Object(App\\Http\\Controllers\\Api\\V2\\AnalyticsController), 'getCreatorAnaly...')
#6 D:\\laragon\\www\\mirrormefashion\\vendor\\laravel\\framework\\src\\Illuminate\\Routing\\Route.php(205): Illuminate\\Routing\\Route->runController()
#7 D:\\laragon\\www\\mirrormefashion\\vendor\\laravel\\framework\\src\\Illuminate\\Routing\\Router.php(806): Illuminate\\Routing\\Route->run()
#8 D:\\laragon\\www\\mirrormefashion\\vendor\\laravel\\framework\\src\\Illuminate\\Pipeline\\Pipeline.php(144): Illuminate\\Routing\\Router->Illuminate\\Routing\\{closure}(Object(Illuminate\\Http\\Request))
#9 D:\\laragon\\www\\mirrormefashion\\app\\Http\\Middleware\\ParseBearerToken.php(98): Illuminate\\Pipeline\\Pipeline->Illuminate\\Pipeline\\{closure}(Object(Illuminate\\Http\\Request))
#10 D:\\laragon\\www\\mirrormefashion\\vendor\\laravel\\framework\\src\\Illuminate\\Pipeline\\Pipeline.php(183): App\\Http\\Middleware\\ParseBearerToken->handle(Object(Illuminate\\Http\\Request), Object(Closure))
#11 D:\\laragon\\www\\mirrormefashion\\app\\Http\\Middleware\\AppLanguage.php(35): Illuminate\\Pipeline\\Pipeline->Illuminate\\Pipeline\\{closure}(Object(Illuminate\\Http\\Request))
#12 D:\\laragon\\www\\mirrormefashion\\vendor\\laravel\\framework\\src\\Illuminate\\Pipeline\\Pipeline.php(183): App\\Http\\Middleware\\AppLanguage->handle(Object(Illuminate\\Http\\Request), Object(Closure))
#13 D:\\laragon\\www\\mirrormefashion\\app\\Http\\Middleware\\ApiJsonResponse.php(22): Illuminate\\Pipeline\\Pipeline->Illuminate\\Pipeline\\{closure}(Object(Illuminate\\Http\\Request))
#14 D:\\laragon\\www\\mirrormefashion\\vendor\\laravel\\framework\\src\\Illuminate\\Pipeline\\Pipeline.php(183): App\\Http\\Middleware\\ApiJsonResponse->handle(Object(Illuminate\\Http\\Request), Object(Closure))
#15 D:\\laragon\\www\\mirrormefashion\\app\\Http\\Middleware\\CheckForMaintenanceMode.php(64): Illuminate\\Pipeline\\Pipeline->Illuminate\\Pipeline\\{closure}(Object(Illuminate\\Http\\Request))
#16 D:\\laragon\\www\\mirrormefashion\\vendor\\laravel\\framework\\src\\Illuminate\\Pipeline\\Pipeline.php(183): App\\Http\\Middleware\\CheckForMaintenanceMode->handle(Object(Illuminate\\Http\\Request), Object(Closure))
#17 D:\\laragon\\www\\mirrormefashion\\vendor\\laravel\\framework\\src\\Illuminate\\Routing\\Middleware\\SubstituteBindings.php(50): Illuminate\\Pipeline\\Pipeline->Illuminate\\Pipeline\\{closure}(Object(Illuminate\\Http\\Request))
#18 D:\\laragon\\www\\mirrormefashion\\vendor\\laravel\\framework\\src\\Illuminate\\Pipeline\\Pipeline.php(183): Illuminate\\Routing\\Middleware\\SubstituteBindings->handle(Object(Illuminate\\Http\\Request), Object(Closure))
#19 D:\\laragon\\www\\mirrormefashion\\vendor\\laravel\\framework\\src\\Illuminate\\Auth\\Middleware\\Authenticate.php(57): Illuminate\\Pipeline\\Pipeline->Illuminate\\Pipeline\\{closure}(Object(Illuminate\\Http\\Request))
#20 D:\\laragon\\www\\mirrormefashion\\vendor\\laravel\\framework\\src\\Illuminate\\Pipeline\\Pipeline.php(183): Illuminate\\Auth\\Middleware\\Authenticate->handle(Object(Illuminate\\Http\\Request), Object(Closure), 'sanctum')
#21 D:\\laragon\\www\\mirrormefashion\\vendor\\laravel\\framework\\src\\Illuminate\\Routing\\Middleware\\ThrottleRequests.php(159): Illuminate\\Pipeline\\Pipeline->Illuminate\\Pipeline\\{closure}(Object(Illuminate\\Http\\Request))
#22 D:\\laragon\\www\\mirrormefashion\\vendor\\laravel\\framework\\src\\Illuminate\\Routing\\Middleware\\ThrottleRequests.php(125): Illuminate\\Routing\\Middleware\\ThrottleRequests->handleRequest(Object(Illuminate\\Http\\Request), Object(Closure), Array)
#23 D:\\laragon\\www\\mirrormefashion\\vendor\\laravel\\framework\\src\\Illuminate\\Routing\\Middleware\\ThrottleRequests.php(87): Illuminate\\Routing\\Middleware\\ThrottleRequests->handleRequestUsingNamedLimiter(Object(Illuminate\\Http\\Request), Object(Closure), 'api', Object(Closure))
#24 D:\\laragon\\www\\mirrormefashion\\vendor\\laravel\\framework\\src\\Illuminate\\Pipeline\\Pipeline.php(183): Illuminate\\Routing\\Middleware\\ThrottleRequests->handle(Object(Illuminate\\Http\\Request), Object(Closure), 'api')
#25 D:\\laragon\\www\\mirrormefashion\\vendor\\laravel\\sanctum\\src\\Http\\Middleware\\EnsureFrontendRequestsAreStateful.php(25): Illuminate\\Pipeline\\Pipeline->Illuminate\\Pipeline\\{closure}(Object(Illuminate\\Http\\Request))
#26 D:\\laragon\\www\\mirrormefashion\\vendor\\laravel\\framework\\src\\Illuminate\\Pipeline\\Pipeline.php(144): Laravel\\Sanctum\\Http\\Middleware\\EnsureFrontendRequestsAreStateful->Laravel\\Sanctum\\Http\\Middleware\\{closure}(Object(Illuminate\\Http\\Request))
#27 D:\\laragon\\www\\mirrormefashion\\vendor\\laravel\\framework\\src\\Illuminate\\Foundation\\Http\\Middleware\\VerifyCsrfToken.php(78): Illuminate\\Pipeline\\Pipeline->Illuminate\\Pipeline\\{closure}(Object(Illuminate\\Http\\Request))
#28 D:\\laragon\\www\\mirrormefashion\\vendor\\laravel\\framework\\src\\Illuminate\\Pipeline\\Pipeline.php(183): Illuminate\\Foundation\\Http\\Middleware\\VerifyCsrfToken->handle(Object(Illuminate\\Http\\Request), Object(Closure))
#29 D:\\laragon\\www\\mirrormefashion\\vendor\\laravel\\framework\\src\\Illuminate\\Session\\Middleware\\StartSession.php(121): Illuminate\\Pipeline\\Pipeline->Illuminate\\Pipeline\\{closure}(Object(Illuminate\\Http\\Request))
#30 D:\\laragon\\www\\mirrormefashion\\vendor\\laravel\\framework\\src\\Illuminate\\Session\\Middleware\\StartSession.php(64): Illuminate\\Session\\Middleware\\StartSession->handleStatefulRequest(Object(Illuminate\\Http\\Request), Object(Illuminate\\Session\\Store), Object(Closure))
#31 D:\\laragon\\www\\mirrormefashion\\vendor\\laravel\\framework\\src\\Illuminate\\Pipeline\\Pipeline.php(183): Illuminate\\Session\\Middleware\\StartSession->handle(Object(Illuminate\\Http\\Request), Object(Closure))
#32 D:\\laragon\\www\\mirrormefashion\\vendor\\laravel\\framework\\src\\Illuminate\\Cookie\\Middleware\\AddQueuedCookiesToResponse.php(37): Illuminate\\Pipeline\\Pipeline->Illuminate\\Pipeline\\{closure}(Object(Illuminate\\Http\\Request))
#33 D:\\laragon\\www\\mirrormefashion\\vendor\\laravel\\framework\\src\\Illuminate\\Pipeline\\Pipeline.php(183): Illuminate\\Cookie\\Middleware\\AddQueuedCookiesToResponse->handle(Object(Illuminate\\Http\\Request), Object(Closure))
#34 D:\\laragon\\www\\mirrormefashion\\vendor\\laravel\\framework\\src\\Illuminate\\Cookie\\Middleware\\EncryptCookies.php(67): Illuminate\\Pipeline\\Pipeline->Illuminate\\Pipeline\\{closure}(Object(Illuminate\\Http\\Request))
#35 D:\\laragon\\www\\mirrormefashion\\vendor\\laravel\\framework\\src\\Illuminate\\Pipeline\\Pipeline.php(183): Illuminate\\Cookie\\Middleware\\EncryptCookies->handle(Object(Illuminate\\Http\\Request), Object(Closure))
#36 D:\\laragon\\www\\mirrormefashion\\vendor\\laravel\\sanctum\\src\\Http\\Middleware\\EnsureFrontendRequestsAreStateful.php(61): Illuminate\\Pipeline\\Pipeline->Illuminate\\Pipeline\\{closure}(Object(Illuminate\\Http\\Request))
#37 D:\\laragon\\www\\mirrormefashion\\vendor\\laravel\\framework\\src\\Illuminate\\Pipeline\\Pipeline.php(165): Laravel\\Sanctum\\Http\\Middleware\\EnsureFrontendRequestsAreStateful->Laravel\\Sanctum\\Http\\Middleware\\{closure}(Object(Illuminate\\Http\\Request), Object(Closure))
#38 D:\\laragon\\www\\mirrormefashion\\vendor\\laravel\\framework\\src\\Illuminate\\Pipeline\\Pipeline.php(119): Illuminate\\Pipeline\\Pipeline->Illuminate\\Pipeline\\{closure}(Object(Illuminate\\Http\\Request))
#39 D:\\laragon\\www\\mirrormefashion\\vendor\\laravel\\sanctum\\src\\Http\\Middleware\\EnsureFrontendRequestsAreStateful.php(24): Illuminate\\Pipeline\\Pipeline->then(Object(Closure))
#40 D:\\laragon\\www\\mirrormefashion\\vendor\\laravel\\framework\\src\\Illuminate\\Pipeline\\Pipeline.php(183): Laravel\\Sanctum\\Http\\Middleware\\EnsureFrontendRequestsAreStateful->handle(Object(Illuminate\\Http\\Request), Object(Closure))
#41 D:\\laragon\\www\\mirrormefashion\\app\\Http\\Middleware\\CorsMiddleware.php(32): Illuminate\\Pipeline\\Pipeline->Illuminate\\Pipeline\\{closure}(Object(Illuminate\\Http\\Request))
#42 D:\\laragon\\www\\mirrormefashion\\vendor\\laravel\\framework\\src\\Illuminate\\Pipeline\\Pipeline.php(183): App\\Http\\Middleware\\CorsMiddleware->handle(Object(Illuminate\\Http\\Request), Object(Closure))
#43 D:\\laragon\\www\\mirrormefashion\\vendor\\laravel\\framework\\src\\Illuminate\\Pipeline\\Pipeline.php(119): Illuminate\\Pipeline\\Pipeline->Illuminate\\Pipeline\\{closure}(Object(Illuminate\\Http\\Request))
#44 D:\\laragon\\www\\mirrormefashion\\vendor\\laravel\\framework\\src\\Illuminate\\Routing\\Router.php(805): Illuminate\\Pipeline\\Pipeline->then(Object(Closure))
#45 D:\\laragon\\www\\mirrormefashion\\vendor\\laravel\\framework\\src\\Illuminate\\Routing\\Router.php(784): Illuminate\\Routing\\Router->runRouteWithinStack(Object(Illuminate\\Routing\\Route), Object(Illuminate\\Http\\Request))
#46 D:\\laragon\\www\\mirrormefashion\\vendor\\laravel\\framework\\src\\Illuminate\\Routing\\Router.php(748): Illuminate\\Routing\\Router->runRoute(Object(Illuminate\\Http\\Request), Object(Illuminate\\Routing\\Route))
#47 D:\\laragon\\www\\mirrormefashion\\vendor\\laravel\\framework\\src\\Illuminate\\Routing\\Router.php(737): Illuminate\\Routing\\Router->dispatchToRoute(Object(Illuminate\\Http\\Request))
#48 D:\\laragon\\www\\mirrormefashion\\vendor\\laravel\\framework\\src\\Illuminate\\Foundation\\Http\\Kernel.php(200): Illuminate\\Routing\\Router->dispatch(Object(Illuminate\\Http\\Request))
#49 D:\\laragon\\www\\mirrormefashion\\vendor\\laravel\\framework\\src\\Illuminate\\Pipeline\\Pipeline.php(144): Illuminate\\Foundation\\Http\\Kernel->Illuminate\\Foundation\\Http\\{closure}(Object(Illuminate\\Http\\Request))
#50 D:\\laragon\\www\\mirrormefashion\\vendor\\barryvdh\\laravel-debugbar\\src\\Middleware\\InjectDebugbar.php(66): Illuminate\\Pipeline\\Pipeline->Illuminate\\Pipeline\\{closure}(Object(Illuminate\\Http\\Request))
#51 D:\\laragon\\www\\mirrormefashion\\vendor\\laravel\\framework\\src\\Illuminate\\Pipeline\\Pipeline.php(183): Barryvdh\\Debugbar\\Middleware\\InjectDebugbar->handle(Object(Illuminate\\Http\\Request), Object(Closure))
#52 D:\\laragon\\www\\mirrormefashion\\vendor\\laravel\\framework\\src\\Illuminate\\View\\Middleware\\ShareErrorsFromSession.php(49): Illuminate\\Pipeline\\Pipeline->Illuminate\\Pipeline\\{closure}(Object(Illuminate\\Http\\Request))
#53 D:\\laragon\\www\\mirrormefashion\\vendor\\laravel\\framework\\src\\Illuminate\\Pipeline\\Pipeline.php(183): Illuminate\\View\\Middleware\\ShareErrorsFromSession->handle(Object(Illuminate\\Http\\Request), Object(Closure))
#54 D:\\laragon\\www\\mirrormefashion\\vendor\\laravel\\framework\\src\\Illuminate\\Session\\Middleware\\StartSession.php(121): Illuminate\\Pipeline\\Pipeline->Illuminate\\Pipeline\\{closure}(Object(Illuminate\\Http\\Request))
#55 D:\\laragon\\www\\mirrormefashion\\vendor\\laravel\\framework\\src\\Illuminate\\Session\\Middleware\\StartSession.php(64): Illuminate\\Session\\Middleware\\StartSession->handleStatefulRequest(Object(Illuminate\\Http\\Request), Object(Illuminate\\Session\\Store), Object(Closure))
#56 D:\\laragon\\www\\mirrormefashion\\vendor\\laravel\\framework\\src\\Illuminate\\Pipeline\\Pipeline.php(183): Illuminate\\Session\\Middleware\\StartSession->handle(Object(Illuminate\\Http\\Request), Object(Closure))
#57 D:\\laragon\\www\\mirrormefashion\\vendor\\laravel\\framework\\src\\Illuminate\\Http\\Middleware\\TrustProxies.php(39): Illuminate\\Pipeline\\Pipeline->Illuminate\\Pipeline\\{closure}(Object(Illuminate\\Http\\Request))
#58 D:\\laragon\\www\\mirrormefashion\\vendor\\laravel\\framework\\src\\Illuminate\\Pipeline\\Pipeline.php(183): Illuminate\\Http\\Middleware\\TrustProxies->handle(Object(Illuminate\\Http\\Request), Object(Closure))
#59 D:\\laragon\\www\\mirrormefashion\\vendor\\laravel\\framework\\src\\Illuminate\\Foundation\\Http\\Middleware\\TransformsRequest.php(21): Illuminate\\Pipeline\\Pipeline->Illuminate\\Pipeline\\{closure}(Object(Illuminate\\Http\\Request))
#60 D:\\laragon\\www\\mirrormefashion\\vendor\\laravel\\framework\\src\\Illuminate\\Foundation\\Http\\Middleware\\ConvertEmptyStringsToNull.php(31): Illuminate\\Foundation\\Http\\Middleware\\TransformsRequest->handle(Object(Illuminate\\Http\\Request), Object(Closure))
#61 D:\\laragon\\www\\mirrormefashion\\vendor\\laravel\\framework\\src\\Illuminate\\Pipeline\\Pipeline.php(183): Illuminate\\Foundation\\Http\\Middleware\\ConvertEmptyStringsToNull->handle(Object(Illuminate\\Http\\Request), Object(Closure))
#62 D:\\laragon\\www\\mirrormefashion\\vendor\\laravel\\framework\\src\\Illuminate\\Foundation\\Http\\Middleware\\TransformsRequest.php(21): Illuminate\\Pipeline\\Pipeline->Illuminate\\Pipeline\\{closure}(Object(Illuminate\\Http\\Request))
#63 D:\\laragon\\www\\mirrormefashion\\vendor\\laravel\\framework\\src\\Illuminate\\Foundation\\Http\\Middleware\\TrimStrings.php(40): Illuminate\\Foundation\\Http\\Middleware\\TransformsRequest->handle(Object(Illuminate\\Http\\Request), Object(Closure))
#64 D:\\laragon\\www\\mirrormefashion\\vendor\\laravel\\framework\\src\\Illuminate\\Pipeline\\Pipeline.php(183): Illuminate\\Foundation\\Http\\Middleware\\TrimStrings->handle(Object(Illuminate\\Http\\Request), Object(Closure))
#65 D:\\laragon\\www\\mirrormefashion\\vendor\\laravel\\framework\\src\\Illuminate\\Foundation\\Http\\Middleware\\ValidatePostSize.php(27): Illuminate\\Pipeline\\Pipeline->Illuminate\\Pipeline\\{closure}(Object(Illuminate\\Http\\Request))
#66 D:\\laragon\\www\\mirrormefashion\\vendor\\laravel\\framework\\src\\Illuminate\\Pipeline\\Pipeline.php(183): Illuminate\\Foundation\\Http\\Middleware\\ValidatePostSize->handle(Object(Illuminate\\Http\\Request), Object(Closure))
#67 D:\\laragon\\www\\mirrormefashion\\vendor\\laravel\\framework\\src\\Illuminate\\Pipeline\\Pipeline.php(119): Illuminate\\Pipeline\\Pipeline->Illuminate\\Pipeline\\{closure}(Object(Illuminate\\Http\\Request))
#68 D:\\laragon\\www\\mirrormefashion\\vendor\\laravel\\framework\\src\\Illuminate\\Foundation\\Http\\Kernel.php(175): Illuminate\\Pipeline\\Pipeline->then(Object(Closure))
#69 D:\\laragon\\www\\mirrormefashion\\vendor\\laravel\\framework\\src\\Illuminate\\Foundation\\Http\\Kernel.php(144): Illuminate\\Foundation\\Http\\Kernel->sendRequestThroughRouter(Object(Illuminate\\Http\\Request))
#70 D:\\laragon\\www\\mirrormefashion\\index.php(56): Illuminate\\Foundation\\Http\\Kernel->handle(Object(Illuminate\\Http\\Request))
#71 {main}"} 
[2026-04-12 06:56:33] local.INFO: ParseBearerToken middleware invoked {"path":"/api/v2/analytics/creator","method":"GET","has_auth_header":true,"auth_header_preview":"Bearer 160|kJdpaDrHOZ9nSgkeOYj...","is_bearer":true} 
[2026-04-12 06:56:33] local.INFO: Extracted bearer token {"token_preview":"160|kJdpaD...","token_length":52} 
[2026-04-12 06:56:33] local.INFO: Found personal access token {"token_id":160,"user_id":68,"revoked":null} 
[2026-04-12 06:56:33] local.INFO: User authenticated via bearer token {"user_id":68,"user_email":"freelancerzahedcreator@gmail.com"} 
[2026-04-12 06:56:33] local.ERROR: Analytics error {"error":"Array to string conversion","trace":"#0 D:\\laragon\\www\\mirrormefashion\\vendor\\laravel\\framework\\src\\Illuminate\\Foundation\\Bootstrap\\HandleExceptions.php(255): Illuminate\\Foundation\\Bootstrap\\HandleExceptions->handleError(2, 'Array to string...', 'D:\\\\laragon\\\\www\\\\...', 146)
#1 D:\\laragon\\www\\mirrormefashion\\app\\Http\\Controllers\\Api\\V2\\AnalyticsController.php(146): Illuminate\\Foundation\\Bootstrap\\HandleExceptions->Illuminate\\Foundation\\Bootstrap\\{closure}(2, 'Array to string...', 'D:\\\\laragon\\\\www\\\\...', 146)
#2 D:\\laragon\\www\\mirrormefashion\\app\\Http\\Controllers\\Api\\V2\\AnalyticsController.php(67): App\\Http\\Controllers\\Api\\V2\\AnalyticsController->calculateSizingBreakdown(Object(Illuminate\\Database\\Eloquent\\Collection))
#3 D:\\laragon\\www\\mirrormefashion\\vendor\\laravel\\framework\\src\\Illuminate\\Routing\\Controller.php(54): App\\Http\\Controllers\\Api\\V2\\AnalyticsController->getCreatorAnalytics(Object(Illuminate\\Http\\Request))
#4 D:\\laragon\\www\\mirrormefashion\\vendor\\laravel\\framework\\src\\Illuminate\\Routing\\ControllerDispatcher.php(43): Illuminate\\Routing\\Controller->callAction('getCreatorAnaly...', Array)
#5 D:\\laragon\\www\\mirrormefashion\\vendor\\laravel\\framework\\src\\Illuminate\\Routing\\Route.php(259): Illuminate\\Routing\\ControllerDispatcher->dispatch(Object(Illuminate\\Routing\\Route), Object(App\\Http\\Controllers\\Api\\V2\\AnalyticsController), 'getCreatorAnaly...')
#6 D:\\laragon\\www\\mirrormefashion\\vendor\\laravel\\framework\\src\\Illuminate\\Routing\\Route.php(205): Illuminate\\Routing\\Route->runController()
#7 D:\\laragon\\www\\mirrormefashion\\vendor\\laravel\\framework\\src\\Illuminate\\Routing\\Router.php(806): Illuminate\\Routing\\Route->run()
#8 D:\\laragon\\www\\mirrormefashion\\vendor\\laravel\\framework\\src\\Illuminate\\Pipeline\\Pipeline.php(144): Illuminate\\Routing\\Router->Illuminate\\Routing\\{closure}(Object(Illuminate\\Http\\Request))
#9 D:\\laragon\\www\\mirrormefashion\\app\\Http\\Middleware\\ParseBearerToken.php(98): Illuminate\\Pipeline\\Pipeline->Illuminate\\Pipeline\\{closure}(Object(Illuminate\\Http\\Request))
#10 D:\\laragon\\www\\mirrormefashion\\vendor\\laravel\\framework\\src\\Illuminate\\Pipeline\\Pipeline.php(183): App\\Http\\Middleware\\ParseBearerToken->handle(Object(Illuminate\\Http\\Request), Object(Closure))
#11 D:\\laragon\\www\\mirrormefashion\\app\\Http\\Middleware\\AppLanguage.php(35): Illuminate\\Pipeline\\Pipeline->Illuminate\\Pipeline\\{closure}(Object(Illuminate\\Http\\Request))
#12 D:\\laragon\\www\\mirrormefashion\\vendor\\laravel\\framework\\src\\Illuminate\\Pipeline\\Pipeline.php(183): App\\Http\\Middleware\\AppLanguage->handle(Object(Illuminate\\Http\\Request), Object(Closure))
#13 D:\\laragon\\www\\mirrormefashion\\app\\Http\\Middleware\\ApiJsonResponse.php(22): Illuminate\\Pipeline\\Pipeline->Illuminate\\Pipeline\\{closure}(Object(Illuminate\\Http\\Request))
#14 D:\\laragon\\www\\mirrormefashion\\vendor\\laravel\\framework\\src\\Illuminate\\Pipeline\\Pipeline.php(183): App\\Http\\Middleware\\ApiJsonResponse->handle(Object(Illuminate\\Http\\Request), Object(Closure))
#15 D:\\laragon\\www\\mirrormefashion\\app\\Http\\Middleware\\CheckForMaintenanceMode.php(64): Illuminate\\Pipeline\\Pipeline->Illuminate\\Pipeline\\{closure}(Object(Illuminate\\Http\\Request))
#16 D:\\laragon\\www\\mirrormefashion\\vendor\\laravel\\framework\\src\\Illuminate\\Pipeline\\Pipeline.php(183): App\\Http\\Middleware\\CheckForMaintenanceMode->handle(Object(Illuminate\\Http\\Request), Object(Closure))
#17 D:\\laragon\\www\\mirrormefashion\\vendor\\laravel\\framework\\src\\Illuminate\\Routing\\Middleware\\SubstituteBindings.php(50): Illuminate\\Pipeline\\Pipeline->Illuminate\\Pipeline\\{closure}(Object(Illuminate\\Http\\Request))
#18 D:\\laragon\\www\\mirrormefashion\\vendor\\laravel\\framework\\src\\Illuminate\\Pipeline\\Pipeline.php(183): Illuminate\\Routing\\Middleware\\SubstituteBindings->handle(Object(Illuminate\\Http\\Request), Object(Closure))
#19 D:\\laragon\\www\\mirrormefashion\\vendor\\laravel\\framework\\src\\Illuminate\\Auth\\Middleware\\Authenticate.php(57): Illuminate\\Pipeline\\Pipeline->Illuminate\\Pipeline\\{closure}(Object(Illuminate\\Http\\Request))
#20 D:\\laragon\\www\\mirrormefashion\\vendor\\laravel\\framework\\src\\Illuminate\\Pipeline\\Pipeline.php(183): Illuminate\\Auth\\Middleware\\Authenticate->handle(Object(Illuminate\\Http\\Request), Object(Closure), 'sanctum')
#21 D:\\laragon\\www\\mirrormefashion\\vendor\\laravel\\framework\\src\\Illuminate\\Routing\\Middleware\\ThrottleRequests.php(159): Illuminate\\Pipeline\\Pipeline->Illuminate\\Pipeline\\{closure}(Object(Illuminate\\Http\\Request))
#22 D:\\laragon\\www\\mirrormefashion\\vendor\\laravel\\framework\\src\\Illuminate\\Routing\\Middleware\\ThrottleRequests.php(125): Illuminate\\Routing\\Middleware\\ThrottleRequests->handleRequest(Object(Illuminate\\Http\\Request), Object(Closure), Array)
#23 D:\\laragon\\www\\mirrormefashion\\vendor\\laravel\\framework\\src\\Illuminate\\Routing\\Middleware\\ThrottleRequests.php(87): Illuminate\\Routing\\Middleware\\ThrottleRequests->handleRequestUsingNamedLimiter(Object(Illuminate\\Http\\Request), Object(Closure), 'api', Object(Closure))
#24 D:\\laragon\\www\\mirrormefashion\\vendor\\laravel\\framework\\src\\Illuminate\\Pipeline\\Pipeline.php(183): Illuminate\\Routing\\Middleware\\ThrottleRequests->handle(Object(Illuminate\\Http\\Request), Object(Closure), 'api')
#25 D:\\laragon\\www\\mirrormefashion\\vendor\\laravel\\sanctum\\src\\Http\\Middleware\\EnsureFrontendRequestsAreStateful.php(25): Illuminate\\Pipeline\\Pipeline->Illuminate\\Pipeline\\{closure}(Object(Illuminate\\Http\\Request))
#26 D:\\laragon\\www\\mirrormefashion\\vendor\\laravel\\framework\\src\\Illuminate\\Pipeline\\Pipeline.php(144): Laravel\\Sanctum\\Http\\Middleware\\EnsureFrontendRequestsAreStateful->Laravel\\Sanctum\\Http\\Middleware\\{closure}(Object(Illuminate\\Http\\Request))
#27 D:\\laragon\\www\\mirrormefashion\\vendor\\laravel\\framework\\src\\Illuminate\\Foundation\\Http\\Middleware\\VerifyCsrfToken.php(78): Illuminate\\Pipeline\\Pipeline->Illuminate\\Pipeline\\{closure}(Object(Illuminate\\Http\\Request))
#28 D:\\laragon\\www\\mirrormefashion\\vendor\\laravel\\framework\\src\\Illuminate\\Pipeline\\Pipeline.php(183): Illuminate\\Foundation\\Http\\Middleware\\VerifyCsrfToken->handle(Object(Illuminate\\Http\\Request), Object(Closure))
#29 D:\\laragon\\www\\mirrormefashion\\vendor\\laravel\\framework\\src\\Illuminate\\Session\\Middleware\\StartSession.php(121): Illuminate\\Pipeline\\Pipeline->Illuminate\\Pipeline\\{closure}(Object(Illuminate\\Http\\Request))
#30 D:\\laragon\\www\\mirrormefashion\\vendor\\laravel\\framework\\src\\Illuminate\\Session\\Middleware\\StartSession.php(64): Illuminate\\Session\\Middleware\\StartSession->handleStatefulRequest(Object(Illuminate\\Http\\Request), Object(Illuminate\\Session\\Store), Object(Closure))
#31 D:\\laragon\\www\\mirrormefashion\\vendor\\laravel\\framework\\src\\Illuminate\\Pipeline\\Pipeline.php(183): Illuminate\\Session\\Middleware\\StartSession->handle(Object(Illuminate\\Http\\Request), Object(Closure))
#32 D:\\laragon\\www\\mirrormefashion\\vendor\\laravel\\framework\\src\\Illuminate\\Cookie\\Middleware\\AddQueuedCookiesToResponse.php(37): Illuminate\\Pipeline\\Pipeline->Illuminate\\Pipeline\\{closure}(Object(Illuminate\\Http\\Request))
#33 D:\\laragon\\www\\mirrormefashion\\vendor\\laravel\\framework\\src\\Illuminate\\Pipeline\\Pipeline.php(183): Illuminate\\Cookie\\Middleware\\AddQueuedCookiesToResponse->handle(Object(Illuminate\\Http\\Request), Object(Closure))
#34 D:\\laragon\\www\\mirrormefashion\\vendor\\laravel\\framework\\src\\Illuminate\\Cookie\\Middleware\\EncryptCookies.php(67): Illuminate\\Pipeline\\Pipeline->Illuminate\\Pipeline\\{closure}(Object(Illuminate\\Http\\Request))
#35 D:\\laragon\\www\\mirrormefashion\\vendor\\laravel\\framework\\src\\Illuminate\\Pipeline\\Pipeline.php(183): Illuminate\\Cookie\\Middleware\\EncryptCookies->handle(Object(Illuminate\\Http\\Request), Object(Closure))
#36 D:\\laragon\\www\\mirrormefashion\\vendor\\laravel\\sanctum\\src\\Http\\Middleware\\EnsureFrontendRequestsAreStateful.php(61): Illuminate\\Pipeline\\Pipeline->Illuminate\\Pipeline\\{closure}(Object(Illuminate\\Http\\Request))
#37 D:\\laragon\\www\\mirrormefashion\\vendor\\laravel\\framework\\src\\Illuminate\\Pipeline\\Pipeline.php(165): Laravel\\Sanctum\\Http\\Middleware\\EnsureFrontendRequestsAreStateful->Laravel\\Sanctum\\Http\\Middleware\\{closure}(Object(Illuminate\\Http\\Request), Object(Closure))
#38 D:\\laragon\\www\\mirrormefashion\\vendor\\laravel\\framework\\src\\Illuminate\\Pipeline\\Pipeline.php(119): Illuminate\\Pipeline\\Pipeline->Illuminate\\Pipeline\\{closure}(Object(Illuminate\\Http\\Request))
#39 D:\\laragon\\www\\mirrormefashion\\vendor\\laravel\\sanctum\\src\\Http\\Middleware\\EnsureFrontendRequestsAreStateful.php(24): Illuminate\\Pipeline\\Pipeline->then(Object(Closure))
#40 D:\\laragon\\www\\mirrormefashion\\vendor\\laravel\\framework\\src\\Illuminate\\Pipeline\\Pipeline.php(183): Laravel\\Sanctum\\Http\\Middleware\\EnsureFrontendRequestsAreStateful->handle(Object(Illuminate\\Http\\Request), Object(Closure))
#41 D:\\laragon\\www\\mirrormefashion\\app\\Http\\Middleware\\CorsMiddleware.php(32): Illuminate\\Pipeline\\Pipeline->Illuminate\\Pipeline\\{closure}(Object(Illuminate\\Http\\Request))
#42 D:\\laragon\\www\\mirrormefashion\\vendor\\laravel\\framework\\src\\Illuminate\\Pipeline\\Pipeline.php(183): App\\Http\\Middleware\\CorsMiddleware->handle(Object(Illuminate\\Http\\Request), Object(Closure))
#43 D:\\laragon\\www\\mirrormefashion\\vendor\\laravel\\framework\\src\\Illuminate\\Pipeline\\Pipeline.php(119): Illuminate\\Pipeline\\Pipeline->Illuminate\\Pipeline\\{closure}(Object(Illuminate\\Http\\Request))
#44 D:\\laragon\\www\\mirrormefashion\\vendor\\laravel\\framework\\src\\Illuminate\\Routing\\Router.php(805): Illuminate\\Pipeline\\Pipeline->then(Object(Closure))
#45 D:\\laragon\\www\\mirrormefashion\\vendor\\laravel\\framework\\src\\Illuminate\\Routing\\Router.php(784): Illuminate\\Routing\\Router->runRouteWithinStack(Object(Illuminate\\Routing\\Route), Object(Illuminate\\Http\\Request))
#46 D:\\laragon\\www\\mirrormefashion\\vendor\\laravel\\framework\\src\\Illuminate\\Routing\\Router.php(748): Illuminate\\Routing\\Router->runRoute(Object(Illuminate\\Http\\Request), Object(Illuminate\\Routing\\Route))
#47 D:\\laragon\\www\\mirrormefashion\\vendor\\laravel\\framework\\src\\Illuminate\\Routing\\Router.php(737): Illuminate\\Routing\\Router->dispatchToRoute(Object(Illuminate\\Http\\Request))
#48 D:\\laragon\\www\\mirrormefashion\\vendor\\laravel\\framework\\src\\Illuminate\\Foundation\\Http\\Kernel.php(200): Illuminate\\Routing\\Router->dispatch(Object(Illuminate\\Http\\Request))
#49 D:\\laragon\\www\\mirrormefashion\\vendor\\laravel\\framework\\src\\Illuminate\\Pipeline\\Pipeline.php(144): Illuminate\\Foundation\\Http\\Kernel->Illuminate\\Foundation\\Http\\{closure}(Object(Illuminate\\Http\\Request))
#50 D:\\laragon\\www\\mirrormefashion\\vendor\\barryvdh\\laravel-debugbar\\src\\Middleware\\InjectDebugbar.php(66): Illuminate\\Pipeline\\Pipeline->Illuminate\\Pipeline\\{closure}(Object(Illuminate\\Http\\Request))
#51 D:\\laragon\\www\\mirrormefashion\\vendor\\laravel\\framework\\src\\Illuminate\\Pipeline\\Pipeline.php(183): Barryvdh\\Debugbar\\Middleware\\InjectDebugbar->handle(Object(Illuminate\\Http\\Request), Object(Closure))
#52 D:\\laragon\\www\\mirrormefashion\\vendor\\laravel\\framework\\src\\Illuminate\\View\\Middleware\\ShareErrorsFromSession.php(49): Illuminate\\Pipeline\\Pipeline->Illuminate\\Pipeline\\{closure}(Object(Illuminate\\Http\\Request))
#53 D:\\laragon\\www\\mirrormefashion\\vendor\\laravel\\framework\\src\\Illuminate\\Pipeline\\Pipeline.php(183): Illuminate\\View\\Middleware\\ShareErrorsFromSession->handle(Object(Illuminate\\Http\\Request), Object(Closure))
#54 D:\\laragon\\www\\mirrormefashion\\vendor\\laravel\\framework\\src\\Illuminate\\Session\\Middleware\\StartSession.php(121): Illuminate\\Pipeline\\Pipeline->Illuminate\\Pipeline\\{closure}(Object(Illuminate\\Http\\Request))
#55 D:\\laragon\\www\\mirrormefashion\\vendor\\laravel\\framework\\src\\Illuminate\\Session\\Middleware\\StartSession.php(64): Illuminate\\Session\\Middleware\\StartSession->handleStatefulRequest(Object(Illuminate\\Http\\Request), Object(Illuminate\\Session\\Store), Object(Closure))
#56 D:\\laragon\\www\\mirrormefashion\\vendor\\laravel\\framework\\src\\Illuminate\\Pipeline\\Pipeline.php(183): Illuminate\\Session\\Middleware\\StartSession->handle(Object(Illuminate\\Http\\Request), Object(Closure))
#57 D:\\laragon\\www\\mirrormefashion\\vendor\\laravel\\framework\\src\\Illuminate\\Http\\Middleware\\TrustProxies.php(39): Illuminate\\Pipeline\\Pipeline->Illuminate\\Pipeline\\{closure}(Object(Illuminate\\Http\\Request))
#58 D:\\laragon\\www\\mirrormefashion\\vendor\\laravel\\framework\\src\\Illuminate\\Pipeline\\Pipeline.php(183): Illuminate\\Http\\Middleware\\TrustProxies->handle(Object(Illuminate\\Http\\Request), Object(Closure))
#59 D:\\laragon\\www\\mirrormefashion\\vendor\\laravel\\framework\\src\\Illuminate\\Foundation\\Http\\Middleware\\TransformsRequest.php(21): Illuminate\\Pipeline\\Pipeline->Illuminate\\Pipeline\\{closure}(Object(Illuminate\\Http\\Request))
#60 D:\\laragon\\www\\mirrormefashion\\vendor\\laravel\\framework\\src\\Illuminate\\Foundation\\Http\\Middleware\\ConvertEmptyStringsToNull.php(31): Illuminate\\Foundation\\Http\\Middleware\\TransformsRequest->handle(Object(Illuminate\\Http\\Request), Object(Closure))
#61 D:\\laragon\\www\\mirrormefashion\\vendor\\laravel\\framework\\src\\Illuminate\\Pipeline\\Pipeline.php(183): Illuminate\\Foundation\\Http\\Middleware\\ConvertEmptyStringsToNull->handle(Object(Illuminate\\Http\\Request), Object(Closure))
#62 D:\\laragon\\www\\mirrormefashion\\vendor\\laravel\\framework\\src\\Illuminate\\Foundation\\Http\\Middleware\\TransformsRequest.php(21): Illuminate\\Pipeline\\Pipeline->Illuminate\\Pipeline\\{closure}(Object(Illuminate\\Http\\Request))
#63 D:\\laragon\\www\\mirrormefashion\\vendor\\laravel\\framework\\src\\Illuminate\\Foundation\\Http\\Middleware\\TrimStrings.php(40): Illuminate\\Foundation\\Http\\Middleware\\TransformsRequest->handle(Object(Illuminate\\Http\\Request), Object(Closure))
#64 D:\\laragon\\www\\mirrormefashion\\vendor\\laravel\\framework\\src\\Illuminate\\Pipeline\\Pipeline.php(183): Illuminate\\Foundation\\Http\\Middleware\\TrimStrings->handle(Object(Illuminate\\Http\\Request), Object(Closure))
#65 D:\\laragon\\www\\mirrormefashion\\vendor\\laravel\\framework\\src\\Illuminate\\Foundation\\Http\\Middleware\\ValidatePostSize.php(27): Illuminate\\Pipeline\\Pipeline->Illuminate\\Pipeline\\{closure}(Object(Illuminate\\Http\\Request))
#66 D:\\laragon\\www\\mirrormefashion\\vendor\\laravel\\framework\\src\\Illuminate\\Pipeline\\Pipeline.php(183): Illuminate\\Foundation\\Http\\Middleware\\ValidatePostSize->handle(Object(Illuminate\\Http\\Request), Object(Closure))
#67 D:\\laragon\\www\\mirrormefashion\\vendor\\laravel\\framework\\src\\Illuminate\\Pipeline\\Pipeline.php(119): Illuminate\\Pipeline\\Pipeline->Illuminate\\Pipeline\\{closure}(Object(Illuminate\\Http\\Request))
#68 D:\\laragon\\www\\mirrormefashion\\vendor\\laravel\\framework\\src\\Illuminate\\Foundation\\Http\\Kernel.php(175): Illuminate\\Pipeline\\Pipeline->then(Object(Closure))
#69 D:\\laragon\\www\\mirrormefashion\\vendor\\laravel\\framework\\src\\Illuminate\\Foundation\\Http\\Kernel.php(144): Illuminate\\Foundation\\Http\\Kernel->sendRequestThroughRouter(Object(Illuminate\\Http\\Request))
#70 D:\\laragon\\www\\mirrormefashion\\index.php(56): Illuminate\\Foundation\\Http\\Kernel->handle(Object(Illuminate\\Http\\Request))
#71 {main}"} 
[2026-04-12 06:56:37] local.INFO: ParseBearerToken middleware invoked {"path":"/api/v2/analytics/creator","method":"GET","has_auth_header":true,"auth_header_preview":"Bearer 160|kJdpaDrHOZ9nSgkeOYj...","is_bearer":true} 
[2026-04-12 06:56:37] local.INFO: Extracted bearer token {"token_preview":"160|kJdpaD...","token_length":52} 
[2026-04-12 06:56:37] local.INFO: Found personal access token {"token_id":160,"user_id":68,"revoked":null} 
[2026-04-12 06:56:37] local.INFO: User authenticated via bearer token {"user_id":68,"user_email":"freelancerzahedcreator@gmail.com"} 
[2026-04-12 06:56:37] local.ERROR: Analytics error {"error":"Array to string conversion","trace":"#0 D:\\laragon\\www\\mirrormefashion\\vendor\\laravel\\framework\\src\\Illuminate\\Foundation\\Bootstrap\\HandleExceptions.php(255): Illuminate\\Foundation\\Bootstrap\\HandleExceptions->handleError(2, 'Array to string...', 'D:\\\\laragon\\\\www\\\\...', 146)
#1 D:\\laragon\\www\\mirrormefashion\\app\\Http\\Controllers\\Api\\V2\\AnalyticsController.php(146): Illuminate\\Foundation\\Bootstrap\\HandleExceptions->Illuminate\\Foundation\\Bootstrap\\{closure}(2, 'Array to string...', 'D:\\\\laragon\\\\www\\\\...', 146)
#2 D:\\laragon\\www\\mirrormefashion\\app\\Http\\Controllers\\Api\\V2\\AnalyticsController.php(67): App\\Http\\Controllers\\Api\\V2\\AnalyticsController->calculateSizingBreakdown(Object(Illuminate\\Database\\Eloquent\\Collection))
#3 D:\\laragon\\www\\mirrormefashion\\vendor\\laravel\\framework\\src\\Illuminate\\Routing\\Controller.php(54): App\\Http\\Controllers\\Api\\V2\\AnalyticsController->getCreatorAnalytics(Object(Illuminate\\Http\\Request))
#4 D:\\laragon\\www\\mirrormefashion\\vendor\\laravel\\framework\\src\\Illuminate\\Routing\\ControllerDispatcher.php(43): Illuminate\\Routing\\Controller->callAction('getCreatorAnaly...', Array)
#5 D:\\laragon\\www\\mirrormefashion\\vendor\\laravel\\framework\\src\\Illuminate\\Routing\\Route.php(259): Illuminate\\Routing\\ControllerDispatcher->dispatch(Object(Illuminate\\Routing\\Route), Object(App\\Http\\Controllers\\Api\\V2\\AnalyticsController), 'getCreatorAnaly...')
#6 D:\\laragon\\www\\mirrormefashion\\vendor\\laravel\\framework\\src\\Illuminate\\Routing\\Route.php(205): Illuminate\\Routing\\Route->runController()
#7 D:\\laragon\\www\\mirrormefashion\\vendor\\laravel\\framework\\src\\Illuminate\\Routing\\Router.php(806): Illuminate\\Routing\\Route->run()
#8 D:\\laragon\\www\\mirrormefashion\\vendor\\laravel\\framework\\src\\Illuminate\\Pipeline\\Pipeline.php(144): Illuminate\\Routing\\Router->Illuminate\\Routing\\{closure}(Object(Illuminate\\Http\\Request))
#9 D:\\laragon\\www\\mirrormefashion\\app\\Http\\Middleware\\ParseBearerToken.php(98): Illuminate\\Pipeline\\Pipeline->Illuminate\\Pipeline\\{closure}(Object(Illuminate\\Http\\Request))
#10 D:\\laragon\\www\\mirrormefashion\\vendor\\laravel\\framework\\src\\Illuminate\\Pipeline\\Pipeline.php(183): App\\Http\\Middleware\\ParseBearerToken->handle(Object(Illuminate\\Http\\Request), Object(Closure))
#11 D:\\laragon\\www\\mirrormefashion\\app\\Http\\Middleware\\AppLanguage.php(35): Illuminate\\Pipeline\\Pipeline->Illuminate\\Pipeline\\{closure}(Object(Illuminate\\Http\\Request))
#12 D:\\laragon\\www\\mirrormefashion\\vendor\\laravel\\framework\\src\\Illuminate\\Pipeline\\Pipeline.php(183): App\\Http\\Middleware\\AppLanguage->handle(Object(Illuminate\\Http\\Request), Object(Closure))
#13 D:\\laragon\\www\\mirrormefashion\\app\\Http\\Middleware\\ApiJsonResponse.php(22): Illuminate\\Pipeline\\Pipeline->Illuminate\\Pipeline\\{closure}(Object(Illuminate\\Http\\Request))
#14 D:\\laragon\\www\\mirrormefashion\\vendor\\laravel\\framework\\src\\Illuminate\\Pipeline\\Pipeline.php(183): App\\Http\\Middleware\\ApiJsonResponse->handle(Object(Illuminate\\Http\\Request), Object(Closure))
#15 D:\\laragon\\www\\mirrormefashion\\app\\Http\\Middleware\\CheckForMaintenanceMode.php(64): Illuminate\\Pipeline\\Pipeline->Illuminate\\Pipeline\\{closure}(Object(Illuminate\\Http\\Request))
#16 D:\\laragon\\www\\mirrormefashion\\vendor\\laravel\\framework\\src\\Illuminate\\Pipeline\\Pipeline.php(183): App\\Http\\Middleware\\CheckForMaintenanceMode->handle(Object(Illuminate\\Http\\Request), Object(Closure))
#17 D:\\laragon\\www\\mirrormefashion\\vendor\\laravel\\framework\\src\\Illuminate\\Routing\\Middleware\\SubstituteBindings.php(50): Illuminate\\Pipeline\\Pipeline->Illuminate\\Pipeline\\{closure}(Object(Illuminate\\Http\\Request))
#18 D:\\laragon\\www\\mirrormefashion\\vendor\\laravel\\framework\\src\\Illuminate\\Pipeline\\Pipeline.php(183): Illuminate\\Routing\\Middleware\\SubstituteBindings->handle(Object(Illuminate\\Http\\Request), Object(Closure))
#19 D:\\laragon\\www\\mirrormefashion\\vendor\\laravel\\framework\\src\\Illuminate\\Auth\\Middleware\\Authenticate.php(57): Illuminate\\Pipeline\\Pipeline->Illuminate\\Pipeline\\{closure}(Object(Illuminate\\Http\\Request))
#20 D:\\laragon\\www\\mirrormefashion\\vendor\\laravel\\framework\\src\\Illuminate\\Pipeline\\Pipeline.php(183): Illuminate\\Auth\\Middleware\\Authenticate->handle(Object(Illuminate\\Http\\Request), Object(Closure), 'sanctum')
#21 D:\\laragon\\www\\mirrormefashion\\vendor\\laravel\\framework\\src\\Illuminate\\Routing\\Middleware\\ThrottleRequests.php(159): Illuminate\\Pipeline\\Pipeline->Illuminate\\Pipeline\\{closure}(Object(Illuminate\\Http\\Request))
#22 D:\\laragon\\www\\mirrormefashion\\vendor\\laravel\\framework\\src\\Illuminate\\Routing\\Middleware\\ThrottleRequests.php(125): Illuminate\\Routing\\Middleware\\ThrottleRequests->handleRequest(Object(Illuminate\\Http\\Request), Object(Closure), Array)
#23 D:\\laragon\\www\\mirrormefashion\\vendor\\laravel\\framework\\src\\Illuminate\\Routing\\Middleware\\ThrottleRequests.php(87): Illuminate\\Routing\\Middleware\\ThrottleRequests->handleRequestUsingNamedLimiter(Object(Illuminate\\Http\\Request), Object(Closure), 'api', Object(Closure))
#24 D:\\laragon\\www\\mirrormefashion\\vendor\\laravel\\framework\\src\\Illuminate\\Pipeline\\Pipeline.php(183): Illuminate\\Routing\\Middleware\\ThrottleRequests->handle(Object(Illuminate\\Http\\Request), Object(Closure), 'api')
#25 D:\\laragon\\www\\mirrormefashion\\vendor\\laravel\\sanctum\\src\\Http\\Middleware\\EnsureFrontendRequestsAreStateful.php(25): Illuminate\\Pipeline\\Pipeline->Illuminate\\Pipeline\\{closure}(Object(Illuminate\\Http\\Request))
#26 D:\\laragon\\www\\mirrormefashion\\vendor\\laravel\\framework\\src\\Illuminate\\Pipeline\\Pipeline.php(144): Laravel\\Sanctum\\Http\\Middleware\\EnsureFrontendRequestsAreStateful->Laravel\\Sanctum\\Http\\Middleware\\{closure}(Object(Illuminate\\Http\\Request))
#27 D:\\laragon\\www\\mirrormefashion\\vendor\\laravel\\framework\\src\\Illuminate\\Foundation\\Http\\Middleware\\VerifyCsrfToken.php(78): Illuminate\\Pipeline\\Pipeline->Illuminate\\Pipeline\\{closure}(Object(Illuminate\\Http\\Request))
#28 D:\\laragon\\www\\mirrormefashion\\vendor\\laravel\\framework\\src\\Illuminate\\Pipeline\\Pipeline.php(183): Illuminate\\Foundation\\Http\\Middleware\\VerifyCsrfToken->handle(Object(Illuminate\\Http\\Request), Object(Closure))
#29 D:\\laragon\\www\\mirrormefashion\\vendor\\laravel\\framework\\src\\Illuminate\\Session\\Middleware\\StartSession.php(121): Illuminate\\Pipeline\\Pipeline->Illuminate\\Pipeline\\{closure}(Object(Illuminate\\Http\\Request))
#30 D:\\laragon\\www\\mirrormefashion\\vendor\\laravel\\framework\\src\\Illuminate\\Session\\Middleware\\StartSession.php(64): Illuminate\\Session\\Middleware\\StartSession->handleStatefulRequest(Object(Illuminate\\Http\\Request), Object(Illuminate\\Session\\Store), Object(Closure))
#31 D:\\laragon\\www\\mirrormefashion\\vendor\\laravel\\framework\\src\\Illuminate\\Pipeline\\Pipeline.php(183): Illuminate\\Session\\Middleware\\StartSession->handle(Object(Illuminate\\Http\\Request), Object(Closure))
#32 D:\\laragon\\www\\mirrormefashion\\vendor\\laravel\\framework\\src\\Illuminate\\Cookie\\Middleware\\AddQueuedCookiesToResponse.php(37): Illuminate\\Pipeline\\Pipeline->Illuminate\\Pipeline\\{closure}(Object(Illuminate\\Http\\Request))
#33 D:\\laragon\\www\\mirrormefashion\\vendor\\laravel\\framework\\src\\Illuminate\\Pipeline\\Pipeline.php(183): Illuminate\\Cookie\\Middleware\\AddQueuedCookiesToResponse->handle(Object(Illuminate\\Http\\Request), Object(Closure))
#34 D:\\laragon\\www\\mirrormefashion\\vendor\\laravel\\framework\\src\\Illuminate\\Cookie\\Middleware\\EncryptCookies.php(67): Illuminate\\Pipeline\\Pipeline->Illuminate\\Pipeline\\{closure}(Object(Illuminate\\Http\\Request))
#35 D:\\laragon\\www\\mirrormefashion\\vendor\\laravel\\framework\\src\\Illuminate\\Pipeline\\Pipeline.php(183): Illuminate\\Cookie\\Middleware\\EncryptCookies->handle(Object(Illuminate\\Http\\Request), Object(Closure))
#36 D:\\laragon\\www\\mirrormefashion\\vendor\\laravel\\sanctum\\src\\Http\\Middleware\\EnsureFrontendRequestsAreStateful.php(61): Illuminate\\Pipeline\\Pipeline->Illuminate\\Pipeline\\{closure}(Object(Illuminate\\Http\\Request))
#37 D:\\laragon\\www\\mirrormefashion\\vendor\\laravel\\framework\\src\\Illuminate\\Pipeline\\Pipeline.php(165): Laravel\\Sanctum\\Http\\Middleware\\EnsureFrontendRequestsAreStateful->Laravel\\Sanctum\\Http\\Middleware\\{closure}(Object(Illuminate\\Http\\Request), Object(Closure))
#38 D:\\laragon\\www\\mirrormefashion\\vendor\\laravel\\framework\\src\\Illuminate\\Pipeline\\Pipeline.php(119): Illuminate\\Pipeline\\Pipeline->Illuminate\\Pipeline\\{closure}(Object(Illuminate\\Http\\Request))
#39 D:\\laragon\\www\\mirrormefashion\\vendor\\laravel\\sanctum\\src\\Http\\Middleware\\EnsureFrontendRequestsAreStateful.php(24): Illuminate\\Pipeline\\Pipeline->then(Object(Closure))
#40 D:\\laragon\\www\\mirrormefashion\\vendor\\laravel\\framework\\src\\Illuminate\\Pipeline\\Pipeline.php(183): Laravel\\Sanctum\\Http\\Middleware\\EnsureFrontendRequestsAreStateful->handle(Object(Illuminate\\Http\\Request), Object(Closure))
#41 D:\\laragon\\www\\mirrormefashion\\app\\Http\\Middleware\\CorsMiddleware.php(32): Illuminate\\Pipeline\\Pipeline->Illuminate\\Pipeline\\{closure}(Object(Illuminate\\Http\\Request))
#42 D:\\laragon\\www\\mirrormefashion\\vendor\\laravel\\framework\\src\\Illuminate\\Pipeline\\Pipeline.php(183): App\\Http\\Middleware\\CorsMiddleware->handle(Object(Illuminate\\Http\\Request), Object(Closure))
#43 D:\\laragon\\www\\mirrormefashion\\vendor\\laravel\\framework\\src\\Illuminate\\Pipeline\\Pipeline.php(119): Illuminate\\Pipeline\\Pipeline->Illuminate\\Pipeline\\{closure}(Object(Illuminate\\Http\\Request))
#44 D:\\laragon\\www\\mirrormefashion\\vendor\\laravel\\framework\\src\\Illuminate\\Routing\\Router.php(805): Illuminate\\Pipeline\\Pipeline->then(Object(Closure))
#45 D:\\laragon\\www\\mirrormefashion\\vendor\\laravel\\framework\\src\\Illuminate\\Routing\\Router.php(784): Illuminate\\Routing\\Router->runRouteWithinStack(Object(Illuminate\\Routing\\Route), Object(Illuminate\\Http\\Request))
#46 D:\\laragon\\www\\mirrormefashion\\vendor\\laravel\\framework\\src\\Illuminate\\Routing\\Router.php(748): Illuminate\\Routing\\Router->runRoute(Object(Illuminate\\Http\\Request), Object(Illuminate\\Routing\\Route))
#47 D:\\laragon\\www\\mirrormefashion\\vendor\\laravel\\framework\\src\\Illuminate\\Routing\\Router.php(737): Illuminate\\Routing\\Router->dispatchToRoute(Object(Illuminate\\Http\\Request))
#48 D:\\laragon\\www\\mirrormefashion\\vendor\\laravel\\framework\\src\\Illuminate\\Foundation\\Http\\Kernel.php(200): Illuminate\\Routing\\Router->dispatch(Object(Illuminate\\Http\\Request))
#49 D:\\laragon\\www\\mirrormefashion\\vendor\\laravel\\framework\\src\\Illuminate\\Pipeline\\Pipeline.php(144): Illuminate\\Foundation\\Http\\Kernel->Illuminate\\Foundation\\Http\\{closure}(Object(Illuminate\\Http\\Request))
#50 D:\\laragon\\www\\mirrormefashion\\vendor\\barryvdh\\laravel-debugbar\\src\\Middleware\\InjectDebugbar.php(66): Illuminate\\Pipeline\\Pipeline->Illuminate\\Pipeline\\{closure}(Object(Illuminate\\Http\\Request))
#51 D:\\laragon\\www\\mirrormefashion\\vendor\\laravel\\framework\\src\\Illuminate\\Pipeline\\Pipeline.php(183): Barryvdh\\Debugbar\\Middleware\\InjectDebugbar->handle(Object(Illuminate\\Http\\Request), Object(Closure))
#52 D:\\laragon\\www\\mirrormefashion\\vendor\\laravel\\framework\\src\\Illuminate\\View\\Middleware\\ShareErrorsFromSession.php(49): Illuminate\\Pipeline\\Pipeline->Illuminate\\Pipeline\\{closure}(Object(Illuminate\\Http\\Request))
#53 D:\\laragon\\www\\mirrormefashion\\vendor\\laravel\\framework\\src\\Illuminate\\Pipeline\\Pipeline.php(183): Illuminate\\View\\Middleware\\ShareErrorsFromSession->handle(Object(Illuminate\\Http\\Request), Object(Closure))
#54 D:\\laragon\\www\\mirrormefashion\\vendor\\laravel\\framework\\src\\Illuminate\\Session\\Middleware\\StartSession.php(121): Illuminate\\Pipeline\\Pipeline->Illuminate\\Pipeline\\{closure}(Object(Illuminate\\Http\\Request))
#55 D:\\laragon\\www\\mirrormefashion\\vendor\\laravel\\framework\\src\\Illuminate\\Session\\Middleware\\StartSession.php(64): Illuminate\\Session\\Middleware\\StartSession->handleStatefulRequest(Object(Illuminate\\Http\\Request), Object(Illuminate\\Session\\Store), Object(Closure))
#56 D:\\laragon\\www\\mirrormefashion\\vendor\\laravel\\framework\\src\\Illuminate\\Pipeline\\Pipeline.php(183): Illuminate\\Session\\Middleware\\StartSession->handle(Object(Illuminate\\Http\\Request), Object(Closure))
#57 D:\\laragon\\www\\mirrormefashion\\vendor\\laravel\\framework\\src\\Illuminate\\Http\\Middleware\\TrustProxies.php(39): Illuminate\\Pipeline\\Pipeline->Illuminate\\Pipeline\\{closure}(Object(Illuminate\\Http\\Request))
#58 D:\\laragon\\www\\mirrormefashion\\vendor\\laravel\\framework\\src\\Illuminate\\Pipeline\\Pipeline.php(183): Illuminate\\Http\\Middleware\\TrustProxies->handle(Object(Illuminate\\Http\\Request), Object(Closure))
#59 D:\\laragon\\www\\mirrormefashion\\vendor\\laravel\\framework\\src\\Illuminate\\Foundation\\Http\\Middleware\\TransformsRequest.php(21): Illuminate\\Pipeline\\Pipeline->Illuminate\\Pipeline\\{closure}(Object(Illuminate\\Http\\Request))
#60 D:\\laragon\\www\\mirrormefashion\\vendor\\laravel\\framework\\src\\Illuminate\\Foundation\\Http\\Middleware\\ConvertEmptyStringsToNull.php(31): Illuminate\\Foundation\\Http\\Middleware\\TransformsRequest->handle(Object(Illuminate\\Http\\Request), Object(Closure))
#61 D:\\laragon\\www\\mirrormefashion\\vendor\\laravel\\framework\\src\\Illuminate\\Pipeline\\Pipeline.php(183): Illuminate\\Foundation\\Http\\Middleware\\ConvertEmptyStringsToNull->handle(Object(Illuminate\\Http\\Request), Object(Closure))
#62 D:\\laragon\\www\\mirrormefashion\\vendor\\laravel\\framework\\src\\Illuminate\\Foundation\\Http\\Middleware\\TransformsRequest.php(21): Illuminate\\Pipeline\\Pipeline->Illuminate\\Pipeline\\{closure}(Object(Illuminate\\Http\\Request))
#63 D:\\laragon\\www\\mirrormefashion\\vendor\\laravel\\framework\\src\\Illuminate\\Foundation\\Http\\Middleware\\TrimStrings.php(40): Illuminate\\Foundation\\Http\\Middleware\\TransformsRequest->handle(Object(Illuminate\\Http\\Request), Object(Closure))
#64 D:\\laragon\\www\\mirrormefashion\\vendor\\laravel\\framework\\src\\Illuminate\\Pipeline\\Pipeline.php(183): Illuminate\\Foundation\\Http\\Middleware\\TrimStrings->handle(Object(Illuminate\\Http\\Request), Object(Closure))
#65 D:\\laragon\\www\\mirrormefashion\\vendor\\laravel\\framework\\src\\Illuminate\\Foundation\\Http\\Middleware\\ValidatePostSize.php(27): Illuminate\\Pipeline\\Pipeline->Illuminate\\Pipeline\\{closure}(Object(Illuminate\\Http\\Request))
#66 D:\\laragon\\www\\mirrormefashion\\vendor\\laravel\\framework\\src\\Illuminate\\Pipeline\\Pipeline.php(183): Illuminate\\Foundation\\Http\\Middleware\\ValidatePostSize->handle(Object(Illuminate\\Http\\Request), Object(Closure))
#67 D:\\laragon\\www\\mirrormefashion\\vendor\\laravel\\framework\\src\\Illuminate\\Pipeline\\Pipeline.php(119): Illuminate\\Pipeline\\Pipeline->Illuminate\\Pipeline\\{closure}(Object(Illuminate\\Http\\Request))
#68 D:\\laragon\\www\\mirrormefashion\\vendor\\laravel\\framework\\src\\Illuminate\\Foundation\\Http\\Kernel.php(175): Illuminate\\Pipeline\\Pipeline->then(Object(Closure))
#69 D:\\laragon\\www\\mirrormefashion\\vendor\\laravel\\framework\\src\\Illuminate\\Foundation\\Http\\Kernel.php(144): Illuminate\\Foundation\\Http\\Kernel->sendRequestThroughRouter(Object(Illuminate\\Http\\Request))
#70 D:\\laragon\\www\\mirrormefashion\\index.php(56): Illuminate\\Foundation\\Http\\Kernel->handle(Object(Illuminate\\Http\\Request))
#71 {main}"} 
[2026-04-12 06:56:38] local.INFO: ParseBearerToken middleware invoked {"path":"/api/v2/analytics/creator","method":"GET","has_auth_header":true,"auth_header_preview":"Bearer 160|kJdpaDrHOZ9nSgkeOYj...","is_bearer":true} 
[2026-04-12 06:56:38] local.INFO: Extracted bearer token {"token_preview":"160|kJdpaD...","token_length":52} 
[2026-04-12 06:56:38] local.INFO: Found personal access token {"token_id":160,"user_id":68,"revoked":null} 
[2026-04-12 06:56:38] local.INFO: User authenticated via bearer token {"user_id":68,"user_email":"freelancerzahedcreator@gmail.com"} 
[2026-04-12 06:56:38] local.ERROR: Analytics error {"error":"Array to string conversion","trace":"#0 D:\\laragon\\www\\mirrormefashion\\vendor\\laravel\\framework\\src\\Illuminate\\Foundation\\Bootstrap\\HandleExceptions.php(255): Illuminate\\Foundation\\Bootstrap\\HandleExceptions->handleError(2, 'Array to string...', 'D:\\\\laragon\\\\www\\\\...', 146)
#1 D:\\laragon\\www\\mirrormefashion\\app\\Http\\Controllers\\Api\\V2\\AnalyticsController.php(146): Illuminate\\Foundation\\Bootstrap\\HandleExceptions->Illuminate\\Foundation\\Bootstrap\\{closure}(2, 'Array to string...', 'D:\\\\laragon\\\\www\\\\...', 146)
#2 D:\\laragon\\www\\mirrormefashion\\app\\Http\\Controllers\\Api\\V2\\AnalyticsController.php(67): App\\Http\\Controllers\\Api\\V2\\AnalyticsController->calculateSizingBreakdown(Object(Illuminate\\Database\\Eloquent\\Collection))
#3 D:\\laragon\\www\\mirrormefashion\\vendor\\laravel\\framework\\src\\Illuminate\\Routing\\Controller.php(54): App\\Http\\Controllers\\Api\\V2\\AnalyticsController->getCreatorAnalytics(Object(Illuminate\\Http\\Request))
#4 D:\\laragon\\www\\mirrormefashion\\vendor\\laravel\\framework\\src\\Illuminate\\Routing\\ControllerDispatcher.php(43): Illuminate\\Routing\\Controller->callAction('getCreatorAnaly...', Array)
#5 D:\\laragon\\www\\mirrormefashion\\vendor\\laravel\\framework\\src\\Illuminate\\Routing\\Route.php(259): Illuminate\\Routing\\ControllerDispatcher->dispatch(Object(Illuminate\\Routing\\Route), Object(App\\Http\\Controllers\\Api\\V2\\AnalyticsController), 'getCreatorAnaly...')
#6 D:\\laragon\\www\\mirrormefashion\\vendor\\laravel\\framework\\src\\Illuminate\\Routing\\Route.php(205): Illuminate\\Routing\\Route->runController()
#7 D:\\laragon\\www\\mirrormefashion\\vendor\\laravel\\framework\\src\\Illuminate\\Routing\\Router.php(806): Illuminate\\Routing\\Route->run()
#8 D:\\laragon\\www\\mirrormefashion\\vendor\\laravel\\framework\\src\\Illuminate\\Pipeline\\Pipeline.php(144): Illuminate\\Routing\\Router->Illuminate\\Routing\\{closure}(Object(Illuminate\\Http\\Request))
#9 D:\\laragon\\www\\mirrormefashion\\app\\Http\\Middleware\\ParseBearerToken.php(98): Illuminate\\Pipeline\\Pipeline->Illuminate\\Pipeline\\{closure}(Object(Illuminate\\Http\\Request))
#10 D:\\laragon\\www\\mirrormefashion\\vendor\\laravel\\framework\\src\\Illuminate\\Pipeline\\Pipeline.php(183): App\\Http\\Middleware\\ParseBearerToken->handle(Object(Illuminate\\Http\\Request), Object(Closure))
#11 D:\\laragon\\www\\mirrormefashion\\app\\Http\\Middleware\\AppLanguage.php(35): Illuminate\\Pipeline\\Pipeline->Illuminate\\Pipeline\\{closure}(Object(Illuminate\\Http\\Request))
#12 D:\\laragon\\www\\mirrormefashion\\vendor\\laravel\\framework\\src\\Illuminate\\Pipeline\\Pipeline.php(183): App\\Http\\Middleware\\AppLanguage->handle(Object(Illuminate\\Http\\Request), Object(Closure))
#13 D:\\laragon\\www\\mirrormefashion\\app\\Http\\Middleware\\ApiJsonResponse.php(22): Illuminate\\Pipeline\\Pipeline->Illuminate\\Pipeline\\{closure}(Object(Illuminate\\Http\\Request))
#14 D:\\laragon\\www\\mirrormefashion\\vendor\\laravel\\framework\\src\\Illuminate\\Pipeline\\Pipeline.php(183): App\\Http\\Middleware\\ApiJsonResponse->handle(Object(Illuminate\\Http\\Request), Object(Closure))
#15 D:\\laragon\\www\\mirrormefashion\\app\\Http\\Middleware\\CheckForMaintenanceMode.php(64): Illuminate\\Pipeline\\Pipeline->Illuminate\\Pipeline\\{closure}(Object(Illuminate\\Http\\Request))
#16 D:\\laragon\\www\\mirrormefashion\\vendor\\laravel\\framework\\src\\Illuminate\\Pipeline\\Pipeline.php(183): App\\Http\\Middleware\\CheckForMaintenanceMode->handle(Object(Illuminate\\Http\\Request), Object(Closure))
#17 D:\\laragon\\www\\mirrormefashion\\vendor\\laravel\\framework\\src\\Illuminate\\Routing\\Middleware\\SubstituteBindings.php(50): Illuminate\\Pipeline\\Pipeline->Illuminate\\Pipeline\\{closure}(Object(Illuminate\\Http\\Request))
#18 D:\\laragon\\www\\mirrormefashion\\vendor\\laravel\\framework\\src\\Illuminate\\Pipeline\\Pipeline.php(183): Illuminate\\Routing\\Middleware\\SubstituteBindings->handle(Object(Illuminate\\Http\\Request), Object(Closure))
#19 D:\\laragon\\www\\mirrormefashion\\vendor\\laravel\\framework\\src\\Illuminate\\Auth\\Middleware\\Authenticate.php(57): Illuminate\\Pipeline\\Pipeline->Illuminate\\Pipeline\\{closure}(Object(Illuminate\\Http\\Request))
#20 D:\\laragon\\www\\mirrormefashion\\vendor\\laravel\\framework\\src\\Illuminate\\Pipeline\\Pipeline.php(183): Illuminate\\Auth\\Middleware\\Authenticate->handle(Object(Illuminate\\Http\\Request), Object(Closure), 'sanctum')
#21 D:\\laragon\\www\\mirrormefashion\\vendor\\laravel\\framework\\src\\Illuminate\\Routing\\Middleware\\ThrottleRequests.php(159): Illuminate\\Pipeline\\Pipeline->Illuminate\\Pipeline\\{closure}(Object(Illuminate\\Http\\Request))
#22 D:\\laragon\\www\\mirrormefashion\\vendor\\laravel\\framework\\src\\Illuminate\\Routing\\Middleware\\ThrottleRequests.php(125): Illuminate\\Routing\\Middleware\\ThrottleRequests->handleRequest(Object(Illuminate\\Http\\Request), Object(Closure), Array)
#23 D:\\laragon\\www\\mirrormefashion\\vendor\\laravel\\framework\\src\\Illuminate\\Routing\\Middleware\\ThrottleRequests.php(87): Illuminate\\Routing\\Middleware\\ThrottleRequests->handleRequestUsingNamedLimiter(Object(Illuminate\\Http\\Request), Object(Closure), 'api', Object(Closure))
#24 D:\\laragon\\www\\mirrormefashion\\vendor\\laravel\\framework\\src\\Illuminate\\Pipeline\\Pipeline.php(183): Illuminate\\Routing\\Middleware\\ThrottleRequests->handle(Object(Illuminate\\Http\\Request), Object(Closure), 'api')
#25 D:\\laragon\\www\\mirrormefashion\\vendor\\laravel\\sanctum\\src\\Http\\Middleware\\EnsureFrontendRequestsAreStateful.php(25): Illuminate\\Pipeline\\Pipeline->Illuminate\\Pipeline\\{closure}(Object(Illuminate\\Http\\Request))
#26 D:\\laragon\\www\\mirrormefashion\\vendor\\laravel\\framework\\src\\Illuminate\\Pipeline\\Pipeline.php(144): Laravel\\Sanctum\\Http\\Middleware\\EnsureFrontendRequestsAreStateful->Laravel\\Sanctum\\Http\\Middleware\\{closure}(Object(Illuminate\\Http\\Request))
#27 D:\\laragon\\www\\mirrormefashion\\vendor\\laravel\\framework\\src\\Illuminate\\Foundation\\Http\\Middleware\\VerifyCsrfToken.php(78): Illuminate\\Pipeline\\Pipeline->Illuminate\\Pipeline\\{closure}(Object(Illuminate\\Http\\Request))
#28 D:\\laragon\\www\\mirrormefashion\\vendor\\laravel\\framework\\src\\Illuminate\\Pipeline\\Pipeline.php(183): Illuminate\\Foundation\\Http\\Middleware\\VerifyCsrfToken->handle(Object(Illuminate\\Http\\Request), Object(Closure))
#29 D:\\laragon\\www\\mirrormefashion\\vendor\\laravel\\framework\\src\\Illuminate\\Session\\Middleware\\StartSession.php(121): Illuminate\\Pipeline\\Pipeline->Illuminate\\Pipeline\\{closure}(Object(Illuminate\\Http\\Request))
#30 D:\\laragon\\www\\mirrormefashion\\vendor\\laravel\\framework\\src\\Illuminate\\Session\\Middleware\\StartSession.php(64): Illuminate\\Session\\Middleware\\StartSession->handleStatefulRequest(Object(Illuminate\\Http\\Request), Object(Illuminate\\Session\\Store), Object(Closure))
#31 D:\\laragon\\www\\mirrormefashion\\vendor\\laravel\\framework\\src\\Illuminate\\Pipeline\\Pipeline.php(183): Illuminate\\Session\\Middleware\\StartSession->handle(Object(Illuminate\\Http\\Request), Object(Closure))
#32 D:\\laragon\\www\\mirrormefashion\\vendor\\laravel\\framework\\src\\Illuminate\\Cookie\\Middleware\\AddQueuedCookiesToResponse.php(37): Illuminate\\Pipeline\\Pipeline->Illuminate\\Pipeline\\{closure}(Object(Illuminate\\Http\\Request))
#33 D:\\laragon\\www\\mirrormefashion\\vendor\\laravel\\framework\\src\\Illuminate\\Pipeline\\Pipeline.php(183): Illuminate\\Cookie\\Middleware\\AddQueuedCookiesToResponse->handle(Object(Illuminate\\Http\\Request), Object(Closure))
#34 D:\\laragon\\www\\mirrormefashion\\vendor\\laravel\\framework\\src\\Illuminate\\Cookie\\Middleware\\EncryptCookies.php(67): Illuminate\\Pipeline\\Pipeline->Illuminate\\Pipeline\\{closure}(Object(Illuminate\\Http\\Request))
#35 D:\\laragon\\www\\mirrormefashion\\vendor\\laravel\\framework\\src\\Illuminate\\Pipeline\\Pipeline.php(183): Illuminate\\Cookie\\Middleware\\EncryptCookies->handle(Object(Illuminate\\Http\\Request), Object(Closure))
#36 D:\\laragon\\www\\mirrormefashion\\vendor\\laravel\\sanctum\\src\\Http\\Middleware\\EnsureFrontendRequestsAreStateful.php(61): Illuminate\\Pipeline\\Pipeline->Illuminate\\Pipeline\\{closure}(Object(Illuminate\\Http\\Request))
#37 D:\\laragon\\www\\mirrormefashion\\vendor\\laravel\\framework\\src\\Illuminate\\Pipeline\\Pipeline.php(165): Laravel\\Sanctum\\Http\\Middleware\\EnsureFrontendRequestsAreStateful->Laravel\\Sanctum\\Http\\Middleware\\{closure}(Object(Illuminate\\Http\\Request), Object(Closure))
#38 D:\\laragon\\www\\mirrormefashion\\vendor\\laravel\\framework\\src\\Illuminate\\Pipeline\\Pipeline.php(119): Illuminate\\Pipeline\\Pipeline->Illuminate\\Pipeline\\{closure}(Object(Illuminate\\Http\\Request))
#39 D:\\laragon\\www\\mirrormefashion\\vendor\\laravel\\sanctum\\src\\Http\\Middleware\\EnsureFrontendRequestsAreStateful.php(24): Illuminate\\Pipeline\\Pipeline->then(Object(Closure))
#40 D:\\laragon\\www\\mirrormefashion\\vendor\\laravel\\framework\\src\\Illuminate\\Pipeline\\Pipeline.php(183): Laravel\\Sanctum\\Http\\Middleware\\EnsureFrontendRequestsAreStateful->handle(Object(Illuminate\\Http\\Request), Object(Closure))
#41 D:\\laragon\\www\\mirrormefashion\\app\\Http\\Middleware\\CorsMiddleware.php(32): Illuminate\\Pipeline\\Pipeline->Illuminate\\Pipeline\\{closure}(Object(Illuminate\\Http\\Request))
#42 D:\\laragon\\www\\mirrormefashion\\vendor\\laravel\\framework\\src\\Illuminate\\Pipeline\\Pipeline.php(183): App\\Http\\Middleware\\CorsMiddleware->handle(Object(Illuminate\\Http\\Request), Object(Closure))
#43 D:\\laragon\\www\\mirrormefashion\\vendor\\laravel\\framework\\src\\Illuminate\\Pipeline\\Pipeline.php(119): Illuminate\\Pipeline\\Pipeline->Illuminate\\Pipeline\\{closure}(Object(Illuminate\\Http\\Request))
#44 D:\\laragon\\www\\mirrormefashion\\vendor\\laravel\\framework\\src\\Illuminate\\Routing\\Router.php(805): Illuminate\\Pipeline\\Pipeline->then(Object(Closure))
#45 D:\\laragon\\www\\mirrormefashion\\vendor\\laravel\\framework\\src\\Illuminate\\Routing\\Router.php(784): Illuminate\\Routing\\Router->runRouteWithinStack(Object(Illuminate\\Routing\\Route), Object(Illuminate\\Http\\Request))
#46 D:\\laragon\\www\\mirrormefashion\\vendor\\laravel\\framework\\src\\Illuminate\\Routing\\Router.php(748): Illuminate\\Routing\\Router->runRoute(Object(Illuminate\\Http\\Request), Object(Illuminate\\Routing\\Route))
#47 D:\\laragon\\www\\mirrormefashion\\vendor\\laravel\\framework\\src\\Illuminate\\Routing\\Router.php(737): Illuminate\\Routing\\Router->dispatchToRoute(Object(Illuminate\\Http\\Request))
#48 D:\\laragon\\www\\mirrormefashion\\vendor\\laravel\\framework\\src\\Illuminate\\Foundation\\Http\\Kernel.php(200): Illuminate\\Routing\\Router->dispatch(Object(Illuminate\\Http\\Request))
#49 D:\\laragon\\www\\mirrormefashion\\vendor\\laravel\\framework\\src\\Illuminate\\Pipeline\\Pipeline.php(144): Illuminate\\Foundation\\Http\\Kernel->Illuminate\\Foundation\\Http\\{closure}(Object(Illuminate\\Http\\Request))
#50 D:\\laragon\\www\\mirrormefashion\\vendor\\barryvdh\\laravel-debugbar\\src\\Middleware\\InjectDebugbar.php(66): Illuminate\\Pipeline\\Pipeline->Illuminate\\Pipeline\\{closure}(Object(Illuminate\\Http\\Request))
#51 D:\\laragon\\www\\mirrormefashion\\vendor\\laravel\\framework\\src\\Illuminate\\Pipeline\\Pipeline.php(183): Barryvdh\\Debugbar\\Middleware\\InjectDebugbar->handle(Object(Illuminate\\Http\\Request), Object(Closure))
#52 D:\\laragon\\www\\mirrormefashion\\vendor\\laravel\\framework\\src\\Illuminate\\View\\Middleware\\ShareErrorsFromSession.php(49): Illuminate\\Pipeline\\Pipeline->Illuminate\\Pipeline\\{closure}(Object(Illuminate\\Http\\Request))
#53 D:\\laragon\\www\\mirrormefashion\\vendor\\laravel\\framework\\src\\Illuminate\\Pipeline\\Pipeline.php(183): Illuminate\\View\\Middleware\\ShareErrorsFromSession->handle(Object(Illuminate\\Http\\Request), Object(Closure))
#54 D:\\laragon\\www\\mirrormefashion\\vendor\\laravel\\framework\\src\\Illuminate\\Session\\Middleware\\StartSession.php(121): Illuminate\\Pipeline\\Pipeline->Illuminate\\Pipeline\\{closure}(Object(Illuminate\\Http\\Request))
#55 D:\\laragon\\www\\mirrormefashion\\vendor\\laravel\\framework\\src\\Illuminate\\Session\\Middleware\\StartSession.php(64): Illuminate\\Session\\Middleware\\StartSession->handleStatefulRequest(Object(Illuminate\\Http\\Request), Object(Illuminate\\Session\\Store), Object(Closure))
#56 D:\\laragon\\www\\mirrormefashion\\vendor\\laravel\\framework\\src\\Illuminate\\Pipeline\\Pipeline.php(183): Illuminate\\Session\\Middleware\\StartSession->handle(Object(Illuminate\\Http\\Request), Object(Closure))
#57 D:\\laragon\\www\\mirrormefashion\\vendor\\laravel\\framework\\src\\Illuminate\\Http\\Middleware\\TrustProxies.php(39): Illuminate\\Pipeline\\Pipeline->Illuminate\\Pipeline\\{closure}(Object(Illuminate\\Http\\Request))
#58 D:\\laragon\\www\\mirrormefashion\\vendor\\laravel\\framework\\src\\Illuminate\\Pipeline\\Pipeline.php(183): Illuminate\\Http\\Middleware\\TrustProxies->handle(Object(Illuminate\\Http\\Request), Object(Closure))
#59 D:\\laragon\\www\\mirrormefashion\\vendor\\laravel\\framework\\src\\Illuminate\\Foundation\\Http\\Middleware\\TransformsRequest.php(21): Illuminate\\Pipeline\\Pipeline->Illuminate\\Pipeline\\{closure}(Object(Illuminate\\Http\\Request))
#60 D:\\laragon\\www\\mirrormefashion\\vendor\\laravel\\framework\\src\\Illuminate\\Foundation\\Http\\Middleware\\ConvertEmptyStringsToNull.php(31): Illuminate\\Foundation\\Http\\Middleware\\TransformsRequest->handle(Object(Illuminate\\Http\\Request), Object(Closure))
#61 D:\\laragon\\www\\mirrormefashion\\vendor\\laravel\\framework\\src\\Illuminate\\Pipeline\\Pipeline.php(183): Illuminate\\Foundation\\Http\\Middleware\\ConvertEmptyStringsToNull->handle(Object(Illuminate\\Http\\Request), Object(Closure))
#62 D:\\laragon\\www\\mirrormefashion\\vendor\\laravel\\framework\\src\\Illuminate\\Foundation\\Http\\Middleware\\TransformsRequest.php(21): Illuminate\\Pipeline\\Pipeline->Illuminate\\Pipeline\\{closure}(Object(Illuminate\\Http\\Request))
#63 D:\\laragon\\www\\mirrormefashion\\vendor\\laravel\\framework\\src\\Illuminate\\Foundation\\Http\\Middleware\\TrimStrings.php(40): Illuminate\\Foundation\\Http\\Middleware\\TransformsRequest->handle(Object(Illuminate\\Http\\Request), Object(Closure))
#64 D:\\laragon\\www\\mirrormefashion\\vendor\\laravel\\framework\\src\\Illuminate\\Pipeline\\Pipeline.php(183): Illuminate\\Foundation\\Http\\Middleware\\TrimStrings->handle(Object(Illuminate\\Http\\Request), Object(Closure))
#65 D:\\laragon\\www\\mirrormefashion\\vendor\\laravel\\framework\\src\\Illuminate\\Foundation\\Http\\Middleware\\ValidatePostSize.php(27): Illuminate\\Pipeline\\Pipeline->Illuminate\\Pipeline\\{closure}(Object(Illuminate\\Http\\Request))
#66 D:\\laragon\\www\\mirrormefashion\\vendor\\laravel\\framework\\src\\Illuminate\\Pipeline\\Pipeline.php(183): Illuminate\\Foundation\\Http\\Middleware\\ValidatePostSize->handle(Object(Illuminate\\Http\\Request), Object(Closure))
#67 D:\\laragon\\www\\mirrormefashion\\vendor\\laravel\\framework\\src\\Illuminate\\Pipeline\\Pipeline.php(119): Illuminate\\Pipeline\\Pipeline->Illuminate\\Pipeline\\{closure}(Object(Illuminate\\Http\\Request))
#68 D:\\laragon\\www\\mirrormefashion\\vendor\\laravel\\framework\\src\\Illuminate\\Foundation\\Http\\Kernel.php(175): Illuminate\\Pipeline\\Pipeline->then(Object(Closure))
#69 D:\\laragon\\www\\mirrormefashion\\vendor\\laravel\\framework\\src\\Illuminate\\Foundation\\Http\\Kernel.php(144): Illuminate\\Foundation\\Http\\Kernel->sendRequestThroughRouter(Object(Illuminate\\Http\\Request))
#70 D:\\laragon\\www\\mirrormefashion\\index.php(56): Illuminate\\Foundation\\Http\\Kernel->handle(Object(Illuminate\\Http\\Request))
#71 {main}"} 
[2026-04-12 06:57:16] local.INFO: ParseBearerToken middleware invoked {"path":"/api/v2/analytics/creator","method":"GET","has_auth_header":true,"auth_header_preview":"Bearer 160|kJdpaDrHOZ9nSgkeOYj...","is_bearer":true} 
[2026-04-12 06:57:16] local.INFO: Extracted bearer token {"token_preview":"160|kJdpaD...","token_length":52} 
[2026-04-12 06:57:16] local.INFO: Found personal access token {"token_id":160,"user_id":68,"revoked":null} 
[2026-04-12 06:57:16] local.INFO: User authenticated via bearer token {"user_id":68,"user_email":"freelancerzahedcreator@gmail.com"} 
[2026-04-12 06:57:16] local.ERROR: Analytics error {"error":"Array to string conversion","trace":"#0 D:\\laragon\\www\\mirrormefashion\\vendor\\laravel\\framework\\src\\Illuminate\\Foundation\\Bootstrap\\HandleExceptions.php(255): Illuminate\\Foundation\\Bootstrap\\HandleExceptions->handleError(2, 'Array to string...', 'D:\\\\laragon\\\\www\\\\...', 171)
#1 D:\\laragon\\www\\mirrormefashion\\app\\Http\\Controllers\\Api\\V2\\AnalyticsController.php(171): Illuminate\\Foundation\\Bootstrap\\HandleExceptions->Illuminate\\Foundation\\Bootstrap\\{closure}(2, 'Array to string...', 'D:\\\\laragon\\\\www\\\\...', 171)
#2 D:\\laragon\\www\\mirrormefashion\\app\\Http\\Controllers\\Api\\V2\\AnalyticsController.php(67): App\\Http\\Controllers\\Api\\V2\\AnalyticsController->calculateSizingBreakdown(Object(Illuminate\\Database\\Eloquent\\Collection))
#3 D:\\laragon\\www\\mirrormefashion\\vendor\\laravel\\framework\\src\\Illuminate\\Routing\\Controller.php(54): App\\Http\\Controllers\\Api\\V2\\AnalyticsController->getCreatorAnalytics(Object(Illuminate\\Http\\Request))
#4 D:\\laragon\\www\\mirrormefashion\\vendor\\laravel\\framework\\src\\Illuminate\\Routing\\ControllerDispatcher.php(43): Illuminate\\Routing\\Controller->callAction('getCreatorAnaly...', Array)
#5 D:\\laragon\\www\\mirrormefashion\\vendor\\laravel\\framework\\src\\Illuminate\\Routing\\Route.php(259): Illuminate\\Routing\\ControllerDispatcher->dispatch(Object(Illuminate\\Routing\\Route), Object(App\\Http\\Controllers\\Api\\V2\\AnalyticsController), 'getCreatorAnaly...')
#6 D:\\laragon\\www\\mirrormefashion\\vendor\\laravel\\framework\\src\\Illuminate\\Routing\\Route.php(205): Illuminate\\Routing\\Route->runController()
#7 D:\\laragon\\www\\mirrormefashion\\vendor\\laravel\\framework\\src\\Illuminate\\Routing\\Router.php(806): Illuminate\\Routing\\Route->run()
#8 D:\\laragon\\www\\mirrormefashion\\vendor\\laravel\\framework\\src\\Illuminate\\Pipeline\\Pipeline.php(144): Illuminate\\Routing\\Router->Illuminate\\Routing\\{closure}(Object(Illuminate\\Http\\Request))
#9 D:\\laragon\\www\\mirrormefashion\\app\\Http\\Middleware\\ParseBearerToken.php(98): Illuminate\\Pipeline\\Pipeline->Illuminate\\Pipeline\\{closure}(Object(Illuminate\\Http\\Request))
#10 D:\\laragon\\www\\mirrormefashion\\vendor\\laravel\\framework\\src\\Illuminate\\Pipeline\\Pipeline.php(183): App\\Http\\Middleware\\ParseBearerToken->handle(Object(Illuminate\\Http\\Request), Object(Closure))
#11 D:\\laragon\\www\\mirrormefashion\\app\\Http\\Middleware\\AppLanguage.php(35): Illuminate\\Pipeline\\Pipeline->Illuminate\\Pipeline\\{closure}(Object(Illuminate\\Http\\Request))
#12 D:\\laragon\\www\\mirrormefashion\\vendor\\laravel\\framework\\src\\Illuminate\\Pipeline\\Pipeline.php(183): App\\Http\\Middleware\\AppLanguage->handle(Object(Illuminate\\Http\\Request), Object(Closure))
#13 D:\\laragon\\www\\mirrormefashion\\app\\Http\\Middleware\\ApiJsonResponse.php(22): Illuminate\\Pipeline\\Pipeline->Illuminate\\Pipeline\\{closure}(Object(Illuminate\\Http\\Request))
#14 D:\\laragon\\www\\mirrormefashion\\vendor\\laravel\\framework\\src\\Illuminate\\Pipeline\\Pipeline.php(183): App\\Http\\Middleware\\ApiJsonResponse->handle(Object(Illuminate\\Http\\Request), Object(Closure))
#15 D:\\laragon\\www\\mirrormefashion\\app\\Http\\Middleware\\CheckForMaintenanceMode.php(64): Illuminate\\Pipeline\\Pipeline->Illuminate\\Pipeline\\{closure}(Object(Illuminate\\Http\\Request))
#16 D:\\laragon\\www\\mirrormefashion\\vendor\\laravel\\framework\\src\\Illuminate\\Pipeline\\Pipeline.php(183): App\\Http\\Middleware\\CheckForMaintenanceMode->handle(Object(Illuminate\\Http\\Request), Object(Closure))
#17 D:\\laragon\\www\\mirrormefashion\\vendor\\laravel\\framework\\src\\Illuminate\\Routing\\Middleware\\SubstituteBindings.php(50): Illuminate\\Pipeline\\Pipeline->Illuminate\\Pipeline\\{closure}(Object(Illuminate\\Http\\Request))
#18 D:\\laragon\\www\\mirrormefashion\\vendor\\laravel\\framework\\src\\Illuminate\\Pipeline\\Pipeline.php(183): Illuminate\\Routing\\Middleware\\SubstituteBindings->handle(Object(Illuminate\\Http\\Request), Object(Closure))
#19 D:\\laragon\\www\\mirrormefashion\\vendor\\laravel\\framework\\src\\Illuminate\\Auth\\Middleware\\Authenticate.php(57): Illuminate\\Pipeline\\Pipeline->Illuminate\\Pipeline\\{closure}(Object(Illuminate\\Http\\Request))
#20 D:\\laragon\\www\\mirrormefashion\\vendor\\laravel\\framework\\src\\Illuminate\\Pipeline\\Pipeline.php(183): Illuminate\\Auth\\Middleware\\Authenticate->handle(Object(Illuminate\\Http\\Request), Object(Closure), 'sanctum')
#21 D:\\laragon\\www\\mirrormefashion\\vendor\\laravel\\framework\\src\\Illuminate\\Routing\\Middleware\\ThrottleRequests.php(159): Illuminate\\Pipeline\\Pipeline->Illuminate\\Pipeline\\{closure}(Object(Illuminate\\Http\\Request))
#22 D:\\laragon\\www\\mirrormefashion\\vendor\\laravel\\framework\\src\\Illuminate\\Routing\\Middleware\\ThrottleRequests.php(125): Illuminate\\Routing\\Middleware\\ThrottleRequests->handleRequest(Object(Illuminate\\Http\\Request), Object(Closure), Array)
#23 D:\\laragon\\www\\mirrormefashion\\vendor\\laravel\\framework\\src\\Illuminate\\Routing\\Middleware\\ThrottleRequests.php(87): Illuminate\\Routing\\Middleware\\ThrottleRequests->handleRequestUsingNamedLimiter(Object(Illuminate\\Http\\Request), Object(Closure), 'api', Object(Closure))
#24 D:\\laragon\\www\\mirrormefashion\\vendor\\laravel\\framework\\src\\Illuminate\\Pipeline\\Pipeline.php(183): Illuminate\\Routing\\Middleware\\ThrottleRequests->handle(Object(Illuminate\\Http\\Request), Object(Closure), 'api')
#25 D:\\laragon\\www\\mirrormefashion\\vendor\\laravel\\sanctum\\src\\Http\\Middleware\\EnsureFrontendRequestsAreStateful.php(25): Illuminate\\Pipeline\\Pipeline->Illuminate\\Pipeline\\{closure}(Object(Illuminate\\Http\\Request))
#26 D:\\laragon\\www\\mirrormefashion\\vendor\\laravel\\framework\\src\\Illuminate\\Pipeline\\Pipeline.php(144): Laravel\\Sanctum\\Http\\Middleware\\EnsureFrontendRequestsAreStateful->Laravel\\Sanctum\\Http\\Middleware\\{closure}(Object(Illuminate\\Http\\Request))
#27 D:\\laragon\\www\\mirrormefashion\\vendor\\laravel\\framework\\src\\Illuminate\\Foundation\\Http\\Middleware\\VerifyCsrfToken.php(78): Illuminate\\Pipeline\\Pipeline->Illuminate\\Pipeline\\{closure}(Object(Illuminate\\Http\\Request))
#28 D:\\laragon\\www\\mirrormefashion\\vendor\\laravel\\framework\\src\\Illuminate\\Pipeline\\Pipeline.php(183): Illuminate\\Foundation\\Http\\Middleware\\VerifyCsrfToken->handle(Object(Illuminate\\Http\\Request), Object(Closure))
#29 D:\\laragon\\www\\mirrormefashion\\vendor\\laravel\\framework\\src\\Illuminate\\Session\\Middleware\\StartSession.php(121): Illuminate\\Pipeline\\Pipeline->Illuminate\\Pipeline\\{closure}(Object(Illuminate\\Http\\Request))
#30 D:\\laragon\\www\\mirrormefashion\\vendor\\laravel\\framework\\src\\Illuminate\\Session\\Middleware\\StartSession.php(64): Illuminate\\Session\\Middleware\\StartSession->handleStatefulRequest(Object(Illuminate\\Http\\Request), Object(Illuminate\\Session\\Store), Object(Closure))
#31 D:\\laragon\\www\\mirrormefashion\\vendor\\laravel\\framework\\src\\Illuminate\\Pipeline\\Pipeline.php(183): Illuminate\\Session\\Middleware\\StartSession->handle(Object(Illuminate\\Http\\Request), Object(Closure))
#32 D:\\laragon\\www\\mirrormefashion\\vendor\\laravel\\framework\\src\\Illuminate\\Cookie\\Middleware\\AddQueuedCookiesToResponse.php(37): Illuminate\\Pipeline\\Pipeline->Illuminate\\Pipeline\\{closure}(Object(Illuminate\\Http\\Request))
#33 D:\\laragon\\www\\mirrormefashion\\vendor\\laravel\\framework\\src\\Illuminate\\Pipeline\\Pipeline.php(183): Illuminate\\Cookie\\Middleware\\AddQueuedCookiesToResponse->handle(Object(Illuminate\\Http\\Request), Object(Closure))
#34 D:\\laragon\\www\\mirrormefashion\\vendor\\laravel\\framework\\src\\Illuminate\\Cookie\\Middleware\\EncryptCookies.php(67): Illuminate\\Pipeline\\Pipeline->Illuminate\\Pipeline\\{closure}(Object(Illuminate\\Http\\Request))
#35 D:\\laragon\\www\\mirrormefashion\\vendor\\laravel\\framework\\src\\Illuminate\\Pipeline\\Pipeline.php(183): Illuminate\\Cookie\\Middleware\\EncryptCookies->handle(Object(Illuminate\\Http\\Request), Object(Closure))
#36 D:\\laragon\\www\\mirrormefashion\\vendor\\laravel\\sanctum\\src\\Http\\Middleware\\EnsureFrontendRequestsAreStateful.php(61): Illuminate\\Pipeline\\Pipeline->Illuminate\\Pipeline\\{closure}(Object(Illuminate\\Http\\Request))
#37 D:\\laragon\\www\\mirrormefashion\\vendor\\laravel\\framework\\src\\Illuminate\\Pipeline\\Pipeline.php(165): Laravel\\Sanctum\\Http\\Middleware\\EnsureFrontendRequestsAreStateful->Laravel\\Sanctum\\Http\\Middleware\\{closure}(Object(Illuminate\\Http\\Request), Object(Closure))
#38 D:\\laragon\\www\\mirrormefashion\\vendor\\laravel\\framework\\src\\Illuminate\\Pipeline\\Pipeline.php(119): Illuminate\\Pipeline\\Pipeline->Illuminate\\Pipeline\\{closure}(Object(Illuminate\\Http\\Request))
#39 D:\\laragon\\www\\mirrormefashion\\vendor\\laravel\\sanctum\\src\\Http\\Middleware\\EnsureFrontendRequestsAreStateful.php(24): Illuminate\\Pipeline\\Pipeline->then(Object(Closure))
#40 D:\\laragon\\www\\mirrormefashion\\vendor\\laravel\\framework\\src\\Illuminate\\Pipeline\\Pipeline.php(183): Laravel\\Sanctum\\Http\\Middleware\\EnsureFrontendRequestsAreStateful->handle(Object(Illuminate\\Http\\Request), Object(Closure))
#41 D:\\laragon\\www\\mirrormefashion\\app\\Http\\Middleware\\CorsMiddleware.php(32): Illuminate\\Pipeline\\Pipeline->Illuminate\\Pipeline\\{closure}(Object(Illuminate\\Http\\Request))
#42 D:\\laragon\\www\\mirrormefashion\\vendor\\laravel\\framework\\src\\Illuminate\\Pipeline\\Pipeline.php(183): App\\Http\\Middleware\\CorsMiddleware->handle(Object(Illuminate\\Http\\Request), Object(Closure))
#43 D:\\laragon\\www\\mirrormefashion\\vendor\\laravel\\framework\\src\\Illuminate\\Pipeline\\Pipeline.php(119): Illuminate\\Pipeline\\Pipeline->Illuminate\\Pipeline\\{closure}(Object(Illuminate\\Http\\Request))
#44 D:\\laragon\\www\\mirrormefashion\\vendor\\laravel\\framework\\src\\Illuminate\\Routing\\Router.php(805): Illuminate\\Pipeline\\Pipeline->then(Object(Closure))
#45 D:\\laragon\\www\\mirrormefashion\\vendor\\laravel\\framework\\src\\Illuminate\\Routing\\Router.php(784): Illuminate\\Routing\\Router->runRouteWithinStack(Object(Illuminate\\Routing\\Route), Object(Illuminate\\Http\\Request))
#46 D:\\laragon\\www\\mirrormefashion\\vendor\\laravel\\framework\\src\\Illuminate\\Routing\\Router.php(748): Illuminate\\Routing\\Router->runRoute(Object(Illuminate\\Http\\Request), Object(Illuminate\\Routing\\Route))
#47 D:\\laragon\\www\\mirrormefashion\\vendor\\laravel\\framework\\src\\Illuminate\\Routing\\Router.php(737): Illuminate\\Routing\\Router->dispatchToRoute(Object(Illuminate\\Http\\Request))
#48 D:\\laragon\\www\\mirrormefashion\\vendor\\laravel\\framework\\src\\Illuminate\\Foundation\\Http\\Kernel.php(200): Illuminate\\Routing\\Router->dispatch(Object(Illuminate\\Http\\Request))
#49 D:\\laragon\\www\\mirrormefashion\\vendor\\laravel\\framework\\src\\Illuminate\\Pipeline\\Pipeline.php(144): Illuminate\\Foundation\\Http\\Kernel->Illuminate\\Foundation\\Http\\{closure}(Object(Illuminate\\Http\\Request))
#50 D:\\laragon\\www\\mirrormefashion\\vendor\\barryvdh\\laravel-debugbar\\src\\Middleware\\InjectDebugbar.php(66): Illuminate\\Pipeline\\Pipeline->Illuminate\\Pipeline\\{closure}(Object(Illuminate\\Http\\Request))
#51 D:\\laragon\\www\\mirrormefashion\\vendor\\laravel\\framework\\src\\Illuminate\\Pipeline\\Pipeline.php(183): Barryvdh\\Debugbar\\Middleware\\InjectDebugbar->handle(Object(Illuminate\\Http\\Request), Object(Closure))
#52 D:\\laragon\\www\\mirrormefashion\\vendor\\laravel\\framework\\src\\Illuminate\\View\\Middleware\\ShareErrorsFromSession.php(49): Illuminate\\Pipeline\\Pipeline->Illuminate\\Pipeline\\{closure}(Object(Illuminate\\Http\\Request))
#53 D:\\laragon\\www\\mirrormefashion\\vendor\\laravel\\framework\\src\\Illuminate\\Pipeline\\Pipeline.php(183): Illuminate\\View\\Middleware\\ShareErrorsFromSession->handle(Object(Illuminate\\Http\\Request), Object(Closure))
#54 D:\\laragon\\www\\mirrormefashion\\vendor\\laravel\\framework\\src\\Illuminate\\Session\\Middleware\\StartSession.php(121): Illuminate\\Pipeline\\Pipeline->Illuminate\\Pipeline\\{closure}(Object(Illuminate\\Http\\Request))
#55 D:\\laragon\\www\\mirrormefashion\\vendor\\laravel\\framework\\src\\Illuminate\\Session\\Middleware\\StartSession.php(64): Illuminate\\Session\\Middleware\\StartSession->handleStatefulRequest(Object(Illuminate\\Http\\Request), Object(Illuminate\\Session\\Store), Object(Closure))
#56 D:\\laragon\\www\\mirrormefashion\\vendor\\laravel\\framework\\src\\Illuminate\\Pipeline\\Pipeline.php(183): Illuminate\\Session\\Middleware\\StartSession->handle(Object(Illuminate\\Http\\Request), Object(Closure))
#57 D:\\laragon\\www\\mirrormefashion\\vendor\\laravel\\framework\\src\\Illuminate\\Http\\Middleware\\TrustProxies.php(39): Illuminate\\Pipeline\\Pipeline->Illuminate\\Pipeline\\{closure}(Object(Illuminate\\Http\\Request))
#58 D:\\laragon\\www\\mirrormefashion\\vendor\\laravel\\framework\\src\\Illuminate\\Pipeline\\Pipeline.php(183): Illuminate\\Http\\Middleware\\TrustProxies->handle(Object(Illuminate\\Http\\Request), Object(Closure))
#59 D:\\laragon\\www\\mirrormefashion\\vendor\\laravel\\framework\\src\\Illuminate\\Foundation\\Http\\Middleware\\TransformsRequest.php(21): Illuminate\\Pipeline\\Pipeline->Illuminate\\Pipeline\\{closure}(Object(Illuminate\\Http\\Request))
#60 D:\\laragon\\www\\mirrormefashion\\vendor\\laravel\\framework\\src\\Illuminate\\Foundation\\Http\\Middleware\\ConvertEmptyStringsToNull.php(31): Illuminate\\Foundation\\Http\\Middleware\\TransformsRequest->handle(Object(Illuminate\\Http\\Request), Object(Closure))
#61 D:\\laragon\\www\\mirrormefashion\\vendor\\laravel\\framework\\src\\Illuminate\\Pipeline\\Pipeline.php(183): Illuminate\\Foundation\\Http\\Middleware\\ConvertEmptyStringsToNull->handle(Object(Illuminate\\Http\\Request), Object(Closure))
#62 D:\\laragon\\www\\mirrormefashion\\vendor\\laravel\\framework\\src\\Illuminate\\Foundation\\Http\\Middleware\\TransformsRequest.php(21): Illuminate\\Pipeline\\Pipeline->Illuminate\\Pipeline\\{closure}(Object(Illuminate\\Http\\Request))
#63 D:\\laragon\\www\\mirrormefashion\\vendor\\laravel\\framework\\src\\Illuminate\\Foundation\\Http\\Middleware\\TrimStrings.php(40): Illuminate\\Foundation\\Http\\Middleware\\TransformsRequest->handle(Object(Illuminate\\Http\\Request), Object(Closure))
#64 D:\\laragon\\www\\mirrormefashion\\vendor\\laravel\\framework\\src\\Illuminate\\Pipeline\\Pipeline.php(183): Illuminate\\Foundation\\Http\\Middleware\\TrimStrings->handle(Object(Illuminate\\Http\\Request), Object(Closure))
#65 D:\\laragon\\www\\mirrormefashion\\vendor\\laravel\\framework\\src\\Illuminate\\Foundation\\Http\\Middleware\\ValidatePostSize.php(27): Illuminate\\Pipeline\\Pipeline->Illuminate\\Pipeline\\{closure}(Object(Illuminate\\Http\\Request))
#66 D:\\laragon\\www\\mirrormefashion\\vendor\\laravel\\framework\\src\\Illuminate\\Pipeline\\Pipeline.php(183): Illuminate\\Foundation\\Http\\Middleware\\ValidatePostSize->handle(Object(Illuminate\\Http\\Request), Object(Closure))
#67 D:\\laragon\\www\\mirrormefashion\\vendor\\laravel\\framework\\src\\Illuminate\\Pipeline\\Pipeline.php(119): Illuminate\\Pipeline\\Pipeline->Illuminate\\Pipeline\\{closure}(Object(Illuminate\\Http\\Request))
#68 D:\\laragon\\www\\mirrormefashion\\vendor\\laravel\\framework\\src\\Illuminate\\Foundation\\Http\\Kernel.php(175): Illuminate\\Pipeline\\Pipeline->then(Object(Closure))
#69 D:\\laragon\\www\\mirrormefashion\\vendor\\laravel\\framework\\src\\Illuminate\\Foundation\\Http\\Kernel.php(144): Illuminate\\Foundation\\Http\\Kernel->sendRequestThroughRouter(Object(Illuminate\\Http\\Request))
#70 D:\\laragon\\www\\mirrormefashion\\index.php(56): Illuminate\\Foundation\\Http\\Kernel->handle(Object(Illuminate\\Http\\Request))
#71 {main}"} 
[2026-04-12 06:57:18] local.INFO: ParseBearerToken middleware invoked {"path":"/api/v2/analytics/creator","method":"GET","has_auth_header":true,"auth_header_preview":"Bearer 160|kJdpaDrHOZ9nSgkeOYj...","is_bearer":true} 
[2026-04-12 06:57:18] local.INFO: Extracted bearer token {"token_preview":"160|kJdpaD...","token_length":52} 
[2026-04-12 06:57:18] local.INFO: Found personal access token {"token_id":160,"user_id":68,"revoked":null} 
[2026-04-12 06:57:18] local.INFO: User authenticated via bearer token {"user_id":68,"user_email":"freelancerzahedcreator@gmail.com"} 
[2026-04-12 06:57:18] local.ERROR: Analytics error {"error":"Array to string conversion","trace":"#0 D:\\laragon\\www\\mirrormefashion\\vendor\\laravel\\framework\\src\\Illuminate\\Foundation\\Bootstrap\\HandleExceptions.php(255): Illuminate\\Foundation\\Bootstrap\\HandleExceptions->handleError(2, 'Array to string...', 'D:\\\\laragon\\\\www\\\\...', 171)
#1 D:\\laragon\\www\\mirrormefashion\\app\\Http\\Controllers\\Api\\V2\\AnalyticsController.php(171): Illuminate\\Foundation\\Bootstrap\\HandleExceptions->Illuminate\\Foundation\\Bootstrap\\{closure}(2, 'Array to string...', 'D:\\\\laragon\\\\www\\\\...', 171)
#2 D:\\laragon\\www\\mirrormefashion\\app\\Http\\Controllers\\Api\\V2\\AnalyticsController.php(67): App\\Http\\Controllers\\Api\\V2\\AnalyticsController->calculateSizingBreakdown(Object(Illuminate\\Database\\Eloquent\\Collection))
#3 D:\\laragon\\www\\mirrormefashion\\vendor\\laravel\\framework\\src\\Illuminate\\Routing\\Controller.php(54): App\\Http\\Controllers\\Api\\V2\\AnalyticsController->getCreatorAnalytics(Object(Illuminate\\Http\\Request))
#4 D:\\laragon\\www\\mirrormefashion\\vendor\\laravel\\framework\\src\\Illuminate\\Routing\\ControllerDispatcher.php(43): Illuminate\\Routing\\Controller->callAction('getCreatorAnaly...', Array)
#5 D:\\laragon\\www\\mirrormefashion\\vendor\\laravel\\framework\\src\\Illuminate\\Routing\\Route.php(259): Illuminate\\Routing\\ControllerDispatcher->dispatch(Object(Illuminate\\Routing\\Route), Object(App\\Http\\Controllers\\Api\\V2\\AnalyticsController), 'getCreatorAnaly...')
#6 D:\\laragon\\www\\mirrormefashion\\vendor\\laravel\\framework\\src\\Illuminate\\Routing\\Route.php(205): Illuminate\\Routing\\Route->runController()
#7 D:\\laragon\\www\\mirrormefashion\\vendor\\laravel\\framework\\src\\Illuminate\\Routing\\Router.php(806): Illuminate\\Routing\\Route->run()
#8 D:\\laragon\\www\\mirrormefashion\\vendor\\laravel\\framework\\src\\Illuminate\\Pipeline\\Pipeline.php(144): Illuminate\\Routing\\Router->Illuminate\\Routing\\{closure}(Object(Illuminate\\Http\\Request))
#9 D:\\laragon\\www\\mirrormefashion\\app\\Http\\Middleware\\ParseBearerToken.php(98): Illuminate\\Pipeline\\Pipeline->Illuminate\\Pipeline\\{closure}(Object(Illuminate\\Http\\Request))
#10 D:\\laragon\\www\\mirrormefashion\\vendor\\laravel\\framework\\src\\Illuminate\\Pipeline\\Pipeline.php(183): App\\Http\\Middleware\\ParseBearerToken->handle(Object(Illuminate\\Http\\Request), Object(Closure))
#11 D:\\laragon\\www\\mirrormefashion\\app\\Http\\Middleware\\AppLanguage.php(35): Illuminate\\Pipeline\\Pipeline->Illuminate\\Pipeline\\{closure}(Object(Illuminate\\Http\\Request))
#12 D:\\laragon\\www\\mirrormefashion\\vendor\\laravel\\framework\\src\\Illuminate\\Pipeline\\Pipeline.php(183): App\\Http\\Middleware\\AppLanguage->handle(Object(Illuminate\\Http\\Request), Object(Closure))
#13 D:\\laragon\\www\\mirrormefashion\\app\\Http\\Middleware\\ApiJsonResponse.php(22): Illuminate\\Pipeline\\Pipeline->Illuminate\\Pipeline\\{closure}(Object(Illuminate\\Http\\Request))
#14 D:\\laragon\\www\\mirrormefashion\\vendor\\laravel\\framework\\src\\Illuminate\\Pipeline\\Pipeline.php(183): App\\Http\\Middleware\\ApiJsonResponse->handle(Object(Illuminate\\Http\\Request), Object(Closure))
#15 D:\\laragon\\www\\mirrormefashion\\app\\Http\\Middleware\\CheckForMaintenanceMode.php(64): Illuminate\\Pipeline\\Pipeline->Illuminate\\Pipeline\\{closure}(Object(Illuminate\\Http\\Request))
#16 D:\\laragon\\www\\mirrormefashion\\vendor\\laravel\\framework\\src\\Illuminate\\Pipeline\\Pipeline.php(183): App\\Http\\Middleware\\CheckForMaintenanceMode->handle(Object(Illuminate\\Http\\Request), Object(Closure))
#17 D:\\laragon\\www\\mirrormefashion\\vendor\\laravel\\framework\\src\\Illuminate\\Routing\\Middleware\\SubstituteBindings.php(50): Illuminate\\Pipeline\\Pipeline->Illuminate\\Pipeline\\{closure}(Object(Illuminate\\Http\\Request))
#18 D:\\laragon\\www\\mirrormefashion\\vendor\\laravel\\framework\\src\\Illuminate\\Pipeline\\Pipeline.php(183): Illuminate\\Routing\\Middleware\\SubstituteBindings->handle(Object(Illuminate\\Http\\Request), Object(Closure))
#19 D:\\laragon\\www\\mirrormefashion\\vendor\\laravel\\framework\\src\\Illuminate\\Auth\\Middleware\\Authenticate.php(57): Illuminate\\Pipeline\\Pipeline->Illuminate\\Pipeline\\{closure}(Object(Illuminate\\Http\\Request))
#20 D:\\laragon\\www\\mirrormefashion\\vendor\\laravel\\framework\\src\\Illuminate\\Pipeline\\Pipeline.php(183): Illuminate\\Auth\\Middleware\\Authenticate->handle(Object(Illuminate\\Http\\Request), Object(Closure), 'sanctum')
#21 D:\\laragon\\www\\mirrormefashion\\vendor\\laravel\\framework\\src\\Illuminate\\Routing\\Middleware\\ThrottleRequests.php(159): Illuminate\\Pipeline\\Pipeline->Illuminate\\Pipeline\\{closure}(Object(Illuminate\\Http\\Request))
#22 D:\\laragon\\www\\mirrormefashion\\vendor\\laravel\\framework\\src\\Illuminate\\Routing\\Middleware\\ThrottleRequests.php(125): Illuminate\\Routing\\Middleware\\ThrottleRequests->handleRequest(Object(Illuminate\\Http\\Request), Object(Closure), Array)
#23 D:\\laragon\\www\\mirrormefashion\\vendor\\laravel\\framework\\src\\Illuminate\\Routing\\Middleware\\ThrottleRequests.php(87): Illuminate\\Routing\\Middleware\\ThrottleRequests->handleRequestUsingNamedLimiter(Object(Illuminate\\Http\\Request), Object(Closure), 'api', Object(Closure))
#24 D:\\laragon\\www\\mirrormefashion\\vendor\\laravel\\framework\\src\\Illuminate\\Pipeline\\Pipeline.php(183): Illuminate\\Routing\\Middleware\\ThrottleRequests->handle(Object(Illuminate\\Http\\Request), Object(Closure), 'api')
#25 D:\\laragon\\www\\mirrormefashion\\vendor\\laravel\\sanctum\\src\\Http\\Middleware\\EnsureFrontendRequestsAreStateful.php(25): Illuminate\\Pipeline\\Pipeline->Illuminate\\Pipeline\\{closure}(Object(Illuminate\\Http\\Request))
#26 D:\\laragon\\www\\mirrormefashion\\vendor\\laravel\\framework\\src\\Illuminate\\Pipeline\\Pipeline.php(144): Laravel\\Sanctum\\Http\\Middleware\\EnsureFrontendRequestsAreStateful->Laravel\\Sanctum\\Http\\Middleware\\{closure}(Object(Illuminate\\Http\\Request))
#27 D:\\laragon\\www\\mirrormefashion\\vendor\\laravel\\framework\\src\\Illuminate\\Foundation\\Http\\Middleware\\VerifyCsrfToken.php(78): Illuminate\\Pipeline\\Pipeline->Illuminate\\Pipeline\\{closure}(Object(Illuminate\\Http\\Request))
#28 D:\\laragon\\www\\mirrormefashion\\vendor\\laravel\\framework\\src\\Illuminate\\Pipeline\\Pipeline.php(183): Illuminate\\Foundation\\Http\\Middleware\\VerifyCsrfToken->handle(Object(Illuminate\\Http\\Request), Object(Closure))
#29 D:\\laragon\\www\\mirrormefashion\\vendor\\laravel\\framework\\src\\Illuminate\\Session\\Middleware\\StartSession.php(121): Illuminate\\Pipeline\\Pipeline->Illuminate\\Pipeline\\{closure}(Object(Illuminate\\Http\\Request))
#30 D:\\laragon\\www\\mirrormefashion\\vendor\\laravel\\framework\\src\\Illuminate\\Session\\Middleware\\StartSession.php(64): Illuminate\\Session\\Middleware\\StartSession->handleStatefulRequest(Object(Illuminate\\Http\\Request), Object(Illuminate\\Session\\Store), Object(Closure))
#31 D:\\laragon\\www\\mirrormefashion\\vendor\\laravel\\framework\\src\\Illuminate\\Pipeline\\Pipeline.php(183): Illuminate\\Session\\Middleware\\StartSession->handle(Object(Illuminate\\Http\\Request), Object(Closure))
#32 D:\\laragon\\www\\mirrormefashion\\vendor\\laravel\\framework\\src\\Illuminate\\Cookie\\Middleware\\AddQueuedCookiesToResponse.php(37): Illuminate\\Pipeline\\Pipeline->Illuminate\\Pipeline\\{closure}(Object(Illuminate\\Http\\Request))
#33 D:\\laragon\\www\\mirrormefashion\\vendor\\laravel\\framework\\src\\Illuminate\\Pipeline\\Pipeline.php(183): Illuminate\\Cookie\\Middleware\\AddQueuedCookiesToResponse->handle(Object(Illuminate\\Http\\Request), Object(Closure))
#34 D:\\laragon\\www\\mirrormefashion\\vendor\\laravel\\framework\\src\\Illuminate\\Cookie\\Middleware\\EncryptCookies.php(67): Illuminate\\Pipeline\\Pipeline->Illuminate\\Pipeline\\{closure}(Object(Illuminate\\Http\\Request))
#35 D:\\laragon\\www\\mirrormefashion\\vendor\\laravel\\framework\\src\\Illuminate\\Pipeline\\Pipeline.php(183): Illuminate\\Cookie\\Middleware\\EncryptCookies->handle(Object(Illuminate\\Http\\Request), Object(Closure))
#36 D:\\laragon\\www\\mirrormefashion\\vendor\\laravel\\sanctum\\src\\Http\\Middleware\\EnsureFrontendRequestsAreStateful.php(61): Illuminate\\Pipeline\\Pipeline->Illuminate\\Pipeline\\{closure}(Object(Illuminate\\Http\\Request))
#37 D:\\laragon\\www\\mirrormefashion\\vendor\\laravel\\framework\\src\\Illuminate\\Pipeline\\Pipeline.php(165): Laravel\\Sanctum\\Http\\Middleware\\EnsureFrontendRequestsAreStateful->Laravel\\Sanctum\\Http\\Middleware\\{closure}(Object(Illuminate\\Http\\Request), Object(Closure))
#38 D:\\laragon\\www\\mirrormefashion\\vendor\\laravel\\framework\\src\\Illuminate\\Pipeline\\Pipeline.php(119): Illuminate\\Pipeline\\Pipeline->Illuminate\\Pipeline\\{closure}(Object(Illuminate\\Http\\Request))
#39 D:\\laragon\\www\\mirrormefashion\\vendor\\laravel\\sanctum\\src\\Http\\Middleware\\EnsureFrontendRequestsAreStateful.php(24): Illuminate\\Pipeline\\Pipeline->then(Object(Closure))
#40 D:\\laragon\\www\\mirrormefashion\\vendor\\laravel\\framework\\src\\Illuminate\\Pipeline\\Pipeline.php(183): Laravel\\Sanctum\\Http\\Middleware\\EnsureFrontendRequestsAreStateful->handle(Object(Illuminate\\Http\\Request), Object(Closure))
#41 D:\\laragon\\www\\mirrormefashion\\app\\Http\\Middleware\\CorsMiddleware.php(32): Illuminate\\Pipeline\\Pipeline->Illuminate\\Pipeline\\{closure}(Object(Illuminate\\Http\\Request))
#42 D:\\laragon\\www\\mirrormefashion\\vendor\\laravel\\framework\\src\\Illuminate\\Pipeline\\Pipeline.php(183): App\\Http\\Middleware\\CorsMiddleware->handle(Object(Illuminate\\Http\\Request), Object(Closure))
#43 D:\\laragon\\www\\mirrormefashion\\vendor\\laravel\\framework\\src\\Illuminate\\Pipeline\\Pipeline.php(119): Illuminate\\Pipeline\\Pipeline->Illuminate\\Pipeline\\{closure}(Object(Illuminate\\Http\\Request))
#44 D:\\laragon\\www\\mirrormefashion\\vendor\\laravel\\framework\\src\\Illuminate\\Routing\\Router.php(805): Illuminate\\Pipeline\\Pipeline->then(Object(Closure))
#45 D:\\laragon\\www\\mirrormefashion\\vendor\\laravel\\framework\\src\\Illuminate\\Routing\\Router.php(784): Illuminate\\Routing\\Router->runRouteWithinStack(Object(Illuminate\\Routing\\Route), Object(Illuminate\\Http\\Request))
#46 D:\\laragon\\www\\mirrormefashion\\vendor\\laravel\\framework\\src\\Illuminate\\Routing\\Router.php(748): Illuminate\\Routing\\Router->runRoute(Object(Illuminate\\Http\\Request), Object(Illuminate\\Routing\\Route))
#47 D:\\laragon\\www\\mirrormefashion\\vendor\\laravel\\framework\\src\\Illuminate\\Routing\\Router.php(737): Illuminate\\Routing\\Router->dispatchToRoute(Object(Illuminate\\Http\\Request))
#48 D:\\laragon\\www\\mirrormefashion\\vendor\\laravel\\framework\\src\\Illuminate\\Foundation\\Http\\Kernel.php(200): Illuminate\\Routing\\Router->dispatch(Object(Illuminate\\Http\\Request))
#49 D:\\laragon\\www\\mirrormefashion\\vendor\\laravel\\framework\\src\\Illuminate\\Pipeline\\Pipeline.php(144): Illuminate\\Foundation\\Http\\Kernel->Illuminate\\Foundation\\Http\\{closure}(Object(Illuminate\\Http\\Request))
#50 D:\\laragon\\www\\mirrormefashion\\vendor\\barryvdh\\laravel-debugbar\\src\\Middleware\\InjectDebugbar.php(66): Illuminate\\Pipeline\\Pipeline->Illuminate\\Pipeline\\{closure}(Object(Illuminate\\Http\\Request))
#51 D:\\laragon\\www\\mirrormefashion\\vendor\\laravel\\framework\\src\\Illuminate\\Pipeline\\Pipeline.php(183): Barryvdh\\Debugbar\\Middleware\\InjectDebugbar->handle(Object(Illuminate\\Http\\Request), Object(Closure))
#52 D:\\laragon\\www\\mirrormefashion\\vendor\\laravel\\framework\\src\\Illuminate\\View\\Middleware\\ShareErrorsFromSession.php(49): Illuminate\\Pipeline\\Pipeline->Illuminate\\Pipeline\\{closure}(Object(Illuminate\\Http\\Request))
#53 D:\\laragon\\www\\mirrormefashion\\vendor\\laravel\\framework\\src\\Illuminate\\Pipeline\\Pipeline.php(183): Illuminate\\View\\Middleware\\ShareErrorsFromSession->handle(Object(Illuminate\\Http\\Request), Object(Closure))
#54 D:\\laragon\\www\\mirrormefashion\\vendor\\laravel\\framework\\src\\Illuminate\\Session\\Middleware\\StartSession.php(121): Illuminate\\Pipeline\\Pipeline->Illuminate\\Pipeline\\{closure}(Object(Illuminate\\Http\\Request))
#55 D:\\laragon\\www\\mirrormefashion\\vendor\\laravel\\framework\\src\\Illuminate\\Session\\Middleware\\StartSession.php(64): Illuminate\\Session\\Middleware\\StartSession->handleStatefulRequest(Object(Illuminate\\Http\\Request), Object(Illuminate\\Session\\Store), Object(Closure))
#56 D:\\laragon\\www\\mirrormefashion\\vendor\\laravel\\framework\\src\\Illuminate\\Pipeline\\Pipeline.php(183): Illuminate\\Session\\Middleware\\StartSession->handle(Object(Illuminate\\Http\\Request), Object(Closure))
#57 D:\\laragon\\www\\mirrormefashion\\vendor\\laravel\\framework\\src\\Illuminate\\Http\\Middleware\\TrustProxies.php(39): Illuminate\\Pipeline\\Pipeline->Illuminate\\Pipeline\\{closure}(Object(Illuminate\\Http\\Request))
#58 D:\\laragon\\www\\mirrormefashion\\vendor\\laravel\\framework\\src\\Illuminate\\Pipeline\\Pipeline.php(183): Illuminate\\Http\\Middleware\\TrustProxies->handle(Object(Illuminate\\Http\\Request), Object(Closure))
#59 D:\\laragon\\www\\mirrormefashion\\vendor\\laravel\\framework\\src\\Illuminate\\Foundation\\Http\\Middleware\\TransformsRequest.php(21): Illuminate\\Pipeline\\Pipeline->Illuminate\\Pipeline\\{closure}(Object(Illuminate\\Http\\Request))
#60 D:\\laragon\\www\\mirrormefashion\\vendor\\laravel\\framework\\src\\Illuminate\\Foundation\\Http\\Middleware\\ConvertEmptyStringsToNull.php(31): Illuminate\\Foundation\\Http\\Middleware\\TransformsRequest->handle(Object(Illuminate\\Http\\Request), Object(Closure))
#61 D:\\laragon\\www\\mirrormefashion\\vendor\\laravel\\framework\\src\\Illuminate\\Pipeline\\Pipeline.php(183): Illuminate\\Foundation\\Http\\Middleware\\ConvertEmptyStringsToNull->handle(Object(Illuminate\\Http\\Request), Object(Closure))
#62 D:\\laragon\\www\\mirrormefashion\\vendor\\laravel\\framework\\src\\Illuminate\\Foundation\\Http\\Middleware\\TransformsRequest.php(21): Illuminate\\Pipeline\\Pipeline->Illuminate\\Pipeline\\{closure}(Object(Illuminate\\Http\\Request))
#63 D:\\laragon\\www\\mirrormefashion\\vendor\\laravel\\framework\\src\\Illuminate\\Foundation\\Http\\Middleware\\TrimStrings.php(40): Illuminate\\Foundation\\Http\\Middleware\\TransformsRequest->handle(Object(Illuminate\\Http\\Request), Object(Closure))
#64 D:\\laragon\\www\\mirrormefashion\\vendor\\laravel\\framework\\src\\Illuminate\\Pipeline\\Pipeline.php(183): Illuminate\\Foundation\\Http\\Middleware\\TrimStrings->handle(Object(Illuminate\\Http\\Request), Object(Closure))
#65 D:\\laragon\\www\\mirrormefashion\\vendor\\laravel\\framework\\src\\Illuminate\\Foundation\\Http\\Middleware\\ValidatePostSize.php(27): Illuminate\\Pipeline\\Pipeline->Illuminate\\Pipeline\\{closure}(Object(Illuminate\\Http\\Request))
#66 D:\\laragon\\www\\mirrormefashion\\vendor\\laravel\\framework\\src\\Illuminate\\Pipeline\\Pipeline.php(183): Illuminate\\Foundation\\Http\\Middleware\\ValidatePostSize->handle(Object(Illuminate\\Http\\Request), Object(Closure))
#67 D:\\laragon\\www\\mirrormefashion\\vendor\\laravel\\framework\\src\\Illuminate\\Pipeline\\Pipeline.php(119): Illuminate\\Pipeline\\Pipeline->Illuminate\\Pipeline\\{closure}(Object(Illuminate\\Http\\Request))
#68 D:\\laragon\\www\\mirrormefashion\\vendor\\laravel\\framework\\src\\Illuminate\\Foundation\\Http\\Kernel.php(175): Illuminate\\Pipeline\\Pipeline->then(Object(Closure))
#69 D:\\laragon\\www\\mirrormefashion\\vendor\\laravel\\framework\\src\\Illuminate\\Foundation\\Http\\Kernel.php(144): Illuminate\\Foundation\\Http\\Kernel->sendRequestThroughRouter(Object(Illuminate\\Http\\Request))
#70 D:\\laragon\\www\\mirrormefashion\\index.php(56): Illuminate\\Foundation\\Http\\Kernel->handle(Object(Illuminate\\Http\\Request))
#71 {main}"} 
[2026-04-12 07:03:05] local.INFO: ParseBearerToken middleware invoked {"path":"/api/v2/analytics/creator","method":"GET","has_auth_header":true,"auth_header_preview":"Bearer 160|kJdpaDrHOZ9nSgkeOYj...","is_bearer":true} 
[2026-04-12 07:03:05] local.INFO: Extracted bearer token {"token_preview":"160|kJdpaD...","token_length":52} 
[2026-04-12 07:03:05] local.INFO: Found personal access token {"token_id":160,"user_id":68,"revoked":null} 
[2026-04-12 07:03:05] local.INFO: User authenticated via bearer token {"user_id":68,"user_email":"freelancerzahedcreator@gmail.com"} 
[2026-04-12 07:03:05] local.ERROR: Analytics error {"error":"Array to string conversion","trace":"#0 D:\\laragon\\www\\mirrormefashion\\vendor\\laravel\\framework\\src\\Illuminate\\Foundation\\Bootstrap\\HandleExceptions.php(255): Illuminate\\Foundation\\Bootstrap\\HandleExceptions->handleError(2, 'Array to string...', 'D:\\\\laragon\\\\www\\\\...', 171)
#1 D:\\laragon\\www\\mirrormefashion\\app\\Http\\Controllers\\Api\\V2\\AnalyticsController.php(171): Illuminate\\Foundation\\Bootstrap\\HandleExceptions->Illuminate\\Foundation\\Bootstrap\\{closure}(2, 'Array to string...', 'D:\\\\laragon\\\\www\\\\...', 171)
#2 D:\\laragon\\www\\mirrormefashion\\app\\Http\\Controllers\\Api\\V2\\AnalyticsController.php(67): App\\Http\\Controllers\\Api\\V2\\AnalyticsController->calculateSizingBreakdown(Object(Illuminate\\Database\\Eloquent\\Collection))
#3 D:\\laragon\\www\\mirrormefashion\\vendor\\laravel\\framework\\src\\Illuminate\\Routing\\Controller.php(54): App\\Http\\Controllers\\Api\\V2\\AnalyticsController->getCreatorAnalytics(Object(Illuminate\\Http\\Request))
#4 D:\\laragon\\www\\mirrormefashion\\vendor\\laravel\\framework\\src\\Illuminate\\Routing\\ControllerDispatcher.php(43): Illuminate\\Routing\\Controller->callAction('getCreatorAnaly...', Array)
#5 D:\\laragon\\www\\mirrormefashion\\vendor\\laravel\\framework\\src\\Illuminate\\Routing\\Route.php(259): Illuminate\\Routing\\ControllerDispatcher->dispatch(Object(Illuminate\\Routing\\Route), Object(App\\Http\\Controllers\\Api\\V2\\AnalyticsController), 'getCreatorAnaly...')
#6 D:\\laragon\\www\\mirrormefashion\\vendor\\laravel\\framework\\src\\Illuminate\\Routing\\Route.php(205): Illuminate\\Routing\\Route->runController()
#7 D:\\laragon\\www\\mirrormefashion\\vendor\\laravel\\framework\\src\\Illuminate\\Routing\\Router.php(806): Illuminate\\Routing\\Route->run()
#8 D:\\laragon\\www\\mirrormefashion\\vendor\\laravel\\framework\\src\\Illuminate\\Pipeline\\Pipeline.php(144): Illuminate\\Routing\\Router->Illuminate\\Routing\\{closure}(Object(Illuminate\\Http\\Request))
#9 D:\\laragon\\www\\mirrormefashion\\app\\Http\\Middleware\\ParseBearerToken.php(98): Illuminate\\Pipeline\\Pipeline->Illuminate\\Pipeline\\{closure}(Object(Illuminate\\Http\\Request))
#10 D:\\laragon\\www\\mirrormefashion\\vendor\\laravel\\framework\\src\\Illuminate\\Pipeline\\Pipeline.php(183): App\\Http\\Middleware\\ParseBearerToken->handle(Object(Illuminate\\Http\\Request), Object(Closure))
#11 D:\\laragon\\www\\mirrormefashion\\app\\Http\\Middleware\\AppLanguage.php(35): Illuminate\\Pipeline\\Pipeline->Illuminate\\Pipeline\\{closure}(Object(Illuminate\\Http\\Request))
#12 D:\\laragon\\www\\mirrormefashion\\vendor\\laravel\\framework\\src\\Illuminate\\Pipeline\\Pipeline.php(183): App\\Http\\Middleware\\AppLanguage->handle(Object(Illuminate\\Http\\Request), Object(Closure))
#13 D:\\laragon\\www\\mirrormefashion\\app\\Http\\Middleware\\ApiJsonResponse.php(22): Illuminate\\Pipeline\\Pipeline->Illuminate\\Pipeline\\{closure}(Object(Illuminate\\Http\\Request))
#14 D:\\laragon\\www\\mirrormefashion\\vendor\\laravel\\framework\\src\\Illuminate\\Pipeline\\Pipeline.php(183): App\\Http\\Middleware\\ApiJsonResponse->handle(Object(Illuminate\\Http\\Request), Object(Closure))
#15 D:\\laragon\\www\\mirrormefashion\\app\\Http\\Middleware\\CheckForMaintenanceMode.php(64): Illuminate\\Pipeline\\Pipeline->Illuminate\\Pipeline\\{closure}(Object(Illuminate\\Http\\Request))
#16 D:\\laragon\\www\\mirrormefashion\\vendor\\laravel\\framework\\src\\Illuminate\\Pipeline\\Pipeline.php(183): App\\Http\\Middleware\\CheckForMaintenanceMode->handle(Object(Illuminate\\Http\\Request), Object(Closure))
#17 D:\\laragon\\www\\mirrormefashion\\vendor\\laravel\\framework\\src\\Illuminate\\Routing\\Middleware\\SubstituteBindings.php(50): Illuminate\\Pipeline\\Pipeline->Illuminate\\Pipeline\\{closure}(Object(Illuminate\\Http\\Request))
#18 D:\\laragon\\www\\mirrormefashion\\vendor\\laravel\\framework\\src\\Illuminate\\Pipeline\\Pipeline.php(183): Illuminate\\Routing\\Middleware\\SubstituteBindings->handle(Object(Illuminate\\Http\\Request), Object(Closure))
#19 D:\\laragon\\www\\mirrormefashion\\vendor\\laravel\\framework\\src\\Illuminate\\Auth\\Middleware\\Authenticate.php(57): Illuminate\\Pipeline\\Pipeline->Illuminate\\Pipeline\\{closure}(Object(Illuminate\\Http\\Request))
#20 D:\\laragon\\www\\mirrormefashion\\vendor\\laravel\\framework\\src\\Illuminate\\Pipeline\\Pipeline.php(183): Illuminate\\Auth\\Middleware\\Authenticate->handle(Object(Illuminate\\Http\\Request), Object(Closure), 'sanctum')
#21 D:\\laragon\\www\\mirrormefashion\\vendor\\laravel\\framework\\src\\Illuminate\\Routing\\Middleware\\ThrottleRequests.php(159): Illuminate\\Pipeline\\Pipeline->Illuminate\\Pipeline\\{closure}(Object(Illuminate\\Http\\Request))
#22 D:\\laragon\\www\\mirrormefashion\\vendor\\laravel\\framework\\src\\Illuminate\\Routing\\Middleware\\ThrottleRequests.php(125): Illuminate\\Routing\\Middleware\\ThrottleRequests->handleRequest(Object(Illuminate\\Http\\Request), Object(Closure), Array)
#23 D:\\laragon\\www\\mirrormefashion\\vendor\\laravel\\framework\\src\\Illuminate\\Routing\\Middleware\\ThrottleRequests.php(87): Illuminate\\Routing\\Middleware\\ThrottleRequests->handleRequestUsingNamedLimiter(Object(Illuminate\\Http\\Request), Object(Closure), 'api', Object(Closure))
#24 D:\\laragon\\www\\mirrormefashion\\vendor\\laravel\\framework\\src\\Illuminate\\Pipeline\\Pipeline.php(183): Illuminate\\Routing\\Middleware\\ThrottleRequests->handle(Object(Illuminate\\Http\\Request), Object(Closure), 'api')
#25 D:\\laragon\\www\\mirrormefashion\\vendor\\laravel\\sanctum\\src\\Http\\Middleware\\EnsureFrontendRequestsAreStateful.php(25): Illuminate\\Pipeline\\Pipeline->Illuminate\\Pipeline\\{closure}(Object(Illuminate\\Http\\Request))
#26 D:\\laragon\\www\\mirrormefashion\\vendor\\laravel\\framework\\src\\Illuminate\\Pipeline\\Pipeline.php(144): Laravel\\Sanctum\\Http\\Middleware\\EnsureFrontendRequestsAreStateful->Laravel\\Sanctum\\Http\\Middleware\\{closure}(Object(Illuminate\\Http\\Request))
#27 D:\\laragon\\www\\mirrormefashion\\vendor\\laravel\\framework\\src\\Illuminate\\Foundation\\Http\\Middleware\\VerifyCsrfToken.php(78): Illuminate\\Pipeline\\Pipeline->Illuminate\\Pipeline\\{closure}(Object(Illuminate\\Http\\Request))
#28 D:\\laragon\\www\\mirrormefashion\\vendor\\laravel\\framework\\src\\Illuminate\\Pipeline\\Pipeline.php(183): Illuminate\\Foundation\\Http\\Middleware\\VerifyCsrfToken->handle(Object(Illuminate\\Http\\Request), Object(Closure))
#29 D:\\laragon\\www\\mirrormefashion\\vendor\\laravel\\framework\\src\\Illuminate\\Session\\Middleware\\StartSession.php(121): Illuminate\\Pipeline\\Pipeline->Illuminate\\Pipeline\\{closure}(Object(Illuminate\\Http\\Request))
#30 D:\\laragon\\www\\mirrormefashion\\vendor\\laravel\\framework\\src\\Illuminate\\Session\\Middleware\\StartSession.php(64): Illuminate\\Session\\Middleware\\StartSession->handleStatefulRequest(Object(Illuminate\\Http\\Request), Object(Illuminate\\Session\\Store), Object(Closure))
#31 D:\\laragon\\www\\mirrormefashion\\vendor\\laravel\\framework\\src\\Illuminate\\Pipeline\\Pipeline.php(183): Illuminate\\Session\\Middleware\\StartSession->handle(Object(Illuminate\\Http\\Request), Object(Closure))
#32 D:\\laragon\\www\\mirrormefashion\\vendor\\laravel\\framework\\src\\Illuminate\\Cookie\\Middleware\\AddQueuedCookiesToResponse.php(37): Illuminate\\Pipeline\\Pipeline->Illuminate\\Pipeline\\{closure}(Object(Illuminate\\Http\\Request))
#33 D:\\laragon\\www\\mirrormefashion\\vendor\\laravel\\framework\\src\\Illuminate\\Pipeline\\Pipeline.php(183): Illuminate\\Cookie\\Middleware\\AddQueuedCookiesToResponse->handle(Object(Illuminate\\Http\\Request), Object(Closure))
#34 D:\\laragon\\www\\mirrormefashion\\vendor\\laravel\\framework\\src\\Illuminate\\Cookie\\Middleware\\EncryptCookies.php(67): Illuminate\\Pipeline\\Pipeline->Illuminate\\Pipeline\\{closure}(Object(Illuminate\\Http\\Request))
#35 D:\\laragon\\www\\mirrormefashion\\vendor\\laravel\\framework\\src\\Illuminate\\Pipeline\\Pipeline.php(183): Illuminate\\Cookie\\Middleware\\EncryptCookies->handle(Object(Illuminate\\Http\\Request), Object(Closure))
#36 D:\\laragon\\www\\mirrormefashion\\vendor\\laravel\\sanctum\\src\\Http\\Middleware\\EnsureFrontendRequestsAreStateful.php(61): Illuminate\\Pipeline\\Pipeline->Illuminate\\Pipeline\\{closure}(Object(Illuminate\\Http\\Request))
#37 D:\\laragon\\www\\mirrormefashion\\vendor\\laravel\\framework\\src\\Illuminate\\Pipeline\\Pipeline.php(165): Laravel\\Sanctum\\Http\\Middleware\\EnsureFrontendRequestsAreStateful->Laravel\\Sanctum\\Http\\Middleware\\{closure}(Object(Illuminate\\Http\\Request), Object(Closure))
#38 D:\\laragon\\www\\mirrormefashion\\vendor\\laravel\\framework\\src\\Illuminate\\Pipeline\\Pipeline.php(119): Illuminate\\Pipeline\\Pipeline->Illuminate\\Pipeline\\{closure}(Object(Illuminate\\Http\\Request))
#39 D:\\laragon\\www\\mirrormefashion\\vendor\\laravel\\sanctum\\src\\Http\\Middleware\\EnsureFrontendRequestsAreStateful.php(24): Illuminate\\Pipeline\\Pipeline->then(Object(Closure))
#40 D:\\laragon\\www\\mirrormefashion\\vendor\\laravel\\framework\\src\\Illuminate\\Pipeline\\Pipeline.php(183): Laravel\\Sanctum\\Http\\Middleware\\EnsureFrontendRequestsAreStateful->handle(Object(Illuminate\\Http\\Request), Object(Closure))
#41 D:\\laragon\\www\\mirrormefashion\\app\\Http\\Middleware\\CorsMiddleware.php(32): Illuminate\\Pipeline\\Pipeline->Illuminate\\Pipeline\\{closure}(Object(Illuminate\\Http\\Request))
#42 D:\\laragon\\www\\mirrormefashion\\vendor\\laravel\\framework\\src\\Illuminate\\Pipeline\\Pipeline.php(183): App\\Http\\Middleware\\CorsMiddleware->handle(Object(Illuminate\\Http\\Request), Object(Closure))
#43 D:\\laragon\\www\\mirrormefashion\\vendor\\laravel\\framework\\src\\Illuminate\\Pipeline\\Pipeline.php(119): Illuminate\\Pipeline\\Pipeline->Illuminate\\Pipeline\\{closure}(Object(Illuminate\\Http\\Request))
#44 D:\\laragon\\www\\mirrormefashion\\vendor\\laravel\\framework\\src\\Illuminate\\Routing\\Router.php(805): Illuminate\\Pipeline\\Pipeline->then(Object(Closure))
#45 D:\\laragon\\www\\mirrormefashion\\vendor\\laravel\\framework\\src\\Illuminate\\Routing\\Router.php(784): Illuminate\\Routing\\Router->runRouteWithinStack(Object(Illuminate\\Routing\\Route), Object(Illuminate\\Http\\Request))
#46 D:\\laragon\\www\\mirrormefashion\\vendor\\laravel\\framework\\src\\Illuminate\\Routing\\Router.php(748): Illuminate\\Routing\\Router->runRoute(Object(Illuminate\\Http\\Request), Object(Illuminate\\Routing\\Route))
#47 D:\\laragon\\www\\mirrormefashion\\vendor\\laravel\\framework\\src\\Illuminate\\Routing\\Router.php(737): Illuminate\\Routing\\Router->dispatchToRoute(Object(Illuminate\\Http\\Request))
#48 D:\\laragon\\www\\mirrormefashion\\vendor\\laravel\\framework\\src\\Illuminate\\Foundation\\Http\\Kernel.php(200): Illuminate\\Routing\\Router->dispatch(Object(Illuminate\\Http\\Request))
#49 D:\\laragon\\www\\mirrormefashion\\vendor\\laravel\\framework\\src\\Illuminate\\Pipeline\\Pipeline.php(144): Illuminate\\Foundation\\Http\\Kernel->Illuminate\\Foundation\\Http\\{closure}(Object(Illuminate\\Http\\Request))
#50 D:\\laragon\\www\\mirrormefashion\\vendor\\barryvdh\\laravel-debugbar\\src\\Middleware\\InjectDebugbar.php(66): Illuminate\\Pipeline\\Pipeline->Illuminate\\Pipeline\\{closure}(Object(Illuminate\\Http\\Request))
#51 D:\\laragon\\www\\mirrormefashion\\vendor\\laravel\\framework\\src\\Illuminate\\Pipeline\\Pipeline.php(183): Barryvdh\\Debugbar\\Middleware\\InjectDebugbar->handle(Object(Illuminate\\Http\\Request), Object(Closure))
#52 D:\\laragon\\www\\mirrormefashion\\vendor\\laravel\\framework\\src\\Illuminate\\View\\Middleware\\ShareErrorsFromSession.php(49): Illuminate\\Pipeline\\Pipeline->Illuminate\\Pipeline\\{closure}(Object(Illuminate\\Http\\Request))
#53 D:\\laragon\\www\\mirrormefashion\\vendor\\laravel\\framework\\src\\Illuminate\\Pipeline\\Pipeline.php(183): Illuminate\\View\\Middleware\\ShareErrorsFromSession->handle(Object(Illuminate\\Http\\Request), Object(Closure))
#54 D:\\laragon\\www\\mirrormefashion\\vendor\\laravel\\framework\\src\\Illuminate\\Session\\Middleware\\StartSession.php(121): Illuminate\\Pipeline\\Pipeline->Illuminate\\Pipeline\\{closure}(Object(Illuminate\\Http\\Request))
#55 D:\\laragon\\www\\mirrormefashion\\vendor\\laravel\\framework\\src\\Illuminate\\Session\\Middleware\\StartSession.php(64): Illuminate\\Session\\Middleware\\StartSession->handleStatefulRequest(Object(Illuminate\\Http\\Request), Object(Illuminate\\Session\\Store), Object(Closure))
#56 D:\\laragon\\www\\mirrormefashion\\vendor\\laravel\\framework\\src\\Illuminate\\Pipeline\\Pipeline.php(183): Illuminate\\Session\\Middleware\\StartSession->handle(Object(Illuminate\\Http\\Request), Object(Closure))
#57 D:\\laragon\\www\\mirrormefashion\\vendor\\laravel\\framework\\src\\Illuminate\\Http\\Middleware\\TrustProxies.php(39): Illuminate\\Pipeline\\Pipeline->Illuminate\\Pipeline\\{closure}(Object(Illuminate\\Http\\Request))
#58 D:\\laragon\\www\\mirrormefashion\\vendor\\laravel\\framework\\src\\Illuminate\\Pipeline\\Pipeline.php(183): Illuminate\\Http\\Middleware\\TrustProxies->handle(Object(Illuminate\\Http\\Request), Object(Closure))
#59 D:\\laragon\\www\\mirrormefashion\\vendor\\laravel\\framework\\src\\Illuminate\\Foundation\\Http\\Middleware\\TransformsRequest.php(21): Illuminate\\Pipeline\\Pipeline->Illuminate\\Pipeline\\{closure}(Object(Illuminate\\Http\\Request))
#60 D:\\laragon\\www\\mirrormefashion\\vendor\\laravel\\framework\\src\\Illuminate\\Foundation\\Http\\Middleware\\ConvertEmptyStringsToNull.php(31): Illuminate\\Foundation\\Http\\Middleware\\TransformsRequest->handle(Object(Illuminate\\Http\\Request), Object(Closure))
#61 D:\\laragon\\www\\mirrormefashion\\vendor\\laravel\\framework\\src\\Illuminate\\Pipeline\\Pipeline.php(183): Illuminate\\Foundation\\Http\\Middleware\\ConvertEmptyStringsToNull->handle(Object(Illuminate\\Http\\Request), Object(Closure))
#62 D:\\laragon\\www\\mirrormefashion\\vendor\\laravel\\framework\\src\\Illuminate\\Foundation\\Http\\Middleware\\TransformsRequest.php(21): Illuminate\\Pipeline\\Pipeline->Illuminate\\Pipeline\\{closure}(Object(Illuminate\\Http\\Request))
#63 D:\\laragon\\www\\mirrormefashion\\vendor\\laravel\\framework\\src\\Illuminate\\Foundation\\Http\\Middleware\\TrimStrings.php(40): Illuminate\\Foundation\\Http\\Middleware\\TransformsRequest->handle(Object(Illuminate\\Http\\Request), Object(Closure))
#64 D:\\laragon\\www\\mirrormefashion\\vendor\\laravel\\framework\\src\\Illuminate\\Pipeline\\Pipeline.php(183): Illuminate\\Foundation\\Http\\Middleware\\TrimStrings->handle(Object(Illuminate\\Http\\Request), Object(Closure))
#65 D:\\laragon\\www\\mirrormefashion\\vendor\\laravel\\framework\\src\\Illuminate\\Foundation\\Http\\Middleware\\ValidatePostSize.php(27): Illuminate\\Pipeline\\Pipeline->Illuminate\\Pipeline\\{closure}(Object(Illuminate\\Http\\Request))
#66 D:\\laragon\\www\\mirrormefashion\\vendor\\laravel\\framework\\src\\Illuminate\\Pipeline\\Pipeline.php(183): Illuminate\\Foundation\\Http\\Middleware\\ValidatePostSize->handle(Object(Illuminate\\Http\\Request), Object(Closure))
#67 D:\\laragon\\www\\mirrormefashion\\vendor\\laravel\\framework\\src\\Illuminate\\Pipeline\\Pipeline.php(119): Illuminate\\Pipeline\\Pipeline->Illuminate\\Pipeline\\{closure}(Object(Illuminate\\Http\\Request))
#68 D:\\laragon\\www\\mirrormefashion\\vendor\\laravel\\framework\\src\\Illuminate\\Foundation\\Http\\Kernel.php(175): Illuminate\\Pipeline\\Pipeline->then(Object(Closure))
#69 D:\\laragon\\www\\mirrormefashion\\vendor\\laravel\\framework\\src\\Illuminate\\Foundation\\Http\\Kernel.php(144): Illuminate\\Foundation\\Http\\Kernel->sendRequestThroughRouter(Object(Illuminate\\Http\\Request))
#70 D:\\laragon\\www\\mirrormefashion\\index.php(56): Illuminate\\Foundation\\Http\\Kernel->handle(Object(Illuminate\\Http\\Request))
#71 {main}"} 
[2026-04-12 07:03:06] local.INFO: ParseBearerToken middleware invoked {"path":"/api/v2/analytics/creator","method":"GET","has_auth_header":true,"auth_header_preview":"Bearer 162|htku8Nbt0t7HbUxovVT...","is_bearer":true} 
[2026-04-12 07:03:06] local.INFO: Extracted bearer token {"token_preview":"162|htku8N...","token_length":52} 
[2026-04-12 07:03:06] local.INFO: Found personal access token {"token_id":162,"user_id":68,"revoked":null} 
[2026-04-12 07:03:06] local.INFO: User authenticated via bearer token {"user_id":68,"user_email":"freelancerzahedcreator@gmail.com"} 
[2026-04-12 07:03:06] local.ERROR: Analytics error {"error":"Array to string conversion","trace":"#0 D:\\laragon\\www\\mirrormefashion\\vendor\\laravel\\framework\\src\\Illuminate\\Foundation\\Bootstrap\\HandleExceptions.php(255): Illuminate\\Foundation\\Bootstrap\\HandleExceptions->handleError(2, 'Array to string...', 'D:\\\\laragon\\\\www\\\\...', 171)
#1 D:\\laragon\\www\\mirrormefashion\\app\\Http\\Controllers\\Api\\V2\\AnalyticsController.php(171): Illuminate\\Foundation\\Bootstrap\\HandleExceptions->Illuminate\\Foundation\\Bootstrap\\{closure}(2, 'Array to string...', 'D:\\\\laragon\\\\www\\\\...', 171)
#2 D:\\laragon\\www\\mirrormefashion\\app\\Http\\Controllers\\Api\\V2\\AnalyticsController.php(67): App\\Http\\Controllers\\Api\\V2\\AnalyticsController->calculateSizingBreakdown(Object(Illuminate\\Database\\Eloquent\\Collection))
#3 D:\\laragon\\www\\mirrormefashion\\vendor\\laravel\\framework\\src\\Illuminate\\Routing\\Controller.php(54): App\\Http\\Controllers\\Api\\V2\\AnalyticsController->getCreatorAnalytics(Object(Illuminate\\Http\\Request))
#4 D:\\laragon\\www\\mirrormefashion\\vendor\\laravel\\framework\\src\\Illuminate\\Routing\\ControllerDispatcher.php(43): Illuminate\\Routing\\Controller->callAction('getCreatorAnaly...', Array)
#5 D:\\laragon\\www\\mirrormefashion\\vendor\\laravel\\framework\\src\\Illuminate\\Routing\\Route.php(259): Illuminate\\Routing\\ControllerDispatcher->dispatch(Object(Illuminate\\Routing\\Route), Object(App\\Http\\Controllers\\Api\\V2\\AnalyticsController), 'getCreatorAnaly...')
#6 D:\\laragon\\www\\mirrormefashion\\vendor\\laravel\\framework\\src\\Illuminate\\Routing\\Route.php(205): Illuminate\\Routing\\Route->runController()
#7 D:\\laragon\\www\\mirrormefashion\\vendor\\laravel\\framework\\src\\Illuminate\\Routing\\Router.php(806): Illuminate\\Routing\\Route->run()
#8 D:\\laragon\\www\\mirrormefashion\\vendor\\laravel\\framework\\src\\Illuminate\\Pipeline\\Pipeline.php(144): Illuminate\\Routing\\Router->Illuminate\\Routing\\{closure}(Object(Illuminate\\Http\\Request))
#9 D:\\laragon\\www\\mirrormefashion\\app\\Http\\Middleware\\ParseBearerToken.php(98): Illuminate\\Pipeline\\Pipeline->Illuminate\\Pipeline\\{closure}(Object(Illuminate\\Http\\Request))
#10 D:\\laragon\\www\\mirrormefashion\\vendor\\laravel\\framework\\src\\Illuminate\\Pipeline\\Pipeline.php(183): App\\Http\\Middleware\\ParseBearerToken->handle(Object(Illuminate\\Http\\Request), Object(Closure))
#11 D:\\laragon\\www\\mirrormefashion\\app\\Http\\Middleware\\AppLanguage.php(35): Illuminate\\Pipeline\\Pipeline->Illuminate\\Pipeline\\{closure}(Object(Illuminate\\Http\\Request))
#12 D:\\laragon\\www\\mirrormefashion\\vendor\\laravel\\framework\\src\\Illuminate\\Pipeline\\Pipeline.php(183): App\\Http\\Middleware\\AppLanguage->handle(Object(Illuminate\\Http\\Request), Object(Closure))
#13 D:\\laragon\\www\\mirrormefashion\\app\\Http\\Middleware\\ApiJsonResponse.php(22): Illuminate\\Pipeline\\Pipeline->Illuminate\\Pipeline\\{closure}(Object(Illuminate\\Http\\Request))
#14 D:\\laragon\\www\\mirrormefashion\\vendor\\laravel\\framework\\src\\Illuminate\\Pipeline\\Pipeline.php(183): App\\Http\\Middleware\\ApiJsonResponse->handle(Object(Illuminate\\Http\\Request), Object(Closure))
#15 D:\\laragon\\www\\mirrormefashion\\app\\Http\\Middleware\\CheckForMaintenanceMode.php(64): Illuminate\\Pipeline\\Pipeline->Illuminate\\Pipeline\\{closure}(Object(Illuminate\\Http\\Request))
#16 D:\\laragon\\www\\mirrormefashion\\vendor\\laravel\\framework\\src\\Illuminate\\Pipeline\\Pipeline.php(183): App\\Http\\Middleware\\CheckForMaintenanceMode->handle(Object(Illuminate\\Http\\Request), Object(Closure))
#17 D:\\laragon\\www\\mirrormefashion\\vendor\\laravel\\framework\\src\\Illuminate\\Routing\\Middleware\\SubstituteBindings.php(50): Illuminate\\Pipeline\\Pipeline->Illuminate\\Pipeline\\{closure}(Object(Illuminate\\Http\\Request))
#18 D:\\laragon\\www\\mirrormefashion\\vendor\\laravel\\framework\\src\\Illuminate\\Pipeline\\Pipeline.php(183): Illuminate\\Routing\\Middleware\\SubstituteBindings->handle(Object(Illuminate\\Http\\Request), Object(Closure))
#19 D:\\laragon\\www\\mirrormefashion\\vendor\\laravel\\framework\\src\\Illuminate\\Auth\\Middleware\\Authenticate.php(57): Illuminate\\Pipeline\\Pipeline->Illuminate\\Pipeline\\{closure}(Object(Illuminate\\Http\\Request))
#20 D:\\laragon\\www\\mirrormefashion\\vendor\\laravel\\framework\\src\\Illuminate\\Pipeline\\Pipeline.php(183): Illuminate\\Auth\\Middleware\\Authenticate->handle(Object(Illuminate\\Http\\Request), Object(Closure), 'sanctum')
#21 D:\\laragon\\www\\mirrormefashion\\vendor\\laravel\\framework\\src\\Illuminate\\Routing\\Middleware\\ThrottleRequests.php(159): Illuminate\\Pipeline\\Pipeline->Illuminate\\Pipeline\\{closure}(Object(Illuminate\\Http\\Request))
#22 D:\\laragon\\www\\mirrormefashion\\vendor\\laravel\\framework\\src\\Illuminate\\Routing\\Middleware\\ThrottleRequests.php(125): Illuminate\\Routing\\Middleware\\ThrottleRequests->handleRequest(Object(Illuminate\\Http\\Request), Object(Closure), Array)
#23 D:\\laragon\\www\\mirrormefashion\\vendor\\laravel\\framework\\src\\Illuminate\\Routing\\Middleware\\ThrottleRequests.php(87): Illuminate\\Routing\\Middleware\\ThrottleRequests->handleRequestUsingNamedLimiter(Object(Illuminate\\Http\\Request), Object(Closure), 'api', Object(Closure))
#24 D:\\laragon\\www\\mirrormefashion\\vendor\\laravel\\framework\\src\\Illuminate\\Pipeline\\Pipeline.php(183): Illuminate\\Routing\\Middleware\\ThrottleRequests->handle(Object(Illuminate\\Http\\Request), Object(Closure), 'api')
#25 D:\\laragon\\www\\mirrormefashion\\vendor\\laravel\\sanctum\\src\\Http\\Middleware\\EnsureFrontendRequestsAreStateful.php(25): Illuminate\\Pipeline\\Pipeline->Illuminate\\Pipeline\\{closure}(Object(Illuminate\\Http\\Request))
#26 D:\\laragon\\www\\mirrormefashion\\vendor\\laravel\\framework\\src\\Illuminate\\Pipeline\\Pipeline.php(144): Laravel\\Sanctum\\Http\\Middleware\\EnsureFrontendRequestsAreStateful->Laravel\\Sanctum\\Http\\Middleware\\{closure}(Object(Illuminate\\Http\\Request))
#27 D:\\laragon\\www\\mirrormefashion\\vendor\\laravel\\framework\\src\\Illuminate\\Foundation\\Http\\Middleware\\VerifyCsrfToken.php(78): Illuminate\\Pipeline\\Pipeline->Illuminate\\Pipeline\\{closure}(Object(Illuminate\\Http\\Request))
#28 D:\\laragon\\www\\mirrormefashion\\vendor\\laravel\\framework\\src\\Illuminate\\Pipeline\\Pipeline.php(183): Illuminate\\Foundation\\Http\\Middleware\\VerifyCsrfToken->handle(Object(Illuminate\\Http\\Request), Object(Closure))
#29 D:\\laragon\\www\\mirrormefashion\\vendor\\laravel\\framework\\src\\Illuminate\\Session\\Middleware\\StartSession.php(121): Illuminate\\Pipeline\\Pipeline->Illuminate\\Pipeline\\{closure}(Object(Illuminate\\Http\\Request))
#30 D:\\laragon\\www\\mirrormefashion\\vendor\\laravel\\framework\\src\\Illuminate\\Session\\Middleware\\StartSession.php(64): Illuminate\\Session\\Middleware\\StartSession->handleStatefulRequest(Object(Illuminate\\Http\\Request), Object(Illuminate\\Session\\Store), Object(Closure))
#31 D:\\laragon\\www\\mirrormefashion\\vendor\\laravel\\framework\\src\\Illuminate\\Pipeline\\Pipeline.php(183): Illuminate\\Session\\Middleware\\StartSession->handle(Object(Illuminate\\Http\\Request), Object(Closure))
#32 D:\\laragon\\www\\mirrormefashion\\vendor\\laravel\\framework\\src\\Illuminate\\Cookie\\Middleware\\AddQueuedCookiesToResponse.php(37): Illuminate\\Pipeline\\Pipeline->Illuminate\\Pipeline\\{closure}(Object(Illuminate\\Http\\Request))
#33 D:\\laragon\\www\\mirrormefashion\\vendor\\laravel\\framework\\src\\Illuminate\\Pipeline\\Pipeline.php(183): Illuminate\\Cookie\\Middleware\\AddQueuedCookiesToResponse->handle(Object(Illuminate\\Http\\Request), Object(Closure))
#34 D:\\laragon\\www\\mirrormefashion\\vendor\\laravel\\framework\\src\\Illuminate\\Cookie\\Middleware\\EncryptCookies.php(67): Illuminate\\Pipeline\\Pipeline->Illuminate\\Pipeline\\{closure}(Object(Illuminate\\Http\\Request))
#35 D:\\laragon\\www\\mirrormefashion\\vendor\\laravel\\framework\\src\\Illuminate\\Pipeline\\Pipeline.php(183): Illuminate\\Cookie\\Middleware\\EncryptCookies->handle(Object(Illuminate\\Http\\Request), Object(Closure))
#36 D:\\laragon\\www\\mirrormefashion\\vendor\\laravel\\sanctum\\src\\Http\\Middleware\\EnsureFrontendRequestsAreStateful.php(61): Illuminate\\Pipeline\\Pipeline->Illuminate\\Pipeline\\{closure}(Object(Illuminate\\Http\\Request))
#37 D:\\laragon\\www\\mirrormefashion\\vendor\\laravel\\framework\\src\\Illuminate\\Pipeline\\Pipeline.php(165): Laravel\\Sanctum\\Http\\Middleware\\EnsureFrontendRequestsAreStateful->Laravel\\Sanctum\\Http\\Middleware\\{closure}(Object(Illuminate\\Http\\Request), Object(Closure))
#38 D:\\laragon\\www\\mirrormefashion\\vendor\\laravel\\framework\\src\\Illuminate\\Pipeline\\Pipeline.php(119): Illuminate\\Pipeline\\Pipeline->Illuminate\\Pipeline\\{closure}(Object(Illuminate\\Http\\Request))
#39 D:\\laragon\\www\\mirrormefashion\\vendor\\laravel\\sanctum\\src\\Http\\Middleware\\EnsureFrontendRequestsAreStateful.php(24): Illuminate\\Pipeline\\Pipeline->then(Object(Closure))
#40 D:\\laragon\\www\\mirrormefashion\\vendor\\laravel\\framework\\src\\Illuminate\\Pipeline\\Pipeline.php(183): Laravel\\Sanctum\\Http\\Middleware\\EnsureFrontendRequestsAreStateful->handle(Object(Illuminate\\Http\\Request), Object(Closure))
#41 D:\\laragon\\www\\mirrormefashion\\app\\Http\\Middleware\\CorsMiddleware.php(32): Illuminate\\Pipeline\\Pipeline->Illuminate\\Pipeline\\{closure}(Object(Illuminate\\Http\\Request))
#42 D:\\laragon\\www\\mirrormefashion\\vendor\\laravel\\framework\\src\\Illuminate\\Pipeline\\Pipeline.php(183): App\\Http\\Middleware\\CorsMiddleware->handle(Object(Illuminate\\Http\\Request), Object(Closure))
#43 D:\\laragon\\www\\mirrormefashion\\vendor\\laravel\\framework\\src\\Illuminate\\Pipeline\\Pipeline.php(119): Illuminate\\Pipeline\\Pipeline->Illuminate\\Pipeline\\{closure}(Object(Illuminate\\Http\\Request))
#44 D:\\laragon\\www\\mirrormefashion\\vendor\\laravel\\framework\\src\\Illuminate\\Routing\\Router.php(805): Illuminate\\Pipeline\\Pipeline->then(Object(Closure))
#45 D:\\laragon\\www\\mirrormefashion\\vendor\\laravel\\framework\\src\\Illuminate\\Routing\\Router.php(784): Illuminate\\Routing\\Router->runRouteWithinStack(Object(Illuminate\\Routing\\Route), Object(Illuminate\\Http\\Request))
#46 D:\\laragon\\www\\mirrormefashion\\vendor\\laravel\\framework\\src\\Illuminate\\Routing\\Router.php(748): Illuminate\\Routing\\Router->runRoute(Object(Illuminate\\Http\\Request), Object(Illuminate\\Routing\\Route))
#47 D:\\laragon\\www\\mirrormefashion\\vendor\\laravel\\framework\\src\\Illuminate\\Routing\\Router.php(737): Illuminate\\Routing\\Router->dispatchToRoute(Object(Illuminate\\Http\\Request))
#48 D:\\laragon\\www\\mirrormefashion\\vendor\\laravel\\framework\\src\\Illuminate\\Foundation\\Http\\Kernel.php(200): Illuminate\\Routing\\Router->dispatch(Object(Illuminate\\Http\\Request))
#49 D:\\laragon\\www\\mirrormefashion\\vendor\\laravel\\framework\\src\\Illuminate\\Pipeline\\Pipeline.php(144): Illuminate\\Foundation\\Http\\Kernel->Illuminate\\Foundation\\Http\\{closure}(Object(Illuminate\\Http\\Request))
#50 D:\\laragon\\www\\mirrormefashion\\vendor\\barryvdh\\laravel-debugbar\\src\\Middleware\\InjectDebugbar.php(66): Illuminate\\Pipeline\\Pipeline->Illuminate\\Pipeline\\{closure}(Object(Illuminate\\Http\\Request))
#51 D:\\laragon\\www\\mirrormefashion\\vendor\\laravel\\framework\\src\\Illuminate\\Pipeline\\Pipeline.php(183): Barryvdh\\Debugbar\\Middleware\\InjectDebugbar->handle(Object(Illuminate\\Http\\Request), Object(Closure))
#52 D:\\laragon\\www\\mirrormefashion\\vendor\\laravel\\framework\\src\\Illuminate\\View\\Middleware\\ShareErrorsFromSession.php(49): Illuminate\\Pipeline\\Pipeline->Illuminate\\Pipeline\\{closure}(Object(Illuminate\\Http\\Request))
#53 D:\\laragon\\www\\mirrormefashion\\vendor\\laravel\\framework\\src\\Illuminate\\Pipeline\\Pipeline.php(183): Illuminate\\View\\Middleware\\ShareErrorsFromSession->handle(Object(Illuminate\\Http\\Request), Object(Closure))
#54 D:\\laragon\\www\\mirrormefashion\\vendor\\laravel\\framework\\src\\Illuminate\\Session\\Middleware\\StartSession.php(121): Illuminate\\Pipeline\\Pipeline->Illuminate\\Pipeline\\{closure}(Object(Illuminate\\Http\\Request))
#55 D:\\laragon\\www\\mirrormefashion\\vendor\\laravel\\framework\\src\\Illuminate\\Session\\Middleware\\StartSession.php(64): Illuminate\\Session\\Middleware\\StartSession->handleStatefulRequest(Object(Illuminate\\Http\\Request), Object(Illuminate\\Session\\Store), Object(Closure))
#56 D:\\laragon\\www\\mirrormefashion\\vendor\\laravel\\framework\\src\\Illuminate\\Pipeline\\Pipeline.php(183): Illuminate\\Session\\Middleware\\StartSession->handle(Object(Illuminate\\Http\\Request), Object(Closure))
#57 D:\\laragon\\www\\mirrormefashion\\vendor\\laravel\\framework\\src\\Illuminate\\Http\\Middleware\\TrustProxies.php(39): Illuminate\\Pipeline\\Pipeline->Illuminate\\Pipeline\\{closure}(Object(Illuminate\\Http\\Request))
#58 D:\\laragon\\www\\mirrormefashion\\vendor\\laravel\\framework\\src\\Illuminate\\Pipeline\\Pipeline.php(183): Illuminate\\Http\\Middleware\\TrustProxies->handle(Object(Illuminate\\Http\\Request), Object(Closure))
#59 D:\\laragon\\www\\mirrormefashion\\vendor\\laravel\\framework\\src\\Illuminate\\Foundation\\Http\\Middleware\\TransformsRequest.php(21): Illuminate\\Pipeline\\Pipeline->Illuminate\\Pipeline\\{closure}(Object(Illuminate\\Http\\Request))
#60 D:\\laragon\\www\\mirrormefashion\\vendor\\laravel\\framework\\src\\Illuminate\\Foundation\\Http\\Middleware\\ConvertEmptyStringsToNull.php(31): Illuminate\\Foundation\\Http\\Middleware\\TransformsRequest->handle(Object(Illuminate\\Http\\Request), Object(Closure))
#61 D:\\laragon\\www\\mirrormefashion\\vendor\\laravel\\framework\\src\\Illuminate\\Pipeline\\Pipeline.php(183): Illuminate\\Foundation\\Http\\Middleware\\ConvertEmptyStringsToNull->handle(Object(Illuminate\\Http\\Request), Object(Closure))
#62 D:\\laragon\\www\\mirrormefashion\\vendor\\laravel\\framework\\src\\Illuminate\\Foundation\\Http\\Middleware\\TransformsRequest.php(21): Illuminate\\Pipeline\\Pipeline->Illuminate\\Pipeline\\{closure}(Object(Illuminate\\Http\\Request))
#63 D:\\laragon\\www\\mirrormefashion\\vendor\\laravel\\framework\\src\\Illuminate\\Foundation\\Http\\Middleware\\TrimStrings.php(40): Illuminate\\Foundation\\Http\\Middleware\\TransformsRequest->handle(Object(Illuminate\\Http\\Request), Object(Closure))
#64 D:\\laragon\\www\\mirrormefashion\\vendor\\laravel\\framework\\src\\Illuminate\\Pipeline\\Pipeline.php(183): Illuminate\\Foundation\\Http\\Middleware\\TrimStrings->handle(Object(Illuminate\\Http\\Request), Object(Closure))
#65 D:\\laragon\\www\\mirrormefashion\\vendor\\laravel\\framework\\src\\Illuminate\\Foundation\\Http\\Middleware\\ValidatePostSize.php(27): Illuminate\\Pipeline\\Pipeline->Illuminate\\Pipeline\\{closure}(Object(Illuminate\\Http\\Request))
#66 D:\\laragon\\www\\mirrormefashion\\vendor\\laravel\\framework\\src\\Illuminate\\Pipeline\\Pipeline.php(183): Illuminate\\Foundation\\Http\\Middleware\\ValidatePostSize->handle(Object(Illuminate\\Http\\Request), Object(Closure))
#67 D:\\laragon\\www\\mirrormefashion\\vendor\\laravel\\framework\\src\\Illuminate\\Pipeline\\Pipeline.php(119): Illuminate\\Pipeline\\Pipeline->Illuminate\\Pipeline\\{closure}(Object(Illuminate\\Http\\Request))
#68 D:\\laragon\\www\\mirrormefashion\\vendor\\laravel\\framework\\src\\Illuminate\\Foundation\\Http\\Kernel.php(175): Illuminate\\Pipeline\\Pipeline->then(Object(Closure))
#69 D:\\laragon\\www\\mirrormefashion\\vendor\\laravel\\framework\\src\\Illuminate\\Foundation\\Http\\Kernel.php(144): Illuminate\\Foundation\\Http\\Kernel->sendRequestThroughRouter(Object(Illuminate\\Http\\Request))
#70 D:\\laragon\\www\\mirrormefashion\\index.php(56): Illuminate\\Foundation\\Http\\Kernel->handle(Object(Illuminate\\Http\\Request))
#71 {main}"} 
[2026-04-12 07:03:06] local.INFO: ParseBearerToken middleware invoked {"path":"/api/v2/analytics/creator","method":"GET","has_auth_header":true,"auth_header_preview":"Bearer 160|kJdpaDrHOZ9nSgkeOYj...","is_bearer":true} 
[2026-04-12 07:03:06] local.INFO: Extracted bearer token {"token_preview":"160|kJdpaD...","token_length":52} 
[2026-04-12 07:03:06] local.INFO: Found personal access token {"token_id":160,"user_id":68,"revoked":null} 
[2026-04-12 07:03:06] local.INFO: User authenticated via bearer token {"user_id":68,"user_email":"freelancerzahedcreator@gmail.com"} 
[2026-04-12 07:03:06] local.ERROR: Analytics error {"error":"Array to string conversion","trace":"#0 D:\\laragon\\www\\mirrormefashion\\vendor\\laravel\\framework\\src\\Illuminate\\Foundation\\Bootstrap\\HandleExceptions.php(255): Illuminate\\Foundation\\Bootstrap\\HandleExceptions->handleError(2, 'Array to string...', 'D:\\\\laragon\\\\www\\\\...', 171)
#1 D:\\laragon\\www\\mirrormefashion\\app\\Http\\Controllers\\Api\\V2\\AnalyticsController.php(171): Illuminate\\Foundation\\Bootstrap\\HandleExceptions->Illuminate\\Foundation\\Bootstrap\\{closure}(2, 'Array to string...', 'D:\\\\laragon\\\\www\\\\...', 171)
#2 D:\\laragon\\www\\mirrormefashion\\app\\Http\\Controllers\\Api\\V2\\AnalyticsController.php(67): App\\Http\\Controllers\\Api\\V2\\AnalyticsController->calculateSizingBreakdown(Object(Illuminate\\Database\\Eloquent\\Collection))
#3 D:\\laragon\\www\\mirrormefashion\\vendor\\laravel\\framework\\src\\Illuminate\\Routing\\Controller.php(54): App\\Http\\Controllers\\Api\\V2\\AnalyticsController->getCreatorAnalytics(Object(Illuminate\\Http\\Request))
#4 D:\\laragon\\www\\mirrormefashion\\vendor\\laravel\\framework\\src\\Illuminate\\Routing\\ControllerDispatcher.php(43): Illuminate\\Routing\\Controller->callAction('getCreatorAnaly...', Array)
#5 D:\\laragon\\www\\mirrormefashion\\vendor\\laravel\\framework\\src\\Illuminate\\Routing\\Route.php(259): Illuminate\\Routing\\ControllerDispatcher->dispatch(Object(Illuminate\\Routing\\Route), Object(App\\Http\\Controllers\\Api\\V2\\AnalyticsController), 'getCreatorAnaly...')
#6 D:\\laragon\\www\\mirrormefashion\\vendor\\laravel\\framework\\src\\Illuminate\\Routing\\Route.php(205): Illuminate\\Routing\\Route->runController()
#7 D:\\laragon\\www\\mirrormefashion\\vendor\\laravel\\framework\\src\\Illuminate\\Routing\\Router.php(806): Illuminate\\Routing\\Route->run()
#8 D:\\laragon\\www\\mirrormefashion\\vendor\\laravel\\framework\\src\\Illuminate\\Pipeline\\Pipeline.php(144): Illuminate\\Routing\\Router->Illuminate\\Routing\\{closure}(Object(Illuminate\\Http\\Request))
#9 D:\\laragon\\www\\mirrormefashion\\app\\Http\\Middleware\\ParseBearerToken.php(98): Illuminate\\Pipeline\\Pipeline->Illuminate\\Pipeline\\{closure}(Object(Illuminate\\Http\\Request))
#10 D:\\laragon\\www\\mirrormefashion\\vendor\\laravel\\framework\\src\\Illuminate\\Pipeline\\Pipeline.php(183): App\\Http\\Middleware\\ParseBearerToken->handle(Object(Illuminate\\Http\\Request), Object(Closure))
#11 D:\\laragon\\www\\mirrormefashion\\app\\Http\\Middleware\\AppLanguage.php(35): Illuminate\\Pipeline\\Pipeline->Illuminate\\Pipeline\\{closure}(Object(Illuminate\\Http\\Request))
#12 D:\\laragon\\www\\mirrormefashion\\vendor\\laravel\\framework\\src\\Illuminate\\Pipeline\\Pipeline.php(183): App\\Http\\Middleware\\AppLanguage->handle(Object(Illuminate\\Http\\Request), Object(Closure))
#13 D:\\laragon\\www\\mirrormefashion\\app\\Http\\Middleware\\ApiJsonResponse.php(22): Illuminate\\Pipeline\\Pipeline->Illuminate\\Pipeline\\{closure}(Object(Illuminate\\Http\\Request))
#14 D:\\laragon\\www\\mirrormefashion\\vendor\\laravel\\framework\\src\\Illuminate\\Pipeline\\Pipeline.php(183): App\\Http\\Middleware\\ApiJsonResponse->handle(Object(Illuminate\\Http\\Request), Object(Closure))
#15 D:\\laragon\\www\\mirrormefashion\\app\\Http\\Middleware\\CheckForMaintenanceMode.php(64): Illuminate\\Pipeline\\Pipeline->Illuminate\\Pipeline\\{closure}(Object(Illuminate\\Http\\Request))
#16 D:\\laragon\\www\\mirrormefashion\\vendor\\laravel\\framework\\src\\Illuminate\\Pipeline\\Pipeline.php(183): App\\Http\\Middleware\\CheckForMaintenanceMode->handle(Object(Illuminate\\Http\\Request), Object(Closure))
#17 D:\\laragon\\www\\mirrormefashion\\vendor\\laravel\\framework\\src\\Illuminate\\Routing\\Middleware\\SubstituteBindings.php(50): Illuminate\\Pipeline\\Pipeline->Illuminate\\Pipeline\\{closure}(Object(Illuminate\\Http\\Request))
#18 D:\\laragon\\www\\mirrormefashion\\vendor\\laravel\\framework\\src\\Illuminate\\Pipeline\\Pipeline.php(183): Illuminate\\Routing\\Middleware\\SubstituteBindings->handle(Object(Illuminate\\Http\\Request), Object(Closure))
#19 D:\\laragon\\www\\mirrormefashion\\vendor\\laravel\\framework\\src\\Illuminate\\Auth\\Middleware\\Authenticate.php(57): Illuminate\\Pipeline\\Pipeline->Illuminate\\Pipeline\\{closure}(Object(Illuminate\\Http\\Request))
#20 D:\\laragon\\www\\mirrormefashion\\vendor\\laravel\\framework\\src\\Illuminate\\Pipeline\\Pipeline.php(183): Illuminate\\Auth\\Middleware\\Authenticate->handle(Object(Illuminate\\Http\\Request), Object(Closure), 'sanctum')
#21 D:\\laragon\\www\\mirrormefashion\\vendor\\laravel\\framework\\src\\Illuminate\\Routing\\Middleware\\ThrottleRequests.php(159): Illuminate\\Pipeline\\Pipeline->Illuminate\\Pipeline\\{closure}(Object(Illuminate\\Http\\Request))
#22 D:\\laragon\\www\\mirrormefashion\\vendor\\laravel\\framework\\src\\Illuminate\\Routing\\Middleware\\ThrottleRequests.php(125): Illuminate\\Routing\\Middleware\\ThrottleRequests->handleRequest(Object(Illuminate\\Http\\Request), Object(Closure), Array)
#23 D:\\laragon\\www\\mirrormefashion\\vendor\\laravel\\framework\\src\\Illuminate\\Routing\\Middleware\\ThrottleRequests.php(87): Illuminate\\Routing\\Middleware\\ThrottleRequests->handleRequestUsingNamedLimiter(Object(Illuminate\\Http\\Request), Object(Closure), 'api', Object(Closure))
#24 D:\\laragon\\www\\mirrormefashion\\vendor\\laravel\\framework\\src\\Illuminate\\Pipeline\\Pipeline.php(183): Illuminate\\Routing\\Middleware\\ThrottleRequests->handle(Object(Illuminate\\Http\\Request), Object(Closure), 'api')
#25 D:\\laragon\\www\\mirrormefashion\\vendor\\laravel\\sanctum\\src\\Http\\Middleware\\EnsureFrontendRequestsAreStateful.php(25): Illuminate\\Pipeline\\Pipeline->Illuminate\\Pipeline\\{closure}(Object(Illuminate\\Http\\Request))
#26 D:\\laragon\\www\\mirrormefashion\\vendor\\laravel\\framework\\src\\Illuminate\\Pipeline\\Pipeline.php(144): Laravel\\Sanctum\\Http\\Middleware\\EnsureFrontendRequestsAreStateful->Laravel\\Sanctum\\Http\\Middleware\\{closure}(Object(Illuminate\\Http\\Request))
#27 D:\\laragon\\www\\mirrormefashion\\vendor\\laravel\\framework\\src\\Illuminate\\Foundation\\Http\\Middleware\\VerifyCsrfToken.php(78): Illuminate\\Pipeline\\Pipeline->Illuminate\\Pipeline\\{closure}(Object(Illuminate\\Http\\Request))
#28 D:\\laragon\\www\\mirrormefashion\\vendor\\laravel\\framework\\src\\Illuminate\\Pipeline\\Pipeline.php(183): Illuminate\\Foundation\\Http\\Middleware\\VerifyCsrfToken->handle(Object(Illuminate\\Http\\Request), Object(Closure))
#29 D:\\laragon\\www\\mirrormefashion\\vendor\\laravel\\framework\\src\\Illuminate\\Session\\Middleware\\StartSession.php(121): Illuminate\\Pipeline\\Pipeline->Illuminate\\Pipeline\\{closure}(Object(Illuminate\\Http\\Request))
#30 D:\\laragon\\www\\mirrormefashion\\vendor\\laravel\\framework\\src\\Illuminate\\Session\\Middleware\\StartSession.php(64): Illuminate\\Session\\Middleware\\StartSession->handleStatefulRequest(Object(Illuminate\\Http\\Request), Object(Illuminate\\Session\\Store), Object(Closure))
#31 D:\\laragon\\www\\mirrormefashion\\vendor\\laravel\\framework\\src\\Illuminate\\Pipeline\\Pipeline.php(183): Illuminate\\Session\\Middleware\\StartSession->handle(Object(Illuminate\\Http\\Request), Object(Closure))
#32 D:\\laragon\\www\\mirrormefashion\\vendor\\laravel\\framework\\src\\Illuminate\\Cookie\\Middleware\\AddQueuedCookiesToResponse.php(37): Illuminate\\Pipeline\\Pipeline->Illuminate\\Pipeline\\{closure}(Object(Illuminate\\Http\\Request))
#33 D:\\laragon\\www\\mirrormefashion\\vendor\\laravel\\framework\\src\\Illuminate\\Pipeline\\Pipeline.php(183): Illuminate\\Cookie\\Middleware\\AddQueuedCookiesToResponse->handle(Object(Illuminate\\Http\\Request), Object(Closure))
#34 D:\\laragon\\www\\mirrormefashion\\vendor\\laravel\\framework\\src\\Illuminate\\Cookie\\Middleware\\EncryptCookies.php(67): Illuminate\\Pipeline\\Pipeline->Illuminate\\Pipeline\\{closure}(Object(Illuminate\\Http\\Request))
#35 D:\\laragon\\www\\mirrormefashion\\vendor\\laravel\\framework\\src\\Illuminate\\Pipeline\\Pipeline.php(183): Illuminate\\Cookie\\Middleware\\EncryptCookies->handle(Object(Illuminate\\Http\\Request), Object(Closure))
#36 D:\\laragon\\www\\mirrormefashion\\vendor\\laravel\\sanctum\\src\\Http\\Middleware\\EnsureFrontendRequestsAreStateful.php(61): Illuminate\\Pipeline\\Pipeline->Illuminate\\Pipeline\\{closure}(Object(Illuminate\\Http\\Request))
#37 D:\\laragon\\www\\mirrormefashion\\vendor\\laravel\\framework\\src\\Illuminate\\Pipeline\\Pipeline.php(165): Laravel\\Sanctum\\Http\\Middleware\\EnsureFrontendRequestsAreStateful->Laravel\\Sanctum\\Http\\Middleware\\{closure}(Object(Illuminate\\Http\\Request), Object(Closure))
#38 D:\\laragon\\www\\mirrormefashion\\vendor\\laravel\\framework\\src\\Illuminate\\Pipeline\\Pipeline.php(119): Illuminate\\Pipeline\\Pipeline->Illuminate\\Pipeline\\{closure}(Object(Illuminate\\Http\\Request))
#39 D:\\laragon\\www\\mirrormefashion\\vendor\\laravel\\sanctum\\src\\Http\\Middleware\\EnsureFrontendRequestsAreStateful.php(24): Illuminate\\Pipeline\\Pipeline->then(Object(Closure))
#40 D:\\laragon\\www\\mirrormefashion\\vendor\\laravel\\framework\\src\\Illuminate\\Pipeline\\Pipeline.php(183): Laravel\\Sanctum\\Http\\Middleware\\EnsureFrontendRequestsAreStateful->handle(Object(Illuminate\\Http\\Request), Object(Closure))
#41 D:\\laragon\\www\\mirrormefashion\\app\\Http\\Middleware\\CorsMiddleware.php(32): Illuminate\\Pipeline\\Pipeline->Illuminate\\Pipeline\\{closure}(Object(Illuminate\\Http\\Request))
#42 D:\\laragon\\www\\mirrormefashion\\vendor\\laravel\\framework\\src\\Illuminate\\Pipeline\\Pipeline.php(183): App\\Http\\Middleware\\CorsMiddleware->handle(Object(Illuminate\\Http\\Request), Object(Closure))
#43 D:\\laragon\\www\\mirrormefashion\\vendor\\laravel\\framework\\src\\Illuminate\\Pipeline\\Pipeline.php(119): Illuminate\\Pipeline\\Pipeline->Illuminate\\Pipeline\\{closure}(Object(Illuminate\\Http\\Request))
#44 D:\\laragon\\www\\mirrormefashion\\vendor\\laravel\\framework\\src\\Illuminate\\Routing\\Router.php(805): Illuminate\\Pipeline\\Pipeline->then(Object(Closure))
#45 D:\\laragon\\www\\mirrormefashion\\vendor\\laravel\\framework\\src\\Illuminate\\Routing\\Router.php(784): Illuminate\\Routing\\Router->runRouteWithinStack(Object(Illuminate\\Routing\\Route), Object(Illuminate\\Http\\Request))
#46 D:\\laragon\\www\\mirrormefashion\\vendor\\laravel\\framework\\src\\Illuminate\\Routing\\Router.php(748): Illuminate\\Routing\\Router->runRoute(Object(Illuminate\\Http\\Request), Object(Illuminate\\Routing\\Route))
#47 D:\\laragon\\www\\mirrormefashion\\vendor\\laravel\\framework\\src\\Illuminate\\Routing\\Router.php(737): Illuminate\\Routing\\Router->dispatchToRoute(Object(Illuminate\\Http\\Request))
#48 D:\\laragon\\www\\mirrormefashion\\vendor\\laravel\\framework\\src\\Illuminate\\Foundation\\Http\\Kernel.php(200): Illuminate\\Routing\\Router->dispatch(Object(Illuminate\\Http\\Request))
#49 D:\\laragon\\www\\mirrormefashion\\vendor\\laravel\\framework\\src\\Illuminate\\Pipeline\\Pipeline.php(144): Illuminate\\Foundation\\Http\\Kernel->Illuminate\\Foundation\\Http\\{closure}(Object(Illuminate\\Http\\Request))
#50 D:\\laragon\\www\\mirrormefashion\\vendor\\barryvdh\\laravel-debugbar\\src\\Middleware\\InjectDebugbar.php(66): Illuminate\\Pipeline\\Pipeline->Illuminate\\Pipeline\\{closure}(Object(Illuminate\\Http\\Request))
#51 D:\\laragon\\www\\mirrormefashion\\vendor\\laravel\\framework\\src\\Illuminate\\Pipeline\\Pipeline.php(183): Barryvdh\\Debugbar\\Middleware\\InjectDebugbar->handle(Object(Illuminate\\Http\\Request), Object(Closure))
#52 D:\\laragon\\www\\mirrormefashion\\vendor\\laravel\\framework\\src\\Illuminate\\View\\Middleware\\ShareErrorsFromSession.php(49): Illuminate\\Pipeline\\Pipeline->Illuminate\\Pipeline\\{closure}(Object(Illuminate\\Http\\Request))
#53 D:\\laragon\\www\\mirrormefashion\\vendor\\laravel\\framework\\src\\Illuminate\\Pipeline\\Pipeline.php(183): Illuminate\\View\\Middleware\\ShareErrorsFromSession->handle(Object(Illuminate\\Http\\Request), Object(Closure))
#54 D:\\laragon\\www\\mirrormefashion\\vendor\\laravel\\framework\\src\\Illuminate\\Session\\Middleware\\StartSession.php(121): Illuminate\\Pipeline\\Pipeline->Illuminate\\Pipeline\\{closure}(Object(Illuminate\\Http\\Request))
#55 D:\\laragon\\www\\mirrormefashion\\vendor\\laravel\\framework\\src\\Illuminate\\Session\\Middleware\\StartSession.php(64): Illuminate\\Session\\Middleware\\StartSession->handleStatefulRequest(Object(Illuminate\\Http\\Request), Object(Illuminate\\Session\\Store), Object(Closure))
#56 D:\\laragon\\www\\mirrormefashion\\vendor\\laravel\\framework\\src\\Illuminate\\Pipeline\\Pipeline.php(183): Illuminate\\Session\\Middleware\\StartSession->handle(Object(Illuminate\\Http\\Request), Object(Closure))
#57 D:\\laragon\\www\\mirrormefashion\\vendor\\laravel\\framework\\src\\Illuminate\\Http\\Middleware\\TrustProxies.php(39): Illuminate\\Pipeline\\Pipeline->Illuminate\\Pipeline\\{closure}(Object(Illuminate\\Http\\Request))
#58 D:\\laragon\\www\\mirrormefashion\\vendor\\laravel\\framework\\src\\Illuminate\\Pipeline\\Pipeline.php(183): Illuminate\\Http\\Middleware\\TrustProxies->handle(Object(Illuminate\\Http\\Request), Object(Closure))
#59 D:\\laragon\\www\\mirrormefashion\\vendor\\laravel\\framework\\src\\Illuminate\\Foundation\\Http\\Middleware\\TransformsRequest.php(21): Illuminate\\Pipeline\\Pipeline->Illuminate\\Pipeline\\{closure}(Object(Illuminate\\Http\\Request))
#60 D:\\laragon\\www\\mirrormefashion\\vendor\\laravel\\framework\\src\\Illuminate\\Foundation\\Http\\Middleware\\ConvertEmptyStringsToNull.php(31): Illuminate\\Foundation\\Http\\Middleware\\TransformsRequest->handle(Object(Illuminate\\Http\\Request), Object(Closure))
#61 D:\\laragon\\www\\mirrormefashion\\vendor\\laravel\\framework\\src\\Illuminate\\Pipeline\\Pipeline.php(183): Illuminate\\Foundation\\Http\\Middleware\\ConvertEmptyStringsToNull->handle(Object(Illuminate\\Http\\Request), Object(Closure))
#62 D:\\laragon\\www\\mirrormefashion\\vendor\\laravel\\framework\\src\\Illuminate\\Foundation\\Http\\Middleware\\TransformsRequest.php(21): Illuminate\\Pipeline\\Pipeline->Illuminate\\Pipeline\\{closure}(Object(Illuminate\\Http\\Request))
#63 D:\\laragon\\www\\mirrormefashion\\vendor\\laravel\\framework\\src\\Illuminate\\Foundation\\Http\\Middleware\\TrimStrings.php(40): Illuminate\\Foundation\\Http\\Middleware\\TransformsRequest->handle(Object(Illuminate\\Http\\Request), Object(Closure))
#64 D:\\laragon\\www\\mirrormefashion\\vendor\\laravel\\framework\\src\\Illuminate\\Pipeline\\Pipeline.php(183): Illuminate\\Foundation\\Http\\Middleware\\TrimStrings->handle(Object(Illuminate\\Http\\Request), Object(Closure))
#65 D:\\laragon\\www\\mirrormefashion\\vendor\\laravel\\framework\\src\\Illuminate\\Foundation\\Http\\Middleware\\ValidatePostSize.php(27): Illuminate\\Pipeline\\Pipeline->Illuminate\\Pipeline\\{closure}(Object(Illuminate\\Http\\Request))
#66 D:\\laragon\\www\\mirrormefashion\\vendor\\laravel\\framework\\src\\Illuminate\\Pipeline\\Pipeline.php(183): Illuminate\\Foundation\\Http\\Middleware\\ValidatePostSize->handle(Object(Illuminate\\Http\\Request), Object(Closure))
#67 D:\\laragon\\www\\mirrormefashion\\vendor\\laravel\\framework\\src\\Illuminate\\Pipeline\\Pipeline.php(119): Illuminate\\Pipeline\\Pipeline->Illuminate\\Pipeline\\{closure}(Object(Illuminate\\Http\\Request))
#68 D:\\laragon\\www\\mirrormefashion\\vendor\\laravel\\framework\\src\\Illuminate\\Foundation\\Http\\Kernel.php(175): Illuminate\\Pipeline\\Pipeline->then(Object(Closure))
#69 D:\\laragon\\www\\mirrormefashion\\vendor\\laravel\\framework\\src\\Illuminate\\Foundation\\Http\\Kernel.php(144): Illuminate\\Foundation\\Http\\Kernel->sendRequestThroughRouter(Object(Illuminate\\Http\\Request))
#70 D:\\laragon\\www\\mirrormefashion\\index.php(56): Illuminate\\Foundation\\Http\\Kernel->handle(Object(Illuminate\\Http\\Request))
#71 {main}"} 
[2026-04-12 07:03:06] local.INFO: ParseBearerToken middleware invoked {"path":"/api/v2/analytics/creator","method":"GET","has_auth_header":true,"auth_header_preview":"Bearer 162|htku8Nbt0t7HbUxovVT...","is_bearer":true} 
[2026-04-12 07:03:06] local.INFO: Extracted bearer token {"token_preview":"162|htku8N...","token_length":52} 
[2026-04-12 07:03:06] local.INFO: Found personal access token {"token_id":162,"user_id":68,"revoked":null} 
[2026-04-12 07:03:06] local.INFO: User authenticated via bearer token {"user_id":68,"user_email":"freelancerzahedcreator@gmail.com"} 
[2026-04-12 07:03:06] local.ERROR: Analytics error {"error":"Array to string conversion","trace":"#0 D:\\laragon\\www\\mirrormefashion\\vendor\\laravel\\framework\\src\\Illuminate\\Foundation\\Bootstrap\\HandleExceptions.php(255): Illuminate\\Foundation\\Bootstrap\\HandleExceptions->handleError(2, 'Array to string...', 'D:\\\\laragon\\\\www\\\\...', 171)
#1 D:\\laragon\\www\\mirrormefashion\\app\\Http\\Controllers\\Api\\V2\\AnalyticsController.php(171): Illuminate\\Foundation\\Bootstrap\\HandleExceptions->Illuminate\\Foundation\\Bootstrap\\{closure}(2, 'Array to string...', 'D:\\\\laragon\\\\www\\\\...', 171)
#2 D:\\laragon\\www\\mirrormefashion\\app\\Http\\Controllers\\Api\\V2\\AnalyticsController.php(67): App\\Http\\Controllers\\Api\\V2\\AnalyticsController->calculateSizingBreakdown(Object(Illuminate\\Database\\Eloquent\\Collection))
#3 D:\\laragon\\www\\mirrormefashion\\vendor\\laravel\\framework\\src\\Illuminate\\Routing\\Controller.php(54): App\\Http\\Controllers\\Api\\V2\\AnalyticsController->getCreatorAnalytics(Object(Illuminate\\Http\\Request))
#4 D:\\laragon\\www\\mirrormefashion\\vendor\\laravel\\framework\\src\\Illuminate\\Routing\\ControllerDispatcher.php(43): Illuminate\\Routing\\Controller->callAction('getCreatorAnaly...', Array)
#5 D:\\laragon\\www\\mirrormefashion\\vendor\\laravel\\framework\\src\\Illuminate\\Routing\\Route.php(259): Illuminate\\Routing\\ControllerDispatcher->dispatch(Object(Illuminate\\Routing\\Route), Object(App\\Http\\Controllers\\Api\\V2\\AnalyticsController), 'getCreatorAnaly...')
#6 D:\\laragon\\www\\mirrormefashion\\vendor\\laravel\\framework\\src\\Illuminate\\Routing\\Route.php(205): Illuminate\\Routing\\Route->runController()
#7 D:\\laragon\\www\\mirrormefashion\\vendor\\laravel\\framework\\src\\Illuminate\\Routing\\Router.php(806): Illuminate\\Routing\\Route->run()
#8 D:\\laragon\\www\\mirrormefashion\\vendor\\laravel\\framework\\src\\Illuminate\\Pipeline\\Pipeline.php(144): Illuminate\\Routing\\Router->Illuminate\\Routing\\{closure}(Object(Illuminate\\Http\\Request))
#9 D:\\laragon\\www\\mirrormefashion\\app\\Http\\Middleware\\ParseBearerToken.php(98): Illuminate\\Pipeline\\Pipeline->Illuminate\\Pipeline\\{closure}(Object(Illuminate\\Http\\Request))
#10 D:\\laragon\\www\\mirrormefashion\\vendor\\laravel\\framework\\src\\Illuminate\\Pipeline\\Pipeline.php(183): App\\Http\\Middleware\\ParseBearerToken->handle(Object(Illuminate\\Http\\Request), Object(Closure))
#11 D:\\laragon\\www\\mirrormefashion\\app\\Http\\Middleware\\AppLanguage.php(35): Illuminate\\Pipeline\\Pipeline->Illuminate\\Pipeline\\{closure}(Object(Illuminate\\Http\\Request))
#12 D:\\laragon\\www\\mirrormefashion\\vendor\\laravel\\framework\\src\\Illuminate\\Pipeline\\Pipeline.php(183): App\\Http\\Middleware\\AppLanguage->handle(Object(Illuminate\\Http\\Request), Object(Closure))
#13 D:\\laragon\\www\\mirrormefashion\\app\\Http\\Middleware\\ApiJsonResponse.php(22): Illuminate\\Pipeline\\Pipeline->Illuminate\\Pipeline\\{closure}(Object(Illuminate\\Http\\Request))
#14 D:\\laragon\\www\\mirrormefashion\\vendor\\laravel\\framework\\src\\Illuminate\\Pipeline\\Pipeline.php(183): App\\Http\\Middleware\\ApiJsonResponse->handle(Object(Illuminate\\Http\\Request), Object(Closure))
#15 D:\\laragon\\www\\mirrormefashion\\app\\Http\\Middleware\\CheckForMaintenanceMode.php(64): Illuminate\\Pipeline\\Pipeline->Illuminate\\Pipeline\\{closure}(Object(Illuminate\\Http\\Request))
#16 D:\\laragon\\www\\mirrormefashion\\vendor\\laravel\\framework\\src\\Illuminate\\Pipeline\\Pipeline.php(183): App\\Http\\Middleware\\CheckForMaintenanceMode->handle(Object(Illuminate\\Http\\Request), Object(Closure))
#17 D:\\laragon\\www\\mirrormefashion\\vendor\\laravel\\framework\\src\\Illuminate\\Routing\\Middleware\\SubstituteBindings.php(50): Illuminate\\Pipeline\\Pipeline->Illuminate\\Pipeline\\{closure}(Object(Illuminate\\Http\\Request))
#18 D:\\laragon\\www\\mirrormefashion\\vendor\\laravel\\framework\\src\\Illuminate\\Pipeline\\Pipeline.php(183): Illuminate\\Routing\\Middleware\\SubstituteBindings->handle(Object(Illuminate\\Http\\Request), Object(Closure))
#19 D:\\laragon\\www\\mirrormefashion\\vendor\\laravel\\framework\\src\\Illuminate\\Auth\\Middleware\\Authenticate.php(57): Illuminate\\Pipeline\\Pipeline->Illuminate\\Pipeline\\{closure}(Object(Illuminate\\Http\\Request))
#20 D:\\laragon\\www\\mirrormefashion\\vendor\\laravel\\framework\\src\\Illuminate\\Pipeline\\Pipeline.php(183): Illuminate\\Auth\\Middleware\\Authenticate->handle(Object(Illuminate\\Http\\Request), Object(Closure), 'sanctum')
#21 D:\\laragon\\www\\mirrormefashion\\vendor\\laravel\\framework\\src\\Illuminate\\Routing\\Middleware\\ThrottleRequests.php(159): Illuminate\\Pipeline\\Pipeline->Illuminate\\Pipeline\\{closure}(Object(Illuminate\\Http\\Request))
#22 D:\\laragon\\www\\mirrormefashion\\vendor\\laravel\\framework\\src\\Illuminate\\Routing\\Middleware\\ThrottleRequests.php(125): Illuminate\\Routing\\Middleware\\ThrottleRequests->handleRequest(Object(Illuminate\\Http\\Request), Object(Closure), Array)
#23 D:\\laragon\\www\\mirrormefashion\\vendor\\laravel\\framework\\src\\Illuminate\\Routing\\Middleware\\ThrottleRequests.php(87): Illuminate\\Routing\\Middleware\\ThrottleRequests->handleRequestUsingNamedLimiter(Object(Illuminate\\Http\\Request), Object(Closure), 'api', Object(Closure))
#24 D:\\laragon\\www\\mirrormefashion\\vendor\\laravel\\framework\\src\\Illuminate\\Pipeline\\Pipeline.php(183): Illuminate\\Routing\\Middleware\\ThrottleRequests->handle(Object(Illuminate\\Http\\Request), Object(Closure), 'api')
#25 D:\\laragon\\www\\mirrormefashion\\vendor\\laravel\\sanctum\\src\\Http\\Middleware\\EnsureFrontendRequestsAreStateful.php(25): Illuminate\\Pipeline\\Pipeline->Illuminate\\Pipeline\\{closure}(Object(Illuminate\\Http\\Request))
#26 D:\\laragon\\www\\mirrormefashion\\vendor\\laravel\\framework\\src\\Illuminate\\Pipeline\\Pipeline.php(144): Laravel\\Sanctum\\Http\\Middleware\\EnsureFrontendRequestsAreStateful->Laravel\\Sanctum\\Http\\Middleware\\{closure}(Object(Illuminate\\Http\\Request))
#27 D:\\laragon\\www\\mirrormefashion\\vendor\\laravel\\framework\\src\\Illuminate\\Foundation\\Http\\Middleware\\VerifyCsrfToken.php(78): Illuminate\\Pipeline\\Pipeline->Illuminate\\Pipeline\\{closure}(Object(Illuminate\\Http\\Request))
#28 D:\\laragon\\www\\mirrormefashion\\vendor\\laravel\\framework\\src\\Illuminate\\Pipeline\\Pipeline.php(183): Illuminate\\Foundation\\Http\\Middleware\\VerifyCsrfToken->handle(Object(Illuminate\\Http\\Request), Object(Closure))
#29 D:\\laragon\\www\\mirrormefashion\\vendor\\laravel\\framework\\src\\Illuminate\\Session\\Middleware\\StartSession.php(121): Illuminate\\Pipeline\\Pipeline->Illuminate\\Pipeline\\{closure}(Object(Illuminate\\Http\\Request))
#30 D:\\laragon\\www\\mirrormefashion\\vendor\\laravel\\framework\\src\\Illuminate\\Session\\Middleware\\StartSession.php(64): Illuminate\\Session\\Middleware\\StartSession->handleStatefulRequest(Object(Illuminate\\Http\\Request), Object(Illuminate\\Session\\Store), Object(Closure))
#31 D:\\laragon\\www\\mirrormefashion\\vendor\\laravel\\framework\\src\\Illuminate\\Pipeline\\Pipeline.php(183): Illuminate\\Session\\Middleware\\StartSession->handle(Object(Illuminate\\Http\\Request), Object(Closure))
#32 D:\\laragon\\www\\mirrormefashion\\vendor\\laravel\\framework\\src\\Illuminate\\Cookie\\Middleware\\AddQueuedCookiesToResponse.php(37): Illuminate\\Pipeline\\Pipeline->Illuminate\\Pipeline\\{closure}(Object(Illuminate\\Http\\Request))
#33 D:\\laragon\\www\\mirrormefashion\\vendor\\laravel\\framework\\src\\Illuminate\\Pipeline\\Pipeline.php(183): Illuminate\\Cookie\\Middleware\\AddQueuedCookiesToResponse->handle(Object(Illuminate\\Http\\Request), Object(Closure))
#34 D:\\laragon\\www\\mirrormefashion\\vendor\\laravel\\framework\\src\\Illuminate\\Cookie\\Middleware\\EncryptCookies.php(67): Illuminate\\Pipeline\\Pipeline->Illuminate\\Pipeline\\{closure}(Object(Illuminate\\Http\\Request))
#35 D:\\laragon\\www\\mirrormefashion\\vendor\\laravel\\framework\\src\\Illuminate\\Pipeline\\Pipeline.php(183): Illuminate\\Cookie\\Middleware\\EncryptCookies->handle(Object(Illuminate\\Http\\Request), Object(Closure))
#36 D:\\laragon\\www\\mirrormefashion\\vendor\\laravel\\sanctum\\src\\Http\\Middleware\\EnsureFrontendRequestsAreStateful.php(61): Illuminate\\Pipeline\\Pipeline->Illuminate\\Pipeline\\{closure}(Object(Illuminate\\Http\\Request))
#37 D:\\laragon\\www\\mirrormefashion\\vendor\\laravel\\framework\\src\\Illuminate\\Pipeline\\Pipeline.php(165): Laravel\\Sanctum\\Http\\Middleware\\EnsureFrontendRequestsAreStateful->Laravel\\Sanctum\\Http\\Middleware\\{closure}(Object(Illuminate\\Http\\Request), Object(Closure))
#38 D:\\laragon\\www\\mirrormefashion\\vendor\\laravel\\framework\\src\\Illuminate\\Pipeline\\Pipeline.php(119): Illuminate\\Pipeline\\Pipeline->Illuminate\\Pipeline\\{closure}(Object(Illuminate\\Http\\Request))
#39 D:\\laragon\\www\\mirrormefashion\\vendor\\laravel\\sanctum\\src\\Http\\Middleware\\EnsureFrontendRequestsAreStateful.php(24): Illuminate\\Pipeline\\Pipeline->then(Object(Closure))
#40 D:\\laragon\\www\\mirrormefashion\\vendor\\laravel\\framework\\src\\Illuminate\\Pipeline\\Pipeline.php(183): Laravel\\Sanctum\\Http\\Middleware\\EnsureFrontendRequestsAreStateful->handle(Object(Illuminate\\Http\\Request), Object(Closure))
#41 D:\\laragon\\www\\mirrormefashion\\app\\Http\\Middleware\\CorsMiddleware.php(32): Illuminate\\Pipeline\\Pipeline->Illuminate\\Pipeline\\{closure}(Object(Illuminate\\Http\\Request))
#42 D:\\laragon\\www\\mirrormefashion\\vendor\\laravel\\framework\\src\\Illuminate\\Pipeline\\Pipeline.php(183): App\\Http\\Middleware\\CorsMiddleware->handle(Object(Illuminate\\Http\\Request), Object(Closure))
#43 D:\\laragon\\www\\mirrormefashion\\vendor\\laravel\\framework\\src\\Illuminate\\Pipeline\\Pipeline.php(119): Illuminate\\Pipeline\\Pipeline->Illuminate\\Pipeline\\{closure}(Object(Illuminate\\Http\\Request))
#44 D:\\laragon\\www\\mirrormefashion\\vendor\\laravel\\framework\\src\\Illuminate\\Routing\\Router.php(805): Illuminate\\Pipeline\\Pipeline->then(Object(Closure))
#45 D:\\laragon\\www\\mirrormefashion\\vendor\\laravel\\framework\\src\\Illuminate\\Routing\\Router.php(784): Illuminate\\Routing\\Router->runRouteWithinStack(Object(Illuminate\\Routing\\Route), Object(Illuminate\\Http\\Request))
#46 D:\\laragon\\www\\mirrormefashion\\vendor\\laravel\\framework\\src\\Illuminate\\Routing\\Router.php(748): Illuminate\\Routing\\Router->runRoute(Object(Illuminate\\Http\\Request), Object(Illuminate\\Routing\\Route))
#47 D:\\laragon\\www\\mirrormefashion\\vendor\\laravel\\framework\\src\\Illuminate\\Routing\\Router.php(737): Illuminate\\Routing\\Router->dispatchToRoute(Object(Illuminate\\Http\\Request))
#48 D:\\laragon\\www\\mirrormefashion\\vendor\\laravel\\framework\\src\\Illuminate\\Foundation\\Http\\Kernel.php(200): Illuminate\\Routing\\Router->dispatch(Object(Illuminate\\Http\\Request))
#49 D:\\laragon\\www\\mirrormefashion\\vendor\\laravel\\framework\\src\\Illuminate\\Pipeline\\Pipeline.php(144): Illuminate\\Foundation\\Http\\Kernel->Illuminate\\Foundation\\Http\\{closure}(Object(Illuminate\\Http\\Request))
#50 D:\\laragon\\www\\mirrormefashion\\vendor\\barryvdh\\laravel-debugbar\\src\\Middleware\\InjectDebugbar.php(66): Illuminate\\Pipeline\\Pipeline->Illuminate\\Pipeline\\{closure}(Object(Illuminate\\Http\\Request))
#51 D:\\laragon\\www\\mirrormefashion\\vendor\\laravel\\framework\\src\\Illuminate\\Pipeline\\Pipeline.php(183): Barryvdh\\Debugbar\\Middleware\\InjectDebugbar->handle(Object(Illuminate\\Http\\Request), Object(Closure))
#52 D:\\laragon\\www\\mirrormefashion\\vendor\\laravel\\framework\\src\\Illuminate\\View\\Middleware\\ShareErrorsFromSession.php(49): Illuminate\\Pipeline\\Pipeline->Illuminate\\Pipeline\\{closure}(Object(Illuminate\\Http\\Request))
#53 D:\\laragon\\www\\mirrormefashion\\vendor\\laravel\\framework\\src\\Illuminate\\Pipeline\\Pipeline.php(183): Illuminate\\View\\Middleware\\ShareErrorsFromSession->handle(Object(Illuminate\\Http\\Request), Object(Closure))
#54 D:\\laragon\\www\\mirrormefashion\\vendor\\laravel\\framework\\src\\Illuminate\\Session\\Middleware\\StartSession.php(121): Illuminate\\Pipeline\\Pipeline->Illuminate\\Pipeline\\{closure}(Object(Illuminate\\Http\\Request))
#55 D:\\laragon\\www\\mirrormefashion\\vendor\\laravel\\framework\\src\\Illuminate\\Session\\Middleware\\StartSession.php(64): Illuminate\\Session\\Middleware\\StartSession->handleStatefulRequest(Object(Illuminate\\Http\\Request), Object(Illuminate\\Session\\Store), Object(Closure))
#56 D:\\laragon\\www\\mirrormefashion\\vendor\\laravel\\framework\\src\\Illuminate\\Pipeline\\Pipeline.php(183): Illuminate\\Session\\Middleware\\StartSession->handle(Object(Illuminate\\Http\\Request), Object(Closure))
#57 D:\\laragon\\www\\mirrormefashion\\vendor\\laravel\\framework\\src\\Illuminate\\Http\\Middleware\\TrustProxies.php(39): Illuminate\\Pipeline\\Pipeline->Illuminate\\Pipeline\\{closure}(Object(Illuminate\\Http\\Request))
#58 D:\\laragon\\www\\mirrormefashion\\vendor\\laravel\\framework\\src\\Illuminate\\Pipeline\\Pipeline.php(183): Illuminate\\Http\\Middleware\\TrustProxies->handle(Object(Illuminate\\Http\\Request), Object(Closure))
#59 D:\\laragon\\www\\mirrormefashion\\vendor\\laravel\\framework\\src\\Illuminate\\Foundation\\Http\\Middleware\\TransformsRequest.php(21): Illuminate\\Pipeline\\Pipeline->Illuminate\\Pipeline\\{closure}(Object(Illuminate\\Http\\Request))
#60 D:\\laragon\\www\\mirrormefashion\\vendor\\laravel\\framework\\src\\Illuminate\\Foundation\\Http\\Middleware\\ConvertEmptyStringsToNull.php(31): Illuminate\\Foundation\\Http\\Middleware\\TransformsRequest->handle(Object(Illuminate\\Http\\Request), Object(Closure))
#61 D:\\laragon\\www\\mirrormefashion\\vendor\\laravel\\framework\\src\\Illuminate\\Pipeline\\Pipeline.php(183): Illuminate\\Foundation\\Http\\Middleware\\ConvertEmptyStringsToNull->handle(Object(Illuminate\\Http\\Request), Object(Closure))
#62 D:\\laragon\\www\\mirrormefashion\\vendor\\laravel\\framework\\src\\Illuminate\\Foundation\\Http\\Middleware\\TransformsRequest.php(21): Illuminate\\Pipeline\\Pipeline->Illuminate\\Pipeline\\{closure}(Object(Illuminate\\Http\\Request))
#63 D:\\laragon\\www\\mirrormefashion\\vendor\\laravel\\framework\\src\\Illuminate\\Foundation\\Http\\Middleware\\TrimStrings.php(40): Illuminate\\Foundation\\Http\\Middleware\\TransformsRequest->handle(Object(Illuminate\\Http\\Request), Object(Closure))
#64 D:\\laragon\\www\\mirrormefashion\\vendor\\laravel\\framework\\src\\Illuminate\\Pipeline\\Pipeline.php(183): Illuminate\\Foundation\\Http\\Middleware\\TrimStrings->handle(Object(Illuminate\\Http\\Request), Object(Closure))
#65 D:\\laragon\\www\\mirrormefashion\\vendor\\laravel\\framework\\src\\Illuminate\\Foundation\\Http\\Middleware\\ValidatePostSize.php(27): Illuminate\\Pipeline\\Pipeline->Illuminate\\Pipeline\\{closure}(Object(Illuminate\\Http\\Request))
#66 D:\\laragon\\www\\mirrormefashion\\vendor\\laravel\\framework\\src\\Illuminate\\Pipeline\\Pipeline.php(183): Illuminate\\Foundation\\Http\\Middleware\\ValidatePostSize->handle(Object(Illuminate\\Http\\Request), Object(Closure))
#67 D:\\laragon\\www\\mirrormefashion\\vendor\\laravel\\framework\\src\\Illuminate\\Pipeline\\Pipeline.php(119): Illuminate\\Pipeline\\Pipeline->Illuminate\\Pipeline\\{closure}(Object(Illuminate\\Http\\Request))
#68 D:\\laragon\\www\\mirrormefashion\\vendor\\laravel\\framework\\src\\Illuminate\\Foundation\\Http\\Kernel.php(175): Illuminate\\Pipeline\\Pipeline->then(Object(Closure))
#69 D:\\laragon\\www\\mirrormefashion\\vendor\\laravel\\framework\\src\\Illuminate\\Foundation\\Http\\Kernel.php(144): Illuminate\\Foundation\\Http\\Kernel->sendRequestThroughRouter(Object(Illuminate\\Http\\Request))
#70 D:\\laragon\\www\\mirrormefashion\\index.php(56): Illuminate\\Foundation\\Http\\Kernel->handle(Object(Illuminate\\Http\\Request))
#71 {main}"} 
[2026-04-12 07:08:37] local.INFO: ParseBearerToken middleware invoked {"path":"/api/v2/analytics/creator","method":"GET","has_auth_header":true,"auth_header_preview":"Bearer 162|htku8Nbt0t7HbUxovVT...","is_bearer":true} 
[2026-04-12 07:08:37] local.INFO: Extracted bearer token {"token_preview":"162|htku8N...","token_length":52} 
[2026-04-12 07:08:37] local.INFO: Found personal access token {"token_id":162,"user_id":68,"revoked":null} 
[2026-04-12 07:08:37] local.INFO: User authenticated via bearer token {"user_id":68,"user_email":"freelancerzahedcreator@gmail.com"} 
[2026-04-12 07:08:37] local.ERROR: Analytics error {"error":"Array to string conversion","trace":"#0 D:\\laragon\\www\\mirrormefashion\\vendor\\laravel\\framework\\src\\Illuminate\\Foundation\\Bootstrap\\HandleExceptions.php(255): Illuminate\\Foundation\\Bootstrap\\HandleExceptions->handleError(2, 'Array to string...', 'D:\\\\laragon\\\\www\\\\...', 171)
#1 D:\\laragon\\www\\mirrormefashion\\app\\Http\\Controllers\\Api\\V2\\AnalyticsController.php(171): Illuminate\\Foundation\\Bootstrap\\HandleExceptions->Illuminate\\Foundation\\Bootstrap\\{closure}(2, 'Array to string...', 'D:\\\\laragon\\\\www\\\\...', 171)
#2 D:\\laragon\\www\\mirrormefashion\\app\\Http\\Controllers\\Api\\V2\\AnalyticsController.php(67): App\\Http\\Controllers\\Api\\V2\\AnalyticsController->calculateSizingBreakdown(Object(Illuminate\\Database\\Eloquent\\Collection))
#3 D:\\laragon\\www\\mirrormefashion\\vendor\\laravel\\framework\\src\\Illuminate\\Routing\\Controller.php(54): App\\Http\\Controllers\\Api\\V2\\AnalyticsController->getCreatorAnalytics(Object(Illuminate\\Http\\Request))
#4 D:\\laragon\\www\\mirrormefashion\\vendor\\laravel\\framework\\src\\Illuminate\\Routing\\ControllerDispatcher.php(43): Illuminate\\Routing\\Controller->callAction('getCreatorAnaly...', Array)
#5 D:\\laragon\\www\\mirrormefashion\\vendor\\laravel\\framework\\src\\Illuminate\\Routing\\Route.php(259): Illuminate\\Routing\\ControllerDispatcher->dispatch(Object(Illuminate\\Routing\\Route), Object(App\\Http\\Controllers\\Api\\V2\\AnalyticsController), 'getCreatorAnaly...')
#6 D:\\laragon\\www\\mirrormefashion\\vendor\\laravel\\framework\\src\\Illuminate\\Routing\\Route.php(205): Illuminate\\Routing\\Route->runController()
#7 D:\\laragon\\www\\mirrormefashion\\vendor\\laravel\\framework\\src\\Illuminate\\Routing\\Router.php(806): Illuminate\\Routing\\Route->run()
#8 D:\\laragon\\www\\mirrormefashion\\vendor\\laravel\\framework\\src\\Illuminate\\Pipeline\\Pipeline.php(144): Illuminate\\Routing\\Router->Illuminate\\Routing\\{closure}(Object(Illuminate\\Http\\Request))
#9 D:\\laragon\\www\\mirrormefashion\\app\\Http\\Middleware\\ParseBearerToken.php(98): Illuminate\\Pipeline\\Pipeline->Illuminate\\Pipeline\\{closure}(Object(Illuminate\\Http\\Request))
#10 D:\\laragon\\www\\mirrormefashion\\vendor\\laravel\\framework\\src\\Illuminate\\Pipeline\\Pipeline.php(183): App\\Http\\Middleware\\ParseBearerToken->handle(Object(Illuminate\\Http\\Request), Object(Closure))
#11 D:\\laragon\\www\\mirrormefashion\\app\\Http\\Middleware\\AppLanguage.php(35): Illuminate\\Pipeline\\Pipeline->Illuminate\\Pipeline\\{closure}(Object(Illuminate\\Http\\Request))
#12 D:\\laragon\\www\\mirrormefashion\\vendor\\laravel\\framework\\src\\Illuminate\\Pipeline\\Pipeline.php(183): App\\Http\\Middleware\\AppLanguage->handle(Object(Illuminate\\Http\\Request), Object(Closure))
#13 D:\\laragon\\www\\mirrormefashion\\app\\Http\\Middleware\\ApiJsonResponse.php(22): Illuminate\\Pipeline\\Pipeline->Illuminate\\Pipeline\\{closure}(Object(Illuminate\\Http\\Request))
#14 D:\\laragon\\www\\mirrormefashion\\vendor\\laravel\\framework\\src\\Illuminate\\Pipeline\\Pipeline.php(183): App\\Http\\Middleware\\ApiJsonResponse->handle(Object(Illuminate\\Http\\Request), Object(Closure))
#15 D:\\laragon\\www\\mirrormefashion\\app\\Http\\Middleware\\CheckForMaintenanceMode.php(64): Illuminate\\Pipeline\\Pipeline->Illuminate\\Pipeline\\{closure}(Object(Illuminate\\Http\\Request))
#16 D:\\laragon\\www\\mirrormefashion\\vendor\\laravel\\framework\\src\\Illuminate\\Pipeline\\Pipeline.php(183): App\\Http\\Middleware\\CheckForMaintenanceMode->handle(Object(Illuminate\\Http\\Request), Object(Closure))
#17 D:\\laragon\\www\\mirrormefashion\\vendor\\laravel\\framework\\src\\Illuminate\\Routing\\Middleware\\SubstituteBindings.php(50): Illuminate\\Pipeline\\Pipeline->Illuminate\\Pipeline\\{closure}(Object(Illuminate\\Http\\Request))
#18 D:\\laragon\\www\\mirrormefashion\\vendor\\laravel\\framework\\src\\Illuminate\\Pipeline\\Pipeline.php(183): Illuminate\\Routing\\Middleware\\SubstituteBindings->handle(Object(Illuminate\\Http\\Request), Object(Closure))
#19 D:\\laragon\\www\\mirrormefashion\\vendor\\laravel\\framework\\src\\Illuminate\\Auth\\Middleware\\Authenticate.php(57): Illuminate\\Pipeline\\Pipeline->Illuminate\\Pipeline\\{closure}(Object(Illuminate\\Http\\Request))
#20 D:\\laragon\\www\\mirrormefashion\\vendor\\laravel\\framework\\src\\Illuminate\\Pipeline\\Pipeline.php(183): Illuminate\\Auth\\Middleware\\Authenticate->handle(Object(Illuminate\\Http\\Request), Object(Closure), 'sanctum')
#21 D:\\laragon\\www\\mirrormefashion\\vendor\\laravel\\framework\\src\\Illuminate\\Routing\\Middleware\\ThrottleRequests.php(159): Illuminate\\Pipeline\\Pipeline->Illuminate\\Pipeline\\{closure}(Object(Illuminate\\Http\\Request))
#22 D:\\laragon\\www\\mirrormefashion\\vendor\\laravel\\framework\\src\\Illuminate\\Routing\\Middleware\\ThrottleRequests.php(125): Illuminate\\Routing\\Middleware\\ThrottleRequests->handleRequest(Object(Illuminate\\Http\\Request), Object(Closure), Array)
#23 D:\\laragon\\www\\mirrormefashion\\vendor\\laravel\\framework\\src\\Illuminate\\Routing\\Middleware\\ThrottleRequests.php(87): Illuminate\\Routing\\Middleware\\ThrottleRequests->handleRequestUsingNamedLimiter(Object(Illuminate\\Http\\Request), Object(Closure), 'api', Object(Closure))
#24 D:\\laragon\\www\\mirrormefashion\\vendor\\laravel\\framework\\src\\Illuminate\\Pipeline\\Pipeline.php(183): Illuminate\\Routing\\Middleware\\ThrottleRequests->handle(Object(Illuminate\\Http\\Request), Object(Closure), 'api')
#25 D:\\laragon\\www\\mirrormefashion\\vendor\\laravel\\sanctum\\src\\Http\\Middleware\\EnsureFrontendRequestsAreStateful.php(25): Illuminate\\Pipeline\\Pipeline->Illuminate\\Pipeline\\{closure}(Object(Illuminate\\Http\\Request))
#26 D:\\laragon\\www\\mirrormefashion\\vendor\\laravel\\framework\\src\\Illuminate\\Pipeline\\Pipeline.php(144): Laravel\\Sanctum\\Http\\Middleware\\EnsureFrontendRequestsAreStateful->Laravel\\Sanctum\\Http\\Middleware\\{closure}(Object(Illuminate\\Http\\Request))
#27 D:\\laragon\\www\\mirrormefashion\\vendor\\laravel\\framework\\src\\Illuminate\\Foundation\\Http\\Middleware\\VerifyCsrfToken.php(78): Illuminate\\Pipeline\\Pipeline->Illuminate\\Pipeline\\{closure}(Object(Illuminate\\Http\\Request))
#28 D:\\laragon\\www\\mirrormefashion\\vendor\\laravel\\framework\\src\\Illuminate\\Pipeline\\Pipeline.php(183): Illuminate\\Foundation\\Http\\Middleware\\VerifyCsrfToken->handle(Object(Illuminate\\Http\\Request), Object(Closure))
#29 D:\\laragon\\www\\mirrormefashion\\vendor\\laravel\\framework\\src\\Illuminate\\Session\\Middleware\\StartSession.php(121): Illuminate\\Pipeline\\Pipeline->Illuminate\\Pipeline\\{closure}(Object(Illuminate\\Http\\Request))
#30 D:\\laragon\\www\\mirrormefashion\\vendor\\laravel\\framework\\src\\Illuminate\\Session\\Middleware\\StartSession.php(64): Illuminate\\Session\\Middleware\\StartSession->handleStatefulRequest(Object(Illuminate\\Http\\Request), Object(Illuminate\\Session\\Store), Object(Closure))
#31 D:\\laragon\\www\\mirrormefashion\\vendor\\laravel\\framework\\src\\Illuminate\\Pipeline\\Pipeline.php(183): Illuminate\\Session\\Middleware\\StartSession->handle(Object(Illuminate\\Http\\Request), Object(Closure))
#32 D:\\laragon\\www\\mirrormefashion\\vendor\\laravel\\framework\\src\\Illuminate\\Cookie\\Middleware\\AddQueuedCookiesToResponse.php(37): Illuminate\\Pipeline\\Pipeline->Illuminate\\Pipeline\\{closure}(Object(Illuminate\\Http\\Request))
#33 D:\\laragon\\www\\mirrormefashion\\vendor\\laravel\\framework\\src\\Illuminate\\Pipeline\\Pipeline.php(183): Illuminate\\Cookie\\Middleware\\AddQueuedCookiesToResponse->handle(Object(Illuminate\\Http\\Request), Object(Closure))
#34 D:\\laragon\\www\\mirrormefashion\\vendor\\laravel\\framework\\src\\Illuminate\\Cookie\\Middleware\\EncryptCookies.php(67): Illuminate\\Pipeline\\Pipeline->Illuminate\\Pipeline\\{closure}(Object(Illuminate\\Http\\Request))
#35 D:\\laragon\\www\\mirrormefashion\\vendor\\laravel\\framework\\src\\Illuminate\\Pipeline\\Pipeline.php(183): Illuminate\\Cookie\\Middleware\\EncryptCookies->handle(Object(Illuminate\\Http\\Request), Object(Closure))
#36 D:\\laragon\\www\\mirrormefashion\\vendor\\laravel\\sanctum\\src\\Http\\Middleware\\EnsureFrontendRequestsAreStateful.php(61): Illuminate\\Pipeline\\Pipeline->Illuminate\\Pipeline\\{closure}(Object(Illuminate\\Http\\Request))
#37 D:\\laragon\\www\\mirrormefashion\\vendor\\laravel\\framework\\src\\Illuminate\\Pipeline\\Pipeline.php(165): Laravel\\Sanctum\\Http\\Middleware\\EnsureFrontendRequestsAreStateful->Laravel\\Sanctum\\Http\\Middleware\\{closure}(Object(Illuminate\\Http\\Request), Object(Closure))
#38 D:\\laragon\\www\\mirrormefashion\\vendor\\laravel\\framework\\src\\Illuminate\\Pipeline\\Pipeline.php(119): Illuminate\\Pipeline\\Pipeline->Illuminate\\Pipeline\\{closure}(Object(Illuminate\\Http\\Request))
#39 D:\\laragon\\www\\mirrormefashion\\vendor\\laravel\\sanctum\\src\\Http\\Middleware\\EnsureFrontendRequestsAreStateful.php(24): Illuminate\\Pipeline\\Pipeline->then(Object(Closure))
#40 D:\\laragon\\www\\mirrormefashion\\vendor\\laravel\\framework\\src\\Illuminate\\Pipeline\\Pipeline.php(183): Laravel\\Sanctum\\Http\\Middleware\\EnsureFrontendRequestsAreStateful->handle(Object(Illuminate\\Http\\Request), Object(Closure))
#41 D:\\laragon\\www\\mirrormefashion\\app\\Http\\Middleware\\CorsMiddleware.php(32): Illuminate\\Pipeline\\Pipeline->Illuminate\\Pipeline\\{closure}(Object(Illuminate\\Http\\Request))
#42 D:\\laragon\\www\\mirrormefashion\\vendor\\laravel\\framework\\src\\Illuminate\\Pipeline\\Pipeline.php(183): App\\Http\\Middleware\\CorsMiddleware->handle(Object(Illuminate\\Http\\Request), Object(Closure))
#43 D:\\laragon\\www\\mirrormefashion\\vendor\\laravel\\framework\\src\\Illuminate\\Pipeline\\Pipeline.php(119): Illuminate\\Pipeline\\Pipeline->Illuminate\\Pipeline\\{closure}(Object(Illuminate\\Http\\Request))
#44 D:\\laragon\\www\\mirrormefashion\\vendor\\laravel\\framework\\src\\Illuminate\\Routing\\Router.php(805): Illuminate\\Pipeline\\Pipeline->then(Object(Closure))
#45 D:\\laragon\\www\\mirrormefashion\\vendor\\laravel\\framework\\src\\Illuminate\\Routing\\Router.php(784): Illuminate\\Routing\\Router->runRouteWithinStack(Object(Illuminate\\Routing\\Route), Object(Illuminate\\Http\\Request))
#46 D:\\laragon\\www\\mirrormefashion\\vendor\\laravel\\framework\\src\\Illuminate\\Routing\\Router.php(748): Illuminate\\Routing\\Router->runRoute(Object(Illuminate\\Http\\Request), Object(Illuminate\\Routing\\Route))
#47 D:\\laragon\\www\\mirrormefashion\\vendor\\laravel\\framework\\src\\Illuminate\\Routing\\Router.php(737): Illuminate\\Routing\\Router->dispatchToRoute(Object(Illuminate\\Http\\Request))
#48 D:\\laragon\\www\\mirrormefashion\\vendor\\laravel\\framework\\src\\Illuminate\\Foundation\\Http\\Kernel.php(200): Illuminate\\Routing\\Router->dispatch(Object(Illuminate\\Http\\Request))
#49 D:\\laragon\\www\\mirrormefashion\\vendor\\laravel\\framework\\src\\Illuminate\\Pipeline\\Pipeline.php(144): Illuminate\\Foundation\\Http\\Kernel->Illuminate\\Foundation\\Http\\{closure}(Object(Illuminate\\Http\\Request))
#50 D:\\laragon\\www\\mirrormefashion\\vendor\\barryvdh\\laravel-debugbar\\src\\Middleware\\InjectDebugbar.php(66): Illuminate\\Pipeline\\Pipeline->Illuminate\\Pipeline\\{closure}(Object(Illuminate\\Http\\Request))
#51 D:\\laragon\\www\\mirrormefashion\\vendor\\laravel\\framework\\src\\Illuminate\\Pipeline\\Pipeline.php(183): Barryvdh\\Debugbar\\Middleware\\InjectDebugbar->handle(Object(Illuminate\\Http\\Request), Object(Closure))
#52 D:\\laragon\\www\\mirrormefashion\\vendor\\laravel\\framework\\src\\Illuminate\\View\\Middleware\\ShareErrorsFromSession.php(49): Illuminate\\Pipeline\\Pipeline->Illuminate\\Pipeline\\{closure}(Object(Illuminate\\Http\\Request))
#53 D:\\laragon\\www\\mirrormefashion\\vendor\\laravel\\framework\\src\\Illuminate\\Pipeline\\Pipeline.php(183): Illuminate\\View\\Middleware\\ShareErrorsFromSession->handle(Object(Illuminate\\Http\\Request), Object(Closure))
#54 D:\\laragon\\www\\mirrormefashion\\vendor\\laravel\\framework\\src\\Illuminate\\Session\\Middleware\\StartSession.php(121): Illuminate\\Pipeline\\Pipeline->Illuminate\\Pipeline\\{closure}(Object(Illuminate\\Http\\Request))
#55 D:\\laragon\\www\\mirrormefashion\\vendor\\laravel\\framework\\src\\Illuminate\\Session\\Middleware\\StartSession.php(64): Illuminate\\Session\\Middleware\\StartSession->handleStatefulRequest(Object(Illuminate\\Http\\Request), Object(Illuminate\\Session\\Store), Object(Closure))
#56 D:\\laragon\\www\\mirrormefashion\\vendor\\laravel\\framework\\src\\Illuminate\\Pipeline\\Pipeline.php(183): Illuminate\\Session\\Middleware\\StartSession->handle(Object(Illuminate\\Http\\Request), Object(Closure))
#57 D:\\laragon\\www\\mirrormefashion\\vendor\\laravel\\framework\\src\\Illuminate\\Http\\Middleware\\TrustProxies.php(39): Illuminate\\Pipeline\\Pipeline->Illuminate\\Pipeline\\{closure}(Object(Illuminate\\Http\\Request))
#58 D:\\laragon\\www\\mirrormefashion\\vendor\\laravel\\framework\\src\\Illuminate\\Pipeline\\Pipeline.php(183): Illuminate\\Http\\Middleware\\TrustProxies->handle(Object(Illuminate\\Http\\Request), Object(Closure))
#59 D:\\laragon\\www\\mirrormefashion\\vendor\\laravel\\framework\\src\\Illuminate\\Foundation\\Http\\Middleware\\TransformsRequest.php(21): Illuminate\\Pipeline\\Pipeline->Illuminate\\Pipeline\\{closure}(Object(Illuminate\\Http\\Request))
#60 D:\\laragon\\www\\mirrormefashion\\vendor\\laravel\\framework\\src\\Illuminate\\Foundation\\Http\\Middleware\\ConvertEmptyStringsToNull.php(31): Illuminate\\Foundation\\Http\\Middleware\\TransformsRequest->handle(Object(Illuminate\\Http\\Request), Object(Closure))
#61 D:\\laragon\\www\\mirrormefashion\\vendor\\laravel\\framework\\src\\Illuminate\\Pipeline\\Pipeline.php(183): Illuminate\\Foundation\\Http\\Middleware\\ConvertEmptyStringsToNull->handle(Object(Illuminate\\Http\\Request), Object(Closure))
#62 D:\\laragon\\www\\mirrormefashion\\vendor\\laravel\\framework\\src\\Illuminate\\Foundation\\Http\\Middleware\\TransformsRequest.php(21): Illuminate\\Pipeline\\Pipeline->Illuminate\\Pipeline\\{closure}(Object(Illuminate\\Http\\Request))
#63 D:\\laragon\\www\\mirrormefashion\\vendor\\laravel\\framework\\src\\Illuminate\\Foundation\\Http\\Middleware\\TrimStrings.php(40): Illuminate\\Foundation\\Http\\Middleware\\TransformsRequest->handle(Object(Illuminate\\Http\\Request), Object(Closure))
#64 D:\\laragon\\www\\mirrormefashion\\vendor\\laravel\\framework\\src\\Illuminate\\Pipeline\\Pipeline.php(183): Illuminate\\Foundation\\Http\\Middleware\\TrimStrings->handle(Object(Illuminate\\Http\\Request), Object(Closure))
#65 D:\\laragon\\www\\mirrormefashion\\vendor\\laravel\\framework\\src\\Illuminate\\Foundation\\Http\\Middleware\\ValidatePostSize.php(27): Illuminate\\Pipeline\\Pipeline->Illuminate\\Pipeline\\{closure}(Object(Illuminate\\Http\\Request))
#66 D:\\laragon\\www\\mirrormefashion\\vendor\\laravel\\framework\\src\\Illuminate\\Pipeline\\Pipeline.php(183): Illuminate\\Foundation\\Http\\Middleware\\ValidatePostSize->handle(Object(Illuminate\\Http\\Request), Object(Closure))
#67 D:\\laragon\\www\\mirrormefashion\\vendor\\laravel\\framework\\src\\Illuminate\\Pipeline\\Pipeline.php(119): Illuminate\\Pipeline\\Pipeline->Illuminate\\Pipeline\\{closure}(Object(Illuminate\\Http\\Request))
#68 D:\\laragon\\www\\mirrormefashion\\vendor\\laravel\\framework\\src\\Illuminate\\Foundation\\Http\\Kernel.php(175): Illuminate\\Pipeline\\Pipeline->then(Object(Closure))
#69 D:\\laragon\\www\\mirrormefashion\\vendor\\laravel\\framework\\src\\Illuminate\\Foundation\\Http\\Kernel.php(144): Illuminate\\Foundation\\Http\\Kernel->sendRequestThroughRouter(Object(Illuminate\\Http\\Request))
#70 D:\\laragon\\www\\mirrormefashion\\index.php(56): Illuminate\\Foundation\\Http\\Kernel->handle(Object(Illuminate\\Http\\Request))
#71 {main}"} 
[2026-04-12 07:08:38] local.INFO: ParseBearerToken middleware invoked {"path":"/api/v2/analytics/creator","method":"GET","has_auth_header":true,"auth_header_preview":"Bearer 162|htku8Nbt0t7HbUxovVT...","is_bearer":true} 
[2026-04-12 07:08:38] local.INFO: Extracted bearer token {"token_preview":"162|htku8N...","token_length":52} 
[2026-04-12 07:08:38] local.INFO: Found personal access token {"token_id":162,"user_id":68,"revoked":null} 
[2026-04-12 07:08:38] local.INFO: User authenticated via bearer token {"user_id":68,"user_email":"freelancerzahedcreator@gmail.com"} 
[2026-04-12 07:08:38] local.ERROR: Analytics error {"error":"Array to string conversion","trace":"#0 D:\\laragon\\www\\mirrormefashion\\vendor\\laravel\\framework\\src\\Illuminate\\Foundation\\Bootstrap\\HandleExceptions.php(255): Illuminate\\Foundation\\Bootstrap\\HandleExceptions->handleError(2, 'Array to string...', 'D:\\\\laragon\\\\www\\\\...', 171)
#1 D:\\laragon\\www\\mirrormefashion\\app\\Http\\Controllers\\Api\\V2\\AnalyticsController.php(171): Illuminate\\Foundation\\Bootstrap\\HandleExceptions->Illuminate\\Foundation\\Bootstrap\\{closure}(2, 'Array to string...', 'D:\\\\laragon\\\\www\\\\...', 171)
#2 D:\\laragon\\www\\mirrormefashion\\app\\Http\\Controllers\\Api\\V2\\AnalyticsController.php(67): App\\Http\\Controllers\\Api\\V2\\AnalyticsController->calculateSizingBreakdown(Object(Illuminate\\Database\\Eloquent\\Collection))
#3 D:\\laragon\\www\\mirrormefashion\\vendor\\laravel\\framework\\src\\Illuminate\\Routing\\Controller.php(54): App\\Http\\Controllers\\Api\\V2\\AnalyticsController->getCreatorAnalytics(Object(Illuminate\\Http\\Request))
#4 D:\\laragon\\www\\mirrormefashion\\vendor\\laravel\\framework\\src\\Illuminate\\Routing\\ControllerDispatcher.php(43): Illuminate\\Routing\\Controller->callAction('getCreatorAnaly...', Array)
#5 D:\\laragon\\www\\mirrormefashion\\vendor\\laravel\\framework\\src\\Illuminate\\Routing\\Route.php(259): Illuminate\\Routing\\ControllerDispatcher->dispatch(Object(Illuminate\\Routing\\Route), Object(App\\Http\\Controllers\\Api\\V2\\AnalyticsController), 'getCreatorAnaly...')
#6 D:\\laragon\\www\\mirrormefashion\\vendor\\laravel\\framework\\src\\Illuminate\\Routing\\Route.php(205): Illuminate\\Routing\\Route->runController()
#7 D:\\laragon\\www\\mirrormefashion\\vendor\\laravel\\framework\\src\\Illuminate\\Routing\\Router.php(806): Illuminate\\Routing\\Route->run()
#8 D:\\laragon\\www\\mirrormefashion\\vendor\\laravel\\framework\\src\\Illuminate\\Pipeline\\Pipeline.php(144): Illuminate\\Routing\\Router->Illuminate\\Routing\\{closure}(Object(Illuminate\\Http\\Request))
#9 D:\\laragon\\www\\mirrormefashion\\app\\Http\\Middleware\\ParseBearerToken.php(98): Illuminate\\Pipeline\\Pipeline->Illuminate\\Pipeline\\{closure}(Object(Illuminate\\Http\\Request))
#10 D:\\laragon\\www\\mirrormefashion\\vendor\\laravel\\framework\\src\\Illuminate\\Pipeline\\Pipeline.php(183): App\\Http\\Middleware\\ParseBearerToken->handle(Object(Illuminate\\Http\\Request), Object(Closure))
#11 D:\\laragon\\www\\mirrormefashion\\app\\Http\\Middleware\\AppLanguage.php(35): Illuminate\\Pipeline\\Pipeline->Illuminate\\Pipeline\\{closure}(Object(Illuminate\\Http\\Request))
#12 D:\\laragon\\www\\mirrormefashion\\vendor\\laravel\\framework\\src\\Illuminate\\Pipeline\\Pipeline.php(183): App\\Http\\Middleware\\AppLanguage->handle(Object(Illuminate\\Http\\Request), Object(Closure))
#13 D:\\laragon\\www\\mirrormefashion\\app\\Http\\Middleware\\ApiJsonResponse.php(22): Illuminate\\Pipeline\\Pipeline->Illuminate\\Pipeline\\{closure}(Object(Illuminate\\Http\\Request))
#14 D:\\laragon\\www\\mirrormefashion\\vendor\\laravel\\framework\\src\\Illuminate\\Pipeline\\Pipeline.php(183): App\\Http\\Middleware\\ApiJsonResponse->handle(Object(Illuminate\\Http\\Request), Object(Closure))
#15 D:\\laragon\\www\\mirrormefashion\\app\\Http\\Middleware\\CheckForMaintenanceMode.php(64): Illuminate\\Pipeline\\Pipeline->Illuminate\\Pipeline\\{closure}(Object(Illuminate\\Http\\Request))
#16 D:\\laragon\\www\\mirrormefashion\\vendor\\laravel\\framework\\src\\Illuminate\\Pipeline\\Pipeline.php(183): App\\Http\\Middleware\\CheckForMaintenanceMode->handle(Object(Illuminate\\Http\\Request), Object(Closure))
#17 D:\\laragon\\www\\mirrormefashion\\vendor\\laravel\\framework\\src\\Illuminate\\Routing\\Middleware\\SubstituteBindings.php(50): Illuminate\\Pipeline\\Pipeline->Illuminate\\Pipeline\\{closure}(Object(Illuminate\\Http\\Request))
#18 D:\\laragon\\www\\mirrormefashion\\vendor\\laravel\\framework\\src\\Illuminate\\Pipeline\\Pipeline.php(183): Illuminate\\Routing\\Middleware\\SubstituteBindings->handle(Object(Illuminate\\Http\\Request), Object(Closure))
#19 D:\\laragon\\www\\mirrormefashion\\vendor\\laravel\\framework\\src\\Illuminate\\Auth\\Middleware\\Authenticate.php(57): Illuminate\\Pipeline\\Pipeline->Illuminate\\Pipeline\\{closure}(Object(Illuminate\\Http\\Request))
#20 D:\\laragon\\www\\mirrormefashion\\vendor\\laravel\\framework\\src\\Illuminate\\Pipeline\\Pipeline.php(183): Illuminate\\Auth\\Middleware\\Authenticate->handle(Object(Illuminate\\Http\\Request), Object(Closure), 'sanctum')
#21 D:\\laragon\\www\\mirrormefashion\\vendor\\laravel\\framework\\src\\Illuminate\\Routing\\Middleware\\ThrottleRequests.php(159): Illuminate\\Pipeline\\Pipeline->Illuminate\\Pipeline\\{closure}(Object(Illuminate\\Http\\Request))
#22 D:\\laragon\\www\\mirrormefashion\\vendor\\laravel\\framework\\src\\Illuminate\\Routing\\Middleware\\ThrottleRequests.php(125): Illuminate\\Routing\\Middleware\\ThrottleRequests->handleRequest(Object(Illuminate\\Http\\Request), Object(Closure), Array)
#23 D:\\laragon\\www\\mirrormefashion\\vendor\\laravel\\framework\\src\\Illuminate\\Routing\\Middleware\\ThrottleRequests.php(87): Illuminate\\Routing\\Middleware\\ThrottleRequests->handleRequestUsingNamedLimiter(Object(Illuminate\\Http\\Request), Object(Closure), 'api', Object(Closure))
#24 D:\\laragon\\www\\mirrormefashion\\vendor\\laravel\\framework\\src\\Illuminate\\Pipeline\\Pipeline.php(183): Illuminate\\Routing\\Middleware\\ThrottleRequests->handle(Object(Illuminate\\Http\\Request), Object(Closure), 'api')
#25 D:\\laragon\\www\\mirrormefashion\\vendor\\laravel\\sanctum\\src\\Http\\Middleware\\EnsureFrontendRequestsAreStateful.php(25): Illuminate\\Pipeline\\Pipeline->Illuminate\\Pipeline\\{closure}(Object(Illuminate\\Http\\Request))
#26 D:\\laragon\\www\\mirrormefashion\\vendor\\laravel\\framework\\src\\Illuminate\\Pipeline\\Pipeline.php(144): Laravel\\Sanctum\\Http\\Middleware\\EnsureFrontendRequestsAreStateful->Laravel\\Sanctum\\Http\\Middleware\\{closure}(Object(Illuminate\\Http\\Request))
#27 D:\\laragon\\www\\mirrormefashion\\vendor\\laravel\\framework\\src\\Illuminate\\Foundation\\Http\\Middleware\\VerifyCsrfToken.php(78): Illuminate\\Pipeline\\Pipeline->Illuminate\\Pipeline\\{closure}(Object(Illuminate\\Http\\Request))
#28 D:\\laragon\\www\\mirrormefashion\\vendor\\laravel\\framework\\src\\Illuminate\\Pipeline\\Pipeline.php(183): Illuminate\\Foundation\\Http\\Middleware\\VerifyCsrfToken->handle(Object(Illuminate\\Http\\Request), Object(Closure))
#29 D:\\laragon\\www\\mirrormefashion\\vendor\\laravel\\framework\\src\\Illuminate\\Session\\Middleware\\StartSession.php(121): Illuminate\\Pipeline\\Pipeline->Illuminate\\Pipeline\\{closure}(Object(Illuminate\\Http\\Request))
#30 D:\\laragon\\www\\mirrormefashion\\vendor\\laravel\\framework\\src\\Illuminate\\Session\\Middleware\\StartSession.php(64): Illuminate\\Session\\Middleware\\StartSession->handleStatefulRequest(Object(Illuminate\\Http\\Request), Object(Illuminate\\Session\\Store), Object(Closure))
#31 D:\\laragon\\www\\mirrormefashion\\vendor\\laravel\\framework\\src\\Illuminate\\Pipeline\\Pipeline.php(183): Illuminate\\Session\\Middleware\\StartSession->handle(Object(Illuminate\\Http\\Request), Object(Closure))
#32 D:\\laragon\\www\\mirrormefashion\\vendor\\laravel\\framework\\src\\Illuminate\\Cookie\\Middleware\\AddQueuedCookiesToResponse.php(37): Illuminate\\Pipeline\\Pipeline->Illuminate\\Pipeline\\{closure}(Object(Illuminate\\Http\\Request))
#33 D:\\laragon\\www\\mirrormefashion\\vendor\\laravel\\framework\\src\\Illuminate\\Pipeline\\Pipeline.php(183): Illuminate\\Cookie\\Middleware\\AddQueuedCookiesToResponse->handle(Object(Illuminate\\Http\\Request), Object(Closure))
#34 D:\\laragon\\www\\mirrormefashion\\vendor\\laravel\\framework\\src\\Illuminate\\Cookie\\Middleware\\EncryptCookies.php(67): Illuminate\\Pipeline\\Pipeline->Illuminate\\Pipeline\\{closure}(Object(Illuminate\\Http\\Request))
#35 D:\\laragon\\www\\mirrormefashion\\vendor\\laravel\\framework\\src\\Illuminate\\Pipeline\\Pipeline.php(183): Illuminate\\Cookie\\Middleware\\EncryptCookies->handle(Object(Illuminate\\Http\\Request), Object(Closure))
#36 D:\\laragon\\www\\mirrormefashion\\vendor\\laravel\\sanctum\\src\\Http\\Middleware\\EnsureFrontendRequestsAreStateful.php(61): Illuminate\\Pipeline\\Pipeline->Illuminate\\Pipeline\\{closure}(Object(Illuminate\\Http\\Request))
#37 D:\\laragon\\www\\mirrormefashion\\vendor\\laravel\\framework\\src\\Illuminate\\Pipeline\\Pipeline.php(165): Laravel\\Sanctum\\Http\\Middleware\\EnsureFrontendRequestsAreStateful->Laravel\\Sanctum\\Http\\Middleware\\{closure}(Object(Illuminate\\Http\\Request), Object(Closure))
#38 D:\\laragon\\www\\mirrormefashion\\vendor\\laravel\\framework\\src\\Illuminate\\Pipeline\\Pipeline.php(119): Illuminate\\Pipeline\\Pipeline->Illuminate\\Pipeline\\{closure}(Object(Illuminate\\Http\\Request))
#39 D:\\laragon\\www\\mirrormefashion\\vendor\\laravel\\sanctum\\src\\Http\\Middleware\\EnsureFrontendRequestsAreStateful.php(24): Illuminate\\Pipeline\\Pipeline->then(Object(Closure))
#40 D:\\laragon\\www\\mirrormefashion\\vendor\\laravel\\framework\\src\\Illuminate\\Pipeline\\Pipeline.php(183): Laravel\\Sanctum\\Http\\Middleware\\EnsureFrontendRequestsAreStateful->handle(Object(Illuminate\\Http\\Request), Object(Closure))
#41 D:\\laragon\\www\\mirrormefashion\\app\\Http\\Middleware\\CorsMiddleware.php(32): Illuminate\\Pipeline\\Pipeline->Illuminate\\Pipeline\\{closure}(Object(Illuminate\\Http\\Request))
#42 D:\\laragon\\www\\mirrormefashion\\vendor\\laravel\\framework\\src\\Illuminate\\Pipeline\\Pipeline.php(183): App\\Http\\Middleware\\CorsMiddleware->handle(Object(Illuminate\\Http\\Request), Object(Closure))
#43 D:\\laragon\\www\\mirrormefashion\\vendor\\laravel\\framework\\src\\Illuminate\\Pipeline\\Pipeline.php(119): Illuminate\\Pipeline\\Pipeline->Illuminate\\Pipeline\\{closure}(Object(Illuminate\\Http\\Request))
#44 D:\\laragon\\www\\mirrormefashion\\vendor\\laravel\\framework\\src\\Illuminate\\Routing\\Router.php(805): Illuminate\\Pipeline\\Pipeline->then(Object(Closure))
#45 D:\\laragon\\www\\mirrormefashion\\vendor\\laravel\\framework\\src\\Illuminate\\Routing\\Router.php(784): Illuminate\\Routing\\Router->runRouteWithinStack(Object(Illuminate\\Routing\\Route), Object(Illuminate\\Http\\Request))
#46 D:\\laragon\\www\\mirrormefashion\\vendor\\laravel\\framework\\src\\Illuminate\\Routing\\Router.php(748): Illuminate\\Routing\\Router->runRoute(Object(Illuminate\\Http\\Request), Object(Illuminate\\Routing\\Route))
#47 D:\\laragon\\www\\mirrormefashion\\vendor\\laravel\\framework\\src\\Illuminate\\Routing\\Router.php(737): Illuminate\\Routing\\Router->dispatchToRoute(Object(Illuminate\\Http\\Request))
#48 D:\\laragon\\www\\mirrormefashion\\vendor\\laravel\\framework\\src\\Illuminate\\Foundation\\Http\\Kernel.php(200): Illuminate\\Routing\\Router->dispatch(Object(Illuminate\\Http\\Request))
#49 D:\\laragon\\www\\mirrormefashion\\vendor\\laravel\\framework\\src\\Illuminate\\Pipeline\\Pipeline.php(144): Illuminate\\Foundation\\Http\\Kernel->Illuminate\\Foundation\\Http\\{closure}(Object(Illuminate\\Http\\Request))
#50 D:\\laragon\\www\\mirrormefashion\\vendor\\barryvdh\\laravel-debugbar\\src\\Middleware\\InjectDebugbar.php(66): Illuminate\\Pipeline\\Pipeline->Illuminate\\Pipeline\\{closure}(Object(Illuminate\\Http\\Request))
#51 D:\\laragon\\www\\mirrormefashion\\vendor\\laravel\\framework\\src\\Illuminate\\Pipeline\\Pipeline.php(183): Barryvdh\\Debugbar\\Middleware\\InjectDebugbar->handle(Object(Illuminate\\Http\\Request), Object(Closure))
#52 D:\\laragon\\www\\mirrormefashion\\vendor\\laravel\\framework\\src\\Illuminate\\View\\Middleware\\ShareErrorsFromSession.php(49): Illuminate\\Pipeline\\Pipeline->Illuminate\\Pipeline\\{closure}(Object(Illuminate\\Http\\Request))
#53 D:\\laragon\\www\\mirrormefashion\\vendor\\laravel\\framework\\src\\Illuminate\\Pipeline\\Pipeline.php(183): Illuminate\\View\\Middleware\\ShareErrorsFromSession->handle(Object(Illuminate\\Http\\Request), Object(Closure))
#54 D:\\laragon\\www\\mirrormefashion\\vendor\\laravel\\framework\\src\\Illuminate\\Session\\Middleware\\StartSession.php(121): Illuminate\\Pipeline\\Pipeline->Illuminate\\Pipeline\\{closure}(Object(Illuminate\\Http\\Request))
#55 D:\\laragon\\www\\mirrormefashion\\vendor\\laravel\\framework\\src\\Illuminate\\Session\\Middleware\\StartSession.php(64): Illuminate\\Session\\Middleware\\StartSession->handleStatefulRequest(Object(Illuminate\\Http\\Request), Object(Illuminate\\Session\\Store), Object(Closure))
#56 D:\\laragon\\www\\mirrormefashion\\vendor\\laravel\\framework\\src\\Illuminate\\Pipeline\\Pipeline.php(183): Illuminate\\Session\\Middleware\\StartSession->handle(Object(Illuminate\\Http\\Request), Object(Closure))
#57 D:\\laragon\\www\\mirrormefashion\\vendor\\laravel\\framework\\src\\Illuminate\\Http\\Middleware\\TrustProxies.php(39): Illuminate\\Pipeline\\Pipeline->Illuminate\\Pipeline\\{closure}(Object(Illuminate\\Http\\Request))
#58 D:\\laragon\\www\\mirrormefashion\\vendor\\laravel\\framework\\src\\Illuminate\\Pipeline\\Pipeline.php(183): Illuminate\\Http\\Middleware\\TrustProxies->handle(Object(Illuminate\\Http\\Request), Object(Closure))
#59 D:\\laragon\\www\\mirrormefashion\\vendor\\laravel\\framework\\src\\Illuminate\\Foundation\\Http\\Middleware\\TransformsRequest.php(21): Illuminate\\Pipeline\\Pipeline->Illuminate\\Pipeline\\{closure}(Object(Illuminate\\Http\\Request))
#60 D:\\laragon\\www\\mirrormefashion\\vendor\\laravel\\framework\\src\\Illuminate\\Foundation\\Http\\Middleware\\ConvertEmptyStringsToNull.php(31): Illuminate\\Foundation\\Http\\Middleware\\TransformsRequest->handle(Object(Illuminate\\Http\\Request), Object(Closure))
#61 D:\\laragon\\www\\mirrormefashion\\vendor\\laravel\\framework\\src\\Illuminate\\Pipeline\\Pipeline.php(183): Illuminate\\Foundation\\Http\\Middleware\\ConvertEmptyStringsToNull->handle(Object(Illuminate\\Http\\Request), Object(Closure))
#62 D:\\laragon\\www\\mirrormefashion\\vendor\\laravel\\framework\\src\\Illuminate\\Foundation\\Http\\Middleware\\TransformsRequest.php(21): Illuminate\\Pipeline\\Pipeline->Illuminate\\Pipeline\\{closure}(Object(Illuminate\\Http\\Request))
#63 D:\\laragon\\www\\mirrormefashion\\vendor\\laravel\\framework\\src\\Illuminate\\Foundation\\Http\\Middleware\\TrimStrings.php(40): Illuminate\\Foundation\\Http\\Middleware\\TransformsRequest->handle(Object(Illuminate\\Http\\Request), Object(Closure))
#64 D:\\laragon\\www\\mirrormefashion\\vendor\\laravel\\framework\\src\\Illuminate\\Pipeline\\Pipeline.php(183): Illuminate\\Foundation\\Http\\Middleware\\TrimStrings->handle(Object(Illuminate\\Http\\Request), Object(Closure))
#65 D:\\laragon\\www\\mirrormefashion\\vendor\\laravel\\framework\\src\\Illuminate\\Foundation\\Http\\Middleware\\ValidatePostSize.php(27): Illuminate\\Pipeline\\Pipeline->Illuminate\\Pipeline\\{closure}(Object(Illuminate\\Http\\Request))
#66 D:\\laragon\\www\\mirrormefashion\\vendor\\laravel\\framework\\src\\Illuminate\\Pipeline\\Pipeline.php(183): Illuminate\\Foundation\\Http\\Middleware\\ValidatePostSize->handle(Object(Illuminate\\Http\\Request), Object(Closure))
#67 D:\\laragon\\www\\mirrormefashion\\vendor\\laravel\\framework\\src\\Illuminate\\Pipeline\\Pipeline.php(119): Illuminate\\Pipeline\\Pipeline->Illuminate\\Pipeline\\{closure}(Object(Illuminate\\Http\\Request))
#68 D:\\laragon\\www\\mirrormefashion\\vendor\\laravel\\framework\\src\\Illuminate\\Foundation\\Http\\Kernel.php(175): Illuminate\\Pipeline\\Pipeline->then(Object(Closure))
#69 D:\\laragon\\www\\mirrormefashion\\vendor\\laravel\\framework\\src\\Illuminate\\Foundation\\Http\\Kernel.php(144): Illuminate\\Foundation\\Http\\Kernel->sendRequestThroughRouter(Object(Illuminate\\Http\\Request))
#70 D:\\laragon\\www\\mirrormefashion\\index.php(56): Illuminate\\Foundation\\Http\\Kernel->handle(Object(Illuminate\\Http\\Request))
#71 {main}"} 
[2026-04-12 07:12:33] local.INFO: ParseBearerToken middleware invoked {"path":"/api/v2/analytics/creator","method":"GET","has_auth_header":true,"auth_header_preview":"Bearer 160|kJdpaDrHOZ9nSgkeOYj...","is_bearer":true} 
[2026-04-12 07:12:33] local.INFO: Extracted bearer token {"token_preview":"160|kJdpaD...","token_length":52} 
[2026-04-12 07:12:33] local.INFO: Found personal access token {"token_id":160,"user_id":68,"revoked":null} 
[2026-04-12 07:12:33] local.INFO: User authenticated via bearer token {"user_id":68,"user_email":"freelancerzahedcreator@gmail.com"} 
[2026-04-12 07:12:33] local.WARNING: Error fetching campaign questions {"error":"SQLSTATE[42S02]: Base table or view not found: 1146 Table 'mirromefashion.campaign_questions' doesn't exist (Connection: mysql, SQL: select * from `campaign_questions` where `campaign_id` in (97, 98))"} 
[2026-04-12 07:12:33] local.WARNING: Error fetching legacy feedback questions {"error":"SQLSTATE[42S22]: Column not found: 1054 Unknown column 'campaign_id' in 'where clause' (Connection: mysql, SQL: select * from `feedbacks` where `campaign_id` in (97, 98))"} 
[2026-04-12 07:12:33] local.ERROR: Analytics error {"error":"SQLSTATE[42S02]: Base table or view not found: 1146 Table 'mirromefashion.campaign_feedback' doesn't exist (Connection: mysql, SQL: select count(*) as aggregate from `campaign_feedback` where `campaign_id` in (97, 98))","trace":"#0 D:\\laragon\\www\\mirrormefashion\\vendor\\laravel\\framework\\src\\Illuminate\\Database\\Connection.php(783): Illuminate\\Database\\Connection->runQueryCallback('select count(*)...', Array, Object(Closure))
#1 D:\\laragon\\www\\mirrormefashion\\vendor\\laravel\\framework\\src\\Illuminate\\Database\\Connection.php(414): Illuminate\\Database\\Connection->run('select count(*)...', Array, Object(Closure))
#2 D:\\laragon\\www\\mirrormefashion\\vendor\\laravel\\framework\\src\\Illuminate\\Database\\Query\\Builder.php(2913): Illuminate\\Database\\Connection->select('select count(*)...', Array, true)
#3 D:\\laragon\\www\\mirrormefashion\\vendor\\laravel\\framework\\src\\Illuminate\\Database\\Query\\Builder.php(2902): Illuminate\\Database\\Query\\Builder->runSelect()
#4 D:\\laragon\\www\\mirrormefashion\\vendor\\laravel\\framework\\src\\Illuminate\\Database\\Query\\Builder.php(3456): Illuminate\\Database\\Query\\Builder->Illuminate\\Database\\Query\\{closure}()
#5 D:\\laragon\\www\\mirrormefashion\\vendor\\laravel\\framework\\src\\Illuminate\\Database\\Query\\Builder.php(2901): Illuminate\\Database\\Query\\Builder->onceWithColumns(Array, Object(Closure))
#6 D:\\laragon\\www\\mirrormefashion\\vendor\\laravel\\framework\\src\\Illuminate\\Database\\Query\\Builder.php(3383): Illuminate\\Database\\Query\\Builder->get(Array)
#7 D:\\laragon\\www\\mirrormefashion\\vendor\\laravel\\framework\\src\\Illuminate\\Database\\Query\\Builder.php(3311): Illuminate\\Database\\Query\\Builder->aggregate('count', Array)
#8 D:\\laragon\\www\\mirrormefashion\\vendor\\laravel\\framework\\src\\Illuminate\\Database\\Eloquent\\Builder.php(1982): Illuminate\\Database\\Query\\Builder->count()
#9 D:\\laragon\\www\\mirrormefashion\\app\\Http\\Controllers\\Api\\V2\\AnalyticsController.php(437): Illuminate\\Database\\Eloquent\\Builder->__call('count', Array)
#10 D:\\laragon\\www\\mirrormefashion\\app\\Http\\Controllers\\Api\\V2\\AnalyticsController.php(84): App\\Http\\Controllers\\Api\\V2\\AnalyticsController->countFeedbackComments(Object(Illuminate\\Database\\Eloquent\\Collection))
#11 D:\\laragon\\www\\mirrormefashion\\vendor\\laravel\\framework\\src\\Illuminate\\Routing\\Controller.php(54): App\\Http\\Controllers\\Api\\V2\\AnalyticsController->getCreatorAnalytics(Object(Illuminate\\Http\\Request))
#12 D:\\laragon\\www\\mirrormefashion\\vendor\\laravel\\framework\\src\\Illuminate\\Routing\\ControllerDispatcher.php(43): Illuminate\\Routing\\Controller->callAction('getCreatorAnaly...', Array)
#13 D:\\laragon\\www\\mirrormefashion\\vendor\\laravel\\framework\\src\\Illuminate\\Routing\\Route.php(259): Illuminate\\Routing\\ControllerDispatcher->dispatch(Object(Illuminate\\Routing\\Route), Object(App\\Http\\Controllers\\Api\\V2\\AnalyticsController), 'getCreatorAnaly...')
#14 D:\\laragon\\www\\mirrormefashion\\vendor\\laravel\\framework\\src\\Illuminate\\Routing\\Route.php(205): Illuminate\\Routing\\Route->runController()
#15 D:\\laragon\\www\\mirrormefashion\\vendor\\laravel\\framework\\src\\Illuminate\\Routing\\Router.php(806): Illuminate\\Routing\\Route->run()
#16 D:\\laragon\\www\\mirrormefashion\\vendor\\laravel\\framework\\src\\Illuminate\\Pipeline\\Pipeline.php(144): Illuminate\\Routing\\Router->Illuminate\\Routing\\{closure}(Object(Illuminate\\Http\\Request))
#17 D:\\laragon\\www\\mirrormefashion\\app\\Http\\Middleware\\ParseBearerToken.php(98): Illuminate\\Pipeline\\Pipeline->Illuminate\\Pipeline\\{closure}(Object(Illuminate\\Http\\Request))
#18 D:\\laragon\\www\\mirrormefashion\\vendor\\laravel\\framework\\src\\Illuminate\\Pipeline\\Pipeline.php(183): App\\Http\\Middleware\\ParseBearerToken->handle(Object(Illuminate\\Http\\Request), Object(Closure))
#19 D:\\laragon\\www\\mirrormefashion\\app\\Http\\Middleware\\AppLanguage.php(35): Illuminate\\Pipeline\\Pipeline->Illuminate\\Pipeline\\{closure}(Object(Illuminate\\Http\\Request))
#20 D:\\laragon\\www\\mirrormefashion\\vendor\\laravel\\framework\\src\\Illuminate\\Pipeline\\Pipeline.php(183): App\\Http\\Middleware\\AppLanguage->handle(Object(Illuminate\\Http\\Request), Object(Closure))
#21 D:\\laragon\\www\\mirrormefashion\\app\\Http\\Middleware\\ApiJsonResponse.php(22): Illuminate\\Pipeline\\Pipeline->Illuminate\\Pipeline\\{closure}(Object(Illuminate\\Http\\Request))
#22 D:\\laragon\\www\\mirrormefashion\\vendor\\laravel\\framework\\src\\Illuminate\\Pipeline\\Pipeline.php(183): App\\Http\\Middleware\\ApiJsonResponse->handle(Object(Illuminate\\Http\\Request), Object(Closure))
#23 D:\\laragon\\www\\mirrormefashion\\app\\Http\\Middleware\\CheckForMaintenanceMode.php(64): Illuminate\\Pipeline\\Pipeline->Illuminate\\Pipeline\\{closure}(Object(Illuminate\\Http\\Request))
#24 D:\\laragon\\www\\mirrormefashion\\vendor\\laravel\\framework\\src\\Illuminate\\Pipeline\\Pipeline.php(183): App\\Http\\Middleware\\CheckForMaintenanceMode->handle(Object(Illuminate\\Http\\Request), Object(Closure))
#25 D:\\laragon\\www\\mirrormefashion\\vendor\\laravel\\framework\\src\\Illuminate\\Routing\\Middleware\\SubstituteBindings.php(50): Illuminate\\Pipeline\\Pipeline->Illuminate\\Pipeline\\{closure}(Object(Illuminate\\Http\\Request))
#26 D:\\laragon\\www\\mirrormefashion\\vendor\\laravel\\framework\\src\\Illuminate\\Pipeline\\Pipeline.php(183): Illuminate\\Routing\\Middleware\\SubstituteBindings->handle(Object(Illuminate\\Http\\Request), Object(Closure))
#27 D:\\laragon\\www\\mirrormefashion\\vendor\\laravel\\framework\\src\\Illuminate\\Auth\\Middleware\\Authenticate.php(57): Illuminate\\Pipeline\\Pipeline->Illuminate\\Pipeline\\{closure}(Object(Illuminate\\Http\\Request))
#28 D:\\laragon\\www\\mirrormefashion\\vendor\\laravel\\framework\\src\\Illuminate\\Pipeline\\Pipeline.php(183): Illuminate\\Auth\\Middleware\\Authenticate->handle(Object(Illuminate\\Http\\Request), Object(Closure), 'sanctum')
#29 D:\\laragon\\www\\mirrormefashion\\vendor\\laravel\\framework\\src\\Illuminate\\Routing\\Middleware\\ThrottleRequests.php(159): Illuminate\\Pipeline\\Pipeline->Illuminate\\Pipeline\\{closure}(Object(Illuminate\\Http\\Request))
#30 D:\\laragon\\www\\mirrormefashion\\vendor\\laravel\\framework\\src\\Illuminate\\Routing\\Middleware\\ThrottleRequests.php(125): Illuminate\\Routing\\Middleware\\ThrottleRequests->handleRequest(Object(Illuminate\\Http\\Request), Object(Closure), Array)
#31 D:\\laragon\\www\\mirrormefashion\\vendor\\laravel\\framework\\src\\Illuminate\\Routing\\Middleware\\ThrottleRequests.php(87): Illuminate\\Routing\\Middleware\\ThrottleRequests->handleRequestUsingNamedLimiter(Object(Illuminate\\Http\\Request), Object(Closure), 'api', Object(Closure))
#32 D:\\laragon\\www\\mirrormefashion\\vendor\\laravel\\framework\\src\\Illuminate\\Pipeline\\Pipeline.php(183): Illuminate\\Routing\\Middleware\\ThrottleRequests->handle(Object(Illuminate\\Http\\Request), Object(Closure), 'api')
#33 D:\\laragon\\www\\mirrormefashion\\vendor\\laravel\\sanctum\\src\\Http\\Middleware\\EnsureFrontendRequestsAreStateful.php(25): Illuminate\\Pipeline\\Pipeline->Illuminate\\Pipeline\\{closure}(Object(Illuminate\\Http\\Request))
#34 D:\\laragon\\www\\mirrormefashion\\vendor\\laravel\\framework\\src\\Illuminate\\Pipeline\\Pipeline.php(144): Laravel\\Sanctum\\Http\\Middleware\\EnsureFrontendRequestsAreStateful->Laravel\\Sanctum\\Http\\Middleware\\{closure}(Object(Illuminate\\Http\\Request))
#35 D:\\laragon\\www\\mirrormefashion\\vendor\\laravel\\framework\\src\\Illuminate\\Foundation\\Http\\Middleware\\VerifyCsrfToken.php(78): Illuminate\\Pipeline\\Pipeline->Illuminate\\Pipeline\\{closure}(Object(Illuminate\\Http\\Request))
#36 D:\\laragon\\www\\mirrormefashion\\vendor\\laravel\\framework\\src\\Illuminate\\Pipeline\\Pipeline.php(183): Illuminate\\Foundation\\Http\\Middleware\\VerifyCsrfToken->handle(Object(Illuminate\\Http\\Request), Object(Closure))
#37 D:\\laragon\\www\\mirrormefashion\\vendor\\laravel\\framework\\src\\Illuminate\\Session\\Middleware\\StartSession.php(121): Illuminate\\Pipeline\\Pipeline->Illuminate\\Pipeline\\{closure}(Object(Illuminate\\Http\\Request))
#38 D:\\laragon\\www\\mirrormefashion\\vendor\\laravel\\framework\\src\\Illuminate\\Session\\Middleware\\StartSession.php(64): Illuminate\\Session\\Middleware\\StartSession->handleStatefulRequest(Object(Illuminate\\Http\\Request), Object(Illuminate\\Session\\Store), Object(Closure))
#39 D:\\laragon\\www\\mirrormefashion\\vendor\\laravel\\framework\\src\\Illuminate\\Pipeline\\Pipeline.php(183): Illuminate\\Session\\Middleware\\StartSession->handle(Object(Illuminate\\Http\\Request), Object(Closure))
#40 D:\\laragon\\www\\mirrormefashion\\vendor\\laravel\\framework\\src\\Illuminate\\Cookie\\Middleware\\AddQueuedCookiesToResponse.php(37): Illuminate\\Pipeline\\Pipeline->Illuminate\\Pipeline\\{closure}(Object(Illuminate\\Http\\Request))
#41 D:\\laragon\\www\\mirrormefashion\\vendor\\laravel\\framework\\src\\Illuminate\\Pipeline\\Pipeline.php(183): Illuminate\\Cookie\\Middleware\\AddQueuedCookiesToResponse->handle(Object(Illuminate\\Http\\Request), Object(Closure))
#42 D:\\laragon\\www\\mirrormefashion\\vendor\\laravel\\framework\\src\\Illuminate\\Cookie\\Middleware\\EncryptCookies.php(67): Illuminate\\Pipeline\\Pipeline->Illuminate\\Pipeline\\{closure}(Object(Illuminate\\Http\\Request))
#43 D:\\laragon\\www\\mirrormefashion\\vendor\\laravel\\framework\\src\\Illuminate\\Pipeline\\Pipeline.php(183): Illuminate\\Cookie\\Middleware\\EncryptCookies->handle(Object(Illuminate\\Http\\Request), Object(Closure))
#44 D:\\laragon\\www\\mirrormefashion\\vendor\\laravel\\sanctum\\src\\Http\\Middleware\\EnsureFrontendRequestsAreStateful.php(61): Illuminate\\Pipeline\\Pipeline->Illuminate\\Pipeline\\{closure}(Object(Illuminate\\Http\\Request))
#45 D:\\laragon\\www\\mirrormefashion\\vendor\\laravel\\framework\\src\\Illuminate\\Pipeline\\Pipeline.php(165): Laravel\\Sanctum\\Http\\Middleware\\EnsureFrontendRequestsAreStateful->Laravel\\Sanctum\\Http\\Middleware\\{closure}(Object(Illuminate\\Http\\Request), Object(Closure))
#46 D:\\laragon\\www\\mirrormefashion\\vendor\\laravel\\framework\\src\\Illuminate\\Pipeline\\Pipeline.php(119): Illuminate\\Pipeline\\Pipeline->Illuminate\\Pipeline\\{closure}(Object(Illuminate\\Http\\Request))
#47 D:\\laragon\\www\\mirrormefashion\\vendor\\laravel\\sanctum\\src\\Http\\Middleware\\EnsureFrontendRequestsAreStateful.php(24): Illuminate\\Pipeline\\Pipeline->then(Object(Closure))
#48 D:\\laragon\\www\\mirrormefashion\\vendor\\laravel\\framework\\src\\Illuminate\\Pipeline\\Pipeline.php(183): Laravel\\Sanctum\\Http\\Middleware\\EnsureFrontendRequestsAreStateful->handle(Object(Illuminate\\Http\\Request), Object(Closure))
#49 D:\\laragon\\www\\mirrormefashion\\app\\Http\\Middleware\\CorsMiddleware.php(32): Illuminate\\Pipeline\\Pipeline->Illuminate\\Pipeline\\{closure}(Object(Illuminate\\Http\\Request))
#50 D:\\laragon\\www\\mirrormefashion\\vendor\\laravel\\framework\\src\\Illuminate\\Pipeline\\Pipeline.php(183): App\\Http\\Middleware\\CorsMiddleware->handle(Object(Illuminate\\Http\\Request), Object(Closure))
#51 D:\\laragon\\www\\mirrormefashion\\vendor\\laravel\\framework\\src\\Illuminate\\Pipeline\\Pipeline.php(119): Illuminate\\Pipeline\\Pipeline->Illuminate\\Pipeline\\{closure}(Object(Illuminate\\Http\\Request))
#52 D:\\laragon\\www\\mirrormefashion\\vendor\\laravel\\framework\\src\\Illuminate\\Routing\\Router.php(805): Illuminate\\Pipeline\\Pipeline->then(Object(Closure))
#53 D:\\laragon\\www\\mirrormefashion\\vendor\\laravel\\framework\\src\\Illuminate\\Routing\\Router.php(784): Illuminate\\Routing\\Router->runRouteWithinStack(Object(Illuminate\\Routing\\Route), Object(Illuminate\\Http\\Request))
#54 D:\\laragon\\www\\mirrormefashion\\vendor\\laravel\\framework\\src\\Illuminate\\Routing\\Router.php(748): Illuminate\\Routing\\Router->runRoute(Object(Illuminate\\Http\\Request), Object(Illuminate\\Routing\\Route))
#55 D:\\laragon\\www\\mirrormefashion\\vendor\\laravel\\framework\\src\\Illuminate\\Routing\\Router.php(737): Illuminate\\Routing\\Router->dispatchToRoute(Object(Illuminate\\Http\\Request))
#56 D:\\laragon\\www\\mirrormefashion\\vendor\\laravel\\framework\\src\\Illuminate\\Foundation\\Http\\Kernel.php(200): Illuminate\\Routing\\Router->dispatch(Object(Illuminate\\Http\\Request))
#57 D:\\laragon\\www\\mirrormefashion\\vendor\\laravel\\framework\\src\\Illuminate\\Pipeline\\Pipeline.php(144): Illuminate\\Foundation\\Http\\Kernel->Illuminate\\Foundation\\Http\\{closure}(Object(Illuminate\\Http\\Request))
#58 D:\\laragon\\www\\mirrormefashion\\vendor\\barryvdh\\laravel-debugbar\\src\\Middleware\\InjectDebugbar.php(66): Illuminate\\Pipeline\\Pipeline->Illuminate\\Pipeline\\{closure}(Object(Illuminate\\Http\\Request))
#59 D:\\laragon\\www\\mirrormefashion\\vendor\\laravel\\framework\\src\\Illuminate\\Pipeline\\Pipeline.php(183): Barryvdh\\Debugbar\\Middleware\\InjectDebugbar->handle(Object(Illuminate\\Http\\Request), Object(Closure))
#60 D:\\laragon\\www\\mirrormefashion\\vendor\\laravel\\framework\\src\\Illuminate\\View\\Middleware\\ShareErrorsFromSession.php(49): Illuminate\\Pipeline\\Pipeline->Illuminate\\Pipeline\\{closure}(Object(Illuminate\\Http\\Request))
#61 D:\\laragon\\www\\mirrormefashion\\vendor\\laravel\\framework\\src\\Illuminate\\Pipeline\\Pipeline.php(183): Illuminate\\View\\Middleware\\ShareErrorsFromSession->handle(Object(Illuminate\\Http\\Request), Object(Closure))
#62 D:\\laragon\\www\\mirrormefashion\\vendor\\laravel\\framework\\src\\Illuminate\\Session\\Middleware\\StartSession.php(121): Illuminate\\Pipeline\\Pipeline->Illuminate\\Pipeline\\{closure}(Object(Illuminate\\Http\\Request))
#63 D:\\laragon\\www\\mirrormefashion\\vendor\\laravel\\framework\\src\\Illuminate\\Session\\Middleware\\StartSession.php(64): Illuminate\\Session\\Middleware\\StartSession->handleStatefulRequest(Object(Illuminate\\Http\\Request), Object(Illuminate\\Session\\Store), Object(Closure))
#64 D:\\laragon\\www\\mirrormefashion\\vendor\\laravel\\framework\\src\\Illuminate\\Pipeline\\Pipeline.php(183): Illuminate\\Session\\Middleware\\StartSession->handle(Object(Illuminate\\Http\\Request), Object(Closure))
#65 D:\\laragon\\www\\mirrormefashion\\vendor\\laravel\\framework\\src\\Illuminate\\Http\\Middleware\\TrustProxies.php(39): Illuminate\\Pipeline\\Pipeline->Illuminate\\Pipeline\\{closure}(Object(Illuminate\\Http\\Request))
#66 D:\\laragon\\www\\mirrormefashion\\vendor\\laravel\\framework\\src\\Illuminate\\Pipeline\\Pipeline.php(183): Illuminate\\Http\\Middleware\\TrustProxies->handle(Object(Illuminate\\Http\\Request), Object(Closure))
#67 D:\\laragon\\www\\mirrormefashion\\vendor\\laravel\\framework\\src\\Illuminate\\Foundation\\Http\\Middleware\\TransformsRequest.php(21): Illuminate\\Pipeline\\Pipeline->Illuminate\\Pipeline\\{closure}(Object(Illuminate\\Http\\Request))
#68 D:\\laragon\\www\\mirrormefashion\\vendor\\laravel\\framework\\src\\Illuminate\\Foundation\\Http\\Middleware\\ConvertEmptyStringsToNull.php(31): Illuminate\\Foundation\\Http\\Middleware\\TransformsRequest->handle(Object(Illuminate\\Http\\Request), Object(Closure))
#69 D:\\laragon\\www\\mirrormefashion\\vendor\\laravel\\framework\\src\\Illuminate\\Pipeline\\Pipeline.php(183): Illuminate\\Foundation\\Http\\Middleware\\ConvertEmptyStringsToNull->handle(Object(Illuminate\\Http\\Request), Object(Closure))
#70 D:\\laragon\\www\\mirrormefashion\\vendor\\laravel\\framework\\src\\Illuminate\\Foundation\\Http\\Middleware\\TransformsRequest.php(21): Illuminate\\Pipeline\\Pipeline->Illuminate\\Pipeline\\{closure}(Object(Illuminate\\Http\\Request))
#71 D:\\laragon\\www\\mirrormefashion\\vendor\\laravel\\framework\\src\\Illuminate\\Foundation\\Http\\Middleware\\TrimStrings.php(40): Illuminate\\Foundation\\Http\\Middleware\\TransformsRequest->handle(Object(Illuminate\\Http\\Request), Object(Closure))
#72 D:\\laragon\\www\\mirrormefashion\\vendor\\laravel\\framework\\src\\Illuminate\\Pipeline\\Pipeline.php(183): Illuminate\\Foundation\\Http\\Middleware\\TrimStrings->handle(Object(Illuminate\\Http\\Request), Object(Closure))
#73 D:\\laragon\\www\\mirrormefashion\\vendor\\laravel\\framework\\src\\Illuminate\\Foundation\\Http\\Middleware\\ValidatePostSize.php(27): Illuminate\\Pipeline\\Pipeline->Illuminate\\Pipeline\\{closure}(Object(Illuminate\\Http\\Request))
#74 D:\\laragon\\www\\mirrormefashion\\vendor\\laravel\\framework\\src\\Illuminate\\Pipeline\\Pipeline.php(183): Illuminate\\Foundation\\Http\\Middleware\\ValidatePostSize->handle(Object(Illuminate\\Http\\Request), Object(Closure))
#75 D:\\laragon\\www\\mirrormefashion\\vendor\\laravel\\framework\\src\\Illuminate\\Pipeline\\Pipeline.php(119): Illuminate\\Pipeline\\Pipeline->Illuminate\\Pipeline\\{closure}(Object(Illuminate\\Http\\Request))
#76 D:\\laragon\\www\\mirrormefashion\\vendor\\laravel\\framework\\src\\Illuminate\\Foundation\\Http\\Kernel.php(175): Illuminate\\Pipeline\\Pipeline->then(Object(Closure))
#77 D:\\laragon\\www\\mirrormefashion\\vendor\\laravel\\framework\\src\\Illuminate\\Foundation\\Http\\Kernel.php(144): Illuminate\\Foundation\\Http\\Kernel->sendRequestThroughRouter(Object(Illuminate\\Http\\Request))
#78 D:\\laragon\\www\\mirrormefashion\\index.php(56): Illuminate\\Foundation\\Http\\Kernel->handle(Object(Illuminate\\Http\\Request))
#79 {main}"} 
[2026-04-12 07:12:34] local.INFO: ParseBearerToken middleware invoked {"path":"/api/v2/analytics/creator","method":"GET","has_auth_header":true,"auth_header_preview":"Bearer 160|kJdpaDrHOZ9nSgkeOYj...","is_bearer":true} 
[2026-04-12 07:12:34] local.INFO: Extracted bearer token {"token_preview":"160|kJdpaD...","token_length":52} 
[2026-04-12 07:12:34] local.INFO: Found personal access token {"token_id":160,"user_id":68,"revoked":null} 
[2026-04-12 07:12:34] local.INFO: User authenticated via bearer token {"user_id":68,"user_email":"freelancerzahedcreator@gmail.com"} 
[2026-04-12 07:12:34] local.WARNING: Error fetching campaign questions {"error":"SQLSTATE[42S02]: Base table or view not found: 1146 Table 'mirromefashion.campaign_questions' doesn't exist (Connection: mysql, SQL: select * from `campaign_questions` where `campaign_id` in (97, 98))"} 
[2026-04-12 07:12:34] local.WARNING: Error fetching legacy feedback questions {"error":"SQLSTATE[42S22]: Column not found: 1054 Unknown column 'campaign_id' in 'where clause' (Connection: mysql, SQL: select * from `feedbacks` where `campaign_id` in (97, 98))"} 
[2026-04-12 07:12:34] local.ERROR: Analytics error {"error":"SQLSTATE[42S02]: Base table or view not found: 1146 Table 'mirromefashion.campaign_feedback' doesn't exist (Connection: mysql, SQL: select count(*) as aggregate from `campaign_feedback` where `campaign_id` in (97, 98))","trace":"#0 D:\\laragon\\www\\mirrormefashion\\vendor\\laravel\\framework\\src\\Illuminate\\Database\\Connection.php(783): Illuminate\\Database\\Connection->runQueryCallback('select count(*)...', Array, Object(Closure))
#1 D:\\laragon\\www\\mirrormefashion\\vendor\\laravel\\framework\\src\\Illuminate\\Database\\Connection.php(414): Illuminate\\Database\\Connection->run('select count(*)...', Array, Object(Closure))
#2 D:\\laragon\\www\\mirrormefashion\\vendor\\laravel\\framework\\src\\Illuminate\\Database\\Query\\Builder.php(2913): Illuminate\\Database\\Connection->select('select count(*)...', Array, true)
#3 D:\\laragon\\www\\mirrormefashion\\vendor\\laravel\\framework\\src\\Illuminate\\Database\\Query\\Builder.php(2902): Illuminate\\Database\\Query\\Builder->runSelect()
#4 D:\\laragon\\www\\mirrormefashion\\vendor\\laravel\\framework\\src\\Illuminate\\Database\\Query\\Builder.php(3456): Illuminate\\Database\\Query\\Builder->Illuminate\\Database\\Query\\{closure}()
#5 D:\\laragon\\www\\mirrormefashion\\vendor\\laravel\\framework\\src\\Illuminate\\Database\\Query\\Builder.php(2901): Illuminate\\Database\\Query\\Builder->onceWithColumns(Array, Object(Closure))
#6 D:\\laragon\\www\\mirrormefashion\\vendor\\laravel\\framework\\src\\Illuminate\\Database\\Query\\Builder.php(3383): Illuminate\\Database\\Query\\Builder->get(Array)
#7 D:\\laragon\\www\\mirrormefashion\\vendor\\laravel\\framework\\src\\Illuminate\\Database\\Query\\Builder.php(3311): Illuminate\\Database\\Query\\Builder->aggregate('count', Array)
#8 D:\\laragon\\www\\mirrormefashion\\vendor\\laravel\\framework\\src\\Illuminate\\Database\\Eloquent\\Builder.php(1982): Illuminate\\Database\\Query\\Builder->count()
#9 D:\\laragon\\www\\mirrormefashion\\app\\Http\\Controllers\\Api\\V2\\AnalyticsController.php(437): Illuminate\\Database\\Eloquent\\Builder->__call('count', Array)
#10 D:\\laragon\\www\\mirrormefashion\\app\\Http\\Controllers\\Api\\V2\\AnalyticsController.php(84): App\\Http\\Controllers\\Api\\V2\\AnalyticsController->countFeedbackComments(Object(Illuminate\\Database\\Eloquent\\Collection))
#11 D:\\laragon\\www\\mirrormefashion\\vendor\\laravel\\framework\\src\\Illuminate\\Routing\\Controller.php(54): App\\Http\\Controllers\\Api\\V2\\AnalyticsController->getCreatorAnalytics(Object(Illuminate\\Http\\Request))
#12 D:\\laragon\\www\\mirrormefashion\\vendor\\laravel\\framework\\src\\Illuminate\\Routing\\ControllerDispatcher.php(43): Illuminate\\Routing\\Controller->callAction('getCreatorAnaly...', Array)
#13 D:\\laragon\\www\\mirrormefashion\\vendor\\laravel\\framework\\src\\Illuminate\\Routing\\Route.php(259): Illuminate\\Routing\\ControllerDispatcher->dispatch(Object(Illuminate\\Routing\\Route), Object(App\\Http\\Controllers\\Api\\V2\\AnalyticsController), 'getCreatorAnaly...')
#14 D:\\laragon\\www\\mirrormefashion\\vendor\\laravel\\framework\\src\\Illuminate\\Routing\\Route.php(205): Illuminate\\Routing\\Route->runController()
#15 D:\\laragon\\www\\mirrormefashion\\vendor\\laravel\\framework\\src\\Illuminate\\Routing\\Router.php(806): Illuminate\\Routing\\Route->run()
#16 D:\\laragon\\www\\mirrormefashion\\vendor\\laravel\\framework\\src\\Illuminate\\Pipeline\\Pipeline.php(144): Illuminate\\Routing\\Router->Illuminate\\Routing\\{closure}(Object(Illuminate\\Http\\Request))
#17 D:\\laragon\\www\\mirrormefashion\\app\\Http\\Middleware\\ParseBearerToken.php(98): Illuminate\\Pipeline\\Pipeline->Illuminate\\Pipeline\\{closure}(Object(Illuminate\\Http\\Request))
#18 D:\\laragon\\www\\mirrormefashion\\vendor\\laravel\\framework\\src\\Illuminate\\Pipeline\\Pipeline.php(183): App\\Http\\Middleware\\ParseBearerToken->handle(Object(Illuminate\\Http\\Request), Object(Closure))
#19 D:\\laragon\\www\\mirrormefashion\\app\\Http\\Middleware\\AppLanguage.php(35): Illuminate\\Pipeline\\Pipeline->Illuminate\\Pipeline\\{closure}(Object(Illuminate\\Http\\Request))
#20 D:\\laragon\\www\\mirrormefashion\\vendor\\laravel\\framework\\src\\Illuminate\\Pipeline\\Pipeline.php(183): App\\Http\\Middleware\\AppLanguage->handle(Object(Illuminate\\Http\\Request), Object(Closure))
#21 D:\\laragon\\www\\mirrormefashion\\app\\Http\\Middleware\\ApiJsonResponse.php(22): Illuminate\\Pipeline\\Pipeline->Illuminate\\Pipeline\\{closure}(Object(Illuminate\\Http\\Request))
#22 D:\\laragon\\www\\mirrormefashion\\vendor\\laravel\\framework\\src\\Illuminate\\Pipeline\\Pipeline.php(183): App\\Http\\Middleware\\ApiJsonResponse->handle(Object(Illuminate\\Http\\Request), Object(Closure))
#23 D:\\laragon\\www\\mirrormefashion\\app\\Http\\Middleware\\CheckForMaintenanceMode.php(64): Illuminate\\Pipeline\\Pipeline->Illuminate\\Pipeline\\{closure}(Object(Illuminate\\Http\\Request))
#24 D:\\laragon\\www\\mirrormefashion\\vendor\\laravel\\framework\\src\\Illuminate\\Pipeline\\Pipeline.php(183): App\\Http\\Middleware\\CheckForMaintenanceMode->handle(Object(Illuminate\\Http\\Request), Object(Closure))
#25 D:\\laragon\\www\\mirrormefashion\\vendor\\laravel\\framework\\src\\Illuminate\\Routing\\Middleware\\SubstituteBindings.php(50): Illuminate\\Pipeline\\Pipeline->Illuminate\\Pipeline\\{closure}(Object(Illuminate\\Http\\Request))
#26 D:\\laragon\\www\\mirrormefashion\\vendor\\laravel\\framework\\src\\Illuminate\\Pipeline\\Pipeline.php(183): Illuminate\\Routing\\Middleware\\SubstituteBindings->handle(Object(Illuminate\\Http\\Request), Object(Closure))
#27 D:\\laragon\\www\\mirrormefashion\\vendor\\laravel\\framework\\src\\Illuminate\\Auth\\Middleware\\Authenticate.php(57): Illuminate\\Pipeline\\Pipeline->Illuminate\\Pipeline\\{closure}(Object(Illuminate\\Http\\Request))
#28 D:\\laragon\\www\\mirrormefashion\\vendor\\laravel\\framework\\src\\Illuminate\\Pipeline\\Pipeline.php(183): Illuminate\\Auth\\Middleware\\Authenticate->handle(Object(Illuminate\\Http\\Request), Object(Closure), 'sanctum')
#29 D:\\laragon\\www\\mirrormefashion\\vendor\\laravel\\framework\\src\\Illuminate\\Routing\\Middleware\\ThrottleRequests.php(159): Illuminate\\Pipeline\\Pipeline->Illuminate\\Pipeline\\{closure}(Object(Illuminate\\Http\\Request))
#30 D:\\laragon\\www\\mirrormefashion\\vendor\\laravel\\framework\\src\\Illuminate\\Routing\\Middleware\\ThrottleRequests.php(125): Illuminate\\Routing\\Middleware\\ThrottleRequests->handleRequest(Object(Illuminate\\Http\\Request), Object(Closure), Array)
#31 D:\\laragon\\www\\mirrormefashion\\vendor\\laravel\\framework\\src\\Illuminate\\Routing\\Middleware\\ThrottleRequests.php(87): Illuminate\\Routing\\Middleware\\ThrottleRequests->handleRequestUsingNamedLimiter(Object(Illuminate\\Http\\Request), Object(Closure), 'api', Object(Closure))
#32 D:\\laragon\\www\\mirrormefashion\\vendor\\laravel\\framework\\src\\Illuminate\\Pipeline\\Pipeline.php(183): Illuminate\\Routing\\Middleware\\ThrottleRequests->handle(Object(Illuminate\\Http\\Request), Object(Closure), 'api')
#33 D:\\laragon\\www\\mirrormefashion\\vendor\\laravel\\sanctum\\src\\Http\\Middleware\\EnsureFrontendRequestsAreStateful.php(25): Illuminate\\Pipeline\\Pipeline->Illuminate\\Pipeline\\{closure}(Object(Illuminate\\Http\\Request))
#34 D:\\laragon\\www\\mirrormefashion\\vendor\\laravel\\framework\\src\\Illuminate\\Pipeline\\Pipeline.php(144): Laravel\\Sanctum\\Http\\Middleware\\EnsureFrontendRequestsAreStateful->Laravel\\Sanctum\\Http\\Middleware\\{closure}(Object(Illuminate\\Http\\Request))
#35 D:\\laragon\\www\\mirrormefashion\\vendor\\laravel\\framework\\src\\Illuminate\\Foundation\\Http\\Middleware\\VerifyCsrfToken.php(78): Illuminate\\Pipeline\\Pipeline->Illuminate\\Pipeline\\{closure}(Object(Illuminate\\Http\\Request))
#36 D:\\laragon\\www\\mirrormefashion\\vendor\\laravel\\framework\\src\\Illuminate\\Pipeline\\Pipeline.php(183): Illuminate\\Foundation\\Http\\Middleware\\VerifyCsrfToken->handle(Object(Illuminate\\Http\\Request), Object(Closure))
#37 D:\\laragon\\www\\mirrormefashion\\vendor\\laravel\\framework\\src\\Illuminate\\Session\\Middleware\\StartSession.php(121): Illuminate\\Pipeline\\Pipeline->Illuminate\\Pipeline\\{closure}(Object(Illuminate\\Http\\Request))
#38 D:\\laragon\\www\\mirrormefashion\\vendor\\laravel\\framework\\src\\Illuminate\\Session\\Middleware\\StartSession.php(64): Illuminate\\Session\\Middleware\\StartSession->handleStatefulRequest(Object(Illuminate\\Http\\Request), Object(Illuminate\\Session\\Store), Object(Closure))
#39 D:\\laragon\\www\\mirrormefashion\\vendor\\laravel\\framework\\src\\Illuminate\\Pipeline\\Pipeline.php(183): Illuminate\\Session\\Middleware\\StartSession->handle(Object(Illuminate\\Http\\Request), Object(Closure))
#40 D:\\laragon\\www\\mirrormefashion\\vendor\\laravel\\framework\\src\\Illuminate\\Cookie\\Middleware\\AddQueuedCookiesToResponse.php(37): Illuminate\\Pipeline\\Pipeline->Illuminate\\Pipeline\\{closure}(Object(Illuminate\\Http\\Request))
#41 D:\\laragon\\www\\mirrormefashion\\vendor\\laravel\\framework\\src\\Illuminate\\Pipeline\\Pipeline.php(183): Illuminate\\Cookie\\Middleware\\AddQueuedCookiesToResponse->handle(Object(Illuminate\\Http\\Request), Object(Closure))
#42 D:\\laragon\\www\\mirrormefashion\\vendor\\laravel\\framework\\src\\Illuminate\\Cookie\\Middleware\\EncryptCookies.php(67): Illuminate\\Pipeline\\Pipeline->Illuminate\\Pipeline\\{closure}(Object(Illuminate\\Http\\Request))
#43 D:\\laragon\\www\\mirrormefashion\\vendor\\laravel\\framework\\src\\Illuminate\\Pipeline\\Pipeline.php(183): Illuminate\\Cookie\\Middleware\\EncryptCookies->handle(Object(Illuminate\\Http\\Request), Object(Closure))
#44 D:\\laragon\\www\\mirrormefashion\\vendor\\laravel\\sanctum\\src\\Http\\Middleware\\EnsureFrontendRequestsAreStateful.php(61): Illuminate\\Pipeline\\Pipeline->Illuminate\\Pipeline\\{closure}(Object(Illuminate\\Http\\Request))
#45 D:\\laragon\\www\\mirrormefashion\\vendor\\laravel\\framework\\src\\Illuminate\\Pipeline\\Pipeline.php(165): Laravel\\Sanctum\\Http\\Middleware\\EnsureFrontendRequestsAreStateful->Laravel\\Sanctum\\Http\\Middleware\\{closure}(Object(Illuminate\\Http\\Request), Object(Closure))
#46 D:\\laragon\\www\\mirrormefashion\\vendor\\laravel\\framework\\src\\Illuminate\\Pipeline\\Pipeline.php(119): Illuminate\\Pipeline\\Pipeline->Illuminate\\Pipeline\\{closure}(Object(Illuminate\\Http\\Request))
#47 D:\\laragon\\www\\mirrormefashion\\vendor\\laravel\\sanctum\\src\\Http\\Middleware\\EnsureFrontendRequestsAreStateful.php(24): Illuminate\\Pipeline\\Pipeline->then(Object(Closure))
#48 D:\\laragon\\www\\mirrormefashion\\vendor\\laravel\\framework\\src\\Illuminate\\Pipeline\\Pipeline.php(183): Laravel\\Sanctum\\Http\\Middleware\\EnsureFrontendRequestsAreStateful->handle(Object(Illuminate\\Http\\Request), Object(Closure))
#49 D:\\laragon\\www\\mirrormefashion\\app\\Http\\Middleware\\CorsMiddleware.php(32): Illuminate\\Pipeline\\Pipeline->Illuminate\\Pipeline\\{closure}(Object(Illuminate\\Http\\Request))
#50 D:\\laragon\\www\\mirrormefashion\\vendor\\laravel\\framework\\src\\Illuminate\\Pipeline\\Pipeline.php(183): App\\Http\\Middleware\\CorsMiddleware->handle(Object(Illuminate\\Http\\Request), Object(Closure))
#51 D:\\laragon\\www\\mirrormefashion\\vendor\\laravel\\framework\\src\\Illuminate\\Pipeline\\Pipeline.php(119): Illuminate\\Pipeline\\Pipeline->Illuminate\\Pipeline\\{closure}(Object(Illuminate\\Http\\Request))
#52 D:\\laragon\\www\\mirrormefashion\\vendor\\laravel\\framework\\src\\Illuminate\\Routing\\Router.php(805): Illuminate\\Pipeline\\Pipeline->then(Object(Closure))
#53 D:\\laragon\\www\\mirrormefashion\\vendor\\laravel\\framework\\src\\Illuminate\\Routing\\Router.php(784): Illuminate\\Routing\\Router->runRouteWithinStack(Object(Illuminate\\Routing\\Route), Object(Illuminate\\Http\\Request))
#54 D:\\laragon\\www\\mirrormefashion\\vendor\\laravel\\framework\\src\\Illuminate\\Routing\\Router.php(748): Illuminate\\Routing\\Router->runRoute(Object(Illuminate\\Http\\Request), Object(Illuminate\\Routing\\Route))
#55 D:\\laragon\\www\\mirrormefashion\\vendor\\laravel\\framework\\src\\Illuminate\\Routing\\Router.php(737): Illuminate\\Routing\\Router->dispatchToRoute(Object(Illuminate\\Http\\Request))
#56 D:\\laragon\\www\\mirrormefashion\\vendor\\laravel\\framework\\src\\Illuminate\\Foundation\\Http\\Kernel.php(200): Illuminate\\Routing\\Router->dispatch(Object(Illuminate\\Http\\Request))
#57 D:\\laragon\\www\\mirrormefashion\\vendor\\laravel\\framework\\src\\Illuminate\\Pipeline\\Pipeline.php(144): Illuminate\\Foundation\\Http\\Kernel->Illuminate\\Foundation\\Http\\{closure}(Object(Illuminate\\Http\\Request))
#58 D:\\laragon\\www\\mirrormefashion\\vendor\\barryvdh\\laravel-debugbar\\src\\Middleware\\InjectDebugbar.php(66): Illuminate\\Pipeline\\Pipeline->Illuminate\\Pipeline\\{closure}(Object(Illuminate\\Http\\Request))
#59 D:\\laragon\\www\\mirrormefashion\\vendor\\laravel\\framework\\src\\Illuminate\\Pipeline\\Pipeline.php(183): Barryvdh\\Debugbar\\Middleware\\InjectDebugbar->handle(Object(Illuminate\\Http\\Request), Object(Closure))
#60 D:\\laragon\\www\\mirrormefashion\\vendor\\laravel\\framework\\src\\Illuminate\\View\\Middleware\\ShareErrorsFromSession.php(49): Illuminate\\Pipeline\\Pipeline->Illuminate\\Pipeline\\{closure}(Object(Illuminate\\Http\\Request))
#61 D:\\laragon\\www\\mirrormefashion\\vendor\\laravel\\framework\\src\\Illuminate\\Pipeline\\Pipeline.php(183): Illuminate\\View\\Middleware\\ShareErrorsFromSession->handle(Object(Illuminate\\Http\\Request), Object(Closure))
#62 D:\\laragon\\www\\mirrormefashion\\vendor\\laravel\\framework\\src\\Illuminate\\Session\\Middleware\\StartSession.php(121): Illuminate\\Pipeline\\Pipeline->Illuminate\\Pipeline\\{closure}(Object(Illuminate\\Http\\Request))
#63 D:\\laragon\\www\\mirrormefashion\\vendor\\laravel\\framework\\src\\Illuminate\\Session\\Middleware\\StartSession.php(64): Illuminate\\Session\\Middleware\\StartSession->handleStatefulRequest(Object(Illuminate\\Http\\Request), Object(Illuminate\\Session\\Store), Object(Closure))
#64 D:\\laragon\\www\\mirrormefashion\\vendor\\laravel\\framework\\src\\Illuminate\\Pipeline\\Pipeline.php(183): Illuminate\\Session\\Middleware\\StartSession->handle(Object(Illuminate\\Http\\Request), Object(Closure))
#65 D:\\laragon\\www\\mirrormefashion\\vendor\\laravel\\framework\\src\\Illuminate\\Http\\Middleware\\TrustProxies.php(39): Illuminate\\Pipeline\\Pipeline->Illuminate\\Pipeline\\{closure}(Object(Illuminate\\Http\\Request))
#66 D:\\laragon\\www\\mirrormefashion\\vendor\\laravel\\framework\\src\\Illuminate\\Pipeline\\Pipeline.php(183): Illuminate\\Http\\Middleware\\TrustProxies->handle(Object(Illuminate\\Http\\Request), Object(Closure))
#67 D:\\laragon\\www\\mirrormefashion\\vendor\\laravel\\framework\\src\\Illuminate\\Foundation\\Http\\Middleware\\TransformsRequest.php(21): Illuminate\\Pipeline\\Pipeline->Illuminate\\Pipeline\\{closure}(Object(Illuminate\\Http\\Request))
#68 D:\\laragon\\www\\mirrormefashion\\vendor\\laravel\\framework\\src\\Illuminate\\Foundation\\Http\\Middleware\\ConvertEmptyStringsToNull.php(31): Illuminate\\Foundation\\Http\\Middleware\\TransformsRequest->handle(Object(Illuminate\\Http\\Request), Object(Closure))
#69 D:\\laragon\\www\\mirrormefashion\\vendor\\laravel\\framework\\src\\Illuminate\\Pipeline\\Pipeline.php(183): Illuminate\\Foundation\\Http\\Middleware\\ConvertEmptyStringsToNull->handle(Object(Illuminate\\Http\\Request), Object(Closure))
#70 D:\\laragon\\www\\mirrormefashion\\vendor\\laravel\\framework\\src\\Illuminate\\Foundation\\Http\\Middleware\\TransformsRequest.php(21): Illuminate\\Pipeline\\Pipeline->Illuminate\\Pipeline\\{closure}(Object(Illuminate\\Http\\Request))
#71 D:\\laragon\\www\\mirrormefashion\\vendor\\laravel\\framework\\src\\Illuminate\\Foundation\\Http\\Middleware\\TrimStrings.php(40): Illuminate\\Foundation\\Http\\Middleware\\TransformsRequest->handle(Object(Illuminate\\Http\\Request), Object(Closure))
#72 D:\\laragon\\www\\mirrormefashion\\vendor\\laravel\\framework\\src\\Illuminate\\Pipeline\\Pipeline.php(183): Illuminate\\Foundation\\Http\\Middleware\\TrimStrings->handle(Object(Illuminate\\Http\\Request), Object(Closure))
#73 D:\\laragon\\www\\mirrormefashion\\vendor\\laravel\\framework\\src\\Illuminate\\Foundation\\Http\\Middleware\\ValidatePostSize.php(27): Illuminate\\Pipeline\\Pipeline->Illuminate\\Pipeline\\{closure}(Object(Illuminate\\Http\\Request))
#74 D:\\laragon\\www\\mirrormefashion\\vendor\\laravel\\framework\\src\\Illuminate\\Pipeline\\Pipeline.php(183): Illuminate\\Foundation\\Http\\Middleware\\ValidatePostSize->handle(Object(Illuminate\\Http\\Request), Object(Closure))
#75 D:\\laragon\\www\\mirrormefashion\\vendor\\laravel\\framework\\src\\Illuminate\\Pipeline\\Pipeline.php(119): Illuminate\\Pipeline\\Pipeline->Illuminate\\Pipeline\\{closure}(Object(Illuminate\\Http\\Request))
#76 D:\\laragon\\www\\mirrormefashion\\vendor\\laravel\\framework\\src\\Illuminate\\Foundation\\Http\\Kernel.php(175): Illuminate\\Pipeline\\Pipeline->then(Object(Closure))
#77 D:\\laragon\\www\\mirrormefashion\\vendor\\laravel\\framework\\src\\Illuminate\\Foundation\\Http\\Kernel.php(144): Illuminate\\Foundation\\Http\\Kernel->sendRequestThroughRouter(Object(Illuminate\\Http\\Request))
#78 D:\\laragon\\www\\mirrormefashion\\index.php(56): Illuminate\\Foundation\\Http\\Kernel->handle(Object(Illuminate\\Http\\Request))
#79 {main}"} 
[2026-04-12 07:12:42] local.INFO: ParseBearerToken middleware invoked {"path":"/api/v2/analytics/creator","method":"GET","has_auth_header":true,"auth_header_preview":"Bearer 162|htku8Nbt0t7HbUxovVT...","is_bearer":true} 
[2026-04-12 07:12:42] local.INFO: Extracted bearer token {"token_preview":"162|htku8N...","token_length":52} 
[2026-04-12 07:12:42] local.INFO: Found personal access token {"token_id":162,"user_id":68,"revoked":null} 
[2026-04-12 07:12:42] local.INFO: User authenticated via bearer token {"user_id":68,"user_email":"freelancerzahedcreator@gmail.com"} 
[2026-04-12 07:12:43] local.WARNING: Error fetching campaign questions {"error":"SQLSTATE[42S02]: Base table or view not found: 1146 Table 'mirromefashion.campaign_questions' doesn't exist (Connection: mysql, SQL: select * from `campaign_questions` where `campaign_id` in (97, 98))"} 
[2026-04-12 07:12:43] local.WARNING: Error fetching legacy feedback questions {"error":"SQLSTATE[42S22]: Column not found: 1054 Unknown column 'campaign_id' in 'where clause' (Connection: mysql, SQL: select * from `feedbacks` where `campaign_id` in (97, 98))"} 
[2026-04-12 07:12:43] local.ERROR: Analytics error {"error":"SQLSTATE[42S02]: Base table or view not found: 1146 Table 'mirromefashion.campaign_feedback' doesn't exist (Connection: mysql, SQL: select count(*) as aggregate from `campaign_feedback` where `campaign_id` in (97, 98))","trace":"#0 D:\\laragon\\www\\mirrormefashion\\vendor\\laravel\\framework\\src\\Illuminate\\Database\\Connection.php(783): Illuminate\\Database\\Connection->runQueryCallback('select count(*)...', Array, Object(Closure))
#1 D:\\laragon\\www\\mirrormefashion\\vendor\\laravel\\framework\\src\\Illuminate\\Database\\Connection.php(414): Illuminate\\Database\\Connection->run('select count(*)...', Array, Object(Closure))
#2 D:\\laragon\\www\\mirrormefashion\\vendor\\laravel\\framework\\src\\Illuminate\\Database\\Query\\Builder.php(2913): Illuminate\\Database\\Connection->select('select count(*)...', Array, true)
#3 D:\\laragon\\www\\mirrormefashion\\vendor\\laravel\\framework\\src\\Illuminate\\Database\\Query\\Builder.php(2902): Illuminate\\Database\\Query\\Builder->runSelect()
#4 D:\\laragon\\www\\mirrormefashion\\vendor\\laravel\\framework\\src\\Illuminate\\Database\\Query\\Builder.php(3456): Illuminate\\Database\\Query\\Builder->Illuminate\\Database\\Query\\{closure}()
#5 D:\\laragon\\www\\mirrormefashion\\vendor\\laravel\\framework\\src\\Illuminate\\Database\\Query\\Builder.php(2901): Illuminate\\Database\\Query\\Builder->onceWithColumns(Array, Object(Closure))
#6 D:\\laragon\\www\\mirrormefashion\\vendor\\laravel\\framework\\src\\Illuminate\\Database\\Query\\Builder.php(3383): Illuminate\\Database\\Query\\Builder->get(Array)
#7 D:\\laragon\\www\\mirrormefashion\\vendor\\laravel\\framework\\src\\Illuminate\\Database\\Query\\Builder.php(3311): Illuminate\\Database\\Query\\Builder->aggregate('count', Array)
#8 D:\\laragon\\www\\mirrormefashion\\vendor\\laravel\\framework\\src\\Illuminate\\Database\\Eloquent\\Builder.php(1982): Illuminate\\Database\\Query\\Builder->count()
#9 D:\\laragon\\www\\mirrormefashion\\app\\Http\\Controllers\\Api\\V2\\AnalyticsController.php(437): Illuminate\\Database\\Eloquent\\Builder->__call('count', Array)
#10 D:\\laragon\\www\\mirrormefashion\\app\\Http\\Controllers\\Api\\V2\\AnalyticsController.php(84): App\\Http\\Controllers\\Api\\V2\\AnalyticsController->countFeedbackComments(Object(Illuminate\\Database\\Eloquent\\Collection))
#11 D:\\laragon\\www\\mirrormefashion\\vendor\\laravel\\framework\\src\\Illuminate\\Routing\\Controller.php(54): App\\Http\\Controllers\\Api\\V2\\AnalyticsController->getCreatorAnalytics(Object(Illuminate\\Http\\Request))
#12 D:\\laragon\\www\\mirrormefashion\\vendor\\laravel\\framework\\src\\Illuminate\\Routing\\ControllerDispatcher.php(43): Illuminate\\Routing\\Controller->callAction('getCreatorAnaly...', Array)
#13 D:\\laragon\\www\\mirrormefashion\\vendor\\laravel\\framework\\src\\Illuminate\\Routing\\Route.php(259): Illuminate\\Routing\\ControllerDispatcher->dispatch(Object(Illuminate\\Routing\\Route), Object(App\\Http\\Controllers\\Api\\V2\\AnalyticsController), 'getCreatorAnaly...')
#14 D:\\laragon\\www\\mirrormefashion\\vendor\\laravel\\framework\\src\\Illuminate\\Routing\\Route.php(205): Illuminate\\Routing\\Route->runController()
#15 D:\\laragon\\www\\mirrormefashion\\vendor\\laravel\\framework\\src\\Illuminate\\Routing\\Router.php(806): Illuminate\\Routing\\Route->run()
#16 D:\\laragon\\www\\mirrormefashion\\vendor\\laravel\\framework\\src\\Illuminate\\Pipeline\\Pipeline.php(144): Illuminate\\Routing\\Router->Illuminate\\Routing\\{closure}(Object(Illuminate\\Http\\Request))
#17 D:\\laragon\\www\\mirrormefashion\\app\\Http\\Middleware\\ParseBearerToken.php(98): Illuminate\\Pipeline\\Pipeline->Illuminate\\Pipeline\\{closure}(Object(Illuminate\\Http\\Request))
#18 D:\\laragon\\www\\mirrormefashion\\vendor\\laravel\\framework\\src\\Illuminate\\Pipeline\\Pipeline.php(183): App\\Http\\Middleware\\ParseBearerToken->handle(Object(Illuminate\\Http\\Request), Object(Closure))
#19 D:\\laragon\\www\\mirrormefashion\\app\\Http\\Middleware\\AppLanguage.php(35): Illuminate\\Pipeline\\Pipeline->Illuminate\\Pipeline\\{closure}(Object(Illuminate\\Http\\Request))
#20 D:\\laragon\\www\\mirrormefashion\\vendor\\laravel\\framework\\src\\Illuminate\\Pipeline\\Pipeline.php(183): App\\Http\\Middleware\\AppLanguage->handle(Object(Illuminate\\Http\\Request), Object(Closure))
#21 D:\\laragon\\www\\mirrormefashion\\app\\Http\\Middleware\\ApiJsonResponse.php(22): Illuminate\\Pipeline\\Pipeline->Illuminate\\Pipeline\\{closure}(Object(Illuminate\\Http\\Request))
#22 D:\\laragon\\www\\mirrormefashion\\vendor\\laravel\\framework\\src\\Illuminate\\Pipeline\\Pipeline.php(183): App\\Http\\Middleware\\ApiJsonResponse->handle(Object(Illuminate\\Http\\Request), Object(Closure))
#23 D:\\laragon\\www\\mirrormefashion\\app\\Http\\Middleware\\CheckForMaintenanceMode.php(64): Illuminate\\Pipeline\\Pipeline->Illuminate\\Pipeline\\{closure}(Object(Illuminate\\Http\\Request))
#24 D:\\laragon\\www\\mirrormefashion\\vendor\\laravel\\framework\\src\\Illuminate\\Pipeline\\Pipeline.php(183): App\\Http\\Middleware\\CheckForMaintenanceMode->handle(Object(Illuminate\\Http\\Request), Object(Closure))
#25 D:\\laragon\\www\\mirrormefashion\\vendor\\laravel\\framework\\src\\Illuminate\\Routing\\Middleware\\SubstituteBindings.php(50): Illuminate\\Pipeline\\Pipeline->Illuminate\\Pipeline\\{closure}(Object(Illuminate\\Http\\Request))
#26 D:\\laragon\\www\\mirrormefashion\\vendor\\laravel\\framework\\src\\Illuminate\\Pipeline\\Pipeline.php(183): Illuminate\\Routing\\Middleware\\SubstituteBindings->handle(Object(Illuminate\\Http\\Request), Object(Closure))
#27 D:\\laragon\\www\\mirrormefashion\\vendor\\laravel\\framework\\src\\Illuminate\\Auth\\Middleware\\Authenticate.php(57): Illuminate\\Pipeline\\Pipeline->Illuminate\\Pipeline\\{closure}(Object(Illuminate\\Http\\Request))
#28 D:\\laragon\\www\\mirrormefashion\\vendor\\laravel\\framework\\src\\Illuminate\\Pipeline\\Pipeline.php(183): Illuminate\\Auth\\Middleware\\Authenticate->handle(Object(Illuminate\\Http\\Request), Object(Closure), 'sanctum')
#29 D:\\laragon\\www\\mirrormefashion\\vendor\\laravel\\framework\\src\\Illuminate\\Routing\\Middleware\\ThrottleRequests.php(159): Illuminate\\Pipeline\\Pipeline->Illuminate\\Pipeline\\{closure}(Object(Illuminate\\Http\\Request))
#30 D:\\laragon\\www\\mirrormefashion\\vendor\\laravel\\framework\\src\\Illuminate\\Routing\\Middleware\\ThrottleRequests.php(125): Illuminate\\Routing\\Middleware\\ThrottleRequests->handleRequest(Object(Illuminate\\Http\\Request), Object(Closure), Array)
#31 D:\\laragon\\www\\mirrormefashion\\vendor\\laravel\\framework\\src\\Illuminate\\Routing\\Middleware\\ThrottleRequests.php(87): Illuminate\\Routing\\Middleware\\ThrottleRequests->handleRequestUsingNamedLimiter(Object(Illuminate\\Http\\Request), Object(Closure), 'api', Object(Closure))
#32 D:\\laragon\\www\\mirrormefashion\\vendor\\laravel\\framework\\src\\Illuminate\\Pipeline\\Pipeline.php(183): Illuminate\\Routing\\Middleware\\ThrottleRequests->handle(Object(Illuminate\\Http\\Request), Object(Closure), 'api')
#33 D:\\laragon\\www\\mirrormefashion\\vendor\\laravel\\sanctum\\src\\Http\\Middleware\\EnsureFrontendRequestsAreStateful.php(25): Illuminate\\Pipeline\\Pipeline->Illuminate\\Pipeline\\{closure}(Object(Illuminate\\Http\\Request))
#34 D:\\laragon\\www\\mirrormefashion\\vendor\\laravel\\framework\\src\\Illuminate\\Pipeline\\Pipeline.php(144): Laravel\\Sanctum\\Http\\Middleware\\EnsureFrontendRequestsAreStateful->Laravel\\Sanctum\\Http\\Middleware\\{closure}(Object(Illuminate\\Http\\Request))
#35 D:\\laragon\\www\\mirrormefashion\\vendor\\laravel\\framework\\src\\Illuminate\\Foundation\\Http\\Middleware\\VerifyCsrfToken.php(78): Illuminate\\Pipeline\\Pipeline->Illuminate\\Pipeline\\{closure}(Object(Illuminate\\Http\\Request))
#36 D:\\laragon\\www\\mirrormefashion\\vendor\\laravel\\framework\\src\\Illuminate\\Pipeline\\Pipeline.php(183): Illuminate\\Foundation\\Http\\Middleware\\VerifyCsrfToken->handle(Object(Illuminate\\Http\\Request), Object(Closure))
#37 D:\\laragon\\www\\mirrormefashion\\vendor\\laravel\\framework\\src\\Illuminate\\Session\\Middleware\\StartSession.php(121): Illuminate\\Pipeline\\Pipeline->Illuminate\\Pipeline\\{closure}(Object(Illuminate\\Http\\Request))
#38 D:\\laragon\\www\\mirrormefashion\\vendor\\laravel\\framework\\src\\Illuminate\\Session\\Middleware\\StartSession.php(64): Illuminate\\Session\\Middleware\\StartSession->handleStatefulRequest(Object(Illuminate\\Http\\Request), Object(Illuminate\\Session\\Store), Object(Closure))
#39 D:\\laragon\\www\\mirrormefashion\\vendor\\laravel\\framework\\src\\Illuminate\\Pipeline\\Pipeline.php(183): Illuminate\\Session\\Middleware\\StartSession->handle(Object(Illuminate\\Http\\Request), Object(Closure))
#40 D:\\laragon\\www\\mirrormefashion\\vendor\\laravel\\framework\\src\\Illuminate\\Cookie\\Middleware\\AddQueuedCookiesToResponse.php(37): Illuminate\\Pipeline\\Pipeline->Illuminate\\Pipeline\\{closure}(Object(Illuminate\\Http\\Request))
#41 D:\\laragon\\www\\mirrormefashion\\vendor\\laravel\\framework\\src\\Illuminate\\Pipeline\\Pipeline.php(183): Illuminate\\Cookie\\Middleware\\AddQueuedCookiesToResponse->handle(Object(Illuminate\\Http\\Request), Object(Closure))
#42 D:\\laragon\\www\\mirrormefashion\\vendor\\laravel\\framework\\src\\Illuminate\\Cookie\\Middleware\\EncryptCookies.php(67): Illuminate\\Pipeline\\Pipeline->Illuminate\\Pipeline\\{closure}(Object(Illuminate\\Http\\Request))
#43 D:\\laragon\\www\\mirrormefashion\\vendor\\laravel\\framework\\src\\Illuminate\\Pipeline\\Pipeline.php(183): Illuminate\\Cookie\\Middleware\\EncryptCookies->handle(Object(Illuminate\\Http\\Request), Object(Closure))
#44 D:\\laragon\\www\\mirrormefashion\\vendor\\laravel\\sanctum\\src\\Http\\Middleware\\EnsureFrontendRequestsAreStateful.php(61): Illuminate\\Pipeline\\Pipeline->Illuminate\\Pipeline\\{closure}(Object(Illuminate\\Http\\Request))
#45 D:\\laragon\\www\\mirrormefashion\\vendor\\laravel\\framework\\src\\Illuminate\\Pipeline\\Pipeline.php(165): Laravel\\Sanctum\\Http\\Middleware\\EnsureFrontendRequestsAreStateful->Laravel\\Sanctum\\Http\\Middleware\\{closure}(Object(Illuminate\\Http\\Request), Object(Closure))
#46 D:\\laragon\\www\\mirrormefashion\\vendor\\laravel\\framework\\src\\Illuminate\\Pipeline\\Pipeline.php(119): Illuminate\\Pipeline\\Pipeline->Illuminate\\Pipeline\\{closure}(Object(Illuminate\\Http\\Request))
#47 D:\\laragon\\www\\mirrormefashion\\vendor\\laravel\\sanctum\\src\\Http\\Middleware\\EnsureFrontendRequestsAreStateful.php(24): Illuminate\\Pipeline\\Pipeline->then(Object(Closure))
#48 D:\\laragon\\www\\mirrormefashion\\vendor\\laravel\\framework\\src\\Illuminate\\Pipeline\\Pipeline.php(183): Laravel\\Sanctum\\Http\\Middleware\\EnsureFrontendRequestsAreStateful->handle(Object(Illuminate\\Http\\Request), Object(Closure))
#49 D:\\laragon\\www\\mirrormefashion\\app\\Http\\Middleware\\CorsMiddleware.php(32): Illuminate\\Pipeline\\Pipeline->Illuminate\\Pipeline\\{closure}(Object(Illuminate\\Http\\Request))
#50 D:\\laragon\\www\\mirrormefashion\\vendor\\laravel\\framework\\src\\Illuminate\\Pipeline\\Pipeline.php(183): App\\Http\\Middleware\\CorsMiddleware->handle(Object(Illuminate\\Http\\Request), Object(Closure))
#51 D:\\laragon\\www\\mirrormefashion\\vendor\\laravel\\framework\\src\\Illuminate\\Pipeline\\Pipeline.php(119): Illuminate\\Pipeline\\Pipeline->Illuminate\\Pipeline\\{closure}(Object(Illuminate\\Http\\Request))
#52 D:\\laragon\\www\\mirrormefashion\\vendor\\laravel\\framework\\src\\Illuminate\\Routing\\Router.php(805): Illuminate\\Pipeline\\Pipeline->then(Object(Closure))
#53 D:\\laragon\\www\\mirrormefashion\\vendor\\laravel\\framework\\src\\Illuminate\\Routing\\Router.php(784): Illuminate\\Routing\\Router->runRouteWithinStack(Object(Illuminate\\Routing\\Route), Object(Illuminate\\Http\\Request))
#54 D:\\laragon\\www\\mirrormefashion\\vendor\\laravel\\framework\\src\\Illuminate\\Routing\\Router.php(748): Illuminate\\Routing\\Router->runRoute(Object(Illuminate\\Http\\Request), Object(Illuminate\\Routing\\Route))
#55 D:\\laragon\\www\\mirrormefashion\\vendor\\laravel\\framework\\src\\Illuminate\\Routing\\Router.php(737): Illuminate\\Routing\\Router->dispatchToRoute(Object(Illuminate\\Http\\Request))
#56 D:\\laragon\\www\\mirrormefashion\\vendor\\laravel\\framework\\src\\Illuminate\\Foundation\\Http\\Kernel.php(200): Illuminate\\Routing\\Router->dispatch(Object(Illuminate\\Http\\Request))
#57 D:\\laragon\\www\\mirrormefashion\\vendor\\laravel\\framework\\src\\Illuminate\\Pipeline\\Pipeline.php(144): Illuminate\\Foundation\\Http\\Kernel->Illuminate\\Foundation\\Http\\{closure}(Object(Illuminate\\Http\\Request))
#58 D:\\laragon\\www\\mirrormefashion\\vendor\\barryvdh\\laravel-debugbar\\src\\Middleware\\InjectDebugbar.php(66): Illuminate\\Pipeline\\Pipeline->Illuminate\\Pipeline\\{closure}(Object(Illuminate\\Http\\Request))
#59 D:\\laragon\\www\\mirrormefashion\\vendor\\laravel\\framework\\src\\Illuminate\\Pipeline\\Pipeline.php(183): Barryvdh\\Debugbar\\Middleware\\InjectDebugbar->handle(Object(Illuminate\\Http\\Request), Object(Closure))
#60 D:\\laragon\\www\\mirrormefashion\\vendor\\laravel\\framework\\src\\Illuminate\\View\\Middleware\\ShareErrorsFromSession.php(49): Illuminate\\Pipeline\\Pipeline->Illuminate\\Pipeline\\{closure}(Object(Illuminate\\Http\\Request))
#61 D:\\laragon\\www\\mirrormefashion\\vendor\\laravel\\framework\\src\\Illuminate\\Pipeline\\Pipeline.php(183): Illuminate\\View\\Middleware\\ShareErrorsFromSession->handle(Object(Illuminate\\Http\\Request), Object(Closure))
#62 D:\\laragon\\www\\mirrormefashion\\vendor\\laravel\\framework\\src\\Illuminate\\Session\\Middleware\\StartSession.php(121): Illuminate\\Pipeline\\Pipeline->Illuminate\\Pipeline\\{closure}(Object(Illuminate\\Http\\Request))
#63 D:\\laragon\\www\\mirrormefashion\\vendor\\laravel\\framework\\src\\Illuminate\\Session\\Middleware\\StartSession.php(64): Illuminate\\Session\\Middleware\\StartSession->handleStatefulRequest(Object(Illuminate\\Http\\Request), Object(Illuminate\\Session\\Store), Object(Closure))
#64 D:\\laragon\\www\\mirrormefashion\\vendor\\laravel\\framework\\src\\Illuminate\\Pipeline\\Pipeline.php(183): Illuminate\\Session\\Middleware\\StartSession->handle(Object(Illuminate\\Http\\Request), Object(Closure))
#65 D:\\laragon\\www\\mirrormefashion\\vendor\\laravel\\framework\\src\\Illuminate\\Http\\Middleware\\TrustProxies.php(39): Illuminate\\Pipeline\\Pipeline->Illuminate\\Pipeline\\{closure}(Object(Illuminate\\Http\\Request))
#66 D:\\laragon\\www\\mirrormefashion\\vendor\\laravel\\framework\\src\\Illuminate\\Pipeline\\Pipeline.php(183): Illuminate\\Http\\Middleware\\TrustProxies->handle(Object(Illuminate\\Http\\Request), Object(Closure))
#67 D:\\laragon\\www\\mirrormefashion\\vendor\\laravel\\framework\\src\\Illuminate\\Foundation\\Http\\Middleware\\TransformsRequest.php(21): Illuminate\\Pipeline\\Pipeline->Illuminate\\Pipeline\\{closure}(Object(Illuminate\\Http\\Request))
#68 D:\\laragon\\www\\mirrormefashion\\vendor\\laravel\\framework\\src\\Illuminate\\Foundation\\Http\\Middleware\\ConvertEmptyStringsToNull.php(31): Illuminate\\Foundation\\Http\\Middleware\\TransformsRequest->handle(Object(Illuminate\\Http\\Request), Object(Closure))
#69 D:\\laragon\\www\\mirrormefashion\\vendor\\laravel\\framework\\src\\Illuminate\\Pipeline\\Pipeline.php(183): Illuminate\\Foundation\\Http\\Middleware\\ConvertEmptyStringsToNull->handle(Object(Illuminate\\Http\\Request), Object(Closure))
#70 D:\\laragon\\www\\mirrormefashion\\vendor\\laravel\\framework\\src\\Illuminate\\Foundation\\Http\\Middleware\\TransformsRequest.php(21): Illuminate\\Pipeline\\Pipeline->Illuminate\\Pipeline\\{closure}(Object(Illuminate\\Http\\Request))
#71 D:\\laragon\\www\\mirrormefashion\\vendor\\laravel\\framework\\src\\Illuminate\\Foundation\\Http\\Middleware\\TrimStrings.php(40): Illuminate\\Foundation\\Http\\Middleware\\TransformsRequest->handle(Object(Illuminate\\Http\\Request), Object(Closure))
#72 D:\\laragon\\www\\mirrormefashion\\vendor\\laravel\\framework\\src\\Illuminate\\Pipeline\\Pipeline.php(183): Illuminate\\Foundation\\Http\\Middleware\\TrimStrings->handle(Object(Illuminate\\Http\\Request), Object(Closure))
#73 D:\\laragon\\www\\mirrormefashion\\vendor\\laravel\\framework\\src\\Illuminate\\Foundation\\Http\\Middleware\\ValidatePostSize.php(27): Illuminate\\Pipeline\\Pipeline->Illuminate\\Pipeline\\{closure}(Object(Illuminate\\Http\\Request))
#74 D:\\laragon\\www\\mirrormefashion\\vendor\\laravel\\framework\\src\\Illuminate\\Pipeline\\Pipeline.php(183): Illuminate\\Foundation\\Http\\Middleware\\ValidatePostSize->handle(Object(Illuminate\\Http\\Request), Object(Closure))
#75 D:\\laragon\\www\\mirrormefashion\\vendor\\laravel\\framework\\src\\Illuminate\\Pipeline\\Pipeline.php(119): Illuminate\\Pipeline\\Pipeline->Illuminate\\Pipeline\\{closure}(Object(Illuminate\\Http\\Request))
#76 D:\\laragon\\www\\mirrormefashion\\vendor\\laravel\\framework\\src\\Illuminate\\Foundation\\Http\\Kernel.php(175): Illuminate\\Pipeline\\Pipeline->then(Object(Closure))
#77 D:\\laragon\\www\\mirrormefashion\\vendor\\laravel\\framework\\src\\Illuminate\\Foundation\\Http\\Kernel.php(144): Illuminate\\Foundation\\Http\\Kernel->sendRequestThroughRouter(Object(Illuminate\\Http\\Request))
#78 D:\\laragon\\www\\mirrormefashion\\index.php(56): Illuminate\\Foundation\\Http\\Kernel->handle(Object(Illuminate\\Http\\Request))
#79 {main}"} 
[2026-04-12 07:12:44] local.INFO: ParseBearerToken middleware invoked {"path":"/api/v2/analytics/creator","method":"GET","has_auth_header":true,"auth_header_preview":"Bearer 162|htku8Nbt0t7HbUxovVT...","is_bearer":true} 
[2026-04-12 07:12:44] local.INFO: Extracted bearer token {"token_preview":"162|htku8N...","token_length":52} 
[2026-04-12 07:12:44] local.INFO: Found personal access token {"token_id":162,"user_id":68,"revoked":null} 
[2026-04-12 07:12:44] local.INFO: User authenticated via bearer token {"user_id":68,"user_email":"freelancerzahedcreator@gmail.com"} 
[2026-04-12 07:12:44] local.WARNING: Error fetching campaign questions {"error":"SQLSTATE[42S02]: Base table or view not found: 1146 Table 'mirromefashion.campaign_questions' doesn't exist (Connection: mysql, SQL: select * from `campaign_questions` where `campaign_id` in (97, 98))"} 
[2026-04-12 07:12:44] local.WARNING: Error fetching legacy feedback questions {"error":"SQLSTATE[42S22]: Column not found: 1054 Unknown column 'campaign_id' in 'where clause' (Connection: mysql, SQL: select * from `feedbacks` where `campaign_id` in (97, 98))"} 
[2026-04-12 07:12:44] local.ERROR: Analytics error {"error":"SQLSTATE[42S02]: Base table or view not found: 1146 Table 'mirromefashion.campaign_feedback' doesn't exist (Connection: mysql, SQL: select count(*) as aggregate from `campaign_feedback` where `campaign_id` in (97, 98))","trace":"#0 D:\\laragon\\www\\mirrormefashion\\vendor\\laravel\\framework\\src\\Illuminate\\Database\\Connection.php(783): Illuminate\\Database\\Connection->runQueryCallback('select count(*)...', Array, Object(Closure))
#1 D:\\laragon\\www\\mirrormefashion\\vendor\\laravel\\framework\\src\\Illuminate\\Database\\Connection.php(414): Illuminate\\Database\\Connection->run('select count(*)...', Array, Object(Closure))
#2 D:\\laragon\\www\\mirrormefashion\\vendor\\laravel\\framework\\src\\Illuminate\\Database\\Query\\Builder.php(2913): Illuminate\\Database\\Connection->select('select count(*)...', Array, true)
#3 D:\\laragon\\www\\mirrormefashion\\vendor\\laravel\\framework\\src\\Illuminate\\Database\\Query\\Builder.php(2902): Illuminate\\Database\\Query\\Builder->runSelect()
#4 D:\\laragon\\www\\mirrormefashion\\vendor\\laravel\\framework\\src\\Illuminate\\Database\\Query\\Builder.php(3456): Illuminate\\Database\\Query\\Builder->Illuminate\\Database\\Query\\{closure}()
#5 D:\\laragon\\www\\mirrormefashion\\vendor\\laravel\\framework\\src\\Illuminate\\Database\\Query\\Builder.php(2901): Illuminate\\Database\\Query\\Builder->onceWithColumns(Array, Object(Closure))
#6 D:\\laragon\\www\\mirrormefashion\\vendor\\laravel\\framework\\src\\Illuminate\\Database\\Query\\Builder.php(3383): Illuminate\\Database\\Query\\Builder->get(Array)
#7 D:\\laragon\\www\\mirrormefashion\\vendor\\laravel\\framework\\src\\Illuminate\\Database\\Query\\Builder.php(3311): Illuminate\\Database\\Query\\Builder->aggregate('count', Array)
#8 D:\\laragon\\www\\mirrormefashion\\vendor\\laravel\\framework\\src\\Illuminate\\Database\\Eloquent\\Builder.php(1982): Illuminate\\Database\\Query\\Builder->count()
#9 D:\\laragon\\www\\mirrormefashion\\app\\Http\\Controllers\\Api\\V2\\AnalyticsController.php(437): Illuminate\\Database\\Eloquent\\Builder->__call('count', Array)
#10 D:\\laragon\\www\\mirrormefashion\\app\\Http\\Controllers\\Api\\V2\\AnalyticsController.php(84): App\\Http\\Controllers\\Api\\V2\\AnalyticsController->countFeedbackComments(Object(Illuminate\\Database\\Eloquent\\Collection))
#11 D:\\laragon\\www\\mirrormefashion\\vendor\\laravel\\framework\\src\\Illuminate\\Routing\\Controller.php(54): App\\Http\\Controllers\\Api\\V2\\AnalyticsController->getCreatorAnalytics(Object(Illuminate\\Http\\Request))
#12 D:\\laragon\\www\\mirrormefashion\\vendor\\laravel\\framework\\src\\Illuminate\\Routing\\ControllerDispatcher.php(43): Illuminate\\Routing\\Controller->callAction('getCreatorAnaly...', Array)
#13 D:\\laragon\\www\\mirrormefashion\\vendor\\laravel\\framework\\src\\Illuminate\\Routing\\Route.php(259): Illuminate\\Routing\\ControllerDispatcher->dispatch(Object(Illuminate\\Routing\\Route), Object(App\\Http\\Controllers\\Api\\V2\\AnalyticsController), 'getCreatorAnaly...')
#14 D:\\laragon\\www\\mirrormefashion\\vendor\\laravel\\framework\\src\\Illuminate\\Routing\\Route.php(205): Illuminate\\Routing\\Route->runController()
#15 D:\\laragon\\www\\mirrormefashion\\vendor\\laravel\\framework\\src\\Illuminate\\Routing\\Router.php(806): Illuminate\\Routing\\Route->run()
#16 D:\\laragon\\www\\mirrormefashion\\vendor\\laravel\\framework\\src\\Illuminate\\Pipeline\\Pipeline.php(144): Illuminate\\Routing\\Router->Illuminate\\Routing\\{closure}(Object(Illuminate\\Http\\Request))
#17 D:\\laragon\\www\\mirrormefashion\\app\\Http\\Middleware\\ParseBearerToken.php(98): Illuminate\\Pipeline\\Pipeline->Illuminate\\Pipeline\\{closure}(Object(Illuminate\\Http\\Request))
#18 D:\\laragon\\www\\mirrormefashion\\vendor\\laravel\\framework\\src\\Illuminate\\Pipeline\\Pipeline.php(183): App\\Http\\Middleware\\ParseBearerToken->handle(Object(Illuminate\\Http\\Request), Object(Closure))
#19 D:\\laragon\\www\\mirrormefashion\\app\\Http\\Middleware\\AppLanguage.php(35): Illuminate\\Pipeline\\Pipeline->Illuminate\\Pipeline\\{closure}(Object(Illuminate\\Http\\Request))
#20 D:\\laragon\\www\\mirrormefashion\\vendor\\laravel\\framework\\src\\Illuminate\\Pipeline\\Pipeline.php(183): App\\Http\\Middleware\\AppLanguage->handle(Object(Illuminate\\Http\\Request), Object(Closure))
#21 D:\\laragon\\www\\mirrormefashion\\app\\Http\\Middleware\\ApiJsonResponse.php(22): Illuminate\\Pipeline\\Pipeline->Illuminate\\Pipeline\\{closure}(Object(Illuminate\\Http\\Request))
#22 D:\\laragon\\www\\mirrormefashion\\vendor\\laravel\\framework\\src\\Illuminate\\Pipeline\\Pipeline.php(183): App\\Http\\Middleware\\ApiJsonResponse->handle(Object(Illuminate\\Http\\Request), Object(Closure))
#23 D:\\laragon\\www\\mirrormefashion\\app\\Http\\Middleware\\CheckForMaintenanceMode.php(64): Illuminate\\Pipeline\\Pipeline->Illuminate\\Pipeline\\{closure}(Object(Illuminate\\Http\\Request))
#24 D:\\laragon\\www\\mirrormefashion\\vendor\\laravel\\framework\\src\\Illuminate\\Pipeline\\Pipeline.php(183): App\\Http\\Middleware\\CheckForMaintenanceMode->handle(Object(Illuminate\\Http\\Request), Object(Closure))
#25 D:\\laragon\\www\\mirrormefashion\\vendor\\laravel\\framework\\src\\Illuminate\\Routing\\Middleware\\SubstituteBindings.php(50): Illuminate\\Pipeline\\Pipeline->Illuminate\\Pipeline\\{closure}(Object(Illuminate\\Http\\Request))
#26 D:\\laragon\\www\\mirrormefashion\\vendor\\laravel\\framework\\src\\Illuminate\\Pipeline\\Pipeline.php(183): Illuminate\\Routing\\Middleware\\SubstituteBindings->handle(Object(Illuminate\\Http\\Request), Object(Closure))
#27 D:\\laragon\\www\\mirrormefashion\\vendor\\laravel\\framework\\src\\Illuminate\\Auth\\Middleware\\Authenticate.php(57): Illuminate\\Pipeline\\Pipeline->Illuminate\\Pipeline\\{closure}(Object(Illuminate\\Http\\Request))
#28 D:\\laragon\\www\\mirrormefashion\\vendor\\laravel\\framework\\src\\Illuminate\\Pipeline\\Pipeline.php(183): Illuminate\\Auth\\Middleware\\Authenticate->handle(Object(Illuminate\\Http\\Request), Object(Closure), 'sanctum')
#29 D:\\laragon\\www\\mirrormefashion\\vendor\\laravel\\framework\\src\\Illuminate\\Routing\\Middleware\\ThrottleRequests.php(159): Illuminate\\Pipeline\\Pipeline->Illuminate\\Pipeline\\{closure}(Object(Illuminate\\Http\\Request))
#30 D:\\laragon\\www\\mirrormefashion\\vendor\\laravel\\framework\\src\\Illuminate\\Routing\\Middleware\\ThrottleRequests.php(125): Illuminate\\Routing\\Middleware\\ThrottleRequests->handleRequest(Object(Illuminate\\Http\\Request), Object(Closure), Array)
#31 D:\\laragon\\www\\mirrormefashion\\vendor\\laravel\\framework\\src\\Illuminate\\Routing\\Middleware\\ThrottleRequests.php(87): Illuminate\\Routing\\Middleware\\ThrottleRequests->handleRequestUsingNamedLimiter(Object(Illuminate\\Http\\Request), Object(Closure), 'api', Object(Closure))
#32 D:\\laragon\\www\\mirrormefashion\\vendor\\laravel\\framework\\src\\Illuminate\\Pipeline\\Pipeline.php(183): Illuminate\\Routing\\Middleware\\ThrottleRequests->handle(Object(Illuminate\\Http\\Request), Object(Closure), 'api')
#33 D:\\laragon\\www\\mirrormefashion\\vendor\\laravel\\sanctum\\src\\Http\\Middleware\\EnsureFrontendRequestsAreStateful.php(25): Illuminate\\Pipeline\\Pipeline->Illuminate\\Pipeline\\{closure}(Object(Illuminate\\Http\\Request))
#34 D:\\laragon\\www\\mirrormefashion\\vendor\\laravel\\framework\\src\\Illuminate\\Pipeline\\Pipeline.php(144): Laravel\\Sanctum\\Http\\Middleware\\EnsureFrontendRequestsAreStateful->Laravel\\Sanctum\\Http\\Middleware\\{closure}(Object(Illuminate\\Http\\Request))
#35 D:\\laragon\\www\\mirrormefashion\\vendor\\laravel\\framework\\src\\Illuminate\\Foundation\\Http\\Middleware\\VerifyCsrfToken.php(78): Illuminate\\Pipeline\\Pipeline->Illuminate\\Pipeline\\{closure}(Object(Illuminate\\Http\\Request))
#36 D:\\laragon\\www\\mirrormefashion\\vendor\\laravel\\framework\\src\\Illuminate\\Pipeline\\Pipeline.php(183): Illuminate\\Foundation\\Http\\Middleware\\VerifyCsrfToken->handle(Object(Illuminate\\Http\\Request), Object(Closure))
#37 D:\\laragon\\www\\mirrormefashion\\vendor\\laravel\\framework\\src\\Illuminate\\Session\\Middleware\\StartSession.php(121): Illuminate\\Pipeline\\Pipeline->Illuminate\\Pipeline\\{closure}(Object(Illuminate\\Http\\Request))
#38 D:\\laragon\\www\\mirrormefashion\\vendor\\laravel\\framework\\src\\Illuminate\\Session\\Middleware\\StartSession.php(64): Illuminate\\Session\\Middleware\\StartSession->handleStatefulRequest(Object(Illuminate\\Http\\Request), Object(Illuminate\\Session\\Store), Object(Closure))
#39 D:\\laragon\\www\\mirrormefashion\\vendor\\laravel\\framework\\src\\Illuminate\\Pipeline\\Pipeline.php(183): Illuminate\\Session\\Middleware\\StartSession->handle(Object(Illuminate\\Http\\Request), Object(Closure))
#40 D:\\laragon\\www\\mirrormefashion\\vendor\\laravel\\framework\\src\\Illuminate\\Cookie\\Middleware\\AddQueuedCookiesToResponse.php(37): Illuminate\\Pipeline\\Pipeline->Illuminate\\Pipeline\\{closure}(Object(Illuminate\\Http\\Request))
#41 D:\\laragon\\www\\mirrormefashion\\vendor\\laravel\\framework\\src\\Illuminate\\Pipeline\\Pipeline.php(183): Illuminate\\Cookie\\Middleware\\AddQueuedCookiesToResponse->handle(Object(Illuminate\\Http\\Request), Object(Closure))
#42 D:\\laragon\\www\\mirrormefashion\\vendor\\laravel\\framework\\src\\Illuminate\\Cookie\\Middleware\\EncryptCookies.php(67): Illuminate\\Pipeline\\Pipeline->Illuminate\\Pipeline\\{closure}(Object(Illuminate\\Http\\Request))
#43 D:\\laragon\\www\\mirrormefashion\\vendor\\laravel\\framework\\src\\Illuminate\\Pipeline\\Pipeline.php(183): Illuminate\\Cookie\\Middleware\\EncryptCookies->handle(Object(Illuminate\\Http\\Request), Object(Closure))
#44 D:\\laragon\\www\\mirrormefashion\\vendor\\laravel\\sanctum\\src\\Http\\Middleware\\EnsureFrontendRequestsAreStateful.php(61): Illuminate\\Pipeline\\Pipeline->Illuminate\\Pipeline\\{closure}(Object(Illuminate\\Http\\Request))
#45 D:\\laragon\\www\\mirrormefashion\\vendor\\laravel\\framework\\src\\Illuminate\\Pipeline\\Pipeline.php(165): Laravel\\Sanctum\\Http\\Middleware\\EnsureFrontendRequestsAreStateful->Laravel\\Sanctum\\Http\\Middleware\\{closure}(Object(Illuminate\\Http\\Request), Object(Closure))
#46 D:\\laragon\\www\\mirrormefashion\\vendor\\laravel\\framework\\src\\Illuminate\\Pipeline\\Pipeline.php(119): Illuminate\\Pipeline\\Pipeline->Illuminate\\Pipeline\\{closure}(Object(Illuminate\\Http\\Request))
#47 D:\\laragon\\www\\mirrormefashion\\vendor\\laravel\\sanctum\\src\\Http\\Middleware\\EnsureFrontendRequestsAreStateful.php(24): Illuminate\\Pipeline\\Pipeline->then(Object(Closure))
#48 D:\\laragon\\www\\mirrormefashion\\vendor\\laravel\\framework\\src\\Illuminate\\Pipeline\\Pipeline.php(183): Laravel\\Sanctum\\Http\\Middleware\\EnsureFrontendRequestsAreStateful->handle(Object(Illuminate\\Http\\Request), Object(Closure))
#49 D:\\laragon\\www\\mirrormefashion\\app\\Http\\Middleware\\CorsMiddleware.php(32): Illuminate\\Pipeline\\Pipeline->Illuminate\\Pipeline\\{closure}(Object(Illuminate\\Http\\Request))
#50 D:\\laragon\\www\\mirrormefashion\\vendor\\laravel\\framework\\src\\Illuminate\\Pipeline\\Pipeline.php(183): App\\Http\\Middleware\\CorsMiddleware->handle(Object(Illuminate\\Http\\Request), Object(Closure))
#51 D:\\laragon\\www\\mirrormefashion\\vendor\\laravel\\framework\\src\\Illuminate\\Pipeline\\Pipeline.php(119): Illuminate\\Pipeline\\Pipeline->Illuminate\\Pipeline\\{closure}(Object(Illuminate\\Http\\Request))
#52 D:\\laragon\\www\\mirrormefashion\\vendor\\laravel\\framework\\src\\Illuminate\\Routing\\Router.php(805): Illuminate\\Pipeline\\Pipeline->then(Object(Closure))
#53 D:\\laragon\\www\\mirrormefashion\\vendor\\laravel\\framework\\src\\Illuminate\\Routing\\Router.php(784): Illuminate\\Routing\\Router->runRouteWithinStack(Object(Illuminate\\Routing\\Route), Object(Illuminate\\Http\\Request))
#54 D:\\laragon\\www\\mirrormefashion\\vendor\\laravel\\framework\\src\\Illuminate\\Routing\\Router.php(748): Illuminate\\Routing\\Router->runRoute(Object(Illuminate\\Http\\Request), Object(Illuminate\\Routing\\Route))
#55 D:\\laragon\\www\\mirrormefashion\\vendor\\laravel\\framework\\src\\Illuminate\\Routing\\Router.php(737): Illuminate\\Routing\\Router->dispatchToRoute(Object(Illuminate\\Http\\Request))
#56 D:\\laragon\\www\\mirrormefashion\\vendor\\laravel\\framework\\src\\Illuminate\\Foundation\\Http\\Kernel.php(200): Illuminate\\Routing\\Router->dispatch(Object(Illuminate\\Http\\Request))
#57 D:\\laragon\\www\\mirrormefashion\\vendor\\laravel\\framework\\src\\Illuminate\\Pipeline\\Pipeline.php(144): Illuminate\\Foundation\\Http\\Kernel->Illuminate\\Foundation\\Http\\{closure}(Object(Illuminate\\Http\\Request))
#58 D:\\laragon\\www\\mirrormefashion\\vendor\\barryvdh\\laravel-debugbar\\src\\Middleware\\InjectDebugbar.php(66): Illuminate\\Pipeline\\Pipeline->Illuminate\\Pipeline\\{closure}(Object(Illuminate\\Http\\Request))
#59 D:\\laragon\\www\\mirrormefashion\\vendor\\laravel\\framework\\src\\Illuminate\\Pipeline\\Pipeline.php(183): Barryvdh\\Debugbar\\Middleware\\InjectDebugbar->handle(Object(Illuminate\\Http\\Request), Object(Closure))
#60 D:\\laragon\\www\\mirrormefashion\\vendor\\laravel\\framework\\src\\Illuminate\\View\\Middleware\\ShareErrorsFromSession.php(49): Illuminate\\Pipeline\\Pipeline->Illuminate\\Pipeline\\{closure}(Object(Illuminate\\Http\\Request))
#61 D:\\laragon\\www\\mirrormefashion\\vendor\\laravel\\framework\\src\\Illuminate\\Pipeline\\Pipeline.php(183): Illuminate\\View\\Middleware\\ShareErrorsFromSession->handle(Object(Illuminate\\Http\\Request), Object(Closure))
#62 D:\\laragon\\www\\mirrormefashion\\vendor\\laravel\\framework\\src\\Illuminate\\Session\\Middleware\\StartSession.php(121): Illuminate\\Pipeline\\Pipeline->Illuminate\\Pipeline\\{closure}(Object(Illuminate\\Http\\Request))
#63 D:\\laragon\\www\\mirrormefashion\\vendor\\laravel\\framework\\src\\Illuminate\\Session\\Middleware\\StartSession.php(64): Illuminate\\Session\\Middleware\\StartSession->handleStatefulRequest(Object(Illuminate\\Http\\Request), Object(Illuminate\\Session\\Store), Object(Closure))
#64 D:\\laragon\\www\\mirrormefashion\\vendor\\laravel\\framework\\src\\Illuminate\\Pipeline\\Pipeline.php(183): Illuminate\\Session\\Middleware\\StartSession->handle(Object(Illuminate\\Http\\Request), Object(Closure))
#65 D:\\laragon\\www\\mirrormefashion\\vendor\\laravel\\framework\\src\\Illuminate\\Http\\Middleware\\TrustProxies.php(39): Illuminate\\Pipeline\\Pipeline->Illuminate\\Pipeline\\{closure}(Object(Illuminate\\Http\\Request))
#66 D:\\laragon\\www\\mirrormefashion\\vendor\\laravel\\framework\\src\\Illuminate\\Pipeline\\Pipeline.php(183): Illuminate\\Http\\Middleware\\TrustProxies->handle(Object(Illuminate\\Http\\Request), Object(Closure))
#67 D:\\laragon\\www\\mirrormefashion\\vendor\\laravel\\framework\\src\\Illuminate\\Foundation\\Http\\Middleware\\TransformsRequest.php(21): Illuminate\\Pipeline\\Pipeline->Illuminate\\Pipeline\\{closure}(Object(Illuminate\\Http\\Request))
#68 D:\\laragon\\www\\mirrormefashion\\vendor\\laravel\\framework\\src\\Illuminate\\Foundation\\Http\\Middleware\\ConvertEmptyStringsToNull.php(31): Illuminate\\Foundation\\Http\\Middleware\\TransformsRequest->handle(Object(Illuminate\\Http\\Request), Object(Closure))
#69 D:\\laragon\\www\\mirrormefashion\\vendor\\laravel\\framework\\src\\Illuminate\\Pipeline\\Pipeline.php(183): Illuminate\\Foundation\\Http\\Middleware\\ConvertEmptyStringsToNull->handle(Object(Illuminate\\Http\\Request), Object(Closure))
#70 D:\\laragon\\www\\mirrormefashion\\vendor\\laravel\\framework\\src\\Illuminate\\Foundation\\Http\\Middleware\\TransformsRequest.php(21): Illuminate\\Pipeline\\Pipeline->Illuminate\\Pipeline\\{closure}(Object(Illuminate\\Http\\Request))
#71 D:\\laragon\\www\\mirrormefashion\\vendor\\laravel\\framework\\src\\Illuminate\\Foundation\\Http\\Middleware\\TrimStrings.php(40): Illuminate\\Foundation\\Http\\Middleware\\TransformsRequest->handle(Object(Illuminate\\Http\\Request), Object(Closure))
#72 D:\\laragon\\www\\mirrormefashion\\vendor\\laravel\\framework\\src\\Illuminate\\Pipeline\\Pipeline.php(183): Illuminate\\Foundation\\Http\\Middleware\\TrimStrings->handle(Object(Illuminate\\Http\\Request), Object(Closure))
#73 D:\\laragon\\www\\mirrormefashion\\vendor\\laravel\\framework\\src\\Illuminate\\Foundation\\Http\\Middleware\\ValidatePostSize.php(27): Illuminate\\Pipeline\\Pipeline->Illuminate\\Pipeline\\{closure}(Object(Illuminate\\Http\\Request))
#74 D:\\laragon\\www\\mirrormefashion\\vendor\\laravel\\framework\\src\\Illuminate\\Pipeline\\Pipeline.php(183): Illuminate\\Foundation\\Http\\Middleware\\ValidatePostSize->handle(Object(Illuminate\\Http\\Request), Object(Closure))
#75 D:\\laragon\\www\\mirrormefashion\\vendor\\laravel\\framework\\src\\Illuminate\\Pipeline\\Pipeline.php(119): Illuminate\\Pipeline\\Pipeline->Illuminate\\Pipeline\\{closure}(Object(Illuminate\\Http\\Request))
#76 D:\\laragon\\www\\mirrormefashion\\vendor\\laravel\\framework\\src\\Illuminate\\Foundation\\Http\\Kernel.php(175): Illuminate\\Pipeline\\Pipeline->then(Object(Closure))
#77 D:\\laragon\\www\\mirrormefashion\\vendor\\laravel\\framework\\src\\Illuminate\\Foundation\\Http\\Kernel.php(144): Illuminate\\Foundation\\Http\\Kernel->sendRequestThroughRouter(Object(Illuminate\\Http\\Request))
#78 D:\\laragon\\www\\mirrormefashion\\index.php(56): Illuminate\\Foundation\\Http\\Kernel->handle(Object(Illuminate\\Http\\Request))
#79 {main}"} 
[2026-04-12 07:13:42] local.ERROR: SQLSTATE[HY000]: General error: 3780 Referencing column 'campaign_id' and referenced column 'id' in foreign key constraint 'campaign_feedback_campaign_id_foreign' are incompatible. (Connection: mysql, SQL: alter table `campaign_feedback` add constraint `campaign_feedback_campaign_id_foreign` foreign key (`campaign_id`) references `campaigns` (`id`) on delete cascade) {"exception":"[object] (Illuminate\\Database\\QueryException(code: HY000): SQLSTATE[HY000]: General error: 3780 Referencing column 'campaign_id' and referenced column 'id' in foreign key constraint 'campaign_feedback_campaign_id_foreign' are incompatible. (Connection: mysql, SQL: alter table `campaign_feedback` add constraint `campaign_feedback_campaign_id_foreign` foreign key (`campaign_id`) references `campaigns` (`id`) on delete cascade) at D:\\laragon\\www\\mirrormefashion\\vendor\\laravel\\framework\\src\\Illuminate\\Database\\Connection.php:829)
[stacktrace]
#0 D:\\laragon\\www\\mirrormefashion\\vendor\\laravel\\framework\\src\\Illuminate\\Database\\Connection.php(783): Illuminate\\Database\\Connection->runQueryCallback('alter table `ca...', Array, Object(Closure))
#1 D:\\laragon\\www\\mirrormefashion\\vendor\\laravel\\framework\\src\\Illuminate\\Database\\Connection.php(576): Illuminate\\Database\\Connection->run('alter table `ca...', Array, Object(Closure))
#2 D:\\laragon\\www\\mirrormefashion\\vendor\\laravel\\framework\\src\\Illuminate\\Database\\Schema\\Blueprint.php(110): Illuminate\\Database\\Connection->statement('alter table `ca...')
#3 D:\\laragon\\www\\mirrormefashion\\vendor\\laravel\\framework\\src\\Illuminate\\Database\\Schema\\Builder.php(602): Illuminate\\Database\\Schema\\Blueprint->build(Object(Illuminate\\Database\\MySqlConnection), Object(Illuminate\\Database\\Schema\\Grammars\\MySqlGrammar))
#4 D:\\laragon\\www\\mirrormefashion\\vendor\\laravel\\framework\\src\\Illuminate\\Database\\Schema\\Builder.php(456): Illuminate\\Database\\Schema\\Builder->build(Object(Illuminate\\Database\\Schema\\Blueprint))
#5 D:\\laragon\\www\\mirrormefashion\\vendor\\laravel\\framework\\src\\Illuminate\\Support\\Facades\\Facade.php(355): Illuminate\\Database\\Schema\\Builder->create('campaign_feedba...', Object(Closure))
#6 D:\\laragon\\www\\mirrormefashion\\database\\migrations\\2024_04_12_create_analytics_tables.php(35): Illuminate\\Support\\Facades\\Facade::__callStatic('create', Array)
#7 D:\\laragon\\www\\mirrormefashion\\vendor\\laravel\\framework\\src\\Illuminate\\Database\\Migrations\\Migrator.php(493): Illuminate\\Database\\Migrations\\Migration@anonymous->up()
#8 D:\\laragon\\www\\mirrormefashion\\vendor\\laravel\\framework\\src\\Illuminate\\Database\\Migrations\\Migrator.php(410): Illuminate\\Database\\Migrations\\Migrator->runMethod(Object(Illuminate\\Database\\MySqlConnection), Object(Illuminate\\Database\\Migrations\\Migration@anonymous), 'up')
#9 D:\\laragon\\www\\mirrormefashion\\vendor\\laravel\\framework\\src\\Illuminate\\Database\\Migrations\\Migrator.php(419): Illuminate\\Database\\Migrations\\Migrator->Illuminate\\Database\\Migrations\\{closure}()
#10 D:\\laragon\\www\\mirrormefashion\\vendor\\laravel\\framework\\src\\Illuminate\\Database\\Migrations\\Migrator.php(216): Illuminate\\Database\\Migrations\\Migrator->runMigration(Object(Illuminate\\Database\\Migrations\\Migration@anonymous), 'up')
#11 D:\\laragon\\www\\mirrormefashion\\vendor\\laravel\\framework\\src\\Illuminate\\Console\\View\\Components\\Task.php(37): Illuminate\\Database\\Migrations\\Migrator->Illuminate\\Database\\Migrations\\{closure}()
#12 D:\\laragon\\www\\mirrormefashion\\vendor\\laravel\\framework\\src\\Illuminate\\Database\\Migrations\\Migrator.php(756): Illuminate\\Console\\View\\Components\\Task->render('2024_04_12_crea...', Object(Closure))
#13 D:\\laragon\\www\\mirrormefashion\\vendor\\laravel\\framework\\src\\Illuminate\\Database\\Migrations\\Migrator.php(216): Illuminate\\Database\\Migrations\\Migrator->write('Illuminate\\\\Cons...', '2024_04_12_crea...', Object(Closure))
#14 D:\\laragon\\www\\mirrormefashion\\vendor\\laravel\\framework\\src\\Illuminate\\Database\\Migrations\\Migrator.php(181): Illuminate\\Database\\Migrations\\Migrator->runUp('D:\\\\laragon\\\\www\\\\...', 12, false)
#15 D:\\laragon\\www\\mirrormefashion\\vendor\\laravel\\framework\\src\\Illuminate\\Database\\Migrations\\Migrator.php(124): Illuminate\\Database\\Migrations\\Migrator->runPending(Array, Array)
#16 D:\\laragon\\www\\mirrormefashion\\vendor\\laravel\\framework\\src\\Illuminate\\Database\\Console\\Migrations\\MigrateCommand.php(90): Illuminate\\Database\\Migrations\\Migrator->run(Array, Array)
#17 D:\\laragon\\www\\mirrormefashion\\vendor\\laravel\\framework\\src\\Illuminate\\Database\\Migrations\\Migrator.php(633): Illuminate\\Database\\Console\\Migrations\\MigrateCommand->Illuminate\\Database\\Console\\Migrations\\{closure}()
#18 D:\\laragon\\www\\mirrormefashion\\vendor\\laravel\\framework\\src\\Illuminate\\Database\\Console\\Migrations\\MigrateCommand.php(83): Illuminate\\Database\\Migrations\\Migrator->usingConnection(NULL, Object(Closure))
#19 D:\\laragon\\www\\mirrormefashion\\vendor\\laravel\\framework\\src\\Illuminate\\Container\\BoundMethod.php(36): Illuminate\\Database\\Console\\Migrations\\MigrateCommand->handle()
#20 D:\\laragon\\www\\mirrormefashion\\vendor\\laravel\\framework\\src\\Illuminate\\Container\\Util.php(41): Illuminate\\Container\\BoundMethod::Illuminate\\Container\\{closure}()
#21 D:\\laragon\\www\\mirrormefashion\\vendor\\laravel\\framework\\src\\Illuminate\\Container\\BoundMethod.php(93): Illuminate\\Container\\Util::unwrapIfClosure(Object(Closure))
#22 D:\\laragon\\www\\mirrormefashion\\vendor\\laravel\\framework\\src\\Illuminate\\Container\\BoundMethod.php(35): Illuminate\\Container\\BoundMethod::callBoundMethod(Object(Illuminate\\Foundation\\Application), Array, Object(Closure))
#23 D:\\laragon\\www\\mirrormefashion\\vendor\\laravel\\framework\\src\\Illuminate\\Container\\Container.php(662): Illuminate\\Container\\BoundMethod::call(Object(Illuminate\\Foundation\\Application), Array, Array, NULL)
#24 D:\\laragon\\www\\mirrormefashion\\vendor\\laravel\\framework\\src\\Illuminate\\Console\\Command.php(211): Illuminate\\Container\\Container->call(Array)
#25 D:\\laragon\\www\\mirrormefashion\\vendor\\symfony\\console\\Command\\Command.php(326): Illuminate\\Console\\Command->execute(Object(Symfony\\Component\\Console\\Input\\ArgvInput), Object(Illuminate\\Console\\OutputStyle))
#26 D:\\laragon\\www\\mirrormefashion\\vendor\\laravel\\framework\\src\\Illuminate\\Console\\Command.php(180): Symfony\\Component\\Console\\Command\\Command->run(Object(Symfony\\Component\\Console\\Input\\ArgvInput), Object(Illuminate\\Console\\OutputStyle))
#27 D:\\laragon\\www\\mirrormefashion\\vendor\\symfony\\console\\Application.php(1096): Illuminate\\Console\\Command->run(Object(Symfony\\Component\\Console\\Input\\ArgvInput), Object(Symfony\\Component\\Console\\Output\\ConsoleOutput))
#28 D:\\laragon\\www\\mirrormefashion\\vendor\\symfony\\console\\Application.php(324): Symfony\\Component\\Console\\Application->doRunCommand(Object(Illuminate\\Database\\Console\\Migrations\\MigrateCommand), Object(Symfony\\Component\\Console\\Input\\ArgvInput), Object(Symfony\\Component\\Console\\Output\\ConsoleOutput))
#29 D:\\laragon\\www\\mirrormefashion\\vendor\\symfony\\console\\Application.php(175): Symfony\\Component\\Console\\Application->doRun(Object(Symfony\\Component\\Console\\Input\\ArgvInput), Object(Symfony\\Component\\Console\\Output\\ConsoleOutput))
#30 D:\\laragon\\www\\mirrormefashion\\vendor\\laravel\\framework\\src\\Illuminate\\Foundation\\Console\\Kernel.php(201): Symfony\\Component\\Console\\Application->run(Object(Symfony\\Component\\Console\\Input\\ArgvInput), Object(Symfony\\Component\\Console\\Output\\ConsoleOutput))
#31 D:\\laragon\\www\\mirrormefashion\\artisan(35): Illuminate\\Foundation\\Console\\Kernel->handle(Object(Symfony\\Component\\Console\\Input\\ArgvInput), Object(Symfony\\Component\\Console\\Output\\ConsoleOutput))
#32 {main}

[previous exception] [object] (PDOException(code: HY000): SQLSTATE[HY000]: General error: 3780 Referencing column 'campaign_id' and referenced column 'id' in foreign key constraint 'campaign_feedback_campaign_id_foreign' are incompatible. at D:\\laragon\\www\\mirrormefashion\\vendor\\laravel\\framework\\src\\Illuminate\\Database\\Connection.php:587)
[stacktrace]
#0 D:\\laragon\\www\\mirrormefashion\\vendor\\laravel\\framework\\src\\Illuminate\\Database\\Connection.php(587): PDOStatement->execute()
#1 D:\\laragon\\www\\mirrormefashion\\vendor\\laravel\\framework\\src\\Illuminate\\Database\\Connection.php(816): Illuminate\\Database\\Connection->Illuminate\\Database\\{closure}('alter table `ca...', Array)
#2 D:\\laragon\\www\\mirrormefashion\\vendor\\laravel\\framework\\src\\Illuminate\\Database\\Connection.php(783): Illuminate\\Database\\Connection->runQueryCallback('alter table `ca...', Array, Object(Closure))
#3 D:\\laragon\\www\\mirrormefashion\\vendor\\laravel\\framework\\src\\Illuminate\\Database\\Connection.php(576): Illuminate\\Database\\Connection->run('alter table `ca...', Array, Object(Closure))
#4 D:\\laragon\\www\\mirrormefashion\\vendor\\laravel\\framework\\src\\Illuminate\\Database\\Schema\\Blueprint.php(110): Illuminate\\Database\\Connection->statement('alter table `ca...')
#5 D:\\laragon\\www\\mirrormefashion\\vendor\\laravel\\framework\\src\\Illuminate\\Database\\Schema\\Builder.php(602): Illuminate\\Database\\Schema\\Blueprint->build(Object(Illuminate\\Database\\MySqlConnection), Object(Illuminate\\Database\\Schema\\Grammars\\MySqlGrammar))
#6 D:\\laragon\\www\\mirrormefashion\\vendor\\laravel\\framework\\src\\Illuminate\\Database\\Schema\\Builder.php(456): Illuminate\\Database\\Schema\\Builder->build(Object(Illuminate\\Database\\Schema\\Blueprint))
#7 D:\\laragon\\www\\mirrormefashion\\vendor\\laravel\\framework\\src\\Illuminate\\Support\\Facades\\Facade.php(355): Illuminate\\Database\\Schema\\Builder->create('campaign_feedba...', Object(Closure))
#8 D:\\laragon\\www\\mirrormefashion\\database\\migrations\\2024_04_12_create_analytics_tables.php(35): Illuminate\\Support\\Facades\\Facade::__callStatic('create', Array)
#9 D:\\laragon\\www\\mirrormefashion\\vendor\\laravel\\framework\\src\\Illuminate\\Database\\Migrations\\Migrator.php(493): Illuminate\\Database\\Migrations\\Migration@anonymous->up()
#10 D:\\laragon\\www\\mirrormefashion\\vendor\\laravel\\framework\\src\\Illuminate\\Database\\Migrations\\Migrator.php(410): Illuminate\\Database\\Migrations\\Migrator->runMethod(Object(Illuminate\\Database\\MySqlConnection), Object(Illuminate\\Database\\Migrations\\Migration@anonymous), 'up')
#11 D:\\laragon\\www\\mirrormefashion\\vendor\\laravel\\framework\\src\\Illuminate\\Database\\Migrations\\Migrator.php(419): Illuminate\\Database\\Migrations\\Migrator->Illuminate\\Database\\Migrations\\{closure}()
#12 D:\\laragon\\www\\mirrormefashion\\vendor\\laravel\\framework\\src\\Illuminate\\Database\\Migrations\\Migrator.php(216): Illuminate\\Database\\Migrations\\Migrator->runMigration(Object(Illuminate\\Database\\Migrations\\Migration@anonymous), 'up')
#13 D:\\laragon\\www\\mirrormefashion\\vendor\\laravel\\framework\\src\\Illuminate\\Console\\View\\Components\\Task.php(37): Illuminate\\Database\\Migrations\\Migrator->Illuminate\\Database\\Migrations\\{closure}()
#14 D:\\laragon\\www\\mirrormefashion\\vendor\\laravel\\framework\\src\\Illuminate\\Database\\Migrations\\Migrator.php(756): Illuminate\\Console\\View\\Components\\Task->render('2024_04_12_crea...', Object(Closure))
#15 D:\\laragon\\www\\mirrormefashion\\vendor\\laravel\\framework\\src\\Illuminate\\Database\\Migrations\\Migrator.php(216): Illuminate\\Database\\Migrations\\Migrator->write('Illuminate\\\\Cons...', '2024_04_12_crea...', Object(Closure))
#16 D:\\laragon\\www\\mirrormefashion\\vendor\\laravel\\framework\\src\\Illuminate\\Database\\Migrations\\Migrator.php(181): Illuminate\\Database\\Migrations\\Migrator->runUp('D:\\\\laragon\\\\www\\\\...', 12, false)
#17 D:\\laragon\\www\\mirrormefashion\\vendor\\laravel\\framework\\src\\Illuminate\\Database\\Migrations\\Migrator.php(124): Illuminate\\Database\\Migrations\\Migrator->runPending(Array, Array)
#18 D:\\laragon\\www\\mirrormefashion\\vendor\\laravel\\framework\\src\\Illuminate\\Database\\Console\\Migrations\\MigrateCommand.php(90): Illuminate\\Database\\Migrations\\Migrator->run(Array, Array)
#19 D:\\laragon\\www\\mirrormefashion\\vendor\\laravel\\framework\\src\\Illuminate\\Database\\Migrations\\Migrator.php(633): Illuminate\\Database\\Console\\Migrations\\MigrateCommand->Illuminate\\Database\\Console\\Migrations\\{closure}()
#20 D:\\laragon\\www\\mirrormefashion\\vendor\\laravel\\framework\\src\\Illuminate\\Database\\Console\\Migrations\\MigrateCommand.php(83): Illuminate\\Database\\Migrations\\Migrator->usingConnection(NULL, Object(Closure))
#21 D:\\laragon\\www\\mirrormefashion\\vendor\\laravel\\framework\\src\\Illuminate\\Container\\BoundMethod.php(36): Illuminate\\Database\\Console\\Migrations\\MigrateCommand->handle()
#22 D:\\laragon\\www\\mirrormefashion\\vendor\\laravel\\framework\\src\\Illuminate\\Container\\Util.php(41): Illuminate\\Container\\BoundMethod::Illuminate\\Container\\{closure}()
#23 D:\\laragon\\www\\mirrormefashion\\vendor\\laravel\\framework\\src\\Illuminate\\Container\\BoundMethod.php(93): Illuminate\\Container\\Util::unwrapIfClosure(Object(Closure))
#24 D:\\laragon\\www\\mirrormefashion\\vendor\\laravel\\framework\\src\\Illuminate\\Container\\BoundMethod.php(35): Illuminate\\Container\\BoundMethod::callBoundMethod(Object(Illuminate\\Foundation\\Application), Array, Object(Closure))
#25 D:\\laragon\\www\\mirrormefashion\\vendor\\laravel\\framework\\src\\Illuminate\\Container\\Container.php(662): Illuminate\\Container\\BoundMethod::call(Object(Illuminate\\Foundation\\Application), Array, Array, NULL)
#26 D:\\laragon\\www\\mirrormefashion\\vendor\\laravel\\framework\\src\\Illuminate\\Console\\Command.php(211): Illuminate\\Container\\Container->call(Array)
#27 D:\\laragon\\www\\mirrormefashion\\vendor\\symfony\\console\\Command\\Command.php(326): Illuminate\\Console\\Command->execute(Object(Symfony\\Component\\Console\\Input\\ArgvInput), Object(Illuminate\\Console\\OutputStyle))
#28 D:\\laragon\\www\\mirrormefashion\\vendor\\laravel\\framework\\src\\Illuminate\\Console\\Command.php(180): Symfony\\Component\\Console\\Command\\Command->run(Object(Symfony\\Component\\Console\\Input\\ArgvInput), Object(Illuminate\\Console\\OutputStyle))
#29 D:\\laragon\\www\\mirrormefashion\\vendor\\symfony\\console\\Application.php(1096): Illuminate\\Console\\Command->run(Object(Symfony\\Component\\Console\\Input\\ArgvInput), Object(Symfony\\Component\\Console\\Output\\ConsoleOutput))
#30 D:\\laragon\\www\\mirrormefashion\\vendor\\symfony\\console\\Application.php(324): Symfony\\Component\\Console\\Application->doRunCommand(Object(Illuminate\\Database\\Console\\Migrations\\MigrateCommand), Object(Symfony\\Component\\Console\\Input\\ArgvInput), Object(Symfony\\Component\\Console\\Output\\ConsoleOutput))
#31 D:\\laragon\\www\\mirrormefashion\\vendor\\symfony\\console\\Application.php(175): Symfony\\Component\\Console\\Application->doRun(Object(Symfony\\Component\\Console\\Input\\ArgvInput), Object(Symfony\\Component\\Console\\Output\\ConsoleOutput))
#32 D:\\laragon\\www\\mirrormefashion\\vendor\\laravel\\framework\\src\\Illuminate\\Foundation\\Console\\Kernel.php(201): Symfony\\Component\\Console\\Application->run(Object(Symfony\\Component\\Console\\Input\\ArgvInput), Object(Symfony\\Component\\Console\\Output\\ConsoleOutput))
#33 D:\\laragon\\www\\mirrormefashion\\artisan(35): Illuminate\\Foundation\\Console\\Kernel->handle(Object(Symfony\\Component\\Console\\Input\\ArgvInput), Object(Symfony\\Component\\Console\\Output\\ConsoleOutput))
#34 {main}
"} 
[2026-04-12 07:14:08] local.ERROR: SQLSTATE[HY000]: General error: 3780 Referencing column 'user_id' and referenced column 'id' in foreign key constraint 'campaign_question_responses_user_id_foreign' are incompatible. (Connection: mysql, SQL: alter table `campaign_question_responses` add constraint `campaign_question_responses_user_id_foreign` foreign key (`user_id`) references `users` (`id`) on delete cascade) {"exception":"[object] (Illuminate\\Database\\QueryException(code: HY000): SQLSTATE[HY000]: General error: 3780 Referencing column 'user_id' and referenced column 'id' in foreign key constraint 'campaign_question_responses_user_id_foreign' are incompatible. (Connection: mysql, SQL: alter table `campaign_question_responses` add constraint `campaign_question_responses_user_id_foreign` foreign key (`user_id`) references `users` (`id`) on delete cascade) at D:\\laragon\\www\\mirrormefashion\\vendor\\laravel\\framework\\src\\Illuminate\\Database\\Connection.php:829)
[stacktrace]
#0 D:\\laragon\\www\\mirrormefashion\\vendor\\laravel\\framework\\src\\Illuminate\\Database\\Connection.php(783): Illuminate\\Database\\Connection->runQueryCallback('alter table `ca...', Array, Object(Closure))
#1 D:\\laragon\\www\\mirrormefashion\\vendor\\laravel\\framework\\src\\Illuminate\\Database\\Connection.php(576): Illuminate\\Database\\Connection->run('alter table `ca...', Array, Object(Closure))
#2 D:\\laragon\\www\\mirrormefashion\\vendor\\laravel\\framework\\src\\Illuminate\\Database\\Schema\\Blueprint.php(110): Illuminate\\Database\\Connection->statement('alter table `ca...')
#3 D:\\laragon\\www\\mirrormefashion\\vendor\\laravel\\framework\\src\\Illuminate\\Database\\Schema\\Builder.php(602): Illuminate\\Database\\Schema\\Blueprint->build(Object(Illuminate\\Database\\MySqlConnection), Object(Illuminate\\Database\\Schema\\Grammars\\MySqlGrammar))
#4 D:\\laragon\\www\\mirrormefashion\\vendor\\laravel\\framework\\src\\Illuminate\\Database\\Schema\\Builder.php(456): Illuminate\\Database\\Schema\\Builder->build(Object(Illuminate\\Database\\Schema\\Blueprint))
#5 D:\\laragon\\www\\mirrormefashion\\vendor\\laravel\\framework\\src\\Illuminate\\Support\\Facades\\Facade.php(355): Illuminate\\Database\\Schema\\Builder->create('campaign_questi...', Object(Closure))
#6 D:\\laragon\\www\\mirrormefashion\\database\\migrations\\2024_04_12_create_analytics_tables.php(66): Illuminate\\Support\\Facades\\Facade::__callStatic('create', Array)
#7 D:\\laragon\\www\\mirrormefashion\\vendor\\laravel\\framework\\src\\Illuminate\\Database\\Migrations\\Migrator.php(493): Illuminate\\Database\\Migrations\\Migration@anonymous->up()
#8 D:\\laragon\\www\\mirrormefashion\\vendor\\laravel\\framework\\src\\Illuminate\\Database\\Migrations\\Migrator.php(410): Illuminate\\Database\\Migrations\\Migrator->runMethod(Object(Illuminate\\Database\\MySqlConnection), Object(Illuminate\\Database\\Migrations\\Migration@anonymous), 'up')
#9 D:\\laragon\\www\\mirrormefashion\\vendor\\laravel\\framework\\src\\Illuminate\\Database\\Migrations\\Migrator.php(419): Illuminate\\Database\\Migrations\\Migrator->Illuminate\\Database\\Migrations\\{closure}()
#10 D:\\laragon\\www\\mirrormefashion\\vendor\\laravel\\framework\\src\\Illuminate\\Database\\Migrations\\Migrator.php(216): Illuminate\\Database\\Migrations\\Migrator->runMigration(Object(Illuminate\\Database\\Migrations\\Migration@anonymous), 'up')
#11 D:\\laragon\\www\\mirrormefashion\\vendor\\laravel\\framework\\src\\Illuminate\\Console\\View\\Components\\Task.php(37): Illuminate\\Database\\Migrations\\Migrator->Illuminate\\Database\\Migrations\\{closure}()
#12 D:\\laragon\\www\\mirrormefashion\\vendor\\laravel\\framework\\src\\Illuminate\\Database\\Migrations\\Migrator.php(756): Illuminate\\Console\\View\\Components\\Task->render('2024_04_12_crea...', Object(Closure))
#13 D:\\laragon\\www\\mirrormefashion\\vendor\\laravel\\framework\\src\\Illuminate\\Database\\Migrations\\Migrator.php(216): Illuminate\\Database\\Migrations\\Migrator->write('Illuminate\\\\Cons...', '2024_04_12_crea...', Object(Closure))
#14 D:\\laragon\\www\\mirrormefashion\\vendor\\laravel\\framework\\src\\Illuminate\\Database\\Migrations\\Migrator.php(181): Illuminate\\Database\\Migrations\\Migrator->runUp('D:\\\\laragon\\\\www\\\\...', 12, false)
#15 D:\\laragon\\www\\mirrormefashion\\vendor\\laravel\\framework\\src\\Illuminate\\Database\\Migrations\\Migrator.php(124): Illuminate\\Database\\Migrations\\Migrator->runPending(Array, Array)
#16 D:\\laragon\\www\\mirrormefashion\\vendor\\laravel\\framework\\src\\Illuminate\\Database\\Console\\Migrations\\MigrateCommand.php(90): Illuminate\\Database\\Migrations\\Migrator->run(Array, Array)
#17 D:\\laragon\\www\\mirrormefashion\\vendor\\laravel\\framework\\src\\Illuminate\\Database\\Migrations\\Migrator.php(633): Illuminate\\Database\\Console\\Migrations\\MigrateCommand->Illuminate\\Database\\Console\\Migrations\\{closure}()
#18 D:\\laragon\\www\\mirrormefashion\\vendor\\laravel\\framework\\src\\Illuminate\\Database\\Console\\Migrations\\MigrateCommand.php(83): Illuminate\\Database\\Migrations\\Migrator->usingConnection(NULL, Object(Closure))
#19 D:\\laragon\\www\\mirrormefashion\\vendor\\laravel\\framework\\src\\Illuminate\\Container\\BoundMethod.php(36): Illuminate\\Database\\Console\\Migrations\\MigrateCommand->handle()
#20 D:\\laragon\\www\\mirrormefashion\\vendor\\laravel\\framework\\src\\Illuminate\\Container\\Util.php(41): Illuminate\\Container\\BoundMethod::Illuminate\\Container\\{closure}()
#21 D:\\laragon\\www\\mirrormefashion\\vendor\\laravel\\framework\\src\\Illuminate\\Container\\BoundMethod.php(93): Illuminate\\Container\\Util::unwrapIfClosure(Object(Closure))
#22 D:\\laragon\\www\\mirrormefashion\\vendor\\laravel\\framework\\src\\Illuminate\\Container\\BoundMethod.php(35): Illuminate\\Container\\BoundMethod::callBoundMethod(Object(Illuminate\\Foundation\\Application), Array, Object(Closure))
#23 D:\\laragon\\www\\mirrormefashion\\vendor\\laravel\\framework\\src\\Illuminate\\Container\\Container.php(662): Illuminate\\Container\\BoundMethod::call(Object(Illuminate\\Foundation\\Application), Array, Array, NULL)
#24 D:\\laragon\\www\\mirrormefashion\\vendor\\laravel\\framework\\src\\Illuminate\\Console\\Command.php(211): Illuminate\\Container\\Container->call(Array)
#25 D:\\laragon\\www\\mirrormefashion\\vendor\\symfony\\console\\Command\\Command.php(326): Illuminate\\Console\\Command->execute(Object(Symfony\\Component\\Console\\Input\\ArgvInput), Object(Illuminate\\Console\\OutputStyle))
#26 D:\\laragon\\www\\mirrormefashion\\vendor\\laravel\\framework\\src\\Illuminate\\Console\\Command.php(180): Symfony\\Component\\Console\\Command\\Command->run(Object(Symfony\\Component\\Console\\Input\\ArgvInput), Object(Illuminate\\Console\\OutputStyle))
#27 D:\\laragon\\www\\mirrormefashion\\vendor\\symfony\\console\\Application.php(1096): Illuminate\\Console\\Command->run(Object(Symfony\\Component\\Console\\Input\\ArgvInput), Object(Symfony\\Component\\Console\\Output\\ConsoleOutput))
#28 D:\\laragon\\www\\mirrormefashion\\vendor\\symfony\\console\\Application.php(324): Symfony\\Component\\Console\\Application->doRunCommand(Object(Illuminate\\Database\\Console\\Migrations\\MigrateCommand), Object(Symfony\\Component\\Console\\Input\\ArgvInput), Object(Symfony\\Component\\Console\\Output\\ConsoleOutput))
#29 D:\\laragon\\www\\mirrormefashion\\vendor\\symfony\\console\\Application.php(175): Symfony\\Component\\Console\\Application->doRun(Object(Symfony\\Component\\Console\\Input\\ArgvInput), Object(Symfony\\Component\\Console\\Output\\ConsoleOutput))
#30 D:\\laragon\\www\\mirrormefashion\\vendor\\laravel\\framework\\src\\Illuminate\\Foundation\\Console\\Kernel.php(201): Symfony\\Component\\Console\\Application->run(Object(Symfony\\Component\\Console\\Input\\ArgvInput), Object(Symfony\\Component\\Console\\Output\\ConsoleOutput))
#31 D:\\laragon\\www\\mirrormefashion\\artisan(35): Illuminate\\Foundation\\Console\\Kernel->handle(Object(Symfony\\Component\\Console\\Input\\ArgvInput), Object(Symfony\\Component\\Console\\Output\\ConsoleOutput))
#32 {main}

[previous exception] [object] (PDOException(code: HY000): SQLSTATE[HY000]: General error: 3780 Referencing column 'user_id' and referenced column 'id' in foreign key constraint 'campaign_question_responses_user_id_foreign' are incompatible. at D:\\laragon\\www\\mirrormefashion\\vendor\\laravel\\framework\\src\\Illuminate\\Database\\Connection.php:587)
[stacktrace]
#0 D:\\laragon\\www\\mirrormefashion\\vendor\\laravel\\framework\\src\\Illuminate\\Database\\Connection.php(587): PDOStatement->execute()
#1 D:\\laragon\\www\\mirrormefashion\\vendor\\laravel\\framework\\src\\Illuminate\\Database\\Connection.php(816): Illuminate\\Database\\Connection->Illuminate\\Database\\{closure}('alter table `ca...', Array)
#2 D:\\laragon\\www\\mirrormefashion\\vendor\\laravel\\framework\\src\\Illuminate\\Database\\Connection.php(783): Illuminate\\Database\\Connection->runQueryCallback('alter table `ca...', Array, Object(Closure))
#3 D:\\laragon\\www\\mirrormefashion\\vendor\\laravel\\framework\\src\\Illuminate\\Database\\Connection.php(576): Illuminate\\Database\\Connection->run('alter table `ca...', Array, Object(Closure))
#4 D:\\laragon\\www\\mirrormefashion\\vendor\\laravel\\framework\\src\\Illuminate\\Database\\Schema\\Blueprint.php(110): Illuminate\\Database\\Connection->statement('alter table `ca...')
#5 D:\\laragon\\www\\mirrormefashion\\vendor\\laravel\\framework\\src\\Illuminate\\Database\\Schema\\Builder.php(602): Illuminate\\Database\\Schema\\Blueprint->build(Object(Illuminate\\Database\\MySqlConnection), Object(Illuminate\\Database\\Schema\\Grammars\\MySqlGrammar))
#6 D:\\laragon\\www\\mirrormefashion\\vendor\\laravel\\framework\\src\\Illuminate\\Database\\Schema\\Builder.php(456): Illuminate\\Database\\Schema\\Builder->build(Object(Illuminate\\Database\\Schema\\Blueprint))
#7 D:\\laragon\\www\\mirrormefashion\\vendor\\laravel\\framework\\src\\Illuminate\\Support\\Facades\\Facade.php(355): Illuminate\\Database\\Schema\\Builder->create('campaign_questi...', Object(Closure))
#8 D:\\laragon\\www\\mirrormefashion\\database\\migrations\\2024_04_12_create_analytics_tables.php(66): Illuminate\\Support\\Facades\\Facade::__callStatic('create', Array)
#9 D:\\laragon\\www\\mirrormefashion\\vendor\\laravel\\framework\\src\\Illuminate\\Database\\Migrations\\Migrator.php(493): Illuminate\\Database\\Migrations\\Migration@anonymous->up()
#10 D:\\laragon\\www\\mirrormefashion\\vendor\\laravel\\framework\\src\\Illuminate\\Database\\Migrations\\Migrator.php(410): Illuminate\\Database\\Migrations\\Migrator->runMethod(Object(Illuminate\\Database\\MySqlConnection), Object(Illuminate\\Database\\Migrations\\Migration@anonymous), 'up')
#11 D:\\laragon\\www\\mirrormefashion\\vendor\\laravel\\framework\\src\\Illuminate\\Database\\Migrations\\Migrator.php(419): Illuminate\\Database\\Migrations\\Migrator->Illuminate\\Database\\Migrations\\{closure}()
#12 D:\\laragon\\www\\mirrormefashion\\vendor\\laravel\\framework\\src\\Illuminate\\Database\\Migrations\\Migrator.php(216): Illuminate\\Database\\Migrations\\Migrator->runMigration(Object(Illuminate\\Database\\Migrations\\Migration@anonymous), 'up')
#13 D:\\laragon\\www\\mirrormefashion\\vendor\\laravel\\framework\\src\\Illuminate\\Console\\View\\Components\\Task.php(37): Illuminate\\Database\\Migrations\\Migrator->Illuminate\\Database\\Migrations\\{closure}()
#14 D:\\laragon\\www\\mirrormefashion\\vendor\\laravel\\framework\\src\\Illuminate\\Database\\Migrations\\Migrator.php(756): Illuminate\\Console\\View\\Components\\Task->render('2024_04_12_crea...', Object(Closure))
#15 D:\\laragon\\www\\mirrormefashion\\vendor\\laravel\\framework\\src\\Illuminate\\Database\\Migrations\\Migrator.php(216): Illuminate\\Database\\Migrations\\Migrator->write('Illuminate\\\\Cons...', '2024_04_12_crea...', Object(Closure))
#16 D:\\laragon\\www\\mirrormefashion\\vendor\\laravel\\framework\\src\\Illuminate\\Database\\Migrations\\Migrator.php(181): Illuminate\\Database\\Migrations\\Migrator->runUp('D:\\\\laragon\\\\www\\\\...', 12, false)
#17 D:\\laragon\\www\\mirrormefashion\\vendor\\laravel\\framework\\src\\Illuminate\\Database\\Migrations\\Migrator.php(124): Illuminate\\Database\\Migrations\\Migrator->runPending(Array, Array)
#18 D:\\laragon\\www\\mirrormefashion\\vendor\\laravel\\framework\\src\\Illuminate\\Database\\Console\\Migrations\\MigrateCommand.php(90): Illuminate\\Database\\Migrations\\Migrator->run(Array, Array)
#19 D:\\laragon\\www\\mirrormefashion\\vendor\\laravel\\framework\\src\\Illuminate\\Database\\Migrations\\Migrator.php(633): Illuminate\\Database\\Console\\Migrations\\MigrateCommand->Illuminate\\Database\\Console\\Migrations\\{closure}()
#20 D:\\laragon\\www\\mirrormefashion\\vendor\\laravel\\framework\\src\\Illuminate\\Database\\Console\\Migrations\\MigrateCommand.php(83): Illuminate\\Database\\Migrations\\Migrator->usingConnection(NULL, Object(Closure))
#21 D:\\laragon\\www\\mirrormefashion\\vendor\\laravel\\framework\\src\\Illuminate\\Container\\BoundMethod.php(36): Illuminate\\Database\\Console\\Migrations\\MigrateCommand->handle()
#22 D:\\laragon\\www\\mirrormefashion\\vendor\\laravel\\framework\\src\\Illuminate\\Container\\Util.php(41): Illuminate\\Container\\BoundMethod::Illuminate\\Container\\{closure}()
#23 D:\\laragon\\www\\mirrormefashion\\vendor\\laravel\\framework\\src\\Illuminate\\Container\\BoundMethod.php(93): Illuminate\\Container\\Util::unwrapIfClosure(Object(Closure))
#24 D:\\laragon\\www\\mirrormefashion\\vendor\\laravel\\framework\\src\\Illuminate\\Container\\BoundMethod.php(35): Illuminate\\Container\\BoundMethod::callBoundMethod(Object(Illuminate\\Foundation\\Application), Array, Object(Closure))
#25 D:\\laragon\\www\\mirrormefashion\\vendor\\laravel\\framework\\src\\Illuminate\\Container\\Container.php(662): Illuminate\\Container\\BoundMethod::call(Object(Illuminate\\Foundation\\Application), Array, Array, NULL)
#26 D:\\laragon\\www\\mirrormefashion\\vendor\\laravel\\framework\\src\\Illuminate\\Console\\Command.php(211): Illuminate\\Container\\Container->call(Array)
#27 D:\\laragon\\www\\mirrormefashion\\vendor\\symfony\\console\\Command\\Command.php(326): Illuminate\\Console\\Command->execute(Object(Symfony\\Component\\Console\\Input\\ArgvInput), Object(Illuminate\\Console\\OutputStyle))
#28 D:\\laragon\\www\\mirrormefashion\\vendor\\laravel\\framework\\src\\Illuminate\\Console\\Command.php(180): Symfony\\Component\\Console\\Command\\Command->run(Object(Symfony\\Component\\Console\\Input\\ArgvInput), Object(Illuminate\\Console\\OutputStyle))
#29 D:\\laragon\\www\\mirrormefashion\\vendor\\symfony\\console\\Application.php(1096): Illuminate\\Console\\Command->run(Object(Symfony\\Component\\Console\\Input\\ArgvInput), Object(Symfony\\Component\\Console\\Output\\ConsoleOutput))
#30 D:\\laragon\\www\\mirrormefashion\\vendor\\symfony\\console\\Application.php(324): Symfony\\Component\\Console\\Application->doRunCommand(Object(Illuminate\\Database\\Console\\Migrations\\MigrateCommand), Object(Symfony\\Component\\Console\\Input\\ArgvInput), Object(Symfony\\Component\\Console\\Output\\ConsoleOutput))
#31 D:\\laragon\\www\\mirrormefashion\\vendor\\symfony\\console\\Application.php(175): Symfony\\Component\\Console\\Application->doRun(Object(Symfony\\Component\\Console\\Input\\ArgvInput), Object(Symfony\\Component\\Console\\Output\\ConsoleOutput))
#32 D:\\laragon\\www\\mirrormefashion\\vendor\\laravel\\framework\\src\\Illuminate\\Foundation\\Console\\Kernel.php(201): Symfony\\Component\\Console\\Application->run(Object(Symfony\\Component\\Console\\Input\\ArgvInput), Object(Symfony\\Component\\Console\\Output\\ConsoleOutput))
#33 D:\\laragon\\www\\mirrormefashion\\artisan(35): Illuminate\\Foundation\\Console\\Kernel->handle(Object(Symfony\\Component\\Console\\Input\\ArgvInput), Object(Symfony\\Component\\Console\\Output\\ConsoleOutput))
#34 {main}
"} 
[2026-04-12 07:14:30] local.INFO: ParseBearerToken middleware invoked {"path":"/api/v2/analytics/creator","method":"GET","has_auth_header":true,"auth_header_preview":"Bearer 160|kJdpaDrHOZ9nSgkeOYj...","is_bearer":true} 
[2026-04-12 07:14:30] local.INFO: Extracted bearer token {"token_preview":"160|kJdpaD...","token_length":52} 
[2026-04-12 07:14:30] local.INFO: Found personal access token {"token_id":160,"user_id":68,"revoked":null} 
[2026-04-12 07:14:30] local.INFO: User authenticated via bearer token {"user_id":68,"user_email":"freelancerzahedcreator@gmail.com"} 
[2026-04-12 07:14:30] local.WARNING: Error fetching legacy feedback questions {"error":"SQLSTATE[42S22]: Column not found: 1054 Unknown column 'campaign_id' in 'where clause' (Connection: mysql, SQL: select * from `feedbacks` where `campaign_id` in (97, 98))"} 
[2026-04-12 07:14:30] local.ERROR: Analytics error {"error":"SQLSTATE[42S22]: Column not found: 1054 Unknown column 'campaign_id' in 'where clause' (Connection: mysql, SQL: select `id` from `feedbacks` where `campaign_id` in (97, 98))","trace":"#0 D:\\laragon\\www\\mirrormefashion\\vendor\\laravel\\framework\\src\\Illuminate\\Database\\Connection.php(783): Illuminate\\Database\\Connection->runQueryCallback('select `id` fro...', Array, Object(Closure))
#1 D:\\laragon\\www\\mirrormefashion\\vendor\\laravel\\framework\\src\\Illuminate\\Database\\Connection.php(414): Illuminate\\Database\\Connection->run('select `id` fro...', Array, Object(Closure))
#2 D:\\laragon\\www\\mirrormefashion\\vendor\\laravel\\framework\\src\\Illuminate\\Database\\Query\\Builder.php(2913): Illuminate\\Database\\Connection->select('select `id` fro...', Array, true)
#3 D:\\laragon\\www\\mirrormefashion\\vendor\\laravel\\framework\\src\\Illuminate\\Database\\Query\\Builder.php(3142): Illuminate\\Database\\Query\\Builder->runSelect()
#4 D:\\laragon\\www\\mirrormefashion\\vendor\\laravel\\framework\\src\\Illuminate\\Database\\Query\\Builder.php(3456): Illuminate\\Database\\Query\\Builder->Illuminate\\Database\\Query\\{closure}()
#5 D:\\laragon\\www\\mirrormefashion\\vendor\\laravel\\framework\\src\\Illuminate\\Database\\Query\\Builder.php(3138): Illuminate\\Database\\Query\\Builder->onceWithColumns(Array, Object(Closure))
#6 D:\\laragon\\www\\mirrormefashion\\vendor\\laravel\\framework\\src\\Illuminate\\Database\\Eloquent\\Builder.php(889): Illuminate\\Database\\Query\\Builder->pluck('id', NULL)
#7 D:\\laragon\\www\\mirrormefashion\\app\\Http\\Controllers\\Api\\V2\\AnalyticsController.php(441): Illuminate\\Database\\Eloquent\\Builder->pluck('id')
#8 D:\\laragon\\www\\mirrormefashion\\app\\Http\\Controllers\\Api\\V2\\AnalyticsController.php(84): App\\Http\\Controllers\\Api\\V2\\AnalyticsController->countFeedbackComments(Object(Illuminate\\Database\\Eloquent\\Collection))
#9 D:\\laragon\\www\\mirrormefashion\\vendor\\laravel\\framework\\src\\Illuminate\\Routing\\Controller.php(54): App\\Http\\Controllers\\Api\\V2\\AnalyticsController->getCreatorAnalytics(Object(Illuminate\\Http\\Request))
#10 D:\\laragon\\www\\mirrormefashion\\vendor\\laravel\\framework\\src\\Illuminate\\Routing\\ControllerDispatcher.php(43): Illuminate\\Routing\\Controller->callAction('getCreatorAnaly...', Array)
#11 D:\\laragon\\www\\mirrormefashion\\vendor\\laravel\\framework\\src\\Illuminate\\Routing\\Route.php(259): Illuminate\\Routing\\ControllerDispatcher->dispatch(Object(Illuminate\\Routing\\Route), Object(App\\Http\\Controllers\\Api\\V2\\AnalyticsController), 'getCreatorAnaly...')
#12 D:\\laragon\\www\\mirrormefashion\\vendor\\laravel\\framework\\src\\Illuminate\\Routing\\Route.php(205): Illuminate\\Routing\\Route->runController()
#13 D:\\laragon\\www\\mirrormefashion\\vendor\\laravel\\framework\\src\\Illuminate\\Routing\\Router.php(806): Illuminate\\Routing\\Route->run()
#14 D:\\laragon\\www\\mirrormefashion\\vendor\\laravel\\framework\\src\\Illuminate\\Pipeline\\Pipeline.php(144): Illuminate\\Routing\\Router->Illuminate\\Routing\\{closure}(Object(Illuminate\\Http\\Request))
#15 D:\\laragon\\www\\mirrormefashion\\app\\Http\\Middleware\\ParseBearerToken.php(98): Illuminate\\Pipeline\\Pipeline->Illuminate\\Pipeline\\{closure}(Object(Illuminate\\Http\\Request))
#16 D:\\laragon\\www\\mirrormefashion\\vendor\\laravel\\framework\\src\\Illuminate\\Pipeline\\Pipeline.php(183): App\\Http\\Middleware\\ParseBearerToken->handle(Object(Illuminate\\Http\\Request), Object(Closure))
#17 D:\\laragon\\www\\mirrormefashion\\app\\Http\\Middleware\\AppLanguage.php(35): Illuminate\\Pipeline\\Pipeline->Illuminate\\Pipeline\\{closure}(Object(Illuminate\\Http\\Request))
#18 D:\\laragon\\www\\mirrormefashion\\vendor\\laravel\\framework\\src\\Illuminate\\Pipeline\\Pipeline.php(183): App\\Http\\Middleware\\AppLanguage->handle(Object(Illuminate\\Http\\Request), Object(Closure))
#19 D:\\laragon\\www\\mirrormefashion\\app\\Http\\Middleware\\ApiJsonResponse.php(22): Illuminate\\Pipeline\\Pipeline->Illuminate\\Pipeline\\{closure}(Object(Illuminate\\Http\\Request))
#20 D:\\laragon\\www\\mirrormefashion\\vendor\\laravel\\framework\\src\\Illuminate\\Pipeline\\Pipeline.php(183): App\\Http\\Middleware\\ApiJsonResponse->handle(Object(Illuminate\\Http\\Request), Object(Closure))
#21 D:\\laragon\\www\\mirrormefashion\\app\\Http\\Middleware\\CheckForMaintenanceMode.php(64): Illuminate\\Pipeline\\Pipeline->Illuminate\\Pipeline\\{closure}(Object(Illuminate\\Http\\Request))
#22 D:\\laragon\\www\\mirrormefashion\\vendor\\laravel\\framework\\src\\Illuminate\\Pipeline\\Pipeline.php(183): App\\Http\\Middleware\\CheckForMaintenanceMode->handle(Object(Illuminate\\Http\\Request), Object(Closure))
#23 D:\\laragon\\www\\mirrormefashion\\vendor\\laravel\\framework\\src\\Illuminate\\Routing\\Middleware\\SubstituteBindings.php(50): Illuminate\\Pipeline\\Pipeline->Illuminate\\Pipeline\\{closure}(Object(Illuminate\\Http\\Request))
#24 D:\\laragon\\www\\mirrormefashion\\vendor\\laravel\\framework\\src\\Illuminate\\Pipeline\\Pipeline.php(183): Illuminate\\Routing\\Middleware\\SubstituteBindings->handle(Object(Illuminate\\Http\\Request), Object(Closure))
#25 D:\\laragon\\www\\mirrormefashion\\vendor\\laravel\\framework\\src\\Illuminate\\Auth\\Middleware\\Authenticate.php(57): Illuminate\\Pipeline\\Pipeline->Illuminate\\Pipeline\\{closure}(Object(Illuminate\\Http\\Request))
#26 D:\\laragon\\www\\mirrormefashion\\vendor\\laravel\\framework\\src\\Illuminate\\Pipeline\\Pipeline.php(183): Illuminate\\Auth\\Middleware\\Authenticate->handle(Object(Illuminate\\Http\\Request), Object(Closure), 'sanctum')
#27 D:\\laragon\\www\\mirrormefashion\\vendor\\laravel\\framework\\src\\Illuminate\\Routing\\Middleware\\ThrottleRequests.php(159): Illuminate\\Pipeline\\Pipeline->Illuminate\\Pipeline\\{closure}(Object(Illuminate\\Http\\Request))
#28 D:\\laragon\\www\\mirrormefashion\\vendor\\laravel\\framework\\src\\Illuminate\\Routing\\Middleware\\ThrottleRequests.php(125): Illuminate\\Routing\\Middleware\\ThrottleRequests->handleRequest(Object(Illuminate\\Http\\Request), Object(Closure), Array)
#29 D:\\laragon\\www\\mirrormefashion\\vendor\\laravel\\framework\\src\\Illuminate\\Routing\\Middleware\\ThrottleRequests.php(87): Illuminate\\Routing\\Middleware\\ThrottleRequests->handleRequestUsingNamedLimiter(Object(Illuminate\\Http\\Request), Object(Closure), 'api', Object(Closure))
#30 D:\\laragon\\www\\mirrormefashion\\vendor\\laravel\\framework\\src\\Illuminate\\Pipeline\\Pipeline.php(183): Illuminate\\Routing\\Middleware\\ThrottleRequests->handle(Object(Illuminate\\Http\\Request), Object(Closure), 'api')
#31 D:\\laragon\\www\\mirrormefashion\\vendor\\laravel\\sanctum\\src\\Http\\Middleware\\EnsureFrontendRequestsAreStateful.php(25): Illuminate\\Pipeline\\Pipeline->Illuminate\\Pipeline\\{closure}(Object(Illuminate\\Http\\Request))
#32 D:\\laragon\\www\\mirrormefashion\\vendor\\laravel\\framework\\src\\Illuminate\\Pipeline\\Pipeline.php(144): Laravel\\Sanctum\\Http\\Middleware\\EnsureFrontendRequestsAreStateful->Laravel\\Sanctum\\Http\\Middleware\\{closure}(Object(Illuminate\\Http\\Request))
#33 D:\\laragon\\www\\mirrormefashion\\vendor\\laravel\\framework\\src\\Illuminate\\Foundation\\Http\\Middleware\\VerifyCsrfToken.php(78): Illuminate\\Pipeline\\Pipeline->Illuminate\\Pipeline\\{closure}(Object(Illuminate\\Http\\Request))
#34 D:\\laragon\\www\\mirrormefashion\\vendor\\laravel\\framework\\src\\Illuminate\\Pipeline\\Pipeline.php(183): Illuminate\\Foundation\\Http\\Middleware\\VerifyCsrfToken->handle(Object(Illuminate\\Http\\Request), Object(Closure))
#35 D:\\laragon\\www\\mirrormefashion\\vendor\\laravel\\framework\\src\\Illuminate\\Session\\Middleware\\StartSession.php(121): Illuminate\\Pipeline\\Pipeline->Illuminate\\Pipeline\\{closure}(Object(Illuminate\\Http\\Request))
#36 D:\\laragon\\www\\mirrormefashion\\vendor\\laravel\\framework\\src\\Illuminate\\Session\\Middleware\\StartSession.php(64): Illuminate\\Session\\Middleware\\StartSession->handleStatefulRequest(Object(Illuminate\\Http\\Request), Object(Illuminate\\Session\\Store), Object(Closure))
#37 D:\\laragon\\www\\mirrormefashion\\vendor\\laravel\\framework\\src\\Illuminate\\Pipeline\\Pipeline.php(183): Illuminate\\Session\\Middleware\\StartSession->handle(Object(Illuminate\\Http\\Request), Object(Closure))
#38 D:\\laragon\\www\\mirrormefashion\\vendor\\laravel\\framework\\src\\Illuminate\\Cookie\\Middleware\\AddQueuedCookiesToResponse.php(37): Illuminate\\Pipeline\\Pipeline->Illuminate\\Pipeline\\{closure}(Object(Illuminate\\Http\\Request))
#39 D:\\laragon\\www\\mirrormefashion\\vendor\\laravel\\framework\\src\\Illuminate\\Pipeline\\Pipeline.php(183): Illuminate\\Cookie\\Middleware\\AddQueuedCookiesToResponse->handle(Object(Illuminate\\Http\\Request), Object(Closure))
#40 D:\\laragon\\www\\mirrormefashion\\vendor\\laravel\\framework\\src\\Illuminate\\Cookie\\Middleware\\EncryptCookies.php(67): Illuminate\\Pipeline\\Pipeline->Illuminate\\Pipeline\\{closure}(Object(Illuminate\\Http\\Request))
#41 D:\\laragon\\www\\mirrormefashion\\vendor\\laravel\\framework\\src\\Illuminate\\Pipeline\\Pipeline.php(183): Illuminate\\Cookie\\Middleware\\EncryptCookies->handle(Object(Illuminate\\Http\\Request), Object(Closure))
#42 D:\\laragon\\www\\mirrormefashion\\vendor\\laravel\\sanctum\\src\\Http\\Middleware\\EnsureFrontendRequestsAreStateful.php(61): Illuminate\\Pipeline\\Pipeline->Illuminate\\Pipeline\\{closure}(Object(Illuminate\\Http\\Request))
#43 D:\\laragon\\www\\mirrormefashion\\vendor\\laravel\\framework\\src\\Illuminate\\Pipeline\\Pipeline.php(165): Laravel\\Sanctum\\Http\\Middleware\\EnsureFrontendRequestsAreStateful->Laravel\\Sanctum\\Http\\Middleware\\{closure}(Object(Illuminate\\Http\\Request), Object(Closure))
#44 D:\\laragon\\www\\mirrormefashion\\vendor\\laravel\\framework\\src\\Illuminate\\Pipeline\\Pipeline.php(119): Illuminate\\Pipeline\\Pipeline->Illuminate\\Pipeline\\{closure}(Object(Illuminate\\Http\\Request))
#45 D:\\laragon\\www\\mirrormefashion\\vendor\\laravel\\sanctum\\src\\Http\\Middleware\\EnsureFrontendRequestsAreStateful.php(24): Illuminate\\Pipeline\\Pipeline->then(Object(Closure))
#46 D:\\laragon\\www\\mirrormefashion\\vendor\\laravel\\framework\\src\\Illuminate\\Pipeline\\Pipeline.php(183): Laravel\\Sanctum\\Http\\Middleware\\EnsureFrontendRequestsAreStateful->handle(Object(Illuminate\\Http\\Request), Object(Closure))
#47 D:\\laragon\\www\\mirrormefashion\\app\\Http\\Middleware\\CorsMiddleware.php(32): Illuminate\\Pipeline\\Pipeline->Illuminate\\Pipeline\\{closure}(Object(Illuminate\\Http\\Request))
#48 D:\\laragon\\www\\mirrormefashion\\vendor\\laravel\\framework\\src\\Illuminate\\Pipeline\\Pipeline.php(183): App\\Http\\Middleware\\CorsMiddleware->handle(Object(Illuminate\\Http\\Request), Object(Closure))
#49 D:\\laragon\\www\\mirrormefashion\\vendor\\laravel\\framework\\src\\Illuminate\\Pipeline\\Pipeline.php(119): Illuminate\\Pipeline\\Pipeline->Illuminate\\Pipeline\\{closure}(Object(Illuminate\\Http\\Request))
#50 D:\\laragon\\www\\mirrormefashion\\vendor\\laravel\\framework\\src\\Illuminate\\Routing\\Router.php(805): Illuminate\\Pipeline\\Pipeline->then(Object(Closure))
#51 D:\\laragon\\www\\mirrormefashion\\vendor\\laravel\\framework\\src\\Illuminate\\Routing\\Router.php(784): Illuminate\\Routing\\Router->runRouteWithinStack(Object(Illuminate\\Routing\\Route), Object(Illuminate\\Http\\Request))
#52 D:\\laragon\\www\\mirrormefashion\\vendor\\laravel\\framework\\src\\Illuminate\\Routing\\Router.php(748): Illuminate\\Routing\\Router->runRoute(Object(Illuminate\\Http\\Request), Object(Illuminate\\Routing\\Route))
#53 D:\\laragon\\www\\mirrormefashion\\vendor\\laravel\\framework\\src\\Illuminate\\Routing\\Router.php(737): Illuminate\\Routing\\Router->dispatchToRoute(Object(Illuminate\\Http\\Request))
#54 D:\\laragon\\www\\mirrormefashion\\vendor\\laravel\\framework\\src\\Illuminate\\Foundation\\Http\\Kernel.php(200): Illuminate\\Routing\\Router->dispatch(Object(Illuminate\\Http\\Request))
#55 D:\\laragon\\www\\mirrormefashion\\vendor\\laravel\\framework\\src\\Illuminate\\Pipeline\\Pipeline.php(144): Illuminate\\Foundation\\Http\\Kernel->Illuminate\\Foundation\\Http\\{closure}(Object(Illuminate\\Http\\Request))
#56 D:\\laragon\\www\\mirrormefashion\\vendor\\barryvdh\\laravel-debugbar\\src\\Middleware\\InjectDebugbar.php(66): Illuminate\\Pipeline\\Pipeline->Illuminate\\Pipeline\\{closure}(Object(Illuminate\\Http\\Request))
#57 D:\\laragon\\www\\mirrormefashion\\vendor\\laravel\\framework\\src\\Illuminate\\Pipeline\\Pipeline.php(183): Barryvdh\\Debugbar\\Middleware\\InjectDebugbar->handle(Object(Illuminate\\Http\\Request), Object(Closure))
#58 D:\\laragon\\www\\mirrormefashion\\vendor\\laravel\\framework\\src\\Illuminate\\View\\Middleware\\ShareErrorsFromSession.php(49): Illuminate\\Pipeline\\Pipeline->Illuminate\\Pipeline\\{closure}(Object(Illuminate\\Http\\Request))
#59 D:\\laragon\\www\\mirrormefashion\\vendor\\laravel\\framework\\src\\Illuminate\\Pipeline\\Pipeline.php(183): Illuminate\\View\\Middleware\\ShareErrorsFromSession->handle(Object(Illuminate\\Http\\Request), Object(Closure))
#60 D:\\laragon\\www\\mirrormefashion\\vendor\\laravel\\framework\\src\\Illuminate\\Session\\Middleware\\StartSession.php(121): Illuminate\\Pipeline\\Pipeline->Illuminate\\Pipeline\\{closure}(Object(Illuminate\\Http\\Request))
#61 D:\\laragon\\www\\mirrormefashion\\vendor\\laravel\\framework\\src\\Illuminate\\Session\\Middleware\\StartSession.php(64): Illuminate\\Session\\Middleware\\StartSession->handleStatefulRequest(Object(Illuminate\\Http\\Request), Object(Illuminate\\Session\\Store), Object(Closure))
#62 D:\\laragon\\www\\mirrormefashion\\vendor\\laravel\\framework\\src\\Illuminate\\Pipeline\\Pipeline.php(183): Illuminate\\Session\\Middleware\\StartSession->handle(Object(Illuminate\\Http\\Request), Object(Closure))
#63 D:\\laragon\\www\\mirrormefashion\\vendor\\laravel\\framework\\src\\Illuminate\\Http\\Middleware\\TrustProxies.php(39): Illuminate\\Pipeline\\Pipeline->Illuminate\\Pipeline\\{closure}(Object(Illuminate\\Http\\Request))
#64 D:\\laragon\\www\\mirrormefashion\\vendor\\laravel\\framework\\src\\Illuminate\\Pipeline\\Pipeline.php(183): Illuminate\\Http\\Middleware\\TrustProxies->handle(Object(Illuminate\\Http\\Request), Object(Closure))
#65 D:\\laragon\\www\\mirrormefashion\\vendor\\laravel\\framework\\src\\Illuminate\\Foundation\\Http\\Middleware\\TransformsRequest.php(21): Illuminate\\Pipeline\\Pipeline->Illuminate\\Pipeline\\{closure}(Object(Illuminate\\Http\\Request))
#66 D:\\laragon\\www\\mirrormefashion\\vendor\\laravel\\framework\\src\\Illuminate\\Foundation\\Http\\Middleware\\ConvertEmptyStringsToNull.php(31): Illuminate\\Foundation\\Http\\Middleware\\TransformsRequest->handle(Object(Illuminate\\Http\\Request), Object(Closure))
#67 D:\\laragon\\www\\mirrormefashion\\vendor\\laravel\\framework\\src\\Illuminate\\Pipeline\\Pipeline.php(183): Illuminate\\Foundation\\Http\\Middleware\\ConvertEmptyStringsToNull->handle(Object(Illuminate\\Http\\Request), Object(Closure))
#68 D:\\laragon\\www\\mirrormefashion\\vendor\\laravel\\framework\\src\\Illuminate\\Foundation\\Http\\Middleware\\TransformsRequest.php(21): Illuminate\\Pipeline\\Pipeline->Illuminate\\Pipeline\\{closure}(Object(Illuminate\\Http\\Request))
#69 D:\\laragon\\www\\mirrormefashion\\vendor\\laravel\\framework\\src\\Illuminate\\Foundation\\Http\\Middleware\\TrimStrings.php(40): Illuminate\\Foundation\\Http\\Middleware\\TransformsRequest->handle(Object(Illuminate\\Http\\Request), Object(Closure))
#70 D:\\laragon\\www\\mirrormefashion\\vendor\\laravel\\framework\\src\\Illuminate\\Pipeline\\Pipeline.php(183): Illuminate\\Foundation\\Http\\Middleware\\TrimStrings->handle(Object(Illuminate\\Http\\Request), Object(Closure))
#71 D:\\laragon\\www\\mirrormefashion\\vendor\\laravel\\framework\\src\\Illuminate\\Foundation\\Http\\Middleware\\ValidatePostSize.php(27): Illuminate\\Pipeline\\Pipeline->Illuminate\\Pipeline\\{closure}(Object(Illuminate\\Http\\Request))
#72 D:\\laragon\\www\\mirrormefashion\\vendor\\laravel\\framework\\src\\Illuminate\\Pipeline\\Pipeline.php(183): Illuminate\\Foundation\\Http\\Middleware\\ValidatePostSize->handle(Object(Illuminate\\Http\\Request), Object(Closure))
#73 D:\\laragon\\www\\mirrormefashion\\vendor\\laravel\\framework\\src\\Illuminate\\Pipeline\\Pipeline.php(119): Illuminate\\Pipeline\\Pipeline->Illuminate\\Pipeline\\{closure}(Object(Illuminate\\Http\\Request))
#74 D:\\laragon\\www\\mirrormefashion\\vendor\\laravel\\framework\\src\\Illuminate\\Foundation\\Http\\Kernel.php(175): Illuminate\\Pipeline\\Pipeline->then(Object(Closure))
#75 D:\\laragon\\www\\mirrormefashion\\vendor\\laravel\\framework\\src\\Illuminate\\Foundation\\Http\\Kernel.php(144): Illuminate\\Foundation\\Http\\Kernel->sendRequestThroughRouter(Object(Illuminate\\Http\\Request))
#76 D:\\laragon\\www\\mirrormefashion\\index.php(56): Illuminate\\Foundation\\Http\\Kernel->handle(Object(Illuminate\\Http\\Request))
#77 {main}"} 
[2026-04-12 07:14:38] local.INFO: ParseBearerToken middleware invoked {"path":"/api/v2/analytics/creator","method":"GET","has_auth_header":true,"auth_header_preview":"Bearer 162|htku8Nbt0t7HbUxovVT...","is_bearer":true} 
[2026-04-12 07:14:38] local.INFO: Extracted bearer token {"token_preview":"162|htku8N...","token_length":52} 
[2026-04-12 07:14:38] local.INFO: Found personal access token {"token_id":162,"user_id":68,"revoked":null} 
[2026-04-12 07:14:38] local.INFO: User authenticated via bearer token {"user_id":68,"user_email":"freelancerzahedcreator@gmail.com"} 
[2026-04-12 07:14:38] local.WARNING: Error fetching legacy feedback questions {"error":"SQLSTATE[42S22]: Column not found: 1054 Unknown column 'campaign_id' in 'where clause' (Connection: mysql, SQL: select * from `feedbacks` where `campaign_id` in (97, 98))"} 
[2026-04-12 07:14:38] local.ERROR: Analytics error {"error":"SQLSTATE[42S22]: Column not found: 1054 Unknown column 'campaign_id' in 'where clause' (Connection: mysql, SQL: select `id` from `feedbacks` where `campaign_id` in (97, 98))","trace":"#0 D:\\laragon\\www\\mirrormefashion\\vendor\\laravel\\framework\\src\\Illuminate\\Database\\Connection.php(783): Illuminate\\Database\\Connection->runQueryCallback('select `id` fro...', Array, Object(Closure))
#1 D:\\laragon\\www\\mirrormefashion\\vendor\\laravel\\framework\\src\\Illuminate\\Database\\Connection.php(414): Illuminate\\Database\\Connection->run('select `id` fro...', Array, Object(Closure))
#2 D:\\laragon\\www\\mirrormefashion\\vendor\\laravel\\framework\\src\\Illuminate\\Database\\Query\\Builder.php(2913): Illuminate\\Database\\Connection->select('select `id` fro...', Array, true)
#3 D:\\laragon\\www\\mirrormefashion\\vendor\\laravel\\framework\\src\\Illuminate\\Database\\Query\\Builder.php(3142): Illuminate\\Database\\Query\\Builder->runSelect()
#4 D:\\laragon\\www\\mirrormefashion\\vendor\\laravel\\framework\\src\\Illuminate\\Database\\Query\\Builder.php(3456): Illuminate\\Database\\Query\\Builder->Illuminate\\Database\\Query\\{closure}()
#5 D:\\laragon\\www\\mirrormefashion\\vendor\\laravel\\framework\\src\\Illuminate\\Database\\Query\\Builder.php(3138): Illuminate\\Database\\Query\\Builder->onceWithColumns(Array, Object(Closure))
#6 D:\\laragon\\www\\mirrormefashion\\vendor\\laravel\\framework\\src\\Illuminate\\Database\\Eloquent\\Builder.php(889): Illuminate\\Database\\Query\\Builder->pluck('id', NULL)
#7 D:\\laragon\\www\\mirrormefashion\\app\\Http\\Controllers\\Api\\V2\\AnalyticsController.php(441): Illuminate\\Database\\Eloquent\\Builder->pluck('id')
#8 D:\\laragon\\www\\mirrormefashion\\app\\Http\\Controllers\\Api\\V2\\AnalyticsController.php(84): App\\Http\\Controllers\\Api\\V2\\AnalyticsController->countFeedbackComments(Object(Illuminate\\Database\\Eloquent\\Collection))
#9 D:\\laragon\\www\\mirrormefashion\\vendor\\laravel\\framework\\src\\Illuminate\\Routing\\Controller.php(54): App\\Http\\Controllers\\Api\\V2\\AnalyticsController->getCreatorAnalytics(Object(Illuminate\\Http\\Request))
#10 D:\\laragon\\www\\mirrormefashion\\vendor\\laravel\\framework\\src\\Illuminate\\Routing\\ControllerDispatcher.php(43): Illuminate\\Routing\\Controller->callAction('getCreatorAnaly...', Array)
#11 D:\\laragon\\www\\mirrormefashion\\vendor\\laravel\\framework\\src\\Illuminate\\Routing\\Route.php(259): Illuminate\\Routing\\ControllerDispatcher->dispatch(Object(Illuminate\\Routing\\Route), Object(App\\Http\\Controllers\\Api\\V2\\AnalyticsController), 'getCreatorAnaly...')
#12 D:\\laragon\\www\\mirrormefashion\\vendor\\laravel\\framework\\src\\Illuminate\\Routing\\Route.php(205): Illuminate\\Routing\\Route->runController()
#13 D:\\laragon\\www\\mirrormefashion\\vendor\\laravel\\framework\\src\\Illuminate\\Routing\\Router.php(806): Illuminate\\Routing\\Route->run()
#14 D:\\laragon\\www\\mirrormefashion\\vendor\\laravel\\framework\\src\\Illuminate\\Pipeline\\Pipeline.php(144): Illuminate\\Routing\\Router->Illuminate\\Routing\\{closure}(Object(Illuminate\\Http\\Request))
#15 D:\\laragon\\www\\mirrormefashion\\app\\Http\\Middleware\\ParseBearerToken.php(98): Illuminate\\Pipeline\\Pipeline->Illuminate\\Pipeline\\{closure}(Object(Illuminate\\Http\\Request))
#16 D:\\laragon\\www\\mirrormefashion\\vendor\\laravel\\framework\\src\\Illuminate\\Pipeline\\Pipeline.php(183): App\\Http\\Middleware\\ParseBearerToken->handle(Object(Illuminate\\Http\\Request), Object(Closure))
#17 D:\\laragon\\www\\mirrormefashion\\app\\Http\\Middleware\\AppLanguage.php(35): Illuminate\\Pipeline\\Pipeline->Illuminate\\Pipeline\\{closure}(Object(Illuminate\\Http\\Request))
#18 D:\\laragon\\www\\mirrormefashion\\vendor\\laravel\\framework\\src\\Illuminate\\Pipeline\\Pipeline.php(183): App\\Http\\Middleware\\AppLanguage->handle(Object(Illuminate\\Http\\Request), Object(Closure))
#19 D:\\laragon\\www\\mirrormefashion\\app\\Http\\Middleware\\ApiJsonResponse.php(22): Illuminate\\Pipeline\\Pipeline->Illuminate\\Pipeline\\{closure}(Object(Illuminate\\Http\\Request))
#20 D:\\laragon\\www\\mirrormefashion\\vendor\\laravel\\framework\\src\\Illuminate\\Pipeline\\Pipeline.php(183): App\\Http\\Middleware\\ApiJsonResponse->handle(Object(Illuminate\\Http\\Request), Object(Closure))
#21 D:\\laragon\\www\\mirrormefashion\\app\\Http\\Middleware\\CheckForMaintenanceMode.php(64): Illuminate\\Pipeline\\Pipeline->Illuminate\\Pipeline\\{closure}(Object(Illuminate\\Http\\Request))
#22 D:\\laragon\\www\\mirrormefashion\\vendor\\laravel\\framework\\src\\Illuminate\\Pipeline\\Pipeline.php(183): App\\Http\\Middleware\\CheckForMaintenanceMode->handle(Object(Illuminate\\Http\\Request), Object(Closure))
#23 D:\\laragon\\www\\mirrormefashion\\vendor\\laravel\\framework\\src\\Illuminate\\Routing\\Middleware\\SubstituteBindings.php(50): Illuminate\\Pipeline\\Pipeline->Illuminate\\Pipeline\\{closure}(Object(Illuminate\\Http\\Request))
#24 D:\\laragon\\www\\mirrormefashion\\vendor\\laravel\\framework\\src\\Illuminate\\Pipeline\\Pipeline.php(183): Illuminate\\Routing\\Middleware\\SubstituteBindings->handle(Object(Illuminate\\Http\\Request), Object(Closure))
#25 D:\\laragon\\www\\mirrormefashion\\vendor\\laravel\\framework\\src\\Illuminate\\Auth\\Middleware\\Authenticate.php(57): Illuminate\\Pipeline\\Pipeline->Illuminate\\Pipeline\\{closure}(Object(Illuminate\\Http\\Request))
#26 D:\\laragon\\www\\mirrormefashion\\vendor\\laravel\\framework\\src\\Illuminate\\Pipeline\\Pipeline.php(183): Illuminate\\Auth\\Middleware\\Authenticate->handle(Object(Illuminate\\Http\\Request), Object(Closure), 'sanctum')
#27 D:\\laragon\\www\\mirrormefashion\\vendor\\laravel\\framework\\src\\Illuminate\\Routing\\Middleware\\ThrottleRequests.php(159): Illuminate\\Pipeline\\Pipeline->Illuminate\\Pipeline\\{closure}(Object(Illuminate\\Http\\Request))
#28 D:\\laragon\\www\\mirrormefashion\\vendor\\laravel\\framework\\src\\Illuminate\\Routing\\Middleware\\ThrottleRequests.php(125): Illuminate\\Routing\\Middleware\\ThrottleRequests->handleRequest(Object(Illuminate\\Http\\Request), Object(Closure), Array)
#29 D:\\laragon\\www\\mirrormefashion\\vendor\\laravel\\framework\\src\\Illuminate\\Routing\\Middleware\\ThrottleRequests.php(87): Illuminate\\Routing\\Middleware\\ThrottleRequests->handleRequestUsingNamedLimiter(Object(Illuminate\\Http\\Request), Object(Closure), 'api', Object(Closure))
#30 D:\\laragon\\www\\mirrormefashion\\vendor\\laravel\\framework\\src\\Illuminate\\Pipeline\\Pipeline.php(183): Illuminate\\Routing\\Middleware\\ThrottleRequests->handle(Object(Illuminate\\Http\\Request), Object(Closure), 'api')
#31 D:\\laragon\\www\\mirrormefashion\\vendor\\laravel\\sanctum\\src\\Http\\Middleware\\EnsureFrontendRequestsAreStateful.php(25): Illuminate\\Pipeline\\Pipeline->Illuminate\\Pipeline\\{closure}(Object(Illuminate\\Http\\Request))
#32 D:\\laragon\\www\\mirrormefashion\\vendor\\laravel\\framework\\src\\Illuminate\\Pipeline\\Pipeline.php(144): Laravel\\Sanctum\\Http\\Middleware\\EnsureFrontendRequestsAreStateful->Laravel\\Sanctum\\Http\\Middleware\\{closure}(Object(Illuminate\\Http\\Request))
#33 D:\\laragon\\www\\mirrormefashion\\vendor\\laravel\\framework\\src\\Illuminate\\Foundation\\Http\\Middleware\\VerifyCsrfToken.php(78): Illuminate\\Pipeline\\Pipeline->Illuminate\\Pipeline\\{closure}(Object(Illuminate\\Http\\Request))
#34 D:\\laragon\\www\\mirrormefashion\\vendor\\laravel\\framework\\src\\Illuminate\\Pipeline\\Pipeline.php(183): Illuminate\\Foundation\\Http\\Middleware\\VerifyCsrfToken->handle(Object(Illuminate\\Http\\Request), Object(Closure))
#35 D:\\laragon\\www\\mirrormefashion\\vendor\\laravel\\framework\\src\\Illuminate\\Session\\Middleware\\StartSession.php(121): Illuminate\\Pipeline\\Pipeline->Illuminate\\Pipeline\\{closure}(Object(Illuminate\\Http\\Request))
#36 D:\\laragon\\www\\mirrormefashion\\vendor\\laravel\\framework\\src\\Illuminate\\Session\\Middleware\\StartSession.php(64): Illuminate\\Session\\Middleware\\StartSession->handleStatefulRequest(Object(Illuminate\\Http\\Request), Object(Illuminate\\Session\\Store), Object(Closure))
#37 D:\\laragon\\www\\mirrormefashion\\vendor\\laravel\\framework\\src\\Illuminate\\Pipeline\\Pipeline.php(183): Illuminate\\Session\\Middleware\\StartSession->handle(Object(Illuminate\\Http\\Request), Object(Closure))
#38 D:\\laragon\\www\\mirrormefashion\\vendor\\laravel\\framework\\src\\Illuminate\\Cookie\\Middleware\\AddQueuedCookiesToResponse.php(37): Illuminate\\Pipeline\\Pipeline->Illuminate\\Pipeline\\{closure}(Object(Illuminate\\Http\\Request))
#39 D:\\laragon\\www\\mirrormefashion\\vendor\\laravel\\framework\\src\\Illuminate\\Pipeline\\Pipeline.php(183): Illuminate\\Cookie\\Middleware\\AddQueuedCookiesToResponse->handle(Object(Illuminate\\Http\\Request), Object(Closure))
#40 D:\\laragon\\www\\mirrormefashion\\vendor\\laravel\\framework\\src\\Illuminate\\Cookie\\Middleware\\EncryptCookies.php(67): Illuminate\\Pipeline\\Pipeline->Illuminate\\Pipeline\\{closure}(Object(Illuminate\\Http\\Request))
#41 D:\\laragon\\www\\mirrormefashion\\vendor\\laravel\\framework\\src\\Illuminate\\Pipeline\\Pipeline.php(183): Illuminate\\Cookie\\Middleware\\EncryptCookies->handle(Object(Illuminate\\Http\\Request), Object(Closure))
#42 D:\\laragon\\www\\mirrormefashion\\vendor\\laravel\\sanctum\\src\\Http\\Middleware\\EnsureFrontendRequestsAreStateful.php(61): Illuminate\\Pipeline\\Pipeline->Illuminate\\Pipeline\\{closure}(Object(Illuminate\\Http\\Request))
#43 D:\\laragon\\www\\mirrormefashion\\vendor\\laravel\\framework\\src\\Illuminate\\Pipeline\\Pipeline.php(165): Laravel\\Sanctum\\Http\\Middleware\\EnsureFrontendRequestsAreStateful->Laravel\\Sanctum\\Http\\Middleware\\{closure}(Object(Illuminate\\Http\\Request), Object(Closure))
#44 D:\\laragon\\www\\mirrormefashion\\vendor\\laravel\\framework\\src\\Illuminate\\Pipeline\\Pipeline.php(119): Illuminate\\Pipeline\\Pipeline->Illuminate\\Pipeline\\{closure}(Object(Illuminate\\Http\\Request))
#45 D:\\laragon\\www\\mirrormefashion\\vendor\\laravel\\sanctum\\src\\Http\\Middleware\\EnsureFrontendRequestsAreStateful.php(24): Illuminate\\Pipeline\\Pipeline->then(Object(Closure))
#46 D:\\laragon\\www\\mirrormefashion\\vendor\\laravel\\framework\\src\\Illuminate\\Pipeline\\Pipeline.php(183): Laravel\\Sanctum\\Http\\Middleware\\EnsureFrontendRequestsAreStateful->handle(Object(Illuminate\\Http\\Request), Object(Closure))
#47 D:\\laragon\\www\\mirrormefashion\\app\\Http\\Middleware\\CorsMiddleware.php(32): Illuminate\\Pipeline\\Pipeline->Illuminate\\Pipeline\\{closure}(Object(Illuminate\\Http\\Request))
#48 D:\\laragon\\www\\mirrormefashion\\vendor\\laravel\\framework\\src\\Illuminate\\Pipeline\\Pipeline.php(183): App\\Http\\Middleware\\CorsMiddleware->handle(Object(Illuminate\\Http\\Request), Object(Closure))
#49 D:\\laragon\\www\\mirrormefashion\\vendor\\laravel\\framework\\src\\Illuminate\\Pipeline\\Pipeline.php(119): Illuminate\\Pipeline\\Pipeline->Illuminate\\Pipeline\\{closure}(Object(Illuminate\\Http\\Request))
#50 D:\\laragon\\www\\mirrormefashion\\vendor\\laravel\\framework\\src\\Illuminate\\Routing\\Router.php(805): Illuminate\\Pipeline\\Pipeline->then(Object(Closure))
#51 D:\\laragon\\www\\mirrormefashion\\vendor\\laravel\\framework\\src\\Illuminate\\Routing\\Router.php(784): Illuminate\\Routing\\Router->runRouteWithinStack(Object(Illuminate\\Routing\\Route), Object(Illuminate\\Http\\Request))
#52 D:\\laragon\\www\\mirrormefashion\\vendor\\laravel\\framework\\src\\Illuminate\\Routing\\Router.php(748): Illuminate\\Routing\\Router->runRoute(Object(Illuminate\\Http\\Request), Object(Illuminate\\Routing\\Route))
#53 D:\\laragon\\www\\mirrormefashion\\vendor\\laravel\\framework\\src\\Illuminate\\Routing\\Router.php(737): Illuminate\\Routing\\Router->dispatchToRoute(Object(Illuminate\\Http\\Request))
#54 D:\\laragon\\www\\mirrormefashion\\vendor\\laravel\\framework\\src\\Illuminate\\Foundation\\Http\\Kernel.php(200): Illuminate\\Routing\\Router->dispatch(Object(Illuminate\\Http\\Request))
#55 D:\\laragon\\www\\mirrormefashion\\vendor\\laravel\\framework\\src\\Illuminate\\Pipeline\\Pipeline.php(144): Illuminate\\Foundation\\Http\\Kernel->Illuminate\\Foundation\\Http\\{closure}(Object(Illuminate\\Http\\Request))
#56 D:\\laragon\\www\\mirrormefashion\\vendor\\barryvdh\\laravel-debugbar\\src\\Middleware\\InjectDebugbar.php(66): Illuminate\\Pipeline\\Pipeline->Illuminate\\Pipeline\\{closure}(Object(Illuminate\\Http\\Request))
#57 D:\\laragon\\www\\mirrormefashion\\vendor\\laravel\\framework\\src\\Illuminate\\Pipeline\\Pipeline.php(183): Barryvdh\\Debugbar\\Middleware\\InjectDebugbar->handle(Object(Illuminate\\Http\\Request), Object(Closure))
#58 D:\\laragon\\www\\mirrormefashion\\vendor\\laravel\\framework\\src\\Illuminate\\View\\Middleware\\ShareErrorsFromSession.php(49): Illuminate\\Pipeline\\Pipeline->Illuminate\\Pipeline\\{closure}(Object(Illuminate\\Http\\Request))
#59 D:\\laragon\\www\\mirrormefashion\\vendor\\laravel\\framework\\src\\Illuminate\\Pipeline\\Pipeline.php(183): Illuminate\\View\\Middleware\\ShareErrorsFromSession->handle(Object(Illuminate\\Http\\Request), Object(Closure))
#60 D:\\laragon\\www\\mirrormefashion\\vendor\\laravel\\framework\\src\\Illuminate\\Session\\Middleware\\StartSession.php(121): Illuminate\\Pipeline\\Pipeline->Illuminate\\Pipeline\\{closure}(Object(Illuminate\\Http\\Request))
#61 D:\\laragon\\www\\mirrormefashion\\vendor\\laravel\\framework\\src\\Illuminate\\Session\\Middleware\\StartSession.php(64): Illuminate\\Session\\Middleware\\StartSession->handleStatefulRequest(Object(Illuminate\\Http\\Request), Object(Illuminate\\Session\\Store), Object(Closure))
#62 D:\\laragon\\www\\mirrormefashion\\vendor\\laravel\\framework\\src\\Illuminate\\Pipeline\\Pipeline.php(183): Illuminate\\Session\\Middleware\\StartSession->handle(Object(Illuminate\\Http\\Request), Object(Closure))
#63 D:\\laragon\\www\\mirrormefashion\\vendor\\laravel\\framework\\src\\Illuminate\\Http\\Middleware\\TrustProxies.php(39): Illuminate\\Pipeline\\Pipeline->Illuminate\\Pipeline\\{closure}(Object(Illuminate\\Http\\Request))
#64 D:\\laragon\\www\\mirrormefashion\\vendor\\laravel\\framework\\src\\Illuminate\\Pipeline\\Pipeline.php(183): Illuminate\\Http\\Middleware\\TrustProxies->handle(Object(Illuminate\\Http\\Request), Object(Closure))
#65 D:\\laragon\\www\\mirrormefashion\\vendor\\laravel\\framework\\src\\Illuminate\\Foundation\\Http\\Middleware\\TransformsRequest.php(21): Illuminate\\Pipeline\\Pipeline->Illuminate\\Pipeline\\{closure}(Object(Illuminate\\Http\\Request))
#66 D:\\laragon\\www\\mirrormefashion\\vendor\\laravel\\framework\\src\\Illuminate\\Foundation\\Http\\Middleware\\ConvertEmptyStringsToNull.php(31): Illuminate\\Foundation\\Http\\Middleware\\TransformsRequest->handle(Object(Illuminate\\Http\\Request), Object(Closure))
#67 D:\\laragon\\www\\mirrormefashion\\vendor\\laravel\\framework\\src\\Illuminate\\Pipeline\\Pipeline.php(183): Illuminate\\Foundation\\Http\\Middleware\\ConvertEmptyStringsToNull->handle(Object(Illuminate\\Http\\Request), Object(Closure))
#68 D:\\laragon\\www\\mirrormefashion\\vendor\\laravel\\framework\\src\\Illuminate\\Foundation\\Http\\Middleware\\TransformsRequest.php(21): Illuminate\\Pipeline\\Pipeline->Illuminate\\Pipeline\\{closure}(Object(Illuminate\\Http\\Request))
#69 D:\\laragon\\www\\mirrormefashion\\vendor\\laravel\\framework\\src\\Illuminate\\Foundation\\Http\\Middleware\\TrimStrings.php(40): Illuminate\\Foundation\\Http\\Middleware\\TransformsRequest->handle(Object(Illuminate\\Http\\Request), Object(Closure))
#70 D:\\laragon\\www\\mirrormefashion\\vendor\\laravel\\framework\\src\\Illuminate\\Pipeline\\Pipeline.php(183): Illuminate\\Foundation\\Http\\Middleware\\TrimStrings->handle(Object(Illuminate\\Http\\Request), Object(Closure))
#71 D:\\laragon\\www\\mirrormefashion\\vendor\\laravel\\framework\\src\\Illuminate\\Foundation\\Http\\Middleware\\ValidatePostSize.php(27): Illuminate\\Pipeline\\Pipeline->Illuminate\\Pipeline\\{closure}(Object(Illuminate\\Http\\Request))
#72 D:\\laragon\\www\\mirrormefashion\\vendor\\laravel\\framework\\src\\Illuminate\\Pipeline\\Pipeline.php(183): Illuminate\\Foundation\\Http\\Middleware\\ValidatePostSize->handle(Object(Illuminate\\Http\\Request), Object(Closure))
#73 D:\\laragon\\www\\mirrormefashion\\vendor\\laravel\\framework\\src\\Illuminate\\Pipeline\\Pipeline.php(119): Illuminate\\Pipeline\\Pipeline->Illuminate\\Pipeline\\{closure}(Object(Illuminate\\Http\\Request))
#74 D:\\laragon\\www\\mirrormefashion\\vendor\\laravel\\framework\\src\\Illuminate\\Foundation\\Http\\Kernel.php(175): Illuminate\\Pipeline\\Pipeline->then(Object(Closure))
#75 D:\\laragon\\www\\mirrormefashion\\vendor\\laravel\\framework\\src\\Illuminate\\Foundation\\Http\\Kernel.php(144): Illuminate\\Foundation\\Http\\Kernel->sendRequestThroughRouter(Object(Illuminate\\Http\\Request))
#76 D:\\laragon\\www\\mirrormefashion\\index.php(56): Illuminate\\Foundation\\Http\\Kernel->handle(Object(Illuminate\\Http\\Request))
#77 {main}"} 
[2026-04-12 07:14:39] local.INFO: ParseBearerToken middleware invoked {"path":"/api/v2/analytics/creator","method":"GET","has_auth_header":true,"auth_header_preview":"Bearer 162|htku8Nbt0t7HbUxovVT...","is_bearer":true} 
[2026-04-12 07:14:39] local.INFO: Extracted bearer token {"token_preview":"162|htku8N...","token_length":52} 
[2026-04-12 07:14:39] local.INFO: Found personal access token {"token_id":162,"user_id":68,"revoked":null} 
[2026-04-12 07:14:39] local.INFO: User authenticated via bearer token {"user_id":68,"user_email":"freelancerzahedcreator@gmail.com"} 
[2026-04-12 07:14:39] local.WARNING: Error fetching legacy feedback questions {"error":"SQLSTATE[42S22]: Column not found: 1054 Unknown column 'campaign_id' in 'where clause' (Connection: mysql, SQL: select * from `feedbacks` where `campaign_id` in (97, 98))"} 
[2026-04-12 07:14:39] local.ERROR: Analytics error {"error":"SQLSTATE[42S22]: Column not found: 1054 Unknown column 'campaign_id' in 'where clause' (Connection: mysql, SQL: select `id` from `feedbacks` where `campaign_id` in (97, 98))","trace":"#0 D:\\laragon\\www\\mirrormefashion\\vendor\\laravel\\framework\\src\\Illuminate\\Database\\Connection.php(783): Illuminate\\Database\\Connection->runQueryCallback('select `id` fro...', Array, Object(Closure))
#1 D:\\laragon\\www\\mirrormefashion\\vendor\\laravel\\framework\\src\\Illuminate\\Database\\Connection.php(414): Illuminate\\Database\\Connection->run('select `id` fro...', Array, Object(Closure))
#2 D:\\laragon\\www\\mirrormefashion\\vendor\\laravel\\framework\\src\\Illuminate\\Database\\Query\\Builder.php(2913): Illuminate\\Database\\Connection->select('select `id` fro...', Array, true)
#3 D:\\laragon\\www\\mirrormefashion\\vendor\\laravel\\framework\\src\\Illuminate\\Database\\Query\\Builder.php(3142): Illuminate\\Database\\Query\\Builder->runSelect()
#4 D:\\laragon\\www\\mirrormefashion\\vendor\\laravel\\framework\\src\\Illuminate\\Database\\Query\\Builder.php(3456): Illuminate\\Database\\Query\\Builder->Illuminate\\Database\\Query\\{closure}()
#5 D:\\laragon\\www\\mirrormefashion\\vendor\\laravel\\framework\\src\\Illuminate\\Database\\Query\\Builder.php(3138): Illuminate\\Database\\Query\\Builder->onceWithColumns(Array, Object(Closure))
#6 D:\\laragon\\www\\mirrormefashion\\vendor\\laravel\\framework\\src\\Illuminate\\Database\\Eloquent\\Builder.php(889): Illuminate\\Database\\Query\\Builder->pluck('id', NULL)
#7 D:\\laragon\\www\\mirrormefashion\\app\\Http\\Controllers\\Api\\V2\\AnalyticsController.php(441): Illuminate\\Database\\Eloquent\\Builder->pluck('id')
#8 D:\\laragon\\www\\mirrormefashion\\app\\Http\\Controllers\\Api\\V2\\AnalyticsController.php(84): App\\Http\\Controllers\\Api\\V2\\AnalyticsController->countFeedbackComments(Object(Illuminate\\Database\\Eloquent\\Collection))
#9 D:\\laragon\\www\\mirrormefashion\\vendor\\laravel\\framework\\src\\Illuminate\\Routing\\Controller.php(54): App\\Http\\Controllers\\Api\\V2\\AnalyticsController->getCreatorAnalytics(Object(Illuminate\\Http\\Request))
#10 D:\\laragon\\www\\mirrormefashion\\vendor\\laravel\\framework\\src\\Illuminate\\Routing\\ControllerDispatcher.php(43): Illuminate\\Routing\\Controller->callAction('getCreatorAnaly...', Array)
#11 D:\\laragon\\www\\mirrormefashion\\vendor\\laravel\\framework\\src\\Illuminate\\Routing\\Route.php(259): Illuminate\\Routing\\ControllerDispatcher->dispatch(Object(Illuminate\\Routing\\Route), Object(App\\Http\\Controllers\\Api\\V2\\AnalyticsController), 'getCreatorAnaly...')
#12 D:\\laragon\\www\\mirrormefashion\\vendor\\laravel\\framework\\src\\Illuminate\\Routing\\Route.php(205): Illuminate\\Routing\\Route->runController()
#13 D:\\laragon\\www\\mirrormefashion\\vendor\\laravel\\framework\\src\\Illuminate\\Routing\\Router.php(806): Illuminate\\Routing\\Route->run()
#14 D:\\laragon\\www\\mirrormefashion\\vendor\\laravel\\framework\\src\\Illuminate\\Pipeline\\Pipeline.php(144): Illuminate\\Routing\\Router->Illuminate\\Routing\\{closure}(Object(Illuminate\\Http\\Request))
#15 D:\\laragon\\www\\mirrormefashion\\app\\Http\\Middleware\\ParseBearerToken.php(98): Illuminate\\Pipeline\\Pipeline->Illuminate\\Pipeline\\{closure}(Object(Illuminate\\Http\\Request))
#16 D:\\laragon\\www\\mirrormefashion\\vendor\\laravel\\framework\\src\\Illuminate\\Pipeline\\Pipeline.php(183): App\\Http\\Middleware\\ParseBearerToken->handle(Object(Illuminate\\Http\\Request), Object(Closure))
#17 D:\\laragon\\www\\mirrormefashion\\app\\Http\\Middleware\\AppLanguage.php(35): Illuminate\\Pipeline\\Pipeline->Illuminate\\Pipeline\\{closure}(Object(Illuminate\\Http\\Request))
#18 D:\\laragon\\www\\mirrormefashion\\vendor\\laravel\\framework\\src\\Illuminate\\Pipeline\\Pipeline.php(183): App\\Http\\Middleware\\AppLanguage->handle(Object(Illuminate\\Http\\Request), Object(Closure))
#19 D:\\laragon\\www\\mirrormefashion\\app\\Http\\Middleware\\ApiJsonResponse.php(22): Illuminate\\Pipeline\\Pipeline->Illuminate\\Pipeline\\{closure}(Object(Illuminate\\Http\\Request))
#20 D:\\laragon\\www\\mirrormefashion\\vendor\\laravel\\framework\\src\\Illuminate\\Pipeline\\Pipeline.php(183): App\\Http\\Middleware\\ApiJsonResponse->handle(Object(Illuminate\\Http\\Request), Object(Closure))
#21 D:\\laragon\\www\\mirrormefashion\\app\\Http\\Middleware\\CheckForMaintenanceMode.php(64): Illuminate\\Pipeline\\Pipeline->Illuminate\\Pipeline\\{closure}(Object(Illuminate\\Http\\Request))
#22 D:\\laragon\\www\\mirrormefashion\\vendor\\laravel\\framework\\src\\Illuminate\\Pipeline\\Pipeline.php(183): App\\Http\\Middleware\\CheckForMaintenanceMode->handle(Object(Illuminate\\Http\\Request), Object(Closure))
#23 D:\\laragon\\www\\mirrormefashion\\vendor\\laravel\\framework\\src\\Illuminate\\Routing\\Middleware\\SubstituteBindings.php(50): Illuminate\\Pipeline\\Pipeline->Illuminate\\Pipeline\\{closure}(Object(Illuminate\\Http\\Request))
#24 D:\\laragon\\www\\mirrormefashion\\vendor\\laravel\\framework\\src\\Illuminate\\Pipeline\\Pipeline.php(183): Illuminate\\Routing\\Middleware\\SubstituteBindings->handle(Object(Illuminate\\Http\\Request), Object(Closure))
#25 D:\\laragon\\www\\mirrormefashion\\vendor\\laravel\\framework\\src\\Illuminate\\Auth\\Middleware\\Authenticate.php(57): Illuminate\\Pipeline\\Pipeline->Illuminate\\Pipeline\\{closure}(Object(Illuminate\\Http\\Request))
#26 D:\\laragon\\www\\mirrormefashion\\vendor\\laravel\\framework\\src\\Illuminate\\Pipeline\\Pipeline.php(183): Illuminate\\Auth\\Middleware\\Authenticate->handle(Object(Illuminate\\Http\\Request), Object(Closure), 'sanctum')
#27 D:\\laragon\\www\\mirrormefashion\\vendor\\laravel\\framework\\src\\Illuminate\\Routing\\Middleware\\ThrottleRequests.php(159): Illuminate\\Pipeline\\Pipeline->Illuminate\\Pipeline\\{closure}(Object(Illuminate\\Http\\Request))
#28 D:\\laragon\\www\\mirrormefashion\\vendor\\laravel\\framework\\src\\Illuminate\\Routing\\Middleware\\ThrottleRequests.php(125): Illuminate\\Routing\\Middleware\\ThrottleRequests->handleRequest(Object(Illuminate\\Http\\Request), Object(Closure), Array)
#29 D:\\laragon\\www\\mirrormefashion\\vendor\\laravel\\framework\\src\\Illuminate\\Routing\\Middleware\\ThrottleRequests.php(87): Illuminate\\Routing\\Middleware\\ThrottleRequests->handleRequestUsingNamedLimiter(Object(Illuminate\\Http\\Request), Object(Closure), 'api', Object(Closure))
#30 D:\\laragon\\www\\mirrormefashion\\vendor\\laravel\\framework\\src\\Illuminate\\Pipeline\\Pipeline.php(183): Illuminate\\Routing\\Middleware\\ThrottleRequests->handle(Object(Illuminate\\Http\\Request), Object(Closure), 'api')
#31 D:\\laragon\\www\\mirrormefashion\\vendor\\laravel\\sanctum\\src\\Http\\Middleware\\EnsureFrontendRequestsAreStateful.php(25): Illuminate\\Pipeline\\Pipeline->Illuminate\\Pipeline\\{closure}(Object(Illuminate\\Http\\Request))
#32 D:\\laragon\\www\\mirrormefashion\\vendor\\laravel\\framework\\src\\Illuminate\\Pipeline\\Pipeline.php(144): Laravel\\Sanctum\\Http\\Middleware\\EnsureFrontendRequestsAreStateful->Laravel\\Sanctum\\Http\\Middleware\\{closure}(Object(Illuminate\\Http\\Request))
#33 D:\\laragon\\www\\mirrormefashion\\vendor\\laravel\\framework\\src\\Illuminate\\Foundation\\Http\\Middleware\\VerifyCsrfToken.php(78): Illuminate\\Pipeline\\Pipeline->Illuminate\\Pipeline\\{closure}(Object(Illuminate\\Http\\Request))
#34 D:\\laragon\\www\\mirrormefashion\\vendor\\laravel\\framework\\src\\Illuminate\\Pipeline\\Pipeline.php(183): Illuminate\\Foundation\\Http\\Middleware\\VerifyCsrfToken->handle(Object(Illuminate\\Http\\Request), Object(Closure))
#35 D:\\laragon\\www\\mirrormefashion\\vendor\\laravel\\framework\\src\\Illuminate\\Session\\Middleware\\StartSession.php(121): Illuminate\\Pipeline\\Pipeline->Illuminate\\Pipeline\\{closure}(Object(Illuminate\\Http\\Request))
#36 D:\\laragon\\www\\mirrormefashion\\vendor\\laravel\\framework\\src\\Illuminate\\Session\\Middleware\\StartSession.php(64): Illuminate\\Session\\Middleware\\StartSession->handleStatefulRequest(Object(Illuminate\\Http\\Request), Object(Illuminate\\Session\\Store), Object(Closure))
#37 D:\\laragon\\www\\mirrormefashion\\vendor\\laravel\\framework\\src\\Illuminate\\Pipeline\\Pipeline.php(183): Illuminate\\Session\\Middleware\\StartSession->handle(Object(Illuminate\\Http\\Request), Object(Closure))
#38 D:\\laragon\\www\\mirrormefashion\\vendor\\laravel\\framework\\src\\Illuminate\\Cookie\\Middleware\\AddQueuedCookiesToResponse.php(37): Illuminate\\Pipeline\\Pipeline->Illuminate\\Pipeline\\{closure}(Object(Illuminate\\Http\\Request))
#39 D:\\laragon\\www\\mirrormefashion\\vendor\\laravel\\framework\\src\\Illuminate\\Pipeline\\Pipeline.php(183): Illuminate\\Cookie\\Middleware\\AddQueuedCookiesToResponse->handle(Object(Illuminate\\Http\\Request), Object(Closure))
#40 D:\\laragon\\www\\mirrormefashion\\vendor\\laravel\\framework\\src\\Illuminate\\Cookie\\Middleware\\EncryptCookies.php(67): Illuminate\\Pipeline\\Pipeline->Illuminate\\Pipeline\\{closure}(Object(Illuminate\\Http\\Request))
#41 D:\\laragon\\www\\mirrormefashion\\vendor\\laravel\\framework\\src\\Illuminate\\Pipeline\\Pipeline.php(183): Illuminate\\Cookie\\Middleware\\EncryptCookies->handle(Object(Illuminate\\Http\\Request), Object(Closure))
#42 D:\\laragon\\www\\mirrormefashion\\vendor\\laravel\\sanctum\\src\\Http\\Middleware\\EnsureFrontendRequestsAreStateful.php(61): Illuminate\\Pipeline\\Pipeline->Illuminate\\Pipeline\\{closure}(Object(Illuminate\\Http\\Request))
#43 D:\\laragon\\www\\mirrormefashion\\vendor\\laravel\\framework\\src\\Illuminate\\Pipeline\\Pipeline.php(165): Laravel\\Sanctum\\Http\\Middleware\\EnsureFrontendRequestsAreStateful->Laravel\\Sanctum\\Http\\Middleware\\{closure}(Object(Illuminate\\Http\\Request), Object(Closure))
#44 D:\\laragon\\www\\mirrormefashion\\vendor\\laravel\\framework\\src\\Illuminate\\Pipeline\\Pipeline.php(119): Illuminate\\Pipeline\\Pipeline->Illuminate\\Pipeline\\{closure}(Object(Illuminate\\Http\\Request))
#45 D:\\laragon\\www\\mirrormefashion\\vendor\\laravel\\sanctum\\src\\Http\\Middleware\\EnsureFrontendRequestsAreStateful.php(24): Illuminate\\Pipeline\\Pipeline->then(Object(Closure))
#46 D:\\laragon\\www\\mirrormefashion\\vendor\\laravel\\framework\\src\\Illuminate\\Pipeline\\Pipeline.php(183): Laravel\\Sanctum\\Http\\Middleware\\EnsureFrontendRequestsAreStateful->handle(Object(Illuminate\\Http\\Request), Object(Closure))
#47 D:\\laragon\\www\\mirrormefashion\\app\\Http\\Middleware\\CorsMiddleware.php(32): Illuminate\\Pipeline\\Pipeline->Illuminate\\Pipeline\\{closure}(Object(Illuminate\\Http\\Request))
#48 D:\\laragon\\www\\mirrormefashion\\vendor\\laravel\\framework\\src\\Illuminate\\Pipeline\\Pipeline.php(183): App\\Http\\Middleware\\CorsMiddleware->handle(Object(Illuminate\\Http\\Request), Object(Closure))
#49 D:\\laragon\\www\\mirrormefashion\\vendor\\laravel\\framework\\src\\Illuminate\\Pipeline\\Pipeline.php(119): Illuminate\\Pipeline\\Pipeline->Illuminate\\Pipeline\\{closure}(Object(Illuminate\\Http\\Request))
#50 D:\\laragon\\www\\mirrormefashion\\vendor\\laravel\\framework\\src\\Illuminate\\Routing\\Router.php(805): Illuminate\\Pipeline\\Pipeline->then(Object(Closure))
#51 D:\\laragon\\www\\mirrormefashion\\vendor\\laravel\\framework\\src\\Illuminate\\Routing\\Router.php(784): Illuminate\\Routing\\Router->runRouteWithinStack(Object(Illuminate\\Routing\\Route), Object(Illuminate\\Http\\Request))
#52 D:\\laragon\\www\\mirrormefashion\\vendor\\laravel\\framework\\src\\Illuminate\\Routing\\Router.php(748): Illuminate\\Routing\\Router->runRoute(Object(Illuminate\\Http\\Request), Object(Illuminate\\Routing\\Route))
#53 D:\\laragon\\www\\mirrormefashion\\vendor\\laravel\\framework\\src\\Illuminate\\Routing\\Router.php(737): Illuminate\\Routing\\Router->dispatchToRoute(Object(Illuminate\\Http\\Request))
#54 D:\\laragon\\www\\mirrormefashion\\vendor\\laravel\\framework\\src\\Illuminate\\Foundation\\Http\\Kernel.php(200): Illuminate\\Routing\\Router->dispatch(Object(Illuminate\\Http\\Request))
#55 D:\\laragon\\www\\mirrormefashion\\vendor\\laravel\\framework\\src\\Illuminate\\Pipeline\\Pipeline.php(144): Illuminate\\Foundation\\Http\\Kernel->Illuminate\\Foundation\\Http\\{closure}(Object(Illuminate\\Http\\Request))
#56 D:\\laragon\\www\\mirrormefashion\\vendor\\barryvdh\\laravel-debugbar\\src\\Middleware\\InjectDebugbar.php(66): Illuminate\\Pipeline\\Pipeline->Illuminate\\Pipeline\\{closure}(Object(Illuminate\\Http\\Request))
#57 D:\\laragon\\www\\mirrormefashion\\vendor\\laravel\\framework\\src\\Illuminate\\Pipeline\\Pipeline.php(183): Barryvdh\\Debugbar\\Middleware\\InjectDebugbar->handle(Object(Illuminate\\Http\\Request), Object(Closure))
#58 D:\\laragon\\www\\mirrormefashion\\vendor\\laravel\\framework\\src\\Illuminate\\View\\Middleware\\ShareErrorsFromSession.php(49): Illuminate\\Pipeline\\Pipeline->Illuminate\\Pipeline\\{closure}(Object(Illuminate\\Http\\Request))
#59 D:\\laragon\\www\\mirrormefashion\\vendor\\laravel\\framework\\src\\Illuminate\\Pipeline\\Pipeline.php(183): Illuminate\\View\\Middleware\\ShareErrorsFromSession->handle(Object(Illuminate\\Http\\Request), Object(Closure))
#60 D:\\laragon\\www\\mirrormefashion\\vendor\\laravel\\framework\\src\\Illuminate\\Session\\Middleware\\StartSession.php(121): Illuminate\\Pipeline\\Pipeline->Illuminate\\Pipeline\\{closure}(Object(Illuminate\\Http\\Request))
#61 D:\\laragon\\www\\mirrormefashion\\vendor\\laravel\\framework\\src\\Illuminate\\Session\\Middleware\\StartSession.php(64): Illuminate\\Session\\Middleware\\StartSession->handleStatefulRequest(Object(Illuminate\\Http\\Request), Object(Illuminate\\Session\\Store), Object(Closure))
#62 D:\\laragon\\www\\mirrormefashion\\vendor\\laravel\\framework\\src\\Illuminate\\Pipeline\\Pipeline.php(183): Illuminate\\Session\\Middleware\\StartSession->handle(Object(Illuminate\\Http\\Request), Object(Closure))
#63 D:\\laragon\\www\\mirrormefashion\\vendor\\laravel\\framework\\src\\Illuminate\\Http\\Middleware\\TrustProxies.php(39): Illuminate\\Pipeline\\Pipeline->Illuminate\\Pipeline\\{closure}(Object(Illuminate\\Http\\Request))
#64 D:\\laragon\\www\\mirrormefashion\\vendor\\laravel\\framework\\src\\Illuminate\\Pipeline\\Pipeline.php(183): Illuminate\\Http\\Middleware\\TrustProxies->handle(Object(Illuminate\\Http\\Request), Object(Closure))
#65 D:\\laragon\\www\\mirrormefashion\\vendor\\laravel\\framework\\src\\Illuminate\\Foundation\\Http\\Middleware\\TransformsRequest.php(21): Illuminate\\Pipeline\\Pipeline->Illuminate\\Pipeline\\{closure}(Object(Illuminate\\Http\\Request))
#66 D:\\laragon\\www\\mirrormefashion\\vendor\\laravel\\framework\\src\\Illuminate\\Foundation\\Http\\Middleware\\ConvertEmptyStringsToNull.php(31): Illuminate\\Foundation\\Http\\Middleware\\TransformsRequest->handle(Object(Illuminate\\Http\\Request), Object(Closure))
#67 D:\\laragon\\www\\mirrormefashion\\vendor\\laravel\\framework\\src\\Illuminate\\Pipeline\\Pipeline.php(183): Illuminate\\Foundation\\Http\\Middleware\\ConvertEmptyStringsToNull->handle(Object(Illuminate\\Http\\Request), Object(Closure))
#68 D:\\laragon\\www\\mirrormefashion\\vendor\\laravel\\framework\\src\\Illuminate\\Foundation\\Http\\Middleware\\TransformsRequest.php(21): Illuminate\\Pipeline\\Pipeline->Illuminate\\Pipeline\\{closure}(Object(Illuminate\\Http\\Request))
#69 D:\\laragon\\www\\mirrormefashion\\vendor\\laravel\\framework\\src\\Illuminate\\Foundation\\Http\\Middleware\\TrimStrings.php(40): Illuminate\\Foundation\\Http\\Middleware\\TransformsRequest->handle(Object(Illuminate\\Http\\Request), Object(Closure))
#70 D:\\laragon\\www\\mirrormefashion\\vendor\\laravel\\framework\\src\\Illuminate\\Pipeline\\Pipeline.php(183): Illuminate\\Foundation\\Http\\Middleware\\TrimStrings->handle(Object(Illuminate\\Http\\Request), Object(Closure))
#71 D:\\laragon\\www\\mirrormefashion\\vendor\\laravel\\framework\\src\\Illuminate\\Foundation\\Http\\Middleware\\ValidatePostSize.php(27): Illuminate\\Pipeline\\Pipeline->Illuminate\\Pipeline\\{closure}(Object(Illuminate\\Http\\Request))
#72 D:\\laragon\\www\\mirrormefashion\\vendor\\laravel\\framework\\src\\Illuminate\\Pipeline\\Pipeline.php(183): Illuminate\\Foundation\\Http\\Middleware\\ValidatePostSize->handle(Object(Illuminate\\Http\\Request), Object(Closure))
#73 D:\\laragon\\www\\mirrormefashion\\vendor\\laravel\\framework\\src\\Illuminate\\Pipeline\\Pipeline.php(119): Illuminate\\Pipeline\\Pipeline->Illuminate\\Pipeline\\{closure}(Object(Illuminate\\Http\\Request))
#74 D:\\laragon\\www\\mirrormefashion\\vendor\\laravel\\framework\\src\\Illuminate\\Foundation\\Http\\Kernel.php(175): Illuminate\\Pipeline\\Pipeline->then(Object(Closure))
#75 D:\\laragon\\www\\mirrormefashion\\vendor\\laravel\\framework\\src\\Illuminate\\Foundation\\Http\\Kernel.php(144): Illuminate\\Foundation\\Http\\Kernel->sendRequestThroughRouter(Object(Illuminate\\Http\\Request))
#76 D:\\laragon\\www\\mirrormefashion\\index.php(56): Illuminate\\Foundation\\Http\\Kernel->handle(Object(Illuminate\\Http\\Request))
#77 {main}"} 
[2026-04-12 07:17:05] local.INFO: ParseBearerToken middleware invoked {"path":"/api/v2/analytics/creator","method":"GET","has_auth_header":true,"auth_header_preview":"Bearer 160|kJdpaDrHOZ9nSgkeOYj...","is_bearer":true} 
[2026-04-12 07:17:05] local.INFO: Extracted bearer token {"token_preview":"160|kJdpaD...","token_length":52} 
[2026-04-12 07:17:05] local.INFO: Found personal access token {"token_id":160,"user_id":68,"revoked":null} 
[2026-04-12 07:17:05] local.INFO: User authenticated via bearer token {"user_id":68,"user_email":"freelancerzahedcreator@gmail.com"} 
[2026-04-12 07:17:14] local.INFO: ParseBearerToken middleware invoked {"path":"/api/v2/analytics/creator","method":"GET","has_auth_header":true,"auth_header_preview":"Bearer 162|htku8Nbt0t7HbUxovVT...","is_bearer":true} 
[2026-04-12 07:17:14] local.INFO: Extracted bearer token {"token_preview":"162|htku8N...","token_length":52} 
[2026-04-12 07:17:14] local.INFO: Found personal access token {"token_id":162,"user_id":68,"revoked":null} 
[2026-04-12 07:17:14] local.INFO: User authenticated via bearer token {"user_id":68,"user_email":"freelancerzahedcreator@gmail.com"} 
[2026-04-12 07:17:15] local.INFO: ParseBearerToken middleware invoked {"path":"/api/v2/analytics/creator","method":"GET","has_auth_header":true,"auth_header_preview":"Bearer 162|htku8Nbt0t7HbUxovVT...","is_bearer":true} 
[2026-04-12 07:17:15] local.INFO: Extracted bearer token {"token_preview":"162|htku8N...","token_length":52} 
[2026-04-12 07:17:15] local.INFO: Found personal access token {"token_id":162,"user_id":68,"revoked":null} 
[2026-04-12 07:17:15] local.INFO: User authenticated via bearer token {"user_id":68,"user_email":"freelancerzahedcreator@gmail.com"} 
[2026-04-12 07:17:49] local.INFO: ParseBearerToken middleware invoked {"path":"/api/v2/analytics/creator","method":"GET","has_auth_header":true,"auth_header_preview":"Bearer 160|kJdpaDrHOZ9nSgkeOYj...","is_bearer":true} 
[2026-04-12 07:17:49] local.INFO: Extracted bearer token {"token_preview":"160|kJdpaD...","token_length":52} 
[2026-04-12 07:17:49] local.INFO: Found personal access token {"token_id":160,"user_id":68,"revoked":null} 
[2026-04-12 07:17:49] local.INFO: User authenticated via bearer token {"user_id":68,"user_email":"freelancerzahedcreator@gmail.com"} 
[2026-04-12 07:17:50] local.INFO: ParseBearerToken middleware invoked {"path":"/api/v2/analytics/creator","method":"GET","has_auth_header":true,"auth_header_preview":"Bearer 160|kJdpaDrHOZ9nSgkeOYj...","is_bearer":true} 
[2026-04-12 07:17:50] local.INFO: Extracted bearer token {"token_preview":"160|kJdpaD...","token_length":52} 
[2026-04-12 07:17:50] local.INFO: Found personal access token {"token_id":160,"user_id":68,"revoked":null} 
[2026-04-12 07:17:50] local.INFO: User authenticated via bearer token {"user_id":68,"user_email":"freelancerzahedcreator@gmail.com"} 
[2026-04-12 07:17:51] local.INFO: ParseBearerToken middleware invoked {"path":"/api/v2/analytics/creator","method":"GET","has_auth_header":true,"auth_header_preview":"Bearer 162|htku8Nbt0t7HbUxovVT...","is_bearer":true} 
[2026-04-12 07:17:51] local.INFO: Extracted bearer token {"token_preview":"162|htku8N...","token_length":52} 
[2026-04-12 07:17:51] local.INFO: Found personal access token {"token_id":162,"user_id":68,"revoked":null} 
[2026-04-12 07:17:51] local.INFO: User authenticated via bearer token {"user_id":68,"user_email":"freelancerzahedcreator@gmail.com"} 
[2026-04-12 07:17:52] local.INFO: ParseBearerToken middleware invoked {"path":"/api/v2/analytics/creator","method":"GET","has_auth_header":true,"auth_header_preview":"Bearer 162|htku8Nbt0t7HbUxovVT...","is_bearer":true} 
[2026-04-12 07:17:52] local.INFO: Extracted bearer token {"token_preview":"162|htku8N...","token_length":52} 
[2026-04-12 07:17:52] local.INFO: Found personal access token {"token_id":162,"user_id":68,"revoked":null} 
[2026-04-12 07:17:52] local.INFO: User authenticated via bearer token {"user_id":68,"user_email":"freelancerzahedcreator@gmail.com"} 
[2026-04-12 07:19:28] local.INFO: ParseBearerToken middleware invoked {"path":"/api/v2/analytics/creator","method":"GET","has_auth_header":true,"auth_header_preview":"Bearer 160|kJdpaDrHOZ9nSgkeOYj...","is_bearer":true} 
[2026-04-12 07:19:28] local.INFO: Extracted bearer token {"token_preview":"160|kJdpaD...","token_length":52} 
[2026-04-12 07:19:28] local.INFO: Found personal access token {"token_id":160,"user_id":68,"revoked":null} 
[2026-04-12 07:19:28] local.INFO: User authenticated via bearer token {"user_id":68,"user_email":"freelancerzahedcreator@gmail.com"} 
[2026-04-12 07:19:29] local.INFO: ParseBearerToken middleware invoked {"path":"/api/v2/analytics/creator","method":"GET","has_auth_header":true,"auth_header_preview":"Bearer 160|kJdpaDrHOZ9nSgkeOYj...","is_bearer":true} 
[2026-04-12 07:19:29] local.INFO: Extracted bearer token {"token_preview":"160|kJdpaD...","token_length":52} 
[2026-04-12 07:19:29] local.INFO: Found personal access token {"token_id":160,"user_id":68,"revoked":null} 
[2026-04-12 07:19:29] local.INFO: User authenticated via bearer token {"user_id":68,"user_email":"freelancerzahedcreator@gmail.com"} 
[2026-04-12 07:19:30] local.INFO: ParseBearerToken middleware invoked {"path":"/api/v2/analytics/creator","method":"GET","has_auth_header":true,"auth_header_preview":"Bearer 162|htku8Nbt0t7HbUxovVT...","is_bearer":true} 
[2026-04-12 07:19:30] local.INFO: Extracted bearer token {"token_preview":"162|htku8N...","token_length":52} 
[2026-04-12 07:19:30] local.INFO: Found personal access token {"token_id":162,"user_id":68,"revoked":null} 
[2026-04-12 07:19:30] local.INFO: User authenticated via bearer token {"user_id":68,"user_email":"freelancerzahedcreator@gmail.com"} 
[2026-04-12 07:19:31] local.INFO: ParseBearerToken middleware invoked {"path":"/api/v2/analytics/creator","method":"GET","has_auth_header":true,"auth_header_preview":"Bearer 162|htku8Nbt0t7HbUxovVT...","is_bearer":true} 
[2026-04-12 07:19:31] local.INFO: Extracted bearer token {"token_preview":"162|htku8N...","token_length":52} 
[2026-04-12 07:19:31] local.INFO: Found personal access token {"token_id":162,"user_id":68,"revoked":null} 
[2026-04-12 07:19:31] local.INFO: User authenticated via bearer token {"user_id":68,"user_email":"freelancerzahedcreator@gmail.com"} 
[2026-04-12 07:19:57] local.INFO: ParseBearerToken middleware invoked {"path":"/api/v2/creator/documents","method":"GET","has_auth_header":true,"auth_header_preview":"Bearer 160|kJdpaDrHOZ9nSgkeOYj...","is_bearer":true} 
[2026-04-12 07:19:57] local.INFO: Extracted bearer token {"token_preview":"160|kJdpaD...","token_length":52} 
[2026-04-12 07:19:57] local.INFO: Found personal access token {"token_id":160,"user_id":68,"revoked":null} 
[2026-04-12 07:19:57] local.INFO: User authenticated via bearer token {"user_id":68,"user_email":"freelancerzahedcreator@gmail.com"} 
[2026-04-12 07:19:58] local.INFO: ParseBearerToken middleware invoked {"path":"/api/v2/creator/documents","method":"GET","has_auth_header":true,"auth_header_preview":"Bearer 160|kJdpaDrHOZ9nSgkeOYj...","is_bearer":true} 
[2026-04-12 07:19:58] local.INFO: Extracted bearer token {"token_preview":"160|kJdpaD...","token_length":52} 
[2026-04-12 07:19:58] local.INFO: Found personal access token {"token_id":160,"user_id":68,"revoked":null} 
[2026-04-12 07:19:58] local.INFO: User authenticated via bearer token {"user_id":68,"user_email":"freelancerzahedcreator@gmail.com"} 
[2026-04-12 07:20:27] local.INFO: ParseBearerToken middleware invoked {"path":"/api/v2/creator/documents","method":"GET","has_auth_header":true,"auth_header_preview":"Bearer 160|kJdpaDrHOZ9nSgkeOYj...","is_bearer":true} 
[2026-04-12 07:20:27] local.INFO: Extracted bearer token {"token_preview":"160|kJdpaD...","token_length":52} 
[2026-04-12 07:20:27] local.INFO: Found personal access token {"token_id":160,"user_id":68,"revoked":null} 
[2026-04-12 07:20:27] local.INFO: User authenticated via bearer token {"user_id":68,"user_email":"freelancerzahedcreator@gmail.com"} 
[2026-04-12 07:20:57] local.INFO: ParseBearerToken middleware invoked {"path":"/api/v2/creator/documents","method":"GET","has_auth_header":true,"auth_header_preview":"Bearer 160|kJdpaDrHOZ9nSgkeOYj...","is_bearer":true} 
[2026-04-12 07:20:57] local.INFO: Extracted bearer token {"token_preview":"160|kJdpaD...","token_length":52} 
[2026-04-12 07:20:57] local.INFO: Found personal access token {"token_id":160,"user_id":68,"revoked":null} 
[2026-04-12 07:20:57] local.INFO: User authenticated via bearer token {"user_id":68,"user_email":"freelancerzahedcreator@gmail.com"} 
[2026-04-12 07:21:27] local.INFO: ParseBearerToken middleware invoked {"path":"/api/v2/creator/documents","method":"GET","has_auth_header":true,"auth_header_preview":"Bearer 160|kJdpaDrHOZ9nSgkeOYj...","is_bearer":true} 
[2026-04-12 07:21:27] local.INFO: Extracted bearer token {"token_preview":"160|kJdpaD...","token_length":52} 
[2026-04-12 07:21:27] local.INFO: Found personal access token {"token_id":160,"user_id":68,"revoked":null} 
[2026-04-12 07:21:27] local.INFO: User authenticated via bearer token {"user_id":68,"user_email":"freelancerzahedcreator@gmail.com"} 
[2026-04-12 07:21:57] local.INFO: ParseBearerToken middleware invoked {"path":"/api/v2/creator/documents","method":"GET","has_auth_header":true,"auth_header_preview":"Bearer 160|kJdpaDrHOZ9nSgkeOYj...","is_bearer":true} 
[2026-04-12 07:21:57] local.INFO: Extracted bearer token {"token_preview":"160|kJdpaD...","token_length":52} 
[2026-04-12 07:21:57] local.INFO: Found personal access token {"token_id":160,"user_id":68,"revoked":null} 
[2026-04-12 07:21:57] local.INFO: User authenticated via bearer token {"user_id":68,"user_email":"freelancerzahedcreator@gmail.com"} 
[2026-04-12 07:22:27] local.INFO: ParseBearerToken middleware invoked {"path":"/api/v2/creator/documents","method":"GET","has_auth_header":true,"auth_header_preview":"Bearer 160|kJdpaDrHOZ9nSgkeOYj...","is_bearer":true} 
[2026-04-12 07:22:27] local.INFO: Extracted bearer token {"token_preview":"160|kJdpaD...","token_length":52} 
[2026-04-12 07:22:27] local.INFO: Found personal access token {"token_id":160,"user_id":68,"revoked":null} 
[2026-04-12 07:22:27] local.INFO: User authenticated via bearer token {"user_id":68,"user_email":"freelancerzahedcreator@gmail.com"} 
[2026-04-12 07:22:57] local.INFO: ParseBearerToken middleware invoked {"path":"/api/v2/creator/documents","method":"GET","has_auth_header":true,"auth_header_preview":"Bearer 160|kJdpaDrHOZ9nSgkeOYj...","is_bearer":true} 
[2026-04-12 07:22:57] local.INFO: Extracted bearer token {"token_preview":"160|kJdpaD...","token_length":52} 
[2026-04-12 07:22:57] local.INFO: Found personal access token {"token_id":160,"user_id":68,"revoked":null} 
[2026-04-12 07:22:57] local.INFO: User authenticated via bearer token {"user_id":68,"user_email":"freelancerzahedcreator@gmail.com"} 
[2026-04-12 07:23:27] local.INFO: ParseBearerToken middleware invoked {"path":"/api/v2/creator/documents","method":"GET","has_auth_header":true,"auth_header_preview":"Bearer 160|kJdpaDrHOZ9nSgkeOYj...","is_bearer":true} 
[2026-04-12 07:23:27] local.INFO: Extracted bearer token {"token_preview":"160|kJdpaD...","token_length":52} 
[2026-04-12 07:23:27] local.INFO: Found personal access token {"token_id":160,"user_id":68,"revoked":null} 
[2026-04-12 07:23:27] local.INFO: User authenticated via bearer token {"user_id":68,"user_email":"freelancerzahedcreator@gmail.com"} 
[2026-04-12 07:23:57] local.INFO: ParseBearerToken middleware invoked {"path":"/api/v2/creator/documents","method":"GET","has_auth_header":true,"auth_header_preview":"Bearer 160|kJdpaDrHOZ9nSgkeOYj...","is_bearer":true} 
[2026-04-12 07:23:57] local.INFO: Extracted bearer token {"token_preview":"160|kJdpaD...","token_length":52} 
[2026-04-12 07:23:57] local.INFO: Found personal access token {"token_id":160,"user_id":68,"revoked":null} 
[2026-04-12 07:23:57] local.INFO: User authenticated via bearer token {"user_id":68,"user_email":"freelancerzahedcreator@gmail.com"} 
[2026-04-12 07:24:27] local.INFO: ParseBearerToken middleware invoked {"path":"/api/v2/creator/documents","method":"GET","has_auth_header":true,"auth_header_preview":"Bearer 160|kJdpaDrHOZ9nSgkeOYj...","is_bearer":true} 
[2026-04-12 07:24:27] local.INFO: Extracted bearer token {"token_preview":"160|kJdpaD...","token_length":52} 
[2026-04-12 07:24:27] local.INFO: Found personal access token {"token_id":160,"user_id":68,"revoked":null} 
[2026-04-12 07:24:27] local.INFO: User authenticated via bearer token {"user_id":68,"user_email":"freelancerzahedcreator@gmail.com"} 
[2026-04-12 07:24:57] local.INFO: ParseBearerToken middleware invoked {"path":"/api/v2/creator/documents","method":"GET","has_auth_header":true,"auth_header_preview":"Bearer 160|kJdpaDrHOZ9nSgkeOYj...","is_bearer":true} 
[2026-04-12 07:24:57] local.INFO: Extracted bearer token {"token_preview":"160|kJdpaD...","token_length":52} 
[2026-04-12 07:24:57] local.INFO: Found personal access token {"token_id":160,"user_id":68,"revoked":null} 
[2026-04-12 07:24:57] local.INFO: User authenticated via bearer token {"user_id":68,"user_email":"freelancerzahedcreator@gmail.com"} 
[2026-04-12 07:25:27] local.INFO: ParseBearerToken middleware invoked {"path":"/api/v2/creator/documents","method":"GET","has_auth_header":true,"auth_header_preview":"Bearer 160|kJdpaDrHOZ9nSgkeOYj...","is_bearer":true} 
[2026-04-12 07:25:27] local.INFO: Extracted bearer token {"token_preview":"160|kJdpaD...","token_length":52} 
[2026-04-12 07:25:27] local.INFO: Found personal access token {"token_id":160,"user_id":68,"revoked":null} 
[2026-04-12 07:25:27] local.INFO: User authenticated via bearer token {"user_id":68,"user_email":"freelancerzahedcreator@gmail.com"} 
[2026-04-12 07:25:55] local.INFO: ParseBearerToken middleware invoked {"path":"/api/v2/creator/documents","method":"GET","has_auth_header":true,"auth_header_preview":"Bearer 160|kJdpaDrHOZ9nSgkeOYj...","is_bearer":true} 
[2026-04-12 07:25:55] local.INFO: Extracted bearer token {"token_preview":"160|kJdpaD...","token_length":52} 
[2026-04-12 07:25:55] local.INFO: Found personal access token {"token_id":160,"user_id":68,"revoked":null} 
[2026-04-12 07:25:55] local.INFO: User authenticated via bearer token {"user_id":68,"user_email":"freelancerzahedcreator@gmail.com"} 
[2026-04-12 07:25:57] local.INFO: ParseBearerToken middleware invoked {"path":"/api/v2/creator/documents","method":"GET","has_auth_header":true,"auth_header_preview":"Bearer 160|kJdpaDrHOZ9nSgkeOYj...","is_bearer":true} 
[2026-04-12 07:25:57] local.INFO: Extracted bearer token {"token_preview":"160|kJdpaD...","token_length":52} 
[2026-04-12 07:25:57] local.INFO: Found personal access token {"token_id":160,"user_id":68,"revoked":null} 
[2026-04-12 07:25:57] local.INFO: User authenticated via bearer token {"user_id":68,"user_email":"freelancerzahedcreator@gmail.com"} 
[2026-04-12 07:26:06] local.INFO: ParseBearerToken middleware invoked {"path":"/api/v2/creator/documents","method":"GET","has_auth_header":true,"auth_header_preview":"Bearer 160|kJdpaDrHOZ9nSgkeOYj...","is_bearer":true} 
[2026-04-12 07:26:06] local.INFO: Extracted bearer token {"token_preview":"160|kJdpaD...","token_length":52} 
[2026-04-12 07:26:06] local.INFO: Found personal access token {"token_id":160,"user_id":68,"revoked":null} 
[2026-04-12 07:26:06] local.INFO: User authenticated via bearer token {"user_id":68,"user_email":"freelancerzahedcreator@gmail.com"} 
[2026-04-12 07:26:34] local.INFO: ParseBearerToken middleware invoked {"path":"/api/v2/creator/documents","method":"GET","has_auth_header":true,"auth_header_preview":"Bearer 160|kJdpaDrHOZ9nSgkeOYj...","is_bearer":true} 
[2026-04-12 07:26:34] local.INFO: Extracted bearer token {"token_preview":"160|kJdpaD...","token_length":52} 
[2026-04-12 07:26:34] local.INFO: Found personal access token {"token_id":160,"user_id":68,"revoked":null} 
[2026-04-12 07:26:34] local.INFO: User authenticated via bearer token {"user_id":68,"user_email":"freelancerzahedcreator@gmail.com"} 
[2026-04-12 07:27:04] local.INFO: ParseBearerToken middleware invoked {"path":"/api/v2/creator/documents","method":"GET","has_auth_header":true,"auth_header_preview":"Bearer 160|kJdpaDrHOZ9nSgkeOYj...","is_bearer":true} 
[2026-04-12 07:27:04] local.INFO: Extracted bearer token {"token_preview":"160|kJdpaD...","token_length":52} 
[2026-04-12 07:27:04] local.INFO: Found personal access token {"token_id":160,"user_id":68,"revoked":null} 
[2026-04-12 07:27:04] local.INFO: User authenticated via bearer token {"user_id":68,"user_email":"freelancerzahedcreator@gmail.com"} 
[2026-04-12 07:27:34] local.INFO: ParseBearerToken middleware invoked {"path":"/api/v2/creator/documents","method":"GET","has_auth_header":true,"auth_header_preview":"Bearer 160|kJdpaDrHOZ9nSgkeOYj...","is_bearer":true} 
[2026-04-12 07:27:34] local.INFO: Extracted bearer token {"token_preview":"160|kJdpaD...","token_length":52} 
[2026-04-12 07:27:34] local.INFO: Found personal access token {"token_id":160,"user_id":68,"revoked":null} 
[2026-04-12 07:27:34] local.INFO: User authenticated via bearer token {"user_id":68,"user_email":"freelancerzahedcreator@gmail.com"} 
[2026-04-12 07:28:04] local.INFO: ParseBearerToken middleware invoked {"path":"/api/v2/creator/documents","method":"GET","has_auth_header":true,"auth_header_preview":"Bearer 160|kJdpaDrHOZ9nSgkeOYj...","is_bearer":true} 
[2026-04-12 07:28:04] local.INFO: Extracted bearer token {"token_preview":"160|kJdpaD...","token_length":52} 
[2026-04-12 07:28:04] local.INFO: Found personal access token {"token_id":160,"user_id":68,"revoked":null} 
[2026-04-12 07:28:04] local.INFO: User authenticated via bearer token {"user_id":68,"user_email":"freelancerzahedcreator@gmail.com"} 
[2026-04-12 07:28:34] local.INFO: ParseBearerToken middleware invoked {"path":"/api/v2/creator/documents","method":"GET","has_auth_header":true,"auth_header_preview":"Bearer 160|kJdpaDrHOZ9nSgkeOYj...","is_bearer":true} 
[2026-04-12 07:28:34] local.INFO: Extracted bearer token {"token_preview":"160|kJdpaD...","token_length":52} 
[2026-04-12 07:28:34] local.INFO: Found personal access token {"token_id":160,"user_id":68,"revoked":null} 
[2026-04-12 07:28:34] local.INFO: User authenticated via bearer token {"user_id":68,"user_email":"freelancerzahedcreator@gmail.com"} 
[2026-04-12 07:28:47] local.INFO: ParseBearerToken middleware invoked {"path":"/api/v2/creator/documents","method":"GET","has_auth_header":true,"auth_header_preview":"Bearer 160|kJdpaDrHOZ9nSgkeOYj...","is_bearer":true} 
[2026-04-12 07:28:47] local.INFO: Extracted bearer token {"token_preview":"160|kJdpaD...","token_length":52} 
[2026-04-12 07:28:47] local.INFO: Found personal access token {"token_id":160,"user_id":68,"revoked":null} 
[2026-04-12 07:28:47] local.INFO: User authenticated via bearer token {"user_id":68,"user_email":"freelancerzahedcreator@gmail.com"} 
[2026-04-12 07:28:52] local.INFO: ParseBearerToken middleware invoked {"path":"/api/v2/creator/documents","method":"GET","has_auth_header":true,"auth_header_preview":"Bearer 160|kJdpaDrHOZ9nSgkeOYj...","is_bearer":true} 
[2026-04-12 07:28:52] local.INFO: Extracted bearer token {"token_preview":"160|kJdpaD...","token_length":52} 
[2026-04-12 07:28:52] local.INFO: Found personal access token {"token_id":160,"user_id":68,"revoked":null} 
[2026-04-12 07:28:52] local.INFO: User authenticated via bearer token {"user_id":68,"user_email":"freelancerzahedcreator@gmail.com"} 
[2026-04-12 07:28:52] local.INFO: ParseBearerToken middleware invoked {"path":"/api/v2/creator/verification/checklist","method":"GET","has_auth_header":true,"auth_header_preview":"Bearer 160|kJdpaDrHOZ9nSgkeOYj...","is_bearer":true} 
[2026-04-12 07:28:52] local.INFO: Extracted bearer token {"token_preview":"160|kJdpaD...","token_length":52} 
[2026-04-12 07:28:52] local.INFO: Found personal access token {"token_id":160,"user_id":68,"revoked":null} 
[2026-04-12 07:28:52] local.INFO: User authenticated via bearer token {"user_id":68,"user_email":"freelancerzahedcreator@gmail.com"} 
[2026-04-12 07:29:22] local.INFO: ParseBearerToken middleware invoked {"path":"/api/v2/creator/documents","method":"GET","has_auth_header":true,"auth_header_preview":"Bearer 160|kJdpaDrHOZ9nSgkeOYj...","is_bearer":true} 
[2026-04-12 07:29:22] local.INFO: Extracted bearer token {"token_preview":"160|kJdpaD...","token_length":52} 
[2026-04-12 07:29:22] local.INFO: Found personal access token {"token_id":160,"user_id":68,"revoked":null} 
[2026-04-12 07:29:22] local.INFO: User authenticated via bearer token {"user_id":68,"user_email":"freelancerzahedcreator@gmail.com"} 
[2026-04-12 07:29:52] local.INFO: ParseBearerToken middleware invoked {"path":"/api/v2/creator/verification/checklist","method":"GET","has_auth_header":true,"auth_header_preview":"Bearer 160|kJdpaDrHOZ9nSgkeOYj...","is_bearer":true} 
[2026-04-12 07:29:52] local.INFO: Extracted bearer token {"token_preview":"160|kJdpaD...","token_length":52} 
[2026-04-12 07:29:52] local.INFO: Found personal access token {"token_id":160,"user_id":68,"revoked":null} 
[2026-04-12 07:29:52] local.INFO: User authenticated via bearer token {"user_id":68,"user_email":"freelancerzahedcreator@gmail.com"} 
[2026-04-12 07:29:52] local.INFO: ParseBearerToken middleware invoked {"path":"/api/v2/creator/documents","method":"GET","has_auth_header":true,"auth_header_preview":"Bearer 160|kJdpaDrHOZ9nSgkeOYj...","is_bearer":true} 
[2026-04-12 07:29:52] local.INFO: Extracted bearer token {"token_preview":"160|kJdpaD...","token_length":52} 
[2026-04-12 07:29:52] local.INFO: Found personal access token {"token_id":160,"user_id":68,"revoked":null} 
[2026-04-12 07:29:52] local.INFO: User authenticated via bearer token {"user_id":68,"user_email":"freelancerzahedcreator@gmail.com"} 
[2026-04-12 07:30:06] local.INFO: ParseBearerToken middleware invoked {"path":"/api/v2/creator/verification/checklist","method":"GET","has_auth_header":true,"auth_header_preview":"Bearer 160|kJdpaDrHOZ9nSgkeOYj...","is_bearer":true} 
[2026-04-12 07:30:06] local.INFO: Extracted bearer token {"token_preview":"160|kJdpaD...","token_length":52} 
[2026-04-12 07:30:06] local.INFO: Found personal access token {"token_id":160,"user_id":68,"revoked":null} 
[2026-04-12 07:30:06] local.INFO: User authenticated via bearer token {"user_id":68,"user_email":"freelancerzahedcreator@gmail.com"} 
[2026-04-12 07:30:06] local.INFO: ParseBearerToken middleware invoked {"path":"/api/v2/creator/documents","method":"GET","has_auth_header":true,"auth_header_preview":"Bearer 160|kJdpaDrHOZ9nSgkeOYj...","is_bearer":true} 
[2026-04-12 07:30:06] local.INFO: Extracted bearer token {"token_preview":"160|kJdpaD...","token_length":52} 
[2026-04-12 07:30:06] local.INFO: Found personal access token {"token_id":160,"user_id":68,"revoked":null} 
[2026-04-12 07:30:06] local.INFO: User authenticated via bearer token {"user_id":68,"user_email":"freelancerzahedcreator@gmail.com"} 
[2026-04-12 07:30:10] local.INFO: ParseBearerToken middleware invoked {"path":"/api/v2/creator/verification/checklist","method":"GET","has_auth_header":true,"auth_header_preview":"Bearer 160|kJdpaDrHOZ9nSgkeOYj...","is_bearer":true} 
[2026-04-12 07:30:10] local.INFO: ParseBearerToken middleware invoked {"path":"/api/v2/creator/documents","method":"GET","has_auth_header":true,"auth_header_preview":"Bearer 160|kJdpaDrHOZ9nSgkeOYj...","is_bearer":true} 
[2026-04-12 07:30:10] local.INFO: Extracted bearer token {"token_preview":"160|kJdpaD...","token_length":52} 
[2026-04-12 07:30:10] local.INFO: Found personal access token {"token_id":160,"user_id":68,"revoked":null} 
[2026-04-12 07:30:10] local.INFO: User authenticated via bearer token {"user_id":68,"user_email":"freelancerzahedcreator@gmail.com"} 
[2026-04-12 07:30:41] local.INFO: ParseBearerToken middleware invoked {"path":"/api/v2/creator/documents","method":"GET","has_auth_header":true,"auth_header_preview":"Bearer 160|kJdpaDrHOZ9nSgkeOYj...","is_bearer":true} 
[2026-04-12 07:30:41] local.INFO: Extracted bearer token {"token_preview":"160|kJdpaD...","token_length":52} 
[2026-04-12 07:30:41] local.INFO: Found personal access token {"token_id":160,"user_id":68,"revoked":null} 
[2026-04-12 07:30:41] local.INFO: User authenticated via bearer token {"user_id":68,"user_email":"freelancerzahedcreator@gmail.com"} 
[2026-04-12 07:31:11] local.INFO: ParseBearerToken middleware invoked {"path":"/api/v2/creator/verification/checklist","method":"GET","has_auth_header":true,"auth_header_preview":"Bearer 160|kJdpaDrHOZ9nSgkeOYj...","is_bearer":true} 
[2026-04-12 07:31:11] local.INFO: Extracted bearer token {"token_preview":"160|kJdpaD...","token_length":52} 
[2026-04-12 07:31:11] local.INFO: Found personal access token {"token_id":160,"user_id":68,"revoked":null} 
[2026-04-12 07:31:11] local.INFO: User authenticated via bearer token {"user_id":68,"user_email":"freelancerzahedcreator@gmail.com"} 
[2026-04-12 07:31:11] local.INFO: ParseBearerToken middleware invoked {"path":"/api/v2/creator/documents","method":"GET","has_auth_header":true,"auth_header_preview":"Bearer 160|kJdpaDrHOZ9nSgkeOYj...","is_bearer":true} 
[2026-04-12 07:31:11] local.INFO: Extracted bearer token {"token_preview":"160|kJdpaD...","token_length":52} 
[2026-04-12 07:31:11] local.INFO: Found personal access token {"token_id":160,"user_id":68,"revoked":null} 
[2026-04-12 07:31:11] local.INFO: User authenticated via bearer token {"user_id":68,"user_email":"freelancerzahedcreator@gmail.com"} 
[2026-04-12 07:31:17] local.INFO: ParseBearerToken middleware invoked {"path":"/api/v2/creator/verification/checklist","method":"GET","has_auth_header":true,"auth_header_preview":"Bearer 160|kJdpaDrHOZ9nSgkeOYj...","is_bearer":true} 
[2026-04-12 07:31:17] local.INFO: Extracted bearer token {"token_preview":"160|kJdpaD...","token_length":52} 
[2026-04-12 07:31:17] local.INFO: Found personal access token {"token_id":160,"user_id":68,"revoked":null} 
[2026-04-12 07:31:17] local.INFO: User authenticated via bearer token {"user_id":68,"user_email":"freelancerzahedcreator@gmail.com"} 
[2026-04-12 07:31:41] local.INFO: ParseBearerToken middleware invoked {"path":"/api/v2/creator/documents","method":"GET","has_auth_header":true,"auth_header_preview":"Bearer 160|kJdpaDrHOZ9nSgkeOYj...","is_bearer":true} 
[2026-04-12 07:31:41] local.INFO: Extracted bearer token {"token_preview":"160|kJdpaD...","token_length":52} 
[2026-04-12 07:31:41] local.INFO: Found personal access token {"token_id":160,"user_id":68,"revoked":null} 
[2026-04-12 07:31:41] local.INFO: User authenticated via bearer token {"user_id":68,"user_email":"freelancerzahedcreator@gmail.com"} 
[2026-04-12 07:31:56] local.INFO: ParseBearerToken middleware invoked {"path":"/api/v2/creator/documents","method":"GET","has_auth_header":true,"auth_header_preview":"Bearer 160|kJdpaDrHOZ9nSgkeOYj...","is_bearer":true} 
[2026-04-12 07:31:56] local.INFO: Extracted bearer token {"token_preview":"160|kJdpaD...","token_length":52} 
[2026-04-12 07:31:56] local.INFO: Found personal access token {"token_id":160,"user_id":68,"revoked":null} 
[2026-04-12 07:31:56] local.INFO: User authenticated via bearer token {"user_id":68,"user_email":"freelancerzahedcreator@gmail.com"} 
[2026-04-12 07:31:56] local.INFO: ParseBearerToken middleware invoked {"path":"/api/v2/creator/verification/checklist","method":"GET","has_auth_header":true,"auth_header_preview":"Bearer 160|kJdpaDrHOZ9nSgkeOYj...","is_bearer":true} 
[2026-04-12 07:31:56] local.INFO: Extracted bearer token {"token_preview":"160|kJdpaD...","token_length":52} 
[2026-04-12 07:31:56] local.INFO: Found personal access token {"token_id":160,"user_id":68,"revoked":null} 
[2026-04-12 07:31:56] local.INFO: User authenticated via bearer token {"user_id":68,"user_email":"freelancerzahedcreator@gmail.com"} 
[2026-04-12 07:32:17] local.INFO: ParseBearerToken middleware invoked {"path":"/api/v2/creator/documents","method":"GET","has_auth_header":true,"auth_header_preview":"Bearer 160|kJdpaDrHOZ9nSgkeOYj...","is_bearer":true} 
[2026-04-12 07:32:17] local.INFO: Extracted bearer token {"token_preview":"160|kJdpaD...","token_length":52} 
[2026-04-12 07:32:17] local.INFO: Found personal access token {"token_id":160,"user_id":68,"revoked":null} 
[2026-04-12 07:32:17] local.INFO: User authenticated via bearer token {"user_id":68,"user_email":"freelancerzahedcreator@gmail.com"} 
[2026-04-12 07:32:17] local.INFO: ParseBearerToken middleware invoked {"path":"/api/v2/creator/verification/checklist","method":"GET","has_auth_header":true,"auth_header_preview":"Bearer 160|kJdpaDrHOZ9nSgkeOYj...","is_bearer":true} 
[2026-04-12 07:32:17] local.INFO: Extracted bearer token {"token_preview":"160|kJdpaD...","token_length":52} 
[2026-04-12 07:32:17] local.INFO: Found personal access token {"token_id":160,"user_id":68,"revoked":null} 
[2026-04-12 07:32:17] local.INFO: User authenticated via bearer token {"user_id":68,"user_email":"freelancerzahedcreator@gmail.com"} 
[2026-04-12 07:32:22] local.INFO: ParseBearerToken middleware invoked {"path":"/api/v2/creator/verification/checklist","method":"GET","has_auth_header":true,"auth_header_preview":"Bearer 160|kJdpaDrHOZ9nSgkeOYj...","is_bearer":true} 
[2026-04-12 07:32:22] local.INFO: Extracted bearer token {"token_preview":"160|kJdpaD...","token_length":52} 
[2026-04-12 07:32:22] local.INFO: Found personal access token {"token_id":160,"user_id":68,"revoked":null} 
[2026-04-12 07:32:22] local.INFO: User authenticated via bearer token {"user_id":68,"user_email":"freelancerzahedcreator@gmail.com"} 
[2026-04-12 07:32:22] local.INFO: ParseBearerToken middleware invoked {"path":"/api/v2/creator/documents","method":"GET","has_auth_header":true,"auth_header_preview":"Bearer 160|kJdpaDrHOZ9nSgkeOYj...","is_bearer":true} 
[2026-04-12 07:32:22] local.INFO: Extracted bearer token {"token_preview":"160|kJdpaD...","token_length":52} 
[2026-04-12 07:32:22] local.INFO: Found personal access token {"token_id":160,"user_id":68,"revoked":null} 
[2026-04-12 07:32:22] local.INFO: User authenticated via bearer token {"user_id":68,"user_email":"freelancerzahedcreator@gmail.com"} 
[2026-04-12 07:32:30] local.INFO: ParseBearerToken middleware invoked {"path":"/api/v2/creator/documents","method":"GET","has_auth_header":true,"auth_header_preview":"Bearer 160|kJdpaDrHOZ9nSgkeOYj...","is_bearer":true} 
[2026-04-12 07:32:30] local.INFO: Extracted bearer token {"token_preview":"160|kJdpaD...","token_length":52} 
[2026-04-12 07:32:30] local.INFO: Found personal access token {"token_id":160,"user_id":68,"revoked":null} 
[2026-04-12 07:32:30] local.INFO: ParseBearerToken middleware invoked {"path":"/api/v2/creator/verification/checklist","method":"GET","has_auth_header":true,"auth_header_preview":"Bearer 160|kJdpaDrHOZ9nSgkeOYj...","is_bearer":true} 
[2026-04-12 07:32:30] local.INFO: Extracted bearer token {"token_preview":"160|kJdpaD...","token_length":52} 
[2026-04-12 07:32:30] local.INFO: User authenticated via bearer token {"user_id":68,"user_email":"freelancerzahedcreator@gmail.com"} 
[2026-04-12 07:32:30] local.INFO: Found personal access token {"token_id":160,"user_id":68,"revoked":null} 
[2026-04-12 07:32:30] local.INFO: User authenticated via bearer token {"user_id":68,"user_email":"freelancerzahedcreator@gmail.com"} 
[2026-04-12 07:33:00] local.INFO: ParseBearerToken middleware invoked {"path":"/api/v2/creator/documents","method":"GET","has_auth_header":true,"auth_header_preview":"Bearer 160|kJdpaDrHOZ9nSgkeOYj...","is_bearer":true} 
[2026-04-12 07:33:00] local.INFO: Extracted bearer token {"token_preview":"160|kJdpaD...","token_length":52} 
[2026-04-12 07:33:00] local.INFO: Found personal access token {"token_id":160,"user_id":68,"revoked":null} 
[2026-04-12 07:33:00] local.INFO: User authenticated via bearer token {"user_id":68,"user_email":"freelancerzahedcreator@gmail.com"} 
[2026-04-12 07:33:30] local.INFO: ParseBearerToken middleware invoked {"path":"/api/v2/creator/verification/checklist","method":"GET","has_auth_header":true,"auth_header_preview":"Bearer 160|kJdpaDrHOZ9nSgkeOYj...","is_bearer":true} 
[2026-04-12 07:33:30] local.INFO: Extracted bearer token {"token_preview":"160|kJdpaD...","token_length":52} 
[2026-04-12 07:33:30] local.INFO: Found personal access token {"token_id":160,"user_id":68,"revoked":null} 
[2026-04-12 07:33:30] local.INFO: User authenticated via bearer token {"user_id":68,"user_email":"freelancerzahedcreator@gmail.com"} 
[2026-04-12 07:33:30] local.INFO: ParseBearerToken middleware invoked {"path":"/api/v2/creator/documents","method":"GET","has_auth_header":true,"auth_header_preview":"Bearer 160|kJdpaDrHOZ9nSgkeOYj...","is_bearer":true} 
[2026-04-12 07:33:30] local.INFO: Extracted bearer token {"token_preview":"160|kJdpaD...","token_length":52} 
[2026-04-12 07:33:30] local.INFO: Found personal access token {"token_id":160,"user_id":68,"revoked":null} 
[2026-04-12 07:33:30] local.INFO: User authenticated via bearer token {"user_id":68,"user_email":"freelancerzahedcreator@gmail.com"} 
[2026-04-12 07:33:35] local.INFO: ParseBearerToken middleware invoked {"path":"/api/v2/creator/verification/checklist","method":"GET","has_auth_header":true,"auth_header_preview":"Bearer 160|kJdpaDrHOZ9nSgkeOYj...","is_bearer":true} 
[2026-04-12 07:33:35] local.INFO: Extracted bearer token {"token_preview":"160|kJdpaD...","token_length":52} 
[2026-04-12 07:33:35] local.INFO: Found personal access token {"token_id":160,"user_id":68,"revoked":null} 
[2026-04-12 07:33:35] local.INFO: User authenticated via bearer token {"user_id":68,"user_email":"freelancerzahedcreator@gmail.com"} 
[2026-04-12 07:33:35] local.INFO: ParseBearerToken middleware invoked {"path":"/api/v2/creator/documents","method":"GET","has_auth_header":true,"auth_header_preview":"Bearer 160|kJdpaDrHOZ9nSgkeOYj...","is_bearer":true} 
[2026-04-12 07:33:35] local.INFO: Extracted bearer token {"token_preview":"160|kJdpaD...","token_length":52} 
[2026-04-12 07:33:35] local.INFO: Found personal access token {"token_id":160,"user_id":68,"revoked":null} 
[2026-04-12 07:33:35] local.INFO: User authenticated via bearer token {"user_id":68,"user_email":"freelancerzahedcreator@gmail.com"} 
[2026-04-12 07:33:43] local.INFO: ParseBearerToken middleware invoked {"path":"/api/v2/creator/verification/checklist","method":"GET","has_auth_header":true,"auth_header_preview":"Bearer 160|kJdpaDrHOZ9nSgkeOYj...","is_bearer":true} 
[2026-04-12 07:33:43] local.INFO: Extracted bearer token {"token_preview":"160|kJdpaD...","token_length":52} 
[2026-04-12 07:33:43] local.INFO: Found personal access token {"token_id":160,"user_id":68,"revoked":null} 
[2026-04-12 07:33:43] local.INFO: User authenticated via bearer token {"user_id":68,"user_email":"freelancerzahedcreator@gmail.com"} 
[2026-04-12 07:33:43] local.INFO: ParseBearerToken middleware invoked {"path":"/api/v2/creator/documents","method":"GET","has_auth_header":true,"auth_header_preview":"Bearer 160|kJdpaDrHOZ9nSgkeOYj...","is_bearer":true} 
[2026-04-12 07:33:43] local.INFO: Extracted bearer token {"token_preview":"160|kJdpaD...","token_length":52} 
[2026-04-12 07:33:43] local.INFO: Found personal access token {"token_id":160,"user_id":68,"revoked":null} 
[2026-04-12 07:33:43] local.INFO: User authenticated via bearer token {"user_id":68,"user_email":"freelancerzahedcreator@gmail.com"} 
[2026-04-12 07:33:55] local.INFO: ParseBearerToken middleware invoked {"path":"/api/v2/creator/verification/checklist","method":"GET","has_auth_header":true,"auth_header_preview":"Bearer 160|kJdpaDrHOZ9nSgkeOYj...","is_bearer":true} 
[2026-04-12 07:33:55] local.INFO: Extracted bearer token {"token_preview":"160|kJdpaD...","token_length":52} 
[2026-04-12 07:33:55] local.INFO: Found personal access token {"token_id":160,"user_id":68,"revoked":null} 
[2026-04-12 07:33:55] local.INFO: User authenticated via bearer token {"user_id":68,"user_email":"freelancerzahedcreator@gmail.com"} 
[2026-04-12 07:33:55] local.INFO: ParseBearerToken middleware invoked {"path":"/api/v2/creator/documents","method":"GET","has_auth_header":true,"auth_header_preview":"Bearer 160|kJdpaDrHOZ9nSgkeOYj...","is_bearer":true} 
[2026-04-12 07:33:55] local.INFO: Extracted bearer token {"token_preview":"160|kJdpaD...","token_length":52} 
[2026-04-12 07:33:55] local.INFO: Found personal access token {"token_id":160,"user_id":68,"revoked":null} 
[2026-04-12 07:33:55] local.INFO: User authenticated via bearer token {"user_id":68,"user_email":"freelancerzahedcreator@gmail.com"} 
[2026-04-12 07:34:25] local.INFO: ParseBearerToken middleware invoked {"path":"/api/v2/creator/documents","method":"GET","has_auth_header":true,"auth_header_preview":"Bearer 160|kJdpaDrHOZ9nSgkeOYj...","is_bearer":true} 
[2026-04-12 07:34:25] local.INFO: Extracted bearer token {"token_preview":"160|kJdpaD...","token_length":52} 
[2026-04-12 07:34:25] local.INFO: Found personal access token {"token_id":160,"user_id":68,"revoked":null} 
[2026-04-12 07:34:25] local.INFO: User authenticated via bearer token {"user_id":68,"user_email":"freelancerzahedcreator@gmail.com"} 
[2026-04-12 07:34:38] local.INFO: ParseBearerToken middleware invoked {"path":"/api/v2/creator/documents","method":"GET","has_auth_header":true,"auth_header_preview":"Bearer 160|kJdpaDrHOZ9nSgkeOYj...","is_bearer":true} 
[2026-04-12 07:34:38] local.INFO: Extracted bearer token {"token_preview":"160|kJdpaD...","token_length":52} 
[2026-04-12 07:34:38] local.INFO: Found personal access token {"token_id":160,"user_id":68,"revoked":null} 
[2026-04-12 07:34:38] local.INFO: User authenticated via bearer token {"user_id":68,"user_email":"freelancerzahedcreator@gmail.com"} 
[2026-04-12 13:49:24] local.INFO: ParseBearerToken middleware invoked {"path":"/api/v2/campaign","method":"GET","has_auth_header":true,"auth_header_preview":"Bearer 162|htku8Nbt0t7HbUxovVT...","is_bearer":true} 
[2026-04-12 13:49:24] local.INFO: Extracted bearer token {"token_preview":"162|htku8N...","token_length":52} 
[2026-04-12 13:49:24] local.INFO: Found personal access token {"token_id":162,"user_id":68,"revoked":null} 
[2026-04-12 13:49:24] local.INFO: User authenticated via bearer token {"user_id":68,"user_email":"freelancerzahedcreator@gmail.com"} 
[2026-04-12 13:49:24] local.INFO: Returning campaigns for user {"user_id":68,"campaign_count":2,"statuses":["draft","draft"]} 
[2026-04-12 13:49:25] local.INFO: ParseBearerToken middleware invoked {"path":"/api/v2/campaign","method":"GET","has_auth_header":true,"auth_header_preview":"Bearer 162|htku8Nbt0t7HbUxovVT...","is_bearer":true} 
[2026-04-12 13:49:25] local.INFO: Extracted bearer token {"token_preview":"162|htku8N...","token_length":52} 
[2026-04-12 13:49:25] local.INFO: Found personal access token {"token_id":162,"user_id":68,"revoked":null} 
[2026-04-12 13:49:25] local.INFO: User authenticated via bearer token {"user_id":68,"user_email":"freelancerzahedcreator@gmail.com"} 
[2026-04-12 13:49:25] local.INFO: Returning campaigns for user {"user_id":68,"campaign_count":2,"statuses":["draft","draft"]} 
[2026-04-12 13:49:25] local.INFO: ParseBearerToken middleware invoked {"path":"/api/v2/analytics/creator","method":"GET","has_auth_header":true,"auth_header_preview":"Bearer 162|htku8Nbt0t7HbUxovVT...","is_bearer":true} 
[2026-04-12 13:49:25] local.INFO: Extracted bearer token {"token_preview":"162|htku8N...","token_length":52} 
[2026-04-12 13:49:25] local.INFO: Found personal access token {"token_id":162,"user_id":68,"revoked":null} 
[2026-04-12 13:49:25] local.INFO: User authenticated via bearer token {"user_id":68,"user_email":"freelancerzahedcreator@gmail.com"} 
[2026-04-12 13:49:26] local.INFO: ParseBearerToken middleware invoked {"path":"/api/v2/analytics/creator","method":"GET","has_auth_header":true,"auth_header_preview":"Bearer 162|htku8Nbt0t7HbUxovVT...","is_bearer":true} 
[2026-04-12 13:49:26] local.INFO: Extracted bearer token {"token_preview":"162|htku8N...","token_length":52} 
[2026-04-12 13:49:26] local.INFO: Found personal access token {"token_id":162,"user_id":68,"revoked":null} 
[2026-04-12 13:49:26] local.INFO: User authenticated via bearer token {"user_id":68,"user_email":"freelancerzahedcreator@gmail.com"} 
[2026-04-12 13:49:31] local.INFO: ParseBearerToken middleware invoked {"path":"/api/v2/creator/documents","method":"GET","has_auth_header":true,"auth_header_preview":"Bearer 162|htku8Nbt0t7HbUxovVT...","is_bearer":true} 
[2026-04-12 13:49:31] local.INFO: Extracted bearer token {"token_preview":"162|htku8N...","token_length":52} 
[2026-04-12 13:49:31] local.INFO: Found personal access token {"token_id":162,"user_id":68,"revoked":null} 
[2026-04-12 13:49:31] local.INFO: User authenticated via bearer token {"user_id":68,"user_email":"freelancerzahedcreator@gmail.com"} 
[2026-04-12 13:49:31] local.INFO: ParseBearerToken middleware invoked {"path":"/api/v2/creator/verification/checklist","method":"GET","has_auth_header":true,"auth_header_preview":"Bearer 162|htku8Nbt0t7HbUxovVT...","is_bearer":true} 
[2026-04-12 13:49:31] local.INFO: Extracted bearer token {"token_preview":"162|htku8N...","token_length":52} 
[2026-04-12 13:49:31] local.INFO: Found personal access token {"token_id":162,"user_id":68,"revoked":null} 
[2026-04-12 13:49:31] local.INFO: User authenticated via bearer token {"user_id":68,"user_email":"freelancerzahedcreator@gmail.com"} 
[2026-04-12 13:49:31] local.INFO: ParseBearerToken middleware invoked {"path":"/api/v2/creator/verification/checklist","method":"GET","has_auth_header":true,"auth_header_preview":"Bearer 162|htku8Nbt0t7HbUxovVT...","is_bearer":true} 
[2026-04-12 13:49:31] local.INFO: Extracted bearer token {"token_preview":"162|htku8N...","token_length":52} 
[2026-04-12 13:49:31] local.INFO: Found personal access token {"token_id":162,"user_id":68,"revoked":null} 
[2026-04-12 13:49:31] local.INFO: User authenticated via bearer token {"user_id":68,"user_email":"freelancerzahedcreator@gmail.com"} 
[2026-04-12 13:49:32] local.INFO: ParseBearerToken middleware invoked {"path":"/api/v2/creator/documents","method":"GET","has_auth_header":true,"auth_header_preview":"Bearer 162|htku8Nbt0t7HbUxovVT...","is_bearer":true} 
[2026-04-12 13:49:32] local.INFO: Extracted bearer token {"token_preview":"162|htku8N...","token_length":52} 
[2026-04-12 13:49:32] local.INFO: Found personal access token {"token_id":162,"user_id":68,"revoked":null} 
[2026-04-12 13:49:32] local.INFO: User authenticated via bearer token {"user_id":68,"user_email":"freelancerzahedcreator@gmail.com"} 
[2026-04-12 13:50:01] local.INFO: ParseBearerToken middleware invoked {"path":"/api/v2/creator/documents","method":"GET","has_auth_header":true,"auth_header_preview":"Bearer 162|htku8Nbt0t7HbUxovVT...","is_bearer":true} 
[2026-04-12 13:50:01] local.INFO: Extracted bearer token {"token_preview":"162|htku8N...","token_length":52} 
[2026-04-12 13:50:01] local.INFO: Found personal access token {"token_id":162,"user_id":68,"revoked":null} 
[2026-04-12 13:50:01] local.INFO: User authenticated via bearer token {"user_id":68,"user_email":"freelancerzahedcreator@gmail.com"} 
[2026-04-12 13:50:31] local.INFO: ParseBearerToken middleware invoked {"path":"/api/v2/creator/verification/checklist","method":"GET","has_auth_header":true,"auth_header_preview":"Bearer 162|htku8Nbt0t7HbUxovVT...","is_bearer":true} 
[2026-04-12 13:50:31] local.INFO: Extracted bearer token {"token_preview":"162|htku8N...","token_length":52} 
[2026-04-12 13:50:31] local.INFO: Found personal access token {"token_id":162,"user_id":68,"revoked":null} 
[2026-04-12 13:50:31] local.INFO: User authenticated via bearer token {"user_id":68,"user_email":"freelancerzahedcreator@gmail.com"} 
[2026-04-12 13:50:31] local.INFO: ParseBearerToken middleware invoked {"path":"/api/v2/creator/documents","method":"GET","has_auth_header":true,"auth_header_preview":"Bearer 162|htku8Nbt0t7HbUxovVT...","is_bearer":true} 
[2026-04-12 13:50:31] local.INFO: Extracted bearer token {"token_preview":"162|htku8N...","token_length":52} 
[2026-04-12 13:50:31] local.INFO: Found personal access token {"token_id":162,"user_id":68,"revoked":null} 
[2026-04-12 13:50:31] local.INFO: User authenticated via bearer token {"user_id":68,"user_email":"freelancerzahedcreator@gmail.com"} 
[2026-04-12 13:50:53] local.INFO: ParseBearerToken middleware invoked {"path":"/api/v2/creator/profile","method":"GET","has_auth_header":true,"auth_header_preview":"Bearer 162|htku8Nbt0t7HbUxovVT...","is_bearer":true} 
[2026-04-12 13:50:53] local.INFO: Extracted bearer token {"token_preview":"162|htku8N...","token_length":52} 
[2026-04-12 13:50:53] local.INFO: Found personal access token {"token_id":162,"user_id":68,"revoked":null} 
[2026-04-12 13:50:53] local.INFO: User authenticated via bearer token {"user_id":68,"user_email":"freelancerzahedcreator@gmail.com"} 
[2026-04-12 13:50:54] local.INFO: ParseBearerToken middleware invoked {"path":"/api/v2/creator/profile","method":"GET","has_auth_header":true,"auth_header_preview":"Bearer 162|htku8Nbt0t7HbUxovVT...","is_bearer":true} 
[2026-04-12 13:50:54] local.INFO: Extracted bearer token {"token_preview":"162|htku8N...","token_length":52} 
[2026-04-12 13:50:54] local.INFO: Found personal access token {"token_id":162,"user_id":68,"revoked":null} 
[2026-04-12 13:50:54] local.INFO: User authenticated via bearer token {"user_id":68,"user_email":"freelancerzahedcreator@gmail.com"} 
[2026-04-12 13:51:24] local.INFO: ParseBearerToken middleware invoked {"path":"/api/v2/creator/profile","method":"GET","has_auth_header":true,"auth_header_preview":"Bearer 162|htku8Nbt0t7HbUxovVT...","is_bearer":true} 
[2026-04-12 13:51:24] local.INFO: Extracted bearer token {"token_preview":"162|htku8N...","token_length":52} 
[2026-04-12 13:51:24] local.INFO: Found personal access token {"token_id":162,"user_id":68,"revoked":null} 
[2026-04-12 13:51:24] local.INFO: User authenticated via bearer token {"user_id":68,"user_email":"freelancerzahedcreator@gmail.com"} 
[2026-04-12 13:51:54] local.INFO: ParseBearerToken middleware invoked {"path":"/api/v2/creator/profile","method":"GET","has_auth_header":true,"auth_header_preview":"Bearer 162|htku8Nbt0t7HbUxovVT...","is_bearer":true} 
[2026-04-12 13:51:54] local.INFO: Extracted bearer token {"token_preview":"162|htku8N...","token_length":52} 
[2026-04-12 13:51:54] local.INFO: Found personal access token {"token_id":162,"user_id":68,"revoked":null} 
[2026-04-12 13:51:54] local.INFO: User authenticated via bearer token {"user_id":68,"user_email":"freelancerzahedcreator@gmail.com"} 
[2026-04-12 13:52:24] local.INFO: ParseBearerToken middleware invoked {"path":"/api/v2/creator/profile","method":"GET","has_auth_header":true,"auth_header_preview":"Bearer 162|htku8Nbt0t7HbUxovVT...","is_bearer":true} 
[2026-04-12 13:52:24] local.INFO: Extracted bearer token {"token_preview":"162|htku8N...","token_length":52} 
[2026-04-12 13:52:24] local.INFO: Found personal access token {"token_id":162,"user_id":68,"revoked":null} 
[2026-04-12 13:52:24] local.INFO: User authenticated via bearer token {"user_id":68,"user_email":"freelancerzahedcreator@gmail.com"} 
[2026-04-12 13:52:54] local.INFO: ParseBearerToken middleware invoked {"path":"/api/v2/creator/profile","method":"GET","has_auth_header":true,"auth_header_preview":"Bearer 162|htku8Nbt0t7HbUxovVT...","is_bearer":true} 
[2026-04-12 13:52:54] local.INFO: Extracted bearer token {"token_preview":"162|htku8N...","token_length":52} 
[2026-04-12 13:52:54] local.INFO: Found personal access token {"token_id":162,"user_id":68,"revoked":null} 
[2026-04-12 13:52:54] local.INFO: User authenticated via bearer token {"user_id":68,"user_email":"freelancerzahedcreator@gmail.com"} 
[2026-04-12 13:53:24] local.INFO: ParseBearerToken middleware invoked {"path":"/api/v2/creator/profile","method":"GET","has_auth_header":true,"auth_header_preview":"Bearer 162|htku8Nbt0t7HbUxovVT...","is_bearer":true} 
[2026-04-12 13:53:24] local.INFO: Extracted bearer token {"token_preview":"162|htku8N...","token_length":52} 
[2026-04-12 13:53:24] local.INFO: Found personal access token {"token_id":162,"user_id":68,"revoked":null} 
[2026-04-12 13:53:24] local.INFO: User authenticated via bearer token {"user_id":68,"user_email":"freelancerzahedcreator@gmail.com"} 
[2026-04-12 13:53:54] local.INFO: ParseBearerToken middleware invoked {"path":"/api/v2/creator/profile","method":"GET","has_auth_header":true,"auth_header_preview":"Bearer 162|htku8Nbt0t7HbUxovVT...","is_bearer":true} 
[2026-04-12 13:53:54] local.INFO: Extracted bearer token {"token_preview":"162|htku8N...","token_length":52} 
[2026-04-12 13:53:54] local.INFO: Found personal access token {"token_id":162,"user_id":68,"revoked":null} 
[2026-04-12 13:53:54] local.INFO: User authenticated via bearer token {"user_id":68,"user_email":"freelancerzahedcreator@gmail.com"} 
