[2026-06-17 04:05:37] local.INFO: ParseBearerToken middleware invoked {"path":"/api/v2/campaign/109/vote","method":"POST","has_auth_header":true,"auth_header_preview":"Bearer 204|PS2XA2ZlPwLiWXVxcT6...","is_bearer":true} 
[2026-06-17 04:05:37] local.INFO: Extracted bearer token {"token_preview":"204|PS2XA2...","token_length":52} 
[2026-06-17 04:05:37] local.INFO: Found personal access token {"token_id":204,"user_id":85,"revoked":null} 
[2026-06-17 04:05:37] local.INFO: User authenticated via bearer token {"user_id":85,"user_email":"fsdfsdf@gdfg.com"} 
[2026-06-17 04:05:37] local.INFO: Campaign voted {"user_id":85,"campaign_id":"109","vote_type":"up","new_upvote_count":1} 
[2026-06-17 04:07:03] local.INFO: ParseBearerToken middleware invoked {"path":"/api/v2/campaign/109/vote","method":"POST","has_auth_header":true,"auth_header_preview":"Bearer 204|PS2XA2ZlPwLiWXVxcT6...","is_bearer":true} 
[2026-06-17 04:07:03] local.INFO: Extracted bearer token {"token_preview":"204|PS2XA2...","token_length":52} 
[2026-06-17 04:07:03] local.INFO: Found personal access token {"token_id":204,"user_id":85,"revoked":null} 
[2026-06-17 04:07:03] local.INFO: User authenticated via bearer token {"user_id":85,"user_email":"fsdfsdf@gdfg.com"} 
[2026-06-17 04:07:03] local.INFO: Campaign voted {"user_id":85,"campaign_id":"109","vote_type":"up","new_upvote_count":2} 
[2026-06-17 04:12:51] local.INFO: ParseBearerToken middleware invoked {"path":"/api/v2/campaign/109/vote","method":"POST","has_auth_header":true,"auth_header_preview":"Bearer 204|PS2XA2ZlPwLiWXVxcT6...","is_bearer":true} 
[2026-06-17 04:12:51] local.INFO: Extracted bearer token {"token_preview":"204|PS2XA2...","token_length":52} 
[2026-06-17 04:12:51] local.INFO: Found personal access token {"token_id":204,"user_id":85,"revoked":null} 
[2026-06-17 04:12:51] local.INFO: User authenticated via bearer token {"user_id":85,"user_email":"fsdfsdf@gdfg.com"} 
[2026-06-17 04:12:51] local.INFO: Campaign voted {"user_id":85,"campaign_id":"109","vote_type":"up","new_upvote_count":3} 
[2026-06-17 04:20:24] local.INFO: ParseBearerToken middleware invoked {"path":"/api/v2/campaign/108/vote","method":"POST","has_auth_header":true,"auth_header_preview":"Bearer 204|PS2XA2ZlPwLiWXVxcT6...","is_bearer":true} 
[2026-06-17 04:20:24] local.INFO: Extracted bearer token {"token_preview":"204|PS2XA2...","token_length":52} 
[2026-06-17 04:20:24] local.INFO: Found personal access token {"token_id":204,"user_id":85,"revoked":null} 
[2026-06-17 04:20:24] local.INFO: User authenticated via bearer token {"user_id":85,"user_email":"fsdfsdf@gdfg.com"} 
[2026-06-17 04:20:24] local.INFO: Campaign voted {"user_id":85,"campaign_id":"108","vote_type":"up","new_upvote_count":1} 
[2026-06-17 04:24:06] local.INFO: ParseBearerToken middleware invoked {"path":"/api/v2/campaign","method":"GET","has_auth_header":true,"auth_header_preview":"Bearer 204|PS2XA2ZlPwLiWXVxcT6...","is_bearer":true} 
[2026-06-17 04:24:06] local.INFO: Extracted bearer token {"token_preview":"204|PS2XA2...","token_length":52} 
[2026-06-17 04:24:06] local.INFO: Found personal access token {"token_id":204,"user_id":85,"revoked":null} 
[2026-06-17 04:24:06] local.INFO: User authenticated via bearer token {"user_id":85,"user_email":"fsdfsdf@gdfg.com"} 
[2026-06-17 04:24:06] local.INFO: Returning campaigns for user {"user_id":85,"campaign_count":1,"statuses":["live"]} 
[2026-06-17 04:24:07] local.INFO: ParseBearerToken middleware invoked {"path":"/api/v2/campaign","method":"GET","has_auth_header":true,"auth_header_preview":"Bearer 204|PS2XA2ZlPwLiWXVxcT6...","is_bearer":true} 
[2026-06-17 04:24:07] local.INFO: Extracted bearer token {"token_preview":"204|PS2XA2...","token_length":52} 
[2026-06-17 04:24:07] local.INFO: Found personal access token {"token_id":204,"user_id":85,"revoked":null} 
[2026-06-17 04:24:07] local.INFO: User authenticated via bearer token {"user_id":85,"user_email":"fsdfsdf@gdfg.com"} 
[2026-06-17 04:24:07] local.INFO: Returning campaigns for user {"user_id":85,"campaign_count":1,"statuses":["live"]} 
[2026-06-17 04:24:07] local.INFO: ParseBearerToken middleware invoked {"path":"/api/v2/campaign","method":"GET","has_auth_header":true,"auth_header_preview":"Bearer 204|PS2XA2ZlPwLiWXVxcT6...","is_bearer":true} 
[2026-06-17 04:24:07] local.INFO: Extracted bearer token {"token_preview":"204|PS2XA2...","token_length":52} 
[2026-06-17 04:24:07] local.INFO: Found personal access token {"token_id":204,"user_id":85,"revoked":null} 
[2026-06-17 04:24:07] local.INFO: User authenticated via bearer token {"user_id":85,"user_email":"fsdfsdf@gdfg.com"} 
[2026-06-17 04:24:07] local.INFO: Returning campaigns for user {"user_id":85,"campaign_count":1,"statuses":["live"]} 
[2026-06-17 04:24:08] local.INFO: ParseBearerToken middleware invoked {"path":"/api/v2/campaign","method":"GET","has_auth_header":true,"auth_header_preview":"Bearer 204|PS2XA2ZlPwLiWXVxcT6...","is_bearer":true} 
[2026-06-17 04:24:08] local.INFO: Extracted bearer token {"token_preview":"204|PS2XA2...","token_length":52} 
[2026-06-17 04:24:08] local.INFO: Found personal access token {"token_id":204,"user_id":85,"revoked":null} 
[2026-06-17 04:24:08] local.INFO: User authenticated via bearer token {"user_id":85,"user_email":"fsdfsdf@gdfg.com"} 
[2026-06-17 04:24:08] local.INFO: Returning campaigns for user {"user_id":85,"campaign_count":1,"statuses":["live"]} 
[2026-06-17 04:24:09] local.INFO: ParseBearerToken middleware invoked {"path":"/api/v2/campaign","method":"GET","has_auth_header":true,"auth_header_preview":"Bearer 204|PS2XA2ZlPwLiWXVxcT6...","is_bearer":true} 
[2026-06-17 04:24:09] local.INFO: Extracted bearer token {"token_preview":"204|PS2XA2...","token_length":52} 
[2026-06-17 04:24:09] local.INFO: Found personal access token {"token_id":204,"user_id":85,"revoked":null} 
[2026-06-17 04:24:09] local.INFO: User authenticated via bearer token {"user_id":85,"user_email":"fsdfsdf@gdfg.com"} 
[2026-06-17 04:24:09] local.INFO: Returning campaigns for user {"user_id":85,"campaign_count":1,"statuses":["live"]} 
[2026-06-17 04:24:10] local.INFO: ParseBearerToken middleware invoked {"path":"/api/v2/campaign","method":"GET","has_auth_header":true,"auth_header_preview":"Bearer 204|PS2XA2ZlPwLiWXVxcT6...","is_bearer":true} 
[2026-06-17 04:24:10] local.INFO: Extracted bearer token {"token_preview":"204|PS2XA2...","token_length":52} 
[2026-06-17 04:24:10] local.INFO: Found personal access token {"token_id":204,"user_id":85,"revoked":null} 
[2026-06-17 04:24:10] local.INFO: User authenticated via bearer token {"user_id":85,"user_email":"fsdfsdf@gdfg.com"} 
[2026-06-17 04:24:10] local.INFO: Returning campaigns for user {"user_id":85,"campaign_count":1,"statuses":["live"]} 
[2026-06-17 04:24:11] local.INFO: ParseBearerToken middleware invoked {"path":"/api/v2/campaign","method":"GET","has_auth_header":true,"auth_header_preview":"Bearer 204|PS2XA2ZlPwLiWXVxcT6...","is_bearer":true} 
[2026-06-17 04:24:11] local.INFO: Extracted bearer token {"token_preview":"204|PS2XA2...","token_length":52} 
[2026-06-17 04:24:11] local.INFO: Found personal access token {"token_id":204,"user_id":85,"revoked":null} 
[2026-06-17 04:24:11] local.INFO: User authenticated via bearer token {"user_id":85,"user_email":"fsdfsdf@gdfg.com"} 
[2026-06-17 04:24:11] local.INFO: Returning campaigns for user {"user_id":85,"campaign_count":1,"statuses":["live"]} 
[2026-06-17 04:24:12] local.INFO: ParseBearerToken middleware invoked {"path":"/api/v2/campaign","method":"GET","has_auth_header":true,"auth_header_preview":"Bearer 204|PS2XA2ZlPwLiWXVxcT6...","is_bearer":true} 
[2026-06-17 04:24:12] local.INFO: Extracted bearer token {"token_preview":"204|PS2XA2...","token_length":52} 
[2026-06-17 04:24:12] local.INFO: Found personal access token {"token_id":204,"user_id":85,"revoked":null} 
[2026-06-17 04:24:12] local.INFO: User authenticated via bearer token {"user_id":85,"user_email":"fsdfsdf@gdfg.com"} 
[2026-06-17 04:24:12] local.INFO: Returning campaigns for user {"user_id":85,"campaign_count":1,"statuses":["live"]} 
[2026-06-17 04:24:13] local.INFO: ParseBearerToken middleware invoked {"path":"/api/v2/campaign","method":"GET","has_auth_header":true,"auth_header_preview":"Bearer 204|PS2XA2ZlPwLiWXVxcT6...","is_bearer":true} 
[2026-06-17 04:24:13] local.INFO: Extracted bearer token {"token_preview":"204|PS2XA2...","token_length":52} 
[2026-06-17 04:24:13] local.INFO: Found personal access token {"token_id":204,"user_id":85,"revoked":null} 
[2026-06-17 04:24:13] local.INFO: User authenticated via bearer token {"user_id":85,"user_email":"fsdfsdf@gdfg.com"} 
[2026-06-17 04:24:13] local.INFO: Returning campaigns for user {"user_id":85,"campaign_count":1,"statuses":["live"]} 
[2026-06-17 04:24:14] local.INFO: ParseBearerToken middleware invoked {"path":"/api/v2/campaign","method":"GET","has_auth_header":true,"auth_header_preview":"Bearer 204|PS2XA2ZlPwLiWXVxcT6...","is_bearer":true} 
[2026-06-17 04:24:14] local.INFO: Extracted bearer token {"token_preview":"204|PS2XA2...","token_length":52} 
[2026-06-17 04:24:14] local.INFO: Found personal access token {"token_id":204,"user_id":85,"revoked":null} 
[2026-06-17 04:24:14] local.INFO: User authenticated via bearer token {"user_id":85,"user_email":"fsdfsdf@gdfg.com"} 
[2026-06-17 04:24:14] local.INFO: Returning campaigns for user {"user_id":85,"campaign_count":1,"statuses":["live"]} 
[2026-06-17 04:24:15] local.INFO: ParseBearerToken middleware invoked {"path":"/api/v2/campaign","method":"GET","has_auth_header":true,"auth_header_preview":"Bearer 204|PS2XA2ZlPwLiWXVxcT6...","is_bearer":true} 
[2026-06-17 04:24:15] local.INFO: Extracted bearer token {"token_preview":"204|PS2XA2...","token_length":52} 
[2026-06-17 04:24:15] local.INFO: Found personal access token {"token_id":204,"user_id":85,"revoked":null} 
[2026-06-17 04:24:15] local.INFO: User authenticated via bearer token {"user_id":85,"user_email":"fsdfsdf@gdfg.com"} 
[2026-06-17 04:24:15] local.INFO: Returning campaigns for user {"user_id":85,"campaign_count":1,"statuses":["live"]} 
[2026-06-17 04:24:15] local.INFO: ParseBearerToken middleware invoked {"path":"/api/v2/campaign","method":"GET","has_auth_header":true,"auth_header_preview":"Bearer 204|PS2XA2ZlPwLiWXVxcT6...","is_bearer":true} 
[2026-06-17 04:24:15] local.INFO: Extracted bearer token {"token_preview":"204|PS2XA2...","token_length":52} 
[2026-06-17 04:24:15] local.INFO: Found personal access token {"token_id":204,"user_id":85,"revoked":null} 
[2026-06-17 04:24:15] local.INFO: User authenticated via bearer token {"user_id":85,"user_email":"fsdfsdf@gdfg.com"} 
[2026-06-17 04:24:15] local.INFO: Returning campaigns for user {"user_id":85,"campaign_count":1,"statuses":["live"]} 
[2026-06-17 04:24:16] local.INFO: ParseBearerToken middleware invoked {"path":"/api/v2/campaign","method":"GET","has_auth_header":true,"auth_header_preview":"Bearer 204|PS2XA2ZlPwLiWXVxcT6...","is_bearer":true} 
[2026-06-17 04:24:16] local.INFO: Extracted bearer token {"token_preview":"204|PS2XA2...","token_length":52} 
[2026-06-17 04:24:16] local.INFO: Found personal access token {"token_id":204,"user_id":85,"revoked":null} 
[2026-06-17 04:24:16] local.INFO: User authenticated via bearer token {"user_id":85,"user_email":"fsdfsdf@gdfg.com"} 
[2026-06-17 04:24:16] local.INFO: Returning campaigns for user {"user_id":85,"campaign_count":1,"statuses":["live"]} 
[2026-06-17 04:24:17] local.INFO: ParseBearerToken middleware invoked {"path":"/api/v2/campaign","method":"GET","has_auth_header":true,"auth_header_preview":"Bearer 204|PS2XA2ZlPwLiWXVxcT6...","is_bearer":true} 
[2026-06-17 04:24:17] local.INFO: Extracted bearer token {"token_preview":"204|PS2XA2...","token_length":52} 
[2026-06-17 04:24:17] local.INFO: Found personal access token {"token_id":204,"user_id":85,"revoked":null} 
[2026-06-17 04:24:17] local.INFO: User authenticated via bearer token {"user_id":85,"user_email":"fsdfsdf@gdfg.com"} 
[2026-06-17 04:24:17] local.INFO: Returning campaigns for user {"user_id":85,"campaign_count":1,"statuses":["live"]} 
[2026-06-17 04:24:19] local.INFO: ParseBearerToken middleware invoked {"path":"/api/v2/campaign","method":"GET","has_auth_header":true,"auth_header_preview":"Bearer 204|PS2XA2ZlPwLiWXVxcT6...","is_bearer":true} 
[2026-06-17 04:24:19] local.INFO: Extracted bearer token {"token_preview":"204|PS2XA2...","token_length":52} 
[2026-06-17 04:24:19] local.INFO: Found personal access token {"token_id":204,"user_id":85,"revoked":null} 
[2026-06-17 04:24:19] local.INFO: User authenticated via bearer token {"user_id":85,"user_email":"fsdfsdf@gdfg.com"} 
[2026-06-17 04:24:19] local.INFO: Returning campaigns for user {"user_id":85,"campaign_count":1,"statuses":["live"]} 
[2026-06-17 04:24:20] local.INFO: ParseBearerToken middleware invoked {"path":"/api/v2/campaign","method":"GET","has_auth_header":true,"auth_header_preview":"Bearer 204|PS2XA2ZlPwLiWXVxcT6...","is_bearer":true} 
[2026-06-17 04:24:20] local.INFO: Extracted bearer token {"token_preview":"204|PS2XA2...","token_length":52} 
[2026-06-17 04:24:20] local.INFO: Found personal access token {"token_id":204,"user_id":85,"revoked":null} 
[2026-06-17 04:24:20] local.INFO: User authenticated via bearer token {"user_id":85,"user_email":"fsdfsdf@gdfg.com"} 
[2026-06-17 04:24:21] local.INFO: Returning campaigns for user {"user_id":85,"campaign_count":1,"statuses":["live"]} 
[2026-06-17 04:24:22] local.INFO: ParseBearerToken middleware invoked {"path":"/api/v2/campaign","method":"GET","has_auth_header":true,"auth_header_preview":"Bearer 204|PS2XA2ZlPwLiWXVxcT6...","is_bearer":true} 
[2026-06-17 04:24:22] local.INFO: Extracted bearer token {"token_preview":"204|PS2XA2...","token_length":52} 
[2026-06-17 04:24:22] local.INFO: Found personal access token {"token_id":204,"user_id":85,"revoked":null} 
[2026-06-17 04:24:22] local.INFO: User authenticated via bearer token {"user_id":85,"user_email":"fsdfsdf@gdfg.com"} 
[2026-06-17 04:24:22] local.INFO: Returning campaigns for user {"user_id":85,"campaign_count":1,"statuses":["live"]} 
[2026-06-17 04:24:23] local.INFO: ParseBearerToken middleware invoked {"path":"/api/v2/campaign","method":"GET","has_auth_header":true,"auth_header_preview":"Bearer 204|PS2XA2ZlPwLiWXVxcT6...","is_bearer":true} 
[2026-06-17 04:24:23] local.INFO: Extracted bearer token {"token_preview":"204|PS2XA2...","token_length":52} 
[2026-06-17 04:24:23] local.INFO: Found personal access token {"token_id":204,"user_id":85,"revoked":null} 
[2026-06-17 04:24:23] local.INFO: User authenticated via bearer token {"user_id":85,"user_email":"fsdfsdf@gdfg.com"} 
[2026-06-17 04:24:23] local.INFO: Returning campaigns for user {"user_id":85,"campaign_count":1,"statuses":["live"]} 
[2026-06-17 04:24:25] local.INFO: ParseBearerToken middleware invoked {"path":"/api/v2/campaign","method":"GET","has_auth_header":true,"auth_header_preview":"Bearer 204|PS2XA2ZlPwLiWXVxcT6...","is_bearer":true} 
[2026-06-17 04:24:25] local.INFO: Extracted bearer token {"token_preview":"204|PS2XA2...","token_length":52} 
[2026-06-17 04:24:25] local.INFO: Found personal access token {"token_id":204,"user_id":85,"revoked":null} 
[2026-06-17 04:24:25] local.INFO: User authenticated via bearer token {"user_id":85,"user_email":"fsdfsdf@gdfg.com"} 
[2026-06-17 04:24:25] local.INFO: Returning campaigns for user {"user_id":85,"campaign_count":1,"statuses":["live"]} 
[2026-06-17 04:24:27] local.INFO: ParseBearerToken middleware invoked {"path":"/api/v2/campaign","method":"GET","has_auth_header":true,"auth_header_preview":"Bearer 204|PS2XA2ZlPwLiWXVxcT6...","is_bearer":true} 
[2026-06-17 04:24:27] local.INFO: Extracted bearer token {"token_preview":"204|PS2XA2...","token_length":52} 
[2026-06-17 04:24:27] local.INFO: Found personal access token {"token_id":204,"user_id":85,"revoked":null} 
[2026-06-17 04:24:27] local.INFO: User authenticated via bearer token {"user_id":85,"user_email":"fsdfsdf@gdfg.com"} 
[2026-06-17 04:24:27] local.INFO: Returning campaigns for user {"user_id":85,"campaign_count":1,"statuses":["live"]} 
[2026-06-17 04:24:30] local.INFO: ParseBearerToken middleware invoked {"path":"/api/v2/campaign","method":"GET","has_auth_header":true,"auth_header_preview":"Bearer 204|PS2XA2ZlPwLiWXVxcT6...","is_bearer":true} 
[2026-06-17 04:24:30] local.INFO: Extracted bearer token {"token_preview":"204|PS2XA2...","token_length":52} 
[2026-06-17 04:24:30] local.INFO: Found personal access token {"token_id":204,"user_id":85,"revoked":null} 
[2026-06-17 04:24:30] local.INFO: User authenticated via bearer token {"user_id":85,"user_email":"fsdfsdf@gdfg.com"} 
[2026-06-17 04:24:30] local.INFO: Returning campaigns for user {"user_id":85,"campaign_count":1,"statuses":["live"]} 
[2026-06-17 04:24:43] local.INFO: ParseBearerToken middleware invoked {"path":"/api/v2/campaign","method":"GET","has_auth_header":true,"auth_header_preview":"Bearer 204|PS2XA2ZlPwLiWXVxcT6...","is_bearer":true} 
[2026-06-17 04:24:43] local.INFO: Extracted bearer token {"token_preview":"204|PS2XA2...","token_length":52} 
[2026-06-17 04:24:43] local.INFO: Found personal access token {"token_id":204,"user_id":85,"revoked":null} 
[2026-06-17 04:24:43] local.INFO: User authenticated via bearer token {"user_id":85,"user_email":"fsdfsdf@gdfg.com"} 
[2026-06-17 04:24:43] local.INFO: Returning campaigns for user {"user_id":85,"campaign_count":1,"statuses":["live"]} 
[2026-06-17 04:24:44] local.INFO: ParseBearerToken middleware invoked {"path":"/api/v2/campaign","method":"GET","has_auth_header":true,"auth_header_preview":"Bearer 204|PS2XA2ZlPwLiWXVxcT6...","is_bearer":true} 
[2026-06-17 04:24:44] local.INFO: Extracted bearer token {"token_preview":"204|PS2XA2...","token_length":52} 
[2026-06-17 04:24:44] local.INFO: Found personal access token {"token_id":204,"user_id":85,"revoked":null} 
[2026-06-17 04:24:44] local.INFO: User authenticated via bearer token {"user_id":85,"user_email":"fsdfsdf@gdfg.com"} 
[2026-06-17 04:24:44] local.INFO: Returning campaigns for user {"user_id":85,"campaign_count":1,"statuses":["live"]} 
[2026-06-17 04:24:44] local.INFO: ParseBearerToken middleware invoked {"path":"/api/v2/campaign","method":"GET","has_auth_header":true,"auth_header_preview":"Bearer 204|PS2XA2ZlPwLiWXVxcT6...","is_bearer":true} 
[2026-06-17 04:24:44] local.INFO: Extracted bearer token {"token_preview":"204|PS2XA2...","token_length":52} 
[2026-06-17 04:24:44] local.INFO: Found personal access token {"token_id":204,"user_id":85,"revoked":null} 
[2026-06-17 04:24:44] local.INFO: User authenticated via bearer token {"user_id":85,"user_email":"fsdfsdf@gdfg.com"} 
[2026-06-17 04:24:44] local.INFO: Returning campaigns for user {"user_id":85,"campaign_count":1,"statuses":["live"]} 
[2026-06-17 04:24:45] local.INFO: ParseBearerToken middleware invoked {"path":"/api/v2/campaign","method":"GET","has_auth_header":true,"auth_header_preview":"Bearer 204|PS2XA2ZlPwLiWXVxcT6...","is_bearer":true} 
[2026-06-17 04:24:45] local.INFO: Extracted bearer token {"token_preview":"204|PS2XA2...","token_length":52} 
[2026-06-17 04:24:45] local.INFO: Found personal access token {"token_id":204,"user_id":85,"revoked":null} 
[2026-06-17 04:24:45] local.INFO: User authenticated via bearer token {"user_id":85,"user_email":"fsdfsdf@gdfg.com"} 
[2026-06-17 04:24:45] local.INFO: Returning campaigns for user {"user_id":85,"campaign_count":1,"statuses":["live"]} 
[2026-06-17 04:24:45] local.INFO: ParseBearerToken middleware invoked {"path":"/api/v2/campaign","method":"GET","has_auth_header":true,"auth_header_preview":"Bearer 204|PS2XA2ZlPwLiWXVxcT6...","is_bearer":true} 
[2026-06-17 04:24:45] local.INFO: Extracted bearer token {"token_preview":"204|PS2XA2...","token_length":52} 
[2026-06-17 04:24:45] local.INFO: Found personal access token {"token_id":204,"user_id":85,"revoked":null} 
[2026-06-17 04:24:45] local.INFO: User authenticated via bearer token {"user_id":85,"user_email":"fsdfsdf@gdfg.com"} 
[2026-06-17 04:24:45] local.INFO: Returning campaigns for user {"user_id":85,"campaign_count":1,"statuses":["live"]} 
[2026-06-17 04:24:46] local.INFO: ParseBearerToken middleware invoked {"path":"/api/v2/campaign","method":"GET","has_auth_header":true,"auth_header_preview":"Bearer 204|PS2XA2ZlPwLiWXVxcT6...","is_bearer":true} 
[2026-06-17 04:24:46] local.INFO: Extracted bearer token {"token_preview":"204|PS2XA2...","token_length":52} 
[2026-06-17 04:24:46] local.INFO: Found personal access token {"token_id":204,"user_id":85,"revoked":null} 
[2026-06-17 04:24:46] local.INFO: User authenticated via bearer token {"user_id":85,"user_email":"fsdfsdf@gdfg.com"} 
[2026-06-17 04:24:46] local.INFO: Returning campaigns for user {"user_id":85,"campaign_count":1,"statuses":["live"]} 
[2026-06-17 04:24:47] local.INFO: ParseBearerToken middleware invoked {"path":"/api/v2/campaign","method":"GET","has_auth_header":true,"auth_header_preview":"Bearer 204|PS2XA2ZlPwLiWXVxcT6...","is_bearer":true} 
[2026-06-17 04:24:47] local.INFO: Extracted bearer token {"token_preview":"204|PS2XA2...","token_length":52} 
[2026-06-17 04:24:47] local.INFO: Found personal access token {"token_id":204,"user_id":85,"revoked":null} 
[2026-06-17 04:24:47] local.INFO: User authenticated via bearer token {"user_id":85,"user_email":"fsdfsdf@gdfg.com"} 
[2026-06-17 04:24:47] local.INFO: Returning campaigns for user {"user_id":85,"campaign_count":1,"statuses":["live"]} 
[2026-06-17 04:24:48] local.INFO: ParseBearerToken middleware invoked {"path":"/api/v2/campaign","method":"GET","has_auth_header":true,"auth_header_preview":"Bearer 204|PS2XA2ZlPwLiWXVxcT6...","is_bearer":true} 
[2026-06-17 04:24:48] local.INFO: Extracted bearer token {"token_preview":"204|PS2XA2...","token_length":52} 
[2026-06-17 04:24:48] local.INFO: Found personal access token {"token_id":204,"user_id":85,"revoked":null} 
[2026-06-17 04:24:48] local.INFO: User authenticated via bearer token {"user_id":85,"user_email":"fsdfsdf@gdfg.com"} 
[2026-06-17 04:24:48] local.INFO: Returning campaigns for user {"user_id":85,"campaign_count":1,"statuses":["live"]} 
[2026-06-17 04:24:49] local.INFO: ParseBearerToken middleware invoked {"path":"/api/v2/campaign","method":"GET","has_auth_header":true,"auth_header_preview":"Bearer 204|PS2XA2ZlPwLiWXVxcT6...","is_bearer":true} 
[2026-06-17 04:24:49] local.INFO: Extracted bearer token {"token_preview":"204|PS2XA2...","token_length":52} 
[2026-06-17 04:24:49] local.INFO: Found personal access token {"token_id":204,"user_id":85,"revoked":null} 
[2026-06-17 04:24:49] local.INFO: User authenticated via bearer token {"user_id":85,"user_email":"fsdfsdf@gdfg.com"} 
[2026-06-17 04:24:49] local.INFO: Returning campaigns for user {"user_id":85,"campaign_count":1,"statuses":["live"]} 
[2026-06-17 04:24:49] local.INFO: ParseBearerToken middleware invoked {"path":"/api/v2/campaign","method":"GET","has_auth_header":true,"auth_header_preview":"Bearer 204|PS2XA2ZlPwLiWXVxcT6...","is_bearer":true} 
[2026-06-17 04:24:49] local.INFO: Extracted bearer token {"token_preview":"204|PS2XA2...","token_length":52} 
[2026-06-17 04:24:49] local.INFO: Found personal access token {"token_id":204,"user_id":85,"revoked":null} 
[2026-06-17 04:24:49] local.INFO: User authenticated via bearer token {"user_id":85,"user_email":"fsdfsdf@gdfg.com"} 
[2026-06-17 04:24:49] local.INFO: Returning campaigns for user {"user_id":85,"campaign_count":1,"statuses":["live"]} 
[2026-06-17 04:24:50] local.INFO: ParseBearerToken middleware invoked {"path":"/api/v2/campaign","method":"GET","has_auth_header":true,"auth_header_preview":"Bearer 204|PS2XA2ZlPwLiWXVxcT6...","is_bearer":true} 
[2026-06-17 04:24:50] local.INFO: Extracted bearer token {"token_preview":"204|PS2XA2...","token_length":52} 
[2026-06-17 04:24:50] local.INFO: Found personal access token {"token_id":204,"user_id":85,"revoked":null} 
[2026-06-17 04:24:50] local.INFO: User authenticated via bearer token {"user_id":85,"user_email":"fsdfsdf@gdfg.com"} 
[2026-06-17 04:24:50] local.INFO: Returning campaigns for user {"user_id":85,"campaign_count":1,"statuses":["live"]} 
[2026-06-17 04:24:50] local.INFO: ParseBearerToken middleware invoked {"path":"/api/v2/campaign","method":"GET","has_auth_header":true,"auth_header_preview":"Bearer 204|PS2XA2ZlPwLiWXVxcT6...","is_bearer":true} 
[2026-06-17 04:24:50] local.INFO: Extracted bearer token {"token_preview":"204|PS2XA2...","token_length":52} 
[2026-06-17 04:24:50] local.INFO: Found personal access token {"token_id":204,"user_id":85,"revoked":null} 
[2026-06-17 04:24:50] local.INFO: User authenticated via bearer token {"user_id":85,"user_email":"fsdfsdf@gdfg.com"} 
[2026-06-17 04:24:50] local.INFO: Returning campaigns for user {"user_id":85,"campaign_count":1,"statuses":["live"]} 
[2026-06-17 04:24:51] local.INFO: ParseBearerToken middleware invoked {"path":"/api/v2/campaign","method":"GET","has_auth_header":true,"auth_header_preview":"Bearer 204|PS2XA2ZlPwLiWXVxcT6...","is_bearer":true} 
[2026-06-17 04:24:51] local.INFO: Extracted bearer token {"token_preview":"204|PS2XA2...","token_length":52} 
[2026-06-17 04:24:51] local.INFO: Found personal access token {"token_id":204,"user_id":85,"revoked":null} 
[2026-06-17 04:24:51] local.INFO: User authenticated via bearer token {"user_id":85,"user_email":"fsdfsdf@gdfg.com"} 
[2026-06-17 04:24:51] local.INFO: Returning campaigns for user {"user_id":85,"campaign_count":1,"statuses":["live"]} 
[2026-06-17 04:24:51] local.INFO: ParseBearerToken middleware invoked {"path":"/api/v2/campaign","method":"GET","has_auth_header":true,"auth_header_preview":"Bearer 204|PS2XA2ZlPwLiWXVxcT6...","is_bearer":true} 
[2026-06-17 04:24:51] local.INFO: Extracted bearer token {"token_preview":"204|PS2XA2...","token_length":52} 
[2026-06-17 04:24:51] local.INFO: Found personal access token {"token_id":204,"user_id":85,"revoked":null} 
[2026-06-17 04:24:51] local.INFO: User authenticated via bearer token {"user_id":85,"user_email":"fsdfsdf@gdfg.com"} 
[2026-06-17 04:24:51] local.INFO: Returning campaigns for user {"user_id":85,"campaign_count":1,"statuses":["live"]} 
[2026-06-17 04:24:52] local.INFO: ParseBearerToken middleware invoked {"path":"/api/v2/campaign","method":"GET","has_auth_header":true,"auth_header_preview":"Bearer 204|PS2XA2ZlPwLiWXVxcT6...","is_bearer":true} 
[2026-06-17 04:24:52] local.INFO: Extracted bearer token {"token_preview":"204|PS2XA2...","token_length":52} 
[2026-06-17 04:24:52] local.INFO: Found personal access token {"token_id":204,"user_id":85,"revoked":null} 
[2026-06-17 04:24:52] local.INFO: User authenticated via bearer token {"user_id":85,"user_email":"fsdfsdf@gdfg.com"} 
[2026-06-17 04:24:52] local.INFO: Returning campaigns for user {"user_id":85,"campaign_count":1,"statuses":["live"]} 
[2026-06-17 04:24:53] local.INFO: ParseBearerToken middleware invoked {"path":"/api/v2/campaign","method":"GET","has_auth_header":true,"auth_header_preview":"Bearer 204|PS2XA2ZlPwLiWXVxcT6...","is_bearer":true} 
[2026-06-17 04:24:53] local.INFO: Extracted bearer token {"token_preview":"204|PS2XA2...","token_length":52} 
[2026-06-17 04:24:53] local.INFO: Found personal access token {"token_id":204,"user_id":85,"revoked":null} 
[2026-06-17 04:24:53] local.INFO: User authenticated via bearer token {"user_id":85,"user_email":"fsdfsdf@gdfg.com"} 
[2026-06-17 04:24:53] local.INFO: Returning campaigns for user {"user_id":85,"campaign_count":1,"statuses":["live"]} 
[2026-06-17 04:24:54] local.INFO: ParseBearerToken middleware invoked {"path":"/api/v2/campaign","method":"GET","has_auth_header":true,"auth_header_preview":"Bearer 204|PS2XA2ZlPwLiWXVxcT6...","is_bearer":true} 
[2026-06-17 04:24:54] local.INFO: Extracted bearer token {"token_preview":"204|PS2XA2...","token_length":52} 
[2026-06-17 04:24:54] local.INFO: Found personal access token {"token_id":204,"user_id":85,"revoked":null} 
[2026-06-17 04:24:54] local.INFO: User authenticated via bearer token {"user_id":85,"user_email":"fsdfsdf@gdfg.com"} 
[2026-06-17 04:24:54] local.INFO: Returning campaigns for user {"user_id":85,"campaign_count":1,"statuses":["live"]} 
[2026-06-17 04:24:54] local.INFO: ParseBearerToken middleware invoked {"path":"/api/v2/campaign","method":"GET","has_auth_header":true,"auth_header_preview":"Bearer 204|PS2XA2ZlPwLiWXVxcT6...","is_bearer":true} 
[2026-06-17 04:24:54] local.INFO: Extracted bearer token {"token_preview":"204|PS2XA2...","token_length":52} 
[2026-06-17 04:24:54] local.INFO: Found personal access token {"token_id":204,"user_id":85,"revoked":null} 
[2026-06-17 04:24:54] local.INFO: User authenticated via bearer token {"user_id":85,"user_email":"fsdfsdf@gdfg.com"} 
[2026-06-17 04:24:54] local.INFO: Returning campaigns for user {"user_id":85,"campaign_count":1,"statuses":["live"]} 
[2026-06-17 04:24:55] local.INFO: ParseBearerToken middleware invoked {"path":"/api/v2/campaign","method":"GET","has_auth_header":true,"auth_header_preview":"Bearer 204|PS2XA2ZlPwLiWXVxcT6...","is_bearer":true} 
[2026-06-17 04:24:55] local.INFO: Extracted bearer token {"token_preview":"204|PS2XA2...","token_length":52} 
[2026-06-17 04:24:55] local.INFO: Found personal access token {"token_id":204,"user_id":85,"revoked":null} 
[2026-06-17 04:24:55] local.INFO: User authenticated via bearer token {"user_id":85,"user_email":"fsdfsdf@gdfg.com"} 
[2026-06-17 04:24:55] local.INFO: Returning campaigns for user {"user_id":85,"campaign_count":1,"statuses":["live"]} 
[2026-06-17 04:24:55] local.INFO: ParseBearerToken middleware invoked {"path":"/api/v2/campaign","method":"GET","has_auth_header":true,"auth_header_preview":"Bearer 204|PS2XA2ZlPwLiWXVxcT6...","is_bearer":true} 
[2026-06-17 04:24:55] local.INFO: Extracted bearer token {"token_preview":"204|PS2XA2...","token_length":52} 
[2026-06-17 04:24:55] local.INFO: Found personal access token {"token_id":204,"user_id":85,"revoked":null} 
[2026-06-17 04:24:55] local.INFO: User authenticated via bearer token {"user_id":85,"user_email":"fsdfsdf@gdfg.com"} 
[2026-06-17 04:24:55] local.INFO: Returning campaigns for user {"user_id":85,"campaign_count":1,"statuses":["live"]} 
[2026-06-17 04:24:56] local.INFO: ParseBearerToken middleware invoked {"path":"/api/v2/campaign","method":"GET","has_auth_header":true,"auth_header_preview":"Bearer 204|PS2XA2ZlPwLiWXVxcT6...","is_bearer":true} 
[2026-06-17 04:24:56] local.INFO: Extracted bearer token {"token_preview":"204|PS2XA2...","token_length":52} 
[2026-06-17 04:24:56] local.INFO: Found personal access token {"token_id":204,"user_id":85,"revoked":null} 
[2026-06-17 04:24:56] local.INFO: User authenticated via bearer token {"user_id":85,"user_email":"fsdfsdf@gdfg.com"} 
[2026-06-17 04:24:56] local.INFO: Returning campaigns for user {"user_id":85,"campaign_count":1,"statuses":["live"]} 
[2026-06-17 04:24:56] local.INFO: ParseBearerToken middleware invoked {"path":"/api/v2/campaign","method":"GET","has_auth_header":true,"auth_header_preview":"Bearer 204|PS2XA2ZlPwLiWXVxcT6...","is_bearer":true} 
[2026-06-17 04:24:56] local.INFO: Extracted bearer token {"token_preview":"204|PS2XA2...","token_length":52} 
[2026-06-17 04:24:56] local.INFO: Found personal access token {"token_id":204,"user_id":85,"revoked":null} 
[2026-06-17 04:24:56] local.INFO: User authenticated via bearer token {"user_id":85,"user_email":"fsdfsdf@gdfg.com"} 
[2026-06-17 04:24:56] local.INFO: Returning campaigns for user {"user_id":85,"campaign_count":1,"statuses":["live"]} 
[2026-06-17 04:24:57] local.INFO: ParseBearerToken middleware invoked {"path":"/api/v2/campaign","method":"GET","has_auth_header":true,"auth_header_preview":"Bearer 204|PS2XA2ZlPwLiWXVxcT6...","is_bearer":true} 
[2026-06-17 04:24:57] local.INFO: Extracted bearer token {"token_preview":"204|PS2XA2...","token_length":52} 
[2026-06-17 04:24:57] local.INFO: Found personal access token {"token_id":204,"user_id":85,"revoked":null} 
[2026-06-17 04:24:57] local.INFO: User authenticated via bearer token {"user_id":85,"user_email":"fsdfsdf@gdfg.com"} 
[2026-06-17 04:24:57] local.INFO: Returning campaigns for user {"user_id":85,"campaign_count":1,"statuses":["live"]} 
[2026-06-17 04:24:58] local.INFO: ParseBearerToken middleware invoked {"path":"/api/v2/campaign","method":"GET","has_auth_header":true,"auth_header_preview":"Bearer 204|PS2XA2ZlPwLiWXVxcT6...","is_bearer":true} 
[2026-06-17 04:24:58] local.INFO: Extracted bearer token {"token_preview":"204|PS2XA2...","token_length":52} 
[2026-06-17 04:24:58] local.INFO: Found personal access token {"token_id":204,"user_id":85,"revoked":null} 
[2026-06-17 04:24:58] local.INFO: User authenticated via bearer token {"user_id":85,"user_email":"fsdfsdf@gdfg.com"} 
[2026-06-17 04:24:58] local.INFO: Returning campaigns for user {"user_id":85,"campaign_count":1,"statuses":["live"]} 
[2026-06-17 04:24:59] local.INFO: ParseBearerToken middleware invoked {"path":"/api/v2/campaign","method":"GET","has_auth_header":true,"auth_header_preview":"Bearer 204|PS2XA2ZlPwLiWXVxcT6...","is_bearer":true} 
[2026-06-17 04:24:59] local.INFO: Extracted bearer token {"token_preview":"204|PS2XA2...","token_length":52} 
[2026-06-17 04:24:59] local.INFO: Found personal access token {"token_id":204,"user_id":85,"revoked":null} 
[2026-06-17 04:24:59] local.INFO: User authenticated via bearer token {"user_id":85,"user_email":"fsdfsdf@gdfg.com"} 
[2026-06-17 04:24:59] local.INFO: Returning campaigns for user {"user_id":85,"campaign_count":1,"statuses":["live"]} 
[2026-06-17 04:25:00] local.INFO: ParseBearerToken middleware invoked {"path":"/api/v2/campaign","method":"GET","has_auth_header":true,"auth_header_preview":"Bearer 204|PS2XA2ZlPwLiWXVxcT6...","is_bearer":true} 
[2026-06-17 04:25:00] local.INFO: Extracted bearer token {"token_preview":"204|PS2XA2...","token_length":52} 
[2026-06-17 04:25:00] local.INFO: Found personal access token {"token_id":204,"user_id":85,"revoked":null} 
[2026-06-17 04:25:00] local.INFO: User authenticated via bearer token {"user_id":85,"user_email":"fsdfsdf@gdfg.com"} 
[2026-06-17 04:25:00] local.INFO: Returning campaigns for user {"user_id":85,"campaign_count":1,"statuses":["live"]} 
[2026-06-17 04:25:02] local.INFO: ParseBearerToken middleware invoked {"path":"/api/v2/campaign","method":"GET","has_auth_header":true,"auth_header_preview":"Bearer 204|PS2XA2ZlPwLiWXVxcT6...","is_bearer":true} 
[2026-06-17 04:25:02] local.INFO: Extracted bearer token {"token_preview":"204|PS2XA2...","token_length":52} 
[2026-06-17 04:25:02] local.INFO: Found personal access token {"token_id":204,"user_id":85,"revoked":null} 
[2026-06-17 04:25:02] local.INFO: User authenticated via bearer token {"user_id":85,"user_email":"fsdfsdf@gdfg.com"} 
[2026-06-17 04:25:02] local.INFO: Returning campaigns for user {"user_id":85,"campaign_count":1,"statuses":["live"]} 
[2026-06-17 04:25:02] local.INFO: ParseBearerToken middleware invoked {"path":"/api/v2/campaign","method":"GET","has_auth_header":true,"auth_header_preview":"Bearer 204|PS2XA2ZlPwLiWXVxcT6...","is_bearer":true} 
[2026-06-17 04:25:02] local.INFO: Extracted bearer token {"token_preview":"204|PS2XA2...","token_length":52} 
[2026-06-17 04:25:02] local.INFO: Found personal access token {"token_id":204,"user_id":85,"revoked":null} 
[2026-06-17 04:25:02] local.INFO: User authenticated via bearer token {"user_id":85,"user_email":"fsdfsdf@gdfg.com"} 
[2026-06-17 04:25:02] local.INFO: Returning campaigns for user {"user_id":85,"campaign_count":1,"statuses":["live"]} 
[2026-06-17 04:25:03] local.INFO: ParseBearerToken middleware invoked {"path":"/api/v2/campaign","method":"GET","has_auth_header":true,"auth_header_preview":"Bearer 204|PS2XA2ZlPwLiWXVxcT6...","is_bearer":true} 
[2026-06-17 04:25:03] local.INFO: Extracted bearer token {"token_preview":"204|PS2XA2...","token_length":52} 
[2026-06-17 04:25:03] local.INFO: Found personal access token {"token_id":204,"user_id":85,"revoked":null} 
[2026-06-17 04:25:03] local.INFO: User authenticated via bearer token {"user_id":85,"user_email":"fsdfsdf@gdfg.com"} 
[2026-06-17 04:25:03] local.INFO: Returning campaigns for user {"user_id":85,"campaign_count":1,"statuses":["live"]} 
[2026-06-17 04:25:04] local.INFO: ParseBearerToken middleware invoked {"path":"/api/v2/campaign","method":"GET","has_auth_header":true,"auth_header_preview":"Bearer 204|PS2XA2ZlPwLiWXVxcT6...","is_bearer":true} 
[2026-06-17 04:25:04] local.INFO: Extracted bearer token {"token_preview":"204|PS2XA2...","token_length":52} 
[2026-06-17 04:25:04] local.INFO: Found personal access token {"token_id":204,"user_id":85,"revoked":null} 
[2026-06-17 04:25:04] local.INFO: User authenticated via bearer token {"user_id":85,"user_email":"fsdfsdf@gdfg.com"} 
[2026-06-17 04:25:04] local.INFO: Returning campaigns for user {"user_id":85,"campaign_count":1,"statuses":["live"]} 
[2026-06-17 04:25:05] local.INFO: ParseBearerToken middleware invoked {"path":"/api/v2/campaign","method":"GET","has_auth_header":true,"auth_header_preview":"Bearer 204|PS2XA2ZlPwLiWXVxcT6...","is_bearer":true} 
[2026-06-17 04:25:05] local.INFO: Extracted bearer token {"token_preview":"204|PS2XA2...","token_length":52} 
[2026-06-17 04:25:05] local.INFO: Found personal access token {"token_id":204,"user_id":85,"revoked":null} 
[2026-06-17 04:25:05] local.INFO: User authenticated via bearer token {"user_id":85,"user_email":"fsdfsdf@gdfg.com"} 
[2026-06-17 04:25:05] local.INFO: Returning campaigns for user {"user_id":85,"campaign_count":1,"statuses":["live"]} 
[2026-06-17 04:25:06] local.INFO: ParseBearerToken middleware invoked {"path":"/api/v2/campaign","method":"GET","has_auth_header":true,"auth_header_preview":"Bearer 204|PS2XA2ZlPwLiWXVxcT6...","is_bearer":true} 
[2026-06-17 04:25:06] local.INFO: Extracted bearer token {"token_preview":"204|PS2XA2...","token_length":52} 
[2026-06-17 04:25:06] local.INFO: Found personal access token {"token_id":204,"user_id":85,"revoked":null} 
[2026-06-17 04:25:06] local.INFO: User authenticated via bearer token {"user_id":85,"user_email":"fsdfsdf@gdfg.com"} 
[2026-06-17 04:25:06] local.INFO: Returning campaigns for user {"user_id":85,"campaign_count":1,"statuses":["live"]} 
[2026-06-17 04:25:06] local.INFO: ParseBearerToken middleware invoked {"path":"/api/v2/campaign","method":"GET","has_auth_header":true,"auth_header_preview":"Bearer 204|PS2XA2ZlPwLiWXVxcT6...","is_bearer":true} 
[2026-06-17 04:25:06] local.INFO: Extracted bearer token {"token_preview":"204|PS2XA2...","token_length":52} 
[2026-06-17 04:25:06] local.INFO: Found personal access token {"token_id":204,"user_id":85,"revoked":null} 
[2026-06-17 04:25:06] local.INFO: User authenticated via bearer token {"user_id":85,"user_email":"fsdfsdf@gdfg.com"} 
[2026-06-17 04:25:06] local.INFO: Returning campaigns for user {"user_id":85,"campaign_count":1,"statuses":["live"]} 
[2026-06-17 04:25:08] local.INFO: ParseBearerToken middleware invoked {"path":"/api/v2/campaign","method":"GET","has_auth_header":true,"auth_header_preview":"Bearer 204|PS2XA2ZlPwLiWXVxcT6...","is_bearer":true} 
[2026-06-17 04:25:08] local.INFO: Extracted bearer token {"token_preview":"204|PS2XA2...","token_length":52} 
[2026-06-17 04:25:08] local.INFO: Found personal access token {"token_id":204,"user_id":85,"revoked":null} 
[2026-06-17 04:25:08] local.INFO: User authenticated via bearer token {"user_id":85,"user_email":"fsdfsdf@gdfg.com"} 
[2026-06-17 04:25:08] local.INFO: Returning campaigns for user {"user_id":85,"campaign_count":1,"statuses":["live"]} 
[2026-06-17 04:25:08] local.INFO: ParseBearerToken middleware invoked {"path":"/api/v2/campaign","method":"GET","has_auth_header":true,"auth_header_preview":"Bearer 204|PS2XA2ZlPwLiWXVxcT6...","is_bearer":true} 
[2026-06-17 04:25:08] local.INFO: Extracted bearer token {"token_preview":"204|PS2XA2...","token_length":52} 
[2026-06-17 04:25:08] local.INFO: Found personal access token {"token_id":204,"user_id":85,"revoked":null} 
[2026-06-17 04:25:08] local.INFO: User authenticated via bearer token {"user_id":85,"user_email":"fsdfsdf@gdfg.com"} 
[2026-06-17 04:25:08] local.INFO: Returning campaigns for user {"user_id":85,"campaign_count":1,"statuses":["live"]} 
[2026-06-17 04:25:09] local.INFO: ParseBearerToken middleware invoked {"path":"/api/v2/campaign","method":"GET","has_auth_header":true,"auth_header_preview":"Bearer 204|PS2XA2ZlPwLiWXVxcT6...","is_bearer":true} 
[2026-06-17 04:25:09] local.INFO: Extracted bearer token {"token_preview":"204|PS2XA2...","token_length":52} 
[2026-06-17 04:25:09] local.INFO: Found personal access token {"token_id":204,"user_id":85,"revoked":null} 
[2026-06-17 04:25:09] local.INFO: User authenticated via bearer token {"user_id":85,"user_email":"fsdfsdf@gdfg.com"} 
[2026-06-17 04:25:09] local.INFO: Returning campaigns for user {"user_id":85,"campaign_count":1,"statuses":["live"]} 
[2026-06-17 04:25:10] local.INFO: ParseBearerToken middleware invoked {"path":"/api/v2/campaign","method":"GET","has_auth_header":true,"auth_header_preview":"Bearer 204|PS2XA2ZlPwLiWXVxcT6...","is_bearer":true} 
[2026-06-17 04:25:10] local.INFO: Extracted bearer token {"token_preview":"204|PS2XA2...","token_length":52} 
[2026-06-17 04:25:10] local.INFO: Found personal access token {"token_id":204,"user_id":85,"revoked":null} 
[2026-06-17 04:25:10] local.INFO: User authenticated via bearer token {"user_id":85,"user_email":"fsdfsdf@gdfg.com"} 
[2026-06-17 04:25:10] local.INFO: Returning campaigns for user {"user_id":85,"campaign_count":1,"statuses":["live"]} 
[2026-06-17 04:25:10] local.INFO: ParseBearerToken middleware invoked {"path":"/api/v2/campaign","method":"GET","has_auth_header":true,"auth_header_preview":"Bearer 204|PS2XA2ZlPwLiWXVxcT6...","is_bearer":true} 
[2026-06-17 04:25:10] local.INFO: Extracted bearer token {"token_preview":"204|PS2XA2...","token_length":52} 
[2026-06-17 04:25:10] local.INFO: Found personal access token {"token_id":204,"user_id":85,"revoked":null} 
[2026-06-17 04:25:10] local.INFO: User authenticated via bearer token {"user_id":85,"user_email":"fsdfsdf@gdfg.com"} 
[2026-06-17 04:25:10] local.INFO: Returning campaigns for user {"user_id":85,"campaign_count":1,"statuses":["live"]} 
[2026-06-17 04:25:11] local.INFO: ParseBearerToken middleware invoked {"path":"/api/v2/campaign","method":"GET","has_auth_header":true,"auth_header_preview":"Bearer 204|PS2XA2ZlPwLiWXVxcT6...","is_bearer":true} 
[2026-06-17 04:25:11] local.INFO: Extracted bearer token {"token_preview":"204|PS2XA2...","token_length":52} 
[2026-06-17 04:25:11] local.INFO: Found personal access token {"token_id":204,"user_id":85,"revoked":null} 
[2026-06-17 04:25:11] local.INFO: User authenticated via bearer token {"user_id":85,"user_email":"fsdfsdf@gdfg.com"} 
[2026-06-17 04:25:11] local.INFO: Returning campaigns for user {"user_id":85,"campaign_count":1,"statuses":["live"]} 
[2026-06-17 04:25:11] local.INFO: ParseBearerToken middleware invoked {"path":"/api/v2/campaign","method":"GET","has_auth_header":true,"auth_header_preview":"Bearer 204|PS2XA2ZlPwLiWXVxcT6...","is_bearer":true} 
[2026-06-17 04:25:11] local.INFO: Extracted bearer token {"token_preview":"204|PS2XA2...","token_length":52} 
[2026-06-17 04:25:11] local.INFO: Found personal access token {"token_id":204,"user_id":85,"revoked":null} 
[2026-06-17 04:25:11] local.INFO: User authenticated via bearer token {"user_id":85,"user_email":"fsdfsdf@gdfg.com"} 
[2026-06-17 04:25:11] local.INFO: Returning campaigns for user {"user_id":85,"campaign_count":1,"statuses":["live"]} 
[2026-06-17 04:25:12] local.INFO: ParseBearerToken middleware invoked {"path":"/api/v2/campaign","method":"GET","has_auth_header":true,"auth_header_preview":"Bearer 204|PS2XA2ZlPwLiWXVxcT6...","is_bearer":true} 
[2026-06-17 04:25:12] local.INFO: Extracted bearer token {"token_preview":"204|PS2XA2...","token_length":52} 
[2026-06-17 04:25:12] local.INFO: Found personal access token {"token_id":204,"user_id":85,"revoked":null} 
[2026-06-17 04:25:12] local.INFO: User authenticated via bearer token {"user_id":85,"user_email":"fsdfsdf@gdfg.com"} 
[2026-06-17 04:25:12] local.INFO: Returning campaigns for user {"user_id":85,"campaign_count":1,"statuses":["live"]} 
[2026-06-17 04:25:13] local.INFO: ParseBearerToken middleware invoked {"path":"/api/v2/campaign","method":"GET","has_auth_header":true,"auth_header_preview":"Bearer 204|PS2XA2ZlPwLiWXVxcT6...","is_bearer":true} 
[2026-06-17 04:25:13] local.INFO: Extracted bearer token {"token_preview":"204|PS2XA2...","token_length":52} 
[2026-06-17 04:25:13] local.INFO: Found personal access token {"token_id":204,"user_id":85,"revoked":null} 
[2026-06-17 04:25:13] local.INFO: User authenticated via bearer token {"user_id":85,"user_email":"fsdfsdf@gdfg.com"} 
[2026-06-17 04:25:13] local.INFO: Returning campaigns for user {"user_id":85,"campaign_count":1,"statuses":["live"]} 
[2026-06-17 04:25:14] local.INFO: ParseBearerToken middleware invoked {"path":"/api/v2/campaign","method":"GET","has_auth_header":true,"auth_header_preview":"Bearer 204|PS2XA2ZlPwLiWXVxcT6...","is_bearer":true} 
[2026-06-17 04:25:14] local.INFO: Extracted bearer token {"token_preview":"204|PS2XA2...","token_length":52} 
[2026-06-17 04:25:14] local.INFO: Found personal access token {"token_id":204,"user_id":85,"revoked":null} 
[2026-06-17 04:25:14] local.INFO: User authenticated via bearer token {"user_id":85,"user_email":"fsdfsdf@gdfg.com"} 
[2026-06-17 04:25:14] local.INFO: Returning campaigns for user {"user_id":85,"campaign_count":1,"statuses":["live"]} 
[2026-06-17 04:25:15] local.INFO: ParseBearerToken middleware invoked {"path":"/api/v2/campaign","method":"GET","has_auth_header":true,"auth_header_preview":"Bearer 204|PS2XA2ZlPwLiWXVxcT6...","is_bearer":true} 
[2026-06-17 04:25:15] local.INFO: Extracted bearer token {"token_preview":"204|PS2XA2...","token_length":52} 
[2026-06-17 04:25:15] local.INFO: Found personal access token {"token_id":204,"user_id":85,"revoked":null} 
[2026-06-17 04:25:15] local.INFO: User authenticated via bearer token {"user_id":85,"user_email":"fsdfsdf@gdfg.com"} 
[2026-06-17 04:25:15] local.INFO: Returning campaigns for user {"user_id":85,"campaign_count":1,"statuses":["live"]} 
[2026-06-17 04:25:16] local.INFO: ParseBearerToken middleware invoked {"path":"/api/v2/campaign","method":"GET","has_auth_header":true,"auth_header_preview":"Bearer 204|PS2XA2ZlPwLiWXVxcT6...","is_bearer":true} 
[2026-06-17 04:25:16] local.INFO: Extracted bearer token {"token_preview":"204|PS2XA2...","token_length":52} 
[2026-06-17 04:25:16] local.INFO: Found personal access token {"token_id":204,"user_id":85,"revoked":null} 
[2026-06-17 04:25:16] local.INFO: User authenticated via bearer token {"user_id":85,"user_email":"fsdfsdf@gdfg.com"} 
[2026-06-17 04:25:16] local.INFO: Returning campaigns for user {"user_id":85,"campaign_count":1,"statuses":["live"]} 
[2026-06-17 04:25:16] local.INFO: ParseBearerToken middleware invoked {"path":"/api/v2/campaign","method":"GET","has_auth_header":true,"auth_header_preview":"Bearer 204|PS2XA2ZlPwLiWXVxcT6...","is_bearer":true} 
[2026-06-17 04:25:16] local.INFO: Extracted bearer token {"token_preview":"204|PS2XA2...","token_length":52} 
[2026-06-17 04:25:16] local.INFO: Found personal access token {"token_id":204,"user_id":85,"revoked":null} 
[2026-06-17 04:25:16] local.INFO: User authenticated via bearer token {"user_id":85,"user_email":"fsdfsdf@gdfg.com"} 
[2026-06-17 04:25:16] local.INFO: Returning campaigns for user {"user_id":85,"campaign_count":1,"statuses":["live"]} 
[2026-06-17 04:25:17] local.INFO: ParseBearerToken middleware invoked {"path":"/api/v2/campaign","method":"GET","has_auth_header":true,"auth_header_preview":"Bearer 204|PS2XA2ZlPwLiWXVxcT6...","is_bearer":true} 
[2026-06-17 04:25:17] local.INFO: Extracted bearer token {"token_preview":"204|PS2XA2...","token_length":52} 
[2026-06-17 04:25:17] local.INFO: Found personal access token {"token_id":204,"user_id":85,"revoked":null} 
[2026-06-17 04:25:17] local.INFO: User authenticated via bearer token {"user_id":85,"user_email":"fsdfsdf@gdfg.com"} 
[2026-06-17 04:25:17] local.INFO: Returning campaigns for user {"user_id":85,"campaign_count":1,"statuses":["live"]} 
[2026-06-17 04:25:17] local.INFO: ParseBearerToken middleware invoked {"path":"/api/v2/campaign","method":"GET","has_auth_header":true,"auth_header_preview":"Bearer 204|PS2XA2ZlPwLiWXVxcT6...","is_bearer":true} 
[2026-06-17 04:25:17] local.INFO: Extracted bearer token {"token_preview":"204|PS2XA2...","token_length":52} 
[2026-06-17 04:25:17] local.INFO: Found personal access token {"token_id":204,"user_id":85,"revoked":null} 
[2026-06-17 04:25:17] local.INFO: User authenticated via bearer token {"user_id":85,"user_email":"fsdfsdf@gdfg.com"} 
[2026-06-17 04:25:17] local.INFO: Returning campaigns for user {"user_id":85,"campaign_count":1,"statuses":["live"]} 
[2026-06-17 04:25:18] local.INFO: ParseBearerToken middleware invoked {"path":"/api/v2/campaign","method":"GET","has_auth_header":true,"auth_header_preview":"Bearer 204|PS2XA2ZlPwLiWXVxcT6...","is_bearer":true} 
[2026-06-17 04:25:18] local.INFO: Extracted bearer token {"token_preview":"204|PS2XA2...","token_length":52} 
[2026-06-17 04:25:18] local.INFO: Found personal access token {"token_id":204,"user_id":85,"revoked":null} 
[2026-06-17 04:25:18] local.INFO: User authenticated via bearer token {"user_id":85,"user_email":"fsdfsdf@gdfg.com"} 
[2026-06-17 04:25:18] local.INFO: Returning campaigns for user {"user_id":85,"campaign_count":1,"statuses":["live"]} 
[2026-06-17 04:25:18] local.INFO: ParseBearerToken middleware invoked {"path":"/api/v2/campaign","method":"GET","has_auth_header":true,"auth_header_preview":"Bearer 204|PS2XA2ZlPwLiWXVxcT6...","is_bearer":true} 
[2026-06-17 04:25:18] local.INFO: Extracted bearer token {"token_preview":"204|PS2XA2...","token_length":52} 
[2026-06-17 04:25:18] local.INFO: Found personal access token {"token_id":204,"user_id":85,"revoked":null} 
[2026-06-17 04:25:18] local.INFO: User authenticated via bearer token {"user_id":85,"user_email":"fsdfsdf@gdfg.com"} 
[2026-06-17 04:25:18] local.INFO: Returning campaigns for user {"user_id":85,"campaign_count":1,"statuses":["live"]} 
[2026-06-17 04:25:19] local.INFO: ParseBearerToken middleware invoked {"path":"/api/v2/campaign","method":"GET","has_auth_header":true,"auth_header_preview":"Bearer 204|PS2XA2ZlPwLiWXVxcT6...","is_bearer":true} 
[2026-06-17 04:25:19] local.INFO: Extracted bearer token {"token_preview":"204|PS2XA2...","token_length":52} 
[2026-06-17 04:25:19] local.INFO: Found personal access token {"token_id":204,"user_id":85,"revoked":null} 
[2026-06-17 04:25:19] local.INFO: User authenticated via bearer token {"user_id":85,"user_email":"fsdfsdf@gdfg.com"} 
[2026-06-17 04:25:19] local.INFO: Returning campaigns for user {"user_id":85,"campaign_count":1,"statuses":["live"]} 
[2026-06-17 04:25:20] local.INFO: ParseBearerToken middleware invoked {"path":"/api/v2/campaign","method":"GET","has_auth_header":true,"auth_header_preview":"Bearer 204|PS2XA2ZlPwLiWXVxcT6...","is_bearer":true} 
[2026-06-17 04:25:20] local.INFO: Extracted bearer token {"token_preview":"204|PS2XA2...","token_length":52} 
[2026-06-17 04:25:20] local.INFO: Found personal access token {"token_id":204,"user_id":85,"revoked":null} 
[2026-06-17 04:25:20] local.INFO: User authenticated via bearer token {"user_id":85,"user_email":"fsdfsdf@gdfg.com"} 
[2026-06-17 04:25:20] local.INFO: Returning campaigns for user {"user_id":85,"campaign_count":1,"statuses":["live"]} 
[2026-06-17 04:25:21] local.INFO: ParseBearerToken middleware invoked {"path":"/api/v2/campaign","method":"GET","has_auth_header":true,"auth_header_preview":"Bearer 204|PS2XA2ZlPwLiWXVxcT6...","is_bearer":true} 
[2026-06-17 04:25:21] local.INFO: Extracted bearer token {"token_preview":"204|PS2XA2...","token_length":52} 
[2026-06-17 04:25:21] local.INFO: Found personal access token {"token_id":204,"user_id":85,"revoked":null} 
[2026-06-17 04:25:21] local.INFO: User authenticated via bearer token {"user_id":85,"user_email":"fsdfsdf@gdfg.com"} 
[2026-06-17 04:25:21] local.INFO: Returning campaigns for user {"user_id":85,"campaign_count":1,"statuses":["live"]} 
[2026-06-17 04:25:21] local.INFO: ParseBearerToken middleware invoked {"path":"/api/v2/campaign","method":"GET","has_auth_header":true,"auth_header_preview":"Bearer 204|PS2XA2ZlPwLiWXVxcT6...","is_bearer":true} 
[2026-06-17 04:25:21] local.INFO: Extracted bearer token {"token_preview":"204|PS2XA2...","token_length":52} 
[2026-06-17 04:25:21] local.INFO: Found personal access token {"token_id":204,"user_id":85,"revoked":null} 
[2026-06-17 04:25:21] local.INFO: User authenticated via bearer token {"user_id":85,"user_email":"fsdfsdf@gdfg.com"} 
[2026-06-17 04:25:21] local.INFO: Returning campaigns for user {"user_id":85,"campaign_count":1,"statuses":["live"]} 
[2026-06-17 04:25:22] local.INFO: ParseBearerToken middleware invoked {"path":"/api/v2/campaign","method":"GET","has_auth_header":true,"auth_header_preview":"Bearer 204|PS2XA2ZlPwLiWXVxcT6...","is_bearer":true} 
[2026-06-17 04:25:22] local.INFO: Extracted bearer token {"token_preview":"204|PS2XA2...","token_length":52} 
[2026-06-17 04:25:22] local.INFO: Found personal access token {"token_id":204,"user_id":85,"revoked":null} 
[2026-06-17 04:25:22] local.INFO: User authenticated via bearer token {"user_id":85,"user_email":"fsdfsdf@gdfg.com"} 
[2026-06-17 04:25:22] local.INFO: Returning campaigns for user {"user_id":85,"campaign_count":1,"statuses":["live"]} 
[2026-06-17 04:25:22] local.INFO: ParseBearerToken middleware invoked {"path":"/api/v2/campaign","method":"GET","has_auth_header":true,"auth_header_preview":"Bearer 204|PS2XA2ZlPwLiWXVxcT6...","is_bearer":true} 
[2026-06-17 04:25:22] local.INFO: Extracted bearer token {"token_preview":"204|PS2XA2...","token_length":52} 
[2026-06-17 04:25:22] local.INFO: Found personal access token {"token_id":204,"user_id":85,"revoked":null} 
[2026-06-17 04:25:22] local.INFO: User authenticated via bearer token {"user_id":85,"user_email":"fsdfsdf@gdfg.com"} 
[2026-06-17 04:25:22] local.INFO: Returning campaigns for user {"user_id":85,"campaign_count":1,"statuses":["live"]} 
[2026-06-17 04:25:23] local.INFO: ParseBearerToken middleware invoked {"path":"/api/v2/campaign","method":"GET","has_auth_header":true,"auth_header_preview":"Bearer 204|PS2XA2ZlPwLiWXVxcT6...","is_bearer":true} 
[2026-06-17 04:25:23] local.INFO: Extracted bearer token {"token_preview":"204|PS2XA2...","token_length":52} 
[2026-06-17 04:25:23] local.INFO: Found personal access token {"token_id":204,"user_id":85,"revoked":null} 
[2026-06-17 04:25:23] local.INFO: User authenticated via bearer token {"user_id":85,"user_email":"fsdfsdf@gdfg.com"} 
[2026-06-17 04:25:23] local.INFO: Returning campaigns for user {"user_id":85,"campaign_count":1,"statuses":["live"]} 
[2026-06-17 04:25:23] local.INFO: ParseBearerToken middleware invoked {"path":"/api/v2/campaign","method":"GET","has_auth_header":true,"auth_header_preview":"Bearer 204|PS2XA2ZlPwLiWXVxcT6...","is_bearer":true} 
[2026-06-17 04:25:23] local.INFO: Extracted bearer token {"token_preview":"204|PS2XA2...","token_length":52} 
[2026-06-17 04:25:23] local.INFO: Found personal access token {"token_id":204,"user_id":85,"revoked":null} 
[2026-06-17 04:25:23] local.INFO: User authenticated via bearer token {"user_id":85,"user_email":"fsdfsdf@gdfg.com"} 
[2026-06-17 04:25:23] local.INFO: Returning campaigns for user {"user_id":85,"campaign_count":1,"statuses":["live"]} 
[2026-06-17 04:25:24] local.INFO: ParseBearerToken middleware invoked {"path":"/api/v2/campaign","method":"GET","has_auth_header":true,"auth_header_preview":"Bearer 204|PS2XA2ZlPwLiWXVxcT6...","is_bearer":true} 
[2026-06-17 04:25:24] local.INFO: Extracted bearer token {"token_preview":"204|PS2XA2...","token_length":52} 
[2026-06-17 04:25:24] local.INFO: Found personal access token {"token_id":204,"user_id":85,"revoked":null} 
[2026-06-17 04:25:24] local.INFO: User authenticated via bearer token {"user_id":85,"user_email":"fsdfsdf@gdfg.com"} 
[2026-06-17 04:25:24] local.INFO: Returning campaigns for user {"user_id":85,"campaign_count":1,"statuses":["live"]} 
[2026-06-17 04:25:24] local.INFO: ParseBearerToken middleware invoked {"path":"/api/v2/campaign","method":"GET","has_auth_header":true,"auth_header_preview":"Bearer 204|PS2XA2ZlPwLiWXVxcT6...","is_bearer":true} 
[2026-06-17 04:25:24] local.INFO: Extracted bearer token {"token_preview":"204|PS2XA2...","token_length":52} 
[2026-06-17 04:25:24] local.INFO: Found personal access token {"token_id":204,"user_id":85,"revoked":null} 
[2026-06-17 04:25:24] local.INFO: User authenticated via bearer token {"user_id":85,"user_email":"fsdfsdf@gdfg.com"} 
[2026-06-17 04:25:24] local.INFO: Returning campaigns for user {"user_id":85,"campaign_count":1,"statuses":["live"]} 
[2026-06-17 04:25:25] local.INFO: ParseBearerToken middleware invoked {"path":"/api/v2/campaign","method":"GET","has_auth_header":true,"auth_header_preview":"Bearer 204|PS2XA2ZlPwLiWXVxcT6...","is_bearer":true} 
[2026-06-17 04:25:25] local.INFO: Extracted bearer token {"token_preview":"204|PS2XA2...","token_length":52} 
[2026-06-17 04:25:25] local.INFO: Found personal access token {"token_id":204,"user_id":85,"revoked":null} 
[2026-06-17 04:25:25] local.INFO: User authenticated via bearer token {"user_id":85,"user_email":"fsdfsdf@gdfg.com"} 
[2026-06-17 04:25:25] local.INFO: Returning campaigns for user {"user_id":85,"campaign_count":1,"statuses":["live"]} 
[2026-06-17 04:25:25] local.INFO: ParseBearerToken middleware invoked {"path":"/api/v2/campaign","method":"GET","has_auth_header":true,"auth_header_preview":"Bearer 204|PS2XA2ZlPwLiWXVxcT6...","is_bearer":true} 
[2026-06-17 04:25:25] local.INFO: Extracted bearer token {"token_preview":"204|PS2XA2...","token_length":52} 
[2026-06-17 04:25:25] local.INFO: Found personal access token {"token_id":204,"user_id":85,"revoked":null} 
[2026-06-17 04:25:25] local.INFO: User authenticated via bearer token {"user_id":85,"user_email":"fsdfsdf@gdfg.com"} 
[2026-06-17 04:25:25] local.INFO: Returning campaigns for user {"user_id":85,"campaign_count":1,"statuses":["live"]} 
[2026-06-17 04:25:26] local.INFO: ParseBearerToken middleware invoked {"path":"/api/v2/campaign","method":"GET","has_auth_header":true,"auth_header_preview":"Bearer 204|PS2XA2ZlPwLiWXVxcT6...","is_bearer":true} 
[2026-06-17 04:25:26] local.INFO: Extracted bearer token {"token_preview":"204|PS2XA2...","token_length":52} 
[2026-06-17 04:25:26] local.INFO: Found personal access token {"token_id":204,"user_id":85,"revoked":null} 
[2026-06-17 04:25:26] local.INFO: User authenticated via bearer token {"user_id":85,"user_email":"fsdfsdf@gdfg.com"} 
[2026-06-17 04:25:26] local.INFO: Returning campaigns for user {"user_id":85,"campaign_count":1,"statuses":["live"]} 
[2026-06-17 04:25:27] local.INFO: ParseBearerToken middleware invoked {"path":"/api/v2/campaign","method":"GET","has_auth_header":true,"auth_header_preview":"Bearer 204|PS2XA2ZlPwLiWXVxcT6...","is_bearer":true} 
[2026-06-17 04:25:27] local.INFO: Extracted bearer token {"token_preview":"204|PS2XA2...","token_length":52} 
[2026-06-17 04:25:27] local.INFO: Found personal access token {"token_id":204,"user_id":85,"revoked":null} 
[2026-06-17 04:25:27] local.INFO: User authenticated via bearer token {"user_id":85,"user_email":"fsdfsdf@gdfg.com"} 
[2026-06-17 04:25:27] local.INFO: Returning campaigns for user {"user_id":85,"campaign_count":1,"statuses":["live"]} 
[2026-06-17 04:25:28] local.INFO: ParseBearerToken middleware invoked {"path":"/api/v2/campaign","method":"GET","has_auth_header":true,"auth_header_preview":"Bearer 204|PS2XA2ZlPwLiWXVxcT6...","is_bearer":true} 
[2026-06-17 04:25:28] local.INFO: Extracted bearer token {"token_preview":"204|PS2XA2...","token_length":52} 
[2026-06-17 04:25:28] local.INFO: Found personal access token {"token_id":204,"user_id":85,"revoked":null} 
[2026-06-17 04:25:28] local.INFO: User authenticated via bearer token {"user_id":85,"user_email":"fsdfsdf@gdfg.com"} 
[2026-06-17 04:25:28] local.INFO: Returning campaigns for user {"user_id":85,"campaign_count":1,"statuses":["live"]} 
[2026-06-17 04:25:28] local.INFO: ParseBearerToken middleware invoked {"path":"/api/v2/campaign","method":"GET","has_auth_header":true,"auth_header_preview":"Bearer 204|PS2XA2ZlPwLiWXVxcT6...","is_bearer":true} 
[2026-06-17 04:25:28] local.INFO: Extracted bearer token {"token_preview":"204|PS2XA2...","token_length":52} 
[2026-06-17 04:25:28] local.INFO: Found personal access token {"token_id":204,"user_id":85,"revoked":null} 
[2026-06-17 04:25:28] local.INFO: User authenticated via bearer token {"user_id":85,"user_email":"fsdfsdf@gdfg.com"} 
[2026-06-17 04:25:28] local.INFO: Returning campaigns for user {"user_id":85,"campaign_count":1,"statuses":["live"]} 
[2026-06-17 04:25:29] local.INFO: ParseBearerToken middleware invoked {"path":"/api/v2/campaign","method":"GET","has_auth_header":true,"auth_header_preview":"Bearer 204|PS2XA2ZlPwLiWXVxcT6...","is_bearer":true} 
[2026-06-17 04:25:29] local.INFO: Extracted bearer token {"token_preview":"204|PS2XA2...","token_length":52} 
[2026-06-17 04:25:29] local.INFO: Found personal access token {"token_id":204,"user_id":85,"revoked":null} 
[2026-06-17 04:25:29] local.INFO: User authenticated via bearer token {"user_id":85,"user_email":"fsdfsdf@gdfg.com"} 
[2026-06-17 04:25:29] local.INFO: Returning campaigns for user {"user_id":85,"campaign_count":1,"statuses":["live"]} 
[2026-06-17 04:25:31] local.INFO: ParseBearerToken middleware invoked {"path":"/api/v2/campaign","method":"GET","has_auth_header":true,"auth_header_preview":"Bearer 204|PS2XA2ZlPwLiWXVxcT6...","is_bearer":true} 
[2026-06-17 04:25:31] local.INFO: Extracted bearer token {"token_preview":"204|PS2XA2...","token_length":52} 
[2026-06-17 04:25:31] local.INFO: Found personal access token {"token_id":204,"user_id":85,"revoked":null} 
[2026-06-17 04:25:32] local.INFO: User authenticated via bearer token {"user_id":85,"user_email":"fsdfsdf@gdfg.com"} 
[2026-06-17 04:25:32] local.INFO: Returning campaigns for user {"user_id":85,"campaign_count":1,"statuses":["live"]} 
[2026-06-17 04:25:34] local.INFO: ParseBearerToken middleware invoked {"path":"/api/v2/campaign","method":"GET","has_auth_header":true,"auth_header_preview":"Bearer 204|PS2XA2ZlPwLiWXVxcT6...","is_bearer":true} 
[2026-06-17 04:25:34] local.INFO: Extracted bearer token {"token_preview":"204|PS2XA2...","token_length":52} 
[2026-06-17 04:25:34] local.INFO: Found personal access token {"token_id":204,"user_id":85,"revoked":null} 
[2026-06-17 04:25:34] local.INFO: User authenticated via bearer token {"user_id":85,"user_email":"fsdfsdf@gdfg.com"} 
[2026-06-17 04:25:34] local.INFO: Returning campaigns for user {"user_id":85,"campaign_count":1,"statuses":["live"]} 
[2026-06-17 04:25:35] local.INFO: ParseBearerToken middleware invoked {"path":"/api/v2/campaign","method":"GET","has_auth_header":true,"auth_header_preview":"Bearer 204|PS2XA2ZlPwLiWXVxcT6...","is_bearer":true} 
[2026-06-17 04:25:35] local.INFO: Extracted bearer token {"token_preview":"204|PS2XA2...","token_length":52} 
[2026-06-17 04:25:35] local.INFO: Found personal access token {"token_id":204,"user_id":85,"revoked":null} 
[2026-06-17 04:25:35] local.INFO: User authenticated via bearer token {"user_id":85,"user_email":"fsdfsdf@gdfg.com"} 
[2026-06-17 04:25:35] local.INFO: Returning campaigns for user {"user_id":85,"campaign_count":1,"statuses":["live"]} 
[2026-06-17 04:25:35] local.INFO: ParseBearerToken middleware invoked {"path":"/api/v2/campaign","method":"GET","has_auth_header":true,"auth_header_preview":"Bearer 204|PS2XA2ZlPwLiWXVxcT6...","is_bearer":true} 
[2026-06-17 04:25:35] local.INFO: Extracted bearer token {"token_preview":"204|PS2XA2...","token_length":52} 
[2026-06-17 04:25:35] local.INFO: Found personal access token {"token_id":204,"user_id":85,"revoked":null} 
[2026-06-17 04:25:35] local.INFO: User authenticated via bearer token {"user_id":85,"user_email":"fsdfsdf@gdfg.com"} 
[2026-06-17 04:25:35] local.INFO: Returning campaigns for user {"user_id":85,"campaign_count":1,"statuses":["live"]} 
[2026-06-17 04:25:36] local.INFO: ParseBearerToken middleware invoked {"path":"/api/v2/campaign","method":"GET","has_auth_header":true,"auth_header_preview":"Bearer 204|PS2XA2ZlPwLiWXVxcT6...","is_bearer":true} 
[2026-06-17 04:25:36] local.INFO: Extracted bearer token {"token_preview":"204|PS2XA2...","token_length":52} 
[2026-06-17 04:25:36] local.INFO: Found personal access token {"token_id":204,"user_id":85,"revoked":null} 
[2026-06-17 04:25:36] local.INFO: User authenticated via bearer token {"user_id":85,"user_email":"fsdfsdf@gdfg.com"} 
[2026-06-17 04:25:36] local.INFO: Returning campaigns for user {"user_id":85,"campaign_count":1,"statuses":["live"]} 
[2026-06-17 04:25:36] local.INFO: ParseBearerToken middleware invoked {"path":"/api/v2/campaign","method":"GET","has_auth_header":true,"auth_header_preview":"Bearer 204|PS2XA2ZlPwLiWXVxcT6...","is_bearer":true} 
[2026-06-17 04:25:36] local.INFO: Extracted bearer token {"token_preview":"204|PS2XA2...","token_length":52} 
[2026-06-17 04:25:36] local.INFO: Found personal access token {"token_id":204,"user_id":85,"revoked":null} 
[2026-06-17 04:25:36] local.INFO: User authenticated via bearer token {"user_id":85,"user_email":"fsdfsdf@gdfg.com"} 
[2026-06-17 04:25:36] local.INFO: Returning campaigns for user {"user_id":85,"campaign_count":1,"statuses":["live"]} 
[2026-06-17 04:25:37] local.INFO: ParseBearerToken middleware invoked {"path":"/api/v2/campaign","method":"GET","has_auth_header":true,"auth_header_preview":"Bearer 204|PS2XA2ZlPwLiWXVxcT6...","is_bearer":true} 
[2026-06-17 04:25:37] local.INFO: Extracted bearer token {"token_preview":"204|PS2XA2...","token_length":52} 
[2026-06-17 04:25:37] local.INFO: Found personal access token {"token_id":204,"user_id":85,"revoked":null} 
[2026-06-17 04:25:37] local.INFO: User authenticated via bearer token {"user_id":85,"user_email":"fsdfsdf@gdfg.com"} 
[2026-06-17 04:25:37] local.INFO: Returning campaigns for user {"user_id":85,"campaign_count":1,"statuses":["live"]} 
[2026-06-17 04:25:38] local.INFO: ParseBearerToken middleware invoked {"path":"/api/v2/campaign","method":"GET","has_auth_header":true,"auth_header_preview":"Bearer 204|PS2XA2ZlPwLiWXVxcT6...","is_bearer":true} 
[2026-06-17 04:25:38] local.INFO: Extracted bearer token {"token_preview":"204|PS2XA2...","token_length":52} 
[2026-06-17 04:25:38] local.INFO: Found personal access token {"token_id":204,"user_id":85,"revoked":null} 
[2026-06-17 04:25:38] local.INFO: User authenticated via bearer token {"user_id":85,"user_email":"fsdfsdf@gdfg.com"} 
[2026-06-17 04:25:38] local.INFO: Returning campaigns for user {"user_id":85,"campaign_count":1,"statuses":["live"]} 
[2026-06-17 04:25:39] local.INFO: ParseBearerToken middleware invoked {"path":"/api/v2/campaign","method":"GET","has_auth_header":true,"auth_header_preview":"Bearer 204|PS2XA2ZlPwLiWXVxcT6...","is_bearer":true} 
[2026-06-17 04:25:39] local.INFO: Extracted bearer token {"token_preview":"204|PS2XA2...","token_length":52} 
[2026-06-17 04:25:39] local.INFO: Found personal access token {"token_id":204,"user_id":85,"revoked":null} 
[2026-06-17 04:25:39] local.INFO: User authenticated via bearer token {"user_id":85,"user_email":"fsdfsdf@gdfg.com"} 
[2026-06-17 04:25:39] local.INFO: Returning campaigns for user {"user_id":85,"campaign_count":1,"statuses":["live"]} 
[2026-06-17 04:25:41] local.INFO: ParseBearerToken middleware invoked {"path":"/api/v2/campaign","method":"GET","has_auth_header":true,"auth_header_preview":"Bearer 204|PS2XA2ZlPwLiWXVxcT6...","is_bearer":true} 
[2026-06-17 04:25:41] local.INFO: Extracted bearer token {"token_preview":"204|PS2XA2...","token_length":52} 
[2026-06-17 04:25:41] local.INFO: Found personal access token {"token_id":204,"user_id":85,"revoked":null} 
[2026-06-17 04:25:41] local.INFO: User authenticated via bearer token {"user_id":85,"user_email":"fsdfsdf@gdfg.com"} 
[2026-06-17 04:25:41] local.INFO: Returning campaigns for user {"user_id":85,"campaign_count":1,"statuses":["live"]} 
[2026-06-17 04:25:42] local.INFO: ParseBearerToken middleware invoked {"path":"/api/v2/campaign","method":"GET","has_auth_header":true,"auth_header_preview":"Bearer 204|PS2XA2ZlPwLiWXVxcT6...","is_bearer":true} 
[2026-06-17 04:25:42] local.INFO: Extracted bearer token {"token_preview":"204|PS2XA2...","token_length":52} 
[2026-06-17 04:25:42] local.INFO: Found personal access token {"token_id":204,"user_id":85,"revoked":null} 
[2026-06-17 04:25:42] local.INFO: User authenticated via bearer token {"user_id":85,"user_email":"fsdfsdf@gdfg.com"} 
[2026-06-17 04:25:42] local.INFO: Returning campaigns for user {"user_id":85,"campaign_count":1,"statuses":["live"]} 
[2026-06-17 04:25:43] local.INFO: ParseBearerToken middleware invoked {"path":"/api/v2/campaign","method":"GET","has_auth_header":true,"auth_header_preview":"Bearer 204|PS2XA2ZlPwLiWXVxcT6...","is_bearer":true} 
[2026-06-17 04:25:43] local.INFO: Extracted bearer token {"token_preview":"204|PS2XA2...","token_length":52} 
[2026-06-17 04:25:43] local.INFO: Found personal access token {"token_id":204,"user_id":85,"revoked":null} 
[2026-06-17 04:25:43] local.INFO: User authenticated via bearer token {"user_id":85,"user_email":"fsdfsdf@gdfg.com"} 
[2026-06-17 04:25:43] local.INFO: Returning campaigns for user {"user_id":85,"campaign_count":1,"statuses":["live"]} 
[2026-06-17 04:25:43] local.INFO: ParseBearerToken middleware invoked {"path":"/api/v2/campaign","method":"GET","has_auth_header":true,"auth_header_preview":"Bearer 204|PS2XA2ZlPwLiWXVxcT6...","is_bearer":true} 
[2026-06-17 04:25:43] local.INFO: Extracted bearer token {"token_preview":"204|PS2XA2...","token_length":52} 
[2026-06-17 04:25:43] local.INFO: Found personal access token {"token_id":204,"user_id":85,"revoked":null} 
[2026-06-17 04:25:43] local.INFO: User authenticated via bearer token {"user_id":85,"user_email":"fsdfsdf@gdfg.com"} 
[2026-06-17 04:25:43] local.INFO: Returning campaigns for user {"user_id":85,"campaign_count":1,"statuses":["live"]} 
[2026-06-17 04:25:44] local.INFO: ParseBearerToken middleware invoked {"path":"/api/v2/campaign","method":"GET","has_auth_header":true,"auth_header_preview":"Bearer 204|PS2XA2ZlPwLiWXVxcT6...","is_bearer":true} 
[2026-06-17 04:25:44] local.INFO: Extracted bearer token {"token_preview":"204|PS2XA2...","token_length":52} 
[2026-06-17 04:25:44] local.INFO: Found personal access token {"token_id":204,"user_id":85,"revoked":null} 
[2026-06-17 04:25:44] local.INFO: User authenticated via bearer token {"user_id":85,"user_email":"fsdfsdf@gdfg.com"} 
[2026-06-17 04:25:44] local.INFO: Returning campaigns for user {"user_id":85,"campaign_count":1,"statuses":["live"]} 
[2026-06-17 04:25:44] local.INFO: ParseBearerToken middleware invoked {"path":"/api/v2/campaign","method":"GET","has_auth_header":true,"auth_header_preview":"Bearer 204|PS2XA2ZlPwLiWXVxcT6...","is_bearer":true} 
[2026-06-17 04:25:44] local.INFO: Extracted bearer token {"token_preview":"204|PS2XA2...","token_length":52} 
[2026-06-17 04:25:44] local.INFO: Found personal access token {"token_id":204,"user_id":85,"revoked":null} 
[2026-06-17 04:25:44] local.INFO: User authenticated via bearer token {"user_id":85,"user_email":"fsdfsdf@gdfg.com"} 
[2026-06-17 04:25:44] local.INFO: Returning campaigns for user {"user_id":85,"campaign_count":1,"statuses":["live"]} 
[2026-06-17 04:25:45] local.INFO: ParseBearerToken middleware invoked {"path":"/api/v2/campaign","method":"GET","has_auth_header":true,"auth_header_preview":"Bearer 204|PS2XA2ZlPwLiWXVxcT6...","is_bearer":true} 
[2026-06-17 04:25:45] local.INFO: Extracted bearer token {"token_preview":"204|PS2XA2...","token_length":52} 
[2026-06-17 04:25:45] local.INFO: Found personal access token {"token_id":204,"user_id":85,"revoked":null} 
[2026-06-17 04:25:45] local.INFO: User authenticated via bearer token {"user_id":85,"user_email":"fsdfsdf@gdfg.com"} 
[2026-06-17 04:25:45] local.INFO: Returning campaigns for user {"user_id":85,"campaign_count":1,"statuses":["live"]} 
[2026-06-17 04:25:45] local.INFO: ParseBearerToken middleware invoked {"path":"/api/v2/campaign","method":"GET","has_auth_header":true,"auth_header_preview":"Bearer 204|PS2XA2ZlPwLiWXVxcT6...","is_bearer":true} 
[2026-06-17 04:25:45] local.INFO: Extracted bearer token {"token_preview":"204|PS2XA2...","token_length":52} 
[2026-06-17 04:25:45] local.INFO: Found personal access token {"token_id":204,"user_id":85,"revoked":null} 
[2026-06-17 04:25:45] local.INFO: User authenticated via bearer token {"user_id":85,"user_email":"fsdfsdf@gdfg.com"} 
[2026-06-17 04:25:45] local.INFO: Returning campaigns for user {"user_id":85,"campaign_count":1,"statuses":["live"]} 
[2026-06-17 04:25:46] local.INFO: ParseBearerToken middleware invoked {"path":"/api/v2/campaign","method":"GET","has_auth_header":true,"auth_header_preview":"Bearer 204|PS2XA2ZlPwLiWXVxcT6...","is_bearer":true} 
[2026-06-17 04:25:46] local.INFO: Extracted bearer token {"token_preview":"204|PS2XA2...","token_length":52} 
[2026-06-17 04:25:46] local.INFO: Found personal access token {"token_id":204,"user_id":85,"revoked":null} 
[2026-06-17 04:25:46] local.INFO: User authenticated via bearer token {"user_id":85,"user_email":"fsdfsdf@gdfg.com"} 
[2026-06-17 04:25:46] local.INFO: Returning campaigns for user {"user_id":85,"campaign_count":1,"statuses":["live"]} 
[2026-06-17 04:25:46] local.INFO: ParseBearerToken middleware invoked {"path":"/api/v2/campaign","method":"GET","has_auth_header":true,"auth_header_preview":"Bearer 204|PS2XA2ZlPwLiWXVxcT6...","is_bearer":true} 
[2026-06-17 04:25:46] local.INFO: Extracted bearer token {"token_preview":"204|PS2XA2...","token_length":52} 
[2026-06-17 04:25:47] local.INFO: Found personal access token {"token_id":204,"user_id":85,"revoked":null} 
[2026-06-17 04:25:47] local.INFO: User authenticated via bearer token {"user_id":85,"user_email":"fsdfsdf@gdfg.com"} 
[2026-06-17 04:25:47] local.INFO: Returning campaigns for user {"user_id":85,"campaign_count":1,"statuses":["live"]} 
[2026-06-17 04:25:49] local.INFO: ParseBearerToken middleware invoked {"path":"/api/v2/campaign","method":"GET","has_auth_header":true,"auth_header_preview":"Bearer 204|PS2XA2ZlPwLiWXVxcT6...","is_bearer":true} 
[2026-06-17 04:25:49] local.INFO: Extracted bearer token {"token_preview":"204|PS2XA2...","token_length":52} 
[2026-06-17 04:25:49] local.INFO: Found personal access token {"token_id":204,"user_id":85,"revoked":null} 
[2026-06-17 04:25:49] local.INFO: User authenticated via bearer token {"user_id":85,"user_email":"fsdfsdf@gdfg.com"} 
[2026-06-17 04:25:49] local.INFO: Returning campaigns for user {"user_id":85,"campaign_count":1,"statuses":["live"]} 
[2026-06-17 04:25:50] local.INFO: ParseBearerToken middleware invoked {"path":"/api/v2/campaign","method":"GET","has_auth_header":true,"auth_header_preview":"Bearer 204|PS2XA2ZlPwLiWXVxcT6...","is_bearer":true} 
[2026-06-17 04:25:50] local.INFO: Extracted bearer token {"token_preview":"204|PS2XA2...","token_length":52} 
[2026-06-17 04:25:50] local.INFO: Found personal access token {"token_id":204,"user_id":85,"revoked":null} 
[2026-06-17 04:25:50] local.INFO: User authenticated via bearer token {"user_id":85,"user_email":"fsdfsdf@gdfg.com"} 
[2026-06-17 04:25:50] local.INFO: Returning campaigns for user {"user_id":85,"campaign_count":1,"statuses":["live"]} 
[2026-06-17 04:25:51] local.INFO: ParseBearerToken middleware invoked {"path":"/api/v2/campaign","method":"GET","has_auth_header":true,"auth_header_preview":"Bearer 204|PS2XA2ZlPwLiWXVxcT6...","is_bearer":true} 
[2026-06-17 04:25:51] local.INFO: Extracted bearer token {"token_preview":"204|PS2XA2...","token_length":52} 
[2026-06-17 04:25:51] local.INFO: Found personal access token {"token_id":204,"user_id":85,"revoked":null} 
[2026-06-17 04:25:51] local.INFO: User authenticated via bearer token {"user_id":85,"user_email":"fsdfsdf@gdfg.com"} 
[2026-06-17 04:25:51] local.INFO: Returning campaigns for user {"user_id":85,"campaign_count":1,"statuses":["live"]} 
[2026-06-17 04:25:51] local.INFO: ParseBearerToken middleware invoked {"path":"/api/v2/campaign","method":"GET","has_auth_header":true,"auth_header_preview":"Bearer 204|PS2XA2ZlPwLiWXVxcT6...","is_bearer":true} 
[2026-06-17 04:25:51] local.INFO: Extracted bearer token {"token_preview":"204|PS2XA2...","token_length":52} 
[2026-06-17 04:25:51] local.INFO: Found personal access token {"token_id":204,"user_id":85,"revoked":null} 
[2026-06-17 04:25:51] local.INFO: User authenticated via bearer token {"user_id":85,"user_email":"fsdfsdf@gdfg.com"} 
[2026-06-17 04:25:51] local.INFO: Returning campaigns for user {"user_id":85,"campaign_count":1,"statuses":["live"]} 
[2026-06-17 04:25:52] local.INFO: ParseBearerToken middleware invoked {"path":"/api/v2/campaign","method":"GET","has_auth_header":true,"auth_header_preview":"Bearer 204|PS2XA2ZlPwLiWXVxcT6...","is_bearer":true} 
[2026-06-17 04:25:52] local.INFO: Extracted bearer token {"token_preview":"204|PS2XA2...","token_length":52} 
[2026-06-17 04:25:52] local.INFO: Found personal access token {"token_id":204,"user_id":85,"revoked":null} 
[2026-06-17 04:25:52] local.INFO: User authenticated via bearer token {"user_id":85,"user_email":"fsdfsdf@gdfg.com"} 
[2026-06-17 04:25:52] local.INFO: Returning campaigns for user {"user_id":85,"campaign_count":1,"statuses":["live"]} 
[2026-06-17 04:25:52] local.INFO: ParseBearerToken middleware invoked {"path":"/api/v2/campaign","method":"GET","has_auth_header":true,"auth_header_preview":"Bearer 204|PS2XA2ZlPwLiWXVxcT6...","is_bearer":true} 
[2026-06-17 04:25:52] local.INFO: Extracted bearer token {"token_preview":"204|PS2XA2...","token_length":52} 
[2026-06-17 04:25:52] local.INFO: Found personal access token {"token_id":204,"user_id":85,"revoked":null} 
[2026-06-17 04:25:52] local.INFO: User authenticated via bearer token {"user_id":85,"user_email":"fsdfsdf@gdfg.com"} 
[2026-06-17 04:25:52] local.INFO: Returning campaigns for user {"user_id":85,"campaign_count":1,"statuses":["live"]} 
[2026-06-17 04:25:53] local.INFO: ParseBearerToken middleware invoked {"path":"/api/v2/campaign","method":"GET","has_auth_header":true,"auth_header_preview":"Bearer 204|PS2XA2ZlPwLiWXVxcT6...","is_bearer":true} 
[2026-06-17 04:25:53] local.INFO: Extracted bearer token {"token_preview":"204|PS2XA2...","token_length":52} 
[2026-06-17 04:25:53] local.INFO: Found personal access token {"token_id":204,"user_id":85,"revoked":null} 
[2026-06-17 04:25:53] local.INFO: User authenticated via bearer token {"user_id":85,"user_email":"fsdfsdf@gdfg.com"} 
[2026-06-17 04:25:53] local.INFO: Returning campaigns for user {"user_id":85,"campaign_count":1,"statuses":["live"]} 
[2026-06-17 04:25:53] local.INFO: ParseBearerToken middleware invoked {"path":"/api/v2/campaign","method":"GET","has_auth_header":true,"auth_header_preview":"Bearer 204|PS2XA2ZlPwLiWXVxcT6...","is_bearer":true} 
[2026-06-17 04:25:53] local.INFO: Extracted bearer token {"token_preview":"204|PS2XA2...","token_length":52} 
[2026-06-17 04:25:53] local.INFO: Found personal access token {"token_id":204,"user_id":85,"revoked":null} 
[2026-06-17 04:25:53] local.INFO: User authenticated via bearer token {"user_id":85,"user_email":"fsdfsdf@gdfg.com"} 
[2026-06-17 04:25:53] local.INFO: Returning campaigns for user {"user_id":85,"campaign_count":1,"statuses":["live"]} 
[2026-06-17 04:25:54] local.INFO: ParseBearerToken middleware invoked {"path":"/api/v2/campaign","method":"GET","has_auth_header":true,"auth_header_preview":"Bearer 204|PS2XA2ZlPwLiWXVxcT6...","is_bearer":true} 
[2026-06-17 04:25:54] local.INFO: Extracted bearer token {"token_preview":"204|PS2XA2...","token_length":52} 
[2026-06-17 04:25:54] local.INFO: Found personal access token {"token_id":204,"user_id":85,"revoked":null} 
[2026-06-17 04:25:54] local.INFO: User authenticated via bearer token {"user_id":85,"user_email":"fsdfsdf@gdfg.com"} 
[2026-06-17 04:25:54] local.INFO: Returning campaigns for user {"user_id":85,"campaign_count":1,"statuses":["live"]} 
[2026-06-17 04:25:54] local.INFO: ParseBearerToken middleware invoked {"path":"/api/v2/campaign","method":"GET","has_auth_header":true,"auth_header_preview":"Bearer 204|PS2XA2ZlPwLiWXVxcT6...","is_bearer":true} 
[2026-06-17 04:25:54] local.INFO: Extracted bearer token {"token_preview":"204|PS2XA2...","token_length":52} 
[2026-06-17 04:25:54] local.INFO: Found personal access token {"token_id":204,"user_id":85,"revoked":null} 
[2026-06-17 04:25:54] local.INFO: User authenticated via bearer token {"user_id":85,"user_email":"fsdfsdf@gdfg.com"} 
[2026-06-17 04:25:54] local.INFO: Returning campaigns for user {"user_id":85,"campaign_count":1,"statuses":["live"]} 
[2026-06-17 04:25:55] local.INFO: ParseBearerToken middleware invoked {"path":"/api/v2/campaign","method":"GET","has_auth_header":true,"auth_header_preview":"Bearer 204|PS2XA2ZlPwLiWXVxcT6...","is_bearer":true} 
[2026-06-17 04:25:55] local.INFO: Extracted bearer token {"token_preview":"204|PS2XA2...","token_length":52} 
[2026-06-17 04:25:55] local.INFO: Found personal access token {"token_id":204,"user_id":85,"revoked":null} 
[2026-06-17 04:25:55] local.INFO: User authenticated via bearer token {"user_id":85,"user_email":"fsdfsdf@gdfg.com"} 
[2026-06-17 04:25:55] local.INFO: Returning campaigns for user {"user_id":85,"campaign_count":1,"statuses":["live"]} 
[2026-06-17 04:25:56] local.INFO: ParseBearerToken middleware invoked {"path":"/api/v2/campaign","method":"GET","has_auth_header":true,"auth_header_preview":"Bearer 204|PS2XA2ZlPwLiWXVxcT6...","is_bearer":true} 
[2026-06-17 04:25:56] local.INFO: Extracted bearer token {"token_preview":"204|PS2XA2...","token_length":52} 
[2026-06-17 04:25:56] local.INFO: Found personal access token {"token_id":204,"user_id":85,"revoked":null} 
[2026-06-17 04:25:56] local.INFO: User authenticated via bearer token {"user_id":85,"user_email":"fsdfsdf@gdfg.com"} 
[2026-06-17 04:25:56] local.INFO: Returning campaigns for user {"user_id":85,"campaign_count":1,"statuses":["live"]} 
[2026-06-17 04:25:56] local.INFO: ParseBearerToken middleware invoked {"path":"/api/v2/campaign","method":"GET","has_auth_header":true,"auth_header_preview":"Bearer 204|PS2XA2ZlPwLiWXVxcT6...","is_bearer":true} 
[2026-06-17 04:25:56] local.INFO: Extracted bearer token {"token_preview":"204|PS2XA2...","token_length":52} 
[2026-06-17 04:25:56] local.INFO: Found personal access token {"token_id":204,"user_id":85,"revoked":null} 
[2026-06-17 04:25:56] local.INFO: User authenticated via bearer token {"user_id":85,"user_email":"fsdfsdf@gdfg.com"} 
[2026-06-17 04:25:56] local.INFO: Returning campaigns for user {"user_id":85,"campaign_count":1,"statuses":["live"]} 
[2026-06-17 04:25:57] local.INFO: ParseBearerToken middleware invoked {"path":"/api/v2/campaign","method":"GET","has_auth_header":true,"auth_header_preview":"Bearer 204|PS2XA2ZlPwLiWXVxcT6...","is_bearer":true} 
[2026-06-17 04:25:57] local.INFO: Extracted bearer token {"token_preview":"204|PS2XA2...","token_length":52} 
[2026-06-17 04:25:57] local.INFO: Found personal access token {"token_id":204,"user_id":85,"revoked":null} 
[2026-06-17 04:25:57] local.INFO: User authenticated via bearer token {"user_id":85,"user_email":"fsdfsdf@gdfg.com"} 
[2026-06-17 04:25:57] local.INFO: Returning campaigns for user {"user_id":85,"campaign_count":1,"statuses":["live"]} 
[2026-06-17 04:25:57] local.INFO: ParseBearerToken middleware invoked {"path":"/api/v2/campaign","method":"GET","has_auth_header":true,"auth_header_preview":"Bearer 204|PS2XA2ZlPwLiWXVxcT6...","is_bearer":true} 
[2026-06-17 04:25:57] local.INFO: Extracted bearer token {"token_preview":"204|PS2XA2...","token_length":52} 
[2026-06-17 04:25:57] local.INFO: Found personal access token {"token_id":204,"user_id":85,"revoked":null} 
[2026-06-17 04:25:57] local.INFO: User authenticated via bearer token {"user_id":85,"user_email":"fsdfsdf@gdfg.com"} 
[2026-06-17 04:25:57] local.INFO: Returning campaigns for user {"user_id":85,"campaign_count":1,"statuses":["live"]} 
[2026-06-17 04:25:58] local.INFO: ParseBearerToken middleware invoked {"path":"/api/v2/campaign","method":"GET","has_auth_header":true,"auth_header_preview":"Bearer 204|PS2XA2ZlPwLiWXVxcT6...","is_bearer":true} 
[2026-06-17 04:25:58] local.INFO: Extracted bearer token {"token_preview":"204|PS2XA2...","token_length":52} 
[2026-06-17 04:25:58] local.INFO: Found personal access token {"token_id":204,"user_id":85,"revoked":null} 
[2026-06-17 04:25:58] local.INFO: User authenticated via bearer token {"user_id":85,"user_email":"fsdfsdf@gdfg.com"} 
[2026-06-17 04:25:58] local.INFO: Returning campaigns for user {"user_id":85,"campaign_count":1,"statuses":["live"]} 
[2026-06-17 04:25:58] local.INFO: ParseBearerToken middleware invoked {"path":"/api/v2/campaign","method":"GET","has_auth_header":true,"auth_header_preview":"Bearer 204|PS2XA2ZlPwLiWXVxcT6...","is_bearer":true} 
[2026-06-17 04:25:58] local.INFO: Extracted bearer token {"token_preview":"204|PS2XA2...","token_length":52} 
[2026-06-17 04:25:58] local.INFO: Found personal access token {"token_id":204,"user_id":85,"revoked":null} 
[2026-06-17 04:25:58] local.INFO: User authenticated via bearer token {"user_id":85,"user_email":"fsdfsdf@gdfg.com"} 
[2026-06-17 04:25:58] local.INFO: Returning campaigns for user {"user_id":85,"campaign_count":1,"statuses":["live"]} 
[2026-06-17 04:25:59] local.INFO: ParseBearerToken middleware invoked {"path":"/api/v2/campaign","method":"GET","has_auth_header":true,"auth_header_preview":"Bearer 204|PS2XA2ZlPwLiWXVxcT6...","is_bearer":true} 
[2026-06-17 04:25:59] local.INFO: Extracted bearer token {"token_preview":"204|PS2XA2...","token_length":52} 
[2026-06-17 04:25:59] local.INFO: Found personal access token {"token_id":204,"user_id":85,"revoked":null} 
[2026-06-17 04:25:59] local.INFO: User authenticated via bearer token {"user_id":85,"user_email":"fsdfsdf@gdfg.com"} 
[2026-06-17 04:25:59] local.INFO: Returning campaigns for user {"user_id":85,"campaign_count":1,"statuses":["live"]} 
[2026-06-17 04:25:59] local.INFO: ParseBearerToken middleware invoked {"path":"/api/v2/campaign","method":"GET","has_auth_header":true,"auth_header_preview":"Bearer 204|PS2XA2ZlPwLiWXVxcT6...","is_bearer":true} 
[2026-06-17 04:25:59] local.INFO: Extracted bearer token {"token_preview":"204|PS2XA2...","token_length":52} 
[2026-06-17 04:25:59] local.INFO: Found personal access token {"token_id":204,"user_id":85,"revoked":null} 
[2026-06-17 04:25:59] local.INFO: User authenticated via bearer token {"user_id":85,"user_email":"fsdfsdf@gdfg.com"} 
[2026-06-17 04:25:59] local.INFO: Returning campaigns for user {"user_id":85,"campaign_count":1,"statuses":["live"]} 
[2026-06-17 04:26:00] local.INFO: ParseBearerToken middleware invoked {"path":"/api/v2/campaign","method":"GET","has_auth_header":true,"auth_header_preview":"Bearer 204|PS2XA2ZlPwLiWXVxcT6...","is_bearer":true} 
[2026-06-17 04:26:00] local.INFO: Extracted bearer token {"token_preview":"204|PS2XA2...","token_length":52} 
[2026-06-17 04:26:00] local.INFO: Found personal access token {"token_id":204,"user_id":85,"revoked":null} 
[2026-06-17 04:26:00] local.INFO: User authenticated via bearer token {"user_id":85,"user_email":"fsdfsdf@gdfg.com"} 
[2026-06-17 04:26:00] local.INFO: Returning campaigns for user {"user_id":85,"campaign_count":1,"statuses":["live"]} 
[2026-06-17 04:26:01] local.INFO: ParseBearerToken middleware invoked {"path":"/api/v2/campaign","method":"GET","has_auth_header":true,"auth_header_preview":"Bearer 204|PS2XA2ZlPwLiWXVxcT6...","is_bearer":true} 
[2026-06-17 04:26:01] local.INFO: Extracted bearer token {"token_preview":"204|PS2XA2...","token_length":52} 
[2026-06-17 04:26:01] local.INFO: Found personal access token {"token_id":204,"user_id":85,"revoked":null} 
[2026-06-17 04:26:01] local.INFO: User authenticated via bearer token {"user_id":85,"user_email":"fsdfsdf@gdfg.com"} 
[2026-06-17 04:26:01] local.INFO: Returning campaigns for user {"user_id":85,"campaign_count":1,"statuses":["live"]} 
[2026-06-17 04:26:02] local.INFO: ParseBearerToken middleware invoked {"path":"/api/v2/campaign","method":"GET","has_auth_header":true,"auth_header_preview":"Bearer 204|PS2XA2ZlPwLiWXVxcT6...","is_bearer":true} 
[2026-06-17 04:26:02] local.INFO: Extracted bearer token {"token_preview":"204|PS2XA2...","token_length":52} 
[2026-06-17 04:26:02] local.INFO: Found personal access token {"token_id":204,"user_id":85,"revoked":null} 
[2026-06-17 04:26:02] local.INFO: User authenticated via bearer token {"user_id":85,"user_email":"fsdfsdf@gdfg.com"} 
[2026-06-17 04:26:02] local.INFO: Returning campaigns for user {"user_id":85,"campaign_count":1,"statuses":["live"]} 
[2026-06-17 04:26:02] local.INFO: ParseBearerToken middleware invoked {"path":"/api/v2/campaign","method":"GET","has_auth_header":true,"auth_header_preview":"Bearer 204|PS2XA2ZlPwLiWXVxcT6...","is_bearer":true} 
[2026-06-17 04:26:02] local.INFO: Extracted bearer token {"token_preview":"204|PS2XA2...","token_length":52} 
[2026-06-17 04:26:02] local.INFO: Found personal access token {"token_id":204,"user_id":85,"revoked":null} 
[2026-06-17 04:26:02] local.INFO: User authenticated via bearer token {"user_id":85,"user_email":"fsdfsdf@gdfg.com"} 
[2026-06-17 04:26:02] local.INFO: Returning campaigns for user {"user_id":85,"campaign_count":1,"statuses":["live"]} 
[2026-06-17 04:26:03] local.INFO: ParseBearerToken middleware invoked {"path":"/api/v2/campaign","method":"GET","has_auth_header":true,"auth_header_preview":"Bearer 204|PS2XA2ZlPwLiWXVxcT6...","is_bearer":true} 
[2026-06-17 04:26:03] local.INFO: Extracted bearer token {"token_preview":"204|PS2XA2...","token_length":52} 
[2026-06-17 04:26:03] local.INFO: Found personal access token {"token_id":204,"user_id":85,"revoked":null} 
[2026-06-17 04:26:03] local.INFO: User authenticated via bearer token {"user_id":85,"user_email":"fsdfsdf@gdfg.com"} 
[2026-06-17 04:26:03] local.INFO: Returning campaigns for user {"user_id":85,"campaign_count":1,"statuses":["live"]} 
[2026-06-17 04:26:04] local.INFO: ParseBearerToken middleware invoked {"path":"/api/v2/campaign","method":"GET","has_auth_header":true,"auth_header_preview":"Bearer 204|PS2XA2ZlPwLiWXVxcT6...","is_bearer":true} 
[2026-06-17 04:26:04] local.INFO: Extracted bearer token {"token_preview":"204|PS2XA2...","token_length":52} 
[2026-06-17 04:26:04] local.INFO: Found personal access token {"token_id":204,"user_id":85,"revoked":null} 
[2026-06-17 04:26:04] local.INFO: User authenticated via bearer token {"user_id":85,"user_email":"fsdfsdf@gdfg.com"} 
[2026-06-17 04:26:04] local.INFO: Returning campaigns for user {"user_id":85,"campaign_count":1,"statuses":["live"]} 
[2026-06-17 04:26:04] local.INFO: ParseBearerToken middleware invoked {"path":"/api/v2/campaign","method":"GET","has_auth_header":true,"auth_header_preview":"Bearer 204|PS2XA2ZlPwLiWXVxcT6...","is_bearer":true} 
[2026-06-17 04:26:04] local.INFO: Extracted bearer token {"token_preview":"204|PS2XA2...","token_length":52} 
[2026-06-17 04:26:04] local.INFO: Found personal access token {"token_id":204,"user_id":85,"revoked":null} 
[2026-06-17 04:26:04] local.INFO: User authenticated via bearer token {"user_id":85,"user_email":"fsdfsdf@gdfg.com"} 
[2026-06-17 04:26:04] local.INFO: Returning campaigns for user {"user_id":85,"campaign_count":1,"statuses":["live"]} 
[2026-06-17 04:26:05] local.INFO: ParseBearerToken middleware invoked {"path":"/api/v2/campaign","method":"GET","has_auth_header":true,"auth_header_preview":"Bearer 204|PS2XA2ZlPwLiWXVxcT6...","is_bearer":true} 
[2026-06-17 04:26:05] local.INFO: Extracted bearer token {"token_preview":"204|PS2XA2...","token_length":52} 
[2026-06-17 04:26:05] local.INFO: Found personal access token {"token_id":204,"user_id":85,"revoked":null} 
[2026-06-17 04:26:05] local.INFO: User authenticated via bearer token {"user_id":85,"user_email":"fsdfsdf@gdfg.com"} 
[2026-06-17 04:26:05] local.INFO: Returning campaigns for user {"user_id":85,"campaign_count":1,"statuses":["live"]} 
[2026-06-17 04:26:05] local.INFO: ParseBearerToken middleware invoked {"path":"/api/v2/campaign","method":"GET","has_auth_header":true,"auth_header_preview":"Bearer 204|PS2XA2ZlPwLiWXVxcT6...","is_bearer":true} 
[2026-06-17 04:26:05] local.INFO: Extracted bearer token {"token_preview":"204|PS2XA2...","token_length":52} 
[2026-06-17 04:26:05] local.INFO: Found personal access token {"token_id":204,"user_id":85,"revoked":null} 
[2026-06-17 04:26:05] local.INFO: User authenticated via bearer token {"user_id":85,"user_email":"fsdfsdf@gdfg.com"} 
[2026-06-17 04:26:05] local.INFO: Returning campaigns for user {"user_id":85,"campaign_count":1,"statuses":["live"]} 
[2026-06-17 04:26:06] local.INFO: ParseBearerToken middleware invoked {"path":"/api/v2/campaign","method":"GET","has_auth_header":true,"auth_header_preview":"Bearer 204|PS2XA2ZlPwLiWXVxcT6...","is_bearer":true} 
[2026-06-17 04:26:06] local.INFO: Extracted bearer token {"token_preview":"204|PS2XA2...","token_length":52} 
[2026-06-17 04:26:06] local.INFO: Found personal access token {"token_id":204,"user_id":85,"revoked":null} 
[2026-06-17 04:26:06] local.INFO: User authenticated via bearer token {"user_id":85,"user_email":"fsdfsdf@gdfg.com"} 
[2026-06-17 04:26:06] local.INFO: Returning campaigns for user {"user_id":85,"campaign_count":1,"statuses":["live"]} 
[2026-06-17 04:26:06] local.INFO: ParseBearerToken middleware invoked {"path":"/api/v2/campaign","method":"GET","has_auth_header":true,"auth_header_preview":"Bearer 204|PS2XA2ZlPwLiWXVxcT6...","is_bearer":true} 
[2026-06-17 04:26:06] local.INFO: Extracted bearer token {"token_preview":"204|PS2XA2...","token_length":52} 
[2026-06-17 04:26:06] local.INFO: Found personal access token {"token_id":204,"user_id":85,"revoked":null} 
[2026-06-17 04:26:06] local.INFO: User authenticated via bearer token {"user_id":85,"user_email":"fsdfsdf@gdfg.com"} 
[2026-06-17 04:26:06] local.INFO: Returning campaigns for user {"user_id":85,"campaign_count":1,"statuses":["live"]} 
[2026-06-17 04:26:07] local.INFO: ParseBearerToken middleware invoked {"path":"/api/v2/campaign","method":"GET","has_auth_header":true,"auth_header_preview":"Bearer 204|PS2XA2ZlPwLiWXVxcT6...","is_bearer":true} 
[2026-06-17 04:26:07] local.INFO: Extracted bearer token {"token_preview":"204|PS2XA2...","token_length":52} 
[2026-06-17 04:26:07] local.INFO: Found personal access token {"token_id":204,"user_id":85,"revoked":null} 
[2026-06-17 04:26:07] local.INFO: User authenticated via bearer token {"user_id":85,"user_email":"fsdfsdf@gdfg.com"} 
[2026-06-17 04:26:07] local.INFO: Returning campaigns for user {"user_id":85,"campaign_count":1,"statuses":["live"]} 
[2026-06-17 04:26:08] local.INFO: ParseBearerToken middleware invoked {"path":"/api/v2/campaign","method":"GET","has_auth_header":true,"auth_header_preview":"Bearer 204|PS2XA2ZlPwLiWXVxcT6...","is_bearer":true} 
[2026-06-17 04:26:08] local.INFO: Extracted bearer token {"token_preview":"204|PS2XA2...","token_length":52} 
[2026-06-17 04:26:08] local.INFO: Found personal access token {"token_id":204,"user_id":85,"revoked":null} 
[2026-06-17 04:26:08] local.INFO: User authenticated via bearer token {"user_id":85,"user_email":"fsdfsdf@gdfg.com"} 
[2026-06-17 04:26:08] local.INFO: Returning campaigns for user {"user_id":85,"campaign_count":1,"statuses":["live"]} 
[2026-06-17 04:26:09] local.INFO: ParseBearerToken middleware invoked {"path":"/api/v2/campaign","method":"GET","has_auth_header":true,"auth_header_preview":"Bearer 204|PS2XA2ZlPwLiWXVxcT6...","is_bearer":true} 
[2026-06-17 04:26:09] local.INFO: Extracted bearer token {"token_preview":"204|PS2XA2...","token_length":52} 
[2026-06-17 04:26:09] local.INFO: Found personal access token {"token_id":204,"user_id":85,"revoked":null} 
[2026-06-17 04:26:09] local.INFO: User authenticated via bearer token {"user_id":85,"user_email":"fsdfsdf@gdfg.com"} 
[2026-06-17 04:26:09] local.INFO: Returning campaigns for user {"user_id":85,"campaign_count":1,"statuses":["live"]} 
[2026-06-17 04:26:10] local.INFO: ParseBearerToken middleware invoked {"path":"/api/v2/campaign","method":"GET","has_auth_header":true,"auth_header_preview":"Bearer 204|PS2XA2ZlPwLiWXVxcT6...","is_bearer":true} 
[2026-06-17 04:26:10] local.INFO: Extracted bearer token {"token_preview":"204|PS2XA2...","token_length":52} 
[2026-06-17 04:26:10] local.INFO: Found personal access token {"token_id":204,"user_id":85,"revoked":null} 
[2026-06-17 04:26:10] local.INFO: User authenticated via bearer token {"user_id":85,"user_email":"fsdfsdf@gdfg.com"} 
[2026-06-17 04:26:10] local.INFO: Returning campaigns for user {"user_id":85,"campaign_count":1,"statuses":["live"]} 
[2026-06-17 04:26:10] local.INFO: ParseBearerToken middleware invoked {"path":"/api/v2/campaign","method":"GET","has_auth_header":true,"auth_header_preview":"Bearer 204|PS2XA2ZlPwLiWXVxcT6...","is_bearer":true} 
[2026-06-17 04:26:10] local.INFO: Extracted bearer token {"token_preview":"204|PS2XA2...","token_length":52} 
[2026-06-17 04:26:10] local.INFO: Found personal access token {"token_id":204,"user_id":85,"revoked":null} 
[2026-06-17 04:26:10] local.INFO: User authenticated via bearer token {"user_id":85,"user_email":"fsdfsdf@gdfg.com"} 
[2026-06-17 04:26:10] local.INFO: Returning campaigns for user {"user_id":85,"campaign_count":1,"statuses":["live"]} 
[2026-06-17 04:26:11] local.INFO: ParseBearerToken middleware invoked {"path":"/api/v2/campaign","method":"GET","has_auth_header":true,"auth_header_preview":"Bearer 204|PS2XA2ZlPwLiWXVxcT6...","is_bearer":true} 
[2026-06-17 04:26:11] local.INFO: Extracted bearer token {"token_preview":"204|PS2XA2...","token_length":52} 
[2026-06-17 04:26:11] local.INFO: Found personal access token {"token_id":204,"user_id":85,"revoked":null} 
[2026-06-17 04:26:11] local.INFO: User authenticated via bearer token {"user_id":85,"user_email":"fsdfsdf@gdfg.com"} 
[2026-06-17 04:26:11] local.INFO: Returning campaigns for user {"user_id":85,"campaign_count":1,"statuses":["live"]} 
[2026-06-17 04:26:11] local.INFO: ParseBearerToken middleware invoked {"path":"/api/v2/campaign","method":"GET","has_auth_header":true,"auth_header_preview":"Bearer 204|PS2XA2ZlPwLiWXVxcT6...","is_bearer":true} 
[2026-06-17 04:26:11] local.INFO: Extracted bearer token {"token_preview":"204|PS2XA2...","token_length":52} 
[2026-06-17 04:26:11] local.INFO: Found personal access token {"token_id":204,"user_id":85,"revoked":null} 
[2026-06-17 04:26:11] local.INFO: User authenticated via bearer token {"user_id":85,"user_email":"fsdfsdf@gdfg.com"} 
[2026-06-17 04:26:11] local.INFO: Returning campaigns for user {"user_id":85,"campaign_count":1,"statuses":["live"]} 
[2026-06-17 04:26:12] local.INFO: ParseBearerToken middleware invoked {"path":"/api/v2/campaign","method":"GET","has_auth_header":true,"auth_header_preview":"Bearer 204|PS2XA2ZlPwLiWXVxcT6...","is_bearer":true} 
[2026-06-17 04:26:12] local.INFO: Extracted bearer token {"token_preview":"204|PS2XA2...","token_length":52} 
[2026-06-17 04:26:12] local.INFO: Found personal access token {"token_id":204,"user_id":85,"revoked":null} 
[2026-06-17 04:26:12] local.INFO: User authenticated via bearer token {"user_id":85,"user_email":"fsdfsdf@gdfg.com"} 
[2026-06-17 04:26:12] local.INFO: Returning campaigns for user {"user_id":85,"campaign_count":1,"statuses":["live"]} 
[2026-06-17 04:26:13] local.INFO: ParseBearerToken middleware invoked {"path":"/api/v2/campaign","method":"GET","has_auth_header":true,"auth_header_preview":"Bearer 204|PS2XA2ZlPwLiWXVxcT6...","is_bearer":true} 
[2026-06-17 04:26:13] local.INFO: Extracted bearer token {"token_preview":"204|PS2XA2...","token_length":52} 
[2026-06-17 04:26:13] local.INFO: Found personal access token {"token_id":204,"user_id":85,"revoked":null} 
[2026-06-17 04:26:13] local.INFO: User authenticated via bearer token {"user_id":85,"user_email":"fsdfsdf@gdfg.com"} 
[2026-06-17 04:26:13] local.INFO: Returning campaigns for user {"user_id":85,"campaign_count":1,"statuses":["live"]} 
[2026-06-17 04:26:17] local.INFO: ParseBearerToken middleware invoked {"path":"/api/v2/campaign","method":"GET","has_auth_header":true,"auth_header_preview":"Bearer 204|PS2XA2ZlPwLiWXVxcT6...","is_bearer":true} 
[2026-06-17 04:26:17] local.INFO: Extracted bearer token {"token_preview":"204|PS2XA2...","token_length":52} 
[2026-06-17 04:26:17] local.INFO: Found personal access token {"token_id":204,"user_id":85,"revoked":null} 
[2026-06-17 04:26:17] local.INFO: User authenticated via bearer token {"user_id":85,"user_email":"fsdfsdf@gdfg.com"} 
[2026-06-17 04:26:17] local.INFO: Returning campaigns for user {"user_id":85,"campaign_count":1,"statuses":["live"]} 
[2026-06-17 04:26:25] local.INFO: ParseBearerToken middleware invoked {"path":"/api/v2/campaign","method":"GET","has_auth_header":true,"auth_header_preview":"Bearer 204|PS2XA2ZlPwLiWXVxcT6...","is_bearer":true} 
[2026-06-17 04:26:25] local.INFO: Extracted bearer token {"token_preview":"204|PS2XA2...","token_length":52} 
[2026-06-17 04:26:25] local.INFO: Found personal access token {"token_id":204,"user_id":85,"revoked":null} 
[2026-06-17 04:26:25] local.INFO: User authenticated via bearer token {"user_id":85,"user_email":"fsdfsdf@gdfg.com"} 
[2026-06-17 04:26:25] local.INFO: Returning campaigns for user {"user_id":85,"campaign_count":1,"statuses":["live"]} 
[2026-06-17 04:26:44] local.INFO: ParseBearerToken middleware invoked {"path":"/api/v2/campaign","method":"GET","has_auth_header":true,"auth_header_preview":"Bearer 204|PS2XA2ZlPwLiWXVxcT6...","is_bearer":true} 
[2026-06-17 04:26:44] local.INFO: Extracted bearer token {"token_preview":"204|PS2XA2...","token_length":52} 
[2026-06-17 04:26:44] local.INFO: Found personal access token {"token_id":204,"user_id":85,"revoked":null} 
[2026-06-17 04:26:44] local.INFO: User authenticated via bearer token {"user_id":85,"user_email":"fsdfsdf@gdfg.com"} 
[2026-06-17 04:26:44] local.INFO: Returning campaigns for user {"user_id":85,"campaign_count":1,"statuses":["live"]} 
[2026-06-17 04:26:45] local.INFO: ParseBearerToken middleware invoked {"path":"/api/v2/campaign","method":"GET","has_auth_header":true,"auth_header_preview":"Bearer 204|PS2XA2ZlPwLiWXVxcT6...","is_bearer":true} 
[2026-06-17 04:26:45] local.INFO: Extracted bearer token {"token_preview":"204|PS2XA2...","token_length":52} 
[2026-06-17 04:26:45] local.INFO: Found personal access token {"token_id":204,"user_id":85,"revoked":null} 
[2026-06-17 04:26:45] local.INFO: User authenticated via bearer token {"user_id":85,"user_email":"fsdfsdf@gdfg.com"} 
[2026-06-17 04:26:45] local.INFO: Returning campaigns for user {"user_id":85,"campaign_count":1,"statuses":["live"]} 
[2026-06-17 04:26:46] local.INFO: ParseBearerToken middleware invoked {"path":"/api/v2/campaign","method":"GET","has_auth_header":true,"auth_header_preview":"Bearer 204|PS2XA2ZlPwLiWXVxcT6...","is_bearer":true} 
[2026-06-17 04:26:46] local.INFO: Extracted bearer token {"token_preview":"204|PS2XA2...","token_length":52} 
[2026-06-17 04:26:46] local.INFO: Found personal access token {"token_id":204,"user_id":85,"revoked":null} 
[2026-06-17 04:26:46] local.INFO: User authenticated via bearer token {"user_id":85,"user_email":"fsdfsdf@gdfg.com"} 
[2026-06-17 04:26:46] local.INFO: Returning campaigns for user {"user_id":85,"campaign_count":1,"statuses":["live"]} 
[2026-06-17 04:26:47] local.INFO: ParseBearerToken middleware invoked {"path":"/api/v2/campaign","method":"GET","has_auth_header":true,"auth_header_preview":"Bearer 204|PS2XA2ZlPwLiWXVxcT6...","is_bearer":true} 
[2026-06-17 04:26:47] local.INFO: Extracted bearer token {"token_preview":"204|PS2XA2...","token_length":52} 
[2026-06-17 04:26:47] local.INFO: Found personal access token {"token_id":204,"user_id":85,"revoked":null} 
[2026-06-17 04:26:47] local.INFO: User authenticated via bearer token {"user_id":85,"user_email":"fsdfsdf@gdfg.com"} 
[2026-06-17 04:26:47] local.INFO: Returning campaigns for user {"user_id":85,"campaign_count":1,"statuses":["live"]} 
[2026-06-17 04:26:48] local.INFO: ParseBearerToken middleware invoked {"path":"/api/v2/campaign","method":"GET","has_auth_header":true,"auth_header_preview":"Bearer 204|PS2XA2ZlPwLiWXVxcT6...","is_bearer":true} 
[2026-06-17 04:26:48] local.INFO: Extracted bearer token {"token_preview":"204|PS2XA2...","token_length":52} 
[2026-06-17 04:26:48] local.INFO: Found personal access token {"token_id":204,"user_id":85,"revoked":null} 
[2026-06-17 04:26:48] local.INFO: User authenticated via bearer token {"user_id":85,"user_email":"fsdfsdf@gdfg.com"} 
[2026-06-17 04:26:48] local.INFO: Returning campaigns for user {"user_id":85,"campaign_count":1,"statuses":["live"]} 
[2026-06-17 04:26:49] local.INFO: ParseBearerToken middleware invoked {"path":"/api/v2/campaign","method":"GET","has_auth_header":true,"auth_header_preview":"Bearer 204|PS2XA2ZlPwLiWXVxcT6...","is_bearer":true} 
[2026-06-17 04:26:49] local.INFO: Extracted bearer token {"token_preview":"204|PS2XA2...","token_length":52} 
[2026-06-17 04:26:49] local.INFO: Found personal access token {"token_id":204,"user_id":85,"revoked":null} 
[2026-06-17 04:26:49] local.INFO: User authenticated via bearer token {"user_id":85,"user_email":"fsdfsdf@gdfg.com"} 
[2026-06-17 04:26:49] local.INFO: Returning campaigns for user {"user_id":85,"campaign_count":1,"statuses":["live"]} 
[2026-06-17 04:26:51] local.INFO: ParseBearerToken middleware invoked {"path":"/api/v2/campaign","method":"GET","has_auth_header":true,"auth_header_preview":"Bearer 204|PS2XA2ZlPwLiWXVxcT6...","is_bearer":true} 
[2026-06-17 04:26:51] local.INFO: Extracted bearer token {"token_preview":"204|PS2XA2...","token_length":52} 
[2026-06-17 04:26:51] local.INFO: Found personal access token {"token_id":204,"user_id":85,"revoked":null} 
[2026-06-17 04:26:51] local.INFO: User authenticated via bearer token {"user_id":85,"user_email":"fsdfsdf@gdfg.com"} 
[2026-06-17 04:26:51] local.INFO: Returning campaigns for user {"user_id":85,"campaign_count":1,"statuses":["live"]} 
[2026-06-17 04:26:51] local.INFO: ParseBearerToken middleware invoked {"path":"/api/v2/campaign","method":"GET","has_auth_header":true,"auth_header_preview":"Bearer 204|PS2XA2ZlPwLiWXVxcT6...","is_bearer":true} 
[2026-06-17 04:26:51] local.INFO: Extracted bearer token {"token_preview":"204|PS2XA2...","token_length":52} 
[2026-06-17 04:26:51] local.INFO: Found personal access token {"token_id":204,"user_id":85,"revoked":null} 
[2026-06-17 04:26:51] local.INFO: User authenticated via bearer token {"user_id":85,"user_email":"fsdfsdf@gdfg.com"} 
[2026-06-17 04:26:51] local.INFO: Returning campaigns for user {"user_id":85,"campaign_count":1,"statuses":["live"]} 
[2026-06-17 04:26:52] local.INFO: ParseBearerToken middleware invoked {"path":"/api/v2/campaign","method":"GET","has_auth_header":true,"auth_header_preview":"Bearer 204|PS2XA2ZlPwLiWXVxcT6...","is_bearer":true} 
[2026-06-17 04:26:52] local.INFO: Extracted bearer token {"token_preview":"204|PS2XA2...","token_length":52} 
[2026-06-17 04:26:52] local.INFO: Found personal access token {"token_id":204,"user_id":85,"revoked":null} 
[2026-06-17 04:26:52] local.INFO: User authenticated via bearer token {"user_id":85,"user_email":"fsdfsdf@gdfg.com"} 
[2026-06-17 04:26:52] local.INFO: Returning campaigns for user {"user_id":85,"campaign_count":1,"statuses":["live"]} 
[2026-06-17 04:26:53] local.INFO: ParseBearerToken middleware invoked {"path":"/api/v2/campaign","method":"GET","has_auth_header":true,"auth_header_preview":"Bearer 204|PS2XA2ZlPwLiWXVxcT6...","is_bearer":true} 
[2026-06-17 04:26:53] local.INFO: Extracted bearer token {"token_preview":"204|PS2XA2...","token_length":52} 
[2026-06-17 04:26:53] local.INFO: Found personal access token {"token_id":204,"user_id":85,"revoked":null} 
[2026-06-17 04:26:53] local.INFO: User authenticated via bearer token {"user_id":85,"user_email":"fsdfsdf@gdfg.com"} 
[2026-06-17 04:26:53] local.INFO: Returning campaigns for user {"user_id":85,"campaign_count":1,"statuses":["live"]} 
[2026-06-17 04:26:54] local.INFO: ParseBearerToken middleware invoked {"path":"/api/v2/campaign","method":"GET","has_auth_header":true,"auth_header_preview":"Bearer 204|PS2XA2ZlPwLiWXVxcT6...","is_bearer":true} 
[2026-06-17 04:26:54] local.INFO: Extracted bearer token {"token_preview":"204|PS2XA2...","token_length":52} 
[2026-06-17 04:26:54] local.INFO: Found personal access token {"token_id":204,"user_id":85,"revoked":null} 
[2026-06-17 04:26:54] local.INFO: User authenticated via bearer token {"user_id":85,"user_email":"fsdfsdf@gdfg.com"} 
[2026-06-17 04:26:54] local.INFO: Returning campaigns for user {"user_id":85,"campaign_count":1,"statuses":["live"]} 
[2026-06-17 04:26:55] local.INFO: ParseBearerToken middleware invoked {"path":"/api/v2/campaign","method":"GET","has_auth_header":true,"auth_header_preview":"Bearer 204|PS2XA2ZlPwLiWXVxcT6...","is_bearer":true} 
[2026-06-17 04:26:55] local.INFO: Extracted bearer token {"token_preview":"204|PS2XA2...","token_length":52} 
[2026-06-17 04:26:55] local.INFO: Found personal access token {"token_id":204,"user_id":85,"revoked":null} 
[2026-06-17 04:26:55] local.INFO: User authenticated via bearer token {"user_id":85,"user_email":"fsdfsdf@gdfg.com"} 
[2026-06-17 04:26:55] local.INFO: Returning campaigns for user {"user_id":85,"campaign_count":1,"statuses":["live"]} 
[2026-06-17 04:26:59] local.INFO: ParseBearerToken middleware invoked {"path":"/api/v2/campaign","method":"GET","has_auth_header":true,"auth_header_preview":"Bearer 204|PS2XA2ZlPwLiWXVxcT6...","is_bearer":true} 
[2026-06-17 04:26:59] local.INFO: Extracted bearer token {"token_preview":"204|PS2XA2...","token_length":52} 
[2026-06-17 04:26:59] local.INFO: Found personal access token {"token_id":204,"user_id":85,"revoked":null} 
[2026-06-17 04:26:59] local.INFO: User authenticated via bearer token {"user_id":85,"user_email":"fsdfsdf@gdfg.com"} 
[2026-06-17 04:26:59] local.INFO: Returning campaigns for user {"user_id":85,"campaign_count":1,"statuses":["live"]} 
[2026-06-17 04:27:13] local.INFO: ParseBearerToken middleware invoked {"path":"/api/v2/campaign","method":"GET","has_auth_header":true,"auth_header_preview":"Bearer 204|PS2XA2ZlPwLiWXVxcT6...","is_bearer":true} 
[2026-06-17 04:27:13] local.INFO: Extracted bearer token {"token_preview":"204|PS2XA2...","token_length":52} 
[2026-06-17 04:27:13] local.INFO: Found personal access token {"token_id":204,"user_id":85,"revoked":null} 
[2026-06-17 04:27:14] local.INFO: User authenticated via bearer token {"user_id":85,"user_email":"fsdfsdf@gdfg.com"} 
[2026-06-17 04:27:14] local.INFO: Returning campaigns for user {"user_id":85,"campaign_count":1,"statuses":["live"]} 
[2026-06-17 04:27:54] local.INFO: ParseBearerToken middleware invoked {"path":"/api/v2/campaign","method":"GET","has_auth_header":true,"auth_header_preview":"Bearer 204|PS2XA2ZlPwLiWXVxcT6...","is_bearer":true} 
[2026-06-17 04:27:54] local.INFO: Extracted bearer token {"token_preview":"204|PS2XA2...","token_length":52} 
[2026-06-17 04:27:54] local.INFO: Found personal access token {"token_id":204,"user_id":85,"revoked":null} 
[2026-06-17 04:27:54] local.INFO: User authenticated via bearer token {"user_id":85,"user_email":"fsdfsdf@gdfg.com"} 
[2026-06-17 04:27:54] local.INFO: Returning campaigns for user {"user_id":85,"campaign_count":1,"statuses":["live"]} 
[2026-06-17 04:27:55] local.INFO: ParseBearerToken middleware invoked {"path":"/api/v2/campaign","method":"GET","has_auth_header":true,"auth_header_preview":"Bearer 204|PS2XA2ZlPwLiWXVxcT6...","is_bearer":true} 
[2026-06-17 04:27:55] local.INFO: Extracted bearer token {"token_preview":"204|PS2XA2...","token_length":52} 
[2026-06-17 04:27:55] local.INFO: Found personal access token {"token_id":204,"user_id":85,"revoked":null} 
[2026-06-17 04:27:55] local.INFO: User authenticated via bearer token {"user_id":85,"user_email":"fsdfsdf@gdfg.com"} 
[2026-06-17 04:27:55] local.INFO: Returning campaigns for user {"user_id":85,"campaign_count":1,"statuses":["live"]} 
[2026-06-17 04:27:55] local.INFO: ParseBearerToken middleware invoked {"path":"/api/v2/campaign","method":"GET","has_auth_header":true,"auth_header_preview":"Bearer 204|PS2XA2ZlPwLiWXVxcT6...","is_bearer":true} 
[2026-06-17 04:27:55] local.INFO: Extracted bearer token {"token_preview":"204|PS2XA2...","token_length":52} 
[2026-06-17 04:27:55] local.INFO: Found personal access token {"token_id":204,"user_id":85,"revoked":null} 
[2026-06-17 04:27:55] local.INFO: User authenticated via bearer token {"user_id":85,"user_email":"fsdfsdf@gdfg.com"} 
[2026-06-17 04:27:55] local.INFO: Returning campaigns for user {"user_id":85,"campaign_count":1,"statuses":["live"]} 
[2026-06-17 04:27:56] local.INFO: ParseBearerToken middleware invoked {"path":"/api/v2/campaign","method":"GET","has_auth_header":true,"auth_header_preview":"Bearer 204|PS2XA2ZlPwLiWXVxcT6...","is_bearer":true} 
[2026-06-17 04:27:56] local.INFO: Extracted bearer token {"token_preview":"204|PS2XA2...","token_length":52} 
[2026-06-17 04:27:56] local.INFO: Found personal access token {"token_id":204,"user_id":85,"revoked":null} 
[2026-06-17 04:27:56] local.INFO: User authenticated via bearer token {"user_id":85,"user_email":"fsdfsdf@gdfg.com"} 
[2026-06-17 04:27:56] local.INFO: Returning campaigns for user {"user_id":85,"campaign_count":1,"statuses":["live"]} 
[2026-06-17 04:27:56] local.INFO: ParseBearerToken middleware invoked {"path":"/api/v2/campaign","method":"GET","has_auth_header":true,"auth_header_preview":"Bearer 204|PS2XA2ZlPwLiWXVxcT6...","is_bearer":true} 
[2026-06-17 04:27:56] local.INFO: Extracted bearer token {"token_preview":"204|PS2XA2...","token_length":52} 
[2026-06-17 04:27:56] local.INFO: Found personal access token {"token_id":204,"user_id":85,"revoked":null} 
[2026-06-17 04:27:56] local.INFO: User authenticated via bearer token {"user_id":85,"user_email":"fsdfsdf@gdfg.com"} 
[2026-06-17 04:27:56] local.INFO: Returning campaigns for user {"user_id":85,"campaign_count":1,"statuses":["live"]} 
[2026-06-17 04:27:57] local.INFO: ParseBearerToken middleware invoked {"path":"/api/v2/campaign","method":"GET","has_auth_header":true,"auth_header_preview":"Bearer 204|PS2XA2ZlPwLiWXVxcT6...","is_bearer":true} 
[2026-06-17 04:27:57] local.INFO: Extracted bearer token {"token_preview":"204|PS2XA2...","token_length":52} 
[2026-06-17 04:27:57] local.INFO: Found personal access token {"token_id":204,"user_id":85,"revoked":null} 
[2026-06-17 04:27:57] local.INFO: User authenticated via bearer token {"user_id":85,"user_email":"fsdfsdf@gdfg.com"} 
[2026-06-17 04:27:57] local.INFO: Returning campaigns for user {"user_id":85,"campaign_count":1,"statuses":["live"]} 
[2026-06-17 04:27:58] local.INFO: ParseBearerToken middleware invoked {"path":"/api/v2/campaign","method":"GET","has_auth_header":true,"auth_header_preview":"Bearer 204|PS2XA2ZlPwLiWXVxcT6...","is_bearer":true} 
[2026-06-17 04:27:58] local.INFO: Extracted bearer token {"token_preview":"204|PS2XA2...","token_length":52} 
[2026-06-17 04:27:58] local.INFO: Found personal access token {"token_id":204,"user_id":85,"revoked":null} 
[2026-06-17 04:27:58] local.INFO: User authenticated via bearer token {"user_id":85,"user_email":"fsdfsdf@gdfg.com"} 
[2026-06-17 04:27:58] local.INFO: Returning campaigns for user {"user_id":85,"campaign_count":1,"statuses":["live"]} 
[2026-06-17 04:27:59] local.INFO: ParseBearerToken middleware invoked {"path":"/api/v2/campaign","method":"GET","has_auth_header":true,"auth_header_preview":"Bearer 204|PS2XA2ZlPwLiWXVxcT6...","is_bearer":true} 
[2026-06-17 04:27:59] local.INFO: Extracted bearer token {"token_preview":"204|PS2XA2...","token_length":52} 
[2026-06-17 04:27:59] local.INFO: Found personal access token {"token_id":204,"user_id":85,"revoked":null} 
[2026-06-17 04:27:59] local.INFO: User authenticated via bearer token {"user_id":85,"user_email":"fsdfsdf@gdfg.com"} 
[2026-06-17 04:27:59] local.INFO: Returning campaigns for user {"user_id":85,"campaign_count":1,"statuses":["live"]} 
[2026-06-17 04:28:00] local.INFO: ParseBearerToken middleware invoked {"path":"/api/v2/campaign","method":"GET","has_auth_header":true,"auth_header_preview":"Bearer 204|PS2XA2ZlPwLiWXVxcT6...","is_bearer":true} 
[2026-06-17 04:28:00] local.INFO: Extracted bearer token {"token_preview":"204|PS2XA2...","token_length":52} 
[2026-06-17 04:28:00] local.INFO: Found personal access token {"token_id":204,"user_id":85,"revoked":null} 
[2026-06-17 04:28:00] local.INFO: User authenticated via bearer token {"user_id":85,"user_email":"fsdfsdf@gdfg.com"} 
[2026-06-17 04:28:00] local.INFO: Returning campaigns for user {"user_id":85,"campaign_count":1,"statuses":["live"]} 
[2026-06-17 04:28:00] local.INFO: ParseBearerToken middleware invoked {"path":"/api/v2/campaign","method":"GET","has_auth_header":true,"auth_header_preview":"Bearer 204|PS2XA2ZlPwLiWXVxcT6...","is_bearer":true} 
[2026-06-17 04:28:00] local.INFO: Extracted bearer token {"token_preview":"204|PS2XA2...","token_length":52} 
[2026-06-17 04:28:00] local.INFO: Found personal access token {"token_id":204,"user_id":85,"revoked":null} 
[2026-06-17 04:28:00] local.INFO: User authenticated via bearer token {"user_id":85,"user_email":"fsdfsdf@gdfg.com"} 
[2026-06-17 04:28:00] local.INFO: Returning campaigns for user {"user_id":85,"campaign_count":1,"statuses":["live"]} 
[2026-06-17 04:28:01] local.INFO: ParseBearerToken middleware invoked {"path":"/api/v2/campaign","method":"GET","has_auth_header":true,"auth_header_preview":"Bearer 204|PS2XA2ZlPwLiWXVxcT6...","is_bearer":true} 
[2026-06-17 04:28:01] local.INFO: Extracted bearer token {"token_preview":"204|PS2XA2...","token_length":52} 
[2026-06-17 04:28:01] local.INFO: ParseBearerToken middleware invoked {"path":"/api/v2/campaign","method":"GET","has_auth_header":true,"auth_header_preview":"Bearer 204|PS2XA2ZlPwLiWXVxcT6...","is_bearer":true} 
[2026-06-17 04:28:01] local.INFO: Extracted bearer token {"token_preview":"204|PS2XA2...","token_length":52} 
[2026-06-17 04:28:01] local.INFO: Found personal access token {"token_id":204,"user_id":85,"revoked":null} 
[2026-06-17 04:28:01] local.INFO: Found personal access token {"token_id":204,"user_id":85,"revoked":null} 
[2026-06-17 04:28:01] local.INFO: User authenticated via bearer token {"user_id":85,"user_email":"fsdfsdf@gdfg.com"} 
[2026-06-17 04:28:01] local.INFO: User authenticated via bearer token {"user_id":85,"user_email":"fsdfsdf@gdfg.com"} 
[2026-06-17 04:28:01] local.INFO: Returning campaigns for user {"user_id":85,"campaign_count":1,"statuses":["live"]} 
[2026-06-17 04:28:01] local.INFO: Returning campaigns for user {"user_id":85,"campaign_count":1,"statuses":["live"]} 
[2026-06-17 04:28:01] local.INFO: ParseBearerToken middleware invoked {"path":"/api/v2/campaign","method":"GET","has_auth_header":true,"auth_header_preview":"Bearer 204|PS2XA2ZlPwLiWXVxcT6...","is_bearer":true} 
[2026-06-17 04:28:01] local.INFO: Extracted bearer token {"token_preview":"204|PS2XA2...","token_length":52} 
[2026-06-17 04:28:01] local.INFO: Found personal access token {"token_id":204,"user_id":85,"revoked":null} 
[2026-06-17 04:28:01] local.INFO: User authenticated via bearer token {"user_id":85,"user_email":"fsdfsdf@gdfg.com"} 
[2026-06-17 04:28:01] local.INFO: Returning campaigns for user {"user_id":85,"campaign_count":1,"statuses":["live"]} 
[2026-06-17 04:28:02] local.INFO: ParseBearerToken middleware invoked {"path":"/api/v2/campaign","method":"GET","has_auth_header":true,"auth_header_preview":"Bearer 204|PS2XA2ZlPwLiWXVxcT6...","is_bearer":true} 
[2026-06-17 04:28:02] local.INFO: Extracted bearer token {"token_preview":"204|PS2XA2...","token_length":52} 
[2026-06-17 04:28:02] local.INFO: Found personal access token {"token_id":204,"user_id":85,"revoked":null} 
[2026-06-17 04:28:02] local.INFO: User authenticated via bearer token {"user_id":85,"user_email":"fsdfsdf@gdfg.com"} 
[2026-06-17 04:28:02] local.INFO: Returning campaigns for user {"user_id":85,"campaign_count":1,"statuses":["live"]} 
[2026-06-17 04:28:02] local.INFO: ParseBearerToken middleware invoked {"path":"/api/v2/campaign","method":"GET","has_auth_header":true,"auth_header_preview":"Bearer 204|PS2XA2ZlPwLiWXVxcT6...","is_bearer":true} 
[2026-06-17 04:28:02] local.INFO: Extracted bearer token {"token_preview":"204|PS2XA2...","token_length":52} 
[2026-06-17 04:28:02] local.INFO: Found personal access token {"token_id":204,"user_id":85,"revoked":null} 
[2026-06-17 04:28:02] local.INFO: User authenticated via bearer token {"user_id":85,"user_email":"fsdfsdf@gdfg.com"} 
[2026-06-17 04:28:02] local.INFO: Returning campaigns for user {"user_id":85,"campaign_count":1,"statuses":["live"]} 
[2026-06-17 04:28:02] local.INFO: ParseBearerToken middleware invoked {"path":"/api/v2/campaign","method":"GET","has_auth_header":true,"auth_header_preview":"Bearer 204|PS2XA2ZlPwLiWXVxcT6...","is_bearer":true} 
[2026-06-17 04:28:02] local.INFO: Extracted bearer token {"token_preview":"204|PS2XA2...","token_length":52} 
[2026-06-17 04:28:02] local.INFO: Found personal access token {"token_id":204,"user_id":85,"revoked":null} 
[2026-06-17 04:28:02] local.INFO: User authenticated via bearer token {"user_id":85,"user_email":"fsdfsdf@gdfg.com"} 
[2026-06-17 04:28:02] local.INFO: Returning campaigns for user {"user_id":85,"campaign_count":1,"statuses":["live"]} 
[2026-06-17 04:28:02] local.INFO: ParseBearerToken middleware invoked {"path":"/api/v2/campaign","method":"GET","has_auth_header":true,"auth_header_preview":"Bearer 204|PS2XA2ZlPwLiWXVxcT6...","is_bearer":true} 
[2026-06-17 04:28:02] local.INFO: Extracted bearer token {"token_preview":"204|PS2XA2...","token_length":52} 
[2026-06-17 04:28:02] local.INFO: Found personal access token {"token_id":204,"user_id":85,"revoked":null} 
[2026-06-17 04:28:02] local.INFO: User authenticated via bearer token {"user_id":85,"user_email":"fsdfsdf@gdfg.com"} 
[2026-06-17 04:28:02] local.INFO: Returning campaigns for user {"user_id":85,"campaign_count":1,"statuses":["live"]} 
[2026-06-17 04:28:03] local.INFO: ParseBearerToken middleware invoked {"path":"/api/v2/campaign","method":"GET","has_auth_header":true,"auth_header_preview":"Bearer 204|PS2XA2ZlPwLiWXVxcT6...","is_bearer":true} 
[2026-06-17 04:28:03] local.INFO: Extracted bearer token {"token_preview":"204|PS2XA2...","token_length":52} 
[2026-06-17 04:28:03] local.INFO: Found personal access token {"token_id":204,"user_id":85,"revoked":null} 
[2026-06-17 04:28:03] local.INFO: User authenticated via bearer token {"user_id":85,"user_email":"fsdfsdf@gdfg.com"} 
[2026-06-17 04:28:03] local.INFO: Returning campaigns for user {"user_id":85,"campaign_count":1,"statuses":["live"]} 
[2026-06-17 04:28:03] local.INFO: ParseBearerToken middleware invoked {"path":"/api/v2/campaign","method":"GET","has_auth_header":true,"auth_header_preview":"Bearer 204|PS2XA2ZlPwLiWXVxcT6...","is_bearer":true} 
[2026-06-17 04:28:03] local.INFO: Extracted bearer token {"token_preview":"204|PS2XA2...","token_length":52} 
[2026-06-17 04:28:03] local.INFO: Found personal access token {"token_id":204,"user_id":85,"revoked":null} 
[2026-06-17 04:28:03] local.INFO: User authenticated via bearer token {"user_id":85,"user_email":"fsdfsdf@gdfg.com"} 
[2026-06-17 04:28:03] local.INFO: Returning campaigns for user {"user_id":85,"campaign_count":1,"statuses":["live"]} 
[2026-06-17 04:34:18] local.INFO: ParseBearerToken middleware invoked {"path":"/api/v2/campaign","method":"GET","has_auth_header":true,"auth_header_preview":"Bearer 204|PS2XA2ZlPwLiWXVxcT6...","is_bearer":true} 
[2026-06-17 04:34:18] local.INFO: Extracted bearer token {"token_preview":"204|PS2XA2...","token_length":52} 
[2026-06-17 04:34:18] local.INFO: Found personal access token {"token_id":204,"user_id":85,"revoked":null} 
[2026-06-17 04:34:18] local.INFO: User authenticated via bearer token {"user_id":85,"user_email":"fsdfsdf@gdfg.com"} 
[2026-06-17 04:34:18] local.INFO: Returning campaigns for user {"user_id":85,"campaign_count":1,"statuses":["live"]} 
[2026-06-17 04:34:20] local.INFO: ParseBearerToken middleware invoked {"path":"/api/v2/campaign","method":"GET","has_auth_header":true,"auth_header_preview":"Bearer 204|PS2XA2ZlPwLiWXVxcT6...","is_bearer":true} 
[2026-06-17 04:34:20] local.INFO: Extracted bearer token {"token_preview":"204|PS2XA2...","token_length":52} 
[2026-06-17 04:34:20] local.INFO: Found personal access token {"token_id":204,"user_id":85,"revoked":null} 
[2026-06-17 04:34:20] local.INFO: User authenticated via bearer token {"user_id":85,"user_email":"fsdfsdf@gdfg.com"} 
[2026-06-17 04:34:20] local.INFO: Returning campaigns for user {"user_id":85,"campaign_count":1,"statuses":["live"]} 
[2026-06-17 04:34:33] local.INFO: ParseBearerToken middleware invoked {"path":"/api/v2/campaign","method":"GET","has_auth_header":true,"auth_header_preview":"Bearer 204|PS2XA2ZlPwLiWXVxcT6...","is_bearer":true} 
[2026-06-17 04:34:33] local.INFO: Extracted bearer token {"token_preview":"204|PS2XA2...","token_length":52} 
[2026-06-17 04:34:33] local.INFO: Found personal access token {"token_id":204,"user_id":85,"revoked":null} 
[2026-06-17 04:34:33] local.INFO: User authenticated via bearer token {"user_id":85,"user_email":"fsdfsdf@gdfg.com"} 
[2026-06-17 04:34:33] local.INFO: Returning campaigns for user {"user_id":85,"campaign_count":1,"statuses":["live"]} 
[2026-06-17 04:34:34] local.INFO: ParseBearerToken middleware invoked {"path":"/api/v2/campaign","method":"GET","has_auth_header":true,"auth_header_preview":"Bearer 204|PS2XA2ZlPwLiWXVxcT6...","is_bearer":true} 
[2026-06-17 04:34:34] local.INFO: Extracted bearer token {"token_preview":"204|PS2XA2...","token_length":52} 
[2026-06-17 04:34:34] local.INFO: Found personal access token {"token_id":204,"user_id":85,"revoked":null} 
[2026-06-17 04:34:34] local.INFO: User authenticated via bearer token {"user_id":85,"user_email":"fsdfsdf@gdfg.com"} 
[2026-06-17 04:34:34] local.INFO: Returning campaigns for user {"user_id":85,"campaign_count":1,"statuses":["live"]} 
[2026-06-17 04:34:40] local.INFO: ParseBearerToken middleware invoked {"path":"/api/v2/campaign","method":"GET","has_auth_header":true,"auth_header_preview":"Bearer 204|PS2XA2ZlPwLiWXVxcT6...","is_bearer":true} 
[2026-06-17 04:34:40] local.INFO: Extracted bearer token {"token_preview":"204|PS2XA2...","token_length":52} 
[2026-06-17 04:34:40] local.INFO: Found personal access token {"token_id":204,"user_id":85,"revoked":null} 
[2026-06-17 04:34:40] local.INFO: User authenticated via bearer token {"user_id":85,"user_email":"fsdfsdf@gdfg.com"} 
[2026-06-17 04:34:40] local.INFO: Returning campaigns for user {"user_id":85,"campaign_count":1,"statuses":["live"]} 
[2026-06-17 04:34:41] local.INFO: ParseBearerToken middleware invoked {"path":"/api/v2/campaign","method":"GET","has_auth_header":true,"auth_header_preview":"Bearer 204|PS2XA2ZlPwLiWXVxcT6...","is_bearer":true} 
[2026-06-17 04:34:41] local.INFO: Extracted bearer token {"token_preview":"204|PS2XA2...","token_length":52} 
[2026-06-17 04:34:41] local.INFO: Found personal access token {"token_id":204,"user_id":85,"revoked":null} 
[2026-06-17 04:34:41] local.INFO: User authenticated via bearer token {"user_id":85,"user_email":"fsdfsdf@gdfg.com"} 
[2026-06-17 04:34:41] local.INFO: Returning campaigns for user {"user_id":85,"campaign_count":1,"statuses":["live"]} 
[2026-06-17 04:35:13] local.INFO: ParseBearerToken middleware invoked {"path":"/api/v2/campaign","method":"GET","has_auth_header":true,"auth_header_preview":"Bearer 204|PS2XA2ZlPwLiWXVxcT6...","is_bearer":true} 
[2026-06-17 04:35:13] local.INFO: Extracted bearer token {"token_preview":"204|PS2XA2...","token_length":52} 
[2026-06-17 04:35:13] local.INFO: Found personal access token {"token_id":204,"user_id":85,"revoked":null} 
[2026-06-17 04:35:13] local.INFO: User authenticated via bearer token {"user_id":85,"user_email":"fsdfsdf@gdfg.com"} 
[2026-06-17 04:35:13] local.INFO: Returning campaigns for user {"user_id":85,"campaign_count":1,"statuses":["live"]} 
[2026-06-17 04:35:15] local.INFO: ParseBearerToken middleware invoked {"path":"/api/v2/campaign","method":"GET","has_auth_header":true,"auth_header_preview":"Bearer 204|PS2XA2ZlPwLiWXVxcT6...","is_bearer":true} 
[2026-06-17 04:35:15] local.INFO: Extracted bearer token {"token_preview":"204|PS2XA2...","token_length":52} 
[2026-06-17 04:35:15] local.INFO: Found personal access token {"token_id":204,"user_id":85,"revoked":null} 
[2026-06-17 04:35:15] local.INFO: User authenticated via bearer token {"user_id":85,"user_email":"fsdfsdf@gdfg.com"} 
[2026-06-17 04:35:15] local.INFO: Returning campaigns for user {"user_id":85,"campaign_count":1,"statuses":["live"]} 
[2026-06-17 04:35:49] local.INFO: ParseBearerToken middleware invoked {"path":"/api/v2/campaign","method":"GET","has_auth_header":true,"auth_header_preview":"Bearer 204|PS2XA2ZlPwLiWXVxcT6...","is_bearer":true} 
[2026-06-17 04:35:49] local.INFO: Extracted bearer token {"token_preview":"204|PS2XA2...","token_length":52} 
[2026-06-17 04:35:49] local.INFO: Found personal access token {"token_id":204,"user_id":85,"revoked":null} 
[2026-06-17 04:35:49] local.INFO: User authenticated via bearer token {"user_id":85,"user_email":"fsdfsdf@gdfg.com"} 
[2026-06-17 04:35:49] local.INFO: Returning campaigns for user {"user_id":85,"campaign_count":1,"statuses":["live"]} 
[2026-06-17 04:36:29] local.INFO: ParseBearerToken middleware invoked {"path":"/api/v2/pledge/user","method":"GET","has_auth_header":true,"auth_header_preview":"Bearer 204|PS2XA2ZlPwLiWXVxcT6...","is_bearer":true} 
[2026-06-17 04:36:29] local.INFO: Extracted bearer token {"token_preview":"204|PS2XA2...","token_length":52} 
[2026-06-17 04:36:29] local.INFO: Found personal access token {"token_id":204,"user_id":85,"revoked":null} 
[2026-06-17 04:36:29] local.INFO: User authenticated via bearer token {"user_id":85,"user_email":"fsdfsdf@gdfg.com"} 
[2026-06-17 04:36:31] local.INFO: ParseBearerToken middleware invoked {"path":"/api/v2/pledge/user","method":"GET","has_auth_header":true,"auth_header_preview":"Bearer 204|PS2XA2ZlPwLiWXVxcT6...","is_bearer":true} 
[2026-06-17 04:36:31] local.INFO: Extracted bearer token {"token_preview":"204|PS2XA2...","token_length":52} 
[2026-06-17 04:36:31] local.INFO: Found personal access token {"token_id":204,"user_id":85,"revoked":null} 
[2026-06-17 04:36:31] local.INFO: User authenticated via bearer token {"user_id":85,"user_email":"fsdfsdf@gdfg.com"} 
[2026-06-17 04:36:42] local.INFO: ParseBearerToken middleware invoked {"path":"/api/v2/campaign","method":"GET","has_auth_header":true,"auth_header_preview":"Bearer 204|PS2XA2ZlPwLiWXVxcT6...","is_bearer":true} 
[2026-06-17 04:36:42] local.INFO: Extracted bearer token {"token_preview":"204|PS2XA2...","token_length":52} 
[2026-06-17 04:36:42] local.INFO: Found personal access token {"token_id":204,"user_id":85,"revoked":null} 
[2026-06-17 04:36:42] local.INFO: User authenticated via bearer token {"user_id":85,"user_email":"fsdfsdf@gdfg.com"} 
[2026-06-17 04:36:42] local.INFO: Returning campaigns for user {"user_id":85,"campaign_count":1,"statuses":["live"]} 
[2026-06-17 04:36:44] local.INFO: ParseBearerToken middleware invoked {"path":"/api/v2/campaign","method":"GET","has_auth_header":true,"auth_header_preview":"Bearer 204|PS2XA2ZlPwLiWXVxcT6...","is_bearer":true} 
[2026-06-17 04:36:44] local.INFO: Extracted bearer token {"token_preview":"204|PS2XA2...","token_length":52} 
[2026-06-17 04:36:44] local.INFO: Found personal access token {"token_id":204,"user_id":85,"revoked":null} 
[2026-06-17 04:36:44] local.INFO: User authenticated via bearer token {"user_id":85,"user_email":"fsdfsdf@gdfg.com"} 
[2026-06-17 04:36:44] local.INFO: Returning campaigns for user {"user_id":85,"campaign_count":1,"statuses":["live"]} 
[2026-06-17 04:37:42] local.INFO: ParseBearerToken middleware invoked {"path":"/api/v2/campaign/106/vote","method":"POST","has_auth_header":true,"auth_header_preview":"Bearer 204|PS2XA2ZlPwLiWXVxcT6...","is_bearer":true} 
[2026-06-17 04:37:42] local.INFO: Extracted bearer token {"token_preview":"204|PS2XA2...","token_length":52} 
[2026-06-17 04:37:42] local.INFO: Found personal access token {"token_id":204,"user_id":85,"revoked":null} 
[2026-06-17 04:37:42] local.INFO: User authenticated via bearer token {"user_id":85,"user_email":"fsdfsdf@gdfg.com"} 
[2026-06-17 04:37:42] local.INFO: Campaign voted {"user_id":85,"campaign_id":"106","vote_type":"no","new_upvote_count":0} 
[2026-06-17 04:38:15] local.INFO: ParseBearerToken middleware invoked {"path":"/api/v2/campaign/106/vote","method":"POST","has_auth_header":true,"auth_header_preview":"Bearer 204|PS2XA2ZlPwLiWXVxcT6...","is_bearer":true} 
[2026-06-17 04:38:15] local.INFO: Extracted bearer token {"token_preview":"204|PS2XA2...","token_length":52} 
[2026-06-17 04:38:15] local.INFO: Found personal access token {"token_id":204,"user_id":85,"revoked":null} 
[2026-06-17 04:38:15] local.INFO: User authenticated via bearer token {"user_id":85,"user_email":"fsdfsdf@gdfg.com"} 
[2026-06-17 04:38:15] local.INFO: Campaign voted {"user_id":85,"campaign_id":"106","vote_type":"up","new_upvote_count":1} 
[2026-06-17 14:18:10] local.INFO: ParseBearerToken middleware invoked {"path":"/api/v2/campaign/109/vote","method":"POST","has_auth_header":true,"auth_header_preview":"Bearer 204|PS2XA2ZlPwLiWXVxcT6...","is_bearer":true} 
[2026-06-17 14:18:10] local.INFO: Extracted bearer token {"token_preview":"204|PS2XA2...","token_length":52} 
[2026-06-17 14:18:10] local.INFO: Found personal access token {"token_id":204,"user_id":85,"revoked":null} 
[2026-06-17 14:18:10] local.INFO: User authenticated via bearer token {"user_id":85,"user_email":"fsdfsdf@gdfg.com"} 
[2026-06-17 14:18:10] local.ERROR: Error recording vote {"campaign_id":"109","error":"SQLSTATE[42S02]: Base table or view not found: 1146 Table 'mirromefashion.campaign_votes' doesn't exist (Connection: mysql, SQL: select * from `campaign_votes` where `user_id` = 85 and `campaign_id` = 109 limit 1)"} 
[2026-06-17 14:27:25] local.INFO: ParseBearerToken middleware invoked {"path":"/api/v2/campaign/109/vote","method":"POST","has_auth_header":true,"auth_header_preview":"Bearer 204|PS2XA2ZlPwLiWXVxcT6...","is_bearer":true} 
[2026-06-17 14:27:25] local.INFO: Extracted bearer token {"token_preview":"204|PS2XA2...","token_length":52} 
[2026-06-17 14:27:25] local.INFO: Found personal access token {"token_id":204,"user_id":85,"revoked":null} 
[2026-06-17 14:27:25] local.INFO: User authenticated via bearer token {"user_id":85,"user_email":"fsdfsdf@gdfg.com"} 
[2026-06-17 14:27:25] local.ERROR: Error recording vote {"campaign_id":"109","error":"SQLSTATE[42S02]: Base table or view not found: 1146 Table 'mirromefashion.campaign_votes' doesn't exist (Connection: mysql, SQL: select * from `campaign_votes` where `user_id` = 85 and `campaign_id` = 109 limit 1)"} 
[2026-06-17 14:32:29] local.ERROR: SQLSTATE[HY000]: General error: 3780 Referencing column 'user_id' and referenced column 'id' in foreign key constraint 'campaign_votes_user_id_foreign' are incompatible. (Connection: mysql, SQL: alter table `campaign_votes` add constraint `campaign_votes_user_id_foreign` foreign key (`user_id`) references `users` (`id`) on delete cascade) {"exception":"[object] (Illuminate\\Database\\QueryException(code: HY000): SQLSTATE[HY000]: General error: 3780 Referencing column 'user_id' and referenced column 'id' in foreign key constraint 'campaign_votes_user_id_foreign' are incompatible. (Connection: mysql, SQL: alter table `campaign_votes` add constraint `campaign_votes_user_id_foreign` foreign key (`user_id`) references `users` (`id`) on delete cascade) at D:\\laragon\\www\\mirrormefashion\\vendor\\laravel\\framework\\src\\Illuminate\\Database\\Connection.php:829)
[stacktrace]
#0 D:\\laragon\\www\\mirrormefashion\\vendor\\laravel\\framework\\src\\Illuminate\\Database\\Connection.php(783): Illuminate\\Database\\Connection->runQueryCallback('alter table `ca...', Array, Object(Closure))
#1 D:\\laragon\\www\\mirrormefashion\\vendor\\laravel\\framework\\src\\Illuminate\\Database\\Connection.php(576): Illuminate\\Database\\Connection->run('alter table `ca...', Array, Object(Closure))
#2 D:\\laragon\\www\\mirrormefashion\\vendor\\laravel\\framework\\src\\Illuminate\\Database\\Schema\\Blueprint.php(110): Illuminate\\Database\\Connection->statement('alter table `ca...')
#3 D:\\laragon\\www\\mirrormefashion\\vendor\\laravel\\framework\\src\\Illuminate\\Database\\Schema\\Builder.php(602): Illuminate\\Database\\Schema\\Blueprint->build(Object(Illuminate\\Database\\MySqlConnection), Object(Illuminate\\Database\\Schema\\Grammars\\MySqlGrammar))
#4 D:\\laragon\\www\\mirrormefashion\\vendor\\laravel\\framework\\src\\Illuminate\\Database\\Schema\\Builder.php(456): Illuminate\\Database\\Schema\\Builder->build(Object(Illuminate\\Database\\Schema\\Blueprint))
#5 D:\\laragon\\www\\mirrormefashion\\vendor\\laravel\\framework\\src\\Illuminate\\Support\\Facades\\Facade.php(355): Illuminate\\Database\\Schema\\Builder->create('campaign_votes', Object(Closure))
#6 D:\\laragon\\www\\mirrormefashion\\database\\migrations\\2026_06_17_create_campaign_votes_table.php(14): Illuminate\\Support\\Facades\\Facade::__callStatic('create', Array)
#7 D:\\laragon\\www\\mirrormefashion\\vendor\\laravel\\framework\\src\\Illuminate\\Database\\Migrations\\Migrator.php(493): Illuminate\\Database\\Migrations\\Migration@anonymous->up()
#8 D:\\laragon\\www\\mirrormefashion\\vendor\\laravel\\framework\\src\\Illuminate\\Database\\Migrations\\Migrator.php(410): Illuminate\\Database\\Migrations\\Migrator->runMethod(Object(Illuminate\\Database\\MySqlConnection), Object(Illuminate\\Database\\Migrations\\Migration@anonymous), 'up')
#9 D:\\laragon\\www\\mirrormefashion\\vendor\\laravel\\framework\\src\\Illuminate\\Database\\Migrations\\Migrator.php(419): Illuminate\\Database\\Migrations\\Migrator->Illuminate\\Database\\Migrations\\{closure}()
#10 D:\\laragon\\www\\mirrormefashion\\vendor\\laravel\\framework\\src\\Illuminate\\Database\\Migrations\\Migrator.php(216): Illuminate\\Database\\Migrations\\Migrator->runMigration(Object(Illuminate\\Database\\Migrations\\Migration@anonymous), 'up')
#11 D:\\laragon\\www\\mirrormefashion\\vendor\\laravel\\framework\\src\\Illuminate\\Console\\View\\Components\\Task.php(37): Illuminate\\Database\\Migrations\\Migrator->Illuminate\\Database\\Migrations\\{closure}()
#12 D:\\laragon\\www\\mirrormefashion\\vendor\\laravel\\framework\\src\\Illuminate\\Database\\Migrations\\Migrator.php(756): Illuminate\\Console\\View\\Components\\Task->render('2026_06_17_crea...', Object(Closure))
#13 D:\\laragon\\www\\mirrormefashion\\vendor\\laravel\\framework\\src\\Illuminate\\Database\\Migrations\\Migrator.php(216): Illuminate\\Database\\Migrations\\Migrator->write('Illuminate\\\\Cons...', '2026_06_17_crea...', Object(Closure))
#14 D:\\laragon\\www\\mirrormefashion\\vendor\\laravel\\framework\\src\\Illuminate\\Database\\Migrations\\Migrator.php(181): Illuminate\\Database\\Migrations\\Migrator->runUp('D:\\\\laragon\\\\www\\\\...', 14, false)
#15 D:\\laragon\\www\\mirrormefashion\\vendor\\laravel\\framework\\src\\Illuminate\\Database\\Migrations\\Migrator.php(124): Illuminate\\Database\\Migrations\\Migrator->runPending(Array, Array)
#16 D:\\laragon\\www\\mirrormefashion\\vendor\\laravel\\framework\\src\\Illuminate\\Database\\Console\\Migrations\\MigrateCommand.php(90): Illuminate\\Database\\Migrations\\Migrator->run(Array, Array)
#17 D:\\laragon\\www\\mirrormefashion\\vendor\\laravel\\framework\\src\\Illuminate\\Database\\Migrations\\Migrator.php(633): Illuminate\\Database\\Console\\Migrations\\MigrateCommand->Illuminate\\Database\\Console\\Migrations\\{closure}()
#18 D:\\laragon\\www\\mirrormefashion\\vendor\\laravel\\framework\\src\\Illuminate\\Database\\Console\\Migrations\\MigrateCommand.php(83): Illuminate\\Database\\Migrations\\Migrator->usingConnection(NULL, Object(Closure))
#19 D:\\laragon\\www\\mirrormefashion\\vendor\\laravel\\framework\\src\\Illuminate\\Container\\BoundMethod.php(36): Illuminate\\Database\\Console\\Migrations\\MigrateCommand->handle()
#20 D:\\laragon\\www\\mirrormefashion\\vendor\\laravel\\framework\\src\\Illuminate\\Container\\Util.php(41): Illuminate\\Container\\BoundMethod::Illuminate\\Container\\{closure}()
#21 D:\\laragon\\www\\mirrormefashion\\vendor\\laravel\\framework\\src\\Illuminate\\Container\\BoundMethod.php(93): Illuminate\\Container\\Util::unwrapIfClosure(Object(Closure))
#22 D:\\laragon\\www\\mirrormefashion\\vendor\\laravel\\framework\\src\\Illuminate\\Container\\BoundMethod.php(35): Illuminate\\Container\\BoundMethod::callBoundMethod(Object(Illuminate\\Foundation\\Application), Array, Object(Closure))
#23 D:\\laragon\\www\\mirrormefashion\\vendor\\laravel\\framework\\src\\Illuminate\\Container\\Container.php(662): Illuminate\\Container\\BoundMethod::call(Object(Illuminate\\Foundation\\Application), Array, Array, NULL)
#24 D:\\laragon\\www\\mirrormefashion\\vendor\\laravel\\framework\\src\\Illuminate\\Console\\Command.php(211): Illuminate\\Container\\Container->call(Array)
#25 D:\\laragon\\www\\mirrormefashion\\vendor\\symfony\\console\\Command\\Command.php(326): Illuminate\\Console\\Command->execute(Object(Symfony\\Component\\Console\\Input\\ArgvInput), Object(Illuminate\\Console\\OutputStyle))
#26 D:\\laragon\\www\\mirrormefashion\\vendor\\laravel\\framework\\src\\Illuminate\\Console\\Command.php(180): Symfony\\Component\\Console\\Command\\Command->run(Object(Symfony\\Component\\Console\\Input\\ArgvInput), Object(Illuminate\\Console\\OutputStyle))
#27 D:\\laragon\\www\\mirrormefashion\\vendor\\symfony\\console\\Application.php(1096): Illuminate\\Console\\Command->run(Object(Symfony\\Component\\Console\\Input\\ArgvInput), Object(Symfony\\Component\\Console\\Output\\ConsoleOutput))
#28 D:\\laragon\\www\\mirrormefashion\\vendor\\symfony\\console\\Application.php(324): Symfony\\Component\\Console\\Application->doRunCommand(Object(Illuminate\\Database\\Console\\Migrations\\MigrateCommand), Object(Symfony\\Component\\Console\\Input\\ArgvInput), Object(Symfony\\Component\\Console\\Output\\ConsoleOutput))
#29 D:\\laragon\\www\\mirrormefashion\\vendor\\symfony\\console\\Application.php(175): Symfony\\Component\\Console\\Application->doRun(Object(Symfony\\Component\\Console\\Input\\ArgvInput), Object(Symfony\\Component\\Console\\Output\\ConsoleOutput))
#30 D:\\laragon\\www\\mirrormefashion\\vendor\\laravel\\framework\\src\\Illuminate\\Foundation\\Console\\Kernel.php(201): Symfony\\Component\\Console\\Application->run(Object(Symfony\\Component\\Console\\Input\\ArgvInput), Object(Symfony\\Component\\Console\\Output\\ConsoleOutput))
#31 D:\\laragon\\www\\mirrormefashion\\artisan(35): Illuminate\\Foundation\\Console\\Kernel->handle(Object(Symfony\\Component\\Console\\Input\\ArgvInput), Object(Symfony\\Component\\Console\\Output\\ConsoleOutput))
#32 {main}

[previous exception] [object] (PDOException(code: HY000): SQLSTATE[HY000]: General error: 3780 Referencing column 'user_id' and referenced column 'id' in foreign key constraint 'campaign_votes_user_id_foreign' are incompatible. at D:\\laragon\\www\\mirrormefashion\\vendor\\laravel\\framework\\src\\Illuminate\\Database\\Connection.php:587)
[stacktrace]
#0 D:\\laragon\\www\\mirrormefashion\\vendor\\laravel\\framework\\src\\Illuminate\\Database\\Connection.php(587): PDOStatement->execute()
#1 D:\\laragon\\www\\mirrormefashion\\vendor\\laravel\\framework\\src\\Illuminate\\Database\\Connection.php(816): Illuminate\\Database\\Connection->Illuminate\\Database\\{closure}('alter table `ca...', Array)
#2 D:\\laragon\\www\\mirrormefashion\\vendor\\laravel\\framework\\src\\Illuminate\\Database\\Connection.php(783): Illuminate\\Database\\Connection->runQueryCallback('alter table `ca...', Array, Object(Closure))
#3 D:\\laragon\\www\\mirrormefashion\\vendor\\laravel\\framework\\src\\Illuminate\\Database\\Connection.php(576): Illuminate\\Database\\Connection->run('alter table `ca...', Array, Object(Closure))
#4 D:\\laragon\\www\\mirrormefashion\\vendor\\laravel\\framework\\src\\Illuminate\\Database\\Schema\\Blueprint.php(110): Illuminate\\Database\\Connection->statement('alter table `ca...')
#5 D:\\laragon\\www\\mirrormefashion\\vendor\\laravel\\framework\\src\\Illuminate\\Database\\Schema\\Builder.php(602): Illuminate\\Database\\Schema\\Blueprint->build(Object(Illuminate\\Database\\MySqlConnection), Object(Illuminate\\Database\\Schema\\Grammars\\MySqlGrammar))
#6 D:\\laragon\\www\\mirrormefashion\\vendor\\laravel\\framework\\src\\Illuminate\\Database\\Schema\\Builder.php(456): Illuminate\\Database\\Schema\\Builder->build(Object(Illuminate\\Database\\Schema\\Blueprint))
#7 D:\\laragon\\www\\mirrormefashion\\vendor\\laravel\\framework\\src\\Illuminate\\Support\\Facades\\Facade.php(355): Illuminate\\Database\\Schema\\Builder->create('campaign_votes', Object(Closure))
#8 D:\\laragon\\www\\mirrormefashion\\database\\migrations\\2026_06_17_create_campaign_votes_table.php(14): Illuminate\\Support\\Facades\\Facade::__callStatic('create', Array)
#9 D:\\laragon\\www\\mirrormefashion\\vendor\\laravel\\framework\\src\\Illuminate\\Database\\Migrations\\Migrator.php(493): Illuminate\\Database\\Migrations\\Migration@anonymous->up()
#10 D:\\laragon\\www\\mirrormefashion\\vendor\\laravel\\framework\\src\\Illuminate\\Database\\Migrations\\Migrator.php(410): Illuminate\\Database\\Migrations\\Migrator->runMethod(Object(Illuminate\\Database\\MySqlConnection), Object(Illuminate\\Database\\Migrations\\Migration@anonymous), 'up')
#11 D:\\laragon\\www\\mirrormefashion\\vendor\\laravel\\framework\\src\\Illuminate\\Database\\Migrations\\Migrator.php(419): Illuminate\\Database\\Migrations\\Migrator->Illuminate\\Database\\Migrations\\{closure}()
#12 D:\\laragon\\www\\mirrormefashion\\vendor\\laravel\\framework\\src\\Illuminate\\Database\\Migrations\\Migrator.php(216): Illuminate\\Database\\Migrations\\Migrator->runMigration(Object(Illuminate\\Database\\Migrations\\Migration@anonymous), 'up')
#13 D:\\laragon\\www\\mirrormefashion\\vendor\\laravel\\framework\\src\\Illuminate\\Console\\View\\Components\\Task.php(37): Illuminate\\Database\\Migrations\\Migrator->Illuminate\\Database\\Migrations\\{closure}()
#14 D:\\laragon\\www\\mirrormefashion\\vendor\\laravel\\framework\\src\\Illuminate\\Database\\Migrations\\Migrator.php(756): Illuminate\\Console\\View\\Components\\Task->render('2026_06_17_crea...', Object(Closure))
#15 D:\\laragon\\www\\mirrormefashion\\vendor\\laravel\\framework\\src\\Illuminate\\Database\\Migrations\\Migrator.php(216): Illuminate\\Database\\Migrations\\Migrator->write('Illuminate\\\\Cons...', '2026_06_17_crea...', Object(Closure))
#16 D:\\laragon\\www\\mirrormefashion\\vendor\\laravel\\framework\\src\\Illuminate\\Database\\Migrations\\Migrator.php(181): Illuminate\\Database\\Migrations\\Migrator->runUp('D:\\\\laragon\\\\www\\\\...', 14, false)
#17 D:\\laragon\\www\\mirrormefashion\\vendor\\laravel\\framework\\src\\Illuminate\\Database\\Migrations\\Migrator.php(124): Illuminate\\Database\\Migrations\\Migrator->runPending(Array, Array)
#18 D:\\laragon\\www\\mirrormefashion\\vendor\\laravel\\framework\\src\\Illuminate\\Database\\Console\\Migrations\\MigrateCommand.php(90): Illuminate\\Database\\Migrations\\Migrator->run(Array, Array)
#19 D:\\laragon\\www\\mirrormefashion\\vendor\\laravel\\framework\\src\\Illuminate\\Database\\Migrations\\Migrator.php(633): Illuminate\\Database\\Console\\Migrations\\MigrateCommand->Illuminate\\Database\\Console\\Migrations\\{closure}()
#20 D:\\laragon\\www\\mirrormefashion\\vendor\\laravel\\framework\\src\\Illuminate\\Database\\Console\\Migrations\\MigrateCommand.php(83): Illuminate\\Database\\Migrations\\Migrator->usingConnection(NULL, Object(Closure))
#21 D:\\laragon\\www\\mirrormefashion\\vendor\\laravel\\framework\\src\\Illuminate\\Container\\BoundMethod.php(36): Illuminate\\Database\\Console\\Migrations\\MigrateCommand->handle()
#22 D:\\laragon\\www\\mirrormefashion\\vendor\\laravel\\framework\\src\\Illuminate\\Container\\Util.php(41): Illuminate\\Container\\BoundMethod::Illuminate\\Container\\{closure}()
#23 D:\\laragon\\www\\mirrormefashion\\vendor\\laravel\\framework\\src\\Illuminate\\Container\\BoundMethod.php(93): Illuminate\\Container\\Util::unwrapIfClosure(Object(Closure))
#24 D:\\laragon\\www\\mirrormefashion\\vendor\\laravel\\framework\\src\\Illuminate\\Container\\BoundMethod.php(35): Illuminate\\Container\\BoundMethod::callBoundMethod(Object(Illuminate\\Foundation\\Application), Array, Object(Closure))
#25 D:\\laragon\\www\\mirrormefashion\\vendor\\laravel\\framework\\src\\Illuminate\\Container\\Container.php(662): Illuminate\\Container\\BoundMethod::call(Object(Illuminate\\Foundation\\Application), Array, Array, NULL)
#26 D:\\laragon\\www\\mirrormefashion\\vendor\\laravel\\framework\\src\\Illuminate\\Console\\Command.php(211): Illuminate\\Container\\Container->call(Array)
#27 D:\\laragon\\www\\mirrormefashion\\vendor\\symfony\\console\\Command\\Command.php(326): Illuminate\\Console\\Command->execute(Object(Symfony\\Component\\Console\\Input\\ArgvInput), Object(Illuminate\\Console\\OutputStyle))
#28 D:\\laragon\\www\\mirrormefashion\\vendor\\laravel\\framework\\src\\Illuminate\\Console\\Command.php(180): Symfony\\Component\\Console\\Command\\Command->run(Object(Symfony\\Component\\Console\\Input\\ArgvInput), Object(Illuminate\\Console\\OutputStyle))
#29 D:\\laragon\\www\\mirrormefashion\\vendor\\symfony\\console\\Application.php(1096): Illuminate\\Console\\Command->run(Object(Symfony\\Component\\Console\\Input\\ArgvInput), Object(Symfony\\Component\\Console\\Output\\ConsoleOutput))
#30 D:\\laragon\\www\\mirrormefashion\\vendor\\symfony\\console\\Application.php(324): Symfony\\Component\\Console\\Application->doRunCommand(Object(Illuminate\\Database\\Console\\Migrations\\MigrateCommand), Object(Symfony\\Component\\Console\\Input\\ArgvInput), Object(Symfony\\Component\\Console\\Output\\ConsoleOutput))
#31 D:\\laragon\\www\\mirrormefashion\\vendor\\symfony\\console\\Application.php(175): Symfony\\Component\\Console\\Application->doRun(Object(Symfony\\Component\\Console\\Input\\ArgvInput), Object(Symfony\\Component\\Console\\Output\\ConsoleOutput))
#32 D:\\laragon\\www\\mirrormefashion\\vendor\\laravel\\framework\\src\\Illuminate\\Foundation\\Console\\Kernel.php(201): Symfony\\Component\\Console\\Application->run(Object(Symfony\\Component\\Console\\Input\\ArgvInput), Object(Symfony\\Component\\Console\\Output\\ConsoleOutput))
#33 D:\\laragon\\www\\mirrormefashion\\artisan(35): Illuminate\\Foundation\\Console\\Kernel->handle(Object(Symfony\\Component\\Console\\Input\\ArgvInput), Object(Symfony\\Component\\Console\\Output\\ConsoleOutput))
#34 {main}
"} 
[2026-06-17 14:36:57] local.ERROR: SQLSTATE[42S01]: Base table or view already exists: 1050 Table 'campaign_votes' already exists (Connection: mysql, SQL: create table `campaign_votes` (`id` bigint unsigned not null auto_increment primary key, `user_id` int unsigned not null, `campaign_id` int unsigned not null, `vote_type` enum('up', 'no') not null default 'up', `created_at` timestamp null, `updated_at` timestamp null) default character set utf8mb4 collate 'utf8mb4_unicode_ci') {"exception":"[object] (Illuminate\\Database\\QueryException(code: 42S01): SQLSTATE[42S01]: Base table or view already exists: 1050 Table 'campaign_votes' already exists (Connection: mysql, SQL: create table `campaign_votes` (`id` bigint unsigned not null auto_increment primary key, `user_id` int unsigned not null, `campaign_id` int unsigned not null, `vote_type` enum('up', 'no') not null default 'up', `created_at` timestamp null, `updated_at` timestamp null) default character set utf8mb4 collate 'utf8mb4_unicode_ci') at D:\\laragon\\www\\mirrormefashion\\vendor\\laravel\\framework\\src\\Illuminate\\Database\\Connection.php:829)
[stacktrace]
#0 D:\\laragon\\www\\mirrormefashion\\vendor\\laravel\\framework\\src\\Illuminate\\Database\\Connection.php(783): Illuminate\\Database\\Connection->runQueryCallback('create table `c...', Array, Object(Closure))
#1 D:\\laragon\\www\\mirrormefashion\\vendor\\laravel\\framework\\src\\Illuminate\\Database\\Connection.php(576): Illuminate\\Database\\Connection->run('create table `c...', Array, Object(Closure))
#2 D:\\laragon\\www\\mirrormefashion\\vendor\\laravel\\framework\\src\\Illuminate\\Database\\Schema\\Blueprint.php(110): Illuminate\\Database\\Connection->statement('create table `c...')
#3 D:\\laragon\\www\\mirrormefashion\\vendor\\laravel\\framework\\src\\Illuminate\\Database\\Schema\\Builder.php(602): Illuminate\\Database\\Schema\\Blueprint->build(Object(Illuminate\\Database\\MySqlConnection), Object(Illuminate\\Database\\Schema\\Grammars\\MySqlGrammar))
#4 D:\\laragon\\www\\mirrormefashion\\vendor\\laravel\\framework\\src\\Illuminate\\Database\\Schema\\Builder.php(456): Illuminate\\Database\\Schema\\Builder->build(Object(Illuminate\\Database\\Schema\\Blueprint))
#5 D:\\laragon\\www\\mirrormefashion\\vendor\\laravel\\framework\\src\\Illuminate\\Support\\Facades\\Facade.php(355): Illuminate\\Database\\Schema\\Builder->create('campaign_votes', Object(Closure))
#6 D:\\laragon\\www\\mirrormefashion\\database\\migrations\\2026_06_17_create_campaign_votes_table.php(14): Illuminate\\Support\\Facades\\Facade::__callStatic('create', Array)
#7 D:\\laragon\\www\\mirrormefashion\\vendor\\laravel\\framework\\src\\Illuminate\\Database\\Migrations\\Migrator.php(493): Illuminate\\Database\\Migrations\\Migration@anonymous->up()
#8 D:\\laragon\\www\\mirrormefashion\\vendor\\laravel\\framework\\src\\Illuminate\\Database\\Migrations\\Migrator.php(410): Illuminate\\Database\\Migrations\\Migrator->runMethod(Object(Illuminate\\Database\\MySqlConnection), Object(Illuminate\\Database\\Migrations\\Migration@anonymous), 'up')
#9 D:\\laragon\\www\\mirrormefashion\\vendor\\laravel\\framework\\src\\Illuminate\\Database\\Migrations\\Migrator.php(419): Illuminate\\Database\\Migrations\\Migrator->Illuminate\\Database\\Migrations\\{closure}()
#10 D:\\laragon\\www\\mirrormefashion\\vendor\\laravel\\framework\\src\\Illuminate\\Database\\Migrations\\Migrator.php(216): Illuminate\\Database\\Migrations\\Migrator->runMigration(Object(Illuminate\\Database\\Migrations\\Migration@anonymous), 'up')
#11 D:\\laragon\\www\\mirrormefashion\\vendor\\laravel\\framework\\src\\Illuminate\\Console\\View\\Components\\Task.php(37): Illuminate\\Database\\Migrations\\Migrator->Illuminate\\Database\\Migrations\\{closure}()
#12 D:\\laragon\\www\\mirrormefashion\\vendor\\laravel\\framework\\src\\Illuminate\\Database\\Migrations\\Migrator.php(756): Illuminate\\Console\\View\\Components\\Task->render('2026_06_17_crea...', Object(Closure))
#13 D:\\laragon\\www\\mirrormefashion\\vendor\\laravel\\framework\\src\\Illuminate\\Database\\Migrations\\Migrator.php(216): Illuminate\\Database\\Migrations\\Migrator->write('Illuminate\\\\Cons...', '2026_06_17_crea...', Object(Closure))
#14 D:\\laragon\\www\\mirrormefashion\\vendor\\laravel\\framework\\src\\Illuminate\\Database\\Migrations\\Migrator.php(181): Illuminate\\Database\\Migrations\\Migrator->runUp('D:\\\\laragon\\\\www\\\\...', 14, false)
#15 D:\\laragon\\www\\mirrormefashion\\vendor\\laravel\\framework\\src\\Illuminate\\Database\\Migrations\\Migrator.php(124): Illuminate\\Database\\Migrations\\Migrator->runPending(Array, Array)
#16 D:\\laragon\\www\\mirrormefashion\\vendor\\laravel\\framework\\src\\Illuminate\\Database\\Console\\Migrations\\MigrateCommand.php(90): Illuminate\\Database\\Migrations\\Migrator->run(Array, Array)
#17 D:\\laragon\\www\\mirrormefashion\\vendor\\laravel\\framework\\src\\Illuminate\\Database\\Migrations\\Migrator.php(633): Illuminate\\Database\\Console\\Migrations\\MigrateCommand->Illuminate\\Database\\Console\\Migrations\\{closure}()
#18 D:\\laragon\\www\\mirrormefashion\\vendor\\laravel\\framework\\src\\Illuminate\\Database\\Console\\Migrations\\MigrateCommand.php(83): Illuminate\\Database\\Migrations\\Migrator->usingConnection(NULL, Object(Closure))
#19 D:\\laragon\\www\\mirrormefashion\\vendor\\laravel\\framework\\src\\Illuminate\\Container\\BoundMethod.php(36): Illuminate\\Database\\Console\\Migrations\\MigrateCommand->handle()
#20 D:\\laragon\\www\\mirrormefashion\\vendor\\laravel\\framework\\src\\Illuminate\\Container\\Util.php(41): Illuminate\\Container\\BoundMethod::Illuminate\\Container\\{closure}()
#21 D:\\laragon\\www\\mirrormefashion\\vendor\\laravel\\framework\\src\\Illuminate\\Container\\BoundMethod.php(93): Illuminate\\Container\\Util::unwrapIfClosure(Object(Closure))
#22 D:\\laragon\\www\\mirrormefashion\\vendor\\laravel\\framework\\src\\Illuminate\\Container\\BoundMethod.php(35): Illuminate\\Container\\BoundMethod::callBoundMethod(Object(Illuminate\\Foundation\\Application), Array, Object(Closure))
#23 D:\\laragon\\www\\mirrormefashion\\vendor\\laravel\\framework\\src\\Illuminate\\Container\\Container.php(662): Illuminate\\Container\\BoundMethod::call(Object(Illuminate\\Foundation\\Application), Array, Array, NULL)
#24 D:\\laragon\\www\\mirrormefashion\\vendor\\laravel\\framework\\src\\Illuminate\\Console\\Command.php(211): Illuminate\\Container\\Container->call(Array)
#25 D:\\laragon\\www\\mirrormefashion\\vendor\\symfony\\console\\Command\\Command.php(326): Illuminate\\Console\\Command->execute(Object(Symfony\\Component\\Console\\Input\\ArgvInput), Object(Illuminate\\Console\\OutputStyle))
#26 D:\\laragon\\www\\mirrormefashion\\vendor\\laravel\\framework\\src\\Illuminate\\Console\\Command.php(180): Symfony\\Component\\Console\\Command\\Command->run(Object(Symfony\\Component\\Console\\Input\\ArgvInput), Object(Illuminate\\Console\\OutputStyle))
#27 D:\\laragon\\www\\mirrormefashion\\vendor\\symfony\\console\\Application.php(1096): Illuminate\\Console\\Command->run(Object(Symfony\\Component\\Console\\Input\\ArgvInput), Object(Symfony\\Component\\Console\\Output\\ConsoleOutput))
#28 D:\\laragon\\www\\mirrormefashion\\vendor\\symfony\\console\\Application.php(324): Symfony\\Component\\Console\\Application->doRunCommand(Object(Illuminate\\Database\\Console\\Migrations\\MigrateCommand), Object(Symfony\\Component\\Console\\Input\\ArgvInput), Object(Symfony\\Component\\Console\\Output\\ConsoleOutput))
#29 D:\\laragon\\www\\mirrormefashion\\vendor\\symfony\\console\\Application.php(175): Symfony\\Component\\Console\\Application->doRun(Object(Symfony\\Component\\Console\\Input\\ArgvInput), Object(Symfony\\Component\\Console\\Output\\ConsoleOutput))
#30 D:\\laragon\\www\\mirrormefashion\\vendor\\laravel\\framework\\src\\Illuminate\\Foundation\\Console\\Kernel.php(201): Symfony\\Component\\Console\\Application->run(Object(Symfony\\Component\\Console\\Input\\ArgvInput), Object(Symfony\\Component\\Console\\Output\\ConsoleOutput))
#31 D:\\laragon\\www\\mirrormefashion\\artisan(35): Illuminate\\Foundation\\Console\\Kernel->handle(Object(Symfony\\Component\\Console\\Input\\ArgvInput), Object(Symfony\\Component\\Console\\Output\\ConsoleOutput))
#32 {main}

[previous exception] [object] (PDOException(code: 42S01): SQLSTATE[42S01]: Base table or view already exists: 1050 Table 'campaign_votes' already exists at D:\\laragon\\www\\mirrormefashion\\vendor\\laravel\\framework\\src\\Illuminate\\Database\\Connection.php:587)
[stacktrace]
#0 D:\\laragon\\www\\mirrormefashion\\vendor\\laravel\\framework\\src\\Illuminate\\Database\\Connection.php(587): PDOStatement->execute()
#1 D:\\laragon\\www\\mirrormefashion\\vendor\\laravel\\framework\\src\\Illuminate\\Database\\Connection.php(816): Illuminate\\Database\\Connection->Illuminate\\Database\\{closure}('create table `c...', Array)
#2 D:\\laragon\\www\\mirrormefashion\\vendor\\laravel\\framework\\src\\Illuminate\\Database\\Connection.php(783): Illuminate\\Database\\Connection->runQueryCallback('create table `c...', Array, Object(Closure))
#3 D:\\laragon\\www\\mirrormefashion\\vendor\\laravel\\framework\\src\\Illuminate\\Database\\Connection.php(576): Illuminate\\Database\\Connection->run('create table `c...', Array, Object(Closure))
#4 D:\\laragon\\www\\mirrormefashion\\vendor\\laravel\\framework\\src\\Illuminate\\Database\\Schema\\Blueprint.php(110): Illuminate\\Database\\Connection->statement('create table `c...')
#5 D:\\laragon\\www\\mirrormefashion\\vendor\\laravel\\framework\\src\\Illuminate\\Database\\Schema\\Builder.php(602): Illuminate\\Database\\Schema\\Blueprint->build(Object(Illuminate\\Database\\MySqlConnection), Object(Illuminate\\Database\\Schema\\Grammars\\MySqlGrammar))
#6 D:\\laragon\\www\\mirrormefashion\\vendor\\laravel\\framework\\src\\Illuminate\\Database\\Schema\\Builder.php(456): Illuminate\\Database\\Schema\\Builder->build(Object(Illuminate\\Database\\Schema\\Blueprint))
#7 D:\\laragon\\www\\mirrormefashion\\vendor\\laravel\\framework\\src\\Illuminate\\Support\\Facades\\Facade.php(355): Illuminate\\Database\\Schema\\Builder->create('campaign_votes', Object(Closure))
#8 D:\\laragon\\www\\mirrormefashion\\database\\migrations\\2026_06_17_create_campaign_votes_table.php(14): Illuminate\\Support\\Facades\\Facade::__callStatic('create', Array)
#9 D:\\laragon\\www\\mirrormefashion\\vendor\\laravel\\framework\\src\\Illuminate\\Database\\Migrations\\Migrator.php(493): Illuminate\\Database\\Migrations\\Migration@anonymous->up()
#10 D:\\laragon\\www\\mirrormefashion\\vendor\\laravel\\framework\\src\\Illuminate\\Database\\Migrations\\Migrator.php(410): Illuminate\\Database\\Migrations\\Migrator->runMethod(Object(Illuminate\\Database\\MySqlConnection), Object(Illuminate\\Database\\Migrations\\Migration@anonymous), 'up')
#11 D:\\laragon\\www\\mirrormefashion\\vendor\\laravel\\framework\\src\\Illuminate\\Database\\Migrations\\Migrator.php(419): Illuminate\\Database\\Migrations\\Migrator->Illuminate\\Database\\Migrations\\{closure}()
#12 D:\\laragon\\www\\mirrormefashion\\vendor\\laravel\\framework\\src\\Illuminate\\Database\\Migrations\\Migrator.php(216): Illuminate\\Database\\Migrations\\Migrator->runMigration(Object(Illuminate\\Database\\Migrations\\Migration@anonymous), 'up')
#13 D:\\laragon\\www\\mirrormefashion\\vendor\\laravel\\framework\\src\\Illuminate\\Console\\View\\Components\\Task.php(37): Illuminate\\Database\\Migrations\\Migrator->Illuminate\\Database\\Migrations\\{closure}()
#14 D:\\laragon\\www\\mirrormefashion\\vendor\\laravel\\framework\\src\\Illuminate\\Database\\Migrations\\Migrator.php(756): Illuminate\\Console\\View\\Components\\Task->render('2026_06_17_crea...', Object(Closure))
#15 D:\\laragon\\www\\mirrormefashion\\vendor\\laravel\\framework\\src\\Illuminate\\Database\\Migrations\\Migrator.php(216): Illuminate\\Database\\Migrations\\Migrator->write('Illuminate\\\\Cons...', '2026_06_17_crea...', Object(Closure))
#16 D:\\laragon\\www\\mirrormefashion\\vendor\\laravel\\framework\\src\\Illuminate\\Database\\Migrations\\Migrator.php(181): Illuminate\\Database\\Migrations\\Migrator->runUp('D:\\\\laragon\\\\www\\\\...', 14, false)
#17 D:\\laragon\\www\\mirrormefashion\\vendor\\laravel\\framework\\src\\Illuminate\\Database\\Migrations\\Migrator.php(124): Illuminate\\Database\\Migrations\\Migrator->runPending(Array, Array)
#18 D:\\laragon\\www\\mirrormefashion\\vendor\\laravel\\framework\\src\\Illuminate\\Database\\Console\\Migrations\\MigrateCommand.php(90): Illuminate\\Database\\Migrations\\Migrator->run(Array, Array)
#19 D:\\laragon\\www\\mirrormefashion\\vendor\\laravel\\framework\\src\\Illuminate\\Database\\Migrations\\Migrator.php(633): Illuminate\\Database\\Console\\Migrations\\MigrateCommand->Illuminate\\Database\\Console\\Migrations\\{closure}()
#20 D:\\laragon\\www\\mirrormefashion\\vendor\\laravel\\framework\\src\\Illuminate\\Database\\Console\\Migrations\\MigrateCommand.php(83): Illuminate\\Database\\Migrations\\Migrator->usingConnection(NULL, Object(Closure))
#21 D:\\laragon\\www\\mirrormefashion\\vendor\\laravel\\framework\\src\\Illuminate\\Container\\BoundMethod.php(36): Illuminate\\Database\\Console\\Migrations\\MigrateCommand->handle()
#22 D:\\laragon\\www\\mirrormefashion\\vendor\\laravel\\framework\\src\\Illuminate\\Container\\Util.php(41): Illuminate\\Container\\BoundMethod::Illuminate\\Container\\{closure}()
#23 D:\\laragon\\www\\mirrormefashion\\vendor\\laravel\\framework\\src\\Illuminate\\Container\\BoundMethod.php(93): Illuminate\\Container\\Util::unwrapIfClosure(Object(Closure))
#24 D:\\laragon\\www\\mirrormefashion\\vendor\\laravel\\framework\\src\\Illuminate\\Container\\BoundMethod.php(35): Illuminate\\Container\\BoundMethod::callBoundMethod(Object(Illuminate\\Foundation\\Application), Array, Object(Closure))
#25 D:\\laragon\\www\\mirrormefashion\\vendor\\laravel\\framework\\src\\Illuminate\\Container\\Container.php(662): Illuminate\\Container\\BoundMethod::call(Object(Illuminate\\Foundation\\Application), Array, Array, NULL)
#26 D:\\laragon\\www\\mirrormefashion\\vendor\\laravel\\framework\\src\\Illuminate\\Console\\Command.php(211): Illuminate\\Container\\Container->call(Array)
#27 D:\\laragon\\www\\mirrormefashion\\vendor\\symfony\\console\\Command\\Command.php(326): Illuminate\\Console\\Command->execute(Object(Symfony\\Component\\Console\\Input\\ArgvInput), Object(Illuminate\\Console\\OutputStyle))
#28 D:\\laragon\\www\\mirrormefashion\\vendor\\laravel\\framework\\src\\Illuminate\\Console\\Command.php(180): Symfony\\Component\\Console\\Command\\Command->run(Object(Symfony\\Component\\Console\\Input\\ArgvInput), Object(Illuminate\\Console\\OutputStyle))
#29 D:\\laragon\\www\\mirrormefashion\\vendor\\symfony\\console\\Application.php(1096): Illuminate\\Console\\Command->run(Object(Symfony\\Component\\Console\\Input\\ArgvInput), Object(Symfony\\Component\\Console\\Output\\ConsoleOutput))
#30 D:\\laragon\\www\\mirrormefashion\\vendor\\symfony\\console\\Application.php(324): Symfony\\Component\\Console\\Application->doRunCommand(Object(Illuminate\\Database\\Console\\Migrations\\MigrateCommand), Object(Symfony\\Component\\Console\\Input\\ArgvInput), Object(Symfony\\Component\\Console\\Output\\ConsoleOutput))
#31 D:\\laragon\\www\\mirrormefashion\\vendor\\symfony\\console\\Application.php(175): Symfony\\Component\\Console\\Application->doRun(Object(Symfony\\Component\\Console\\Input\\ArgvInput), Object(Symfony\\Component\\Console\\Output\\ConsoleOutput))
#32 D:\\laragon\\www\\mirrormefashion\\vendor\\laravel\\framework\\src\\Illuminate\\Foundation\\Console\\Kernel.php(201): Symfony\\Component\\Console\\Application->run(Object(Symfony\\Component\\Console\\Input\\ArgvInput), Object(Symfony\\Component\\Console\\Output\\ConsoleOutput))
#33 D:\\laragon\\www\\mirrormefashion\\artisan(35): Illuminate\\Foundation\\Console\\Kernel->handle(Object(Symfony\\Component\\Console\\Input\\ArgvInput), Object(Symfony\\Component\\Console\\Output\\ConsoleOutput))
#34 {main}
"} 
[2026-06-17 14:38:18] local.INFO: ParseBearerToken middleware invoked {"path":"/api/v2/campaign/109/vote","method":"POST","has_auth_header":true,"auth_header_preview":"Bearer 204|PS2XA2ZlPwLiWXVxcT6...","is_bearer":true} 
[2026-06-17 14:38:18] local.INFO: Extracted bearer token {"token_preview":"204|PS2XA2...","token_length":52} 
[2026-06-17 14:38:18] local.INFO: Found personal access token {"token_id":204,"user_id":85,"revoked":null} 
[2026-06-17 14:38:18] local.INFO: User authenticated via bearer token {"user_id":85,"user_email":"fsdfsdf@gdfg.com"} 
[2026-06-17 14:38:19] local.INFO: Campaign voted {"user_id":85,"campaign_id":"109","vote_type":"up","new_upvote_count":4} 
[2026-06-17 14:38:53] local.INFO: ParseBearerToken middleware invoked {"path":"/api/v2/campaign/109/vote","method":"POST","has_auth_header":true,"auth_header_preview":"Bearer 204|PS2XA2ZlPwLiWXVxcT6...","is_bearer":true} 
[2026-06-17 14:38:53] local.INFO: Extracted bearer token {"token_preview":"204|PS2XA2...","token_length":52} 
[2026-06-17 14:38:53] local.INFO: Found personal access token {"token_id":204,"user_id":85,"revoked":null} 
[2026-06-17 14:38:53] local.INFO: User authenticated via bearer token {"user_id":85,"user_email":"fsdfsdf@gdfg.com"} 
[2026-06-17 14:39:42] local.INFO: ParseBearerToken middleware invoked {"path":"/api/v2/campaign/109/vote","method":"POST","has_auth_header":true,"auth_header_preview":"Bearer 204|PS2XA2ZlPwLiWXVxcT6...","is_bearer":true} 
[2026-06-17 14:39:42] local.INFO: Extracted bearer token {"token_preview":"204|PS2XA2...","token_length":52} 
[2026-06-17 14:39:42] local.INFO: Found personal access token {"token_id":204,"user_id":85,"revoked":null} 
[2026-06-17 14:39:42] local.INFO: User authenticated via bearer token {"user_id":85,"user_email":"fsdfsdf@gdfg.com"} 
[2026-06-17 14:40:37] local.INFO: ParseBearerToken middleware invoked {"path":"/api/v2/campaign/107/vote","method":"POST","has_auth_header":true,"auth_header_preview":"Bearer 204|PS2XA2ZlPwLiWXVxcT6...","is_bearer":true} 
[2026-06-17 14:40:37] local.INFO: Extracted bearer token {"token_preview":"204|PS2XA2...","token_length":52} 
[2026-06-17 14:40:37] local.INFO: Found personal access token {"token_id":204,"user_id":85,"revoked":null} 
[2026-06-17 14:40:37] local.INFO: User authenticated via bearer token {"user_id":85,"user_email":"fsdfsdf@gdfg.com"} 
[2026-06-17 14:40:37] local.INFO: Campaign voted {"user_id":85,"campaign_id":"107","vote_type":"up","new_upvote_count":1} 
[2026-06-17 15:13:21] local.ERROR: Target class [Database\Seeders\PressReleaseSeeder] does not exist. {"exception":"[object] (Illuminate\\Contracts\\Container\\BindingResolutionException(code: 0): Target class [Database\\Seeders\\PressReleaseSeeder] does not exist. at D:\\laragon\\www\\mirrormefashion\\vendor\\laravel\\framework\\src\\Illuminate\\Container\\Container.php:914)
[stacktrace]
#0 D:\\laragon\\www\\mirrormefashion\\vendor\\laravel\\framework\\src\\Illuminate\\Container\\Container.php(795): Illuminate\\Container\\Container->build('Database\\\\Seeder...')
#1 D:\\laragon\\www\\mirrormefashion\\vendor\\laravel\\framework\\src\\Illuminate\\Foundation\\Application.php(963): Illuminate\\Container\\Container->resolve('Database\\\\Seeder...', Array, true)
#2 D:\\laragon\\www\\mirrormefashion\\vendor\\laravel\\framework\\src\\Illuminate\\Container\\Container.php(731): Illuminate\\Foundation\\Application->resolve('Database\\\\Seeder...', Array)
#3 D:\\laragon\\www\\mirrormefashion\\vendor\\laravel\\framework\\src\\Illuminate\\Foundation\\Application.php(948): Illuminate\\Container\\Container->make('Database\\\\Seeder...', Array)
#4 D:\\laragon\\www\\mirrormefashion\\vendor\\laravel\\framework\\src\\Illuminate\\Database\\Console\\Seeds\\SeedCommand.php(98): Illuminate\\Foundation\\Application->make('Database\\\\Seeder...')
#5 D:\\laragon\\www\\mirrormefashion\\vendor\\laravel\\framework\\src\\Illuminate\\Database\\Console\\Seeds\\SeedCommand.php(70): Illuminate\\Database\\Console\\Seeds\\SeedCommand->getSeeder()
#6 D:\\laragon\\www\\mirrormefashion\\vendor\\laravel\\framework\\src\\Illuminate\\Database\\Eloquent\\Concerns\\GuardsAttributes.php(155): Illuminate\\Database\\Console\\Seeds\\SeedCommand->Illuminate\\Database\\Console\\Seeds\\{closure}()
#7 D:\\laragon\\www\\mirrormefashion\\vendor\\laravel\\framework\\src\\Illuminate\\Database\\Console\\Seeds\\SeedCommand.php(69): Illuminate\\Database\\Eloquent\\Model::unguarded(Object(Closure))
#8 D:\\laragon\\www\\mirrormefashion\\vendor\\laravel\\framework\\src\\Illuminate\\Container\\BoundMethod.php(36): Illuminate\\Database\\Console\\Seeds\\SeedCommand->handle()
#9 D:\\laragon\\www\\mirrormefashion\\vendor\\laravel\\framework\\src\\Illuminate\\Container\\Util.php(41): Illuminate\\Container\\BoundMethod::Illuminate\\Container\\{closure}()
#10 D:\\laragon\\www\\mirrormefashion\\vendor\\laravel\\framework\\src\\Illuminate\\Container\\BoundMethod.php(93): Illuminate\\Container\\Util::unwrapIfClosure(Object(Closure))
#11 D:\\laragon\\www\\mirrormefashion\\vendor\\laravel\\framework\\src\\Illuminate\\Container\\BoundMethod.php(35): Illuminate\\Container\\BoundMethod::callBoundMethod(Object(Illuminate\\Foundation\\Application), Array, Object(Closure))
#12 D:\\laragon\\www\\mirrormefashion\\vendor\\laravel\\framework\\src\\Illuminate\\Container\\Container.php(662): Illuminate\\Container\\BoundMethod::call(Object(Illuminate\\Foundation\\Application), Array, Array, NULL)
#13 D:\\laragon\\www\\mirrormefashion\\vendor\\laravel\\framework\\src\\Illuminate\\Console\\Command.php(211): Illuminate\\Container\\Container->call(Array)
#14 D:\\laragon\\www\\mirrormefashion\\vendor\\symfony\\console\\Command\\Command.php(326): Illuminate\\Console\\Command->execute(Object(Symfony\\Component\\Console\\Input\\ArgvInput), Object(Illuminate\\Console\\OutputStyle))
#15 D:\\laragon\\www\\mirrormefashion\\vendor\\laravel\\framework\\src\\Illuminate\\Console\\Command.php(180): Symfony\\Component\\Console\\Command\\Command->run(Object(Symfony\\Component\\Console\\Input\\ArgvInput), Object(Illuminate\\Console\\OutputStyle))
#16 D:\\laragon\\www\\mirrormefashion\\vendor\\symfony\\console\\Application.php(1096): Illuminate\\Console\\Command->run(Object(Symfony\\Component\\Console\\Input\\ArgvInput), Object(Symfony\\Component\\Console\\Output\\ConsoleOutput))
#17 D:\\laragon\\www\\mirrormefashion\\vendor\\symfony\\console\\Application.php(324): Symfony\\Component\\Console\\Application->doRunCommand(Object(Illuminate\\Database\\Console\\Seeds\\SeedCommand), Object(Symfony\\Component\\Console\\Input\\ArgvInput), Object(Symfony\\Component\\Console\\Output\\ConsoleOutput))
#18 D:\\laragon\\www\\mirrormefashion\\vendor\\symfony\\console\\Application.php(175): Symfony\\Component\\Console\\Application->doRun(Object(Symfony\\Component\\Console\\Input\\ArgvInput), Object(Symfony\\Component\\Console\\Output\\ConsoleOutput))
#19 D:\\laragon\\www\\mirrormefashion\\vendor\\laravel\\framework\\src\\Illuminate\\Foundation\\Console\\Kernel.php(201): Symfony\\Component\\Console\\Application->run(Object(Symfony\\Component\\Console\\Input\\ArgvInput), Object(Symfony\\Component\\Console\\Output\\ConsoleOutput))
#20 D:\\laragon\\www\\mirrormefashion\\artisan(35): Illuminate\\Foundation\\Console\\Kernel->handle(Object(Symfony\\Component\\Console\\Input\\ArgvInput), Object(Symfony\\Component\\Console\\Output\\ConsoleOutput))
#21 {main}

[previous exception] [object] (ReflectionException(code: -1): Class \"Database\\Seeders\\PressReleaseSeeder\" does not exist at D:\\laragon\\www\\mirrormefashion\\vendor\\laravel\\framework\\src\\Illuminate\\Container\\Container.php:912)
[stacktrace]
#0 D:\\laragon\\www\\mirrormefashion\\vendor\\laravel\\framework\\src\\Illuminate\\Container\\Container.php(912): ReflectionClass->__construct('Database\\\\Seeder...')
#1 D:\\laragon\\www\\mirrormefashion\\vendor\\laravel\\framework\\src\\Illuminate\\Container\\Container.php(795): Illuminate\\Container\\Container->build('Database\\\\Seeder...')
#2 D:\\laragon\\www\\mirrormefashion\\vendor\\laravel\\framework\\src\\Illuminate\\Foundation\\Application.php(963): Illuminate\\Container\\Container->resolve('Database\\\\Seeder...', Array, true)
#3 D:\\laragon\\www\\mirrormefashion\\vendor\\laravel\\framework\\src\\Illuminate\\Container\\Container.php(731): Illuminate\\Foundation\\Application->resolve('Database\\\\Seeder...', Array)
#4 D:\\laragon\\www\\mirrormefashion\\vendor\\laravel\\framework\\src\\Illuminate\\Foundation\\Application.php(948): Illuminate\\Container\\Container->make('Database\\\\Seeder...', Array)
#5 D:\\laragon\\www\\mirrormefashion\\vendor\\laravel\\framework\\src\\Illuminate\\Database\\Console\\Seeds\\SeedCommand.php(98): Illuminate\\Foundation\\Application->make('Database\\\\Seeder...')
#6 D:\\laragon\\www\\mirrormefashion\\vendor\\laravel\\framework\\src\\Illuminate\\Database\\Console\\Seeds\\SeedCommand.php(70): Illuminate\\Database\\Console\\Seeds\\SeedCommand->getSeeder()
#7 D:\\laragon\\www\\mirrormefashion\\vendor\\laravel\\framework\\src\\Illuminate\\Database\\Eloquent\\Concerns\\GuardsAttributes.php(155): Illuminate\\Database\\Console\\Seeds\\SeedCommand->Illuminate\\Database\\Console\\Seeds\\{closure}()
#8 D:\\laragon\\www\\mirrormefashion\\vendor\\laravel\\framework\\src\\Illuminate\\Database\\Console\\Seeds\\SeedCommand.php(69): Illuminate\\Database\\Eloquent\\Model::unguarded(Object(Closure))
#9 D:\\laragon\\www\\mirrormefashion\\vendor\\laravel\\framework\\src\\Illuminate\\Container\\BoundMethod.php(36): Illuminate\\Database\\Console\\Seeds\\SeedCommand->handle()
#10 D:\\laragon\\www\\mirrormefashion\\vendor\\laravel\\framework\\src\\Illuminate\\Container\\Util.php(41): Illuminate\\Container\\BoundMethod::Illuminate\\Container\\{closure}()
#11 D:\\laragon\\www\\mirrormefashion\\vendor\\laravel\\framework\\src\\Illuminate\\Container\\BoundMethod.php(93): Illuminate\\Container\\Util::unwrapIfClosure(Object(Closure))
#12 D:\\laragon\\www\\mirrormefashion\\vendor\\laravel\\framework\\src\\Illuminate\\Container\\BoundMethod.php(35): Illuminate\\Container\\BoundMethod::callBoundMethod(Object(Illuminate\\Foundation\\Application), Array, Object(Closure))
#13 D:\\laragon\\www\\mirrormefashion\\vendor\\laravel\\framework\\src\\Illuminate\\Container\\Container.php(662): Illuminate\\Container\\BoundMethod::call(Object(Illuminate\\Foundation\\Application), Array, Array, NULL)
#14 D:\\laragon\\www\\mirrormefashion\\vendor\\laravel\\framework\\src\\Illuminate\\Console\\Command.php(211): Illuminate\\Container\\Container->call(Array)
#15 D:\\laragon\\www\\mirrormefashion\\vendor\\symfony\\console\\Command\\Command.php(326): Illuminate\\Console\\Command->execute(Object(Symfony\\Component\\Console\\Input\\ArgvInput), Object(Illuminate\\Console\\OutputStyle))
#16 D:\\laragon\\www\\mirrormefashion\\vendor\\laravel\\framework\\src\\Illuminate\\Console\\Command.php(180): Symfony\\Component\\Console\\Command\\Command->run(Object(Symfony\\Component\\Console\\Input\\ArgvInput), Object(Illuminate\\Console\\OutputStyle))
#17 D:\\laragon\\www\\mirrormefashion\\vendor\\symfony\\console\\Application.php(1096): Illuminate\\Console\\Command->run(Object(Symfony\\Component\\Console\\Input\\ArgvInput), Object(Symfony\\Component\\Console\\Output\\ConsoleOutput))
#18 D:\\laragon\\www\\mirrormefashion\\vendor\\symfony\\console\\Application.php(324): Symfony\\Component\\Console\\Application->doRunCommand(Object(Illuminate\\Database\\Console\\Seeds\\SeedCommand), Object(Symfony\\Component\\Console\\Input\\ArgvInput), Object(Symfony\\Component\\Console\\Output\\ConsoleOutput))
#19 D:\\laragon\\www\\mirrormefashion\\vendor\\symfony\\console\\Application.php(175): Symfony\\Component\\Console\\Application->doRun(Object(Symfony\\Component\\Console\\Input\\ArgvInput), Object(Symfony\\Component\\Console\\Output\\ConsoleOutput))
#20 D:\\laragon\\www\\mirrormefashion\\vendor\\laravel\\framework\\src\\Illuminate\\Foundation\\Console\\Kernel.php(201): Symfony\\Component\\Console\\Application->run(Object(Symfony\\Component\\Console\\Input\\ArgvInput), Object(Symfony\\Component\\Console\\Output\\ConsoleOutput))
#21 D:\\laragon\\www\\mirrormefashion\\artisan(35): Illuminate\\Foundation\\Console\\Kernel->handle(Object(Symfony\\Component\\Console\\Input\\ArgvInput), Object(Symfony\\Component\\Console\\Output\\ConsoleOutput))
#22 {main}
"} 
