[2026-05-16 05:42:06] local.INFO: ParseBearerToken middleware invoked {"path":"/api/v2/campaign","method":"GET","has_auth_header":true,"auth_header_preview":"Bearer 168|i1Pfn62igXMWcFgvLcI...","is_bearer":true} 
[2026-05-16 05:42:06] local.INFO: Extracted bearer token {"token_preview":"168|i1Pfn6...","token_length":52} 
[2026-05-16 05:42:06] local.INFO: Found personal access token {"token_id":168,"user_id":68,"revoked":null} 
[2026-05-16 05:42:06] local.INFO: User authenticated via bearer token {"user_id":68,"user_email":"freelancerzahedcreator@gmail.com"} 
[2026-05-16 05:42:06] local.INFO: Returning campaigns for user {"user_id":68,"campaign_count":4,"statuses":["draft","live","live","draft"]} 
[2026-05-16 05:42:07] local.INFO: ParseBearerToken middleware invoked {"path":"/api/v2/campaign","method":"GET","has_auth_header":true,"auth_header_preview":"Bearer 168|i1Pfn62igXMWcFgvLcI...","is_bearer":true} 
[2026-05-16 05:42:07] local.INFO: Extracted bearer token {"token_preview":"168|i1Pfn6...","token_length":52} 
[2026-05-16 05:42:07] local.INFO: Found personal access token {"token_id":168,"user_id":68,"revoked":null} 
[2026-05-16 05:42:07] local.INFO: User authenticated via bearer token {"user_id":68,"user_email":"freelancerzahedcreator@gmail.com"} 
[2026-05-16 05:42:07] local.INFO: Returning campaigns for user {"user_id":68,"campaign_count":4,"statuses":["draft","live","live","draft"]} 
[2026-05-16 05:42:15] local.INFO: ParseBearerToken middleware invoked {"path":"/api/v2/campaign","method":"GET","has_auth_header":true,"auth_header_preview":"Bearer 168|i1Pfn62igXMWcFgvLcI...","is_bearer":true} 
[2026-05-16 05:42:15] local.INFO: Extracted bearer token {"token_preview":"168|i1Pfn6...","token_length":52} 
[2026-05-16 05:42:15] local.INFO: Found personal access token {"token_id":168,"user_id":68,"revoked":null} 
[2026-05-16 05:42:15] local.INFO: User authenticated via bearer token {"user_id":68,"user_email":"freelancerzahedcreator@gmail.com"} 
[2026-05-16 05:42:15] local.INFO: Returning campaigns for user {"user_id":68,"campaign_count":4,"statuses":["draft","live","live","draft"]} 
[2026-05-16 05:42:15] local.INFO: ParseBearerToken middleware invoked {"path":"/api/v2/campaign","method":"GET","has_auth_header":true,"auth_header_preview":"Bearer 168|i1Pfn62igXMWcFgvLcI...","is_bearer":true} 
[2026-05-16 05:42:15] local.INFO: Extracted bearer token {"token_preview":"168|i1Pfn6...","token_length":52} 
[2026-05-16 05:42:15] local.INFO: Found personal access token {"token_id":168,"user_id":68,"revoked":null} 
[2026-05-16 05:42:15] local.INFO: User authenticated via bearer token {"user_id":68,"user_email":"freelancerzahedcreator@gmail.com"} 
[2026-05-16 05:42:15] local.INFO: Returning campaigns for user {"user_id":68,"campaign_count":4,"statuses":["draft","live","live","draft"]} 
[2026-05-16 05:42:35] local.INFO: ParseBearerToken middleware invoked {"path":"/api/v2/campaign","method":"GET","has_auth_header":true,"auth_header_preview":"Bearer 168|i1Pfn62igXMWcFgvLcI...","is_bearer":true} 
[2026-05-16 05:42:35] local.INFO: Extracted bearer token {"token_preview":"168|i1Pfn6...","token_length":52} 
[2026-05-16 05:42:35] local.INFO: Found personal access token {"token_id":168,"user_id":68,"revoked":null} 
[2026-05-16 05:42:35] local.INFO: User authenticated via bearer token {"user_id":68,"user_email":"freelancerzahedcreator@gmail.com"} 
[2026-05-16 05:42:35] local.INFO: Returning campaigns for user {"user_id":68,"campaign_count":4,"statuses":["draft","live","live","draft"]} 
[2026-05-16 05:42:36] local.INFO: ParseBearerToken middleware invoked {"path":"/api/v2/campaign","method":"GET","has_auth_header":true,"auth_header_preview":"Bearer 168|i1Pfn62igXMWcFgvLcI...","is_bearer":true} 
[2026-05-16 05:42:36] local.INFO: Extracted bearer token {"token_preview":"168|i1Pfn6...","token_length":52} 
[2026-05-16 05:42:36] local.INFO: Found personal access token {"token_id":168,"user_id":68,"revoked":null} 
[2026-05-16 05:42:36] local.INFO: User authenticated via bearer token {"user_id":68,"user_email":"freelancerzahedcreator@gmail.com"} 
[2026-05-16 05:42:36] local.INFO: Returning campaigns for user {"user_id":68,"campaign_count":4,"statuses":["draft","live","live","draft"]} 
[2026-05-16 05:42:49] local.INFO: ParseBearerToken middleware invoked {"path":"/api/v2/campaign","method":"GET","has_auth_header":true,"auth_header_preview":"Bearer 168|i1Pfn62igXMWcFgvLcI...","is_bearer":true} 
[2026-05-16 05:42:49] local.INFO: Extracted bearer token {"token_preview":"168|i1Pfn6...","token_length":52} 
[2026-05-16 05:42:49] local.INFO: Found personal access token {"token_id":168,"user_id":68,"revoked":null} 
[2026-05-16 05:42:49] local.INFO: User authenticated via bearer token {"user_id":68,"user_email":"freelancerzahedcreator@gmail.com"} 
[2026-05-16 05:42:49] local.INFO: Returning campaigns for user {"user_id":68,"campaign_count":4,"statuses":["draft","live","live","draft"]} 
[2026-05-16 05:42:49] local.INFO: ParseBearerToken middleware invoked {"path":"/api/v2/campaign","method":"GET","has_auth_header":true,"auth_header_preview":"Bearer 168|i1Pfn62igXMWcFgvLcI...","is_bearer":true} 
[2026-05-16 05:42:49] local.INFO: Extracted bearer token {"token_preview":"168|i1Pfn6...","token_length":52} 
[2026-05-16 05:42:49] local.INFO: Found personal access token {"token_id":168,"user_id":68,"revoked":null} 
[2026-05-16 05:42:49] local.INFO: User authenticated via bearer token {"user_id":68,"user_email":"freelancerzahedcreator@gmail.com"} 
[2026-05-16 05:42:49] local.INFO: Returning campaigns for user {"user_id":68,"campaign_count":4,"statuses":["draft","live","live","draft"]} 
[2026-05-16 05:43:27] local.INFO: ParseBearerToken middleware invoked {"path":"/api/v2/campaign","method":"GET","has_auth_header":true,"auth_header_preview":"Bearer 168|i1Pfn62igXMWcFgvLcI...","is_bearer":true} 
[2026-05-16 05:43:27] local.INFO: Extracted bearer token {"token_preview":"168|i1Pfn6...","token_length":52} 
[2026-05-16 05:43:27] local.INFO: Found personal access token {"token_id":168,"user_id":68,"revoked":null} 
[2026-05-16 05:43:27] local.INFO: User authenticated via bearer token {"user_id":68,"user_email":"freelancerzahedcreator@gmail.com"} 
[2026-05-16 05:43:27] local.INFO: Returning campaigns for user {"user_id":68,"campaign_count":4,"statuses":["draft","live","live","draft"]} 
[2026-05-16 05:43:27] local.INFO: ParseBearerToken middleware invoked {"path":"/api/v2/campaign","method":"GET","has_auth_header":true,"auth_header_preview":"Bearer 168|i1Pfn62igXMWcFgvLcI...","is_bearer":true} 
[2026-05-16 05:43:27] local.INFO: Extracted bearer token {"token_preview":"168|i1Pfn6...","token_length":52} 
[2026-05-16 05:43:27] local.INFO: Found personal access token {"token_id":168,"user_id":68,"revoked":null} 
[2026-05-16 05:43:27] local.INFO: User authenticated via bearer token {"user_id":68,"user_email":"freelancerzahedcreator@gmail.com"} 
[2026-05-16 05:43:27] local.INFO: Returning campaigns for user {"user_id":68,"campaign_count":4,"statuses":["draft","live","live","draft"]} 
[2026-05-16 05:43:32] local.INFO: ParseBearerToken middleware invoked {"path":"/api/v2/analytics/creator","method":"GET","has_auth_header":true,"auth_header_preview":"Bearer 168|i1Pfn62igXMWcFgvLcI...","is_bearer":true} 
[2026-05-16 05:43:32] local.INFO: Extracted bearer token {"token_preview":"168|i1Pfn6...","token_length":52} 
[2026-05-16 05:43:32] local.INFO: Found personal access token {"token_id":168,"user_id":68,"revoked":null} 
[2026-05-16 05:43:32] local.INFO: User authenticated via bearer token {"user_id":68,"user_email":"freelancerzahedcreator@gmail.com"} 
[2026-05-16 05:43:33] local.INFO: ParseBearerToken middleware invoked {"path":"/api/v2/analytics/creator","method":"GET","has_auth_header":true,"auth_header_preview":"Bearer 168|i1Pfn62igXMWcFgvLcI...","is_bearer":true} 
[2026-05-16 05:43:33] local.INFO: Extracted bearer token {"token_preview":"168|i1Pfn6...","token_length":52} 
[2026-05-16 05:43:33] local.INFO: Found personal access token {"token_id":168,"user_id":68,"revoked":null} 
[2026-05-16 05:43:33] local.INFO: User authenticated via bearer token {"user_id":68,"user_email":"freelancerzahedcreator@gmail.com"} 
[2026-05-16 06:41:10] local.INFO: ParseBearerToken middleware invoked {"path":"/api/v2/creator/profile","method":"GET","has_auth_header":true,"auth_header_preview":"Bearer 168|i1Pfn62igXMWcFgvLcI...","is_bearer":true} 
[2026-05-16 06:41:10] local.INFO: Extracted bearer token {"token_preview":"168|i1Pfn6...","token_length":52} 
[2026-05-16 06:41:10] local.INFO: Found personal access token {"token_id":168,"user_id":68,"revoked":null} 
[2026-05-16 06:41:10] local.INFO: User authenticated via bearer token {"user_id":68,"user_email":"freelancerzahedcreator@gmail.com"} 
[2026-05-16 06:41:11] local.INFO: ParseBearerToken middleware invoked {"path":"/api/v2/creator/profile","method":"GET","has_auth_header":true,"auth_header_preview":"Bearer 168|i1Pfn62igXMWcFgvLcI...","is_bearer":true} 
[2026-05-16 06:41:11] local.INFO: Extracted bearer token {"token_preview":"168|i1Pfn6...","token_length":52} 
[2026-05-16 06:41:11] local.INFO: Found personal access token {"token_id":168,"user_id":68,"revoked":null} 
[2026-05-16 06:41:11] local.INFO: User authenticated via bearer token {"user_id":68,"user_email":"freelancerzahedcreator@gmail.com"} 
[2026-05-16 06:41:28] local.INFO: ParseBearerToken middleware invoked {"path":"/api/v2/creator/profile","method":"GET","has_auth_header":true,"auth_header_preview":"Bearer 168|i1Pfn62igXMWcFgvLcI...","is_bearer":true} 
[2026-05-16 06:41:28] local.INFO: Extracted bearer token {"token_preview":"168|i1Pfn6...","token_length":52} 
[2026-05-16 06:41:28] local.INFO: Found personal access token {"token_id":168,"user_id":68,"revoked":null} 
[2026-05-16 06:41:28] local.INFO: User authenticated via bearer token {"user_id":68,"user_email":"freelancerzahedcreator@gmail.com"} 
[2026-05-16 06:41:58] local.INFO: ParseBearerToken middleware invoked {"path":"/api/v2/creator/profile","method":"GET","has_auth_header":true,"auth_header_preview":"Bearer 168|i1Pfn62igXMWcFgvLcI...","is_bearer":true} 
[2026-05-16 06:41:58] local.INFO: Extracted bearer token {"token_preview":"168|i1Pfn6...","token_length":52} 
[2026-05-16 06:41:58] local.INFO: Found personal access token {"token_id":168,"user_id":68,"revoked":null} 
[2026-05-16 06:41:58] local.INFO: User authenticated via bearer token {"user_id":68,"user_email":"freelancerzahedcreator@gmail.com"} 
[2026-05-16 06:42:28] local.INFO: ParseBearerToken middleware invoked {"path":"/api/v2/creator/profile","method":"GET","has_auth_header":true,"auth_header_preview":"Bearer 168|i1Pfn62igXMWcFgvLcI...","is_bearer":true} 
[2026-05-16 06:42:28] local.INFO: Extracted bearer token {"token_preview":"168|i1Pfn6...","token_length":52} 
[2026-05-16 06:42:28] local.INFO: Found personal access token {"token_id":168,"user_id":68,"revoked":null} 
[2026-05-16 06:42:28] local.INFO: User authenticated via bearer token {"user_id":68,"user_email":"freelancerzahedcreator@gmail.com"} 
[2026-05-16 06:42:58] local.INFO: ParseBearerToken middleware invoked {"path":"/api/v2/creator/profile","method":"GET","has_auth_header":true,"auth_header_preview":"Bearer 168|i1Pfn62igXMWcFgvLcI...","is_bearer":true} 
[2026-05-16 06:42:58] local.INFO: Extracted bearer token {"token_preview":"168|i1Pfn6...","token_length":52} 
[2026-05-16 06:42:58] local.INFO: Found personal access token {"token_id":168,"user_id":68,"revoked":null} 
[2026-05-16 06:42:58] local.INFO: User authenticated via bearer token {"user_id":68,"user_email":"freelancerzahedcreator@gmail.com"} 
[2026-05-16 06:43:28] local.INFO: ParseBearerToken middleware invoked {"path":"/api/v2/creator/profile","method":"GET","has_auth_header":true,"auth_header_preview":"Bearer 168|i1Pfn62igXMWcFgvLcI...","is_bearer":true} 
[2026-05-16 06:43:28] local.INFO: Extracted bearer token {"token_preview":"168|i1Pfn6...","token_length":52} 
[2026-05-16 06:43:28] local.INFO: Found personal access token {"token_id":168,"user_id":68,"revoked":null} 
[2026-05-16 06:43:28] local.INFO: User authenticated via bearer token {"user_id":68,"user_email":"freelancerzahedcreator@gmail.com"} 
[2026-05-16 06:43:58] local.INFO: ParseBearerToken middleware invoked {"path":"/api/v2/creator/profile","method":"GET","has_auth_header":true,"auth_header_preview":"Bearer 168|i1Pfn62igXMWcFgvLcI...","is_bearer":true} 
[2026-05-16 06:43:58] local.INFO: Extracted bearer token {"token_preview":"168|i1Pfn6...","token_length":52} 
[2026-05-16 06:43:58] local.INFO: Found personal access token {"token_id":168,"user_id":68,"revoked":null} 
[2026-05-16 06:43:58] local.INFO: User authenticated via bearer token {"user_id":68,"user_email":"freelancerzahedcreator@gmail.com"} 
[2026-05-16 06:44:29] local.INFO: ParseBearerToken middleware invoked {"path":"/api/v2/creator/profile","method":"GET","has_auth_header":true,"auth_header_preview":"Bearer 168|i1Pfn62igXMWcFgvLcI...","is_bearer":true} 
[2026-05-16 06:44:29] local.INFO: Extracted bearer token {"token_preview":"168|i1Pfn6...","token_length":52} 
[2026-05-16 06:44:29] local.INFO: Found personal access token {"token_id":168,"user_id":68,"revoked":null} 
[2026-05-16 06:44:29] local.INFO: User authenticated via bearer token {"user_id":68,"user_email":"freelancerzahedcreator@gmail.com"} 
[2026-05-16 06:44:59] local.INFO: ParseBearerToken middleware invoked {"path":"/api/v2/creator/profile","method":"GET","has_auth_header":true,"auth_header_preview":"Bearer 168|i1Pfn62igXMWcFgvLcI...","is_bearer":true} 
[2026-05-16 06:44:59] local.INFO: Extracted bearer token {"token_preview":"168|i1Pfn6...","token_length":52} 
[2026-05-16 06:44:59] local.INFO: Found personal access token {"token_id":168,"user_id":68,"revoked":null} 
[2026-05-16 06:44:59] local.INFO: User authenticated via bearer token {"user_id":68,"user_email":"freelancerzahedcreator@gmail.com"} 
[2026-05-16 06:45:29] local.INFO: ParseBearerToken middleware invoked {"path":"/api/v2/creator/profile","method":"GET","has_auth_header":true,"auth_header_preview":"Bearer 168|i1Pfn62igXMWcFgvLcI...","is_bearer":true} 
[2026-05-16 06:45:29] local.INFO: Extracted bearer token {"token_preview":"168|i1Pfn6...","token_length":52} 
[2026-05-16 06:45:29] local.INFO: Found personal access token {"token_id":168,"user_id":68,"revoked":null} 
[2026-05-16 06:45:29] local.INFO: User authenticated via bearer token {"user_id":68,"user_email":"freelancerzahedcreator@gmail.com"} 
[2026-05-16 06:45:59] local.INFO: ParseBearerToken middleware invoked {"path":"/api/v2/creator/profile","method":"GET","has_auth_header":true,"auth_header_preview":"Bearer 168|i1Pfn62igXMWcFgvLcI...","is_bearer":true} 
[2026-05-16 06:45:59] local.INFO: Extracted bearer token {"token_preview":"168|i1Pfn6...","token_length":52} 
[2026-05-16 06:45:59] local.INFO: Found personal access token {"token_id":168,"user_id":68,"revoked":null} 
[2026-05-16 06:45:59] local.INFO: User authenticated via bearer token {"user_id":68,"user_email":"freelancerzahedcreator@gmail.com"} 
[2026-05-16 06:46:29] local.INFO: ParseBearerToken middleware invoked {"path":"/api/v2/creator/profile","method":"GET","has_auth_header":true,"auth_header_preview":"Bearer 168|i1Pfn62igXMWcFgvLcI...","is_bearer":true} 
[2026-05-16 06:46:29] local.INFO: Extracted bearer token {"token_preview":"168|i1Pfn6...","token_length":52} 
[2026-05-16 06:46:29] local.INFO: Found personal access token {"token_id":168,"user_id":68,"revoked":null} 
[2026-05-16 06:46:29] local.INFO: User authenticated via bearer token {"user_id":68,"user_email":"freelancerzahedcreator@gmail.com"} 
[2026-05-16 06:46:59] local.INFO: ParseBearerToken middleware invoked {"path":"/api/v2/creator/profile","method":"GET","has_auth_header":true,"auth_header_preview":"Bearer 168|i1Pfn62igXMWcFgvLcI...","is_bearer":true} 
[2026-05-16 06:46:59] local.INFO: Extracted bearer token {"token_preview":"168|i1Pfn6...","token_length":52} 
[2026-05-16 06:46:59] local.INFO: Found personal access token {"token_id":168,"user_id":68,"revoked":null} 
[2026-05-16 06:46:59] local.INFO: User authenticated via bearer token {"user_id":68,"user_email":"freelancerzahedcreator@gmail.com"} 
[2026-05-16 06:47:29] local.INFO: ParseBearerToken middleware invoked {"path":"/api/v2/creator/profile","method":"GET","has_auth_header":true,"auth_header_preview":"Bearer 168|i1Pfn62igXMWcFgvLcI...","is_bearer":true} 
[2026-05-16 06:47:29] local.INFO: Extracted bearer token {"token_preview":"168|i1Pfn6...","token_length":52} 
[2026-05-16 06:47:29] local.INFO: Found personal access token {"token_id":168,"user_id":68,"revoked":null} 
[2026-05-16 06:47:29] local.INFO: User authenticated via bearer token {"user_id":68,"user_email":"freelancerzahedcreator@gmail.com"} 
[2026-05-16 06:47:59] local.INFO: ParseBearerToken middleware invoked {"path":"/api/v2/creator/profile","method":"GET","has_auth_header":true,"auth_header_preview":"Bearer 168|i1Pfn62igXMWcFgvLcI...","is_bearer":true} 
[2026-05-16 06:47:59] local.INFO: Extracted bearer token {"token_preview":"168|i1Pfn6...","token_length":52} 
[2026-05-16 06:47:59] local.INFO: Found personal access token {"token_id":168,"user_id":68,"revoked":null} 
[2026-05-16 06:47:59] local.INFO: User authenticated via bearer token {"user_id":68,"user_email":"freelancerzahedcreator@gmail.com"} 
[2026-05-16 06:48:29] local.INFO: ParseBearerToken middleware invoked {"path":"/api/v2/creator/profile","method":"GET","has_auth_header":true,"auth_header_preview":"Bearer 168|i1Pfn62igXMWcFgvLcI...","is_bearer":true} 
[2026-05-16 06:48:29] local.INFO: Extracted bearer token {"token_preview":"168|i1Pfn6...","token_length":52} 
[2026-05-16 06:48:29] local.INFO: Found personal access token {"token_id":168,"user_id":68,"revoked":null} 
[2026-05-16 06:48:29] local.INFO: User authenticated via bearer token {"user_id":68,"user_email":"freelancerzahedcreator@gmail.com"} 
[2026-05-16 06:48:59] local.INFO: ParseBearerToken middleware invoked {"path":"/api/v2/creator/profile","method":"GET","has_auth_header":true,"auth_header_preview":"Bearer 168|i1Pfn62igXMWcFgvLcI...","is_bearer":true} 
[2026-05-16 06:48:59] local.INFO: Extracted bearer token {"token_preview":"168|i1Pfn6...","token_length":52} 
[2026-05-16 06:48:59] local.INFO: Found personal access token {"token_id":168,"user_id":68,"revoked":null} 
[2026-05-16 06:48:59] local.INFO: User authenticated via bearer token {"user_id":68,"user_email":"freelancerzahedcreator@gmail.com"} 
[2026-05-16 06:49:29] local.INFO: ParseBearerToken middleware invoked {"path":"/api/v2/creator/profile","method":"GET","has_auth_header":true,"auth_header_preview":"Bearer 168|i1Pfn62igXMWcFgvLcI...","is_bearer":true} 
[2026-05-16 06:49:29] local.INFO: Extracted bearer token {"token_preview":"168|i1Pfn6...","token_length":52} 
[2026-05-16 06:49:29] local.INFO: Found personal access token {"token_id":168,"user_id":68,"revoked":null} 
[2026-05-16 06:49:29] local.INFO: User authenticated via bearer token {"user_id":68,"user_email":"freelancerzahedcreator@gmail.com"} 
[2026-05-16 06:49:59] local.INFO: ParseBearerToken middleware invoked {"path":"/api/v2/creator/profile","method":"GET","has_auth_header":true,"auth_header_preview":"Bearer 168|i1Pfn62igXMWcFgvLcI...","is_bearer":true} 
[2026-05-16 06:49:59] local.INFO: Extracted bearer token {"token_preview":"168|i1Pfn6...","token_length":52} 
[2026-05-16 06:49:59] local.INFO: Found personal access token {"token_id":168,"user_id":68,"revoked":null} 
[2026-05-16 06:49:59] local.INFO: User authenticated via bearer token {"user_id":68,"user_email":"freelancerzahedcreator@gmail.com"} 
[2026-05-16 06:50:29] local.INFO: ParseBearerToken middleware invoked {"path":"/api/v2/creator/profile","method":"GET","has_auth_header":true,"auth_header_preview":"Bearer 168|i1Pfn62igXMWcFgvLcI...","is_bearer":true} 
[2026-05-16 06:50:29] local.INFO: Extracted bearer token {"token_preview":"168|i1Pfn6...","token_length":52} 
[2026-05-16 06:50:29] local.INFO: Found personal access token {"token_id":168,"user_id":68,"revoked":null} 
[2026-05-16 06:50:29] local.INFO: User authenticated via bearer token {"user_id":68,"user_email":"freelancerzahedcreator@gmail.com"} 
[2026-05-16 06:50:59] local.INFO: ParseBearerToken middleware invoked {"path":"/api/v2/creator/profile","method":"GET","has_auth_header":true,"auth_header_preview":"Bearer 168|i1Pfn62igXMWcFgvLcI...","is_bearer":true} 
[2026-05-16 06:50:59] local.INFO: Extracted bearer token {"token_preview":"168|i1Pfn6...","token_length":52} 
[2026-05-16 06:50:59] local.INFO: Found personal access token {"token_id":168,"user_id":68,"revoked":null} 
[2026-05-16 06:50:59] local.INFO: User authenticated via bearer token {"user_id":68,"user_email":"freelancerzahedcreator@gmail.com"} 
[2026-05-16 06:51:29] local.INFO: ParseBearerToken middleware invoked {"path":"/api/v2/creator/profile","method":"GET","has_auth_header":true,"auth_header_preview":"Bearer 168|i1Pfn62igXMWcFgvLcI...","is_bearer":true} 
[2026-05-16 06:51:29] local.INFO: Extracted bearer token {"token_preview":"168|i1Pfn6...","token_length":52} 
[2026-05-16 06:51:29] local.INFO: Found personal access token {"token_id":168,"user_id":68,"revoked":null} 
[2026-05-16 06:51:29] local.INFO: User authenticated via bearer token {"user_id":68,"user_email":"freelancerzahedcreator@gmail.com"} 
[2026-05-16 06:51:59] local.INFO: ParseBearerToken middleware invoked {"path":"/api/v2/creator/profile","method":"GET","has_auth_header":true,"auth_header_preview":"Bearer 168|i1Pfn62igXMWcFgvLcI...","is_bearer":true} 
[2026-05-16 06:51:59] local.INFO: Extracted bearer token {"token_preview":"168|i1Pfn6...","token_length":52} 
[2026-05-16 06:51:59] local.INFO: Found personal access token {"token_id":168,"user_id":68,"revoked":null} 
[2026-05-16 06:51:59] local.INFO: User authenticated via bearer token {"user_id":68,"user_email":"freelancerzahedcreator@gmail.com"} 
[2026-05-16 06:52:29] local.INFO: ParseBearerToken middleware invoked {"path":"/api/v2/creator/profile","method":"GET","has_auth_header":true,"auth_header_preview":"Bearer 168|i1Pfn62igXMWcFgvLcI...","is_bearer":true} 
[2026-05-16 06:52:29] local.INFO: Extracted bearer token {"token_preview":"168|i1Pfn6...","token_length":52} 
[2026-05-16 06:52:29] local.INFO: Found personal access token {"token_id":168,"user_id":68,"revoked":null} 
[2026-05-16 06:52:29] local.INFO: User authenticated via bearer token {"user_id":68,"user_email":"freelancerzahedcreator@gmail.com"} 
[2026-05-16 06:52:59] local.INFO: ParseBearerToken middleware invoked {"path":"/api/v2/creator/profile","method":"GET","has_auth_header":true,"auth_header_preview":"Bearer 168|i1Pfn62igXMWcFgvLcI...","is_bearer":true} 
[2026-05-16 06:52:59] local.INFO: Extracted bearer token {"token_preview":"168|i1Pfn6...","token_length":52} 
[2026-05-16 06:52:59] local.INFO: Found personal access token {"token_id":168,"user_id":68,"revoked":null} 
[2026-05-16 06:52:59] local.INFO: User authenticated via bearer token {"user_id":68,"user_email":"freelancerzahedcreator@gmail.com"} 
[2026-05-16 06:53:28] local.INFO: ParseBearerToken middleware invoked {"path":"/api/v2/creator/profile","method":"GET","has_auth_header":true,"auth_header_preview":"Bearer 168|i1Pfn62igXMWcFgvLcI...","is_bearer":true} 
[2026-05-16 06:53:28] local.INFO: Extracted bearer token {"token_preview":"168|i1Pfn6...","token_length":52} 
[2026-05-16 06:53:29] local.INFO: Found personal access token {"token_id":168,"user_id":68,"revoked":null} 
[2026-05-16 06:53:29] local.INFO: User authenticated via bearer token {"user_id":68,"user_email":"freelancerzahedcreator@gmail.com"} 
[2026-05-16 06:53:59] local.INFO: ParseBearerToken middleware invoked {"path":"/api/v2/creator/profile","method":"GET","has_auth_header":true,"auth_header_preview":"Bearer 168|i1Pfn62igXMWcFgvLcI...","is_bearer":true} 
[2026-05-16 06:53:59] local.INFO: Extracted bearer token {"token_preview":"168|i1Pfn6...","token_length":52} 
[2026-05-16 06:53:59] local.INFO: Found personal access token {"token_id":168,"user_id":68,"revoked":null} 
[2026-05-16 06:53:59] local.INFO: User authenticated via bearer token {"user_id":68,"user_email":"freelancerzahedcreator@gmail.com"} 
[2026-05-16 06:54:29] local.INFO: ParseBearerToken middleware invoked {"path":"/api/v2/creator/profile","method":"GET","has_auth_header":true,"auth_header_preview":"Bearer 168|i1Pfn62igXMWcFgvLcI...","is_bearer":true} 
[2026-05-16 06:54:29] local.INFO: Extracted bearer token {"token_preview":"168|i1Pfn6...","token_length":52} 
[2026-05-16 06:54:29] local.INFO: Found personal access token {"token_id":168,"user_id":68,"revoked":null} 
[2026-05-16 06:54:29] local.INFO: User authenticated via bearer token {"user_id":68,"user_email":"freelancerzahedcreator@gmail.com"} 
[2026-05-16 06:54:59] local.INFO: ParseBearerToken middleware invoked {"path":"/api/v2/creator/profile","method":"GET","has_auth_header":true,"auth_header_preview":"Bearer 168|i1Pfn62igXMWcFgvLcI...","is_bearer":true} 
[2026-05-16 06:54:59] local.INFO: Extracted bearer token {"token_preview":"168|i1Pfn6...","token_length":52} 
[2026-05-16 06:54:59] local.INFO: Found personal access token {"token_id":168,"user_id":68,"revoked":null} 
[2026-05-16 06:54:59] local.INFO: User authenticated via bearer token {"user_id":68,"user_email":"freelancerzahedcreator@gmail.com"} 
[2026-05-16 06:55:29] local.INFO: ParseBearerToken middleware invoked {"path":"/api/v2/creator/profile","method":"GET","has_auth_header":true,"auth_header_preview":"Bearer 168|i1Pfn62igXMWcFgvLcI...","is_bearer":true} 
[2026-05-16 06:55:29] local.INFO: Extracted bearer token {"token_preview":"168|i1Pfn6...","token_length":52} 
[2026-05-16 06:55:29] local.INFO: Found personal access token {"token_id":168,"user_id":68,"revoked":null} 
[2026-05-16 06:55:29] local.INFO: User authenticated via bearer token {"user_id":68,"user_email":"freelancerzahedcreator@gmail.com"} 
[2026-05-16 06:55:59] local.INFO: ParseBearerToken middleware invoked {"path":"/api/v2/creator/profile","method":"GET","has_auth_header":true,"auth_header_preview":"Bearer 168|i1Pfn62igXMWcFgvLcI...","is_bearer":true} 
[2026-05-16 06:55:59] local.INFO: Extracted bearer token {"token_preview":"168|i1Pfn6...","token_length":52} 
[2026-05-16 06:55:59] local.INFO: Found personal access token {"token_id":168,"user_id":68,"revoked":null} 
[2026-05-16 06:55:59] local.INFO: User authenticated via bearer token {"user_id":68,"user_email":"freelancerzahedcreator@gmail.com"} 
[2026-05-16 06:56:29] local.INFO: ParseBearerToken middleware invoked {"path":"/api/v2/creator/profile","method":"GET","has_auth_header":true,"auth_header_preview":"Bearer 168|i1Pfn62igXMWcFgvLcI...","is_bearer":true} 
[2026-05-16 06:56:29] local.INFO: Extracted bearer token {"token_preview":"168|i1Pfn6...","token_length":52} 
[2026-05-16 06:56:29] local.INFO: Found personal access token {"token_id":168,"user_id":68,"revoked":null} 
[2026-05-16 06:56:29] local.INFO: User authenticated via bearer token {"user_id":68,"user_email":"freelancerzahedcreator@gmail.com"} 
[2026-05-16 06:56:59] local.INFO: ParseBearerToken middleware invoked {"path":"/api/v2/creator/profile","method":"GET","has_auth_header":true,"auth_header_preview":"Bearer 168|i1Pfn62igXMWcFgvLcI...","is_bearer":true} 
[2026-05-16 06:56:59] local.INFO: Extracted bearer token {"token_preview":"168|i1Pfn6...","token_length":52} 
[2026-05-16 06:56:59] local.INFO: Found personal access token {"token_id":168,"user_id":68,"revoked":null} 
[2026-05-16 06:56:59] local.INFO: User authenticated via bearer token {"user_id":68,"user_email":"freelancerzahedcreator@gmail.com"} 
[2026-05-16 06:57:29] local.INFO: ParseBearerToken middleware invoked {"path":"/api/v2/creator/profile","method":"GET","has_auth_header":true,"auth_header_preview":"Bearer 168|i1Pfn62igXMWcFgvLcI...","is_bearer":true} 
[2026-05-16 06:57:29] local.INFO: Extracted bearer token {"token_preview":"168|i1Pfn6...","token_length":52} 
[2026-05-16 06:57:29] local.INFO: Found personal access token {"token_id":168,"user_id":68,"revoked":null} 
[2026-05-16 06:57:29] local.INFO: User authenticated via bearer token {"user_id":68,"user_email":"freelancerzahedcreator@gmail.com"} 
[2026-05-16 06:57:59] local.INFO: ParseBearerToken middleware invoked {"path":"/api/v2/creator/profile","method":"GET","has_auth_header":true,"auth_header_preview":"Bearer 168|i1Pfn62igXMWcFgvLcI...","is_bearer":true} 
[2026-05-16 06:57:59] local.INFO: Extracted bearer token {"token_preview":"168|i1Pfn6...","token_length":52} 
[2026-05-16 06:57:59] local.INFO: Found personal access token {"token_id":168,"user_id":68,"revoked":null} 
[2026-05-16 06:57:59] local.INFO: User authenticated via bearer token {"user_id":68,"user_email":"freelancerzahedcreator@gmail.com"} 
[2026-05-16 06:58:29] local.INFO: ParseBearerToken middleware invoked {"path":"/api/v2/creator/profile","method":"GET","has_auth_header":true,"auth_header_preview":"Bearer 168|i1Pfn62igXMWcFgvLcI...","is_bearer":true} 
[2026-05-16 06:58:29] local.INFO: Extracted bearer token {"token_preview":"168|i1Pfn6...","token_length":52} 
[2026-05-16 06:58:29] local.INFO: Found personal access token {"token_id":168,"user_id":68,"revoked":null} 
[2026-05-16 06:58:29] local.INFO: User authenticated via bearer token {"user_id":68,"user_email":"freelancerzahedcreator@gmail.com"} 
[2026-05-16 06:58:59] local.INFO: ParseBearerToken middleware invoked {"path":"/api/v2/creator/profile","method":"GET","has_auth_header":true,"auth_header_preview":"Bearer 168|i1Pfn62igXMWcFgvLcI...","is_bearer":true} 
[2026-05-16 06:58:59] local.INFO: Extracted bearer token {"token_preview":"168|i1Pfn6...","token_length":52} 
[2026-05-16 06:58:59] local.INFO: Found personal access token {"token_id":168,"user_id":68,"revoked":null} 
[2026-05-16 06:58:59] local.INFO: User authenticated via bearer token {"user_id":68,"user_email":"freelancerzahedcreator@gmail.com"} 
[2026-05-16 06:59:29] local.INFO: ParseBearerToken middleware invoked {"path":"/api/v2/creator/profile","method":"GET","has_auth_header":true,"auth_header_preview":"Bearer 168|i1Pfn62igXMWcFgvLcI...","is_bearer":true} 
[2026-05-16 06:59:29] local.INFO: Extracted bearer token {"token_preview":"168|i1Pfn6...","token_length":52} 
[2026-05-16 06:59:29] local.INFO: Found personal access token {"token_id":168,"user_id":68,"revoked":null} 
[2026-05-16 06:59:29] local.INFO: User authenticated via bearer token {"user_id":68,"user_email":"freelancerzahedcreator@gmail.com"} 
[2026-05-16 06:59:59] local.INFO: ParseBearerToken middleware invoked {"path":"/api/v2/creator/profile","method":"GET","has_auth_header":true,"auth_header_preview":"Bearer 168|i1Pfn62igXMWcFgvLcI...","is_bearer":true} 
[2026-05-16 06:59:59] local.INFO: Extracted bearer token {"token_preview":"168|i1Pfn6...","token_length":52} 
[2026-05-16 06:59:59] local.INFO: Found personal access token {"token_id":168,"user_id":68,"revoked":null} 
[2026-05-16 06:59:59] local.INFO: User authenticated via bearer token {"user_id":68,"user_email":"freelancerzahedcreator@gmail.com"} 
[2026-05-16 07:00:29] local.INFO: ParseBearerToken middleware invoked {"path":"/api/v2/creator/profile","method":"GET","has_auth_header":true,"auth_header_preview":"Bearer 168|i1Pfn62igXMWcFgvLcI...","is_bearer":true} 
[2026-05-16 07:00:29] local.INFO: Extracted bearer token {"token_preview":"168|i1Pfn6...","token_length":52} 
[2026-05-16 07:00:29] local.INFO: Found personal access token {"token_id":168,"user_id":68,"revoked":null} 
[2026-05-16 07:00:29] local.INFO: User authenticated via bearer token {"user_id":68,"user_email":"freelancerzahedcreator@gmail.com"} 
[2026-05-16 07:00:59] local.INFO: ParseBearerToken middleware invoked {"path":"/api/v2/creator/profile","method":"GET","has_auth_header":true,"auth_header_preview":"Bearer 168|i1Pfn62igXMWcFgvLcI...","is_bearer":true} 
[2026-05-16 07:00:59] local.INFO: Extracted bearer token {"token_preview":"168|i1Pfn6...","token_length":52} 
[2026-05-16 07:00:59] local.INFO: Found personal access token {"token_id":168,"user_id":68,"revoked":null} 
[2026-05-16 07:00:59] local.INFO: User authenticated via bearer token {"user_id":68,"user_email":"freelancerzahedcreator@gmail.com"} 
[2026-05-16 07:01:29] local.INFO: ParseBearerToken middleware invoked {"path":"/api/v2/creator/profile","method":"GET","has_auth_header":true,"auth_header_preview":"Bearer 168|i1Pfn62igXMWcFgvLcI...","is_bearer":true} 
[2026-05-16 07:01:29] local.INFO: Extracted bearer token {"token_preview":"168|i1Pfn6...","token_length":52} 
[2026-05-16 07:01:29] local.INFO: Found personal access token {"token_id":168,"user_id":68,"revoked":null} 
[2026-05-16 07:01:29] local.INFO: User authenticated via bearer token {"user_id":68,"user_email":"freelancerzahedcreator@gmail.com"} 
[2026-05-16 07:01:59] local.INFO: ParseBearerToken middleware invoked {"path":"/api/v2/creator/profile","method":"GET","has_auth_header":true,"auth_header_preview":"Bearer 168|i1Pfn62igXMWcFgvLcI...","is_bearer":true} 
[2026-05-16 07:01:59] local.INFO: Extracted bearer token {"token_preview":"168|i1Pfn6...","token_length":52} 
[2026-05-16 07:01:59] local.INFO: Found personal access token {"token_id":168,"user_id":68,"revoked":null} 
[2026-05-16 07:01:59] local.INFO: User authenticated via bearer token {"user_id":68,"user_email":"freelancerzahedcreator@gmail.com"} 
[2026-05-16 07:02:29] local.INFO: ParseBearerToken middleware invoked {"path":"/api/v2/creator/profile","method":"GET","has_auth_header":true,"auth_header_preview":"Bearer 168|i1Pfn62igXMWcFgvLcI...","is_bearer":true} 
[2026-05-16 07:02:29] local.INFO: Extracted bearer token {"token_preview":"168|i1Pfn6...","token_length":52} 
[2026-05-16 07:02:29] local.INFO: Found personal access token {"token_id":168,"user_id":68,"revoked":null} 
[2026-05-16 07:02:29] local.INFO: User authenticated via bearer token {"user_id":68,"user_email":"freelancerzahedcreator@gmail.com"} 
[2026-05-16 07:02:59] local.INFO: ParseBearerToken middleware invoked {"path":"/api/v2/creator/profile","method":"GET","has_auth_header":true,"auth_header_preview":"Bearer 168|i1Pfn62igXMWcFgvLcI...","is_bearer":true} 
[2026-05-16 07:02:59] local.INFO: Extracted bearer token {"token_preview":"168|i1Pfn6...","token_length":52} 
[2026-05-16 07:02:59] local.INFO: Found personal access token {"token_id":168,"user_id":68,"revoked":null} 
[2026-05-16 07:02:59] local.INFO: User authenticated via bearer token {"user_id":68,"user_email":"freelancerzahedcreator@gmail.com"} 
[2026-05-16 07:03:29] local.INFO: ParseBearerToken middleware invoked {"path":"/api/v2/creator/profile","method":"GET","has_auth_header":true,"auth_header_preview":"Bearer 168|i1Pfn62igXMWcFgvLcI...","is_bearer":true} 
[2026-05-16 07:03:29] local.INFO: Extracted bearer token {"token_preview":"168|i1Pfn6...","token_length":52} 
[2026-05-16 07:03:29] local.INFO: Found personal access token {"token_id":168,"user_id":68,"revoked":null} 
[2026-05-16 07:03:29] local.INFO: User authenticated via bearer token {"user_id":68,"user_email":"freelancerzahedcreator@gmail.com"} 
[2026-05-16 07:03:58] local.INFO: ParseBearerToken middleware invoked {"path":"/api/v2/creator/profile","method":"GET","has_auth_header":true,"auth_header_preview":"Bearer 168|i1Pfn62igXMWcFgvLcI...","is_bearer":true} 
[2026-05-16 07:03:58] local.INFO: Extracted bearer token {"token_preview":"168|i1Pfn6...","token_length":52} 
[2026-05-16 07:03:58] local.INFO: Found personal access token {"token_id":168,"user_id":68,"revoked":null} 
[2026-05-16 07:03:59] local.INFO: User authenticated via bearer token {"user_id":68,"user_email":"freelancerzahedcreator@gmail.com"} 
[2026-05-16 07:04:29] local.INFO: ParseBearerToken middleware invoked {"path":"/api/v2/creator/profile","method":"GET","has_auth_header":true,"auth_header_preview":"Bearer 168|i1Pfn62igXMWcFgvLcI...","is_bearer":true} 
[2026-05-16 07:04:29] local.INFO: Extracted bearer token {"token_preview":"168|i1Pfn6...","token_length":52} 
[2026-05-16 07:04:29] local.INFO: Found personal access token {"token_id":168,"user_id":68,"revoked":null} 
[2026-05-16 07:04:29] local.INFO: User authenticated via bearer token {"user_id":68,"user_email":"freelancerzahedcreator@gmail.com"} 
[2026-05-16 07:04:59] local.INFO: ParseBearerToken middleware invoked {"path":"/api/v2/creator/profile","method":"GET","has_auth_header":true,"auth_header_preview":"Bearer 168|i1Pfn62igXMWcFgvLcI...","is_bearer":true} 
[2026-05-16 07:04:59] local.INFO: Extracted bearer token {"token_preview":"168|i1Pfn6...","token_length":52} 
[2026-05-16 07:04:59] local.INFO: Found personal access token {"token_id":168,"user_id":68,"revoked":null} 
[2026-05-16 07:04:59] local.INFO: User authenticated via bearer token {"user_id":68,"user_email":"freelancerzahedcreator@gmail.com"} 
[2026-05-16 07:05:29] local.INFO: ParseBearerToken middleware invoked {"path":"/api/v2/creator/profile","method":"GET","has_auth_header":true,"auth_header_preview":"Bearer 168|i1Pfn62igXMWcFgvLcI...","is_bearer":true} 
[2026-05-16 07:05:29] local.INFO: Extracted bearer token {"token_preview":"168|i1Pfn6...","token_length":52} 
[2026-05-16 07:05:29] local.INFO: Found personal access token {"token_id":168,"user_id":68,"revoked":null} 
[2026-05-16 07:05:29] local.INFO: User authenticated via bearer token {"user_id":68,"user_email":"freelancerzahedcreator@gmail.com"} 
[2026-05-16 07:05:59] local.INFO: ParseBearerToken middleware invoked {"path":"/api/v2/creator/profile","method":"GET","has_auth_header":true,"auth_header_preview":"Bearer 168|i1Pfn62igXMWcFgvLcI...","is_bearer":true} 
[2026-05-16 07:05:59] local.INFO: Extracted bearer token {"token_preview":"168|i1Pfn6...","token_length":52} 
[2026-05-16 07:05:59] local.INFO: Found personal access token {"token_id":168,"user_id":68,"revoked":null} 
[2026-05-16 07:05:59] local.INFO: User authenticated via bearer token {"user_id":68,"user_email":"freelancerzahedcreator@gmail.com"} 
[2026-05-16 07:06:29] local.INFO: ParseBearerToken middleware invoked {"path":"/api/v2/creator/profile","method":"GET","has_auth_header":true,"auth_header_preview":"Bearer 168|i1Pfn62igXMWcFgvLcI...","is_bearer":true} 
[2026-05-16 07:06:29] local.INFO: Extracted bearer token {"token_preview":"168|i1Pfn6...","token_length":52} 
[2026-05-16 07:06:29] local.INFO: Found personal access token {"token_id":168,"user_id":68,"revoked":null} 
[2026-05-16 07:06:29] local.INFO: User authenticated via bearer token {"user_id":68,"user_email":"freelancerzahedcreator@gmail.com"} 
[2026-05-16 07:06:58] local.INFO: ParseBearerToken middleware invoked {"path":"/api/v2/creator/profile","method":"GET","has_auth_header":true,"auth_header_preview":"Bearer 168|i1Pfn62igXMWcFgvLcI...","is_bearer":true} 
[2026-05-16 07:06:58] local.INFO: Extracted bearer token {"token_preview":"168|i1Pfn6...","token_length":52} 
[2026-05-16 07:06:58] local.INFO: Found personal access token {"token_id":168,"user_id":68,"revoked":null} 
[2026-05-16 07:06:58] local.INFO: User authenticated via bearer token {"user_id":68,"user_email":"freelancerzahedcreator@gmail.com"} 
[2026-05-16 07:07:28] local.INFO: ParseBearerToken middleware invoked {"path":"/api/v2/creator/profile","method":"GET","has_auth_header":true,"auth_header_preview":"Bearer 168|i1Pfn62igXMWcFgvLcI...","is_bearer":true} 
[2026-05-16 07:07:28] local.INFO: Extracted bearer token {"token_preview":"168|i1Pfn6...","token_length":52} 
[2026-05-16 07:07:28] local.INFO: Found personal access token {"token_id":168,"user_id":68,"revoked":null} 
[2026-05-16 07:07:28] local.INFO: User authenticated via bearer token {"user_id":68,"user_email":"freelancerzahedcreator@gmail.com"} 
[2026-05-16 07:07:59] local.INFO: ParseBearerToken middleware invoked {"path":"/api/v2/creator/profile","method":"GET","has_auth_header":true,"auth_header_preview":"Bearer 168|i1Pfn62igXMWcFgvLcI...","is_bearer":true} 
[2026-05-16 07:07:59] local.INFO: Extracted bearer token {"token_preview":"168|i1Pfn6...","token_length":52} 
[2026-05-16 07:07:59] local.INFO: Found personal access token {"token_id":168,"user_id":68,"revoked":null} 
[2026-05-16 07:07:59] local.INFO: User authenticated via bearer token {"user_id":68,"user_email":"freelancerzahedcreator@gmail.com"} 
[2026-05-16 07:08:29] local.INFO: ParseBearerToken middleware invoked {"path":"/api/v2/creator/profile","method":"GET","has_auth_header":true,"auth_header_preview":"Bearer 168|i1Pfn62igXMWcFgvLcI...","is_bearer":true} 
[2026-05-16 07:08:29] local.INFO: Extracted bearer token {"token_preview":"168|i1Pfn6...","token_length":52} 
[2026-05-16 07:08:29] local.INFO: Found personal access token {"token_id":168,"user_id":68,"revoked":null} 
[2026-05-16 07:08:29] local.INFO: User authenticated via bearer token {"user_id":68,"user_email":"freelancerzahedcreator@gmail.com"} 
[2026-05-16 07:08:58] local.INFO: ParseBearerToken middleware invoked {"path":"/api/v2/creator/profile","method":"GET","has_auth_header":true,"auth_header_preview":"Bearer 168|i1Pfn62igXMWcFgvLcI...","is_bearer":true} 
[2026-05-16 07:08:58] local.INFO: Extracted bearer token {"token_preview":"168|i1Pfn6...","token_length":52} 
[2026-05-16 07:08:58] local.INFO: Found personal access token {"token_id":168,"user_id":68,"revoked":null} 
[2026-05-16 07:08:58] local.INFO: User authenticated via bearer token {"user_id":68,"user_email":"freelancerzahedcreator@gmail.com"} 
[2026-05-16 07:09:29] local.INFO: ParseBearerToken middleware invoked {"path":"/api/v2/creator/profile","method":"GET","has_auth_header":true,"auth_header_preview":"Bearer 168|i1Pfn62igXMWcFgvLcI...","is_bearer":true} 
[2026-05-16 07:09:29] local.INFO: Extracted bearer token {"token_preview":"168|i1Pfn6...","token_length":52} 
[2026-05-16 07:09:29] local.INFO: Found personal access token {"token_id":168,"user_id":68,"revoked":null} 
[2026-05-16 07:09:29] local.INFO: User authenticated via bearer token {"user_id":68,"user_email":"freelancerzahedcreator@gmail.com"} 
[2026-05-16 07:09:59] local.INFO: ParseBearerToken middleware invoked {"path":"/api/v2/creator/profile","method":"GET","has_auth_header":true,"auth_header_preview":"Bearer 168|i1Pfn62igXMWcFgvLcI...","is_bearer":true} 
[2026-05-16 07:09:59] local.INFO: Extracted bearer token {"token_preview":"168|i1Pfn6...","token_length":52} 
[2026-05-16 07:09:59] local.INFO: Found personal access token {"token_id":168,"user_id":68,"revoked":null} 
[2026-05-16 07:09:59] local.INFO: User authenticated via bearer token {"user_id":68,"user_email":"freelancerzahedcreator@gmail.com"} 
[2026-05-16 07:10:29] local.INFO: ParseBearerToken middleware invoked {"path":"/api/v2/creator/profile","method":"GET","has_auth_header":true,"auth_header_preview":"Bearer 168|i1Pfn62igXMWcFgvLcI...","is_bearer":true} 
[2026-05-16 07:10:29] local.INFO: Extracted bearer token {"token_preview":"168|i1Pfn6...","token_length":52} 
[2026-05-16 07:10:29] local.INFO: Found personal access token {"token_id":168,"user_id":68,"revoked":null} 
[2026-05-16 07:10:29] local.INFO: User authenticated via bearer token {"user_id":68,"user_email":"freelancerzahedcreator@gmail.com"} 
[2026-05-16 07:10:59] local.INFO: ParseBearerToken middleware invoked {"path":"/api/v2/creator/profile","method":"GET","has_auth_header":true,"auth_header_preview":"Bearer 168|i1Pfn62igXMWcFgvLcI...","is_bearer":true} 
[2026-05-16 07:10:59] local.INFO: Extracted bearer token {"token_preview":"168|i1Pfn6...","token_length":52} 
[2026-05-16 07:10:59] local.INFO: Found personal access token {"token_id":168,"user_id":68,"revoked":null} 
[2026-05-16 07:10:59] local.INFO: User authenticated via bearer token {"user_id":68,"user_email":"freelancerzahedcreator@gmail.com"} 
[2026-05-16 07:11:29] local.INFO: ParseBearerToken middleware invoked {"path":"/api/v2/creator/profile","method":"GET","has_auth_header":true,"auth_header_preview":"Bearer 168|i1Pfn62igXMWcFgvLcI...","is_bearer":true} 
[2026-05-16 07:11:29] local.INFO: Extracted bearer token {"token_preview":"168|i1Pfn6...","token_length":52} 
[2026-05-16 07:11:29] local.INFO: Found personal access token {"token_id":168,"user_id":68,"revoked":null} 
[2026-05-16 07:11:29] local.INFO: User authenticated via bearer token {"user_id":68,"user_email":"freelancerzahedcreator@gmail.com"} 
[2026-05-16 07:11:59] local.INFO: ParseBearerToken middleware invoked {"path":"/api/v2/creator/profile","method":"GET","has_auth_header":true,"auth_header_preview":"Bearer 168|i1Pfn62igXMWcFgvLcI...","is_bearer":true} 
[2026-05-16 07:11:59] local.INFO: Extracted bearer token {"token_preview":"168|i1Pfn6...","token_length":52} 
[2026-05-16 07:11:59] local.INFO: Found personal access token {"token_id":168,"user_id":68,"revoked":null} 
[2026-05-16 07:11:59] local.INFO: User authenticated via bearer token {"user_id":68,"user_email":"freelancerzahedcreator@gmail.com"} 
[2026-05-16 07:12:29] local.INFO: ParseBearerToken middleware invoked {"path":"/api/v2/creator/profile","method":"GET","has_auth_header":true,"auth_header_preview":"Bearer 168|i1Pfn62igXMWcFgvLcI...","is_bearer":true} 
[2026-05-16 07:12:29] local.INFO: Extracted bearer token {"token_preview":"168|i1Pfn6...","token_length":52} 
[2026-05-16 07:12:29] local.INFO: Found personal access token {"token_id":168,"user_id":68,"revoked":null} 
[2026-05-16 07:12:29] local.INFO: User authenticated via bearer token {"user_id":68,"user_email":"freelancerzahedcreator@gmail.com"} 
[2026-05-16 07:12:59] local.INFO: ParseBearerToken middleware invoked {"path":"/api/v2/creator/profile","method":"GET","has_auth_header":true,"auth_header_preview":"Bearer 168|i1Pfn62igXMWcFgvLcI...","is_bearer":true} 
[2026-05-16 07:12:59] local.INFO: Extracted bearer token {"token_preview":"168|i1Pfn6...","token_length":52} 
[2026-05-16 07:12:59] local.INFO: Found personal access token {"token_id":168,"user_id":68,"revoked":null} 
[2026-05-16 07:12:59] local.INFO: User authenticated via bearer token {"user_id":68,"user_email":"freelancerzahedcreator@gmail.com"} 
[2026-05-16 07:13:29] local.INFO: ParseBearerToken middleware invoked {"path":"/api/v2/creator/profile","method":"GET","has_auth_header":true,"auth_header_preview":"Bearer 168|i1Pfn62igXMWcFgvLcI...","is_bearer":true} 
[2026-05-16 07:13:29] local.INFO: Extracted bearer token {"token_preview":"168|i1Pfn6...","token_length":52} 
[2026-05-16 07:13:29] local.INFO: Found personal access token {"token_id":168,"user_id":68,"revoked":null} 
[2026-05-16 07:13:29] local.INFO: User authenticated via bearer token {"user_id":68,"user_email":"freelancerzahedcreator@gmail.com"} 
[2026-05-16 07:13:59] local.INFO: ParseBearerToken middleware invoked {"path":"/api/v2/creator/profile","method":"GET","has_auth_header":true,"auth_header_preview":"Bearer 168|i1Pfn62igXMWcFgvLcI...","is_bearer":true} 
[2026-05-16 07:13:59] local.INFO: Extracted bearer token {"token_preview":"168|i1Pfn6...","token_length":52} 
[2026-05-16 07:13:59] local.INFO: Found personal access token {"token_id":168,"user_id":68,"revoked":null} 
[2026-05-16 07:13:59] local.INFO: User authenticated via bearer token {"user_id":68,"user_email":"freelancerzahedcreator@gmail.com"} 
[2026-05-16 07:14:29] local.INFO: ParseBearerToken middleware invoked {"path":"/api/v2/creator/profile","method":"GET","has_auth_header":true,"auth_header_preview":"Bearer 168|i1Pfn62igXMWcFgvLcI...","is_bearer":true} 
[2026-05-16 07:14:29] local.INFO: Extracted bearer token {"token_preview":"168|i1Pfn6...","token_length":52} 
[2026-05-16 07:14:29] local.INFO: Found personal access token {"token_id":168,"user_id":68,"revoked":null} 
[2026-05-16 07:14:29] local.INFO: User authenticated via bearer token {"user_id":68,"user_email":"freelancerzahedcreator@gmail.com"} 
[2026-05-16 07:14:59] local.INFO: ParseBearerToken middleware invoked {"path":"/api/v2/creator/profile","method":"GET","has_auth_header":true,"auth_header_preview":"Bearer 168|i1Pfn62igXMWcFgvLcI...","is_bearer":true} 
[2026-05-16 07:14:59] local.INFO: Extracted bearer token {"token_preview":"168|i1Pfn6...","token_length":52} 
[2026-05-16 07:14:59] local.INFO: Found personal access token {"token_id":168,"user_id":68,"revoked":null} 
[2026-05-16 07:14:59] local.INFO: User authenticated via bearer token {"user_id":68,"user_email":"freelancerzahedcreator@gmail.com"} 
[2026-05-16 07:15:29] local.INFO: ParseBearerToken middleware invoked {"path":"/api/v2/creator/profile","method":"GET","has_auth_header":true,"auth_header_preview":"Bearer 168|i1Pfn62igXMWcFgvLcI...","is_bearer":true} 
[2026-05-16 07:15:29] local.INFO: Extracted bearer token {"token_preview":"168|i1Pfn6...","token_length":52} 
[2026-05-16 07:15:29] local.INFO: Found personal access token {"token_id":168,"user_id":68,"revoked":null} 
[2026-05-16 07:15:29] local.INFO: User authenticated via bearer token {"user_id":68,"user_email":"freelancerzahedcreator@gmail.com"} 
[2026-05-16 07:15:59] local.INFO: ParseBearerToken middleware invoked {"path":"/api/v2/creator/profile","method":"GET","has_auth_header":true,"auth_header_preview":"Bearer 168|i1Pfn62igXMWcFgvLcI...","is_bearer":true} 
[2026-05-16 07:15:59] local.INFO: Extracted bearer token {"token_preview":"168|i1Pfn6...","token_length":52} 
[2026-05-16 07:15:59] local.INFO: Found personal access token {"token_id":168,"user_id":68,"revoked":null} 
[2026-05-16 07:15:59] local.INFO: User authenticated via bearer token {"user_id":68,"user_email":"freelancerzahedcreator@gmail.com"} 
[2026-05-16 07:16:28] local.INFO: ParseBearerToken middleware invoked {"path":"/api/v2/creator/profile","method":"GET","has_auth_header":true,"auth_header_preview":"Bearer 168|i1Pfn62igXMWcFgvLcI...","is_bearer":true} 
[2026-05-16 07:16:28] local.INFO: Extracted bearer token {"token_preview":"168|i1Pfn6...","token_length":52} 
[2026-05-16 07:16:28] local.INFO: Found personal access token {"token_id":168,"user_id":68,"revoked":null} 
[2026-05-16 07:16:28] local.INFO: User authenticated via bearer token {"user_id":68,"user_email":"freelancerzahedcreator@gmail.com"} 
[2026-05-16 07:16:59] local.INFO: ParseBearerToken middleware invoked {"path":"/api/v2/creator/profile","method":"GET","has_auth_header":true,"auth_header_preview":"Bearer 168|i1Pfn62igXMWcFgvLcI...","is_bearer":true} 
[2026-05-16 07:16:59] local.INFO: Extracted bearer token {"token_preview":"168|i1Pfn6...","token_length":52} 
[2026-05-16 07:16:59] local.INFO: Found personal access token {"token_id":168,"user_id":68,"revoked":null} 
[2026-05-16 07:16:59] local.INFO: User authenticated via bearer token {"user_id":68,"user_email":"freelancerzahedcreator@gmail.com"} 
[2026-05-16 07:17:29] local.INFO: ParseBearerToken middleware invoked {"path":"/api/v2/creator/profile","method":"GET","has_auth_header":true,"auth_header_preview":"Bearer 168|i1Pfn62igXMWcFgvLcI...","is_bearer":true} 
[2026-05-16 07:17:29] local.INFO: Extracted bearer token {"token_preview":"168|i1Pfn6...","token_length":52} 
[2026-05-16 07:17:29] local.INFO: Found personal access token {"token_id":168,"user_id":68,"revoked":null} 
[2026-05-16 07:17:29] local.INFO: User authenticated via bearer token {"user_id":68,"user_email":"freelancerzahedcreator@gmail.com"} 
[2026-05-16 07:17:59] local.INFO: ParseBearerToken middleware invoked {"path":"/api/v2/creator/profile","method":"GET","has_auth_header":true,"auth_header_preview":"Bearer 168|i1Pfn62igXMWcFgvLcI...","is_bearer":true} 
[2026-05-16 07:17:59] local.INFO: Extracted bearer token {"token_preview":"168|i1Pfn6...","token_length":52} 
[2026-05-16 07:17:59] local.INFO: Found personal access token {"token_id":168,"user_id":68,"revoked":null} 
[2026-05-16 07:17:59] local.INFO: User authenticated via bearer token {"user_id":68,"user_email":"freelancerzahedcreator@gmail.com"} 
[2026-05-16 07:18:29] local.INFO: ParseBearerToken middleware invoked {"path":"/api/v2/creator/profile","method":"GET","has_auth_header":true,"auth_header_preview":"Bearer 168|i1Pfn62igXMWcFgvLcI...","is_bearer":true} 
[2026-05-16 07:18:29] local.INFO: Extracted bearer token {"token_preview":"168|i1Pfn6...","token_length":52} 
[2026-05-16 07:18:29] local.INFO: Found personal access token {"token_id":168,"user_id":68,"revoked":null} 
[2026-05-16 07:18:29] local.INFO: User authenticated via bearer token {"user_id":68,"user_email":"freelancerzahedcreator@gmail.com"} 
[2026-05-16 07:18:59] local.INFO: ParseBearerToken middleware invoked {"path":"/api/v2/creator/profile","method":"GET","has_auth_header":true,"auth_header_preview":"Bearer 168|i1Pfn62igXMWcFgvLcI...","is_bearer":true} 
[2026-05-16 07:18:59] local.INFO: Extracted bearer token {"token_preview":"168|i1Pfn6...","token_length":52} 
[2026-05-16 07:18:59] local.INFO: Found personal access token {"token_id":168,"user_id":68,"revoked":null} 
[2026-05-16 07:18:59] local.INFO: User authenticated via bearer token {"user_id":68,"user_email":"freelancerzahedcreator@gmail.com"} 
[2026-05-16 07:19:29] local.INFO: ParseBearerToken middleware invoked {"path":"/api/v2/creator/profile","method":"GET","has_auth_header":true,"auth_header_preview":"Bearer 168|i1Pfn62igXMWcFgvLcI...","is_bearer":true} 
[2026-05-16 07:19:29] local.INFO: Extracted bearer token {"token_preview":"168|i1Pfn6...","token_length":52} 
[2026-05-16 07:19:29] local.INFO: Found personal access token {"token_id":168,"user_id":68,"revoked":null} 
[2026-05-16 07:19:29] local.INFO: User authenticated via bearer token {"user_id":68,"user_email":"freelancerzahedcreator@gmail.com"} 
[2026-05-16 07:19:59] local.INFO: ParseBearerToken middleware invoked {"path":"/api/v2/creator/profile","method":"GET","has_auth_header":true,"auth_header_preview":"Bearer 168|i1Pfn62igXMWcFgvLcI...","is_bearer":true} 
[2026-05-16 07:19:59] local.INFO: Extracted bearer token {"token_preview":"168|i1Pfn6...","token_length":52} 
[2026-05-16 07:19:59] local.INFO: Found personal access token {"token_id":168,"user_id":68,"revoked":null} 
[2026-05-16 07:19:59] local.INFO: User authenticated via bearer token {"user_id":68,"user_email":"freelancerzahedcreator@gmail.com"} 
[2026-05-16 07:20:29] local.INFO: ParseBearerToken middleware invoked {"path":"/api/v2/creator/profile","method":"GET","has_auth_header":true,"auth_header_preview":"Bearer 168|i1Pfn62igXMWcFgvLcI...","is_bearer":true} 
[2026-05-16 07:20:29] local.INFO: Extracted bearer token {"token_preview":"168|i1Pfn6...","token_length":52} 
[2026-05-16 07:20:29] local.INFO: Found personal access token {"token_id":168,"user_id":68,"revoked":null} 
[2026-05-16 07:20:29] local.INFO: User authenticated via bearer token {"user_id":68,"user_email":"freelancerzahedcreator@gmail.com"} 
[2026-05-16 07:20:59] local.INFO: ParseBearerToken middleware invoked {"path":"/api/v2/creator/profile","method":"GET","has_auth_header":true,"auth_header_preview":"Bearer 168|i1Pfn62igXMWcFgvLcI...","is_bearer":true} 
[2026-05-16 07:20:59] local.INFO: Extracted bearer token {"token_preview":"168|i1Pfn6...","token_length":52} 
[2026-05-16 07:20:59] local.INFO: Found personal access token {"token_id":168,"user_id":68,"revoked":null} 
[2026-05-16 07:20:59] local.INFO: User authenticated via bearer token {"user_id":68,"user_email":"freelancerzahedcreator@gmail.com"} 
[2026-05-16 07:21:29] local.INFO: ParseBearerToken middleware invoked {"path":"/api/v2/creator/profile","method":"GET","has_auth_header":true,"auth_header_preview":"Bearer 168|i1Pfn62igXMWcFgvLcI...","is_bearer":true} 
[2026-05-16 07:21:29] local.INFO: Extracted bearer token {"token_preview":"168|i1Pfn6...","token_length":52} 
[2026-05-16 07:21:29] local.INFO: Found personal access token {"token_id":168,"user_id":68,"revoked":null} 
[2026-05-16 07:21:29] local.INFO: User authenticated via bearer token {"user_id":68,"user_email":"freelancerzahedcreator@gmail.com"} 
[2026-05-16 07:21:59] local.INFO: ParseBearerToken middleware invoked {"path":"/api/v2/creator/profile","method":"GET","has_auth_header":true,"auth_header_preview":"Bearer 168|i1Pfn62igXMWcFgvLcI...","is_bearer":true} 
[2026-05-16 07:21:59] local.INFO: Extracted bearer token {"token_preview":"168|i1Pfn6...","token_length":52} 
[2026-05-16 07:21:59] local.INFO: Found personal access token {"token_id":168,"user_id":68,"revoked":null} 
[2026-05-16 07:21:59] local.INFO: User authenticated via bearer token {"user_id":68,"user_email":"freelancerzahedcreator@gmail.com"} 
[2026-05-16 07:22:29] local.INFO: ParseBearerToken middleware invoked {"path":"/api/v2/creator/profile","method":"GET","has_auth_header":true,"auth_header_preview":"Bearer 168|i1Pfn62igXMWcFgvLcI...","is_bearer":true} 
[2026-05-16 07:22:29] local.INFO: Extracted bearer token {"token_preview":"168|i1Pfn6...","token_length":52} 
[2026-05-16 07:22:29] local.INFO: Found personal access token {"token_id":168,"user_id":68,"revoked":null} 
[2026-05-16 07:22:29] local.INFO: User authenticated via bearer token {"user_id":68,"user_email":"freelancerzahedcreator@gmail.com"} 
[2026-05-16 07:22:59] local.INFO: ParseBearerToken middleware invoked {"path":"/api/v2/creator/profile","method":"GET","has_auth_header":true,"auth_header_preview":"Bearer 168|i1Pfn62igXMWcFgvLcI...","is_bearer":true} 
[2026-05-16 07:22:59] local.INFO: Extracted bearer token {"token_preview":"168|i1Pfn6...","token_length":52} 
[2026-05-16 07:22:59] local.INFO: Found personal access token {"token_id":168,"user_id":68,"revoked":null} 
[2026-05-16 07:22:59] local.INFO: User authenticated via bearer token {"user_id":68,"user_email":"freelancerzahedcreator@gmail.com"} 
[2026-05-16 07:23:29] local.INFO: ParseBearerToken middleware invoked {"path":"/api/v2/creator/profile","method":"GET","has_auth_header":true,"auth_header_preview":"Bearer 168|i1Pfn62igXMWcFgvLcI...","is_bearer":true} 
[2026-05-16 07:23:29] local.INFO: Extracted bearer token {"token_preview":"168|i1Pfn6...","token_length":52} 
[2026-05-16 07:23:29] local.INFO: Found personal access token {"token_id":168,"user_id":68,"revoked":null} 
[2026-05-16 07:23:29] local.INFO: User authenticated via bearer token {"user_id":68,"user_email":"freelancerzahedcreator@gmail.com"} 
[2026-05-16 07:23:59] local.INFO: ParseBearerToken middleware invoked {"path":"/api/v2/creator/profile","method":"GET","has_auth_header":true,"auth_header_preview":"Bearer 168|i1Pfn62igXMWcFgvLcI...","is_bearer":true} 
[2026-05-16 07:23:59] local.INFO: Extracted bearer token {"token_preview":"168|i1Pfn6...","token_length":52} 
[2026-05-16 07:23:59] local.INFO: Found personal access token {"token_id":168,"user_id":68,"revoked":null} 
[2026-05-16 07:23:59] local.INFO: User authenticated via bearer token {"user_id":68,"user_email":"freelancerzahedcreator@gmail.com"} 
[2026-05-16 07:24:28] local.INFO: ParseBearerToken middleware invoked {"path":"/api/v2/creator/profile","method":"GET","has_auth_header":true,"auth_header_preview":"Bearer 168|i1Pfn62igXMWcFgvLcI...","is_bearer":true} 
[2026-05-16 07:24:28] local.INFO: Extracted bearer token {"token_preview":"168|i1Pfn6...","token_length":52} 
[2026-05-16 07:24:28] local.INFO: Found personal access token {"token_id":168,"user_id":68,"revoked":null} 
[2026-05-16 07:24:28] local.INFO: User authenticated via bearer token {"user_id":68,"user_email":"freelancerzahedcreator@gmail.com"} 
[2026-05-16 07:24:58] local.INFO: ParseBearerToken middleware invoked {"path":"/api/v2/creator/profile","method":"GET","has_auth_header":true,"auth_header_preview":"Bearer 168|i1Pfn62igXMWcFgvLcI...","is_bearer":true} 
[2026-05-16 07:24:58] local.INFO: Extracted bearer token {"token_preview":"168|i1Pfn6...","token_length":52} 
[2026-05-16 07:24:58] local.INFO: Found personal access token {"token_id":168,"user_id":68,"revoked":null} 
[2026-05-16 07:24:58] local.INFO: User authenticated via bearer token {"user_id":68,"user_email":"freelancerzahedcreator@gmail.com"} 
[2026-05-16 07:25:29] local.INFO: ParseBearerToken middleware invoked {"path":"/api/v2/creator/profile","method":"GET","has_auth_header":true,"auth_header_preview":"Bearer 168|i1Pfn62igXMWcFgvLcI...","is_bearer":true} 
[2026-05-16 07:25:29] local.INFO: Extracted bearer token {"token_preview":"168|i1Pfn6...","token_length":52} 
[2026-05-16 07:25:29] local.INFO: Found personal access token {"token_id":168,"user_id":68,"revoked":null} 
[2026-05-16 07:25:29] local.INFO: User authenticated via bearer token {"user_id":68,"user_email":"freelancerzahedcreator@gmail.com"} 
[2026-05-16 07:25:59] local.INFO: ParseBearerToken middleware invoked {"path":"/api/v2/creator/profile","method":"GET","has_auth_header":true,"auth_header_preview":"Bearer 168|i1Pfn62igXMWcFgvLcI...","is_bearer":true} 
[2026-05-16 07:25:59] local.INFO: Extracted bearer token {"token_preview":"168|i1Pfn6...","token_length":52} 
[2026-05-16 07:25:59] local.INFO: Found personal access token {"token_id":168,"user_id":68,"revoked":null} 
[2026-05-16 07:25:59] local.INFO: User authenticated via bearer token {"user_id":68,"user_email":"freelancerzahedcreator@gmail.com"} 
[2026-05-16 07:26:28] local.INFO: ParseBearerToken middleware invoked {"path":"/api/v2/creator/profile","method":"GET","has_auth_header":true,"auth_header_preview":"Bearer 168|i1Pfn62igXMWcFgvLcI...","is_bearer":true} 
[2026-05-16 07:26:28] local.INFO: Extracted bearer token {"token_preview":"168|i1Pfn6...","token_length":52} 
[2026-05-16 07:26:28] local.INFO: Found personal access token {"token_id":168,"user_id":68,"revoked":null} 
[2026-05-16 07:26:28] local.INFO: User authenticated via bearer token {"user_id":68,"user_email":"freelancerzahedcreator@gmail.com"} 
[2026-05-16 07:26:58] local.INFO: ParseBearerToken middleware invoked {"path":"/api/v2/creator/profile","method":"GET","has_auth_header":true,"auth_header_preview":"Bearer 168|i1Pfn62igXMWcFgvLcI...","is_bearer":true} 
[2026-05-16 07:26:58] local.INFO: Extracted bearer token {"token_preview":"168|i1Pfn6...","token_length":52} 
[2026-05-16 07:26:58] local.INFO: Found personal access token {"token_id":168,"user_id":68,"revoked":null} 
[2026-05-16 07:26:58] local.INFO: User authenticated via bearer token {"user_id":68,"user_email":"freelancerzahedcreator@gmail.com"} 
[2026-05-16 07:27:28] local.INFO: ParseBearerToken middleware invoked {"path":"/api/v2/creator/profile","method":"GET","has_auth_header":true,"auth_header_preview":"Bearer 168|i1Pfn62igXMWcFgvLcI...","is_bearer":true} 
[2026-05-16 07:27:28] local.INFO: Extracted bearer token {"token_preview":"168|i1Pfn6...","token_length":52} 
[2026-05-16 07:27:28] local.INFO: Found personal access token {"token_id":168,"user_id":68,"revoked":null} 
[2026-05-16 07:27:28] local.INFO: User authenticated via bearer token {"user_id":68,"user_email":"freelancerzahedcreator@gmail.com"} 
[2026-05-16 07:27:59] local.INFO: ParseBearerToken middleware invoked {"path":"/api/v2/creator/profile","method":"GET","has_auth_header":true,"auth_header_preview":"Bearer 168|i1Pfn62igXMWcFgvLcI...","is_bearer":true} 
[2026-05-16 07:27:59] local.INFO: Extracted bearer token {"token_preview":"168|i1Pfn6...","token_length":52} 
[2026-05-16 07:27:59] local.INFO: Found personal access token {"token_id":168,"user_id":68,"revoked":null} 
[2026-05-16 07:27:59] local.INFO: User authenticated via bearer token {"user_id":68,"user_email":"freelancerzahedcreator@gmail.com"} 
[2026-05-16 07:28:29] local.INFO: ParseBearerToken middleware invoked {"path":"/api/v2/creator/profile","method":"GET","has_auth_header":true,"auth_header_preview":"Bearer 168|i1Pfn62igXMWcFgvLcI...","is_bearer":true} 
[2026-05-16 07:28:29] local.INFO: Extracted bearer token {"token_preview":"168|i1Pfn6...","token_length":52} 
[2026-05-16 07:28:29] local.INFO: Found personal access token {"token_id":168,"user_id":68,"revoked":null} 
[2026-05-16 07:28:29] local.INFO: User authenticated via bearer token {"user_id":68,"user_email":"freelancerzahedcreator@gmail.com"} 
[2026-05-16 07:28:58] local.INFO: ParseBearerToken middleware invoked {"path":"/api/v2/creator/profile","method":"GET","has_auth_header":true,"auth_header_preview":"Bearer 168|i1Pfn62igXMWcFgvLcI...","is_bearer":true} 
[2026-05-16 07:28:58] local.INFO: Extracted bearer token {"token_preview":"168|i1Pfn6...","token_length":52} 
[2026-05-16 07:28:58] local.INFO: Found personal access token {"token_id":168,"user_id":68,"revoked":null} 
[2026-05-16 07:28:58] local.INFO: User authenticated via bearer token {"user_id":68,"user_email":"freelancerzahedcreator@gmail.com"} 
[2026-05-16 07:29:28] local.INFO: ParseBearerToken middleware invoked {"path":"/api/v2/creator/profile","method":"GET","has_auth_header":true,"auth_header_preview":"Bearer 168|i1Pfn62igXMWcFgvLcI...","is_bearer":true} 
[2026-05-16 07:29:28] local.INFO: Extracted bearer token {"token_preview":"168|i1Pfn6...","token_length":52} 
[2026-05-16 07:29:28] local.INFO: Found personal access token {"token_id":168,"user_id":68,"revoked":null} 
[2026-05-16 07:29:28] local.INFO: User authenticated via bearer token {"user_id":68,"user_email":"freelancerzahedcreator@gmail.com"} 
[2026-05-16 07:29:58] local.INFO: ParseBearerToken middleware invoked {"path":"/api/v2/creator/profile","method":"GET","has_auth_header":true,"auth_header_preview":"Bearer 168|i1Pfn62igXMWcFgvLcI...","is_bearer":true} 
[2026-05-16 07:29:58] local.INFO: Extracted bearer token {"token_preview":"168|i1Pfn6...","token_length":52} 
[2026-05-16 07:29:58] local.INFO: Found personal access token {"token_id":168,"user_id":68,"revoked":null} 
[2026-05-16 07:29:58] local.INFO: User authenticated via bearer token {"user_id":68,"user_email":"freelancerzahedcreator@gmail.com"} 
[2026-05-16 07:30:28] local.INFO: ParseBearerToken middleware invoked {"path":"/api/v2/creator/profile","method":"GET","has_auth_header":true,"auth_header_preview":"Bearer 168|i1Pfn62igXMWcFgvLcI...","is_bearer":true} 
[2026-05-16 07:30:28] local.INFO: Extracted bearer token {"token_preview":"168|i1Pfn6...","token_length":52} 
[2026-05-16 07:30:28] local.INFO: Found personal access token {"token_id":168,"user_id":68,"revoked":null} 
[2026-05-16 07:30:28] local.INFO: User authenticated via bearer token {"user_id":68,"user_email":"freelancerzahedcreator@gmail.com"} 
[2026-05-16 07:30:58] local.INFO: ParseBearerToken middleware invoked {"path":"/api/v2/creator/profile","method":"GET","has_auth_header":true,"auth_header_preview":"Bearer 168|i1Pfn62igXMWcFgvLcI...","is_bearer":true} 
[2026-05-16 07:30:58] local.INFO: Extracted bearer token {"token_preview":"168|i1Pfn6...","token_length":52} 
[2026-05-16 07:30:58] local.INFO: Found personal access token {"token_id":168,"user_id":68,"revoked":null} 
[2026-05-16 07:30:58] local.INFO: User authenticated via bearer token {"user_id":68,"user_email":"freelancerzahedcreator@gmail.com"} 
[2026-05-16 07:31:29] local.INFO: ParseBearerToken middleware invoked {"path":"/api/v2/creator/profile","method":"GET","has_auth_header":true,"auth_header_preview":"Bearer 168|i1Pfn62igXMWcFgvLcI...","is_bearer":true} 
[2026-05-16 07:31:29] local.INFO: Extracted bearer token {"token_preview":"168|i1Pfn6...","token_length":52} 
[2026-05-16 07:31:29] local.INFO: Found personal access token {"token_id":168,"user_id":68,"revoked":null} 
[2026-05-16 07:31:29] local.INFO: User authenticated via bearer token {"user_id":68,"user_email":"freelancerzahedcreator@gmail.com"} 
[2026-05-16 07:32:15] local.INFO: ParseBearerToken middleware invoked {"path":"/api/v2/creator/profile","method":"GET","has_auth_header":true,"auth_header_preview":"Bearer 168|i1Pfn62igXMWcFgvLcI...","is_bearer":true} 
[2026-05-16 07:32:15] local.INFO: Extracted bearer token {"token_preview":"168|i1Pfn6...","token_length":52} 
[2026-05-16 07:32:15] local.INFO: Found personal access token {"token_id":168,"user_id":68,"revoked":null} 
[2026-05-16 07:32:15] local.INFO: User authenticated via bearer token {"user_id":68,"user_email":"freelancerzahedcreator@gmail.com"} 
[2026-05-16 07:32:29] local.INFO: ParseBearerToken middleware invoked {"path":"/api/v2/creator/profile","method":"GET","has_auth_header":true,"auth_header_preview":"Bearer 168|i1Pfn62igXMWcFgvLcI...","is_bearer":true} 
[2026-05-16 07:32:29] local.INFO: Extracted bearer token {"token_preview":"168|i1Pfn6...","token_length":52} 
[2026-05-16 07:32:29] local.INFO: Found personal access token {"token_id":168,"user_id":68,"revoked":null} 
[2026-05-16 07:32:29] local.INFO: User authenticated via bearer token {"user_id":68,"user_email":"freelancerzahedcreator@gmail.com"} 
[2026-05-16 07:32:59] local.INFO: ParseBearerToken middleware invoked {"path":"/api/v2/creator/profile","method":"GET","has_auth_header":true,"auth_header_preview":"Bearer 168|i1Pfn62igXMWcFgvLcI...","is_bearer":true} 
[2026-05-16 07:32:59] local.INFO: Extracted bearer token {"token_preview":"168|i1Pfn6...","token_length":52} 
[2026-05-16 07:32:59] local.INFO: Found personal access token {"token_id":168,"user_id":68,"revoked":null} 
[2026-05-16 07:32:59] local.INFO: User authenticated via bearer token {"user_id":68,"user_email":"freelancerzahedcreator@gmail.com"} 
[2026-05-16 07:33:29] local.INFO: ParseBearerToken middleware invoked {"path":"/api/v2/creator/profile","method":"GET","has_auth_header":true,"auth_header_preview":"Bearer 168|i1Pfn62igXMWcFgvLcI...","is_bearer":true} 
[2026-05-16 07:33:29] local.INFO: Extracted bearer token {"token_preview":"168|i1Pfn6...","token_length":52} 
[2026-05-16 07:33:29] local.INFO: Found personal access token {"token_id":168,"user_id":68,"revoked":null} 
[2026-05-16 07:33:29] local.INFO: User authenticated via bearer token {"user_id":68,"user_email":"freelancerzahedcreator@gmail.com"} 
[2026-05-16 07:33:59] local.INFO: ParseBearerToken middleware invoked {"path":"/api/v2/creator/profile","method":"GET","has_auth_header":true,"auth_header_preview":"Bearer 168|i1Pfn62igXMWcFgvLcI...","is_bearer":true} 
[2026-05-16 07:33:59] local.INFO: Extracted bearer token {"token_preview":"168|i1Pfn6...","token_length":52} 
[2026-05-16 07:33:59] local.INFO: Found personal access token {"token_id":168,"user_id":68,"revoked":null} 
[2026-05-16 07:33:59] local.INFO: User authenticated via bearer token {"user_id":68,"user_email":"freelancerzahedcreator@gmail.com"} 
[2026-05-16 07:34:29] local.INFO: ParseBearerToken middleware invoked {"path":"/api/v2/creator/profile","method":"GET","has_auth_header":true,"auth_header_preview":"Bearer 168|i1Pfn62igXMWcFgvLcI...","is_bearer":true} 
[2026-05-16 07:34:29] local.INFO: Extracted bearer token {"token_preview":"168|i1Pfn6...","token_length":52} 
[2026-05-16 07:34:29] local.INFO: Found personal access token {"token_id":168,"user_id":68,"revoked":null} 
[2026-05-16 07:34:29] local.INFO: User authenticated via bearer token {"user_id":68,"user_email":"freelancerzahedcreator@gmail.com"} 
[2026-05-16 07:34:58] local.INFO: ParseBearerToken middleware invoked {"path":"/api/v2/creator/profile","method":"GET","has_auth_header":true,"auth_header_preview":"Bearer 168|i1Pfn62igXMWcFgvLcI...","is_bearer":true} 
[2026-05-16 07:34:58] local.INFO: Extracted bearer token {"token_preview":"168|i1Pfn6...","token_length":52} 
[2026-05-16 07:34:58] local.INFO: Found personal access token {"token_id":168,"user_id":68,"revoked":null} 
[2026-05-16 07:34:58] local.INFO: User authenticated via bearer token {"user_id":68,"user_email":"freelancerzahedcreator@gmail.com"} 
[2026-05-16 07:35:29] local.INFO: ParseBearerToken middleware invoked {"path":"/api/v2/creator/profile","method":"GET","has_auth_header":true,"auth_header_preview":"Bearer 168|i1Pfn62igXMWcFgvLcI...","is_bearer":true} 
[2026-05-16 07:35:29] local.INFO: Extracted bearer token {"token_preview":"168|i1Pfn6...","token_length":52} 
[2026-05-16 07:35:29] local.INFO: Found personal access token {"token_id":168,"user_id":68,"revoked":null} 
[2026-05-16 07:35:29] local.INFO: User authenticated via bearer token {"user_id":68,"user_email":"freelancerzahedcreator@gmail.com"} 
[2026-05-16 07:35:59] local.INFO: ParseBearerToken middleware invoked {"path":"/api/v2/creator/profile","method":"GET","has_auth_header":true,"auth_header_preview":"Bearer 168|i1Pfn62igXMWcFgvLcI...","is_bearer":true} 
[2026-05-16 07:35:59] local.INFO: Extracted bearer token {"token_preview":"168|i1Pfn6...","token_length":52} 
[2026-05-16 07:35:59] local.INFO: Found personal access token {"token_id":168,"user_id":68,"revoked":null} 
[2026-05-16 07:35:59] local.INFO: User authenticated via bearer token {"user_id":68,"user_email":"freelancerzahedcreator@gmail.com"} 
[2026-05-16 07:36:29] local.INFO: ParseBearerToken middleware invoked {"path":"/api/v2/creator/profile","method":"GET","has_auth_header":true,"auth_header_preview":"Bearer 168|i1Pfn62igXMWcFgvLcI...","is_bearer":true} 
[2026-05-16 07:36:29] local.INFO: Extracted bearer token {"token_preview":"168|i1Pfn6...","token_length":52} 
[2026-05-16 07:36:29] local.INFO: Found personal access token {"token_id":168,"user_id":68,"revoked":null} 
[2026-05-16 07:36:29] local.INFO: User authenticated via bearer token {"user_id":68,"user_email":"freelancerzahedcreator@gmail.com"} 
[2026-05-16 07:36:59] local.INFO: ParseBearerToken middleware invoked {"path":"/api/v2/creator/profile","method":"GET","has_auth_header":true,"auth_header_preview":"Bearer 168|i1Pfn62igXMWcFgvLcI...","is_bearer":true} 
[2026-05-16 07:36:59] local.INFO: Extracted bearer token {"token_preview":"168|i1Pfn6...","token_length":52} 
[2026-05-16 07:36:59] local.INFO: Found personal access token {"token_id":168,"user_id":68,"revoked":null} 
[2026-05-16 07:36:59] local.INFO: User authenticated via bearer token {"user_id":68,"user_email":"freelancerzahedcreator@gmail.com"} 
[2026-05-16 07:37:29] local.INFO: ParseBearerToken middleware invoked {"path":"/api/v2/creator/profile","method":"GET","has_auth_header":true,"auth_header_preview":"Bearer 168|i1Pfn62igXMWcFgvLcI...","is_bearer":true} 
[2026-05-16 07:37:29] local.INFO: Extracted bearer token {"token_preview":"168|i1Pfn6...","token_length":52} 
[2026-05-16 07:37:29] local.INFO: Found personal access token {"token_id":168,"user_id":68,"revoked":null} 
[2026-05-16 07:37:29] local.INFO: User authenticated via bearer token {"user_id":68,"user_email":"freelancerzahedcreator@gmail.com"} 
[2026-05-16 07:37:59] local.INFO: ParseBearerToken middleware invoked {"path":"/api/v2/creator/profile","method":"GET","has_auth_header":true,"auth_header_preview":"Bearer 168|i1Pfn62igXMWcFgvLcI...","is_bearer":true} 
[2026-05-16 07:37:59] local.INFO: Extracted bearer token {"token_preview":"168|i1Pfn6...","token_length":52} 
[2026-05-16 07:37:59] local.INFO: Found personal access token {"token_id":168,"user_id":68,"revoked":null} 
[2026-05-16 07:37:59] local.INFO: User authenticated via bearer token {"user_id":68,"user_email":"freelancerzahedcreator@gmail.com"} 
[2026-05-16 07:38:29] local.INFO: ParseBearerToken middleware invoked {"path":"/api/v2/creator/profile","method":"GET","has_auth_header":true,"auth_header_preview":"Bearer 168|i1Pfn62igXMWcFgvLcI...","is_bearer":true} 
[2026-05-16 07:38:29] local.INFO: Extracted bearer token {"token_preview":"168|i1Pfn6...","token_length":52} 
[2026-05-16 07:38:29] local.INFO: Found personal access token {"token_id":168,"user_id":68,"revoked":null} 
[2026-05-16 07:38:29] local.INFO: User authenticated via bearer token {"user_id":68,"user_email":"freelancerzahedcreator@gmail.com"} 
[2026-05-16 07:38:59] local.INFO: ParseBearerToken middleware invoked {"path":"/api/v2/creator/profile","method":"GET","has_auth_header":true,"auth_header_preview":"Bearer 168|i1Pfn62igXMWcFgvLcI...","is_bearer":true} 
[2026-05-16 07:38:59] local.INFO: Extracted bearer token {"token_preview":"168|i1Pfn6...","token_length":52} 
[2026-05-16 07:38:59] local.INFO: Found personal access token {"token_id":168,"user_id":68,"revoked":null} 
[2026-05-16 07:38:59] local.INFO: User authenticated via bearer token {"user_id":68,"user_email":"freelancerzahedcreator@gmail.com"} 
[2026-05-16 07:39:29] local.INFO: ParseBearerToken middleware invoked {"path":"/api/v2/creator/profile","method":"GET","has_auth_header":true,"auth_header_preview":"Bearer 168|i1Pfn62igXMWcFgvLcI...","is_bearer":true} 
[2026-05-16 07:39:29] local.INFO: Extracted bearer token {"token_preview":"168|i1Pfn6...","token_length":52} 
[2026-05-16 07:39:29] local.INFO: Found personal access token {"token_id":168,"user_id":68,"revoked":null} 
[2026-05-16 07:39:29] local.INFO: User authenticated via bearer token {"user_id":68,"user_email":"freelancerzahedcreator@gmail.com"} 
[2026-05-16 07:39:59] local.INFO: ParseBearerToken middleware invoked {"path":"/api/v2/creator/profile","method":"GET","has_auth_header":true,"auth_header_preview":"Bearer 168|i1Pfn62igXMWcFgvLcI...","is_bearer":true} 
[2026-05-16 07:39:59] local.INFO: Extracted bearer token {"token_preview":"168|i1Pfn6...","token_length":52} 
[2026-05-16 07:39:59] local.INFO: Found personal access token {"token_id":168,"user_id":68,"revoked":null} 
[2026-05-16 07:39:59] local.INFO: User authenticated via bearer token {"user_id":68,"user_email":"freelancerzahedcreator@gmail.com"} 
[2026-05-16 07:40:28] local.INFO: ParseBearerToken middleware invoked {"path":"/api/v2/creator/profile","method":"GET","has_auth_header":true,"auth_header_preview":"Bearer 168|i1Pfn62igXMWcFgvLcI...","is_bearer":true} 
[2026-05-16 07:40:28] local.INFO: Extracted bearer token {"token_preview":"168|i1Pfn6...","token_length":52} 
[2026-05-16 07:40:28] local.INFO: Found personal access token {"token_id":168,"user_id":68,"revoked":null} 
[2026-05-16 07:40:28] local.INFO: User authenticated via bearer token {"user_id":68,"user_email":"freelancerzahedcreator@gmail.com"} 
[2026-05-16 07:40:59] local.INFO: ParseBearerToken middleware invoked {"path":"/api/v2/creator/profile","method":"GET","has_auth_header":true,"auth_header_preview":"Bearer 168|i1Pfn62igXMWcFgvLcI...","is_bearer":true} 
[2026-05-16 07:40:59] local.INFO: Extracted bearer token {"token_preview":"168|i1Pfn6...","token_length":52} 
[2026-05-16 07:40:59] local.INFO: Found personal access token {"token_id":168,"user_id":68,"revoked":null} 
[2026-05-16 07:40:59] local.INFO: User authenticated via bearer token {"user_id":68,"user_email":"freelancerzahedcreator@gmail.com"} 
[2026-05-16 07:41:29] local.INFO: ParseBearerToken middleware invoked {"path":"/api/v2/creator/profile","method":"GET","has_auth_header":true,"auth_header_preview":"Bearer 168|i1Pfn62igXMWcFgvLcI...","is_bearer":true} 
[2026-05-16 07:41:29] local.INFO: Extracted bearer token {"token_preview":"168|i1Pfn6...","token_length":52} 
[2026-05-16 07:41:29] local.INFO: Found personal access token {"token_id":168,"user_id":68,"revoked":null} 
[2026-05-16 07:41:29] local.INFO: User authenticated via bearer token {"user_id":68,"user_email":"freelancerzahedcreator@gmail.com"} 
[2026-05-16 07:41:59] local.INFO: ParseBearerToken middleware invoked {"path":"/api/v2/creator/profile","method":"GET","has_auth_header":true,"auth_header_preview":"Bearer 168|i1Pfn62igXMWcFgvLcI...","is_bearer":true} 
[2026-05-16 07:41:59] local.INFO: Extracted bearer token {"token_preview":"168|i1Pfn6...","token_length":52} 
[2026-05-16 07:41:59] local.INFO: Found personal access token {"token_id":168,"user_id":68,"revoked":null} 
[2026-05-16 07:41:59] local.INFO: User authenticated via bearer token {"user_id":68,"user_email":"freelancerzahedcreator@gmail.com"} 
[2026-05-16 07:42:29] local.INFO: ParseBearerToken middleware invoked {"path":"/api/v2/creator/profile","method":"GET","has_auth_header":true,"auth_header_preview":"Bearer 168|i1Pfn62igXMWcFgvLcI...","is_bearer":true} 
[2026-05-16 07:42:29] local.INFO: Extracted bearer token {"token_preview":"168|i1Pfn6...","token_length":52} 
[2026-05-16 07:42:29] local.INFO: Found personal access token {"token_id":168,"user_id":68,"revoked":null} 
[2026-05-16 07:42:29] local.INFO: User authenticated via bearer token {"user_id":68,"user_email":"freelancerzahedcreator@gmail.com"} 
[2026-05-16 07:42:59] local.INFO: ParseBearerToken middleware invoked {"path":"/api/v2/creator/profile","method":"GET","has_auth_header":true,"auth_header_preview":"Bearer 168|i1Pfn62igXMWcFgvLcI...","is_bearer":true} 
[2026-05-16 07:42:59] local.INFO: Extracted bearer token {"token_preview":"168|i1Pfn6...","token_length":52} 
[2026-05-16 07:42:59] local.INFO: Found personal access token {"token_id":168,"user_id":68,"revoked":null} 
[2026-05-16 07:42:59] local.INFO: User authenticated via bearer token {"user_id":68,"user_email":"freelancerzahedcreator@gmail.com"} 
[2026-05-16 07:43:28] local.INFO: ParseBearerToken middleware invoked {"path":"/api/v2/creator/profile","method":"GET","has_auth_header":true,"auth_header_preview":"Bearer 168|i1Pfn62igXMWcFgvLcI...","is_bearer":true} 
[2026-05-16 07:43:28] local.INFO: Extracted bearer token {"token_preview":"168|i1Pfn6...","token_length":52} 
[2026-05-16 07:43:28] local.INFO: Found personal access token {"token_id":168,"user_id":68,"revoked":null} 
[2026-05-16 07:43:28] local.INFO: User authenticated via bearer token {"user_id":68,"user_email":"freelancerzahedcreator@gmail.com"} 
[2026-05-16 07:43:59] local.INFO: ParseBearerToken middleware invoked {"path":"/api/v2/creator/profile","method":"GET","has_auth_header":true,"auth_header_preview":"Bearer 168|i1Pfn62igXMWcFgvLcI...","is_bearer":true} 
[2026-05-16 07:43:59] local.INFO: Extracted bearer token {"token_preview":"168|i1Pfn6...","token_length":52} 
[2026-05-16 07:43:59] local.INFO: Found personal access token {"token_id":168,"user_id":68,"revoked":null} 
[2026-05-16 07:43:59] local.INFO: User authenticated via bearer token {"user_id":68,"user_email":"freelancerzahedcreator@gmail.com"} 
[2026-05-16 07:44:29] local.INFO: ParseBearerToken middleware invoked {"path":"/api/v2/creator/profile","method":"GET","has_auth_header":true,"auth_header_preview":"Bearer 168|i1Pfn62igXMWcFgvLcI...","is_bearer":true} 
[2026-05-16 07:44:29] local.INFO: Extracted bearer token {"token_preview":"168|i1Pfn6...","token_length":52} 
[2026-05-16 07:44:29] local.INFO: Found personal access token {"token_id":168,"user_id":68,"revoked":null} 
[2026-05-16 07:44:29] local.INFO: User authenticated via bearer token {"user_id":68,"user_email":"freelancerzahedcreator@gmail.com"} 
[2026-05-16 07:44:58] local.INFO: ParseBearerToken middleware invoked {"path":"/api/v2/creator/profile","method":"GET","has_auth_header":true,"auth_header_preview":"Bearer 168|i1Pfn62igXMWcFgvLcI...","is_bearer":true} 
[2026-05-16 07:44:58] local.INFO: Extracted bearer token {"token_preview":"168|i1Pfn6...","token_length":52} 
[2026-05-16 07:44:58] local.INFO: Found personal access token {"token_id":168,"user_id":68,"revoked":null} 
[2026-05-16 07:44:58] local.INFO: User authenticated via bearer token {"user_id":68,"user_email":"freelancerzahedcreator@gmail.com"} 
[2026-05-16 07:45:29] local.INFO: ParseBearerToken middleware invoked {"path":"/api/v2/creator/profile","method":"GET","has_auth_header":true,"auth_header_preview":"Bearer 168|i1Pfn62igXMWcFgvLcI...","is_bearer":true} 
[2026-05-16 07:45:29] local.INFO: Extracted bearer token {"token_preview":"168|i1Pfn6...","token_length":52} 
[2026-05-16 07:45:29] local.INFO: Found personal access token {"token_id":168,"user_id":68,"revoked":null} 
[2026-05-16 07:45:29] local.INFO: User authenticated via bearer token {"user_id":68,"user_email":"freelancerzahedcreator@gmail.com"} 
[2026-05-16 07:45:58] local.INFO: ParseBearerToken middleware invoked {"path":"/api/v2/creator/profile","method":"GET","has_auth_header":true,"auth_header_preview":"Bearer 168|i1Pfn62igXMWcFgvLcI...","is_bearer":true} 
[2026-05-16 07:45:58] local.INFO: Extracted bearer token {"token_preview":"168|i1Pfn6...","token_length":52} 
[2026-05-16 07:45:58] local.INFO: Found personal access token {"token_id":168,"user_id":68,"revoked":null} 
[2026-05-16 07:45:58] local.INFO: User authenticated via bearer token {"user_id":68,"user_email":"freelancerzahedcreator@gmail.com"} 
[2026-05-16 07:46:29] local.INFO: ParseBearerToken middleware invoked {"path":"/api/v2/creator/profile","method":"GET","has_auth_header":true,"auth_header_preview":"Bearer 168|i1Pfn62igXMWcFgvLcI...","is_bearer":true} 
[2026-05-16 07:46:29] local.INFO: Extracted bearer token {"token_preview":"168|i1Pfn6...","token_length":52} 
[2026-05-16 07:46:29] local.INFO: Found personal access token {"token_id":168,"user_id":68,"revoked":null} 
[2026-05-16 07:46:29] local.INFO: User authenticated via bearer token {"user_id":68,"user_email":"freelancerzahedcreator@gmail.com"} 
[2026-05-16 07:46:58] local.INFO: ParseBearerToken middleware invoked {"path":"/api/v2/creator/profile","method":"GET","has_auth_header":true,"auth_header_preview":"Bearer 168|i1Pfn62igXMWcFgvLcI...","is_bearer":true} 
[2026-05-16 07:46:58] local.INFO: Extracted bearer token {"token_preview":"168|i1Pfn6...","token_length":52} 
[2026-05-16 07:46:58] local.INFO: Found personal access token {"token_id":168,"user_id":68,"revoked":null} 
[2026-05-16 07:46:58] local.INFO: User authenticated via bearer token {"user_id":68,"user_email":"freelancerzahedcreator@gmail.com"} 
[2026-05-16 07:47:29] local.INFO: ParseBearerToken middleware invoked {"path":"/api/v2/creator/profile","method":"GET","has_auth_header":true,"auth_header_preview":"Bearer 168|i1Pfn62igXMWcFgvLcI...","is_bearer":true} 
[2026-05-16 07:47:29] local.INFO: Extracted bearer token {"token_preview":"168|i1Pfn6...","token_length":52} 
[2026-05-16 07:47:29] local.INFO: Found personal access token {"token_id":168,"user_id":68,"revoked":null} 
[2026-05-16 07:47:29] local.INFO: User authenticated via bearer token {"user_id":68,"user_email":"freelancerzahedcreator@gmail.com"} 
[2026-05-16 07:47:59] local.INFO: ParseBearerToken middleware invoked {"path":"/api/v2/creator/profile","method":"GET","has_auth_header":true,"auth_header_preview":"Bearer 168|i1Pfn62igXMWcFgvLcI...","is_bearer":true} 
[2026-05-16 07:47:59] local.INFO: Extracted bearer token {"token_preview":"168|i1Pfn6...","token_length":52} 
[2026-05-16 07:47:59] local.INFO: Found personal access token {"token_id":168,"user_id":68,"revoked":null} 
[2026-05-16 07:47:59] local.INFO: User authenticated via bearer token {"user_id":68,"user_email":"freelancerzahedcreator@gmail.com"} 
[2026-05-16 07:48:29] local.INFO: ParseBearerToken middleware invoked {"path":"/api/v2/creator/profile","method":"GET","has_auth_header":true,"auth_header_preview":"Bearer 168|i1Pfn62igXMWcFgvLcI...","is_bearer":true} 
[2026-05-16 07:48:29] local.INFO: Extracted bearer token {"token_preview":"168|i1Pfn6...","token_length":52} 
[2026-05-16 07:48:29] local.INFO: Found personal access token {"token_id":168,"user_id":68,"revoked":null} 
[2026-05-16 07:48:29] local.INFO: User authenticated via bearer token {"user_id":68,"user_email":"freelancerzahedcreator@gmail.com"} 
[2026-05-16 07:48:58] local.INFO: ParseBearerToken middleware invoked {"path":"/api/v2/creator/profile","method":"GET","has_auth_header":true,"auth_header_preview":"Bearer 168|i1Pfn62igXMWcFgvLcI...","is_bearer":true} 
[2026-05-16 07:48:58] local.INFO: Extracted bearer token {"token_preview":"168|i1Pfn6...","token_length":52} 
[2026-05-16 07:48:58] local.INFO: Found personal access token {"token_id":168,"user_id":68,"revoked":null} 
[2026-05-16 07:48:58] local.INFO: User authenticated via bearer token {"user_id":68,"user_email":"freelancerzahedcreator@gmail.com"} 
[2026-05-16 07:49:28] local.INFO: ParseBearerToken middleware invoked {"path":"/api/v2/creator/profile","method":"GET","has_auth_header":true,"auth_header_preview":"Bearer 168|i1Pfn62igXMWcFgvLcI...","is_bearer":true} 
[2026-05-16 07:49:28] local.INFO: Extracted bearer token {"token_preview":"168|i1Pfn6...","token_length":52} 
[2026-05-16 07:49:28] local.INFO: Found personal access token {"token_id":168,"user_id":68,"revoked":null} 
[2026-05-16 07:49:28] local.INFO: User authenticated via bearer token {"user_id":68,"user_email":"freelancerzahedcreator@gmail.com"} 
[2026-05-16 07:49:59] local.INFO: ParseBearerToken middleware invoked {"path":"/api/v2/creator/profile","method":"GET","has_auth_header":true,"auth_header_preview":"Bearer 168|i1Pfn62igXMWcFgvLcI...","is_bearer":true} 
[2026-05-16 07:49:59] local.INFO: Extracted bearer token {"token_preview":"168|i1Pfn6...","token_length":52} 
[2026-05-16 07:49:59] local.INFO: Found personal access token {"token_id":168,"user_id":68,"revoked":null} 
[2026-05-16 07:49:59] local.INFO: User authenticated via bearer token {"user_id":68,"user_email":"freelancerzahedcreator@gmail.com"} 
[2026-05-16 07:50:29] local.INFO: ParseBearerToken middleware invoked {"path":"/api/v2/creator/profile","method":"GET","has_auth_header":true,"auth_header_preview":"Bearer 168|i1Pfn62igXMWcFgvLcI...","is_bearer":true} 
[2026-05-16 07:50:29] local.INFO: Extracted bearer token {"token_preview":"168|i1Pfn6...","token_length":52} 
[2026-05-16 07:50:29] local.INFO: Found personal access token {"token_id":168,"user_id":68,"revoked":null} 
[2026-05-16 07:50:29] local.INFO: User authenticated via bearer token {"user_id":68,"user_email":"freelancerzahedcreator@gmail.com"} 
[2026-05-16 07:50:59] local.INFO: ParseBearerToken middleware invoked {"path":"/api/v2/creator/profile","method":"GET","has_auth_header":true,"auth_header_preview":"Bearer 168|i1Pfn62igXMWcFgvLcI...","is_bearer":true} 
[2026-05-16 07:50:59] local.INFO: Extracted bearer token {"token_preview":"168|i1Pfn6...","token_length":52} 
[2026-05-16 07:50:59] local.INFO: Found personal access token {"token_id":168,"user_id":68,"revoked":null} 
[2026-05-16 07:50:59] local.INFO: User authenticated via bearer token {"user_id":68,"user_email":"freelancerzahedcreator@gmail.com"} 
[2026-05-16 07:51:29] local.INFO: ParseBearerToken middleware invoked {"path":"/api/v2/creator/profile","method":"GET","has_auth_header":true,"auth_header_preview":"Bearer 168|i1Pfn62igXMWcFgvLcI...","is_bearer":true} 
[2026-05-16 07:51:29] local.INFO: Extracted bearer token {"token_preview":"168|i1Pfn6...","token_length":52} 
[2026-05-16 07:51:29] local.INFO: Found personal access token {"token_id":168,"user_id":68,"revoked":null} 
[2026-05-16 07:51:29] local.INFO: User authenticated via bearer token {"user_id":68,"user_email":"freelancerzahedcreator@gmail.com"} 
[2026-05-16 07:51:59] local.INFO: ParseBearerToken middleware invoked {"path":"/api/v2/creator/profile","method":"GET","has_auth_header":true,"auth_header_preview":"Bearer 168|i1Pfn62igXMWcFgvLcI...","is_bearer":true} 
[2026-05-16 07:51:59] local.INFO: Extracted bearer token {"token_preview":"168|i1Pfn6...","token_length":52} 
[2026-05-16 07:51:59] local.INFO: Found personal access token {"token_id":168,"user_id":68,"revoked":null} 
[2026-05-16 07:51:59] local.INFO: User authenticated via bearer token {"user_id":68,"user_email":"freelancerzahedcreator@gmail.com"} 
[2026-05-16 07:52:29] local.INFO: ParseBearerToken middleware invoked {"path":"/api/v2/creator/profile","method":"GET","has_auth_header":true,"auth_header_preview":"Bearer 168|i1Pfn62igXMWcFgvLcI...","is_bearer":true} 
[2026-05-16 07:52:29] local.INFO: Extracted bearer token {"token_preview":"168|i1Pfn6...","token_length":52} 
[2026-05-16 07:52:29] local.INFO: Found personal access token {"token_id":168,"user_id":68,"revoked":null} 
[2026-05-16 07:52:29] local.INFO: User authenticated via bearer token {"user_id":68,"user_email":"freelancerzahedcreator@gmail.com"} 
[2026-05-16 07:52:59] local.INFO: ParseBearerToken middleware invoked {"path":"/api/v2/creator/profile","method":"GET","has_auth_header":true,"auth_header_preview":"Bearer 168|i1Pfn62igXMWcFgvLcI...","is_bearer":true} 
[2026-05-16 07:52:59] local.INFO: Extracted bearer token {"token_preview":"168|i1Pfn6...","token_length":52} 
[2026-05-16 07:52:59] local.INFO: Found personal access token {"token_id":168,"user_id":68,"revoked":null} 
[2026-05-16 07:52:59] local.INFO: User authenticated via bearer token {"user_id":68,"user_email":"freelancerzahedcreator@gmail.com"} 
[2026-05-16 07:53:29] local.INFO: ParseBearerToken middleware invoked {"path":"/api/v2/creator/profile","method":"GET","has_auth_header":true,"auth_header_preview":"Bearer 168|i1Pfn62igXMWcFgvLcI...","is_bearer":true} 
[2026-05-16 07:53:29] local.INFO: Extracted bearer token {"token_preview":"168|i1Pfn6...","token_length":52} 
[2026-05-16 07:53:29] local.INFO: Found personal access token {"token_id":168,"user_id":68,"revoked":null} 
[2026-05-16 07:53:29] local.INFO: User authenticated via bearer token {"user_id":68,"user_email":"freelancerzahedcreator@gmail.com"} 
[2026-05-16 07:53:59] local.INFO: ParseBearerToken middleware invoked {"path":"/api/v2/creator/profile","method":"GET","has_auth_header":true,"auth_header_preview":"Bearer 168|i1Pfn62igXMWcFgvLcI...","is_bearer":true} 
[2026-05-16 07:53:59] local.INFO: Extracted bearer token {"token_preview":"168|i1Pfn6...","token_length":52} 
[2026-05-16 07:53:59] local.INFO: Found personal access token {"token_id":168,"user_id":68,"revoked":null} 
[2026-05-16 07:53:59] local.INFO: User authenticated via bearer token {"user_id":68,"user_email":"freelancerzahedcreator@gmail.com"} 
[2026-05-16 07:54:29] local.INFO: ParseBearerToken middleware invoked {"path":"/api/v2/creator/profile","method":"GET","has_auth_header":true,"auth_header_preview":"Bearer 168|i1Pfn62igXMWcFgvLcI...","is_bearer":true} 
[2026-05-16 07:54:29] local.INFO: Extracted bearer token {"token_preview":"168|i1Pfn6...","token_length":52} 
[2026-05-16 07:54:29] local.INFO: Found personal access token {"token_id":168,"user_id":68,"revoked":null} 
[2026-05-16 07:54:29] local.INFO: User authenticated via bearer token {"user_id":68,"user_email":"freelancerzahedcreator@gmail.com"} 
[2026-05-16 07:54:58] local.INFO: ParseBearerToken middleware invoked {"path":"/api/v2/creator/profile","method":"GET","has_auth_header":true,"auth_header_preview":"Bearer 168|i1Pfn62igXMWcFgvLcI...","is_bearer":true} 
[2026-05-16 07:54:58] local.INFO: Extracted bearer token {"token_preview":"168|i1Pfn6...","token_length":52} 
[2026-05-16 07:54:58] local.INFO: Found personal access token {"token_id":168,"user_id":68,"revoked":null} 
[2026-05-16 07:54:58] local.INFO: User authenticated via bearer token {"user_id":68,"user_email":"freelancerzahedcreator@gmail.com"} 
[2026-05-16 07:55:29] local.INFO: ParseBearerToken middleware invoked {"path":"/api/v2/creator/profile","method":"GET","has_auth_header":true,"auth_header_preview":"Bearer 168|i1Pfn62igXMWcFgvLcI...","is_bearer":true} 
[2026-05-16 07:55:29] local.INFO: Extracted bearer token {"token_preview":"168|i1Pfn6...","token_length":52} 
[2026-05-16 07:55:29] local.INFO: Found personal access token {"token_id":168,"user_id":68,"revoked":null} 
[2026-05-16 07:55:29] local.INFO: User authenticated via bearer token {"user_id":68,"user_email":"freelancerzahedcreator@gmail.com"} 
[2026-05-16 07:55:59] local.INFO: ParseBearerToken middleware invoked {"path":"/api/v2/creator/profile","method":"GET","has_auth_header":true,"auth_header_preview":"Bearer 168|i1Pfn62igXMWcFgvLcI...","is_bearer":true} 
[2026-05-16 07:55:59] local.INFO: Extracted bearer token {"token_preview":"168|i1Pfn6...","token_length":52} 
[2026-05-16 07:55:59] local.INFO: Found personal access token {"token_id":168,"user_id":68,"revoked":null} 
[2026-05-16 07:55:59] local.INFO: User authenticated via bearer token {"user_id":68,"user_email":"freelancerzahedcreator@gmail.com"} 
[2026-05-16 07:56:29] local.INFO: ParseBearerToken middleware invoked {"path":"/api/v2/creator/profile","method":"GET","has_auth_header":true,"auth_header_preview":"Bearer 168|i1Pfn62igXMWcFgvLcI...","is_bearer":true} 
[2026-05-16 07:56:29] local.INFO: Extracted bearer token {"token_preview":"168|i1Pfn6...","token_length":52} 
[2026-05-16 07:56:29] local.INFO: Found personal access token {"token_id":168,"user_id":68,"revoked":null} 
[2026-05-16 07:56:29] local.INFO: User authenticated via bearer token {"user_id":68,"user_email":"freelancerzahedcreator@gmail.com"} 
[2026-05-16 07:56:59] local.INFO: ParseBearerToken middleware invoked {"path":"/api/v2/creator/profile","method":"GET","has_auth_header":true,"auth_header_preview":"Bearer 168|i1Pfn62igXMWcFgvLcI...","is_bearer":true} 
[2026-05-16 07:56:59] local.INFO: Extracted bearer token {"token_preview":"168|i1Pfn6...","token_length":52} 
[2026-05-16 07:56:59] local.INFO: Found personal access token {"token_id":168,"user_id":68,"revoked":null} 
[2026-05-16 07:56:59] local.INFO: User authenticated via bearer token {"user_id":68,"user_email":"freelancerzahedcreator@gmail.com"} 
[2026-05-16 07:57:29] local.INFO: ParseBearerToken middleware invoked {"path":"/api/v2/creator/profile","method":"GET","has_auth_header":true,"auth_header_preview":"Bearer 168|i1Pfn62igXMWcFgvLcI...","is_bearer":true} 
[2026-05-16 07:57:29] local.INFO: Extracted bearer token {"token_preview":"168|i1Pfn6...","token_length":52} 
[2026-05-16 07:57:29] local.INFO: Found personal access token {"token_id":168,"user_id":68,"revoked":null} 
[2026-05-16 07:57:29] local.INFO: User authenticated via bearer token {"user_id":68,"user_email":"freelancerzahedcreator@gmail.com"} 
[2026-05-16 07:57:59] local.INFO: ParseBearerToken middleware invoked {"path":"/api/v2/creator/profile","method":"GET","has_auth_header":true,"auth_header_preview":"Bearer 168|i1Pfn62igXMWcFgvLcI...","is_bearer":true} 
[2026-05-16 07:57:59] local.INFO: Extracted bearer token {"token_preview":"168|i1Pfn6...","token_length":52} 
[2026-05-16 07:57:59] local.INFO: Found personal access token {"token_id":168,"user_id":68,"revoked":null} 
[2026-05-16 07:57:59] local.INFO: User authenticated via bearer token {"user_id":68,"user_email":"freelancerzahedcreator@gmail.com"} 
[2026-05-16 07:58:29] local.INFO: ParseBearerToken middleware invoked {"path":"/api/v2/creator/profile","method":"GET","has_auth_header":true,"auth_header_preview":"Bearer 168|i1Pfn62igXMWcFgvLcI...","is_bearer":true} 
[2026-05-16 07:58:29] local.INFO: Extracted bearer token {"token_preview":"168|i1Pfn6...","token_length":52} 
[2026-05-16 07:58:29] local.INFO: Found personal access token {"token_id":168,"user_id":68,"revoked":null} 
[2026-05-16 07:58:29] local.INFO: User authenticated via bearer token {"user_id":68,"user_email":"freelancerzahedcreator@gmail.com"} 
[2026-05-16 07:58:58] local.INFO: ParseBearerToken middleware invoked {"path":"/api/v2/creator/profile","method":"GET","has_auth_header":true,"auth_header_preview":"Bearer 168|i1Pfn62igXMWcFgvLcI...","is_bearer":true} 
[2026-05-16 07:58:58] local.INFO: Extracted bearer token {"token_preview":"168|i1Pfn6...","token_length":52} 
[2026-05-16 07:58:58] local.INFO: Found personal access token {"token_id":168,"user_id":68,"revoked":null} 
[2026-05-16 07:58:58] local.INFO: User authenticated via bearer token {"user_id":68,"user_email":"freelancerzahedcreator@gmail.com"} 
[2026-05-16 07:59:29] local.INFO: ParseBearerToken middleware invoked {"path":"/api/v2/creator/profile","method":"GET","has_auth_header":true,"auth_header_preview":"Bearer 168|i1Pfn62igXMWcFgvLcI...","is_bearer":true} 
[2026-05-16 07:59:29] local.INFO: Extracted bearer token {"token_preview":"168|i1Pfn6...","token_length":52} 
[2026-05-16 07:59:29] local.INFO: Found personal access token {"token_id":168,"user_id":68,"revoked":null} 
[2026-05-16 07:59:29] local.INFO: User authenticated via bearer token {"user_id":68,"user_email":"freelancerzahedcreator@gmail.com"} 
[2026-05-16 07:59:58] local.INFO: ParseBearerToken middleware invoked {"path":"/api/v2/creator/profile","method":"GET","has_auth_header":true,"auth_header_preview":"Bearer 168|i1Pfn62igXMWcFgvLcI...","is_bearer":true} 
[2026-05-16 07:59:58] local.INFO: Extracted bearer token {"token_preview":"168|i1Pfn6...","token_length":52} 
[2026-05-16 07:59:58] local.INFO: Found personal access token {"token_id":168,"user_id":68,"revoked":null} 
[2026-05-16 07:59:58] local.INFO: User authenticated via bearer token {"user_id":68,"user_email":"freelancerzahedcreator@gmail.com"} 
[2026-05-16 08:00:28] local.INFO: ParseBearerToken middleware invoked {"path":"/api/v2/creator/profile","method":"GET","has_auth_header":true,"auth_header_preview":"Bearer 168|i1Pfn62igXMWcFgvLcI...","is_bearer":true} 
[2026-05-16 08:00:28] local.INFO: Extracted bearer token {"token_preview":"168|i1Pfn6...","token_length":52} 
[2026-05-16 08:00:28] local.INFO: Found personal access token {"token_id":168,"user_id":68,"revoked":null} 
[2026-05-16 08:00:28] local.INFO: User authenticated via bearer token {"user_id":68,"user_email":"freelancerzahedcreator@gmail.com"} 
[2026-05-16 08:00:59] local.INFO: ParseBearerToken middleware invoked {"path":"/api/v2/creator/profile","method":"GET","has_auth_header":true,"auth_header_preview":"Bearer 168|i1Pfn62igXMWcFgvLcI...","is_bearer":true} 
[2026-05-16 08:00:59] local.INFO: Extracted bearer token {"token_preview":"168|i1Pfn6...","token_length":52} 
[2026-05-16 08:00:59] local.INFO: Found personal access token {"token_id":168,"user_id":68,"revoked":null} 
[2026-05-16 08:00:59] local.INFO: User authenticated via bearer token {"user_id":68,"user_email":"freelancerzahedcreator@gmail.com"} 
[2026-05-16 08:01:28] local.INFO: ParseBearerToken middleware invoked {"path":"/api/v2/creator/profile","method":"GET","has_auth_header":true,"auth_header_preview":"Bearer 168|i1Pfn62igXMWcFgvLcI...","is_bearer":true} 
[2026-05-16 08:01:28] local.INFO: Extracted bearer token {"token_preview":"168|i1Pfn6...","token_length":52} 
[2026-05-16 08:01:28] local.INFO: Found personal access token {"token_id":168,"user_id":68,"revoked":null} 
[2026-05-16 08:01:28] local.INFO: User authenticated via bearer token {"user_id":68,"user_email":"freelancerzahedcreator@gmail.com"} 
[2026-05-16 08:01:59] local.INFO: ParseBearerToken middleware invoked {"path":"/api/v2/creator/profile","method":"GET","has_auth_header":true,"auth_header_preview":"Bearer 168|i1Pfn62igXMWcFgvLcI...","is_bearer":true} 
[2026-05-16 08:01:59] local.INFO: Extracted bearer token {"token_preview":"168|i1Pfn6...","token_length":52} 
[2026-05-16 08:01:59] local.INFO: Found personal access token {"token_id":168,"user_id":68,"revoked":null} 
[2026-05-16 08:01:59] local.INFO: User authenticated via bearer token {"user_id":68,"user_email":"freelancerzahedcreator@gmail.com"} 
[2026-05-16 08:02:29] local.INFO: ParseBearerToken middleware invoked {"path":"/api/v2/creator/profile","method":"GET","has_auth_header":true,"auth_header_preview":"Bearer 168|i1Pfn62igXMWcFgvLcI...","is_bearer":true} 
[2026-05-16 08:02:29] local.INFO: Extracted bearer token {"token_preview":"168|i1Pfn6...","token_length":52} 
[2026-05-16 08:02:29] local.INFO: Found personal access token {"token_id":168,"user_id":68,"revoked":null} 
[2026-05-16 08:02:29] local.INFO: User authenticated via bearer token {"user_id":68,"user_email":"freelancerzahedcreator@gmail.com"} 
[2026-05-16 08:02:58] local.INFO: ParseBearerToken middleware invoked {"path":"/api/v2/creator/profile","method":"GET","has_auth_header":true,"auth_header_preview":"Bearer 168|i1Pfn62igXMWcFgvLcI...","is_bearer":true} 
[2026-05-16 08:02:58] local.INFO: Extracted bearer token {"token_preview":"168|i1Pfn6...","token_length":52} 
[2026-05-16 08:02:58] local.INFO: Found personal access token {"token_id":168,"user_id":68,"revoked":null} 
[2026-05-16 08:02:58] local.INFO: User authenticated via bearer token {"user_id":68,"user_email":"freelancerzahedcreator@gmail.com"} 
[2026-05-16 08:03:29] local.INFO: ParseBearerToken middleware invoked {"path":"/api/v2/creator/profile","method":"GET","has_auth_header":true,"auth_header_preview":"Bearer 168|i1Pfn62igXMWcFgvLcI...","is_bearer":true} 
[2026-05-16 08:03:29] local.INFO: Extracted bearer token {"token_preview":"168|i1Pfn6...","token_length":52} 
[2026-05-16 08:03:29] local.INFO: Found personal access token {"token_id":168,"user_id":68,"revoked":null} 
[2026-05-16 08:03:29] local.INFO: User authenticated via bearer token {"user_id":68,"user_email":"freelancerzahedcreator@gmail.com"} 
[2026-05-16 08:03:58] local.INFO: ParseBearerToken middleware invoked {"path":"/api/v2/creator/profile","method":"GET","has_auth_header":true,"auth_header_preview":"Bearer 168|i1Pfn62igXMWcFgvLcI...","is_bearer":true} 
[2026-05-16 08:03:58] local.INFO: Extracted bearer token {"token_preview":"168|i1Pfn6...","token_length":52} 
[2026-05-16 08:03:59] local.INFO: Found personal access token {"token_id":168,"user_id":68,"revoked":null} 
[2026-05-16 08:03:59] local.INFO: User authenticated via bearer token {"user_id":68,"user_email":"freelancerzahedcreator@gmail.com"} 
[2026-05-16 08:04:29] local.INFO: ParseBearerToken middleware invoked {"path":"/api/v2/creator/profile","method":"GET","has_auth_header":true,"auth_header_preview":"Bearer 168|i1Pfn62igXMWcFgvLcI...","is_bearer":true} 
[2026-05-16 08:04:29] local.INFO: Extracted bearer token {"token_preview":"168|i1Pfn6...","token_length":52} 
[2026-05-16 08:04:29] local.INFO: Found personal access token {"token_id":168,"user_id":68,"revoked":null} 
[2026-05-16 08:04:29] local.INFO: User authenticated via bearer token {"user_id":68,"user_email":"freelancerzahedcreator@gmail.com"} 
[2026-05-16 08:04:58] local.INFO: ParseBearerToken middleware invoked {"path":"/api/v2/creator/profile","method":"GET","has_auth_header":true,"auth_header_preview":"Bearer 168|i1Pfn62igXMWcFgvLcI...","is_bearer":true} 
[2026-05-16 08:04:58] local.INFO: Extracted bearer token {"token_preview":"168|i1Pfn6...","token_length":52} 
[2026-05-16 08:04:58] local.INFO: Found personal access token {"token_id":168,"user_id":68,"revoked":null} 
[2026-05-16 08:04:58] local.INFO: User authenticated via bearer token {"user_id":68,"user_email":"freelancerzahedcreator@gmail.com"} 
[2026-05-16 08:05:29] local.INFO: ParseBearerToken middleware invoked {"path":"/api/v2/creator/profile","method":"GET","has_auth_header":true,"auth_header_preview":"Bearer 168|i1Pfn62igXMWcFgvLcI...","is_bearer":true} 
[2026-05-16 08:05:29] local.INFO: Extracted bearer token {"token_preview":"168|i1Pfn6...","token_length":52} 
[2026-05-16 08:05:29] local.INFO: Found personal access token {"token_id":168,"user_id":68,"revoked":null} 
[2026-05-16 08:05:29] local.INFO: User authenticated via bearer token {"user_id":68,"user_email":"freelancerzahedcreator@gmail.com"} 
[2026-05-16 08:05:58] local.INFO: ParseBearerToken middleware invoked {"path":"/api/v2/creator/profile","method":"GET","has_auth_header":true,"auth_header_preview":"Bearer 168|i1Pfn62igXMWcFgvLcI...","is_bearer":true} 
[2026-05-16 08:05:58] local.INFO: Extracted bearer token {"token_preview":"168|i1Pfn6...","token_length":52} 
[2026-05-16 08:05:58] local.INFO: Found personal access token {"token_id":168,"user_id":68,"revoked":null} 
[2026-05-16 08:05:58] local.INFO: User authenticated via bearer token {"user_id":68,"user_email":"freelancerzahedcreator@gmail.com"} 
[2026-05-16 08:06:29] local.INFO: ParseBearerToken middleware invoked {"path":"/api/v2/creator/profile","method":"GET","has_auth_header":true,"auth_header_preview":"Bearer 168|i1Pfn62igXMWcFgvLcI...","is_bearer":true} 
[2026-05-16 08:06:29] local.INFO: Extracted bearer token {"token_preview":"168|i1Pfn6...","token_length":52} 
[2026-05-16 08:06:29] local.INFO: Found personal access token {"token_id":168,"user_id":68,"revoked":null} 
[2026-05-16 08:06:29] local.INFO: User authenticated via bearer token {"user_id":68,"user_email":"freelancerzahedcreator@gmail.com"} 
[2026-05-16 08:06:59] local.INFO: ParseBearerToken middleware invoked {"path":"/api/v2/creator/profile","method":"GET","has_auth_header":true,"auth_header_preview":"Bearer 168|i1Pfn62igXMWcFgvLcI...","is_bearer":true} 
[2026-05-16 08:06:59] local.INFO: Extracted bearer token {"token_preview":"168|i1Pfn6...","token_length":52} 
[2026-05-16 08:06:59] local.INFO: Found personal access token {"token_id":168,"user_id":68,"revoked":null} 
[2026-05-16 08:06:59] local.INFO: User authenticated via bearer token {"user_id":68,"user_email":"freelancerzahedcreator@gmail.com"} 
[2026-05-16 08:07:29] local.INFO: ParseBearerToken middleware invoked {"path":"/api/v2/creator/profile","method":"GET","has_auth_header":true,"auth_header_preview":"Bearer 168|i1Pfn62igXMWcFgvLcI...","is_bearer":true} 
[2026-05-16 08:07:29] local.INFO: Extracted bearer token {"token_preview":"168|i1Pfn6...","token_length":52} 
[2026-05-16 08:07:29] local.INFO: Found personal access token {"token_id":168,"user_id":68,"revoked":null} 
[2026-05-16 08:07:29] local.INFO: User authenticated via bearer token {"user_id":68,"user_email":"freelancerzahedcreator@gmail.com"} 
[2026-05-16 08:07:59] local.INFO: ParseBearerToken middleware invoked {"path":"/api/v2/creator/profile","method":"GET","has_auth_header":true,"auth_header_preview":"Bearer 168|i1Pfn62igXMWcFgvLcI...","is_bearer":true} 
[2026-05-16 08:07:59] local.INFO: Extracted bearer token {"token_preview":"168|i1Pfn6...","token_length":52} 
[2026-05-16 08:07:59] local.INFO: Found personal access token {"token_id":168,"user_id":68,"revoked":null} 
[2026-05-16 08:07:59] local.INFO: User authenticated via bearer token {"user_id":68,"user_email":"freelancerzahedcreator@gmail.com"} 
[2026-05-16 08:08:29] local.INFO: ParseBearerToken middleware invoked {"path":"/api/v2/creator/profile","method":"GET","has_auth_header":true,"auth_header_preview":"Bearer 168|i1Pfn62igXMWcFgvLcI...","is_bearer":true} 
[2026-05-16 08:08:29] local.INFO: Extracted bearer token {"token_preview":"168|i1Pfn6...","token_length":52} 
[2026-05-16 08:08:29] local.INFO: Found personal access token {"token_id":168,"user_id":68,"revoked":null} 
[2026-05-16 08:08:29] local.INFO: User authenticated via bearer token {"user_id":68,"user_email":"freelancerzahedcreator@gmail.com"} 
[2026-05-16 08:08:59] local.INFO: ParseBearerToken middleware invoked {"path":"/api/v2/creator/profile","method":"GET","has_auth_header":true,"auth_header_preview":"Bearer 168|i1Pfn62igXMWcFgvLcI...","is_bearer":true} 
[2026-05-16 08:08:59] local.INFO: Extracted bearer token {"token_preview":"168|i1Pfn6...","token_length":52} 
[2026-05-16 08:08:59] local.INFO: Found personal access token {"token_id":168,"user_id":68,"revoked":null} 
[2026-05-16 08:08:59] local.INFO: User authenticated via bearer token {"user_id":68,"user_email":"freelancerzahedcreator@gmail.com"} 
[2026-05-16 08:09:29] local.INFO: ParseBearerToken middleware invoked {"path":"/api/v2/creator/profile","method":"GET","has_auth_header":true,"auth_header_preview":"Bearer 168|i1Pfn62igXMWcFgvLcI...","is_bearer":true} 
[2026-05-16 08:09:29] local.INFO: Extracted bearer token {"token_preview":"168|i1Pfn6...","token_length":52} 
[2026-05-16 08:09:29] local.INFO: Found personal access token {"token_id":168,"user_id":68,"revoked":null} 
[2026-05-16 08:09:29] local.INFO: User authenticated via bearer token {"user_id":68,"user_email":"freelancerzahedcreator@gmail.com"} 
[2026-05-16 08:09:59] local.INFO: ParseBearerToken middleware invoked {"path":"/api/v2/creator/profile","method":"GET","has_auth_header":true,"auth_header_preview":"Bearer 168|i1Pfn62igXMWcFgvLcI...","is_bearer":true} 
[2026-05-16 08:09:59] local.INFO: Extracted bearer token {"token_preview":"168|i1Pfn6...","token_length":52} 
[2026-05-16 08:09:59] local.INFO: Found personal access token {"token_id":168,"user_id":68,"revoked":null} 
[2026-05-16 08:09:59] local.INFO: User authenticated via bearer token {"user_id":68,"user_email":"freelancerzahedcreator@gmail.com"} 
[2026-05-16 08:10:28] local.INFO: ParseBearerToken middleware invoked {"path":"/api/v2/creator/profile","method":"GET","has_auth_header":true,"auth_header_preview":"Bearer 168|i1Pfn62igXMWcFgvLcI...","is_bearer":true} 
[2026-05-16 08:10:28] local.INFO: Extracted bearer token {"token_preview":"168|i1Pfn6...","token_length":52} 
[2026-05-16 08:10:28] local.INFO: Found personal access token {"token_id":168,"user_id":68,"revoked":null} 
[2026-05-16 08:10:28] local.INFO: User authenticated via bearer token {"user_id":68,"user_email":"freelancerzahedcreator@gmail.com"} 
[2026-05-16 08:10:59] local.INFO: ParseBearerToken middleware invoked {"path":"/api/v2/creator/profile","method":"GET","has_auth_header":true,"auth_header_preview":"Bearer 168|i1Pfn62igXMWcFgvLcI...","is_bearer":true} 
[2026-05-16 08:10:59] local.INFO: Extracted bearer token {"token_preview":"168|i1Pfn6...","token_length":52} 
[2026-05-16 08:10:59] local.INFO: Found personal access token {"token_id":168,"user_id":68,"revoked":null} 
[2026-05-16 08:10:59] local.INFO: User authenticated via bearer token {"user_id":68,"user_email":"freelancerzahedcreator@gmail.com"} 
[2026-05-16 08:11:28] local.INFO: ParseBearerToken middleware invoked {"path":"/api/v2/creator/profile","method":"GET","has_auth_header":true,"auth_header_preview":"Bearer 168|i1Pfn62igXMWcFgvLcI...","is_bearer":true} 
[2026-05-16 08:11:28] local.INFO: Extracted bearer token {"token_preview":"168|i1Pfn6...","token_length":52} 
[2026-05-16 08:11:28] local.INFO: Found personal access token {"token_id":168,"user_id":68,"revoked":null} 
[2026-05-16 08:11:28] local.INFO: User authenticated via bearer token {"user_id":68,"user_email":"freelancerzahedcreator@gmail.com"} 
[2026-05-16 08:11:59] local.INFO: ParseBearerToken middleware invoked {"path":"/api/v2/creator/profile","method":"GET","has_auth_header":true,"auth_header_preview":"Bearer 168|i1Pfn62igXMWcFgvLcI...","is_bearer":true} 
[2026-05-16 08:11:59] local.INFO: Extracted bearer token {"token_preview":"168|i1Pfn6...","token_length":52} 
[2026-05-16 08:11:59] local.INFO: Found personal access token {"token_id":168,"user_id":68,"revoked":null} 
[2026-05-16 08:11:59] local.INFO: User authenticated via bearer token {"user_id":68,"user_email":"freelancerzahedcreator@gmail.com"} 
[2026-05-16 08:12:29] local.INFO: ParseBearerToken middleware invoked {"path":"/api/v2/creator/profile","method":"GET","has_auth_header":true,"auth_header_preview":"Bearer 168|i1Pfn62igXMWcFgvLcI...","is_bearer":true} 
[2026-05-16 08:12:29] local.INFO: Extracted bearer token {"token_preview":"168|i1Pfn6...","token_length":52} 
[2026-05-16 08:12:29] local.INFO: Found personal access token {"token_id":168,"user_id":68,"revoked":null} 
[2026-05-16 08:12:29] local.INFO: User authenticated via bearer token {"user_id":68,"user_email":"freelancerzahedcreator@gmail.com"} 
[2026-05-16 08:12:59] local.INFO: ParseBearerToken middleware invoked {"path":"/api/v2/creator/profile","method":"GET","has_auth_header":true,"auth_header_preview":"Bearer 168|i1Pfn62igXMWcFgvLcI...","is_bearer":true} 
[2026-05-16 08:12:59] local.INFO: Extracted bearer token {"token_preview":"168|i1Pfn6...","token_length":52} 
[2026-05-16 08:12:59] local.INFO: Found personal access token {"token_id":168,"user_id":68,"revoked":null} 
[2026-05-16 08:12:59] local.INFO: User authenticated via bearer token {"user_id":68,"user_email":"freelancerzahedcreator@gmail.com"} 
[2026-05-16 08:13:29] local.INFO: ParseBearerToken middleware invoked {"path":"/api/v2/creator/profile","method":"GET","has_auth_header":true,"auth_header_preview":"Bearer 168|i1Pfn62igXMWcFgvLcI...","is_bearer":true} 
[2026-05-16 08:13:29] local.INFO: Extracted bearer token {"token_preview":"168|i1Pfn6...","token_length":52} 
[2026-05-16 08:13:29] local.INFO: Found personal access token {"token_id":168,"user_id":68,"revoked":null} 
[2026-05-16 08:13:29] local.INFO: User authenticated via bearer token {"user_id":68,"user_email":"freelancerzahedcreator@gmail.com"} 
[2026-05-16 08:13:59] local.INFO: ParseBearerToken middleware invoked {"path":"/api/v2/creator/profile","method":"GET","has_auth_header":true,"auth_header_preview":"Bearer 168|i1Pfn62igXMWcFgvLcI...","is_bearer":true} 
[2026-05-16 08:13:59] local.INFO: Extracted bearer token {"token_preview":"168|i1Pfn6...","token_length":52} 
[2026-05-16 08:13:59] local.INFO: Found personal access token {"token_id":168,"user_id":68,"revoked":null} 
[2026-05-16 08:13:59] local.INFO: User authenticated via bearer token {"user_id":68,"user_email":"freelancerzahedcreator@gmail.com"} 
[2026-05-16 08:14:29] local.INFO: ParseBearerToken middleware invoked {"path":"/api/v2/creator/profile","method":"GET","has_auth_header":true,"auth_header_preview":"Bearer 168|i1Pfn62igXMWcFgvLcI...","is_bearer":true} 
[2026-05-16 08:14:29] local.INFO: Extracted bearer token {"token_preview":"168|i1Pfn6...","token_length":52} 
[2026-05-16 08:14:29] local.INFO: Found personal access token {"token_id":168,"user_id":68,"revoked":null} 
[2026-05-16 08:14:29] local.INFO: User authenticated via bearer token {"user_id":68,"user_email":"freelancerzahedcreator@gmail.com"} 
[2026-05-16 08:14:58] local.INFO: ParseBearerToken middleware invoked {"path":"/api/v2/creator/profile","method":"GET","has_auth_header":true,"auth_header_preview":"Bearer 168|i1Pfn62igXMWcFgvLcI...","is_bearer":true} 
[2026-05-16 08:14:58] local.INFO: Extracted bearer token {"token_preview":"168|i1Pfn6...","token_length":52} 
[2026-05-16 08:14:58] local.INFO: Found personal access token {"token_id":168,"user_id":68,"revoked":null} 
[2026-05-16 08:14:59] local.INFO: User authenticated via bearer token {"user_id":68,"user_email":"freelancerzahedcreator@gmail.com"} 
[2026-05-16 08:15:29] local.INFO: ParseBearerToken middleware invoked {"path":"/api/v2/creator/profile","method":"GET","has_auth_header":true,"auth_header_preview":"Bearer 168|i1Pfn62igXMWcFgvLcI...","is_bearer":true} 
[2026-05-16 08:15:29] local.INFO: Extracted bearer token {"token_preview":"168|i1Pfn6...","token_length":52} 
[2026-05-16 08:15:29] local.INFO: Found personal access token {"token_id":168,"user_id":68,"revoked":null} 
[2026-05-16 08:15:29] local.INFO: User authenticated via bearer token {"user_id":68,"user_email":"freelancerzahedcreator@gmail.com"} 
[2026-05-16 08:15:58] local.INFO: ParseBearerToken middleware invoked {"path":"/api/v2/creator/profile","method":"GET","has_auth_header":true,"auth_header_preview":"Bearer 168|i1Pfn62igXMWcFgvLcI...","is_bearer":true} 
[2026-05-16 08:15:58] local.INFO: Extracted bearer token {"token_preview":"168|i1Pfn6...","token_length":52} 
[2026-05-16 08:15:58] local.INFO: Found personal access token {"token_id":168,"user_id":68,"revoked":null} 
[2026-05-16 08:15:58] local.INFO: User authenticated via bearer token {"user_id":68,"user_email":"freelancerzahedcreator@gmail.com"} 
[2026-05-16 08:16:29] local.INFO: ParseBearerToken middleware invoked {"path":"/api/v2/creator/profile","method":"GET","has_auth_header":true,"auth_header_preview":"Bearer 168|i1Pfn62igXMWcFgvLcI...","is_bearer":true} 
[2026-05-16 08:16:29] local.INFO: Extracted bearer token {"token_preview":"168|i1Pfn6...","token_length":52} 
[2026-05-16 08:16:29] local.INFO: Found personal access token {"token_id":168,"user_id":68,"revoked":null} 
[2026-05-16 08:16:29] local.INFO: User authenticated via bearer token {"user_id":68,"user_email":"freelancerzahedcreator@gmail.com"} 
[2026-05-16 08:16:59] local.INFO: ParseBearerToken middleware invoked {"path":"/api/v2/creator/profile","method":"GET","has_auth_header":true,"auth_header_preview":"Bearer 168|i1Pfn62igXMWcFgvLcI...","is_bearer":true} 
[2026-05-16 08:16:59] local.INFO: Extracted bearer token {"token_preview":"168|i1Pfn6...","token_length":52} 
[2026-05-16 08:16:59] local.INFO: Found personal access token {"token_id":168,"user_id":68,"revoked":null} 
[2026-05-16 08:16:59] local.INFO: User authenticated via bearer token {"user_id":68,"user_email":"freelancerzahedcreator@gmail.com"} 
[2026-05-16 08:17:29] local.INFO: ParseBearerToken middleware invoked {"path":"/api/v2/creator/profile","method":"GET","has_auth_header":true,"auth_header_preview":"Bearer 168|i1Pfn62igXMWcFgvLcI...","is_bearer":true} 
[2026-05-16 08:17:29] local.INFO: Extracted bearer token {"token_preview":"168|i1Pfn6...","token_length":52} 
[2026-05-16 08:17:29] local.INFO: Found personal access token {"token_id":168,"user_id":68,"revoked":null} 
[2026-05-16 08:17:29] local.INFO: User authenticated via bearer token {"user_id":68,"user_email":"freelancerzahedcreator@gmail.com"} 
[2026-05-16 08:17:59] local.INFO: ParseBearerToken middleware invoked {"path":"/api/v2/creator/profile","method":"GET","has_auth_header":true,"auth_header_preview":"Bearer 168|i1Pfn62igXMWcFgvLcI...","is_bearer":true} 
[2026-05-16 08:17:59] local.INFO: Extracted bearer token {"token_preview":"168|i1Pfn6...","token_length":52} 
[2026-05-16 08:17:59] local.INFO: Found personal access token {"token_id":168,"user_id":68,"revoked":null} 
[2026-05-16 08:17:59] local.INFO: User authenticated via bearer token {"user_id":68,"user_email":"freelancerzahedcreator@gmail.com"} 
[2026-05-16 08:18:28] local.INFO: ParseBearerToken middleware invoked {"path":"/api/v2/creator/profile","method":"GET","has_auth_header":true,"auth_header_preview":"Bearer 168|i1Pfn62igXMWcFgvLcI...","is_bearer":true} 
[2026-05-16 08:18:28] local.INFO: Extracted bearer token {"token_preview":"168|i1Pfn6...","token_length":52} 
[2026-05-16 08:18:28] local.INFO: Found personal access token {"token_id":168,"user_id":68,"revoked":null} 
[2026-05-16 08:18:28] local.INFO: User authenticated via bearer token {"user_id":68,"user_email":"freelancerzahedcreator@gmail.com"} 
[2026-05-16 08:18:59] local.INFO: ParseBearerToken middleware invoked {"path":"/api/v2/creator/profile","method":"GET","has_auth_header":true,"auth_header_preview":"Bearer 168|i1Pfn62igXMWcFgvLcI...","is_bearer":true} 
[2026-05-16 08:18:59] local.INFO: Extracted bearer token {"token_preview":"168|i1Pfn6...","token_length":52} 
[2026-05-16 08:18:59] local.INFO: Found personal access token {"token_id":168,"user_id":68,"revoked":null} 
[2026-05-16 08:18:59] local.INFO: User authenticated via bearer token {"user_id":68,"user_email":"freelancerzahedcreator@gmail.com"} 
[2026-05-16 08:19:29] local.INFO: ParseBearerToken middleware invoked {"path":"/api/v2/creator/profile","method":"GET","has_auth_header":true,"auth_header_preview":"Bearer 168|i1Pfn62igXMWcFgvLcI...","is_bearer":true} 
[2026-05-16 08:19:29] local.INFO: Extracted bearer token {"token_preview":"168|i1Pfn6...","token_length":52} 
[2026-05-16 08:19:29] local.INFO: Found personal access token {"token_id":168,"user_id":68,"revoked":null} 
[2026-05-16 08:19:29] local.INFO: User authenticated via bearer token {"user_id":68,"user_email":"freelancerzahedcreator@gmail.com"} 
[2026-05-16 08:19:59] local.INFO: ParseBearerToken middleware invoked {"path":"/api/v2/creator/profile","method":"GET","has_auth_header":true,"auth_header_preview":"Bearer 168|i1Pfn62igXMWcFgvLcI...","is_bearer":true} 
[2026-05-16 08:19:59] local.INFO: Extracted bearer token {"token_preview":"168|i1Pfn6...","token_length":52} 
[2026-05-16 08:19:59] local.INFO: Found personal access token {"token_id":168,"user_id":68,"revoked":null} 
[2026-05-16 08:19:59] local.INFO: User authenticated via bearer token {"user_id":68,"user_email":"freelancerzahedcreator@gmail.com"} 
[2026-05-16 08:20:29] local.INFO: ParseBearerToken middleware invoked {"path":"/api/v2/creator/profile","method":"GET","has_auth_header":true,"auth_header_preview":"Bearer 168|i1Pfn62igXMWcFgvLcI...","is_bearer":true} 
[2026-05-16 08:20:29] local.INFO: Extracted bearer token {"token_preview":"168|i1Pfn6...","token_length":52} 
[2026-05-16 08:20:29] local.INFO: Found personal access token {"token_id":168,"user_id":68,"revoked":null} 
[2026-05-16 08:20:29] local.INFO: User authenticated via bearer token {"user_id":68,"user_email":"freelancerzahedcreator@gmail.com"} 
[2026-05-16 08:20:59] local.INFO: ParseBearerToken middleware invoked {"path":"/api/v2/creator/profile","method":"GET","has_auth_header":true,"auth_header_preview":"Bearer 168|i1Pfn62igXMWcFgvLcI...","is_bearer":true} 
[2026-05-16 08:20:59] local.INFO: Extracted bearer token {"token_preview":"168|i1Pfn6...","token_length":52} 
[2026-05-16 08:20:59] local.INFO: Found personal access token {"token_id":168,"user_id":68,"revoked":null} 
[2026-05-16 08:20:59] local.INFO: User authenticated via bearer token {"user_id":68,"user_email":"freelancerzahedcreator@gmail.com"} 
[2026-05-16 08:21:29] local.INFO: ParseBearerToken middleware invoked {"path":"/api/v2/creator/profile","method":"GET","has_auth_header":true,"auth_header_preview":"Bearer 168|i1Pfn62igXMWcFgvLcI...","is_bearer":true} 
[2026-05-16 08:21:29] local.INFO: Extracted bearer token {"token_preview":"168|i1Pfn6...","token_length":52} 
[2026-05-16 08:21:29] local.INFO: Found personal access token {"token_id":168,"user_id":68,"revoked":null} 
[2026-05-16 08:21:29] local.INFO: User authenticated via bearer token {"user_id":68,"user_email":"freelancerzahedcreator@gmail.com"} 
[2026-05-16 08:21:58] local.INFO: ParseBearerToken middleware invoked {"path":"/api/v2/creator/profile","method":"GET","has_auth_header":true,"auth_header_preview":"Bearer 168|i1Pfn62igXMWcFgvLcI...","is_bearer":true} 
[2026-05-16 08:21:58] local.INFO: Extracted bearer token {"token_preview":"168|i1Pfn6...","token_length":52} 
[2026-05-16 08:21:58] local.INFO: Found personal access token {"token_id":168,"user_id":68,"revoked":null} 
[2026-05-16 08:21:58] local.INFO: User authenticated via bearer token {"user_id":68,"user_email":"freelancerzahedcreator@gmail.com"} 
[2026-05-16 08:22:29] local.INFO: ParseBearerToken middleware invoked {"path":"/api/v2/creator/profile","method":"GET","has_auth_header":true,"auth_header_preview":"Bearer 168|i1Pfn62igXMWcFgvLcI...","is_bearer":true} 
[2026-05-16 08:22:29] local.INFO: Extracted bearer token {"token_preview":"168|i1Pfn6...","token_length":52} 
[2026-05-16 08:22:29] local.INFO: Found personal access token {"token_id":168,"user_id":68,"revoked":null} 
[2026-05-16 08:22:29] local.INFO: User authenticated via bearer token {"user_id":68,"user_email":"freelancerzahedcreator@gmail.com"} 
[2026-05-16 08:22:59] local.INFO: ParseBearerToken middleware invoked {"path":"/api/v2/creator/profile","method":"GET","has_auth_header":true,"auth_header_preview":"Bearer 168|i1Pfn62igXMWcFgvLcI...","is_bearer":true} 
[2026-05-16 08:22:59] local.INFO: Extracted bearer token {"token_preview":"168|i1Pfn6...","token_length":52} 
[2026-05-16 08:22:59] local.INFO: Found personal access token {"token_id":168,"user_id":68,"revoked":null} 
[2026-05-16 08:22:59] local.INFO: User authenticated via bearer token {"user_id":68,"user_email":"freelancerzahedcreator@gmail.com"} 
[2026-05-16 08:23:29] local.INFO: ParseBearerToken middleware invoked {"path":"/api/v2/creator/profile","method":"GET","has_auth_header":true,"auth_header_preview":"Bearer 168|i1Pfn62igXMWcFgvLcI...","is_bearer":true} 
[2026-05-16 08:23:29] local.INFO: Extracted bearer token {"token_preview":"168|i1Pfn6...","token_length":52} 
[2026-05-16 08:23:29] local.INFO: Found personal access token {"token_id":168,"user_id":68,"revoked":null} 
[2026-05-16 08:23:29] local.INFO: User authenticated via bearer token {"user_id":68,"user_email":"freelancerzahedcreator@gmail.com"} 
[2026-05-16 08:23:59] local.INFO: ParseBearerToken middleware invoked {"path":"/api/v2/creator/profile","method":"GET","has_auth_header":true,"auth_header_preview":"Bearer 168|i1Pfn62igXMWcFgvLcI...","is_bearer":true} 
[2026-05-16 08:23:59] local.INFO: Extracted bearer token {"token_preview":"168|i1Pfn6...","token_length":52} 
[2026-05-16 08:23:59] local.INFO: Found personal access token {"token_id":168,"user_id":68,"revoked":null} 
[2026-05-16 08:23:59] local.INFO: User authenticated via bearer token {"user_id":68,"user_email":"freelancerzahedcreator@gmail.com"} 
[2026-05-16 08:24:29] local.INFO: ParseBearerToken middleware invoked {"path":"/api/v2/creator/profile","method":"GET","has_auth_header":true,"auth_header_preview":"Bearer 168|i1Pfn62igXMWcFgvLcI...","is_bearer":true} 
[2026-05-16 08:24:29] local.INFO: Extracted bearer token {"token_preview":"168|i1Pfn6...","token_length":52} 
[2026-05-16 08:24:29] local.INFO: Found personal access token {"token_id":168,"user_id":68,"revoked":null} 
[2026-05-16 08:24:29] local.INFO: User authenticated via bearer token {"user_id":68,"user_email":"freelancerzahedcreator@gmail.com"} 
[2026-05-16 08:24:58] local.INFO: ParseBearerToken middleware invoked {"path":"/api/v2/creator/profile","method":"GET","has_auth_header":true,"auth_header_preview":"Bearer 168|i1Pfn62igXMWcFgvLcI...","is_bearer":true} 
[2026-05-16 08:24:58] local.INFO: Extracted bearer token {"token_preview":"168|i1Pfn6...","token_length":52} 
[2026-05-16 08:24:58] local.INFO: Found personal access token {"token_id":168,"user_id":68,"revoked":null} 
[2026-05-16 08:24:58] local.INFO: User authenticated via bearer token {"user_id":68,"user_email":"freelancerzahedcreator@gmail.com"} 
[2026-05-16 08:25:29] local.INFO: ParseBearerToken middleware invoked {"path":"/api/v2/creator/profile","method":"GET","has_auth_header":true,"auth_header_preview":"Bearer 168|i1Pfn62igXMWcFgvLcI...","is_bearer":true} 
[2026-05-16 08:25:29] local.INFO: Extracted bearer token {"token_preview":"168|i1Pfn6...","token_length":52} 
[2026-05-16 08:25:29] local.INFO: Found personal access token {"token_id":168,"user_id":68,"revoked":null} 
[2026-05-16 08:25:29] local.INFO: User authenticated via bearer token {"user_id":68,"user_email":"freelancerzahedcreator@gmail.com"} 
[2026-05-16 08:25:58] local.INFO: ParseBearerToken middleware invoked {"path":"/api/v2/creator/profile","method":"GET","has_auth_header":true,"auth_header_preview":"Bearer 168|i1Pfn62igXMWcFgvLcI...","is_bearer":true} 
[2026-05-16 08:25:58] local.INFO: Extracted bearer token {"token_preview":"168|i1Pfn6...","token_length":52} 
[2026-05-16 08:25:58] local.INFO: Found personal access token {"token_id":168,"user_id":68,"revoked":null} 
[2026-05-16 08:25:58] local.INFO: User authenticated via bearer token {"user_id":68,"user_email":"freelancerzahedcreator@gmail.com"} 
[2026-05-16 08:26:29] local.INFO: ParseBearerToken middleware invoked {"path":"/api/v2/creator/profile","method":"GET","has_auth_header":true,"auth_header_preview":"Bearer 168|i1Pfn62igXMWcFgvLcI...","is_bearer":true} 
[2026-05-16 08:26:29] local.INFO: Extracted bearer token {"token_preview":"168|i1Pfn6...","token_length":52} 
[2026-05-16 08:26:29] local.INFO: Found personal access token {"token_id":168,"user_id":68,"revoked":null} 
[2026-05-16 08:26:29] local.INFO: User authenticated via bearer token {"user_id":68,"user_email":"freelancerzahedcreator@gmail.com"} 
[2026-05-16 08:26:58] local.INFO: ParseBearerToken middleware invoked {"path":"/api/v2/creator/profile","method":"GET","has_auth_header":true,"auth_header_preview":"Bearer 168|i1Pfn62igXMWcFgvLcI...","is_bearer":true} 
[2026-05-16 08:26:58] local.INFO: Extracted bearer token {"token_preview":"168|i1Pfn6...","token_length":52} 
[2026-05-16 08:26:58] local.INFO: Found personal access token {"token_id":168,"user_id":68,"revoked":null} 
[2026-05-16 08:26:58] local.INFO: User authenticated via bearer token {"user_id":68,"user_email":"freelancerzahedcreator@gmail.com"} 
[2026-05-16 08:27:29] local.INFO: ParseBearerToken middleware invoked {"path":"/api/v2/creator/profile","method":"GET","has_auth_header":true,"auth_header_preview":"Bearer 168|i1Pfn62igXMWcFgvLcI...","is_bearer":true} 
[2026-05-16 08:27:29] local.INFO: Extracted bearer token {"token_preview":"168|i1Pfn6...","token_length":52} 
[2026-05-16 08:27:29] local.INFO: Found personal access token {"token_id":168,"user_id":68,"revoked":null} 
[2026-05-16 08:27:29] local.INFO: User authenticated via bearer token {"user_id":68,"user_email":"freelancerzahedcreator@gmail.com"} 
[2026-05-16 08:27:59] local.INFO: ParseBearerToken middleware invoked {"path":"/api/v2/creator/profile","method":"GET","has_auth_header":true,"auth_header_preview":"Bearer 168|i1Pfn62igXMWcFgvLcI...","is_bearer":true} 
[2026-05-16 08:27:59] local.INFO: Extracted bearer token {"token_preview":"168|i1Pfn6...","token_length":52} 
[2026-05-16 08:27:59] local.INFO: Found personal access token {"token_id":168,"user_id":68,"revoked":null} 
[2026-05-16 08:27:59] local.INFO: User authenticated via bearer token {"user_id":68,"user_email":"freelancerzahedcreator@gmail.com"} 
[2026-05-16 08:28:29] local.INFO: ParseBearerToken middleware invoked {"path":"/api/v2/creator/profile","method":"GET","has_auth_header":true,"auth_header_preview":"Bearer 168|i1Pfn62igXMWcFgvLcI...","is_bearer":true} 
[2026-05-16 08:28:29] local.INFO: Extracted bearer token {"token_preview":"168|i1Pfn6...","token_length":52} 
[2026-05-16 08:28:29] local.INFO: Found personal access token {"token_id":168,"user_id":68,"revoked":null} 
[2026-05-16 08:28:29] local.INFO: User authenticated via bearer token {"user_id":68,"user_email":"freelancerzahedcreator@gmail.com"} 
[2026-05-16 08:28:59] local.INFO: ParseBearerToken middleware invoked {"path":"/api/v2/creator/profile","method":"GET","has_auth_header":true,"auth_header_preview":"Bearer 168|i1Pfn62igXMWcFgvLcI...","is_bearer":true} 
[2026-05-16 08:28:59] local.INFO: Extracted bearer token {"token_preview":"168|i1Pfn6...","token_length":52} 
[2026-05-16 08:28:59] local.INFO: Found personal access token {"token_id":168,"user_id":68,"revoked":null} 
[2026-05-16 08:28:59] local.INFO: User authenticated via bearer token {"user_id":68,"user_email":"freelancerzahedcreator@gmail.com"} 
[2026-05-16 08:29:29] local.INFO: ParseBearerToken middleware invoked {"path":"/api/v2/creator/profile","method":"GET","has_auth_header":true,"auth_header_preview":"Bearer 168|i1Pfn62igXMWcFgvLcI...","is_bearer":true} 
[2026-05-16 08:29:29] local.INFO: Extracted bearer token {"token_preview":"168|i1Pfn6...","token_length":52} 
[2026-05-16 08:29:29] local.INFO: Found personal access token {"token_id":168,"user_id":68,"revoked":null} 
[2026-05-16 08:29:29] local.INFO: User authenticated via bearer token {"user_id":68,"user_email":"freelancerzahedcreator@gmail.com"} 
[2026-05-16 08:29:59] local.INFO: ParseBearerToken middleware invoked {"path":"/api/v2/creator/profile","method":"GET","has_auth_header":true,"auth_header_preview":"Bearer 168|i1Pfn62igXMWcFgvLcI...","is_bearer":true} 
[2026-05-16 08:29:59] local.INFO: Extracted bearer token {"token_preview":"168|i1Pfn6...","token_length":52} 
[2026-05-16 08:29:59] local.INFO: Found personal access token {"token_id":168,"user_id":68,"revoked":null} 
[2026-05-16 08:29:59] local.INFO: User authenticated via bearer token {"user_id":68,"user_email":"freelancerzahedcreator@gmail.com"} 
[2026-05-16 08:30:29] local.INFO: ParseBearerToken middleware invoked {"path":"/api/v2/creator/profile","method":"GET","has_auth_header":true,"auth_header_preview":"Bearer 168|i1Pfn62igXMWcFgvLcI...","is_bearer":true} 
[2026-05-16 08:30:29] local.INFO: Extracted bearer token {"token_preview":"168|i1Pfn6...","token_length":52} 
[2026-05-16 08:30:29] local.INFO: Found personal access token {"token_id":168,"user_id":68,"revoked":null} 
[2026-05-16 08:30:29] local.INFO: User authenticated via bearer token {"user_id":68,"user_email":"freelancerzahedcreator@gmail.com"} 
[2026-05-16 08:30:59] local.INFO: ParseBearerToken middleware invoked {"path":"/api/v2/creator/profile","method":"GET","has_auth_header":true,"auth_header_preview":"Bearer 168|i1Pfn62igXMWcFgvLcI...","is_bearer":true} 
[2026-05-16 08:30:59] local.INFO: Extracted bearer token {"token_preview":"168|i1Pfn6...","token_length":52} 
[2026-05-16 08:30:59] local.INFO: Found personal access token {"token_id":168,"user_id":68,"revoked":null} 
[2026-05-16 08:30:59] local.INFO: User authenticated via bearer token {"user_id":68,"user_email":"freelancerzahedcreator@gmail.com"} 
[2026-05-16 08:31:29] local.INFO: ParseBearerToken middleware invoked {"path":"/api/v2/creator/profile","method":"GET","has_auth_header":true,"auth_header_preview":"Bearer 168|i1Pfn62igXMWcFgvLcI...","is_bearer":true} 
[2026-05-16 08:31:29] local.INFO: Extracted bearer token {"token_preview":"168|i1Pfn6...","token_length":52} 
[2026-05-16 08:31:29] local.INFO: Found personal access token {"token_id":168,"user_id":68,"revoked":null} 
[2026-05-16 08:31:29] local.INFO: User authenticated via bearer token {"user_id":68,"user_email":"freelancerzahedcreator@gmail.com"} 
[2026-05-16 08:31:58] local.INFO: ParseBearerToken middleware invoked {"path":"/api/v2/creator/profile","method":"GET","has_auth_header":true,"auth_header_preview":"Bearer 168|i1Pfn62igXMWcFgvLcI...","is_bearer":true} 
[2026-05-16 08:31:58] local.INFO: Extracted bearer token {"token_preview":"168|i1Pfn6...","token_length":52} 
[2026-05-16 08:31:58] local.INFO: Found personal access token {"token_id":168,"user_id":68,"revoked":null} 
[2026-05-16 08:31:58] local.INFO: User authenticated via bearer token {"user_id":68,"user_email":"freelancerzahedcreator@gmail.com"} 
[2026-05-16 08:32:29] local.INFO: ParseBearerToken middleware invoked {"path":"/api/v2/creator/profile","method":"GET","has_auth_header":true,"auth_header_preview":"Bearer 168|i1Pfn62igXMWcFgvLcI...","is_bearer":true} 
[2026-05-16 08:32:29] local.INFO: Extracted bearer token {"token_preview":"168|i1Pfn6...","token_length":52} 
[2026-05-16 08:32:29] local.INFO: Found personal access token {"token_id":168,"user_id":68,"revoked":null} 
[2026-05-16 08:32:29] local.INFO: User authenticated via bearer token {"user_id":68,"user_email":"freelancerzahedcreator@gmail.com"} 
[2026-05-16 08:32:58] local.INFO: ParseBearerToken middleware invoked {"path":"/api/v2/creator/profile","method":"GET","has_auth_header":true,"auth_header_preview":"Bearer 168|i1Pfn62igXMWcFgvLcI...","is_bearer":true} 
[2026-05-16 08:32:58] local.INFO: Extracted bearer token {"token_preview":"168|i1Pfn6...","token_length":52} 
[2026-05-16 08:32:58] local.INFO: Found personal access token {"token_id":168,"user_id":68,"revoked":null} 
[2026-05-16 08:32:58] local.INFO: User authenticated via bearer token {"user_id":68,"user_email":"freelancerzahedcreator@gmail.com"} 
[2026-05-16 08:33:29] local.INFO: ParseBearerToken middleware invoked {"path":"/api/v2/creator/profile","method":"GET","has_auth_header":true,"auth_header_preview":"Bearer 168|i1Pfn62igXMWcFgvLcI...","is_bearer":true} 
[2026-05-16 08:33:29] local.INFO: Extracted bearer token {"token_preview":"168|i1Pfn6...","token_length":52} 
[2026-05-16 08:33:29] local.INFO: Found personal access token {"token_id":168,"user_id":68,"revoked":null} 
[2026-05-16 08:33:29] local.INFO: User authenticated via bearer token {"user_id":68,"user_email":"freelancerzahedcreator@gmail.com"} 
[2026-05-16 08:33:59] local.INFO: ParseBearerToken middleware invoked {"path":"/api/v2/creator/profile","method":"GET","has_auth_header":true,"auth_header_preview":"Bearer 168|i1Pfn62igXMWcFgvLcI...","is_bearer":true} 
[2026-05-16 08:33:59] local.INFO: Extracted bearer token {"token_preview":"168|i1Pfn6...","token_length":52} 
[2026-05-16 08:33:59] local.INFO: Found personal access token {"token_id":168,"user_id":68,"revoked":null} 
[2026-05-16 08:33:59] local.INFO: User authenticated via bearer token {"user_id":68,"user_email":"freelancerzahedcreator@gmail.com"} 
[2026-05-16 08:34:28] local.INFO: ParseBearerToken middleware invoked {"path":"/api/v2/creator/profile","method":"GET","has_auth_header":true,"auth_header_preview":"Bearer 168|i1Pfn62igXMWcFgvLcI...","is_bearer":true} 
[2026-05-16 08:34:28] local.INFO: Extracted bearer token {"token_preview":"168|i1Pfn6...","token_length":52} 
[2026-05-16 08:34:28] local.INFO: Found personal access token {"token_id":168,"user_id":68,"revoked":null} 
[2026-05-16 08:34:28] local.INFO: User authenticated via bearer token {"user_id":68,"user_email":"freelancerzahedcreator@gmail.com"} 
[2026-05-16 08:34:59] local.INFO: ParseBearerToken middleware invoked {"path":"/api/v2/creator/profile","method":"GET","has_auth_header":true,"auth_header_preview":"Bearer 168|i1Pfn62igXMWcFgvLcI...","is_bearer":true} 
[2026-05-16 08:34:59] local.INFO: Extracted bearer token {"token_preview":"168|i1Pfn6...","token_length":52} 
[2026-05-16 08:34:59] local.INFO: Found personal access token {"token_id":168,"user_id":68,"revoked":null} 
[2026-05-16 08:34:59] local.INFO: User authenticated via bearer token {"user_id":68,"user_email":"freelancerzahedcreator@gmail.com"} 
[2026-05-16 08:35:29] local.INFO: ParseBearerToken middleware invoked {"path":"/api/v2/creator/profile","method":"GET","has_auth_header":true,"auth_header_preview":"Bearer 168|i1Pfn62igXMWcFgvLcI...","is_bearer":true} 
[2026-05-16 08:35:29] local.INFO: Extracted bearer token {"token_preview":"168|i1Pfn6...","token_length":52} 
[2026-05-16 08:35:29] local.INFO: Found personal access token {"token_id":168,"user_id":68,"revoked":null} 
[2026-05-16 08:35:29] local.INFO: User authenticated via bearer token {"user_id":68,"user_email":"freelancerzahedcreator@gmail.com"} 
[2026-05-16 08:35:59] local.INFO: ParseBearerToken middleware invoked {"path":"/api/v2/creator/profile","method":"GET","has_auth_header":true,"auth_header_preview":"Bearer 168|i1Pfn62igXMWcFgvLcI...","is_bearer":true} 
[2026-05-16 08:35:59] local.INFO: Extracted bearer token {"token_preview":"168|i1Pfn6...","token_length":52} 
[2026-05-16 08:35:59] local.INFO: Found personal access token {"token_id":168,"user_id":68,"revoked":null} 
[2026-05-16 08:35:59] local.INFO: User authenticated via bearer token {"user_id":68,"user_email":"freelancerzahedcreator@gmail.com"} 
[2026-05-16 08:36:29] local.INFO: ParseBearerToken middleware invoked {"path":"/api/v2/creator/profile","method":"GET","has_auth_header":true,"auth_header_preview":"Bearer 168|i1Pfn62igXMWcFgvLcI...","is_bearer":true} 
[2026-05-16 08:36:29] local.INFO: Extracted bearer token {"token_preview":"168|i1Pfn6...","token_length":52} 
[2026-05-16 08:36:29] local.INFO: Found personal access token {"token_id":168,"user_id":68,"revoked":null} 
[2026-05-16 08:36:29] local.INFO: User authenticated via bearer token {"user_id":68,"user_email":"freelancerzahedcreator@gmail.com"} 
[2026-05-16 08:36:59] local.INFO: ParseBearerToken middleware invoked {"path":"/api/v2/creator/profile","method":"GET","has_auth_header":true,"auth_header_preview":"Bearer 168|i1Pfn62igXMWcFgvLcI...","is_bearer":true} 
[2026-05-16 08:36:59] local.INFO: Extracted bearer token {"token_preview":"168|i1Pfn6...","token_length":52} 
[2026-05-16 08:36:59] local.INFO: Found personal access token {"token_id":168,"user_id":68,"revoked":null} 
[2026-05-16 08:36:59] local.INFO: User authenticated via bearer token {"user_id":68,"user_email":"freelancerzahedcreator@gmail.com"} 
[2026-05-16 08:37:29] local.INFO: ParseBearerToken middleware invoked {"path":"/api/v2/creator/profile","method":"GET","has_auth_header":true,"auth_header_preview":"Bearer 168|i1Pfn62igXMWcFgvLcI...","is_bearer":true} 
[2026-05-16 08:37:29] local.INFO: Extracted bearer token {"token_preview":"168|i1Pfn6...","token_length":52} 
[2026-05-16 08:37:29] local.INFO: Found personal access token {"token_id":168,"user_id":68,"revoked":null} 
[2026-05-16 08:37:29] local.INFO: User authenticated via bearer token {"user_id":68,"user_email":"freelancerzahedcreator@gmail.com"} 
[2026-05-16 08:37:58] local.INFO: ParseBearerToken middleware invoked {"path":"/api/v2/creator/profile","method":"GET","has_auth_header":true,"auth_header_preview":"Bearer 168|i1Pfn62igXMWcFgvLcI...","is_bearer":true} 
[2026-05-16 08:37:58] local.INFO: Extracted bearer token {"token_preview":"168|i1Pfn6...","token_length":52} 
[2026-05-16 08:37:58] local.INFO: Found personal access token {"token_id":168,"user_id":68,"revoked":null} 
[2026-05-16 08:37:59] local.INFO: User authenticated via bearer token {"user_id":68,"user_email":"freelancerzahedcreator@gmail.com"} 
[2026-05-16 08:38:29] local.INFO: ParseBearerToken middleware invoked {"path":"/api/v2/creator/profile","method":"GET","has_auth_header":true,"auth_header_preview":"Bearer 168|i1Pfn62igXMWcFgvLcI...","is_bearer":true} 
[2026-05-16 08:38:29] local.INFO: Extracted bearer token {"token_preview":"168|i1Pfn6...","token_length":52} 
[2026-05-16 08:38:29] local.INFO: Found personal access token {"token_id":168,"user_id":68,"revoked":null} 
[2026-05-16 08:38:29] local.INFO: User authenticated via bearer token {"user_id":68,"user_email":"freelancerzahedcreator@gmail.com"} 
[2026-05-16 08:38:58] local.INFO: ParseBearerToken middleware invoked {"path":"/api/v2/creator/profile","method":"GET","has_auth_header":true,"auth_header_preview":"Bearer 168|i1Pfn62igXMWcFgvLcI...","is_bearer":true} 
[2026-05-16 08:38:58] local.INFO: Extracted bearer token {"token_preview":"168|i1Pfn6...","token_length":52} 
[2026-05-16 08:38:58] local.INFO: Found personal access token {"token_id":168,"user_id":68,"revoked":null} 
[2026-05-16 08:38:58] local.INFO: User authenticated via bearer token {"user_id":68,"user_email":"freelancerzahedcreator@gmail.com"} 
[2026-05-16 08:39:28] local.INFO: ParseBearerToken middleware invoked {"path":"/api/v2/creator/profile","method":"GET","has_auth_header":true,"auth_header_preview":"Bearer 168|i1Pfn62igXMWcFgvLcI...","is_bearer":true} 
[2026-05-16 08:39:28] local.INFO: Extracted bearer token {"token_preview":"168|i1Pfn6...","token_length":52} 
[2026-05-16 08:39:28] local.INFO: Found personal access token {"token_id":168,"user_id":68,"revoked":null} 
[2026-05-16 08:39:28] local.INFO: User authenticated via bearer token {"user_id":68,"user_email":"freelancerzahedcreator@gmail.com"} 
[2026-05-16 08:39:59] local.INFO: ParseBearerToken middleware invoked {"path":"/api/v2/creator/profile","method":"GET","has_auth_header":true,"auth_header_preview":"Bearer 168|i1Pfn62igXMWcFgvLcI...","is_bearer":true} 
[2026-05-16 08:39:59] local.INFO: Extracted bearer token {"token_preview":"168|i1Pfn6...","token_length":52} 
[2026-05-16 08:39:59] local.INFO: Found personal access token {"token_id":168,"user_id":68,"revoked":null} 
[2026-05-16 08:39:59] local.INFO: User authenticated via bearer token {"user_id":68,"user_email":"freelancerzahedcreator@gmail.com"} 
[2026-05-16 08:40:28] local.INFO: ParseBearerToken middleware invoked {"path":"/api/v2/creator/profile","method":"GET","has_auth_header":true,"auth_header_preview":"Bearer 168|i1Pfn62igXMWcFgvLcI...","is_bearer":true} 
[2026-05-16 08:40:28] local.INFO: Extracted bearer token {"token_preview":"168|i1Pfn6...","token_length":52} 
[2026-05-16 08:40:28] local.INFO: Found personal access token {"token_id":168,"user_id":68,"revoked":null} 
[2026-05-16 08:40:28] local.INFO: User authenticated via bearer token {"user_id":68,"user_email":"freelancerzahedcreator@gmail.com"} 
[2026-05-16 08:40:59] local.INFO: ParseBearerToken middleware invoked {"path":"/api/v2/creator/profile","method":"GET","has_auth_header":true,"auth_header_preview":"Bearer 168|i1Pfn62igXMWcFgvLcI...","is_bearer":true} 
[2026-05-16 08:40:59] local.INFO: Extracted bearer token {"token_preview":"168|i1Pfn6...","token_length":52} 
[2026-05-16 08:40:59] local.INFO: Found personal access token {"token_id":168,"user_id":68,"revoked":null} 
[2026-05-16 08:40:59] local.INFO: User authenticated via bearer token {"user_id":68,"user_email":"freelancerzahedcreator@gmail.com"} 
[2026-05-16 08:41:29] local.INFO: ParseBearerToken middleware invoked {"path":"/api/v2/creator/profile","method":"GET","has_auth_header":true,"auth_header_preview":"Bearer 168|i1Pfn62igXMWcFgvLcI...","is_bearer":true} 
[2026-05-16 08:41:29] local.INFO: Extracted bearer token {"token_preview":"168|i1Pfn6...","token_length":52} 
[2026-05-16 08:41:29] local.INFO: Found personal access token {"token_id":168,"user_id":68,"revoked":null} 
[2026-05-16 08:41:29] local.INFO: User authenticated via bearer token {"user_id":68,"user_email":"freelancerzahedcreator@gmail.com"} 
[2026-05-16 08:41:58] local.INFO: ParseBearerToken middleware invoked {"path":"/api/v2/creator/profile","method":"GET","has_auth_header":true,"auth_header_preview":"Bearer 168|i1Pfn62igXMWcFgvLcI...","is_bearer":true} 
[2026-05-16 08:41:58] local.INFO: Extracted bearer token {"token_preview":"168|i1Pfn6...","token_length":52} 
[2026-05-16 08:41:58] local.INFO: Found personal access token {"token_id":168,"user_id":68,"revoked":null} 
[2026-05-16 08:41:58] local.INFO: User authenticated via bearer token {"user_id":68,"user_email":"freelancerzahedcreator@gmail.com"} 
[2026-05-16 08:42:29] local.INFO: ParseBearerToken middleware invoked {"path":"/api/v2/creator/profile","method":"GET","has_auth_header":true,"auth_header_preview":"Bearer 168|i1Pfn62igXMWcFgvLcI...","is_bearer":true} 
[2026-05-16 08:42:29] local.INFO: Extracted bearer token {"token_preview":"168|i1Pfn6...","token_length":52} 
[2026-05-16 08:42:29] local.INFO: Found personal access token {"token_id":168,"user_id":68,"revoked":null} 
[2026-05-16 08:42:29] local.INFO: User authenticated via bearer token {"user_id":68,"user_email":"freelancerzahedcreator@gmail.com"} 
[2026-05-16 08:42:59] local.INFO: ParseBearerToken middleware invoked {"path":"/api/v2/creator/profile","method":"GET","has_auth_header":true,"auth_header_preview":"Bearer 168|i1Pfn62igXMWcFgvLcI...","is_bearer":true} 
[2026-05-16 08:42:59] local.INFO: Extracted bearer token {"token_preview":"168|i1Pfn6...","token_length":52} 
[2026-05-16 08:42:59] local.INFO: Found personal access token {"token_id":168,"user_id":68,"revoked":null} 
[2026-05-16 08:42:59] local.INFO: User authenticated via bearer token {"user_id":68,"user_email":"freelancerzahedcreator@gmail.com"} 
[2026-05-16 08:43:29] local.INFO: ParseBearerToken middleware invoked {"path":"/api/v2/creator/profile","method":"GET","has_auth_header":true,"auth_header_preview":"Bearer 168|i1Pfn62igXMWcFgvLcI...","is_bearer":true} 
[2026-05-16 08:43:29] local.INFO: Extracted bearer token {"token_preview":"168|i1Pfn6...","token_length":52} 
[2026-05-16 08:43:29] local.INFO: Found personal access token {"token_id":168,"user_id":68,"revoked":null} 
[2026-05-16 08:43:29] local.INFO: User authenticated via bearer token {"user_id":68,"user_email":"freelancerzahedcreator@gmail.com"} 
[2026-05-16 08:43:58] local.INFO: ParseBearerToken middleware invoked {"path":"/api/v2/creator/profile","method":"GET","has_auth_header":true,"auth_header_preview":"Bearer 168|i1Pfn62igXMWcFgvLcI...","is_bearer":true} 
[2026-05-16 08:43:58] local.INFO: Extracted bearer token {"token_preview":"168|i1Pfn6...","token_length":52} 
[2026-05-16 08:43:58] local.INFO: Found personal access token {"token_id":168,"user_id":68,"revoked":null} 
[2026-05-16 08:43:58] local.INFO: User authenticated via bearer token {"user_id":68,"user_email":"freelancerzahedcreator@gmail.com"} 
[2026-05-16 08:44:29] local.INFO: ParseBearerToken middleware invoked {"path":"/api/v2/creator/profile","method":"GET","has_auth_header":true,"auth_header_preview":"Bearer 168|i1Pfn62igXMWcFgvLcI...","is_bearer":true} 
[2026-05-16 08:44:29] local.INFO: Extracted bearer token {"token_preview":"168|i1Pfn6...","token_length":52} 
[2026-05-16 08:44:29] local.INFO: Found personal access token {"token_id":168,"user_id":68,"revoked":null} 
[2026-05-16 08:44:29] local.INFO: User authenticated via bearer token {"user_id":68,"user_email":"freelancerzahedcreator@gmail.com"} 
[2026-05-16 08:44:59] local.INFO: ParseBearerToken middleware invoked {"path":"/api/v2/creator/profile","method":"GET","has_auth_header":true,"auth_header_preview":"Bearer 168|i1Pfn62igXMWcFgvLcI...","is_bearer":true} 
[2026-05-16 08:44:59] local.INFO: Extracted bearer token {"token_preview":"168|i1Pfn6...","token_length":52} 
[2026-05-16 08:44:59] local.INFO: Found personal access token {"token_id":168,"user_id":68,"revoked":null} 
[2026-05-16 08:44:59] local.INFO: User authenticated via bearer token {"user_id":68,"user_email":"freelancerzahedcreator@gmail.com"} 
[2026-05-16 08:45:29] local.INFO: ParseBearerToken middleware invoked {"path":"/api/v2/creator/profile","method":"GET","has_auth_header":true,"auth_header_preview":"Bearer 168|i1Pfn62igXMWcFgvLcI...","is_bearer":true} 
[2026-05-16 08:45:29] local.INFO: Extracted bearer token {"token_preview":"168|i1Pfn6...","token_length":52} 
[2026-05-16 08:45:29] local.INFO: Found personal access token {"token_id":168,"user_id":68,"revoked":null} 
[2026-05-16 08:45:29] local.INFO: User authenticated via bearer token {"user_id":68,"user_email":"freelancerzahedcreator@gmail.com"} 
[2026-05-16 08:45:59] local.INFO: ParseBearerToken middleware invoked {"path":"/api/v2/creator/profile","method":"GET","has_auth_header":true,"auth_header_preview":"Bearer 168|i1Pfn62igXMWcFgvLcI...","is_bearer":true} 
[2026-05-16 08:45:59] local.INFO: Extracted bearer token {"token_preview":"168|i1Pfn6...","token_length":52} 
[2026-05-16 08:45:59] local.INFO: Found personal access token {"token_id":168,"user_id":68,"revoked":null} 
[2026-05-16 08:45:59] local.INFO: User authenticated via bearer token {"user_id":68,"user_email":"freelancerzahedcreator@gmail.com"} 
[2026-05-16 08:46:29] local.INFO: ParseBearerToken middleware invoked {"path":"/api/v2/creator/profile","method":"GET","has_auth_header":true,"auth_header_preview":"Bearer 168|i1Pfn62igXMWcFgvLcI...","is_bearer":true} 
[2026-05-16 08:46:29] local.INFO: Extracted bearer token {"token_preview":"168|i1Pfn6...","token_length":52} 
[2026-05-16 08:46:29] local.INFO: Found personal access token {"token_id":168,"user_id":68,"revoked":null} 
[2026-05-16 08:46:29] local.INFO: User authenticated via bearer token {"user_id":68,"user_email":"freelancerzahedcreator@gmail.com"} 
[2026-05-16 08:46:59] local.INFO: ParseBearerToken middleware invoked {"path":"/api/v2/creator/profile","method":"GET","has_auth_header":true,"auth_header_preview":"Bearer 168|i1Pfn62igXMWcFgvLcI...","is_bearer":true} 
[2026-05-16 08:46:59] local.INFO: Extracted bearer token {"token_preview":"168|i1Pfn6...","token_length":52} 
[2026-05-16 08:46:59] local.INFO: Found personal access token {"token_id":168,"user_id":68,"revoked":null} 
[2026-05-16 08:46:59] local.INFO: User authenticated via bearer token {"user_id":68,"user_email":"freelancerzahedcreator@gmail.com"} 
[2026-05-16 08:47:29] local.INFO: ParseBearerToken middleware invoked {"path":"/api/v2/creator/profile","method":"GET","has_auth_header":true,"auth_header_preview":"Bearer 168|i1Pfn62igXMWcFgvLcI...","is_bearer":true} 
[2026-05-16 08:47:29] local.INFO: Extracted bearer token {"token_preview":"168|i1Pfn6...","token_length":52} 
[2026-05-16 08:47:29] local.INFO: Found personal access token {"token_id":168,"user_id":68,"revoked":null} 
[2026-05-16 08:47:29] local.INFO: User authenticated via bearer token {"user_id":68,"user_email":"freelancerzahedcreator@gmail.com"} 
[2026-05-16 08:47:59] local.INFO: ParseBearerToken middleware invoked {"path":"/api/v2/creator/profile","method":"GET","has_auth_header":true,"auth_header_preview":"Bearer 168|i1Pfn62igXMWcFgvLcI...","is_bearer":true} 
[2026-05-16 08:47:59] local.INFO: Extracted bearer token {"token_preview":"168|i1Pfn6...","token_length":52} 
[2026-05-16 08:47:59] local.INFO: Found personal access token {"token_id":168,"user_id":68,"revoked":null} 
[2026-05-16 08:47:59] local.INFO: User authenticated via bearer token {"user_id":68,"user_email":"freelancerzahedcreator@gmail.com"} 
[2026-05-16 08:48:29] local.INFO: ParseBearerToken middleware invoked {"path":"/api/v2/creator/profile","method":"GET","has_auth_header":true,"auth_header_preview":"Bearer 168|i1Pfn62igXMWcFgvLcI...","is_bearer":true} 
[2026-05-16 08:48:29] local.INFO: Extracted bearer token {"token_preview":"168|i1Pfn6...","token_length":52} 
[2026-05-16 08:48:29] local.INFO: Found personal access token {"token_id":168,"user_id":68,"revoked":null} 
[2026-05-16 08:48:29] local.INFO: User authenticated via bearer token {"user_id":68,"user_email":"freelancerzahedcreator@gmail.com"} 
[2026-05-16 08:48:59] local.INFO: ParseBearerToken middleware invoked {"path":"/api/v2/creator/profile","method":"GET","has_auth_header":true,"auth_header_preview":"Bearer 168|i1Pfn62igXMWcFgvLcI...","is_bearer":true} 
[2026-05-16 08:48:59] local.INFO: Extracted bearer token {"token_preview":"168|i1Pfn6...","token_length":52} 
[2026-05-16 08:48:59] local.INFO: Found personal access token {"token_id":168,"user_id":68,"revoked":null} 
[2026-05-16 08:48:59] local.INFO: User authenticated via bearer token {"user_id":68,"user_email":"freelancerzahedcreator@gmail.com"} 
[2026-05-16 08:49:29] local.INFO: ParseBearerToken middleware invoked {"path":"/api/v2/creator/profile","method":"GET","has_auth_header":true,"auth_header_preview":"Bearer 168|i1Pfn62igXMWcFgvLcI...","is_bearer":true} 
[2026-05-16 08:49:29] local.INFO: Extracted bearer token {"token_preview":"168|i1Pfn6...","token_length":52} 
[2026-05-16 08:49:29] local.INFO: Found personal access token {"token_id":168,"user_id":68,"revoked":null} 
[2026-05-16 08:49:29] local.INFO: User authenticated via bearer token {"user_id":68,"user_email":"freelancerzahedcreator@gmail.com"} 
[2026-05-16 08:49:58] local.INFO: ParseBearerToken middleware invoked {"path":"/api/v2/creator/profile","method":"GET","has_auth_header":true,"auth_header_preview":"Bearer 168|i1Pfn62igXMWcFgvLcI...","is_bearer":true} 
[2026-05-16 08:49:58] local.INFO: Extracted bearer token {"token_preview":"168|i1Pfn6...","token_length":52} 
[2026-05-16 08:49:58] local.INFO: Found personal access token {"token_id":168,"user_id":68,"revoked":null} 
[2026-05-16 08:49:58] local.INFO: User authenticated via bearer token {"user_id":68,"user_email":"freelancerzahedcreator@gmail.com"} 
[2026-05-16 08:50:29] local.INFO: ParseBearerToken middleware invoked {"path":"/api/v2/creator/profile","method":"GET","has_auth_header":true,"auth_header_preview":"Bearer 168|i1Pfn62igXMWcFgvLcI...","is_bearer":true} 
[2026-05-16 08:50:29] local.INFO: Extracted bearer token {"token_preview":"168|i1Pfn6...","token_length":52} 
[2026-05-16 08:50:29] local.INFO: Found personal access token {"token_id":168,"user_id":68,"revoked":null} 
[2026-05-16 08:50:29] local.INFO: User authenticated via bearer token {"user_id":68,"user_email":"freelancerzahedcreator@gmail.com"} 
[2026-05-16 08:50:59] local.INFO: ParseBearerToken middleware invoked {"path":"/api/v2/creator/profile","method":"GET","has_auth_header":true,"auth_header_preview":"Bearer 168|i1Pfn62igXMWcFgvLcI...","is_bearer":true} 
[2026-05-16 08:50:59] local.INFO: Extracted bearer token {"token_preview":"168|i1Pfn6...","token_length":52} 
[2026-05-16 08:50:59] local.INFO: Found personal access token {"token_id":168,"user_id":68,"revoked":null} 
[2026-05-16 08:50:59] local.INFO: User authenticated via bearer token {"user_id":68,"user_email":"freelancerzahedcreator@gmail.com"} 
[2026-05-16 08:51:29] local.INFO: ParseBearerToken middleware invoked {"path":"/api/v2/creator/profile","method":"GET","has_auth_header":true,"auth_header_preview":"Bearer 168|i1Pfn62igXMWcFgvLcI...","is_bearer":true} 
[2026-05-16 08:51:29] local.INFO: Extracted bearer token {"token_preview":"168|i1Pfn6...","token_length":52} 
[2026-05-16 08:51:29] local.INFO: Found personal access token {"token_id":168,"user_id":68,"revoked":null} 
[2026-05-16 08:51:29] local.INFO: User authenticated via bearer token {"user_id":68,"user_email":"freelancerzahedcreator@gmail.com"} 
[2026-05-16 08:51:59] local.INFO: ParseBearerToken middleware invoked {"path":"/api/v2/creator/profile","method":"GET","has_auth_header":true,"auth_header_preview":"Bearer 168|i1Pfn62igXMWcFgvLcI...","is_bearer":true} 
[2026-05-16 08:51:59] local.INFO: Extracted bearer token {"token_preview":"168|i1Pfn6...","token_length":52} 
[2026-05-16 08:51:59] local.INFO: Found personal access token {"token_id":168,"user_id":68,"revoked":null} 
[2026-05-16 08:51:59] local.INFO: User authenticated via bearer token {"user_id":68,"user_email":"freelancerzahedcreator@gmail.com"} 
[2026-05-16 08:52:29] local.INFO: ParseBearerToken middleware invoked {"path":"/api/v2/creator/profile","method":"GET","has_auth_header":true,"auth_header_preview":"Bearer 168|i1Pfn62igXMWcFgvLcI...","is_bearer":true} 
[2026-05-16 08:52:29] local.INFO: Extracted bearer token {"token_preview":"168|i1Pfn6...","token_length":52} 
[2026-05-16 08:52:29] local.INFO: Found personal access token {"token_id":168,"user_id":68,"revoked":null} 
[2026-05-16 08:52:29] local.INFO: User authenticated via bearer token {"user_id":68,"user_email":"freelancerzahedcreator@gmail.com"} 
[2026-05-16 08:52:59] local.INFO: ParseBearerToken middleware invoked {"path":"/api/v2/creator/profile","method":"GET","has_auth_header":true,"auth_header_preview":"Bearer 168|i1Pfn62igXMWcFgvLcI...","is_bearer":true} 
[2026-05-16 08:52:59] local.INFO: Extracted bearer token {"token_preview":"168|i1Pfn6...","token_length":52} 
[2026-05-16 08:52:59] local.INFO: Found personal access token {"token_id":168,"user_id":68,"revoked":null} 
[2026-05-16 08:52:59] local.INFO: User authenticated via bearer token {"user_id":68,"user_email":"freelancerzahedcreator@gmail.com"} 
[2026-05-16 08:53:29] local.INFO: ParseBearerToken middleware invoked {"path":"/api/v2/creator/profile","method":"GET","has_auth_header":true,"auth_header_preview":"Bearer 168|i1Pfn62igXMWcFgvLcI...","is_bearer":true} 
[2026-05-16 08:53:29] local.INFO: Extracted bearer token {"token_preview":"168|i1Pfn6...","token_length":52} 
[2026-05-16 08:53:29] local.INFO: Found personal access token {"token_id":168,"user_id":68,"revoked":null} 
[2026-05-16 08:53:29] local.INFO: User authenticated via bearer token {"user_id":68,"user_email":"freelancerzahedcreator@gmail.com"} 
[2026-05-16 08:53:59] local.INFO: ParseBearerToken middleware invoked {"path":"/api/v2/creator/profile","method":"GET","has_auth_header":true,"auth_header_preview":"Bearer 168|i1Pfn62igXMWcFgvLcI...","is_bearer":true} 
[2026-05-16 08:53:59] local.INFO: Extracted bearer token {"token_preview":"168|i1Pfn6...","token_length":52} 
[2026-05-16 08:53:59] local.INFO: Found personal access token {"token_id":168,"user_id":68,"revoked":null} 
[2026-05-16 08:53:59] local.INFO: User authenticated via bearer token {"user_id":68,"user_email":"freelancerzahedcreator@gmail.com"} 
[2026-05-16 08:54:29] local.INFO: ParseBearerToken middleware invoked {"path":"/api/v2/creator/profile","method":"GET","has_auth_header":true,"auth_header_preview":"Bearer 168|i1Pfn62igXMWcFgvLcI...","is_bearer":true} 
[2026-05-16 08:54:29] local.INFO: Extracted bearer token {"token_preview":"168|i1Pfn6...","token_length":52} 
[2026-05-16 08:54:29] local.INFO: Found personal access token {"token_id":168,"user_id":68,"revoked":null} 
[2026-05-16 08:54:29] local.INFO: User authenticated via bearer token {"user_id":68,"user_email":"freelancerzahedcreator@gmail.com"} 
[2026-05-16 08:54:59] local.INFO: ParseBearerToken middleware invoked {"path":"/api/v2/creator/profile","method":"GET","has_auth_header":true,"auth_header_preview":"Bearer 168|i1Pfn62igXMWcFgvLcI...","is_bearer":true} 
[2026-05-16 08:54:59] local.INFO: Extracted bearer token {"token_preview":"168|i1Pfn6...","token_length":52} 
[2026-05-16 08:54:59] local.INFO: Found personal access token {"token_id":168,"user_id":68,"revoked":null} 
[2026-05-16 08:54:59] local.INFO: User authenticated via bearer token {"user_id":68,"user_email":"freelancerzahedcreator@gmail.com"} 
[2026-05-16 08:55:29] local.INFO: ParseBearerToken middleware invoked {"path":"/api/v2/creator/profile","method":"GET","has_auth_header":true,"auth_header_preview":"Bearer 168|i1Pfn62igXMWcFgvLcI...","is_bearer":true} 
[2026-05-16 08:55:29] local.INFO: Extracted bearer token {"token_preview":"168|i1Pfn6...","token_length":52} 
[2026-05-16 08:55:29] local.INFO: Found personal access token {"token_id":168,"user_id":68,"revoked":null} 
[2026-05-16 08:55:29] local.INFO: User authenticated via bearer token {"user_id":68,"user_email":"freelancerzahedcreator@gmail.com"} 
[2026-05-16 08:55:59] local.INFO: ParseBearerToken middleware invoked {"path":"/api/v2/creator/profile","method":"GET","has_auth_header":true,"auth_header_preview":"Bearer 168|i1Pfn62igXMWcFgvLcI...","is_bearer":true} 
[2026-05-16 08:55:59] local.INFO: Extracted bearer token {"token_preview":"168|i1Pfn6...","token_length":52} 
[2026-05-16 08:55:59] local.INFO: Found personal access token {"token_id":168,"user_id":68,"revoked":null} 
[2026-05-16 08:55:59] local.INFO: User authenticated via bearer token {"user_id":68,"user_email":"freelancerzahedcreator@gmail.com"} 
[2026-05-16 08:56:28] local.INFO: ParseBearerToken middleware invoked {"path":"/api/v2/creator/profile","method":"GET","has_auth_header":true,"auth_header_preview":"Bearer 168|i1Pfn62igXMWcFgvLcI...","is_bearer":true} 
[2026-05-16 08:56:28] local.INFO: Extracted bearer token {"token_preview":"168|i1Pfn6...","token_length":52} 
[2026-05-16 08:56:28] local.INFO: Found personal access token {"token_id":168,"user_id":68,"revoked":null} 
[2026-05-16 08:56:28] local.INFO: User authenticated via bearer token {"user_id":68,"user_email":"freelancerzahedcreator@gmail.com"} 
[2026-05-16 08:56:59] local.INFO: ParseBearerToken middleware invoked {"path":"/api/v2/creator/profile","method":"GET","has_auth_header":true,"auth_header_preview":"Bearer 168|i1Pfn62igXMWcFgvLcI...","is_bearer":true} 
[2026-05-16 08:56:59] local.INFO: Extracted bearer token {"token_preview":"168|i1Pfn6...","token_length":52} 
[2026-05-16 08:56:59] local.INFO: Found personal access token {"token_id":168,"user_id":68,"revoked":null} 
[2026-05-16 08:56:59] local.INFO: User authenticated via bearer token {"user_id":68,"user_email":"freelancerzahedcreator@gmail.com"} 
[2026-05-16 08:57:29] local.INFO: ParseBearerToken middleware invoked {"path":"/api/v2/creator/profile","method":"GET","has_auth_header":true,"auth_header_preview":"Bearer 168|i1Pfn62igXMWcFgvLcI...","is_bearer":true} 
[2026-05-16 08:57:29] local.INFO: Extracted bearer token {"token_preview":"168|i1Pfn6...","token_length":52} 
[2026-05-16 08:57:29] local.INFO: Found personal access token {"token_id":168,"user_id":68,"revoked":null} 
[2026-05-16 08:57:29] local.INFO: User authenticated via bearer token {"user_id":68,"user_email":"freelancerzahedcreator@gmail.com"} 
[2026-05-16 08:57:59] local.INFO: ParseBearerToken middleware invoked {"path":"/api/v2/creator/profile","method":"GET","has_auth_header":true,"auth_header_preview":"Bearer 168|i1Pfn62igXMWcFgvLcI...","is_bearer":true} 
[2026-05-16 08:57:59] local.INFO: Extracted bearer token {"token_preview":"168|i1Pfn6...","token_length":52} 
[2026-05-16 08:57:59] local.INFO: Found personal access token {"token_id":168,"user_id":68,"revoked":null} 
[2026-05-16 08:57:59] local.INFO: User authenticated via bearer token {"user_id":68,"user_email":"freelancerzahedcreator@gmail.com"} 
[2026-05-16 08:58:29] local.INFO: ParseBearerToken middleware invoked {"path":"/api/v2/creator/profile","method":"GET","has_auth_header":true,"auth_header_preview":"Bearer 168|i1Pfn62igXMWcFgvLcI...","is_bearer":true} 
[2026-05-16 08:58:29] local.INFO: Extracted bearer token {"token_preview":"168|i1Pfn6...","token_length":52} 
[2026-05-16 08:58:29] local.INFO: Found personal access token {"token_id":168,"user_id":68,"revoked":null} 
[2026-05-16 08:58:29] local.INFO: User authenticated via bearer token {"user_id":68,"user_email":"freelancerzahedcreator@gmail.com"} 
[2026-05-16 08:58:58] local.INFO: ParseBearerToken middleware invoked {"path":"/api/v2/creator/profile","method":"GET","has_auth_header":true,"auth_header_preview":"Bearer 168|i1Pfn62igXMWcFgvLcI...","is_bearer":true} 
[2026-05-16 08:58:58] local.INFO: Extracted bearer token {"token_preview":"168|i1Pfn6...","token_length":52} 
[2026-05-16 08:58:58] local.INFO: Found personal access token {"token_id":168,"user_id":68,"revoked":null} 
[2026-05-16 08:58:58] local.INFO: User authenticated via bearer token {"user_id":68,"user_email":"freelancerzahedcreator@gmail.com"} 
[2026-05-16 08:59:29] local.INFO: ParseBearerToken middleware invoked {"path":"/api/v2/creator/profile","method":"GET","has_auth_header":true,"auth_header_preview":"Bearer 168|i1Pfn62igXMWcFgvLcI...","is_bearer":true} 
[2026-05-16 08:59:29] local.INFO: Extracted bearer token {"token_preview":"168|i1Pfn6...","token_length":52} 
[2026-05-16 08:59:29] local.INFO: Found personal access token {"token_id":168,"user_id":68,"revoked":null} 
[2026-05-16 08:59:29] local.INFO: User authenticated via bearer token {"user_id":68,"user_email":"freelancerzahedcreator@gmail.com"} 
[2026-05-16 08:59:59] local.INFO: ParseBearerToken middleware invoked {"path":"/api/v2/creator/profile","method":"GET","has_auth_header":true,"auth_header_preview":"Bearer 168|i1Pfn62igXMWcFgvLcI...","is_bearer":true} 
[2026-05-16 08:59:59] local.INFO: Extracted bearer token {"token_preview":"168|i1Pfn6...","token_length":52} 
[2026-05-16 08:59:59] local.INFO: Found personal access token {"token_id":168,"user_id":68,"revoked":null} 
[2026-05-16 08:59:59] local.INFO: User authenticated via bearer token {"user_id":68,"user_email":"freelancerzahedcreator@gmail.com"} 
[2026-05-16 09:00:29] local.INFO: ParseBearerToken middleware invoked {"path":"/api/v2/creator/profile","method":"GET","has_auth_header":true,"auth_header_preview":"Bearer 168|i1Pfn62igXMWcFgvLcI...","is_bearer":true} 
[2026-05-16 09:00:29] local.INFO: Extracted bearer token {"token_preview":"168|i1Pfn6...","token_length":52} 
[2026-05-16 09:00:29] local.INFO: Found personal access token {"token_id":168,"user_id":68,"revoked":null} 
[2026-05-16 09:00:29] local.INFO: User authenticated via bearer token {"user_id":68,"user_email":"freelancerzahedcreator@gmail.com"} 
[2026-05-16 09:00:59] local.INFO: ParseBearerToken middleware invoked {"path":"/api/v2/creator/profile","method":"GET","has_auth_header":true,"auth_header_preview":"Bearer 168|i1Pfn62igXMWcFgvLcI...","is_bearer":true} 
[2026-05-16 09:00:59] local.INFO: Extracted bearer token {"token_preview":"168|i1Pfn6...","token_length":52} 
[2026-05-16 09:00:59] local.INFO: Found personal access token {"token_id":168,"user_id":68,"revoked":null} 
[2026-05-16 09:00:59] local.INFO: User authenticated via bearer token {"user_id":68,"user_email":"freelancerzahedcreator@gmail.com"} 
[2026-05-16 09:01:28] local.INFO: ParseBearerToken middleware invoked {"path":"/api/v2/creator/profile","method":"GET","has_auth_header":true,"auth_header_preview":"Bearer 168|i1Pfn62igXMWcFgvLcI...","is_bearer":true} 
[2026-05-16 09:01:28] local.INFO: Extracted bearer token {"token_preview":"168|i1Pfn6...","token_length":52} 
[2026-05-16 09:01:28] local.INFO: Found personal access token {"token_id":168,"user_id":68,"revoked":null} 
[2026-05-16 09:01:28] local.INFO: User authenticated via bearer token {"user_id":68,"user_email":"freelancerzahedcreator@gmail.com"} 
[2026-05-16 09:01:59] local.INFO: ParseBearerToken middleware invoked {"path":"/api/v2/creator/profile","method":"GET","has_auth_header":true,"auth_header_preview":"Bearer 168|i1Pfn62igXMWcFgvLcI...","is_bearer":true} 
[2026-05-16 09:01:59] local.INFO: Extracted bearer token {"token_preview":"168|i1Pfn6...","token_length":52} 
[2026-05-16 09:01:59] local.INFO: Found personal access token {"token_id":168,"user_id":68,"revoked":null} 
[2026-05-16 09:01:59] local.INFO: User authenticated via bearer token {"user_id":68,"user_email":"freelancerzahedcreator@gmail.com"} 
[2026-05-16 09:02:29] local.INFO: ParseBearerToken middleware invoked {"path":"/api/v2/creator/profile","method":"GET","has_auth_header":true,"auth_header_preview":"Bearer 168|i1Pfn62igXMWcFgvLcI...","is_bearer":true} 
[2026-05-16 09:02:29] local.INFO: Extracted bearer token {"token_preview":"168|i1Pfn6...","token_length":52} 
[2026-05-16 09:02:29] local.INFO: Found personal access token {"token_id":168,"user_id":68,"revoked":null} 
[2026-05-16 09:02:29] local.INFO: User authenticated via bearer token {"user_id":68,"user_email":"freelancerzahedcreator@gmail.com"} 
[2026-05-16 09:02:59] local.INFO: ParseBearerToken middleware invoked {"path":"/api/v2/creator/profile","method":"GET","has_auth_header":true,"auth_header_preview":"Bearer 168|i1Pfn62igXMWcFgvLcI...","is_bearer":true} 
[2026-05-16 09:02:59] local.INFO: Extracted bearer token {"token_preview":"168|i1Pfn6...","token_length":52} 
[2026-05-16 09:02:59] local.INFO: Found personal access token {"token_id":168,"user_id":68,"revoked":null} 
[2026-05-16 09:02:59] local.INFO: User authenticated via bearer token {"user_id":68,"user_email":"freelancerzahedcreator@gmail.com"} 
[2026-05-16 09:03:29] local.INFO: ParseBearerToken middleware invoked {"path":"/api/v2/creator/profile","method":"GET","has_auth_header":true,"auth_header_preview":"Bearer 168|i1Pfn62igXMWcFgvLcI...","is_bearer":true} 
[2026-05-16 09:03:29] local.INFO: Extracted bearer token {"token_preview":"168|i1Pfn6...","token_length":52} 
[2026-05-16 09:03:29] local.INFO: Found personal access token {"token_id":168,"user_id":68,"revoked":null} 
[2026-05-16 09:03:29] local.INFO: User authenticated via bearer token {"user_id":68,"user_email":"freelancerzahedcreator@gmail.com"} 
[2026-05-16 09:03:59] local.INFO: ParseBearerToken middleware invoked {"path":"/api/v2/creator/profile","method":"GET","has_auth_header":true,"auth_header_preview":"Bearer 168|i1Pfn62igXMWcFgvLcI...","is_bearer":true} 
[2026-05-16 09:03:59] local.INFO: Extracted bearer token {"token_preview":"168|i1Pfn6...","token_length":52} 
[2026-05-16 09:03:59] local.INFO: Found personal access token {"token_id":168,"user_id":68,"revoked":null} 
[2026-05-16 09:03:59] local.INFO: User authenticated via bearer token {"user_id":68,"user_email":"freelancerzahedcreator@gmail.com"} 
[2026-05-16 09:04:28] local.INFO: ParseBearerToken middleware invoked {"path":"/api/v2/creator/profile","method":"GET","has_auth_header":true,"auth_header_preview":"Bearer 168|i1Pfn62igXMWcFgvLcI...","is_bearer":true} 
[2026-05-16 09:04:28] local.INFO: Extracted bearer token {"token_preview":"168|i1Pfn6...","token_length":52} 
[2026-05-16 09:04:28] local.INFO: Found personal access token {"token_id":168,"user_id":68,"revoked":null} 
[2026-05-16 09:04:29] local.INFO: User authenticated via bearer token {"user_id":68,"user_email":"freelancerzahedcreator@gmail.com"} 
[2026-05-16 09:04:58] local.INFO: ParseBearerToken middleware invoked {"path":"/api/v2/creator/profile","method":"GET","has_auth_header":true,"auth_header_preview":"Bearer 168|i1Pfn62igXMWcFgvLcI...","is_bearer":true} 
[2026-05-16 09:04:58] local.INFO: Extracted bearer token {"token_preview":"168|i1Pfn6...","token_length":52} 
[2026-05-16 09:04:58] local.INFO: Found personal access token {"token_id":168,"user_id":68,"revoked":null} 
[2026-05-16 09:04:58] local.INFO: User authenticated via bearer token {"user_id":68,"user_email":"freelancerzahedcreator@gmail.com"} 
[2026-05-16 09:05:29] local.INFO: ParseBearerToken middleware invoked {"path":"/api/v2/creator/profile","method":"GET","has_auth_header":true,"auth_header_preview":"Bearer 168|i1Pfn62igXMWcFgvLcI...","is_bearer":true} 
[2026-05-16 09:05:29] local.INFO: Extracted bearer token {"token_preview":"168|i1Pfn6...","token_length":52} 
[2026-05-16 09:05:29] local.INFO: Found personal access token {"token_id":168,"user_id":68,"revoked":null} 
[2026-05-16 09:05:29] local.INFO: User authenticated via bearer token {"user_id":68,"user_email":"freelancerzahedcreator@gmail.com"} 
[2026-05-16 09:05:58] local.INFO: ParseBearerToken middleware invoked {"path":"/api/v2/creator/profile","method":"GET","has_auth_header":true,"auth_header_preview":"Bearer 168|i1Pfn62igXMWcFgvLcI...","is_bearer":true} 
[2026-05-16 09:05:58] local.INFO: Extracted bearer token {"token_preview":"168|i1Pfn6...","token_length":52} 
[2026-05-16 09:05:58] local.INFO: Found personal access token {"token_id":168,"user_id":68,"revoked":null} 
[2026-05-16 09:05:58] local.INFO: User authenticated via bearer token {"user_id":68,"user_email":"freelancerzahedcreator@gmail.com"} 
[2026-05-16 09:06:29] local.INFO: ParseBearerToken middleware invoked {"path":"/api/v2/creator/profile","method":"GET","has_auth_header":true,"auth_header_preview":"Bearer 168|i1Pfn62igXMWcFgvLcI...","is_bearer":true} 
[2026-05-16 09:06:29] local.INFO: Extracted bearer token {"token_preview":"168|i1Pfn6...","token_length":52} 
[2026-05-16 09:06:29] local.INFO: Found personal access token {"token_id":168,"user_id":68,"revoked":null} 
[2026-05-16 09:06:29] local.INFO: User authenticated via bearer token {"user_id":68,"user_email":"freelancerzahedcreator@gmail.com"} 
[2026-05-16 09:06:59] local.INFO: ParseBearerToken middleware invoked {"path":"/api/v2/creator/profile","method":"GET","has_auth_header":true,"auth_header_preview":"Bearer 168|i1Pfn62igXMWcFgvLcI...","is_bearer":true} 
[2026-05-16 09:06:59] local.INFO: Extracted bearer token {"token_preview":"168|i1Pfn6...","token_length":52} 
[2026-05-16 09:06:59] local.INFO: Found personal access token {"token_id":168,"user_id":68,"revoked":null} 
[2026-05-16 09:06:59] local.INFO: User authenticated via bearer token {"user_id":68,"user_email":"freelancerzahedcreator@gmail.com"} 
[2026-05-16 09:07:29] local.INFO: ParseBearerToken middleware invoked {"path":"/api/v2/creator/profile","method":"GET","has_auth_header":true,"auth_header_preview":"Bearer 168|i1Pfn62igXMWcFgvLcI...","is_bearer":true} 
[2026-05-16 09:07:29] local.INFO: Extracted bearer token {"token_preview":"168|i1Pfn6...","token_length":52} 
[2026-05-16 09:07:29] local.INFO: Found personal access token {"token_id":168,"user_id":68,"revoked":null} 
[2026-05-16 09:07:29] local.INFO: User authenticated via bearer token {"user_id":68,"user_email":"freelancerzahedcreator@gmail.com"} 
[2026-05-16 09:07:58] local.INFO: ParseBearerToken middleware invoked {"path":"/api/v2/creator/profile","method":"GET","has_auth_header":true,"auth_header_preview":"Bearer 168|i1Pfn62igXMWcFgvLcI...","is_bearer":true} 
[2026-05-16 09:07:58] local.INFO: Extracted bearer token {"token_preview":"168|i1Pfn6...","token_length":52} 
[2026-05-16 09:07:58] local.INFO: Found personal access token {"token_id":168,"user_id":68,"revoked":null} 
[2026-05-16 09:07:58] local.INFO: User authenticated via bearer token {"user_id":68,"user_email":"freelancerzahedcreator@gmail.com"} 
[2026-05-16 09:08:29] local.INFO: ParseBearerToken middleware invoked {"path":"/api/v2/creator/profile","method":"GET","has_auth_header":true,"auth_header_preview":"Bearer 168|i1Pfn62igXMWcFgvLcI...","is_bearer":true} 
[2026-05-16 09:08:29] local.INFO: Extracted bearer token {"token_preview":"168|i1Pfn6...","token_length":52} 
[2026-05-16 09:08:29] local.INFO: Found personal access token {"token_id":168,"user_id":68,"revoked":null} 
[2026-05-16 09:08:29] local.INFO: User authenticated via bearer token {"user_id":68,"user_email":"freelancerzahedcreator@gmail.com"} 
[2026-05-16 09:08:58] local.INFO: ParseBearerToken middleware invoked {"path":"/api/v2/creator/profile","method":"GET","has_auth_header":true,"auth_header_preview":"Bearer 168|i1Pfn62igXMWcFgvLcI...","is_bearer":true} 
[2026-05-16 09:08:58] local.INFO: Extracted bearer token {"token_preview":"168|i1Pfn6...","token_length":52} 
[2026-05-16 09:08:58] local.INFO: Found personal access token {"token_id":168,"user_id":68,"revoked":null} 
[2026-05-16 09:08:58] local.INFO: User authenticated via bearer token {"user_id":68,"user_email":"freelancerzahedcreator@gmail.com"} 
[2026-05-16 09:09:29] local.INFO: ParseBearerToken middleware invoked {"path":"/api/v2/creator/profile","method":"GET","has_auth_header":true,"auth_header_preview":"Bearer 168|i1Pfn62igXMWcFgvLcI...","is_bearer":true} 
[2026-05-16 09:09:29] local.INFO: Extracted bearer token {"token_preview":"168|i1Pfn6...","token_length":52} 
[2026-05-16 09:09:29] local.INFO: Found personal access token {"token_id":168,"user_id":68,"revoked":null} 
[2026-05-16 09:09:29] local.INFO: User authenticated via bearer token {"user_id":68,"user_email":"freelancerzahedcreator@gmail.com"} 
[2026-05-16 09:09:59] local.INFO: ParseBearerToken middleware invoked {"path":"/api/v2/creator/profile","method":"GET","has_auth_header":true,"auth_header_preview":"Bearer 168|i1Pfn62igXMWcFgvLcI...","is_bearer":true} 
[2026-05-16 09:09:59] local.INFO: Extracted bearer token {"token_preview":"168|i1Pfn6...","token_length":52} 
[2026-05-16 09:09:59] local.INFO: Found personal access token {"token_id":168,"user_id":68,"revoked":null} 
[2026-05-16 09:09:59] local.INFO: User authenticated via bearer token {"user_id":68,"user_email":"freelancerzahedcreator@gmail.com"} 
[2026-05-16 09:10:28] local.INFO: ParseBearerToken middleware invoked {"path":"/api/v2/creator/profile","method":"GET","has_auth_header":true,"auth_header_preview":"Bearer 168|i1Pfn62igXMWcFgvLcI...","is_bearer":true} 
[2026-05-16 09:10:28] local.INFO: Extracted bearer token {"token_preview":"168|i1Pfn6...","token_length":52} 
[2026-05-16 09:10:28] local.INFO: Found personal access token {"token_id":168,"user_id":68,"revoked":null} 
[2026-05-16 09:10:29] local.INFO: User authenticated via bearer token {"user_id":68,"user_email":"freelancerzahedcreator@gmail.com"} 
[2026-05-16 09:10:59] local.INFO: ParseBearerToken middleware invoked {"path":"/api/v2/creator/profile","method":"GET","has_auth_header":true,"auth_header_preview":"Bearer 168|i1Pfn62igXMWcFgvLcI...","is_bearer":true} 
[2026-05-16 09:10:59] local.INFO: Extracted bearer token {"token_preview":"168|i1Pfn6...","token_length":52} 
[2026-05-16 09:10:59] local.INFO: Found personal access token {"token_id":168,"user_id":68,"revoked":null} 
[2026-05-16 09:10:59] local.INFO: User authenticated via bearer token {"user_id":68,"user_email":"freelancerzahedcreator@gmail.com"} 
[2026-05-16 09:11:28] local.INFO: ParseBearerToken middleware invoked {"path":"/api/v2/creator/profile","method":"GET","has_auth_header":true,"auth_header_preview":"Bearer 168|i1Pfn62igXMWcFgvLcI...","is_bearer":true} 
[2026-05-16 09:11:28] local.INFO: Extracted bearer token {"token_preview":"168|i1Pfn6...","token_length":52} 
[2026-05-16 09:11:28] local.INFO: Found personal access token {"token_id":168,"user_id":68,"revoked":null} 
[2026-05-16 09:11:28] local.INFO: User authenticated via bearer token {"user_id":68,"user_email":"freelancerzahedcreator@gmail.com"} 
[2026-05-16 09:11:59] local.INFO: ParseBearerToken middleware invoked {"path":"/api/v2/creator/profile","method":"GET","has_auth_header":true,"auth_header_preview":"Bearer 168|i1Pfn62igXMWcFgvLcI...","is_bearer":true} 
[2026-05-16 09:11:59] local.INFO: Extracted bearer token {"token_preview":"168|i1Pfn6...","token_length":52} 
[2026-05-16 09:11:59] local.INFO: Found personal access token {"token_id":168,"user_id":68,"revoked":null} 
[2026-05-16 09:11:59] local.INFO: User authenticated via bearer token {"user_id":68,"user_email":"freelancerzahedcreator@gmail.com"} 
[2026-05-16 09:12:29] local.INFO: ParseBearerToken middleware invoked {"path":"/api/v2/creator/profile","method":"GET","has_auth_header":true,"auth_header_preview":"Bearer 168|i1Pfn62igXMWcFgvLcI...","is_bearer":true} 
[2026-05-16 09:12:29] local.INFO: Extracted bearer token {"token_preview":"168|i1Pfn6...","token_length":52} 
[2026-05-16 09:12:29] local.INFO: Found personal access token {"token_id":168,"user_id":68,"revoked":null} 
[2026-05-16 09:12:29] local.INFO: User authenticated via bearer token {"user_id":68,"user_email":"freelancerzahedcreator@gmail.com"} 
[2026-05-16 09:12:59] local.INFO: ParseBearerToken middleware invoked {"path":"/api/v2/creator/profile","method":"GET","has_auth_header":true,"auth_header_preview":"Bearer 168|i1Pfn62igXMWcFgvLcI...","is_bearer":true} 
[2026-05-16 09:12:59] local.INFO: Extracted bearer token {"token_preview":"168|i1Pfn6...","token_length":52} 
[2026-05-16 09:12:59] local.INFO: Found personal access token {"token_id":168,"user_id":68,"revoked":null} 
[2026-05-16 09:12:59] local.INFO: User authenticated via bearer token {"user_id":68,"user_email":"freelancerzahedcreator@gmail.com"} 
[2026-05-16 09:13:29] local.INFO: ParseBearerToken middleware invoked {"path":"/api/v2/creator/profile","method":"GET","has_auth_header":true,"auth_header_preview":"Bearer 168|i1Pfn62igXMWcFgvLcI...","is_bearer":true} 
[2026-05-16 09:13:29] local.INFO: Extracted bearer token {"token_preview":"168|i1Pfn6...","token_length":52} 
[2026-05-16 09:13:29] local.INFO: Found personal access token {"token_id":168,"user_id":68,"revoked":null} 
[2026-05-16 09:13:29] local.INFO: User authenticated via bearer token {"user_id":68,"user_email":"freelancerzahedcreator@gmail.com"} 
[2026-05-16 09:13:58] local.INFO: ParseBearerToken middleware invoked {"path":"/api/v2/creator/profile","method":"GET","has_auth_header":true,"auth_header_preview":"Bearer 168|i1Pfn62igXMWcFgvLcI...","is_bearer":true} 
[2026-05-16 09:13:59] local.INFO: Extracted bearer token {"token_preview":"168|i1Pfn6...","token_length":52} 
[2026-05-16 09:13:59] local.INFO: Found personal access token {"token_id":168,"user_id":68,"revoked":null} 
[2026-05-16 09:13:59] local.INFO: User authenticated via bearer token {"user_id":68,"user_email":"freelancerzahedcreator@gmail.com"} 
[2026-05-16 09:14:29] local.INFO: ParseBearerToken middleware invoked {"path":"/api/v2/creator/profile","method":"GET","has_auth_header":true,"auth_header_preview":"Bearer 168|i1Pfn62igXMWcFgvLcI...","is_bearer":true} 
[2026-05-16 09:14:29] local.INFO: Extracted bearer token {"token_preview":"168|i1Pfn6...","token_length":52} 
[2026-05-16 09:14:29] local.INFO: Found personal access token {"token_id":168,"user_id":68,"revoked":null} 
[2026-05-16 09:14:29] local.INFO: User authenticated via bearer token {"user_id":68,"user_email":"freelancerzahedcreator@gmail.com"} 
[2026-05-16 09:14:59] local.INFO: ParseBearerToken middleware invoked {"path":"/api/v2/creator/profile","method":"GET","has_auth_header":true,"auth_header_preview":"Bearer 168|i1Pfn62igXMWcFgvLcI...","is_bearer":true} 
[2026-05-16 09:14:59] local.INFO: Extracted bearer token {"token_preview":"168|i1Pfn6...","token_length":52} 
[2026-05-16 09:14:59] local.INFO: Found personal access token {"token_id":168,"user_id":68,"revoked":null} 
[2026-05-16 09:14:59] local.INFO: User authenticated via bearer token {"user_id":68,"user_email":"freelancerzahedcreator@gmail.com"} 
[2026-05-16 09:15:29] local.INFO: ParseBearerToken middleware invoked {"path":"/api/v2/creator/profile","method":"GET","has_auth_header":true,"auth_header_preview":"Bearer 168|i1Pfn62igXMWcFgvLcI...","is_bearer":true} 
[2026-05-16 09:15:29] local.INFO: Extracted bearer token {"token_preview":"168|i1Pfn6...","token_length":52} 
[2026-05-16 09:15:29] local.INFO: Found personal access token {"token_id":168,"user_id":68,"revoked":null} 
[2026-05-16 09:15:29] local.INFO: User authenticated via bearer token {"user_id":68,"user_email":"freelancerzahedcreator@gmail.com"} 
[2026-05-16 09:15:58] local.INFO: ParseBearerToken middleware invoked {"path":"/api/v2/creator/profile","method":"GET","has_auth_header":true,"auth_header_preview":"Bearer 168|i1Pfn62igXMWcFgvLcI...","is_bearer":true} 
[2026-05-16 09:15:58] local.INFO: Extracted bearer token {"token_preview":"168|i1Pfn6...","token_length":52} 
[2026-05-16 09:15:58] local.INFO: Found personal access token {"token_id":168,"user_id":68,"revoked":null} 
[2026-05-16 09:15:58] local.INFO: User authenticated via bearer token {"user_id":68,"user_email":"freelancerzahedcreator@gmail.com"} 
[2026-05-16 09:16:29] local.INFO: ParseBearerToken middleware invoked {"path":"/api/v2/creator/profile","method":"GET","has_auth_header":true,"auth_header_preview":"Bearer 168|i1Pfn62igXMWcFgvLcI...","is_bearer":true} 
[2026-05-16 09:16:29] local.INFO: Extracted bearer token {"token_preview":"168|i1Pfn6...","token_length":52} 
[2026-05-16 09:16:29] local.INFO: Found personal access token {"token_id":168,"user_id":68,"revoked":null} 
[2026-05-16 09:16:29] local.INFO: User authenticated via bearer token {"user_id":68,"user_email":"freelancerzahedcreator@gmail.com"} 
[2026-05-16 09:16:59] local.INFO: ParseBearerToken middleware invoked {"path":"/api/v2/creator/profile","method":"GET","has_auth_header":true,"auth_header_preview":"Bearer 168|i1Pfn62igXMWcFgvLcI...","is_bearer":true} 
[2026-05-16 09:16:59] local.INFO: Extracted bearer token {"token_preview":"168|i1Pfn6...","token_length":52} 
[2026-05-16 09:16:59] local.INFO: Found personal access token {"token_id":168,"user_id":68,"revoked":null} 
[2026-05-16 09:16:59] local.INFO: User authenticated via bearer token {"user_id":68,"user_email":"freelancerzahedcreator@gmail.com"} 
[2026-05-16 09:17:29] local.INFO: ParseBearerToken middleware invoked {"path":"/api/v2/creator/profile","method":"GET","has_auth_header":true,"auth_header_preview":"Bearer 168|i1Pfn62igXMWcFgvLcI...","is_bearer":true} 
[2026-05-16 09:17:29] local.INFO: Extracted bearer token {"token_preview":"168|i1Pfn6...","token_length":52} 
[2026-05-16 09:17:29] local.INFO: Found personal access token {"token_id":168,"user_id":68,"revoked":null} 
[2026-05-16 09:17:29] local.INFO: User authenticated via bearer token {"user_id":68,"user_email":"freelancerzahedcreator@gmail.com"} 
[2026-05-16 09:17:58] local.INFO: ParseBearerToken middleware invoked {"path":"/api/v2/creator/profile","method":"GET","has_auth_header":true,"auth_header_preview":"Bearer 168|i1Pfn62igXMWcFgvLcI...","is_bearer":true} 
[2026-05-16 09:17:58] local.INFO: Extracted bearer token {"token_preview":"168|i1Pfn6...","token_length":52} 
[2026-05-16 09:17:58] local.INFO: Found personal access token {"token_id":168,"user_id":68,"revoked":null} 
[2026-05-16 09:17:58] local.INFO: User authenticated via bearer token {"user_id":68,"user_email":"freelancerzahedcreator@gmail.com"} 
[2026-05-16 09:18:29] local.INFO: ParseBearerToken middleware invoked {"path":"/api/v2/creator/profile","method":"GET","has_auth_header":true,"auth_header_preview":"Bearer 168|i1Pfn62igXMWcFgvLcI...","is_bearer":true} 
[2026-05-16 09:18:29] local.INFO: Extracted bearer token {"token_preview":"168|i1Pfn6...","token_length":52} 
[2026-05-16 09:18:29] local.INFO: Found personal access token {"token_id":168,"user_id":68,"revoked":null} 
[2026-05-16 09:18:29] local.INFO: User authenticated via bearer token {"user_id":68,"user_email":"freelancerzahedcreator@gmail.com"} 
[2026-05-16 09:18:59] local.INFO: ParseBearerToken middleware invoked {"path":"/api/v2/creator/profile","method":"GET","has_auth_header":true,"auth_header_preview":"Bearer 168|i1Pfn62igXMWcFgvLcI...","is_bearer":true} 
[2026-05-16 09:18:59] local.INFO: Extracted bearer token {"token_preview":"168|i1Pfn6...","token_length":52} 
[2026-05-16 09:18:59] local.INFO: Found personal access token {"token_id":168,"user_id":68,"revoked":null} 
[2026-05-16 09:18:59] local.INFO: User authenticated via bearer token {"user_id":68,"user_email":"freelancerzahedcreator@gmail.com"} 
[2026-05-16 09:19:29] local.INFO: ParseBearerToken middleware invoked {"path":"/api/v2/creator/profile","method":"GET","has_auth_header":true,"auth_header_preview":"Bearer 168|i1Pfn62igXMWcFgvLcI...","is_bearer":true} 
[2026-05-16 09:19:29] local.INFO: Extracted bearer token {"token_preview":"168|i1Pfn6...","token_length":52} 
[2026-05-16 09:19:29] local.INFO: Found personal access token {"token_id":168,"user_id":68,"revoked":null} 
[2026-05-16 09:19:29] local.INFO: User authenticated via bearer token {"user_id":68,"user_email":"freelancerzahedcreator@gmail.com"} 
[2026-05-16 09:19:59] local.INFO: ParseBearerToken middleware invoked {"path":"/api/v2/creator/profile","method":"GET","has_auth_header":true,"auth_header_preview":"Bearer 168|i1Pfn62igXMWcFgvLcI...","is_bearer":true} 
[2026-05-16 09:19:59] local.INFO: Extracted bearer token {"token_preview":"168|i1Pfn6...","token_length":52} 
[2026-05-16 09:19:59] local.INFO: Found personal access token {"token_id":168,"user_id":68,"revoked":null} 
[2026-05-16 09:19:59] local.INFO: User authenticated via bearer token {"user_id":68,"user_email":"freelancerzahedcreator@gmail.com"} 
[2026-05-16 09:20:28] local.INFO: ParseBearerToken middleware invoked {"path":"/api/v2/creator/profile","method":"GET","has_auth_header":true,"auth_header_preview":"Bearer 168|i1Pfn62igXMWcFgvLcI...","is_bearer":true} 
[2026-05-16 09:20:28] local.INFO: Extracted bearer token {"token_preview":"168|i1Pfn6...","token_length":52} 
[2026-05-16 09:20:28] local.INFO: Found personal access token {"token_id":168,"user_id":68,"revoked":null} 
[2026-05-16 09:20:28] local.INFO: User authenticated via bearer token {"user_id":68,"user_email":"freelancerzahedcreator@gmail.com"} 
[2026-05-16 09:20:58] local.INFO: ParseBearerToken middleware invoked {"path":"/api/v2/creator/profile","method":"GET","has_auth_header":true,"auth_header_preview":"Bearer 168|i1Pfn62igXMWcFgvLcI...","is_bearer":true} 
[2026-05-16 09:20:58] local.INFO: Extracted bearer token {"token_preview":"168|i1Pfn6...","token_length":52} 
[2026-05-16 09:20:58] local.INFO: Found personal access token {"token_id":168,"user_id":68,"revoked":null} 
[2026-05-16 09:20:58] local.INFO: User authenticated via bearer token {"user_id":68,"user_email":"freelancerzahedcreator@gmail.com"} 
[2026-05-16 09:21:29] local.INFO: ParseBearerToken middleware invoked {"path":"/api/v2/creator/profile","method":"GET","has_auth_header":true,"auth_header_preview":"Bearer 168|i1Pfn62igXMWcFgvLcI...","is_bearer":true} 
[2026-05-16 09:21:29] local.INFO: Extracted bearer token {"token_preview":"168|i1Pfn6...","token_length":52} 
[2026-05-16 09:21:29] local.INFO: Found personal access token {"token_id":168,"user_id":68,"revoked":null} 
[2026-05-16 09:21:29] local.INFO: User authenticated via bearer token {"user_id":68,"user_email":"freelancerzahedcreator@gmail.com"} 
[2026-05-16 09:21:59] local.INFO: ParseBearerToken middleware invoked {"path":"/api/v2/creator/profile","method":"GET","has_auth_header":true,"auth_header_preview":"Bearer 168|i1Pfn62igXMWcFgvLcI...","is_bearer":true} 
[2026-05-16 09:21:59] local.INFO: Extracted bearer token {"token_preview":"168|i1Pfn6...","token_length":52} 
[2026-05-16 09:21:59] local.INFO: Found personal access token {"token_id":168,"user_id":68,"revoked":null} 
[2026-05-16 09:21:59] local.INFO: User authenticated via bearer token {"user_id":68,"user_email":"freelancerzahedcreator@gmail.com"} 
[2026-05-16 09:22:28] local.INFO: ParseBearerToken middleware invoked {"path":"/api/v2/creator/profile","method":"GET","has_auth_header":true,"auth_header_preview":"Bearer 168|i1Pfn62igXMWcFgvLcI...","is_bearer":true} 
[2026-05-16 09:22:28] local.INFO: Extracted bearer token {"token_preview":"168|i1Pfn6...","token_length":52} 
[2026-05-16 09:22:28] local.INFO: Found personal access token {"token_id":168,"user_id":68,"revoked":null} 
[2026-05-16 09:22:28] local.INFO: User authenticated via bearer token {"user_id":68,"user_email":"freelancerzahedcreator@gmail.com"} 
[2026-05-16 09:22:59] local.INFO: ParseBearerToken middleware invoked {"path":"/api/v2/creator/profile","method":"GET","has_auth_header":true,"auth_header_preview":"Bearer 168|i1Pfn62igXMWcFgvLcI...","is_bearer":true} 
[2026-05-16 09:22:59] local.INFO: Extracted bearer token {"token_preview":"168|i1Pfn6...","token_length":52} 
[2026-05-16 09:22:59] local.INFO: Found personal access token {"token_id":168,"user_id":68,"revoked":null} 
[2026-05-16 09:22:59] local.INFO: User authenticated via bearer token {"user_id":68,"user_email":"freelancerzahedcreator@gmail.com"} 
[2026-05-16 09:23:29] local.INFO: ParseBearerToken middleware invoked {"path":"/api/v2/creator/profile","method":"GET","has_auth_header":true,"auth_header_preview":"Bearer 168|i1Pfn62igXMWcFgvLcI...","is_bearer":true} 
[2026-05-16 09:23:29] local.INFO: Extracted bearer token {"token_preview":"168|i1Pfn6...","token_length":52} 
[2026-05-16 09:23:29] local.INFO: Found personal access token {"token_id":168,"user_id":68,"revoked":null} 
[2026-05-16 09:23:29] local.INFO: User authenticated via bearer token {"user_id":68,"user_email":"freelancerzahedcreator@gmail.com"} 
[2026-05-16 09:23:58] local.INFO: ParseBearerToken middleware invoked {"path":"/api/v2/creator/profile","method":"GET","has_auth_header":true,"auth_header_preview":"Bearer 168|i1Pfn62igXMWcFgvLcI...","is_bearer":true} 
[2026-05-16 09:23:58] local.INFO: Extracted bearer token {"token_preview":"168|i1Pfn6...","token_length":52} 
[2026-05-16 09:23:58] local.INFO: Found personal access token {"token_id":168,"user_id":68,"revoked":null} 
[2026-05-16 09:23:58] local.INFO: User authenticated via bearer token {"user_id":68,"user_email":"freelancerzahedcreator@gmail.com"} 
[2026-05-16 09:24:29] local.INFO: ParseBearerToken middleware invoked {"path":"/api/v2/creator/profile","method":"GET","has_auth_header":true,"auth_header_preview":"Bearer 168|i1Pfn62igXMWcFgvLcI...","is_bearer":true} 
[2026-05-16 09:24:29] local.INFO: Extracted bearer token {"token_preview":"168|i1Pfn6...","token_length":52} 
[2026-05-16 09:24:29] local.INFO: Found personal access token {"token_id":168,"user_id":68,"revoked":null} 
[2026-05-16 09:24:29] local.INFO: User authenticated via bearer token {"user_id":68,"user_email":"freelancerzahedcreator@gmail.com"} 
[2026-05-16 09:24:59] local.INFO: ParseBearerToken middleware invoked {"path":"/api/v2/creator/profile","method":"GET","has_auth_header":true,"auth_header_preview":"Bearer 168|i1Pfn62igXMWcFgvLcI...","is_bearer":true} 
[2026-05-16 09:24:59] local.INFO: Extracted bearer token {"token_preview":"168|i1Pfn6...","token_length":52} 
[2026-05-16 09:24:59] local.INFO: Found personal access token {"token_id":168,"user_id":68,"revoked":null} 
[2026-05-16 09:24:59] local.INFO: User authenticated via bearer token {"user_id":68,"user_email":"freelancerzahedcreator@gmail.com"} 
[2026-05-16 09:25:28] local.INFO: ParseBearerToken middleware invoked {"path":"/api/v2/creator/profile","method":"GET","has_auth_header":true,"auth_header_preview":"Bearer 168|i1Pfn62igXMWcFgvLcI...","is_bearer":true} 
[2026-05-16 09:25:28] local.INFO: Extracted bearer token {"token_preview":"168|i1Pfn6...","token_length":52} 
[2026-05-16 09:25:28] local.INFO: Found personal access token {"token_id":168,"user_id":68,"revoked":null} 
[2026-05-16 09:25:28] local.INFO: User authenticated via bearer token {"user_id":68,"user_email":"freelancerzahedcreator@gmail.com"} 
[2026-05-16 09:25:58] local.INFO: ParseBearerToken middleware invoked {"path":"/api/v2/creator/profile","method":"GET","has_auth_header":true,"auth_header_preview":"Bearer 168|i1Pfn62igXMWcFgvLcI...","is_bearer":true} 
[2026-05-16 09:25:58] local.INFO: Extracted bearer token {"token_preview":"168|i1Pfn6...","token_length":52} 
[2026-05-16 09:25:58] local.INFO: Found personal access token {"token_id":168,"user_id":68,"revoked":null} 
[2026-05-16 09:25:58] local.INFO: User authenticated via bearer token {"user_id":68,"user_email":"freelancerzahedcreator@gmail.com"} 
[2026-05-16 09:26:29] local.INFO: ParseBearerToken middleware invoked {"path":"/api/v2/creator/profile","method":"GET","has_auth_header":true,"auth_header_preview":"Bearer 168|i1Pfn62igXMWcFgvLcI...","is_bearer":true} 
[2026-05-16 09:26:29] local.INFO: Extracted bearer token {"token_preview":"168|i1Pfn6...","token_length":52} 
[2026-05-16 09:26:29] local.INFO: Found personal access token {"token_id":168,"user_id":68,"revoked":null} 
[2026-05-16 09:26:29] local.INFO: User authenticated via bearer token {"user_id":68,"user_email":"freelancerzahedcreator@gmail.com"} 
[2026-05-16 09:26:59] local.INFO: ParseBearerToken middleware invoked {"path":"/api/v2/creator/profile","method":"GET","has_auth_header":true,"auth_header_preview":"Bearer 168|i1Pfn62igXMWcFgvLcI...","is_bearer":true} 
[2026-05-16 09:26:59] local.INFO: Extracted bearer token {"token_preview":"168|i1Pfn6...","token_length":52} 
[2026-05-16 09:26:59] local.INFO: Found personal access token {"token_id":168,"user_id":68,"revoked":null} 
[2026-05-16 09:26:59] local.INFO: User authenticated via bearer token {"user_id":68,"user_email":"freelancerzahedcreator@gmail.com"} 
[2026-05-16 09:27:29] local.INFO: ParseBearerToken middleware invoked {"path":"/api/v2/creator/profile","method":"GET","has_auth_header":true,"auth_header_preview":"Bearer 168|i1Pfn62igXMWcFgvLcI...","is_bearer":true} 
[2026-05-16 09:27:29] local.INFO: Extracted bearer token {"token_preview":"168|i1Pfn6...","token_length":52} 
[2026-05-16 09:27:29] local.INFO: Found personal access token {"token_id":168,"user_id":68,"revoked":null} 
[2026-05-16 09:27:29] local.INFO: User authenticated via bearer token {"user_id":68,"user_email":"freelancerzahedcreator@gmail.com"} 
[2026-05-16 09:27:59] local.INFO: ParseBearerToken middleware invoked {"path":"/api/v2/creator/profile","method":"GET","has_auth_header":true,"auth_header_preview":"Bearer 168|i1Pfn62igXMWcFgvLcI...","is_bearer":true} 
[2026-05-16 09:27:59] local.INFO: Extracted bearer token {"token_preview":"168|i1Pfn6...","token_length":52} 
[2026-05-16 09:27:59] local.INFO: Found personal access token {"token_id":168,"user_id":68,"revoked":null} 
[2026-05-16 09:27:59] local.INFO: User authenticated via bearer token {"user_id":68,"user_email":"freelancerzahedcreator@gmail.com"} 
[2026-05-16 09:28:29] local.INFO: ParseBearerToken middleware invoked {"path":"/api/v2/creator/profile","method":"GET","has_auth_header":true,"auth_header_preview":"Bearer 168|i1Pfn62igXMWcFgvLcI...","is_bearer":true} 
[2026-05-16 09:28:29] local.INFO: Extracted bearer token {"token_preview":"168|i1Pfn6...","token_length":52} 
[2026-05-16 09:28:29] local.INFO: Found personal access token {"token_id":168,"user_id":68,"revoked":null} 
[2026-05-16 09:28:29] local.INFO: User authenticated via bearer token {"user_id":68,"user_email":"freelancerzahedcreator@gmail.com"} 
[2026-05-16 09:28:59] local.INFO: ParseBearerToken middleware invoked {"path":"/api/v2/creator/profile","method":"GET","has_auth_header":true,"auth_header_preview":"Bearer 168|i1Pfn62igXMWcFgvLcI...","is_bearer":true} 
[2026-05-16 09:28:59] local.INFO: Extracted bearer token {"token_preview":"168|i1Pfn6...","token_length":52} 
[2026-05-16 09:28:59] local.INFO: Found personal access token {"token_id":168,"user_id":68,"revoked":null} 
[2026-05-16 09:28:59] local.INFO: User authenticated via bearer token {"user_id":68,"user_email":"freelancerzahedcreator@gmail.com"} 
[2026-05-16 09:29:29] local.INFO: ParseBearerToken middleware invoked {"path":"/api/v2/creator/profile","method":"GET","has_auth_header":true,"auth_header_preview":"Bearer 168|i1Pfn62igXMWcFgvLcI...","is_bearer":true} 
[2026-05-16 09:29:29] local.INFO: Extracted bearer token {"token_preview":"168|i1Pfn6...","token_length":52} 
[2026-05-16 09:29:29] local.INFO: Found personal access token {"token_id":168,"user_id":68,"revoked":null} 
[2026-05-16 09:29:29] local.INFO: User authenticated via bearer token {"user_id":68,"user_email":"freelancerzahedcreator@gmail.com"} 
[2026-05-16 09:29:59] local.INFO: ParseBearerToken middleware invoked {"path":"/api/v2/creator/profile","method":"GET","has_auth_header":true,"auth_header_preview":"Bearer 168|i1Pfn62igXMWcFgvLcI...","is_bearer":true} 
[2026-05-16 09:29:59] local.INFO: Extracted bearer token {"token_preview":"168|i1Pfn6...","token_length":52} 
[2026-05-16 09:29:59] local.INFO: Found personal access token {"token_id":168,"user_id":68,"revoked":null} 
[2026-05-16 09:29:59] local.INFO: User authenticated via bearer token {"user_id":68,"user_email":"freelancerzahedcreator@gmail.com"} 
[2026-05-16 09:30:29] local.INFO: ParseBearerToken middleware invoked {"path":"/api/v2/creator/profile","method":"GET","has_auth_header":true,"auth_header_preview":"Bearer 168|i1Pfn62igXMWcFgvLcI...","is_bearer":true} 
[2026-05-16 09:30:29] local.INFO: Extracted bearer token {"token_preview":"168|i1Pfn6...","token_length":52} 
[2026-05-16 09:30:29] local.INFO: Found personal access token {"token_id":168,"user_id":68,"revoked":null} 
[2026-05-16 09:30:29] local.INFO: User authenticated via bearer token {"user_id":68,"user_email":"freelancerzahedcreator@gmail.com"} 
[2026-05-16 09:30:59] local.INFO: ParseBearerToken middleware invoked {"path":"/api/v2/creator/profile","method":"GET","has_auth_header":true,"auth_header_preview":"Bearer 168|i1Pfn62igXMWcFgvLcI...","is_bearer":true} 
[2026-05-16 09:30:59] local.INFO: Extracted bearer token {"token_preview":"168|i1Pfn6...","token_length":52} 
[2026-05-16 09:30:59] local.INFO: Found personal access token {"token_id":168,"user_id":68,"revoked":null} 
[2026-05-16 09:30:59] local.INFO: User authenticated via bearer token {"user_id":68,"user_email":"freelancerzahedcreator@gmail.com"} 
[2026-05-16 09:31:28] local.INFO: ParseBearerToken middleware invoked {"path":"/api/v2/creator/profile","method":"GET","has_auth_header":true,"auth_header_preview":"Bearer 168|i1Pfn62igXMWcFgvLcI...","is_bearer":true} 
[2026-05-16 09:31:28] local.INFO: Extracted bearer token {"token_preview":"168|i1Pfn6...","token_length":52} 
[2026-05-16 09:31:29] local.INFO: Found personal access token {"token_id":168,"user_id":68,"revoked":null} 
[2026-05-16 09:31:29] local.INFO: User authenticated via bearer token {"user_id":68,"user_email":"freelancerzahedcreator@gmail.com"} 
[2026-05-16 09:31:58] local.INFO: ParseBearerToken middleware invoked {"path":"/api/v2/creator/profile","method":"GET","has_auth_header":true,"auth_header_preview":"Bearer 168|i1Pfn62igXMWcFgvLcI...","is_bearer":true} 
[2026-05-16 09:31:58] local.INFO: Extracted bearer token {"token_preview":"168|i1Pfn6...","token_length":52} 
[2026-05-16 09:31:58] local.INFO: Found personal access token {"token_id":168,"user_id":68,"revoked":null} 
[2026-05-16 09:31:58] local.INFO: User authenticated via bearer token {"user_id":68,"user_email":"freelancerzahedcreator@gmail.com"} 
[2026-05-16 09:32:29] local.INFO: ParseBearerToken middleware invoked {"path":"/api/v2/creator/profile","method":"GET","has_auth_header":true,"auth_header_preview":"Bearer 168|i1Pfn62igXMWcFgvLcI...","is_bearer":true} 
[2026-05-16 09:32:29] local.INFO: Extracted bearer token {"token_preview":"168|i1Pfn6...","token_length":52} 
[2026-05-16 09:32:29] local.INFO: Found personal access token {"token_id":168,"user_id":68,"revoked":null} 
[2026-05-16 09:32:29] local.INFO: User authenticated via bearer token {"user_id":68,"user_email":"freelancerzahedcreator@gmail.com"} 
[2026-05-16 09:32:59] local.INFO: ParseBearerToken middleware invoked {"path":"/api/v2/creator/profile","method":"GET","has_auth_header":true,"auth_header_preview":"Bearer 168|i1Pfn62igXMWcFgvLcI...","is_bearer":true} 
[2026-05-16 09:32:59] local.INFO: Extracted bearer token {"token_preview":"168|i1Pfn6...","token_length":52} 
[2026-05-16 09:32:59] local.INFO: Found personal access token {"token_id":168,"user_id":68,"revoked":null} 
[2026-05-16 09:32:59] local.INFO: User authenticated via bearer token {"user_id":68,"user_email":"freelancerzahedcreator@gmail.com"} 
[2026-05-16 09:33:29] local.INFO: ParseBearerToken middleware invoked {"path":"/api/v2/creator/profile","method":"GET","has_auth_header":true,"auth_header_preview":"Bearer 168|i1Pfn62igXMWcFgvLcI...","is_bearer":true} 
[2026-05-16 09:33:29] local.INFO: Extracted bearer token {"token_preview":"168|i1Pfn6...","token_length":52} 
[2026-05-16 09:33:29] local.INFO: Found personal access token {"token_id":168,"user_id":68,"revoked":null} 
[2026-05-16 09:33:29] local.INFO: User authenticated via bearer token {"user_id":68,"user_email":"freelancerzahedcreator@gmail.com"} 
[2026-05-16 09:33:59] local.INFO: ParseBearerToken middleware invoked {"path":"/api/v2/creator/profile","method":"GET","has_auth_header":true,"auth_header_preview":"Bearer 168|i1Pfn62igXMWcFgvLcI...","is_bearer":true} 
[2026-05-16 09:33:59] local.INFO: Extracted bearer token {"token_preview":"168|i1Pfn6...","token_length":52} 
[2026-05-16 09:33:59] local.INFO: Found personal access token {"token_id":168,"user_id":68,"revoked":null} 
[2026-05-16 09:33:59] local.INFO: User authenticated via bearer token {"user_id":68,"user_email":"freelancerzahedcreator@gmail.com"} 
[2026-05-16 09:34:29] local.INFO: ParseBearerToken middleware invoked {"path":"/api/v2/creator/profile","method":"GET","has_auth_header":true,"auth_header_preview":"Bearer 168|i1Pfn62igXMWcFgvLcI...","is_bearer":true} 
[2026-05-16 09:34:29] local.INFO: Extracted bearer token {"token_preview":"168|i1Pfn6...","token_length":52} 
[2026-05-16 09:34:29] local.INFO: Found personal access token {"token_id":168,"user_id":68,"revoked":null} 
[2026-05-16 09:34:29] local.INFO: User authenticated via bearer token {"user_id":68,"user_email":"freelancerzahedcreator@gmail.com"} 
[2026-05-16 09:34:58] local.INFO: ParseBearerToken middleware invoked {"path":"/api/v2/creator/profile","method":"GET","has_auth_header":true,"auth_header_preview":"Bearer 168|i1Pfn62igXMWcFgvLcI...","is_bearer":true} 
[2026-05-16 09:34:58] local.INFO: Extracted bearer token {"token_preview":"168|i1Pfn6...","token_length":52} 
[2026-05-16 09:34:58] local.INFO: Found personal access token {"token_id":168,"user_id":68,"revoked":null} 
[2026-05-16 09:34:58] local.INFO: User authenticated via bearer token {"user_id":68,"user_email":"freelancerzahedcreator@gmail.com"} 
[2026-05-16 09:35:28] local.INFO: ParseBearerToken middleware invoked {"path":"/api/v2/creator/profile","method":"GET","has_auth_header":true,"auth_header_preview":"Bearer 168|i1Pfn62igXMWcFgvLcI...","is_bearer":true} 
[2026-05-16 09:35:28] local.INFO: Extracted bearer token {"token_preview":"168|i1Pfn6...","token_length":52} 
[2026-05-16 09:35:28] local.INFO: Found personal access token {"token_id":168,"user_id":68,"revoked":null} 
[2026-05-16 09:35:28] local.INFO: User authenticated via bearer token {"user_id":68,"user_email":"freelancerzahedcreator@gmail.com"} 
[2026-05-16 09:35:59] local.INFO: ParseBearerToken middleware invoked {"path":"/api/v2/creator/profile","method":"GET","has_auth_header":true,"auth_header_preview":"Bearer 168|i1Pfn62igXMWcFgvLcI...","is_bearer":true} 
[2026-05-16 09:35:59] local.INFO: Extracted bearer token {"token_preview":"168|i1Pfn6...","token_length":52} 
[2026-05-16 09:35:59] local.INFO: Found personal access token {"token_id":168,"user_id":68,"revoked":null} 
[2026-05-16 09:35:59] local.INFO: User authenticated via bearer token {"user_id":68,"user_email":"freelancerzahedcreator@gmail.com"} 
[2026-05-16 09:36:29] local.INFO: ParseBearerToken middleware invoked {"path":"/api/v2/creator/profile","method":"GET","has_auth_header":true,"auth_header_preview":"Bearer 168|i1Pfn62igXMWcFgvLcI...","is_bearer":true} 
[2026-05-16 09:36:29] local.INFO: Extracted bearer token {"token_preview":"168|i1Pfn6...","token_length":52} 
[2026-05-16 09:36:29] local.INFO: Found personal access token {"token_id":168,"user_id":68,"revoked":null} 
[2026-05-16 09:36:29] local.INFO: User authenticated via bearer token {"user_id":68,"user_email":"freelancerzahedcreator@gmail.com"} 
[2026-05-16 09:36:59] local.INFO: ParseBearerToken middleware invoked {"path":"/api/v2/creator/profile","method":"GET","has_auth_header":true,"auth_header_preview":"Bearer 168|i1Pfn62igXMWcFgvLcI...","is_bearer":true} 
[2026-05-16 09:36:59] local.INFO: Extracted bearer token {"token_preview":"168|i1Pfn6...","token_length":52} 
[2026-05-16 09:36:59] local.INFO: Found personal access token {"token_id":168,"user_id":68,"revoked":null} 
[2026-05-16 09:36:59] local.INFO: User authenticated via bearer token {"user_id":68,"user_email":"freelancerzahedcreator@gmail.com"} 
[2026-05-16 09:37:29] local.INFO: ParseBearerToken middleware invoked {"path":"/api/v2/creator/profile","method":"GET","has_auth_header":true,"auth_header_preview":"Bearer 168|i1Pfn62igXMWcFgvLcI...","is_bearer":true} 
[2026-05-16 09:37:29] local.INFO: Extracted bearer token {"token_preview":"168|i1Pfn6...","token_length":52} 
[2026-05-16 09:37:29] local.INFO: Found personal access token {"token_id":168,"user_id":68,"revoked":null} 
[2026-05-16 09:37:29] local.INFO: User authenticated via bearer token {"user_id":68,"user_email":"freelancerzahedcreator@gmail.com"} 
[2026-05-16 09:37:58] local.INFO: ParseBearerToken middleware invoked {"path":"/api/v2/creator/profile","method":"GET","has_auth_header":true,"auth_header_preview":"Bearer 168|i1Pfn62igXMWcFgvLcI...","is_bearer":true} 
[2026-05-16 09:37:58] local.INFO: Extracted bearer token {"token_preview":"168|i1Pfn6...","token_length":52} 
[2026-05-16 09:37:58] local.INFO: Found personal access token {"token_id":168,"user_id":68,"revoked":null} 
[2026-05-16 09:37:58] local.INFO: User authenticated via bearer token {"user_id":68,"user_email":"freelancerzahedcreator@gmail.com"} 
[2026-05-16 09:38:29] local.INFO: ParseBearerToken middleware invoked {"path":"/api/v2/creator/profile","method":"GET","has_auth_header":true,"auth_header_preview":"Bearer 168|i1Pfn62igXMWcFgvLcI...","is_bearer":true} 
[2026-05-16 09:38:29] local.INFO: Extracted bearer token {"token_preview":"168|i1Pfn6...","token_length":52} 
[2026-05-16 09:38:29] local.INFO: Found personal access token {"token_id":168,"user_id":68,"revoked":null} 
[2026-05-16 09:38:29] local.INFO: User authenticated via bearer token {"user_id":68,"user_email":"freelancerzahedcreator@gmail.com"} 
[2026-05-16 09:38:59] local.INFO: ParseBearerToken middleware invoked {"path":"/api/v2/creator/profile","method":"GET","has_auth_header":true,"auth_header_preview":"Bearer 168|i1Pfn62igXMWcFgvLcI...","is_bearer":true} 
[2026-05-16 09:38:59] local.INFO: Extracted bearer token {"token_preview":"168|i1Pfn6...","token_length":52} 
[2026-05-16 09:38:59] local.INFO: Found personal access token {"token_id":168,"user_id":68,"revoked":null} 
[2026-05-16 09:38:59] local.INFO: User authenticated via bearer token {"user_id":68,"user_email":"freelancerzahedcreator@gmail.com"} 
[2026-05-16 09:39:29] local.INFO: ParseBearerToken middleware invoked {"path":"/api/v2/creator/profile","method":"GET","has_auth_header":true,"auth_header_preview":"Bearer 168|i1Pfn62igXMWcFgvLcI...","is_bearer":true} 
[2026-05-16 09:39:29] local.INFO: Extracted bearer token {"token_preview":"168|i1Pfn6...","token_length":52} 
[2026-05-16 09:39:29] local.INFO: Found personal access token {"token_id":168,"user_id":68,"revoked":null} 
[2026-05-16 09:39:29] local.INFO: User authenticated via bearer token {"user_id":68,"user_email":"freelancerzahedcreator@gmail.com"} 
[2026-05-16 09:39:59] local.INFO: ParseBearerToken middleware invoked {"path":"/api/v2/creator/profile","method":"GET","has_auth_header":true,"auth_header_preview":"Bearer 168|i1Pfn62igXMWcFgvLcI...","is_bearer":true} 
[2026-05-16 09:39:59] local.INFO: Extracted bearer token {"token_preview":"168|i1Pfn6...","token_length":52} 
[2026-05-16 09:39:59] local.INFO: Found personal access token {"token_id":168,"user_id":68,"revoked":null} 
[2026-05-16 09:39:59] local.INFO: User authenticated via bearer token {"user_id":68,"user_email":"freelancerzahedcreator@gmail.com"} 
[2026-05-16 09:40:29] local.INFO: ParseBearerToken middleware invoked {"path":"/api/v2/creator/profile","method":"GET","has_auth_header":true,"auth_header_preview":"Bearer 168|i1Pfn62igXMWcFgvLcI...","is_bearer":true} 
[2026-05-16 09:40:29] local.INFO: Extracted bearer token {"token_preview":"168|i1Pfn6...","token_length":52} 
[2026-05-16 09:40:29] local.INFO: Found personal access token {"token_id":168,"user_id":68,"revoked":null} 
[2026-05-16 09:40:29] local.INFO: User authenticated via bearer token {"user_id":68,"user_email":"freelancerzahedcreator@gmail.com"} 
[2026-05-16 09:40:59] local.INFO: ParseBearerToken middleware invoked {"path":"/api/v2/creator/profile","method":"GET","has_auth_header":true,"auth_header_preview":"Bearer 168|i1Pfn62igXMWcFgvLcI...","is_bearer":true} 
[2026-05-16 09:40:59] local.INFO: Extracted bearer token {"token_preview":"168|i1Pfn6...","token_length":52} 
[2026-05-16 09:40:59] local.INFO: Found personal access token {"token_id":168,"user_id":68,"revoked":null} 
[2026-05-16 09:40:59] local.INFO: User authenticated via bearer token {"user_id":68,"user_email":"freelancerzahedcreator@gmail.com"} 
[2026-05-16 09:41:28] local.INFO: ParseBearerToken middleware invoked {"path":"/api/v2/creator/profile","method":"GET","has_auth_header":true,"auth_header_preview":"Bearer 168|i1Pfn62igXMWcFgvLcI...","is_bearer":true} 
[2026-05-16 09:41:28] local.INFO: Extracted bearer token {"token_preview":"168|i1Pfn6...","token_length":52} 
[2026-05-16 09:41:28] local.INFO: Found personal access token {"token_id":168,"user_id":68,"revoked":null} 
[2026-05-16 09:41:28] local.INFO: User authenticated via bearer token {"user_id":68,"user_email":"freelancerzahedcreator@gmail.com"} 
[2026-05-16 09:41:59] local.INFO: ParseBearerToken middleware invoked {"path":"/api/v2/creator/profile","method":"GET","has_auth_header":true,"auth_header_preview":"Bearer 168|i1Pfn62igXMWcFgvLcI...","is_bearer":true} 
[2026-05-16 09:41:59] local.INFO: Extracted bearer token {"token_preview":"168|i1Pfn6...","token_length":52} 
[2026-05-16 09:41:59] local.INFO: Found personal access token {"token_id":168,"user_id":68,"revoked":null} 
[2026-05-16 09:41:59] local.INFO: User authenticated via bearer token {"user_id":68,"user_email":"freelancerzahedcreator@gmail.com"} 
[2026-05-16 09:42:29] local.INFO: ParseBearerToken middleware invoked {"path":"/api/v2/creator/profile","method":"GET","has_auth_header":true,"auth_header_preview":"Bearer 168|i1Pfn62igXMWcFgvLcI...","is_bearer":true} 
[2026-05-16 09:42:29] local.INFO: Extracted bearer token {"token_preview":"168|i1Pfn6...","token_length":52} 
[2026-05-16 09:42:29] local.INFO: Found personal access token {"token_id":168,"user_id":68,"revoked":null} 
[2026-05-16 09:42:29] local.INFO: User authenticated via bearer token {"user_id":68,"user_email":"freelancerzahedcreator@gmail.com"} 
[2026-05-16 09:42:59] local.INFO: ParseBearerToken middleware invoked {"path":"/api/v2/creator/profile","method":"GET","has_auth_header":true,"auth_header_preview":"Bearer 168|i1Pfn62igXMWcFgvLcI...","is_bearer":true} 
[2026-05-16 09:42:59] local.INFO: Extracted bearer token {"token_preview":"168|i1Pfn6...","token_length":52} 
[2026-05-16 09:42:59] local.INFO: Found personal access token {"token_id":168,"user_id":68,"revoked":null} 
[2026-05-16 09:42:59] local.INFO: User authenticated via bearer token {"user_id":68,"user_email":"freelancerzahedcreator@gmail.com"} 
[2026-05-16 09:43:29] local.INFO: ParseBearerToken middleware invoked {"path":"/api/v2/creator/profile","method":"GET","has_auth_header":true,"auth_header_preview":"Bearer 168|i1Pfn62igXMWcFgvLcI...","is_bearer":true} 
[2026-05-16 09:43:29] local.INFO: Extracted bearer token {"token_preview":"168|i1Pfn6...","token_length":52} 
[2026-05-16 09:43:29] local.INFO: Found personal access token {"token_id":168,"user_id":68,"revoked":null} 
[2026-05-16 09:43:29] local.INFO: User authenticated via bearer token {"user_id":68,"user_email":"freelancerzahedcreator@gmail.com"} 
[2026-05-16 09:43:59] local.INFO: ParseBearerToken middleware invoked {"path":"/api/v2/creator/profile","method":"GET","has_auth_header":true,"auth_header_preview":"Bearer 168|i1Pfn62igXMWcFgvLcI...","is_bearer":true} 
[2026-05-16 09:43:59] local.INFO: Extracted bearer token {"token_preview":"168|i1Pfn6...","token_length":52} 
[2026-05-16 09:43:59] local.INFO: Found personal access token {"token_id":168,"user_id":68,"revoked":null} 
[2026-05-16 09:43:59] local.INFO: User authenticated via bearer token {"user_id":68,"user_email":"freelancerzahedcreator@gmail.com"} 
[2026-05-16 09:44:29] local.INFO: ParseBearerToken middleware invoked {"path":"/api/v2/creator/profile","method":"GET","has_auth_header":true,"auth_header_preview":"Bearer 168|i1Pfn62igXMWcFgvLcI...","is_bearer":true} 
[2026-05-16 09:44:29] local.INFO: Extracted bearer token {"token_preview":"168|i1Pfn6...","token_length":52} 
[2026-05-16 09:44:29] local.INFO: Found personal access token {"token_id":168,"user_id":68,"revoked":null} 
[2026-05-16 09:44:29] local.INFO: User authenticated via bearer token {"user_id":68,"user_email":"freelancerzahedcreator@gmail.com"} 
[2026-05-16 09:44:59] local.INFO: ParseBearerToken middleware invoked {"path":"/api/v2/creator/profile","method":"GET","has_auth_header":true,"auth_header_preview":"Bearer 168|i1Pfn62igXMWcFgvLcI...","is_bearer":true} 
[2026-05-16 09:44:59] local.INFO: Extracted bearer token {"token_preview":"168|i1Pfn6...","token_length":52} 
[2026-05-16 09:44:59] local.INFO: Found personal access token {"token_id":168,"user_id":68,"revoked":null} 
[2026-05-16 09:44:59] local.INFO: User authenticated via bearer token {"user_id":68,"user_email":"freelancerzahedcreator@gmail.com"} 
[2026-05-16 09:45:29] local.INFO: ParseBearerToken middleware invoked {"path":"/api/v2/creator/profile","method":"GET","has_auth_header":true,"auth_header_preview":"Bearer 168|i1Pfn62igXMWcFgvLcI...","is_bearer":true} 
[2026-05-16 09:45:29] local.INFO: Extracted bearer token {"token_preview":"168|i1Pfn6...","token_length":52} 
[2026-05-16 09:45:29] local.INFO: Found personal access token {"token_id":168,"user_id":68,"revoked":null} 
[2026-05-16 09:45:29] local.INFO: User authenticated via bearer token {"user_id":68,"user_email":"freelancerzahedcreator@gmail.com"} 
[2026-05-16 09:45:59] local.INFO: ParseBearerToken middleware invoked {"path":"/api/v2/creator/profile","method":"GET","has_auth_header":true,"auth_header_preview":"Bearer 168|i1Pfn62igXMWcFgvLcI...","is_bearer":true} 
[2026-05-16 09:45:59] local.INFO: Extracted bearer token {"token_preview":"168|i1Pfn6...","token_length":52} 
[2026-05-16 09:45:59] local.INFO: Found personal access token {"token_id":168,"user_id":68,"revoked":null} 
[2026-05-16 09:45:59] local.INFO: User authenticated via bearer token {"user_id":68,"user_email":"freelancerzahedcreator@gmail.com"} 
[2026-05-16 09:46:28] local.INFO: ParseBearerToken middleware invoked {"path":"/api/v2/creator/profile","method":"GET","has_auth_header":true,"auth_header_preview":"Bearer 168|i1Pfn62igXMWcFgvLcI...","is_bearer":true} 
[2026-05-16 09:46:28] local.INFO: Extracted bearer token {"token_preview":"168|i1Pfn6...","token_length":52} 
[2026-05-16 09:46:28] local.INFO: Found personal access token {"token_id":168,"user_id":68,"revoked":null} 
[2026-05-16 09:46:28] local.INFO: User authenticated via bearer token {"user_id":68,"user_email":"freelancerzahedcreator@gmail.com"} 
[2026-05-16 09:46:58] local.INFO: ParseBearerToken middleware invoked {"path":"/api/v2/creator/profile","method":"GET","has_auth_header":true,"auth_header_preview":"Bearer 168|i1Pfn62igXMWcFgvLcI...","is_bearer":true} 
[2026-05-16 09:46:58] local.INFO: Extracted bearer token {"token_preview":"168|i1Pfn6...","token_length":52} 
[2026-05-16 09:46:58] local.INFO: Found personal access token {"token_id":168,"user_id":68,"revoked":null} 
[2026-05-16 09:46:58] local.INFO: User authenticated via bearer token {"user_id":68,"user_email":"freelancerzahedcreator@gmail.com"} 
[2026-05-16 09:47:28] local.INFO: ParseBearerToken middleware invoked {"path":"/api/v2/creator/profile","method":"GET","has_auth_header":true,"auth_header_preview":"Bearer 168|i1Pfn62igXMWcFgvLcI...","is_bearer":true} 
[2026-05-16 09:47:29] local.INFO: Extracted bearer token {"token_preview":"168|i1Pfn6...","token_length":52} 
[2026-05-16 09:47:29] local.INFO: Found personal access token {"token_id":168,"user_id":68,"revoked":null} 
[2026-05-16 09:47:29] local.INFO: User authenticated via bearer token {"user_id":68,"user_email":"freelancerzahedcreator@gmail.com"} 
[2026-05-16 09:47:59] local.INFO: ParseBearerToken middleware invoked {"path":"/api/v2/creator/profile","method":"GET","has_auth_header":true,"auth_header_preview":"Bearer 168|i1Pfn62igXMWcFgvLcI...","is_bearer":true} 
[2026-05-16 09:47:59] local.INFO: Extracted bearer token {"token_preview":"168|i1Pfn6...","token_length":52} 
[2026-05-16 09:47:59] local.INFO: Found personal access token {"token_id":168,"user_id":68,"revoked":null} 
[2026-05-16 09:47:59] local.INFO: User authenticated via bearer token {"user_id":68,"user_email":"freelancerzahedcreator@gmail.com"} 
[2026-05-16 09:48:29] local.INFO: ParseBearerToken middleware invoked {"path":"/api/v2/creator/profile","method":"GET","has_auth_header":true,"auth_header_preview":"Bearer 168|i1Pfn62igXMWcFgvLcI...","is_bearer":true} 
[2026-05-16 09:48:29] local.INFO: Extracted bearer token {"token_preview":"168|i1Pfn6...","token_length":52} 
[2026-05-16 09:48:29] local.INFO: Found personal access token {"token_id":168,"user_id":68,"revoked":null} 
[2026-05-16 09:48:29] local.INFO: User authenticated via bearer token {"user_id":68,"user_email":"freelancerzahedcreator@gmail.com"} 
[2026-05-16 09:48:59] local.INFO: ParseBearerToken middleware invoked {"path":"/api/v2/creator/profile","method":"GET","has_auth_header":true,"auth_header_preview":"Bearer 168|i1Pfn62igXMWcFgvLcI...","is_bearer":true} 
[2026-05-16 09:48:59] local.INFO: Extracted bearer token {"token_preview":"168|i1Pfn6...","token_length":52} 
[2026-05-16 09:48:59] local.INFO: Found personal access token {"token_id":168,"user_id":68,"revoked":null} 
[2026-05-16 09:48:59] local.INFO: User authenticated via bearer token {"user_id":68,"user_email":"freelancerzahedcreator@gmail.com"} 
[2026-05-16 09:49:29] local.INFO: ParseBearerToken middleware invoked {"path":"/api/v2/creator/profile","method":"GET","has_auth_header":true,"auth_header_preview":"Bearer 168|i1Pfn62igXMWcFgvLcI...","is_bearer":true} 
[2026-05-16 09:49:29] local.INFO: Extracted bearer token {"token_preview":"168|i1Pfn6...","token_length":52} 
[2026-05-16 09:49:29] local.INFO: Found personal access token {"token_id":168,"user_id":68,"revoked":null} 
[2026-05-16 09:49:29] local.INFO: User authenticated via bearer token {"user_id":68,"user_email":"freelancerzahedcreator@gmail.com"} 
[2026-05-16 09:49:59] local.INFO: ParseBearerToken middleware invoked {"path":"/api/v2/creator/profile","method":"GET","has_auth_header":true,"auth_header_preview":"Bearer 168|i1Pfn62igXMWcFgvLcI...","is_bearer":true} 
[2026-05-16 09:49:59] local.INFO: Extracted bearer token {"token_preview":"168|i1Pfn6...","token_length":52} 
[2026-05-16 09:49:59] local.INFO: Found personal access token {"token_id":168,"user_id":68,"revoked":null} 
[2026-05-16 09:49:59] local.INFO: User authenticated via bearer token {"user_id":68,"user_email":"freelancerzahedcreator@gmail.com"} 
[2026-05-16 09:50:29] local.INFO: ParseBearerToken middleware invoked {"path":"/api/v2/creator/profile","method":"GET","has_auth_header":true,"auth_header_preview":"Bearer 168|i1Pfn62igXMWcFgvLcI...","is_bearer":true} 
[2026-05-16 09:50:29] local.INFO: Extracted bearer token {"token_preview":"168|i1Pfn6...","token_length":52} 
[2026-05-16 09:50:29] local.INFO: Found personal access token {"token_id":168,"user_id":68,"revoked":null} 
[2026-05-16 09:50:29] local.INFO: User authenticated via bearer token {"user_id":68,"user_email":"freelancerzahedcreator@gmail.com"} 
[2026-05-16 09:50:58] local.INFO: ParseBearerToken middleware invoked {"path":"/api/v2/creator/profile","method":"GET","has_auth_header":true,"auth_header_preview":"Bearer 168|i1Pfn62igXMWcFgvLcI...","is_bearer":true} 
[2026-05-16 09:50:58] local.INFO: Extracted bearer token {"token_preview":"168|i1Pfn6...","token_length":52} 
[2026-05-16 09:50:58] local.INFO: Found personal access token {"token_id":168,"user_id":68,"revoked":null} 
[2026-05-16 09:50:58] local.INFO: User authenticated via bearer token {"user_id":68,"user_email":"freelancerzahedcreator@gmail.com"} 
[2026-05-16 09:51:28] local.INFO: ParseBearerToken middleware invoked {"path":"/api/v2/creator/profile","method":"GET","has_auth_header":true,"auth_header_preview":"Bearer 168|i1Pfn62igXMWcFgvLcI...","is_bearer":true} 
[2026-05-16 09:51:28] local.INFO: Extracted bearer token {"token_preview":"168|i1Pfn6...","token_length":52} 
[2026-05-16 09:51:28] local.INFO: Found personal access token {"token_id":168,"user_id":68,"revoked":null} 
[2026-05-16 09:51:28] local.INFO: User authenticated via bearer token {"user_id":68,"user_email":"freelancerzahedcreator@gmail.com"} 
[2026-05-16 09:51:58] local.INFO: ParseBearerToken middleware invoked {"path":"/api/v2/creator/profile","method":"GET","has_auth_header":true,"auth_header_preview":"Bearer 168|i1Pfn62igXMWcFgvLcI...","is_bearer":true} 
[2026-05-16 09:51:58] local.INFO: Extracted bearer token {"token_preview":"168|i1Pfn6...","token_length":52} 
[2026-05-16 09:51:58] local.INFO: Found personal access token {"token_id":168,"user_id":68,"revoked":null} 
[2026-05-16 09:51:58] local.INFO: User authenticated via bearer token {"user_id":68,"user_email":"freelancerzahedcreator@gmail.com"} 
[2026-05-16 09:52:29] local.INFO: ParseBearerToken middleware invoked {"path":"/api/v2/creator/profile","method":"GET","has_auth_header":true,"auth_header_preview":"Bearer 168|i1Pfn62igXMWcFgvLcI...","is_bearer":true} 
[2026-05-16 09:52:29] local.INFO: Extracted bearer token {"token_preview":"168|i1Pfn6...","token_length":52} 
[2026-05-16 09:52:29] local.INFO: Found personal access token {"token_id":168,"user_id":68,"revoked":null} 
[2026-05-16 09:52:29] local.INFO: User authenticated via bearer token {"user_id":68,"user_email":"freelancerzahedcreator@gmail.com"} 
[2026-05-16 09:52:59] local.INFO: ParseBearerToken middleware invoked {"path":"/api/v2/creator/profile","method":"GET","has_auth_header":true,"auth_header_preview":"Bearer 168|i1Pfn62igXMWcFgvLcI...","is_bearer":true} 
[2026-05-16 09:52:59] local.INFO: Extracted bearer token {"token_preview":"168|i1Pfn6...","token_length":52} 
[2026-05-16 09:52:59] local.INFO: Found personal access token {"token_id":168,"user_id":68,"revoked":null} 
[2026-05-16 09:52:59] local.INFO: User authenticated via bearer token {"user_id":68,"user_email":"freelancerzahedcreator@gmail.com"} 
[2026-05-16 09:53:29] local.INFO: ParseBearerToken middleware invoked {"path":"/api/v2/creator/profile","method":"GET","has_auth_header":true,"auth_header_preview":"Bearer 168|i1Pfn62igXMWcFgvLcI...","is_bearer":true} 
[2026-05-16 09:53:29] local.INFO: Extracted bearer token {"token_preview":"168|i1Pfn6...","token_length":52} 
[2026-05-16 09:53:29] local.INFO: Found personal access token {"token_id":168,"user_id":68,"revoked":null} 
[2026-05-16 09:53:29] local.INFO: User authenticated via bearer token {"user_id":68,"user_email":"freelancerzahedcreator@gmail.com"} 
[2026-05-16 09:53:59] local.INFO: ParseBearerToken middleware invoked {"path":"/api/v2/creator/profile","method":"GET","has_auth_header":true,"auth_header_preview":"Bearer 168|i1Pfn62igXMWcFgvLcI...","is_bearer":true} 
[2026-05-16 09:53:59] local.INFO: Extracted bearer token {"token_preview":"168|i1Pfn6...","token_length":52} 
[2026-05-16 09:53:59] local.INFO: Found personal access token {"token_id":168,"user_id":68,"revoked":null} 
[2026-05-16 09:53:59] local.INFO: User authenticated via bearer token {"user_id":68,"user_email":"freelancerzahedcreator@gmail.com"} 
[2026-05-16 09:54:29] local.INFO: ParseBearerToken middleware invoked {"path":"/api/v2/creator/profile","method":"GET","has_auth_header":true,"auth_header_preview":"Bearer 168|i1Pfn62igXMWcFgvLcI...","is_bearer":true} 
[2026-05-16 09:54:29] local.INFO: Extracted bearer token {"token_preview":"168|i1Pfn6...","token_length":52} 
[2026-05-16 09:54:29] local.INFO: Found personal access token {"token_id":168,"user_id":68,"revoked":null} 
[2026-05-16 09:54:29] local.INFO: User authenticated via bearer token {"user_id":68,"user_email":"freelancerzahedcreator@gmail.com"} 
[2026-05-16 09:54:59] local.INFO: ParseBearerToken middleware invoked {"path":"/api/v2/creator/profile","method":"GET","has_auth_header":true,"auth_header_preview":"Bearer 168|i1Pfn62igXMWcFgvLcI...","is_bearer":true} 
[2026-05-16 09:54:59] local.INFO: Extracted bearer token {"token_preview":"168|i1Pfn6...","token_length":52} 
[2026-05-16 09:54:59] local.INFO: Found personal access token {"token_id":168,"user_id":68,"revoked":null} 
[2026-05-16 09:54:59] local.INFO: User authenticated via bearer token {"user_id":68,"user_email":"freelancerzahedcreator@gmail.com"} 
[2026-05-16 09:55:29] local.INFO: ParseBearerToken middleware invoked {"path":"/api/v2/creator/profile","method":"GET","has_auth_header":true,"auth_header_preview":"Bearer 168|i1Pfn62igXMWcFgvLcI...","is_bearer":true} 
[2026-05-16 09:55:29] local.INFO: Extracted bearer token {"token_preview":"168|i1Pfn6...","token_length":52} 
[2026-05-16 09:55:29] local.INFO: Found personal access token {"token_id":168,"user_id":68,"revoked":null} 
[2026-05-16 09:55:29] local.INFO: User authenticated via bearer token {"user_id":68,"user_email":"freelancerzahedcreator@gmail.com"} 
[2026-05-16 09:55:59] local.INFO: ParseBearerToken middleware invoked {"path":"/api/v2/creator/profile","method":"GET","has_auth_header":true,"auth_header_preview":"Bearer 168|i1Pfn62igXMWcFgvLcI...","is_bearer":true} 
[2026-05-16 09:55:59] local.INFO: Extracted bearer token {"token_preview":"168|i1Pfn6...","token_length":52} 
[2026-05-16 09:55:59] local.INFO: Found personal access token {"token_id":168,"user_id":68,"revoked":null} 
[2026-05-16 09:55:59] local.INFO: User authenticated via bearer token {"user_id":68,"user_email":"freelancerzahedcreator@gmail.com"} 
[2026-05-16 09:56:29] local.INFO: ParseBearerToken middleware invoked {"path":"/api/v2/creator/profile","method":"GET","has_auth_header":true,"auth_header_preview":"Bearer 168|i1Pfn62igXMWcFgvLcI...","is_bearer":true} 
[2026-05-16 09:56:29] local.INFO: Extracted bearer token {"token_preview":"168|i1Pfn6...","token_length":52} 
[2026-05-16 09:56:29] local.INFO: Found personal access token {"token_id":168,"user_id":68,"revoked":null} 
[2026-05-16 09:56:29] local.INFO: User authenticated via bearer token {"user_id":68,"user_email":"freelancerzahedcreator@gmail.com"} 
[2026-05-16 09:56:59] local.INFO: ParseBearerToken middleware invoked {"path":"/api/v2/creator/profile","method":"GET","has_auth_header":true,"auth_header_preview":"Bearer 168|i1Pfn62igXMWcFgvLcI...","is_bearer":true} 
[2026-05-16 09:56:59] local.INFO: Extracted bearer token {"token_preview":"168|i1Pfn6...","token_length":52} 
[2026-05-16 09:56:59] local.INFO: Found personal access token {"token_id":168,"user_id":68,"revoked":null} 
[2026-05-16 09:56:59] local.INFO: User authenticated via bearer token {"user_id":68,"user_email":"freelancerzahedcreator@gmail.com"} 
[2026-05-16 09:57:29] local.INFO: ParseBearerToken middleware invoked {"path":"/api/v2/creator/profile","method":"GET","has_auth_header":true,"auth_header_preview":"Bearer 168|i1Pfn62igXMWcFgvLcI...","is_bearer":true} 
[2026-05-16 09:57:29] local.INFO: Extracted bearer token {"token_preview":"168|i1Pfn6...","token_length":52} 
[2026-05-16 09:57:29] local.INFO: Found personal access token {"token_id":168,"user_id":68,"revoked":null} 
[2026-05-16 09:57:29] local.INFO: User authenticated via bearer token {"user_id":68,"user_email":"freelancerzahedcreator@gmail.com"} 
[2026-05-16 09:57:59] local.INFO: ParseBearerToken middleware invoked {"path":"/api/v2/creator/profile","method":"GET","has_auth_header":true,"auth_header_preview":"Bearer 168|i1Pfn62igXMWcFgvLcI...","is_bearer":true} 
[2026-05-16 09:57:59] local.INFO: Extracted bearer token {"token_preview":"168|i1Pfn6...","token_length":52} 
[2026-05-16 09:57:59] local.INFO: Found personal access token {"token_id":168,"user_id":68,"revoked":null} 
[2026-05-16 09:57:59] local.INFO: User authenticated via bearer token {"user_id":68,"user_email":"freelancerzahedcreator@gmail.com"} 
[2026-05-16 09:58:29] local.INFO: ParseBearerToken middleware invoked {"path":"/api/v2/creator/profile","method":"GET","has_auth_header":true,"auth_header_preview":"Bearer 168|i1Pfn62igXMWcFgvLcI...","is_bearer":true} 
[2026-05-16 09:58:29] local.INFO: Extracted bearer token {"token_preview":"168|i1Pfn6...","token_length":52} 
[2026-05-16 09:58:29] local.INFO: Found personal access token {"token_id":168,"user_id":68,"revoked":null} 
[2026-05-16 09:58:29] local.INFO: User authenticated via bearer token {"user_id":68,"user_email":"freelancerzahedcreator@gmail.com"} 
[2026-05-16 09:58:59] local.INFO: ParseBearerToken middleware invoked {"path":"/api/v2/creator/profile","method":"GET","has_auth_header":true,"auth_header_preview":"Bearer 168|i1Pfn62igXMWcFgvLcI...","is_bearer":true} 
[2026-05-16 09:58:59] local.INFO: Extracted bearer token {"token_preview":"168|i1Pfn6...","token_length":52} 
[2026-05-16 09:58:59] local.INFO: Found personal access token {"token_id":168,"user_id":68,"revoked":null} 
[2026-05-16 09:58:59] local.INFO: User authenticated via bearer token {"user_id":68,"user_email":"freelancerzahedcreator@gmail.com"} 
[2026-05-16 09:59:29] local.INFO: ParseBearerToken middleware invoked {"path":"/api/v2/creator/profile","method":"GET","has_auth_header":true,"auth_header_preview":"Bearer 168|i1Pfn62igXMWcFgvLcI...","is_bearer":true} 
[2026-05-16 09:59:29] local.INFO: Extracted bearer token {"token_preview":"168|i1Pfn6...","token_length":52} 
[2026-05-16 09:59:29] local.INFO: Found personal access token {"token_id":168,"user_id":68,"revoked":null} 
[2026-05-16 09:59:29] local.INFO: User authenticated via bearer token {"user_id":68,"user_email":"freelancerzahedcreator@gmail.com"} 
[2026-05-16 09:59:59] local.INFO: ParseBearerToken middleware invoked {"path":"/api/v2/creator/profile","method":"GET","has_auth_header":true,"auth_header_preview":"Bearer 168|i1Pfn62igXMWcFgvLcI...","is_bearer":true} 
[2026-05-16 09:59:59] local.INFO: Extracted bearer token {"token_preview":"168|i1Pfn6...","token_length":52} 
[2026-05-16 09:59:59] local.INFO: Found personal access token {"token_id":168,"user_id":68,"revoked":null} 
[2026-05-16 09:59:59] local.INFO: User authenticated via bearer token {"user_id":68,"user_email":"freelancerzahedcreator@gmail.com"} 
[2026-05-16 10:00:29] local.INFO: ParseBearerToken middleware invoked {"path":"/api/v2/creator/profile","method":"GET","has_auth_header":true,"auth_header_preview":"Bearer 168|i1Pfn62igXMWcFgvLcI...","is_bearer":true} 
[2026-05-16 10:00:29] local.INFO: Extracted bearer token {"token_preview":"168|i1Pfn6...","token_length":52} 
[2026-05-16 10:00:29] local.INFO: Found personal access token {"token_id":168,"user_id":68,"revoked":null} 
[2026-05-16 10:00:29] local.INFO: User authenticated via bearer token {"user_id":68,"user_email":"freelancerzahedcreator@gmail.com"} 
[2026-05-16 10:00:59] local.INFO: ParseBearerToken middleware invoked {"path":"/api/v2/creator/profile","method":"GET","has_auth_header":true,"auth_header_preview":"Bearer 168|i1Pfn62igXMWcFgvLcI...","is_bearer":true} 
[2026-05-16 10:00:59] local.INFO: Extracted bearer token {"token_preview":"168|i1Pfn6...","token_length":52} 
[2026-05-16 10:00:59] local.INFO: Found personal access token {"token_id":168,"user_id":68,"revoked":null} 
[2026-05-16 10:00:59] local.INFO: User authenticated via bearer token {"user_id":68,"user_email":"freelancerzahedcreator@gmail.com"} 
[2026-05-16 10:01:29] local.INFO: ParseBearerToken middleware invoked {"path":"/api/v2/creator/profile","method":"GET","has_auth_header":true,"auth_header_preview":"Bearer 168|i1Pfn62igXMWcFgvLcI...","is_bearer":true} 
[2026-05-16 10:01:29] local.INFO: Extracted bearer token {"token_preview":"168|i1Pfn6...","token_length":52} 
[2026-05-16 10:01:29] local.INFO: Found personal access token {"token_id":168,"user_id":68,"revoked":null} 
[2026-05-16 10:01:29] local.INFO: User authenticated via bearer token {"user_id":68,"user_email":"freelancerzahedcreator@gmail.com"} 
[2026-05-16 10:01:59] local.INFO: ParseBearerToken middleware invoked {"path":"/api/v2/creator/profile","method":"GET","has_auth_header":true,"auth_header_preview":"Bearer 168|i1Pfn62igXMWcFgvLcI...","is_bearer":true} 
[2026-05-16 10:01:59] local.INFO: Extracted bearer token {"token_preview":"168|i1Pfn6...","token_length":52} 
[2026-05-16 10:01:59] local.INFO: Found personal access token {"token_id":168,"user_id":68,"revoked":null} 
[2026-05-16 10:01:59] local.INFO: User authenticated via bearer token {"user_id":68,"user_email":"freelancerzahedcreator@gmail.com"} 
[2026-05-16 10:02:29] local.INFO: ParseBearerToken middleware invoked {"path":"/api/v2/creator/profile","method":"GET","has_auth_header":true,"auth_header_preview":"Bearer 168|i1Pfn62igXMWcFgvLcI...","is_bearer":true} 
[2026-05-16 10:02:29] local.INFO: Extracted bearer token {"token_preview":"168|i1Pfn6...","token_length":52} 
[2026-05-16 10:02:29] local.INFO: Found personal access token {"token_id":168,"user_id":68,"revoked":null} 
[2026-05-16 10:02:29] local.INFO: User authenticated via bearer token {"user_id":68,"user_email":"freelancerzahedcreator@gmail.com"} 
[2026-05-16 10:02:59] local.INFO: ParseBearerToken middleware invoked {"path":"/api/v2/creator/profile","method":"GET","has_auth_header":true,"auth_header_preview":"Bearer 168|i1Pfn62igXMWcFgvLcI...","is_bearer":true} 
[2026-05-16 10:02:59] local.INFO: Extracted bearer token {"token_preview":"168|i1Pfn6...","token_length":52} 
[2026-05-16 10:02:59] local.INFO: Found personal access token {"token_id":168,"user_id":68,"revoked":null} 
[2026-05-16 10:02:59] local.INFO: User authenticated via bearer token {"user_id":68,"user_email":"freelancerzahedcreator@gmail.com"} 
[2026-05-16 10:03:29] local.INFO: ParseBearerToken middleware invoked {"path":"/api/v2/creator/profile","method":"GET","has_auth_header":true,"auth_header_preview":"Bearer 168|i1Pfn62igXMWcFgvLcI...","is_bearer":true} 
[2026-05-16 10:03:29] local.INFO: Extracted bearer token {"token_preview":"168|i1Pfn6...","token_length":52} 
[2026-05-16 10:03:29] local.INFO: Found personal access token {"token_id":168,"user_id":68,"revoked":null} 
[2026-05-16 10:03:29] local.INFO: User authenticated via bearer token {"user_id":68,"user_email":"freelancerzahedcreator@gmail.com"} 
[2026-05-16 10:03:59] local.INFO: ParseBearerToken middleware invoked {"path":"/api/v2/creator/profile","method":"GET","has_auth_header":true,"auth_header_preview":"Bearer 168|i1Pfn62igXMWcFgvLcI...","is_bearer":true} 
[2026-05-16 10:03:59] local.INFO: Extracted bearer token {"token_preview":"168|i1Pfn6...","token_length":52} 
[2026-05-16 10:03:59] local.INFO: Found personal access token {"token_id":168,"user_id":68,"revoked":null} 
[2026-05-16 10:03:59] local.INFO: User authenticated via bearer token {"user_id":68,"user_email":"freelancerzahedcreator@gmail.com"} 
[2026-05-16 10:04:29] local.INFO: ParseBearerToken middleware invoked {"path":"/api/v2/creator/profile","method":"GET","has_auth_header":true,"auth_header_preview":"Bearer 168|i1Pfn62igXMWcFgvLcI...","is_bearer":true} 
[2026-05-16 10:04:29] local.INFO: Extracted bearer token {"token_preview":"168|i1Pfn6...","token_length":52} 
[2026-05-16 10:04:29] local.INFO: Found personal access token {"token_id":168,"user_id":68,"revoked":null} 
[2026-05-16 10:04:29] local.INFO: User authenticated via bearer token {"user_id":68,"user_email":"freelancerzahedcreator@gmail.com"} 
[2026-05-16 10:04:59] local.INFO: ParseBearerToken middleware invoked {"path":"/api/v2/creator/profile","method":"GET","has_auth_header":true,"auth_header_preview":"Bearer 168|i1Pfn62igXMWcFgvLcI...","is_bearer":true} 
[2026-05-16 10:04:59] local.INFO: Extracted bearer token {"token_preview":"168|i1Pfn6...","token_length":52} 
[2026-05-16 10:04:59] local.INFO: Found personal access token {"token_id":168,"user_id":68,"revoked":null} 
[2026-05-16 10:04:59] local.INFO: User authenticated via bearer token {"user_id":68,"user_email":"freelancerzahedcreator@gmail.com"} 
[2026-05-16 10:05:29] local.INFO: ParseBearerToken middleware invoked {"path":"/api/v2/creator/profile","method":"GET","has_auth_header":true,"auth_header_preview":"Bearer 168|i1Pfn62igXMWcFgvLcI...","is_bearer":true} 
[2026-05-16 10:05:29] local.INFO: Extracted bearer token {"token_preview":"168|i1Pfn6...","token_length":52} 
[2026-05-16 10:05:29] local.INFO: Found personal access token {"token_id":168,"user_id":68,"revoked":null} 
[2026-05-16 10:05:29] local.INFO: User authenticated via bearer token {"user_id":68,"user_email":"freelancerzahedcreator@gmail.com"} 
[2026-05-16 10:05:59] local.INFO: ParseBearerToken middleware invoked {"path":"/api/v2/creator/profile","method":"GET","has_auth_header":true,"auth_header_preview":"Bearer 168|i1Pfn62igXMWcFgvLcI...","is_bearer":true} 
[2026-05-16 10:05:59] local.INFO: Extracted bearer token {"token_preview":"168|i1Pfn6...","token_length":52} 
[2026-05-16 10:05:59] local.INFO: Found personal access token {"token_id":168,"user_id":68,"revoked":null} 
[2026-05-16 10:05:59] local.INFO: User authenticated via bearer token {"user_id":68,"user_email":"freelancerzahedcreator@gmail.com"} 
[2026-05-16 10:06:29] local.INFO: ParseBearerToken middleware invoked {"path":"/api/v2/creator/profile","method":"GET","has_auth_header":true,"auth_header_preview":"Bearer 168|i1Pfn62igXMWcFgvLcI...","is_bearer":true} 
[2026-05-16 10:06:29] local.INFO: Extracted bearer token {"token_preview":"168|i1Pfn6...","token_length":52} 
[2026-05-16 10:06:29] local.INFO: Found personal access token {"token_id":168,"user_id":68,"revoked":null} 
[2026-05-16 10:06:29] local.INFO: User authenticated via bearer token {"user_id":68,"user_email":"freelancerzahedcreator@gmail.com"} 
[2026-05-16 10:06:59] local.INFO: ParseBearerToken middleware invoked {"path":"/api/v2/creator/profile","method":"GET","has_auth_header":true,"auth_header_preview":"Bearer 168|i1Pfn62igXMWcFgvLcI...","is_bearer":true} 
[2026-05-16 10:06:59] local.INFO: Extracted bearer token {"token_preview":"168|i1Pfn6...","token_length":52} 
[2026-05-16 10:06:59] local.INFO: Found personal access token {"token_id":168,"user_id":68,"revoked":null} 
[2026-05-16 10:06:59] local.INFO: User authenticated via bearer token {"user_id":68,"user_email":"freelancerzahedcreator@gmail.com"} 
[2026-05-16 10:07:29] local.INFO: ParseBearerToken middleware invoked {"path":"/api/v2/creator/profile","method":"GET","has_auth_header":true,"auth_header_preview":"Bearer 168|i1Pfn62igXMWcFgvLcI...","is_bearer":true} 
[2026-05-16 10:07:29] local.INFO: Extracted bearer token {"token_preview":"168|i1Pfn6...","token_length":52} 
[2026-05-16 10:07:29] local.INFO: Found personal access token {"token_id":168,"user_id":68,"revoked":null} 
[2026-05-16 10:07:29] local.INFO: User authenticated via bearer token {"user_id":68,"user_email":"freelancerzahedcreator@gmail.com"} 
[2026-05-16 10:07:59] local.INFO: ParseBearerToken middleware invoked {"path":"/api/v2/creator/profile","method":"GET","has_auth_header":true,"auth_header_preview":"Bearer 168|i1Pfn62igXMWcFgvLcI...","is_bearer":true} 
[2026-05-16 10:07:59] local.INFO: Extracted bearer token {"token_preview":"168|i1Pfn6...","token_length":52} 
[2026-05-16 10:07:59] local.INFO: Found personal access token {"token_id":168,"user_id":68,"revoked":null} 
[2026-05-16 10:07:59] local.INFO: User authenticated via bearer token {"user_id":68,"user_email":"freelancerzahedcreator@gmail.com"} 
[2026-05-16 10:08:29] local.INFO: ParseBearerToken middleware invoked {"path":"/api/v2/creator/profile","method":"GET","has_auth_header":true,"auth_header_preview":"Bearer 168|i1Pfn62igXMWcFgvLcI...","is_bearer":true} 
[2026-05-16 10:08:29] local.INFO: Extracted bearer token {"token_preview":"168|i1Pfn6...","token_length":52} 
[2026-05-16 10:08:29] local.INFO: Found personal access token {"token_id":168,"user_id":68,"revoked":null} 
[2026-05-16 10:08:29] local.INFO: User authenticated via bearer token {"user_id":68,"user_email":"freelancerzahedcreator@gmail.com"} 
[2026-05-16 10:08:59] local.INFO: ParseBearerToken middleware invoked {"path":"/api/v2/creator/profile","method":"GET","has_auth_header":true,"auth_header_preview":"Bearer 168|i1Pfn62igXMWcFgvLcI...","is_bearer":true} 
[2026-05-16 10:08:59] local.INFO: Extracted bearer token {"token_preview":"168|i1Pfn6...","token_length":52} 
[2026-05-16 10:08:59] local.INFO: Found personal access token {"token_id":168,"user_id":68,"revoked":null} 
[2026-05-16 10:08:59] local.INFO: User authenticated via bearer token {"user_id":68,"user_email":"freelancerzahedcreator@gmail.com"} 
[2026-05-16 10:09:29] local.INFO: ParseBearerToken middleware invoked {"path":"/api/v2/creator/profile","method":"GET","has_auth_header":true,"auth_header_preview":"Bearer 168|i1Pfn62igXMWcFgvLcI...","is_bearer":true} 
[2026-05-16 10:09:29] local.INFO: Extracted bearer token {"token_preview":"168|i1Pfn6...","token_length":52} 
[2026-05-16 10:09:29] local.INFO: Found personal access token {"token_id":168,"user_id":68,"revoked":null} 
[2026-05-16 10:09:29] local.INFO: User authenticated via bearer token {"user_id":68,"user_email":"freelancerzahedcreator@gmail.com"} 
[2026-05-16 10:09:59] local.INFO: ParseBearerToken middleware invoked {"path":"/api/v2/creator/profile","method":"GET","has_auth_header":true,"auth_header_preview":"Bearer 168|i1Pfn62igXMWcFgvLcI...","is_bearer":true} 
[2026-05-16 10:09:59] local.INFO: Extracted bearer token {"token_preview":"168|i1Pfn6...","token_length":52} 
[2026-05-16 10:09:59] local.INFO: Found personal access token {"token_id":168,"user_id":68,"revoked":null} 
[2026-05-16 10:09:59] local.INFO: User authenticated via bearer token {"user_id":68,"user_email":"freelancerzahedcreator@gmail.com"} 
[2026-05-16 10:10:29] local.INFO: ParseBearerToken middleware invoked {"path":"/api/v2/creator/profile","method":"GET","has_auth_header":true,"auth_header_preview":"Bearer 168|i1Pfn62igXMWcFgvLcI...","is_bearer":true} 
[2026-05-16 10:10:29] local.INFO: Extracted bearer token {"token_preview":"168|i1Pfn6...","token_length":52} 
[2026-05-16 10:10:29] local.INFO: Found personal access token {"token_id":168,"user_id":68,"revoked":null} 
[2026-05-16 10:10:29] local.INFO: User authenticated via bearer token {"user_id":68,"user_email":"freelancerzahedcreator@gmail.com"} 
[2026-05-16 10:10:59] local.INFO: ParseBearerToken middleware invoked {"path":"/api/v2/creator/profile","method":"GET","has_auth_header":true,"auth_header_preview":"Bearer 168|i1Pfn62igXMWcFgvLcI...","is_bearer":true} 
[2026-05-16 10:10:59] local.INFO: Extracted bearer token {"token_preview":"168|i1Pfn6...","token_length":52} 
[2026-05-16 10:10:59] local.INFO: Found personal access token {"token_id":168,"user_id":68,"revoked":null} 
[2026-05-16 10:10:59] local.INFO: User authenticated via bearer token {"user_id":68,"user_email":"freelancerzahedcreator@gmail.com"} 
[2026-05-16 10:11:29] local.INFO: ParseBearerToken middleware invoked {"path":"/api/v2/creator/profile","method":"GET","has_auth_header":true,"auth_header_preview":"Bearer 168|i1Pfn62igXMWcFgvLcI...","is_bearer":true} 
[2026-05-16 10:11:29] local.INFO: Extracted bearer token {"token_preview":"168|i1Pfn6...","token_length":52} 
[2026-05-16 10:11:29] local.INFO: Found personal access token {"token_id":168,"user_id":68,"revoked":null} 
[2026-05-16 10:11:29] local.INFO: User authenticated via bearer token {"user_id":68,"user_email":"freelancerzahedcreator@gmail.com"} 
[2026-05-16 10:11:59] local.INFO: ParseBearerToken middleware invoked {"path":"/api/v2/creator/profile","method":"GET","has_auth_header":true,"auth_header_preview":"Bearer 168|i1Pfn62igXMWcFgvLcI...","is_bearer":true} 
[2026-05-16 10:11:59] local.INFO: Extracted bearer token {"token_preview":"168|i1Pfn6...","token_length":52} 
[2026-05-16 10:11:59] local.INFO: Found personal access token {"token_id":168,"user_id":68,"revoked":null} 
[2026-05-16 10:11:59] local.INFO: User authenticated via bearer token {"user_id":68,"user_email":"freelancerzahedcreator@gmail.com"} 
[2026-05-16 10:12:29] local.INFO: ParseBearerToken middleware invoked {"path":"/api/v2/creator/profile","method":"GET","has_auth_header":true,"auth_header_preview":"Bearer 168|i1Pfn62igXMWcFgvLcI...","is_bearer":true} 
[2026-05-16 10:12:29] local.INFO: Extracted bearer token {"token_preview":"168|i1Pfn6...","token_length":52} 
[2026-05-16 10:12:29] local.INFO: Found personal access token {"token_id":168,"user_id":68,"revoked":null} 
[2026-05-16 10:12:29] local.INFO: User authenticated via bearer token {"user_id":68,"user_email":"freelancerzahedcreator@gmail.com"} 
[2026-05-16 10:12:59] local.INFO: ParseBearerToken middleware invoked {"path":"/api/v2/creator/profile","method":"GET","has_auth_header":true,"auth_header_preview":"Bearer 168|i1Pfn62igXMWcFgvLcI...","is_bearer":true} 
[2026-05-16 10:12:59] local.INFO: Extracted bearer token {"token_preview":"168|i1Pfn6...","token_length":52} 
[2026-05-16 10:12:59] local.INFO: Found personal access token {"token_id":168,"user_id":68,"revoked":null} 
[2026-05-16 10:12:59] local.INFO: User authenticated via bearer token {"user_id":68,"user_email":"freelancerzahedcreator@gmail.com"} 
[2026-05-16 10:13:29] local.INFO: ParseBearerToken middleware invoked {"path":"/api/v2/creator/profile","method":"GET","has_auth_header":true,"auth_header_preview":"Bearer 168|i1Pfn62igXMWcFgvLcI...","is_bearer":true} 
[2026-05-16 10:13:29] local.INFO: Extracted bearer token {"token_preview":"168|i1Pfn6...","token_length":52} 
[2026-05-16 10:13:29] local.INFO: Found personal access token {"token_id":168,"user_id":68,"revoked":null} 
[2026-05-16 10:13:29] local.INFO: User authenticated via bearer token {"user_id":68,"user_email":"freelancerzahedcreator@gmail.com"} 
[2026-05-16 10:13:59] local.INFO: ParseBearerToken middleware invoked {"path":"/api/v2/creator/profile","method":"GET","has_auth_header":true,"auth_header_preview":"Bearer 168|i1Pfn62igXMWcFgvLcI...","is_bearer":true} 
[2026-05-16 10:13:59] local.INFO: Extracted bearer token {"token_preview":"168|i1Pfn6...","token_length":52} 
[2026-05-16 10:13:59] local.INFO: Found personal access token {"token_id":168,"user_id":68,"revoked":null} 
[2026-05-16 10:13:59] local.INFO: User authenticated via bearer token {"user_id":68,"user_email":"freelancerzahedcreator@gmail.com"} 
[2026-05-16 10:14:29] local.INFO: ParseBearerToken middleware invoked {"path":"/api/v2/creator/profile","method":"GET","has_auth_header":true,"auth_header_preview":"Bearer 168|i1Pfn62igXMWcFgvLcI...","is_bearer":true} 
[2026-05-16 10:14:29] local.INFO: Extracted bearer token {"token_preview":"168|i1Pfn6...","token_length":52} 
[2026-05-16 10:14:29] local.INFO: Found personal access token {"token_id":168,"user_id":68,"revoked":null} 
[2026-05-16 10:14:29] local.INFO: User authenticated via bearer token {"user_id":68,"user_email":"freelancerzahedcreator@gmail.com"} 
[2026-05-16 10:14:59] local.INFO: ParseBearerToken middleware invoked {"path":"/api/v2/creator/profile","method":"GET","has_auth_header":true,"auth_header_preview":"Bearer 168|i1Pfn62igXMWcFgvLcI...","is_bearer":true} 
[2026-05-16 10:14:59] local.INFO: Extracted bearer token {"token_preview":"168|i1Pfn6...","token_length":52} 
[2026-05-16 10:14:59] local.INFO: Found personal access token {"token_id":168,"user_id":68,"revoked":null} 
[2026-05-16 10:14:59] local.INFO: User authenticated via bearer token {"user_id":68,"user_email":"freelancerzahedcreator@gmail.com"} 
[2026-05-16 10:15:29] local.INFO: ParseBearerToken middleware invoked {"path":"/api/v2/creator/profile","method":"GET","has_auth_header":true,"auth_header_preview":"Bearer 168|i1Pfn62igXMWcFgvLcI...","is_bearer":true} 
[2026-05-16 10:15:29] local.INFO: Extracted bearer token {"token_preview":"168|i1Pfn6...","token_length":52} 
[2026-05-16 10:15:29] local.INFO: Found personal access token {"token_id":168,"user_id":68,"revoked":null} 
[2026-05-16 10:15:29] local.INFO: User authenticated via bearer token {"user_id":68,"user_email":"freelancerzahedcreator@gmail.com"} 
[2026-05-16 10:15:59] local.INFO: ParseBearerToken middleware invoked {"path":"/api/v2/creator/profile","method":"GET","has_auth_header":true,"auth_header_preview":"Bearer 168|i1Pfn62igXMWcFgvLcI...","is_bearer":true} 
[2026-05-16 10:15:59] local.INFO: Extracted bearer token {"token_preview":"168|i1Pfn6...","token_length":52} 
[2026-05-16 10:15:59] local.INFO: Found personal access token {"token_id":168,"user_id":68,"revoked":null} 
[2026-05-16 10:15:59] local.INFO: User authenticated via bearer token {"user_id":68,"user_email":"freelancerzahedcreator@gmail.com"} 
[2026-05-16 10:16:29] local.INFO: ParseBearerToken middleware invoked {"path":"/api/v2/creator/profile","method":"GET","has_auth_header":true,"auth_header_preview":"Bearer 168|i1Pfn62igXMWcFgvLcI...","is_bearer":true} 
[2026-05-16 10:16:29] local.INFO: Extracted bearer token {"token_preview":"168|i1Pfn6...","token_length":52} 
[2026-05-16 10:16:29] local.INFO: Found personal access token {"token_id":168,"user_id":68,"revoked":null} 
[2026-05-16 10:16:29] local.INFO: User authenticated via bearer token {"user_id":68,"user_email":"freelancerzahedcreator@gmail.com"} 
[2026-05-16 10:16:59] local.INFO: ParseBearerToken middleware invoked {"path":"/api/v2/creator/profile","method":"GET","has_auth_header":true,"auth_header_preview":"Bearer 168|i1Pfn62igXMWcFgvLcI...","is_bearer":true} 
[2026-05-16 10:16:59] local.INFO: Extracted bearer token {"token_preview":"168|i1Pfn6...","token_length":52} 
[2026-05-16 10:16:59] local.INFO: Found personal access token {"token_id":168,"user_id":68,"revoked":null} 
[2026-05-16 10:16:59] local.INFO: User authenticated via bearer token {"user_id":68,"user_email":"freelancerzahedcreator@gmail.com"} 
[2026-05-16 10:17:29] local.INFO: ParseBearerToken middleware invoked {"path":"/api/v2/creator/profile","method":"GET","has_auth_header":true,"auth_header_preview":"Bearer 168|i1Pfn62igXMWcFgvLcI...","is_bearer":true} 
[2026-05-16 10:17:29] local.INFO: Extracted bearer token {"token_preview":"168|i1Pfn6...","token_length":52} 
[2026-05-16 10:17:29] local.INFO: Found personal access token {"token_id":168,"user_id":68,"revoked":null} 
[2026-05-16 10:17:29] local.INFO: User authenticated via bearer token {"user_id":68,"user_email":"freelancerzahedcreator@gmail.com"} 
[2026-05-16 10:17:59] local.INFO: ParseBearerToken middleware invoked {"path":"/api/v2/creator/profile","method":"GET","has_auth_header":true,"auth_header_preview":"Bearer 168|i1Pfn62igXMWcFgvLcI...","is_bearer":true} 
[2026-05-16 10:17:59] local.INFO: Extracted bearer token {"token_preview":"168|i1Pfn6...","token_length":52} 
[2026-05-16 10:17:59] local.INFO: Found personal access token {"token_id":168,"user_id":68,"revoked":null} 
[2026-05-16 10:17:59] local.INFO: User authenticated via bearer token {"user_id":68,"user_email":"freelancerzahedcreator@gmail.com"} 
[2026-05-16 10:18:29] local.INFO: ParseBearerToken middleware invoked {"path":"/api/v2/creator/profile","method":"GET","has_auth_header":true,"auth_header_preview":"Bearer 168|i1Pfn62igXMWcFgvLcI...","is_bearer":true} 
[2026-05-16 10:18:29] local.INFO: Extracted bearer token {"token_preview":"168|i1Pfn6...","token_length":52} 
[2026-05-16 10:18:29] local.INFO: Found personal access token {"token_id":168,"user_id":68,"revoked":null} 
[2026-05-16 10:18:29] local.INFO: User authenticated via bearer token {"user_id":68,"user_email":"freelancerzahedcreator@gmail.com"} 
[2026-05-16 10:18:59] local.INFO: ParseBearerToken middleware invoked {"path":"/api/v2/creator/profile","method":"GET","has_auth_header":true,"auth_header_preview":"Bearer 168|i1Pfn62igXMWcFgvLcI...","is_bearer":true} 
[2026-05-16 10:18:59] local.INFO: Extracted bearer token {"token_preview":"168|i1Pfn6...","token_length":52} 
[2026-05-16 10:18:59] local.INFO: Found personal access token {"token_id":168,"user_id":68,"revoked":null} 
[2026-05-16 10:18:59] local.INFO: User authenticated via bearer token {"user_id":68,"user_email":"freelancerzahedcreator@gmail.com"} 
[2026-05-16 10:19:29] local.INFO: ParseBearerToken middleware invoked {"path":"/api/v2/creator/profile","method":"GET","has_auth_header":true,"auth_header_preview":"Bearer 168|i1Pfn62igXMWcFgvLcI...","is_bearer":true} 
[2026-05-16 10:19:29] local.INFO: Extracted bearer token {"token_preview":"168|i1Pfn6...","token_length":52} 
[2026-05-16 10:19:29] local.INFO: Found personal access token {"token_id":168,"user_id":68,"revoked":null} 
[2026-05-16 10:19:29] local.INFO: User authenticated via bearer token {"user_id":68,"user_email":"freelancerzahedcreator@gmail.com"} 
[2026-05-16 10:19:59] local.INFO: ParseBearerToken middleware invoked {"path":"/api/v2/creator/profile","method":"GET","has_auth_header":true,"auth_header_preview":"Bearer 168|i1Pfn62igXMWcFgvLcI...","is_bearer":true} 
[2026-05-16 10:19:59] local.INFO: Extracted bearer token {"token_preview":"168|i1Pfn6...","token_length":52} 
[2026-05-16 10:19:59] local.INFO: Found personal access token {"token_id":168,"user_id":68,"revoked":null} 
[2026-05-16 10:19:59] local.INFO: User authenticated via bearer token {"user_id":68,"user_email":"freelancerzahedcreator@gmail.com"} 
[2026-05-16 10:20:29] local.INFO: ParseBearerToken middleware invoked {"path":"/api/v2/creator/profile","method":"GET","has_auth_header":true,"auth_header_preview":"Bearer 168|i1Pfn62igXMWcFgvLcI...","is_bearer":true} 
[2026-05-16 10:20:29] local.INFO: Extracted bearer token {"token_preview":"168|i1Pfn6...","token_length":52} 
[2026-05-16 10:20:29] local.INFO: Found personal access token {"token_id":168,"user_id":68,"revoked":null} 
[2026-05-16 10:20:29] local.INFO: User authenticated via bearer token {"user_id":68,"user_email":"freelancerzahedcreator@gmail.com"} 
[2026-05-16 10:20:59] local.INFO: ParseBearerToken middleware invoked {"path":"/api/v2/creator/profile","method":"GET","has_auth_header":true,"auth_header_preview":"Bearer 168|i1Pfn62igXMWcFgvLcI...","is_bearer":true} 
[2026-05-16 10:20:59] local.INFO: Extracted bearer token {"token_preview":"168|i1Pfn6...","token_length":52} 
[2026-05-16 10:20:59] local.INFO: Found personal access token {"token_id":168,"user_id":68,"revoked":null} 
[2026-05-16 10:20:59] local.INFO: User authenticated via bearer token {"user_id":68,"user_email":"freelancerzahedcreator@gmail.com"} 
[2026-05-16 10:21:28] local.INFO: ParseBearerToken middleware invoked {"path":"/api/v2/creator/profile","method":"GET","has_auth_header":true,"auth_header_preview":"Bearer 168|i1Pfn62igXMWcFgvLcI...","is_bearer":true} 
[2026-05-16 10:21:28] local.INFO: Extracted bearer token {"token_preview":"168|i1Pfn6...","token_length":52} 
[2026-05-16 10:21:28] local.INFO: Found personal access token {"token_id":168,"user_id":68,"revoked":null} 
[2026-05-16 10:21:28] local.INFO: User authenticated via bearer token {"user_id":68,"user_email":"freelancerzahedcreator@gmail.com"} 
[2026-05-16 10:21:58] local.INFO: ParseBearerToken middleware invoked {"path":"/api/v2/creator/profile","method":"GET","has_auth_header":true,"auth_header_preview":"Bearer 168|i1Pfn62igXMWcFgvLcI...","is_bearer":true} 
[2026-05-16 10:21:58] local.INFO: Extracted bearer token {"token_preview":"168|i1Pfn6...","token_length":52} 
[2026-05-16 10:21:58] local.INFO: Found personal access token {"token_id":168,"user_id":68,"revoked":null} 
[2026-05-16 10:21:58] local.INFO: User authenticated via bearer token {"user_id":68,"user_email":"freelancerzahedcreator@gmail.com"} 
[2026-05-16 10:22:28] local.INFO: ParseBearerToken middleware invoked {"path":"/api/v2/creator/profile","method":"GET","has_auth_header":true,"auth_header_preview":"Bearer 168|i1Pfn62igXMWcFgvLcI...","is_bearer":true} 
[2026-05-16 10:22:28] local.INFO: Extracted bearer token {"token_preview":"168|i1Pfn6...","token_length":52} 
[2026-05-16 10:22:28] local.INFO: Found personal access token {"token_id":168,"user_id":68,"revoked":null} 
[2026-05-16 10:22:28] local.INFO: User authenticated via bearer token {"user_id":68,"user_email":"freelancerzahedcreator@gmail.com"} 
[2026-05-16 10:22:58] local.INFO: ParseBearerToken middleware invoked {"path":"/api/v2/creator/profile","method":"GET","has_auth_header":true,"auth_header_preview":"Bearer 168|i1Pfn62igXMWcFgvLcI...","is_bearer":true} 
[2026-05-16 10:22:58] local.INFO: Extracted bearer token {"token_preview":"168|i1Pfn6...","token_length":52} 
[2026-05-16 10:22:58] local.INFO: Found personal access token {"token_id":168,"user_id":68,"revoked":null} 
[2026-05-16 10:22:58] local.INFO: User authenticated via bearer token {"user_id":68,"user_email":"freelancerzahedcreator@gmail.com"} 
[2026-05-16 10:23:29] local.INFO: ParseBearerToken middleware invoked {"path":"/api/v2/creator/profile","method":"GET","has_auth_header":true,"auth_header_preview":"Bearer 168|i1Pfn62igXMWcFgvLcI...","is_bearer":true} 
[2026-05-16 10:23:29] local.INFO: Extracted bearer token {"token_preview":"168|i1Pfn6...","token_length":52} 
[2026-05-16 10:23:29] local.INFO: Found personal access token {"token_id":168,"user_id":68,"revoked":null} 
[2026-05-16 10:23:29] local.INFO: User authenticated via bearer token {"user_id":68,"user_email":"freelancerzahedcreator@gmail.com"} 
[2026-05-16 10:23:58] local.INFO: ParseBearerToken middleware invoked {"path":"/api/v2/creator/profile","method":"GET","has_auth_header":true,"auth_header_preview":"Bearer 168|i1Pfn62igXMWcFgvLcI...","is_bearer":true} 
[2026-05-16 10:23:58] local.INFO: Extracted bearer token {"token_preview":"168|i1Pfn6...","token_length":52} 
[2026-05-16 10:23:58] local.INFO: Found personal access token {"token_id":168,"user_id":68,"revoked":null} 
[2026-05-16 10:23:58] local.INFO: User authenticated via bearer token {"user_id":68,"user_email":"freelancerzahedcreator@gmail.com"} 
[2026-05-16 10:24:28] local.INFO: ParseBearerToken middleware invoked {"path":"/api/v2/creator/profile","method":"GET","has_auth_header":true,"auth_header_preview":"Bearer 168|i1Pfn62igXMWcFgvLcI...","is_bearer":true} 
[2026-05-16 10:24:28] local.INFO: Extracted bearer token {"token_preview":"168|i1Pfn6...","token_length":52} 
[2026-05-16 10:24:28] local.INFO: Found personal access token {"token_id":168,"user_id":68,"revoked":null} 
[2026-05-16 10:24:28] local.INFO: User authenticated via bearer token {"user_id":68,"user_email":"freelancerzahedcreator@gmail.com"} 
[2026-05-16 10:24:59] local.INFO: ParseBearerToken middleware invoked {"path":"/api/v2/creator/profile","method":"GET","has_auth_header":true,"auth_header_preview":"Bearer 168|i1Pfn62igXMWcFgvLcI...","is_bearer":true} 
[2026-05-16 10:24:59] local.INFO: Extracted bearer token {"token_preview":"168|i1Pfn6...","token_length":52} 
[2026-05-16 10:24:59] local.INFO: Found personal access token {"token_id":168,"user_id":68,"revoked":null} 
[2026-05-16 10:24:59] local.INFO: User authenticated via bearer token {"user_id":68,"user_email":"freelancerzahedcreator@gmail.com"} 
[2026-05-16 10:25:29] local.INFO: ParseBearerToken middleware invoked {"path":"/api/v2/creator/profile","method":"GET","has_auth_header":true,"auth_header_preview":"Bearer 168|i1Pfn62igXMWcFgvLcI...","is_bearer":true} 
[2026-05-16 10:25:29] local.INFO: Extracted bearer token {"token_preview":"168|i1Pfn6...","token_length":52} 
[2026-05-16 10:25:29] local.INFO: Found personal access token {"token_id":168,"user_id":68,"revoked":null} 
[2026-05-16 10:25:29] local.INFO: User authenticated via bearer token {"user_id":68,"user_email":"freelancerzahedcreator@gmail.com"} 
[2026-05-16 10:25:59] local.INFO: ParseBearerToken middleware invoked {"path":"/api/v2/creator/profile","method":"GET","has_auth_header":true,"auth_header_preview":"Bearer 168|i1Pfn62igXMWcFgvLcI...","is_bearer":true} 
[2026-05-16 10:25:59] local.INFO: Extracted bearer token {"token_preview":"168|i1Pfn6...","token_length":52} 
[2026-05-16 10:25:59] local.INFO: Found personal access token {"token_id":168,"user_id":68,"revoked":null} 
[2026-05-16 10:25:59] local.INFO: User authenticated via bearer token {"user_id":68,"user_email":"freelancerzahedcreator@gmail.com"} 
[2026-05-16 10:26:29] local.INFO: ParseBearerToken middleware invoked {"path":"/api/v2/creator/profile","method":"GET","has_auth_header":true,"auth_header_preview":"Bearer 168|i1Pfn62igXMWcFgvLcI...","is_bearer":true} 
[2026-05-16 10:26:29] local.INFO: Extracted bearer token {"token_preview":"168|i1Pfn6...","token_length":52} 
[2026-05-16 10:26:29] local.INFO: Found personal access token {"token_id":168,"user_id":68,"revoked":null} 
[2026-05-16 10:26:29] local.INFO: User authenticated via bearer token {"user_id":68,"user_email":"freelancerzahedcreator@gmail.com"} 
[2026-05-16 10:26:59] local.INFO: ParseBearerToken middleware invoked {"path":"/api/v2/creator/profile","method":"GET","has_auth_header":true,"auth_header_preview":"Bearer 168|i1Pfn62igXMWcFgvLcI...","is_bearer":true} 
[2026-05-16 10:26:59] local.INFO: Extracted bearer token {"token_preview":"168|i1Pfn6...","token_length":52} 
[2026-05-16 10:26:59] local.INFO: Found personal access token {"token_id":168,"user_id":68,"revoked":null} 
[2026-05-16 10:26:59] local.INFO: User authenticated via bearer token {"user_id":68,"user_email":"freelancerzahedcreator@gmail.com"} 
[2026-05-16 10:27:29] local.INFO: ParseBearerToken middleware invoked {"path":"/api/v2/creator/profile","method":"GET","has_auth_header":true,"auth_header_preview":"Bearer 168|i1Pfn62igXMWcFgvLcI...","is_bearer":true} 
[2026-05-16 10:27:29] local.INFO: Extracted bearer token {"token_preview":"168|i1Pfn6...","token_length":52} 
[2026-05-16 10:27:29] local.INFO: Found personal access token {"token_id":168,"user_id":68,"revoked":null} 
[2026-05-16 10:27:29] local.INFO: User authenticated via bearer token {"user_id":68,"user_email":"freelancerzahedcreator@gmail.com"} 
[2026-05-16 10:27:59] local.INFO: ParseBearerToken middleware invoked {"path":"/api/v2/creator/profile","method":"GET","has_auth_header":true,"auth_header_preview":"Bearer 168|i1Pfn62igXMWcFgvLcI...","is_bearer":true} 
[2026-05-16 10:27:59] local.INFO: Extracted bearer token {"token_preview":"168|i1Pfn6...","token_length":52} 
[2026-05-16 10:27:59] local.INFO: Found personal access token {"token_id":168,"user_id":68,"revoked":null} 
[2026-05-16 10:27:59] local.INFO: User authenticated via bearer token {"user_id":68,"user_email":"freelancerzahedcreator@gmail.com"} 
[2026-05-16 10:28:29] local.INFO: ParseBearerToken middleware invoked {"path":"/api/v2/creator/profile","method":"GET","has_auth_header":true,"auth_header_preview":"Bearer 168|i1Pfn62igXMWcFgvLcI...","is_bearer":true} 
[2026-05-16 10:28:29] local.INFO: Extracted bearer token {"token_preview":"168|i1Pfn6...","token_length":52} 
[2026-05-16 10:28:29] local.INFO: Found personal access token {"token_id":168,"user_id":68,"revoked":null} 
[2026-05-16 10:28:29] local.INFO: User authenticated via bearer token {"user_id":68,"user_email":"freelancerzahedcreator@gmail.com"} 
[2026-05-16 10:28:59] local.INFO: ParseBearerToken middleware invoked {"path":"/api/v2/creator/profile","method":"GET","has_auth_header":true,"auth_header_preview":"Bearer 168|i1Pfn62igXMWcFgvLcI...","is_bearer":true} 
[2026-05-16 10:28:59] local.INFO: Extracted bearer token {"token_preview":"168|i1Pfn6...","token_length":52} 
[2026-05-16 10:28:59] local.INFO: Found personal access token {"token_id":168,"user_id":68,"revoked":null} 
[2026-05-16 10:28:59] local.INFO: User authenticated via bearer token {"user_id":68,"user_email":"freelancerzahedcreator@gmail.com"} 
[2026-05-16 10:29:29] local.INFO: ParseBearerToken middleware invoked {"path":"/api/v2/creator/profile","method":"GET","has_auth_header":true,"auth_header_preview":"Bearer 168|i1Pfn62igXMWcFgvLcI...","is_bearer":true} 
[2026-05-16 10:29:29] local.INFO: Extracted bearer token {"token_preview":"168|i1Pfn6...","token_length":52} 
[2026-05-16 10:29:29] local.INFO: Found personal access token {"token_id":168,"user_id":68,"revoked":null} 
[2026-05-16 10:29:29] local.INFO: User authenticated via bearer token {"user_id":68,"user_email":"freelancerzahedcreator@gmail.com"} 
[2026-05-16 10:29:59] local.INFO: ParseBearerToken middleware invoked {"path":"/api/v2/creator/profile","method":"GET","has_auth_header":true,"auth_header_preview":"Bearer 168|i1Pfn62igXMWcFgvLcI...","is_bearer":true} 
[2026-05-16 10:29:59] local.INFO: Extracted bearer token {"token_preview":"168|i1Pfn6...","token_length":52} 
[2026-05-16 10:29:59] local.INFO: Found personal access token {"token_id":168,"user_id":68,"revoked":null} 
[2026-05-16 10:29:59] local.INFO: User authenticated via bearer token {"user_id":68,"user_email":"freelancerzahedcreator@gmail.com"} 
[2026-05-16 10:30:29] local.INFO: ParseBearerToken middleware invoked {"path":"/api/v2/creator/profile","method":"GET","has_auth_header":true,"auth_header_preview":"Bearer 168|i1Pfn62igXMWcFgvLcI...","is_bearer":true} 
[2026-05-16 10:30:29] local.INFO: Extracted bearer token {"token_preview":"168|i1Pfn6...","token_length":52} 
[2026-05-16 10:30:29] local.INFO: Found personal access token {"token_id":168,"user_id":68,"revoked":null} 
[2026-05-16 10:30:29] local.INFO: User authenticated via bearer token {"user_id":68,"user_email":"freelancerzahedcreator@gmail.com"} 
[2026-05-16 10:30:59] local.INFO: ParseBearerToken middleware invoked {"path":"/api/v2/creator/profile","method":"GET","has_auth_header":true,"auth_header_preview":"Bearer 168|i1Pfn62igXMWcFgvLcI...","is_bearer":true} 
[2026-05-16 10:30:59] local.INFO: Extracted bearer token {"token_preview":"168|i1Pfn6...","token_length":52} 
[2026-05-16 10:30:59] local.INFO: Found personal access token {"token_id":168,"user_id":68,"revoked":null} 
[2026-05-16 10:30:59] local.INFO: User authenticated via bearer token {"user_id":68,"user_email":"freelancerzahedcreator@gmail.com"} 
[2026-05-16 10:31:29] local.INFO: ParseBearerToken middleware invoked {"path":"/api/v2/creator/profile","method":"GET","has_auth_header":true,"auth_header_preview":"Bearer 168|i1Pfn62igXMWcFgvLcI...","is_bearer":true} 
[2026-05-16 10:31:29] local.INFO: Extracted bearer token {"token_preview":"168|i1Pfn6...","token_length":52} 
[2026-05-16 10:31:29] local.INFO: Found personal access token {"token_id":168,"user_id":68,"revoked":null} 
[2026-05-16 10:31:29] local.INFO: User authenticated via bearer token {"user_id":68,"user_email":"freelancerzahedcreator@gmail.com"} 
[2026-05-16 10:31:58] local.INFO: ParseBearerToken middleware invoked {"path":"/api/v2/creator/profile","method":"GET","has_auth_header":true,"auth_header_preview":"Bearer 168|i1Pfn62igXMWcFgvLcI...","is_bearer":true} 
[2026-05-16 10:31:58] local.INFO: Extracted bearer token {"token_preview":"168|i1Pfn6...","token_length":52} 
[2026-05-16 10:31:58] local.INFO: Found personal access token {"token_id":168,"user_id":68,"revoked":null} 
[2026-05-16 10:31:58] local.INFO: User authenticated via bearer token {"user_id":68,"user_email":"freelancerzahedcreator@gmail.com"} 
[2026-05-16 10:32:29] local.INFO: ParseBearerToken middleware invoked {"path":"/api/v2/creator/profile","method":"GET","has_auth_header":true,"auth_header_preview":"Bearer 168|i1Pfn62igXMWcFgvLcI...","is_bearer":true} 
[2026-05-16 10:32:29] local.INFO: Extracted bearer token {"token_preview":"168|i1Pfn6...","token_length":52} 
[2026-05-16 10:32:29] local.INFO: Found personal access token {"token_id":168,"user_id":68,"revoked":null} 
[2026-05-16 10:32:29] local.INFO: User authenticated via bearer token {"user_id":68,"user_email":"freelancerzahedcreator@gmail.com"} 
[2026-05-16 10:32:59] local.INFO: ParseBearerToken middleware invoked {"path":"/api/v2/creator/profile","method":"GET","has_auth_header":true,"auth_header_preview":"Bearer 168|i1Pfn62igXMWcFgvLcI...","is_bearer":true} 
[2026-05-16 10:32:59] local.INFO: Extracted bearer token {"token_preview":"168|i1Pfn6...","token_length":52} 
[2026-05-16 10:32:59] local.INFO: Found personal access token {"token_id":168,"user_id":68,"revoked":null} 
[2026-05-16 10:32:59] local.INFO: User authenticated via bearer token {"user_id":68,"user_email":"freelancerzahedcreator@gmail.com"} 
[2026-05-16 10:33:29] local.INFO: ParseBearerToken middleware invoked {"path":"/api/v2/creator/profile","method":"GET","has_auth_header":true,"auth_header_preview":"Bearer 168|i1Pfn62igXMWcFgvLcI...","is_bearer":true} 
[2026-05-16 10:33:29] local.INFO: Extracted bearer token {"token_preview":"168|i1Pfn6...","token_length":52} 
[2026-05-16 10:33:29] local.INFO: Found personal access token {"token_id":168,"user_id":68,"revoked":null} 
[2026-05-16 10:33:29] local.INFO: User authenticated via bearer token {"user_id":68,"user_email":"freelancerzahedcreator@gmail.com"} 
[2026-05-16 10:33:59] local.INFO: ParseBearerToken middleware invoked {"path":"/api/v2/creator/profile","method":"GET","has_auth_header":true,"auth_header_preview":"Bearer 168|i1Pfn62igXMWcFgvLcI...","is_bearer":true} 
[2026-05-16 10:33:59] local.INFO: Extracted bearer token {"token_preview":"168|i1Pfn6...","token_length":52} 
[2026-05-16 10:33:59] local.INFO: Found personal access token {"token_id":168,"user_id":68,"revoked":null} 
[2026-05-16 10:33:59] local.INFO: User authenticated via bearer token {"user_id":68,"user_email":"freelancerzahedcreator@gmail.com"} 
[2026-05-16 10:34:29] local.INFO: ParseBearerToken middleware invoked {"path":"/api/v2/creator/profile","method":"GET","has_auth_header":true,"auth_header_preview":"Bearer 168|i1Pfn62igXMWcFgvLcI...","is_bearer":true} 
[2026-05-16 10:34:29] local.INFO: Extracted bearer token {"token_preview":"168|i1Pfn6...","token_length":52} 
[2026-05-16 10:34:29] local.INFO: Found personal access token {"token_id":168,"user_id":68,"revoked":null} 
[2026-05-16 10:34:29] local.INFO: User authenticated via bearer token {"user_id":68,"user_email":"freelancerzahedcreator@gmail.com"} 
[2026-05-16 10:34:59] local.INFO: ParseBearerToken middleware invoked {"path":"/api/v2/creator/profile","method":"GET","has_auth_header":true,"auth_header_preview":"Bearer 168|i1Pfn62igXMWcFgvLcI...","is_bearer":true} 
[2026-05-16 10:34:59] local.INFO: Extracted bearer token {"token_preview":"168|i1Pfn6...","token_length":52} 
[2026-05-16 10:34:59] local.INFO: Found personal access token {"token_id":168,"user_id":68,"revoked":null} 
[2026-05-16 10:34:59] local.INFO: User authenticated via bearer token {"user_id":68,"user_email":"freelancerzahedcreator@gmail.com"} 
[2026-05-16 10:35:29] local.INFO: ParseBearerToken middleware invoked {"path":"/api/v2/creator/profile","method":"GET","has_auth_header":true,"auth_header_preview":"Bearer 168|i1Pfn62igXMWcFgvLcI...","is_bearer":true} 
[2026-05-16 10:35:29] local.INFO: Extracted bearer token {"token_preview":"168|i1Pfn6...","token_length":52} 
[2026-05-16 10:35:29] local.INFO: Found personal access token {"token_id":168,"user_id":68,"revoked":null} 
[2026-05-16 10:35:29] local.INFO: User authenticated via bearer token {"user_id":68,"user_email":"freelancerzahedcreator@gmail.com"} 
[2026-05-16 10:35:59] local.INFO: ParseBearerToken middleware invoked {"path":"/api/v2/creator/profile","method":"GET","has_auth_header":true,"auth_header_preview":"Bearer 168|i1Pfn62igXMWcFgvLcI...","is_bearer":true} 
[2026-05-16 10:35:59] local.INFO: Extracted bearer token {"token_preview":"168|i1Pfn6...","token_length":52} 
[2026-05-16 10:35:59] local.INFO: Found personal access token {"token_id":168,"user_id":68,"revoked":null} 
[2026-05-16 10:35:59] local.INFO: User authenticated via bearer token {"user_id":68,"user_email":"freelancerzahedcreator@gmail.com"} 
[2026-05-16 10:36:28] local.INFO: ParseBearerToken middleware invoked {"path":"/api/v2/creator/profile","method":"GET","has_auth_header":true,"auth_header_preview":"Bearer 168|i1Pfn62igXMWcFgvLcI...","is_bearer":true} 
[2026-05-16 10:36:28] local.INFO: Extracted bearer token {"token_preview":"168|i1Pfn6...","token_length":52} 
[2026-05-16 10:36:28] local.INFO: Found personal access token {"token_id":168,"user_id":68,"revoked":null} 
[2026-05-16 10:36:28] local.INFO: User authenticated via bearer token {"user_id":68,"user_email":"freelancerzahedcreator@gmail.com"} 
[2026-05-16 10:36:58] local.INFO: ParseBearerToken middleware invoked {"path":"/api/v2/creator/profile","method":"GET","has_auth_header":true,"auth_header_preview":"Bearer 168|i1Pfn62igXMWcFgvLcI...","is_bearer":true} 
[2026-05-16 10:36:58] local.INFO: Extracted bearer token {"token_preview":"168|i1Pfn6...","token_length":52} 
[2026-05-16 10:36:58] local.INFO: Found personal access token {"token_id":168,"user_id":68,"revoked":null} 
[2026-05-16 10:36:58] local.INFO: User authenticated via bearer token {"user_id":68,"user_email":"freelancerzahedcreator@gmail.com"} 
[2026-05-16 10:37:29] local.INFO: ParseBearerToken middleware invoked {"path":"/api/v2/creator/profile","method":"GET","has_auth_header":true,"auth_header_preview":"Bearer 168|i1Pfn62igXMWcFgvLcI...","is_bearer":true} 
[2026-05-16 10:37:29] local.INFO: Extracted bearer token {"token_preview":"168|i1Pfn6...","token_length":52} 
[2026-05-16 10:37:29] local.INFO: Found personal access token {"token_id":168,"user_id":68,"revoked":null} 
[2026-05-16 10:37:29] local.INFO: User authenticated via bearer token {"user_id":68,"user_email":"freelancerzahedcreator@gmail.com"} 
[2026-05-16 10:37:59] local.INFO: ParseBearerToken middleware invoked {"path":"/api/v2/creator/profile","method":"GET","has_auth_header":true,"auth_header_preview":"Bearer 168|i1Pfn62igXMWcFgvLcI...","is_bearer":true} 
[2026-05-16 10:37:59] local.INFO: Extracted bearer token {"token_preview":"168|i1Pfn6...","token_length":52} 
[2026-05-16 10:37:59] local.INFO: Found personal access token {"token_id":168,"user_id":68,"revoked":null} 
[2026-05-16 10:37:59] local.INFO: User authenticated via bearer token {"user_id":68,"user_email":"freelancerzahedcreator@gmail.com"} 
[2026-05-16 10:38:29] local.INFO: ParseBearerToken middleware invoked {"path":"/api/v2/creator/profile","method":"GET","has_auth_header":true,"auth_header_preview":"Bearer 168|i1Pfn62igXMWcFgvLcI...","is_bearer":true} 
[2026-05-16 10:38:29] local.INFO: Extracted bearer token {"token_preview":"168|i1Pfn6...","token_length":52} 
[2026-05-16 10:38:29] local.INFO: Found personal access token {"token_id":168,"user_id":68,"revoked":null} 
[2026-05-16 10:38:29] local.INFO: User authenticated via bearer token {"user_id":68,"user_email":"freelancerzahedcreator@gmail.com"} 
[2026-05-16 10:38:59] local.INFO: ParseBearerToken middleware invoked {"path":"/api/v2/creator/profile","method":"GET","has_auth_header":true,"auth_header_preview":"Bearer 168|i1Pfn62igXMWcFgvLcI...","is_bearer":true} 
[2026-05-16 10:38:59] local.INFO: Extracted bearer token {"token_preview":"168|i1Pfn6...","token_length":52} 
[2026-05-16 10:38:59] local.INFO: Found personal access token {"token_id":168,"user_id":68,"revoked":null} 
[2026-05-16 10:38:59] local.INFO: User authenticated via bearer token {"user_id":68,"user_email":"freelancerzahedcreator@gmail.com"} 
[2026-05-16 10:39:29] local.INFO: ParseBearerToken middleware invoked {"path":"/api/v2/creator/profile","method":"GET","has_auth_header":true,"auth_header_preview":"Bearer 168|i1Pfn62igXMWcFgvLcI...","is_bearer":true} 
[2026-05-16 10:39:29] local.INFO: Extracted bearer token {"token_preview":"168|i1Pfn6...","token_length":52} 
[2026-05-16 10:39:29] local.INFO: Found personal access token {"token_id":168,"user_id":68,"revoked":null} 
[2026-05-16 10:39:29] local.INFO: User authenticated via bearer token {"user_id":68,"user_email":"freelancerzahedcreator@gmail.com"} 
[2026-05-16 10:39:59] local.INFO: ParseBearerToken middleware invoked {"path":"/api/v2/creator/profile","method":"GET","has_auth_header":true,"auth_header_preview":"Bearer 168|i1Pfn62igXMWcFgvLcI...","is_bearer":true} 
[2026-05-16 10:39:59] local.INFO: Extracted bearer token {"token_preview":"168|i1Pfn6...","token_length":52} 
[2026-05-16 10:39:59] local.INFO: Found personal access token {"token_id":168,"user_id":68,"revoked":null} 
[2026-05-16 10:39:59] local.INFO: User authenticated via bearer token {"user_id":68,"user_email":"freelancerzahedcreator@gmail.com"} 
[2026-05-16 10:40:29] local.INFO: ParseBearerToken middleware invoked {"path":"/api/v2/creator/profile","method":"GET","has_auth_header":true,"auth_header_preview":"Bearer 168|i1Pfn62igXMWcFgvLcI...","is_bearer":true} 
[2026-05-16 10:40:29] local.INFO: Extracted bearer token {"token_preview":"168|i1Pfn6...","token_length":52} 
[2026-05-16 10:40:29] local.INFO: Found personal access token {"token_id":168,"user_id":68,"revoked":null} 
[2026-05-16 10:40:29] local.INFO: User authenticated via bearer token {"user_id":68,"user_email":"freelancerzahedcreator@gmail.com"} 
[2026-05-16 10:40:59] local.INFO: ParseBearerToken middleware invoked {"path":"/api/v2/creator/profile","method":"GET","has_auth_header":true,"auth_header_preview":"Bearer 168|i1Pfn62igXMWcFgvLcI...","is_bearer":true} 
[2026-05-16 10:40:59] local.INFO: Extracted bearer token {"token_preview":"168|i1Pfn6...","token_length":52} 
[2026-05-16 10:40:59] local.INFO: Found personal access token {"token_id":168,"user_id":68,"revoked":null} 
[2026-05-16 10:40:59] local.INFO: User authenticated via bearer token {"user_id":68,"user_email":"freelancerzahedcreator@gmail.com"} 
[2026-05-16 10:41:29] local.INFO: ParseBearerToken middleware invoked {"path":"/api/v2/creator/profile","method":"GET","has_auth_header":true,"auth_header_preview":"Bearer 168|i1Pfn62igXMWcFgvLcI...","is_bearer":true} 
[2026-05-16 10:41:29] local.INFO: Extracted bearer token {"token_preview":"168|i1Pfn6...","token_length":52} 
[2026-05-16 10:41:29] local.INFO: Found personal access token {"token_id":168,"user_id":68,"revoked":null} 
[2026-05-16 10:41:29] local.INFO: User authenticated via bearer token {"user_id":68,"user_email":"freelancerzahedcreator@gmail.com"} 
[2026-05-16 10:41:59] local.INFO: ParseBearerToken middleware invoked {"path":"/api/v2/creator/profile","method":"GET","has_auth_header":true,"auth_header_preview":"Bearer 168|i1Pfn62igXMWcFgvLcI...","is_bearer":true} 
[2026-05-16 10:41:59] local.INFO: Extracted bearer token {"token_preview":"168|i1Pfn6...","token_length":52} 
[2026-05-16 10:41:59] local.INFO: Found personal access token {"token_id":168,"user_id":68,"revoked":null} 
[2026-05-16 10:41:59] local.INFO: User authenticated via bearer token {"user_id":68,"user_email":"freelancerzahedcreator@gmail.com"} 
[2026-05-16 10:42:29] local.INFO: ParseBearerToken middleware invoked {"path":"/api/v2/creator/profile","method":"GET","has_auth_header":true,"auth_header_preview":"Bearer 168|i1Pfn62igXMWcFgvLcI...","is_bearer":true} 
[2026-05-16 10:42:29] local.INFO: Extracted bearer token {"token_preview":"168|i1Pfn6...","token_length":52} 
[2026-05-16 10:42:29] local.INFO: Found personal access token {"token_id":168,"user_id":68,"revoked":null} 
[2026-05-16 10:42:29] local.INFO: User authenticated via bearer token {"user_id":68,"user_email":"freelancerzahedcreator@gmail.com"} 
[2026-05-16 10:42:59] local.INFO: ParseBearerToken middleware invoked {"path":"/api/v2/creator/profile","method":"GET","has_auth_header":true,"auth_header_preview":"Bearer 168|i1Pfn62igXMWcFgvLcI...","is_bearer":true} 
[2026-05-16 10:42:59] local.INFO: Extracted bearer token {"token_preview":"168|i1Pfn6...","token_length":52} 
[2026-05-16 10:42:59] local.INFO: Found personal access token {"token_id":168,"user_id":68,"revoked":null} 
[2026-05-16 10:42:59] local.INFO: User authenticated via bearer token {"user_id":68,"user_email":"freelancerzahedcreator@gmail.com"} 
[2026-05-16 10:43:29] local.INFO: ParseBearerToken middleware invoked {"path":"/api/v2/creator/profile","method":"GET","has_auth_header":true,"auth_header_preview":"Bearer 168|i1Pfn62igXMWcFgvLcI...","is_bearer":true} 
[2026-05-16 10:43:29] local.INFO: Extracted bearer token {"token_preview":"168|i1Pfn6...","token_length":52} 
[2026-05-16 10:43:29] local.INFO: Found personal access token {"token_id":168,"user_id":68,"revoked":null} 
[2026-05-16 10:43:29] local.INFO: User authenticated via bearer token {"user_id":68,"user_email":"freelancerzahedcreator@gmail.com"} 
[2026-05-16 10:43:59] local.INFO: ParseBearerToken middleware invoked {"path":"/api/v2/creator/profile","method":"GET","has_auth_header":true,"auth_header_preview":"Bearer 168|i1Pfn62igXMWcFgvLcI...","is_bearer":true} 
[2026-05-16 10:43:59] local.INFO: Extracted bearer token {"token_preview":"168|i1Pfn6...","token_length":52} 
[2026-05-16 10:43:59] local.INFO: Found personal access token {"token_id":168,"user_id":68,"revoked":null} 
[2026-05-16 10:43:59] local.INFO: User authenticated via bearer token {"user_id":68,"user_email":"freelancerzahedcreator@gmail.com"} 
[2026-05-16 10:44:29] local.INFO: ParseBearerToken middleware invoked {"path":"/api/v2/creator/profile","method":"GET","has_auth_header":true,"auth_header_preview":"Bearer 168|i1Pfn62igXMWcFgvLcI...","is_bearer":true} 
[2026-05-16 10:44:29] local.INFO: Extracted bearer token {"token_preview":"168|i1Pfn6...","token_length":52} 
[2026-05-16 10:44:29] local.INFO: Found personal access token {"token_id":168,"user_id":68,"revoked":null} 
[2026-05-16 10:44:29] local.INFO: User authenticated via bearer token {"user_id":68,"user_email":"freelancerzahedcreator@gmail.com"} 
[2026-05-16 10:44:58] local.INFO: ParseBearerToken middleware invoked {"path":"/api/v2/creator/profile","method":"GET","has_auth_header":true,"auth_header_preview":"Bearer 168|i1Pfn62igXMWcFgvLcI...","is_bearer":true} 
[2026-05-16 10:44:58] local.INFO: Extracted bearer token {"token_preview":"168|i1Pfn6...","token_length":52} 
[2026-05-16 10:44:58] local.INFO: Found personal access token {"token_id":168,"user_id":68,"revoked":null} 
[2026-05-16 10:44:58] local.INFO: User authenticated via bearer token {"user_id":68,"user_email":"freelancerzahedcreator@gmail.com"} 
[2026-05-16 10:45:29] local.INFO: ParseBearerToken middleware invoked {"path":"/api/v2/creator/profile","method":"GET","has_auth_header":true,"auth_header_preview":"Bearer 168|i1Pfn62igXMWcFgvLcI...","is_bearer":true} 
[2026-05-16 10:45:29] local.INFO: Extracted bearer token {"token_preview":"168|i1Pfn6...","token_length":52} 
[2026-05-16 10:45:29] local.INFO: Found personal access token {"token_id":168,"user_id":68,"revoked":null} 
[2026-05-16 10:45:29] local.INFO: User authenticated via bearer token {"user_id":68,"user_email":"freelancerzahedcreator@gmail.com"} 
[2026-05-16 10:45:59] local.INFO: ParseBearerToken middleware invoked {"path":"/api/v2/creator/profile","method":"GET","has_auth_header":true,"auth_header_preview":"Bearer 168|i1Pfn62igXMWcFgvLcI...","is_bearer":true} 
[2026-05-16 10:45:59] local.INFO: Extracted bearer token {"token_preview":"168|i1Pfn6...","token_length":52} 
[2026-05-16 10:45:59] local.INFO: Found personal access token {"token_id":168,"user_id":68,"revoked":null} 
[2026-05-16 10:45:59] local.INFO: User authenticated via bearer token {"user_id":68,"user_email":"freelancerzahedcreator@gmail.com"} 
[2026-05-16 10:46:29] local.INFO: ParseBearerToken middleware invoked {"path":"/api/v2/creator/profile","method":"GET","has_auth_header":true,"auth_header_preview":"Bearer 168|i1Pfn62igXMWcFgvLcI...","is_bearer":true} 
[2026-05-16 10:46:29] local.INFO: Extracted bearer token {"token_preview":"168|i1Pfn6...","token_length":52} 
[2026-05-16 10:46:29] local.INFO: Found personal access token {"token_id":168,"user_id":68,"revoked":null} 
[2026-05-16 10:46:29] local.INFO: User authenticated via bearer token {"user_id":68,"user_email":"freelancerzahedcreator@gmail.com"} 
[2026-05-16 10:46:59] local.INFO: ParseBearerToken middleware invoked {"path":"/api/v2/creator/profile","method":"GET","has_auth_header":true,"auth_header_preview":"Bearer 168|i1Pfn62igXMWcFgvLcI...","is_bearer":true} 
[2026-05-16 10:46:59] local.INFO: Extracted bearer token {"token_preview":"168|i1Pfn6...","token_length":52} 
[2026-05-16 10:46:59] local.INFO: Found personal access token {"token_id":168,"user_id":68,"revoked":null} 
[2026-05-16 10:46:59] local.INFO: User authenticated via bearer token {"user_id":68,"user_email":"freelancerzahedcreator@gmail.com"} 
[2026-05-16 10:47:29] local.INFO: ParseBearerToken middleware invoked {"path":"/api/v2/creator/profile","method":"GET","has_auth_header":true,"auth_header_preview":"Bearer 168|i1Pfn62igXMWcFgvLcI...","is_bearer":true} 
[2026-05-16 10:47:29] local.INFO: Extracted bearer token {"token_preview":"168|i1Pfn6...","token_length":52} 
[2026-05-16 10:47:29] local.INFO: Found personal access token {"token_id":168,"user_id":68,"revoked":null} 
[2026-05-16 10:47:29] local.INFO: User authenticated via bearer token {"user_id":68,"user_email":"freelancerzahedcreator@gmail.com"} 
[2026-05-16 10:47:59] local.INFO: ParseBearerToken middleware invoked {"path":"/api/v2/creator/profile","method":"GET","has_auth_header":true,"auth_header_preview":"Bearer 168|i1Pfn62igXMWcFgvLcI...","is_bearer":true} 
[2026-05-16 10:47:59] local.INFO: Extracted bearer token {"token_preview":"168|i1Pfn6...","token_length":52} 
[2026-05-16 10:47:59] local.INFO: Found personal access token {"token_id":168,"user_id":68,"revoked":null} 
[2026-05-16 10:47:59] local.INFO: User authenticated via bearer token {"user_id":68,"user_email":"freelancerzahedcreator@gmail.com"} 
[2026-05-16 10:48:29] local.INFO: ParseBearerToken middleware invoked {"path":"/api/v2/creator/profile","method":"GET","has_auth_header":true,"auth_header_preview":"Bearer 168|i1Pfn62igXMWcFgvLcI...","is_bearer":true} 
[2026-05-16 10:48:29] local.INFO: Extracted bearer token {"token_preview":"168|i1Pfn6...","token_length":52} 
[2026-05-16 10:48:29] local.INFO: Found personal access token {"token_id":168,"user_id":68,"revoked":null} 
[2026-05-16 10:48:29] local.INFO: User authenticated via bearer token {"user_id":68,"user_email":"freelancerzahedcreator@gmail.com"} 
[2026-05-16 10:48:59] local.INFO: ParseBearerToken middleware invoked {"path":"/api/v2/creator/profile","method":"GET","has_auth_header":true,"auth_header_preview":"Bearer 168|i1Pfn62igXMWcFgvLcI...","is_bearer":true} 
[2026-05-16 10:48:59] local.INFO: Extracted bearer token {"token_preview":"168|i1Pfn6...","token_length":52} 
[2026-05-16 10:48:59] local.INFO: Found personal access token {"token_id":168,"user_id":68,"revoked":null} 
[2026-05-16 10:48:59] local.INFO: User authenticated via bearer token {"user_id":68,"user_email":"freelancerzahedcreator@gmail.com"} 
[2026-05-16 10:49:29] local.INFO: ParseBearerToken middleware invoked {"path":"/api/v2/creator/profile","method":"GET","has_auth_header":true,"auth_header_preview":"Bearer 168|i1Pfn62igXMWcFgvLcI...","is_bearer":true} 
[2026-05-16 10:49:29] local.INFO: Extracted bearer token {"token_preview":"168|i1Pfn6...","token_length":52} 
[2026-05-16 10:49:29] local.INFO: Found personal access token {"token_id":168,"user_id":68,"revoked":null} 
[2026-05-16 10:49:29] local.INFO: User authenticated via bearer token {"user_id":68,"user_email":"freelancerzahedcreator@gmail.com"} 
[2026-05-16 10:49:59] local.INFO: ParseBearerToken middleware invoked {"path":"/api/v2/creator/profile","method":"GET","has_auth_header":true,"auth_header_preview":"Bearer 168|i1Pfn62igXMWcFgvLcI...","is_bearer":true} 
[2026-05-16 10:49:59] local.INFO: Extracted bearer token {"token_preview":"168|i1Pfn6...","token_length":52} 
[2026-05-16 10:49:59] local.INFO: Found personal access token {"token_id":168,"user_id":68,"revoked":null} 
[2026-05-16 10:49:59] local.INFO: User authenticated via bearer token {"user_id":68,"user_email":"freelancerzahedcreator@gmail.com"} 
[2026-05-16 10:50:29] local.INFO: ParseBearerToken middleware invoked {"path":"/api/v2/creator/profile","method":"GET","has_auth_header":true,"auth_header_preview":"Bearer 168|i1Pfn62igXMWcFgvLcI...","is_bearer":true} 
[2026-05-16 10:50:29] local.INFO: Extracted bearer token {"token_preview":"168|i1Pfn6...","token_length":52} 
[2026-05-16 10:50:29] local.INFO: Found personal access token {"token_id":168,"user_id":68,"revoked":null} 
[2026-05-16 10:50:29] local.INFO: User authenticated via bearer token {"user_id":68,"user_email":"freelancerzahedcreator@gmail.com"} 
[2026-05-16 10:50:59] local.INFO: ParseBearerToken middleware invoked {"path":"/api/v2/creator/profile","method":"GET","has_auth_header":true,"auth_header_preview":"Bearer 168|i1Pfn62igXMWcFgvLcI...","is_bearer":true} 
[2026-05-16 10:50:59] local.INFO: Extracted bearer token {"token_preview":"168|i1Pfn6...","token_length":52} 
[2026-05-16 10:50:59] local.INFO: Found personal access token {"token_id":168,"user_id":68,"revoked":null} 
[2026-05-16 10:50:59] local.INFO: User authenticated via bearer token {"user_id":68,"user_email":"freelancerzahedcreator@gmail.com"} 
[2026-05-16 10:51:29] local.INFO: ParseBearerToken middleware invoked {"path":"/api/v2/creator/profile","method":"GET","has_auth_header":true,"auth_header_preview":"Bearer 168|i1Pfn62igXMWcFgvLcI...","is_bearer":true} 
[2026-05-16 10:51:29] local.INFO: Extracted bearer token {"token_preview":"168|i1Pfn6...","token_length":52} 
[2026-05-16 10:51:29] local.INFO: Found personal access token {"token_id":168,"user_id":68,"revoked":null} 
[2026-05-16 10:51:29] local.INFO: User authenticated via bearer token {"user_id":68,"user_email":"freelancerzahedcreator@gmail.com"} 
[2026-05-16 10:51:59] local.INFO: ParseBearerToken middleware invoked {"path":"/api/v2/creator/profile","method":"GET","has_auth_header":true,"auth_header_preview":"Bearer 168|i1Pfn62igXMWcFgvLcI...","is_bearer":true} 
[2026-05-16 10:51:59] local.INFO: Extracted bearer token {"token_preview":"168|i1Pfn6...","token_length":52} 
[2026-05-16 10:51:59] local.INFO: Found personal access token {"token_id":168,"user_id":68,"revoked":null} 
[2026-05-16 10:51:59] local.INFO: User authenticated via bearer token {"user_id":68,"user_email":"freelancerzahedcreator@gmail.com"} 
[2026-05-16 10:52:29] local.INFO: ParseBearerToken middleware invoked {"path":"/api/v2/creator/profile","method":"GET","has_auth_header":true,"auth_header_preview":"Bearer 168|i1Pfn62igXMWcFgvLcI...","is_bearer":true} 
[2026-05-16 10:52:29] local.INFO: Extracted bearer token {"token_preview":"168|i1Pfn6...","token_length":52} 
[2026-05-16 10:52:29] local.INFO: Found personal access token {"token_id":168,"user_id":68,"revoked":null} 
[2026-05-16 10:52:29] local.INFO: User authenticated via bearer token {"user_id":68,"user_email":"freelancerzahedcreator@gmail.com"} 
[2026-05-16 10:52:59] local.INFO: ParseBearerToken middleware invoked {"path":"/api/v2/creator/profile","method":"GET","has_auth_header":true,"auth_header_preview":"Bearer 168|i1Pfn62igXMWcFgvLcI...","is_bearer":true} 
[2026-05-16 10:52:59] local.INFO: Extracted bearer token {"token_preview":"168|i1Pfn6...","token_length":52} 
[2026-05-16 10:52:59] local.INFO: Found personal access token {"token_id":168,"user_id":68,"revoked":null} 
[2026-05-16 10:52:59] local.INFO: User authenticated via bearer token {"user_id":68,"user_email":"freelancerzahedcreator@gmail.com"} 
[2026-05-16 10:53:29] local.INFO: ParseBearerToken middleware invoked {"path":"/api/v2/creator/profile","method":"GET","has_auth_header":true,"auth_header_preview":"Bearer 168|i1Pfn62igXMWcFgvLcI...","is_bearer":true} 
[2026-05-16 10:53:29] local.INFO: Extracted bearer token {"token_preview":"168|i1Pfn6...","token_length":52} 
[2026-05-16 10:53:29] local.INFO: Found personal access token {"token_id":168,"user_id":68,"revoked":null} 
[2026-05-16 10:53:29] local.INFO: User authenticated via bearer token {"user_id":68,"user_email":"freelancerzahedcreator@gmail.com"} 
[2026-05-16 10:53:59] local.INFO: ParseBearerToken middleware invoked {"path":"/api/v2/creator/profile","method":"GET","has_auth_header":true,"auth_header_preview":"Bearer 168|i1Pfn62igXMWcFgvLcI...","is_bearer":true} 
[2026-05-16 10:53:59] local.INFO: Extracted bearer token {"token_preview":"168|i1Pfn6...","token_length":52} 
[2026-05-16 10:53:59] local.INFO: Found personal access token {"token_id":168,"user_id":68,"revoked":null} 
[2026-05-16 10:53:59] local.INFO: User authenticated via bearer token {"user_id":68,"user_email":"freelancerzahedcreator@gmail.com"} 
[2026-05-16 10:54:29] local.INFO: ParseBearerToken middleware invoked {"path":"/api/v2/creator/profile","method":"GET","has_auth_header":true,"auth_header_preview":"Bearer 168|i1Pfn62igXMWcFgvLcI...","is_bearer":true} 
[2026-05-16 10:54:29] local.INFO: Extracted bearer token {"token_preview":"168|i1Pfn6...","token_length":52} 
[2026-05-16 10:54:29] local.INFO: Found personal access token {"token_id":168,"user_id":68,"revoked":null} 
[2026-05-16 10:54:29] local.INFO: User authenticated via bearer token {"user_id":68,"user_email":"freelancerzahedcreator@gmail.com"} 
[2026-05-16 10:54:59] local.INFO: ParseBearerToken middleware invoked {"path":"/api/v2/creator/profile","method":"GET","has_auth_header":true,"auth_header_preview":"Bearer 168|i1Pfn62igXMWcFgvLcI...","is_bearer":true} 
[2026-05-16 10:54:59] local.INFO: Extracted bearer token {"token_preview":"168|i1Pfn6...","token_length":52} 
[2026-05-16 10:54:59] local.INFO: Found personal access token {"token_id":168,"user_id":68,"revoked":null} 
[2026-05-16 10:54:59] local.INFO: User authenticated via bearer token {"user_id":68,"user_email":"freelancerzahedcreator@gmail.com"} 
[2026-05-16 10:55:29] local.INFO: ParseBearerToken middleware invoked {"path":"/api/v2/creator/profile","method":"GET","has_auth_header":true,"auth_header_preview":"Bearer 168|i1Pfn62igXMWcFgvLcI...","is_bearer":true} 
[2026-05-16 10:55:29] local.INFO: Extracted bearer token {"token_preview":"168|i1Pfn6...","token_length":52} 
[2026-05-16 10:55:29] local.INFO: Found personal access token {"token_id":168,"user_id":68,"revoked":null} 
[2026-05-16 10:55:29] local.INFO: User authenticated via bearer token {"user_id":68,"user_email":"freelancerzahedcreator@gmail.com"} 
[2026-05-16 10:55:59] local.INFO: ParseBearerToken middleware invoked {"path":"/api/v2/creator/profile","method":"GET","has_auth_header":true,"auth_header_preview":"Bearer 168|i1Pfn62igXMWcFgvLcI...","is_bearer":true} 
[2026-05-16 10:55:59] local.INFO: Extracted bearer token {"token_preview":"168|i1Pfn6...","token_length":52} 
[2026-05-16 10:55:59] local.INFO: Found personal access token {"token_id":168,"user_id":68,"revoked":null} 
[2026-05-16 10:55:59] local.INFO: User authenticated via bearer token {"user_id":68,"user_email":"freelancerzahedcreator@gmail.com"} 
[2026-05-16 10:56:29] local.INFO: ParseBearerToken middleware invoked {"path":"/api/v2/creator/profile","method":"GET","has_auth_header":true,"auth_header_preview":"Bearer 168|i1Pfn62igXMWcFgvLcI...","is_bearer":true} 
[2026-05-16 10:56:29] local.INFO: Extracted bearer token {"token_preview":"168|i1Pfn6...","token_length":52} 
[2026-05-16 10:56:29] local.INFO: Found personal access token {"token_id":168,"user_id":68,"revoked":null} 
[2026-05-16 10:56:29] local.INFO: User authenticated via bearer token {"user_id":68,"user_email":"freelancerzahedcreator@gmail.com"} 
[2026-05-16 10:56:59] local.INFO: ParseBearerToken middleware invoked {"path":"/api/v2/creator/profile","method":"GET","has_auth_header":true,"auth_header_preview":"Bearer 168|i1Pfn62igXMWcFgvLcI...","is_bearer":true} 
[2026-05-16 10:56:59] local.INFO: Extracted bearer token {"token_preview":"168|i1Pfn6...","token_length":52} 
[2026-05-16 10:56:59] local.INFO: Found personal access token {"token_id":168,"user_id":68,"revoked":null} 
[2026-05-16 10:56:59] local.INFO: User authenticated via bearer token {"user_id":68,"user_email":"freelancerzahedcreator@gmail.com"} 
[2026-05-16 10:57:29] local.INFO: ParseBearerToken middleware invoked {"path":"/api/v2/creator/profile","method":"GET","has_auth_header":true,"auth_header_preview":"Bearer 168|i1Pfn62igXMWcFgvLcI...","is_bearer":true} 
[2026-05-16 10:57:29] local.INFO: Extracted bearer token {"token_preview":"168|i1Pfn6...","token_length":52} 
[2026-05-16 10:57:29] local.INFO: Found personal access token {"token_id":168,"user_id":68,"revoked":null} 
[2026-05-16 10:57:29] local.INFO: User authenticated via bearer token {"user_id":68,"user_email":"freelancerzahedcreator@gmail.com"} 
[2026-05-16 10:57:59] local.INFO: ParseBearerToken middleware invoked {"path":"/api/v2/creator/profile","method":"GET","has_auth_header":true,"auth_header_preview":"Bearer 168|i1Pfn62igXMWcFgvLcI...","is_bearer":true} 
[2026-05-16 10:57:59] local.INFO: Extracted bearer token {"token_preview":"168|i1Pfn6...","token_length":52} 
[2026-05-16 10:57:59] local.INFO: Found personal access token {"token_id":168,"user_id":68,"revoked":null} 
[2026-05-16 10:57:59] local.INFO: User authenticated via bearer token {"user_id":68,"user_email":"freelancerzahedcreator@gmail.com"} 
[2026-05-16 10:58:29] local.INFO: ParseBearerToken middleware invoked {"path":"/api/v2/creator/profile","method":"GET","has_auth_header":true,"auth_header_preview":"Bearer 168|i1Pfn62igXMWcFgvLcI...","is_bearer":true} 
[2026-05-16 10:58:29] local.INFO: Extracted bearer token {"token_preview":"168|i1Pfn6...","token_length":52} 
[2026-05-16 10:58:29] local.INFO: Found personal access token {"token_id":168,"user_id":68,"revoked":null} 
[2026-05-16 10:58:29] local.INFO: User authenticated via bearer token {"user_id":68,"user_email":"freelancerzahedcreator@gmail.com"} 
[2026-05-16 10:58:59] local.INFO: ParseBearerToken middleware invoked {"path":"/api/v2/creator/profile","method":"GET","has_auth_header":true,"auth_header_preview":"Bearer 168|i1Pfn62igXMWcFgvLcI...","is_bearer":true} 
[2026-05-16 10:58:59] local.INFO: Extracted bearer token {"token_preview":"168|i1Pfn6...","token_length":52} 
[2026-05-16 10:58:59] local.INFO: Found personal access token {"token_id":168,"user_id":68,"revoked":null} 
[2026-05-16 10:58:59] local.INFO: User authenticated via bearer token {"user_id":68,"user_email":"freelancerzahedcreator@gmail.com"} 
[2026-05-16 10:59:29] local.INFO: ParseBearerToken middleware invoked {"path":"/api/v2/creator/profile","method":"GET","has_auth_header":true,"auth_header_preview":"Bearer 168|i1Pfn62igXMWcFgvLcI...","is_bearer":true} 
[2026-05-16 10:59:29] local.INFO: Extracted bearer token {"token_preview":"168|i1Pfn6...","token_length":52} 
[2026-05-16 10:59:29] local.INFO: Found personal access token {"token_id":168,"user_id":68,"revoked":null} 
[2026-05-16 10:59:29] local.INFO: User authenticated via bearer token {"user_id":68,"user_email":"freelancerzahedcreator@gmail.com"} 
[2026-05-16 10:59:59] local.INFO: ParseBearerToken middleware invoked {"path":"/api/v2/creator/profile","method":"GET","has_auth_header":true,"auth_header_preview":"Bearer 168|i1Pfn62igXMWcFgvLcI...","is_bearer":true} 
[2026-05-16 10:59:59] local.INFO: Extracted bearer token {"token_preview":"168|i1Pfn6...","token_length":52} 
[2026-05-16 10:59:59] local.INFO: Found personal access token {"token_id":168,"user_id":68,"revoked":null} 
[2026-05-16 10:59:59] local.INFO: User authenticated via bearer token {"user_id":68,"user_email":"freelancerzahedcreator@gmail.com"} 
[2026-05-16 11:00:29] local.INFO: ParseBearerToken middleware invoked {"path":"/api/v2/creator/profile","method":"GET","has_auth_header":true,"auth_header_preview":"Bearer 168|i1Pfn62igXMWcFgvLcI...","is_bearer":true} 
[2026-05-16 11:00:29] local.INFO: Extracted bearer token {"token_preview":"168|i1Pfn6...","token_length":52} 
[2026-05-16 11:00:29] local.INFO: Found personal access token {"token_id":168,"user_id":68,"revoked":null} 
[2026-05-16 11:00:29] local.INFO: User authenticated via bearer token {"user_id":68,"user_email":"freelancerzahedcreator@gmail.com"} 
[2026-05-16 11:00:59] local.INFO: ParseBearerToken middleware invoked {"path":"/api/v2/creator/profile","method":"GET","has_auth_header":true,"auth_header_preview":"Bearer 168|i1Pfn62igXMWcFgvLcI...","is_bearer":true} 
[2026-05-16 11:00:59] local.INFO: Extracted bearer token {"token_preview":"168|i1Pfn6...","token_length":52} 
[2026-05-16 11:00:59] local.INFO: Found personal access token {"token_id":168,"user_id":68,"revoked":null} 
[2026-05-16 11:00:59] local.INFO: User authenticated via bearer token {"user_id":68,"user_email":"freelancerzahedcreator@gmail.com"} 
[2026-05-16 11:01:29] local.INFO: ParseBearerToken middleware invoked {"path":"/api/v2/creator/profile","method":"GET","has_auth_header":true,"auth_header_preview":"Bearer 168|i1Pfn62igXMWcFgvLcI...","is_bearer":true} 
[2026-05-16 11:01:29] local.INFO: Extracted bearer token {"token_preview":"168|i1Pfn6...","token_length":52} 
[2026-05-16 11:01:29] local.INFO: Found personal access token {"token_id":168,"user_id":68,"revoked":null} 
[2026-05-16 11:01:29] local.INFO: User authenticated via bearer token {"user_id":68,"user_email":"freelancerzahedcreator@gmail.com"} 
[2026-05-16 11:01:59] local.INFO: ParseBearerToken middleware invoked {"path":"/api/v2/creator/profile","method":"GET","has_auth_header":true,"auth_header_preview":"Bearer 168|i1Pfn62igXMWcFgvLcI...","is_bearer":true} 
[2026-05-16 11:01:59] local.INFO: Extracted bearer token {"token_preview":"168|i1Pfn6...","token_length":52} 
[2026-05-16 11:01:59] local.INFO: Found personal access token {"token_id":168,"user_id":68,"revoked":null} 
[2026-05-16 11:01:59] local.INFO: User authenticated via bearer token {"user_id":68,"user_email":"freelancerzahedcreator@gmail.com"} 
[2026-05-16 11:02:29] local.INFO: ParseBearerToken middleware invoked {"path":"/api/v2/creator/profile","method":"GET","has_auth_header":true,"auth_header_preview":"Bearer 168|i1Pfn62igXMWcFgvLcI...","is_bearer":true} 
[2026-05-16 11:02:29] local.INFO: Extracted bearer token {"token_preview":"168|i1Pfn6...","token_length":52} 
[2026-05-16 11:02:29] local.INFO: Found personal access token {"token_id":168,"user_id":68,"revoked":null} 
[2026-05-16 11:02:29] local.INFO: User authenticated via bearer token {"user_id":68,"user_email":"freelancerzahedcreator@gmail.com"} 
[2026-05-16 11:02:59] local.INFO: ParseBearerToken middleware invoked {"path":"/api/v2/creator/profile","method":"GET","has_auth_header":true,"auth_header_preview":"Bearer 168|i1Pfn62igXMWcFgvLcI...","is_bearer":true} 
[2026-05-16 11:02:59] local.INFO: Extracted bearer token {"token_preview":"168|i1Pfn6...","token_length":52} 
[2026-05-16 11:02:59] local.INFO: Found personal access token {"token_id":168,"user_id":68,"revoked":null} 
[2026-05-16 11:02:59] local.INFO: User authenticated via bearer token {"user_id":68,"user_email":"freelancerzahedcreator@gmail.com"} 
[2026-05-16 11:03:29] local.INFO: ParseBearerToken middleware invoked {"path":"/api/v2/creator/profile","method":"GET","has_auth_header":true,"auth_header_preview":"Bearer 168|i1Pfn62igXMWcFgvLcI...","is_bearer":true} 
[2026-05-16 11:03:29] local.INFO: Extracted bearer token {"token_preview":"168|i1Pfn6...","token_length":52} 
[2026-05-16 11:03:29] local.INFO: Found personal access token {"token_id":168,"user_id":68,"revoked":null} 
[2026-05-16 11:03:29] local.INFO: User authenticated via bearer token {"user_id":68,"user_email":"freelancerzahedcreator@gmail.com"} 
[2026-05-16 11:03:59] local.INFO: ParseBearerToken middleware invoked {"path":"/api/v2/creator/profile","method":"GET","has_auth_header":true,"auth_header_preview":"Bearer 168|i1Pfn62igXMWcFgvLcI...","is_bearer":true} 
[2026-05-16 11:03:59] local.INFO: Extracted bearer token {"token_preview":"168|i1Pfn6...","token_length":52} 
[2026-05-16 11:03:59] local.INFO: Found personal access token {"token_id":168,"user_id":68,"revoked":null} 
[2026-05-16 11:03:59] local.INFO: User authenticated via bearer token {"user_id":68,"user_email":"freelancerzahedcreator@gmail.com"} 
[2026-05-16 11:04:29] local.INFO: ParseBearerToken middleware invoked {"path":"/api/v2/creator/profile","method":"GET","has_auth_header":true,"auth_header_preview":"Bearer 168|i1Pfn62igXMWcFgvLcI...","is_bearer":true} 
[2026-05-16 11:04:29] local.INFO: Extracted bearer token {"token_preview":"168|i1Pfn6...","token_length":52} 
[2026-05-16 11:04:29] local.INFO: Found personal access token {"token_id":168,"user_id":68,"revoked":null} 
[2026-05-16 11:04:29] local.INFO: User authenticated via bearer token {"user_id":68,"user_email":"freelancerzahedcreator@gmail.com"} 
[2026-05-16 11:04:59] local.INFO: ParseBearerToken middleware invoked {"path":"/api/v2/creator/profile","method":"GET","has_auth_header":true,"auth_header_preview":"Bearer 168|i1Pfn62igXMWcFgvLcI...","is_bearer":true} 
[2026-05-16 11:04:59] local.INFO: Extracted bearer token {"token_preview":"168|i1Pfn6...","token_length":52} 
[2026-05-16 11:04:59] local.INFO: Found personal access token {"token_id":168,"user_id":68,"revoked":null} 
[2026-05-16 11:04:59] local.INFO: User authenticated via bearer token {"user_id":68,"user_email":"freelancerzahedcreator@gmail.com"} 
[2026-05-16 11:05:29] local.INFO: ParseBearerToken middleware invoked {"path":"/api/v2/creator/profile","method":"GET","has_auth_header":true,"auth_header_preview":"Bearer 168|i1Pfn62igXMWcFgvLcI...","is_bearer":true} 
[2026-05-16 11:05:29] local.INFO: Extracted bearer token {"token_preview":"168|i1Pfn6...","token_length":52} 
[2026-05-16 11:05:29] local.INFO: Found personal access token {"token_id":168,"user_id":68,"revoked":null} 
[2026-05-16 11:05:29] local.INFO: User authenticated via bearer token {"user_id":68,"user_email":"freelancerzahedcreator@gmail.com"} 
[2026-05-16 11:05:59] local.INFO: ParseBearerToken middleware invoked {"path":"/api/v2/creator/profile","method":"GET","has_auth_header":true,"auth_header_preview":"Bearer 168|i1Pfn62igXMWcFgvLcI...","is_bearer":true} 
[2026-05-16 11:05:59] local.INFO: Extracted bearer token {"token_preview":"168|i1Pfn6...","token_length":52} 
[2026-05-16 11:05:59] local.INFO: Found personal access token {"token_id":168,"user_id":68,"revoked":null} 
[2026-05-16 11:05:59] local.INFO: User authenticated via bearer token {"user_id":68,"user_email":"freelancerzahedcreator@gmail.com"} 
[2026-05-16 11:06:29] local.INFO: ParseBearerToken middleware invoked {"path":"/api/v2/creator/profile","method":"GET","has_auth_header":true,"auth_header_preview":"Bearer 168|i1Pfn62igXMWcFgvLcI...","is_bearer":true} 
[2026-05-16 11:06:29] local.INFO: Extracted bearer token {"token_preview":"168|i1Pfn6...","token_length":52} 
[2026-05-16 11:06:29] local.INFO: Found personal access token {"token_id":168,"user_id":68,"revoked":null} 
[2026-05-16 11:06:29] local.INFO: User authenticated via bearer token {"user_id":68,"user_email":"freelancerzahedcreator@gmail.com"} 
[2026-05-16 11:06:58] local.INFO: ParseBearerToken middleware invoked {"path":"/api/v2/creator/profile","method":"GET","has_auth_header":true,"auth_header_preview":"Bearer 168|i1Pfn62igXMWcFgvLcI...","is_bearer":true} 
[2026-05-16 11:06:58] local.INFO: Extracted bearer token {"token_preview":"168|i1Pfn6...","token_length":52} 
[2026-05-16 11:06:58] local.INFO: Found personal access token {"token_id":168,"user_id":68,"revoked":null} 
[2026-05-16 11:06:58] local.INFO: User authenticated via bearer token {"user_id":68,"user_email":"freelancerzahedcreator@gmail.com"} 
[2026-05-16 11:07:28] local.INFO: ParseBearerToken middleware invoked {"path":"/api/v2/creator/profile","method":"GET","has_auth_header":true,"auth_header_preview":"Bearer 168|i1Pfn62igXMWcFgvLcI...","is_bearer":true} 
[2026-05-16 11:07:28] local.INFO: Extracted bearer token {"token_preview":"168|i1Pfn6...","token_length":52} 
[2026-05-16 11:07:28] local.INFO: Found personal access token {"token_id":168,"user_id":68,"revoked":null} 
[2026-05-16 11:07:28] local.INFO: User authenticated via bearer token {"user_id":68,"user_email":"freelancerzahedcreator@gmail.com"} 
[2026-05-16 11:07:59] local.INFO: ParseBearerToken middleware invoked {"path":"/api/v2/creator/profile","method":"GET","has_auth_header":true,"auth_header_preview":"Bearer 168|i1Pfn62igXMWcFgvLcI...","is_bearer":true} 
[2026-05-16 11:07:59] local.INFO: Extracted bearer token {"token_preview":"168|i1Pfn6...","token_length":52} 
[2026-05-16 11:07:59] local.INFO: Found personal access token {"token_id":168,"user_id":68,"revoked":null} 
[2026-05-16 11:07:59] local.INFO: User authenticated via bearer token {"user_id":68,"user_email":"freelancerzahedcreator@gmail.com"} 
[2026-05-16 11:08:29] local.INFO: ParseBearerToken middleware invoked {"path":"/api/v2/creator/profile","method":"GET","has_auth_header":true,"auth_header_preview":"Bearer 168|i1Pfn62igXMWcFgvLcI...","is_bearer":true} 
[2026-05-16 11:08:29] local.INFO: Extracted bearer token {"token_preview":"168|i1Pfn6...","token_length":52} 
[2026-05-16 11:08:29] local.INFO: Found personal access token {"token_id":168,"user_id":68,"revoked":null} 
[2026-05-16 11:08:29] local.INFO: User authenticated via bearer token {"user_id":68,"user_email":"freelancerzahedcreator@gmail.com"} 
[2026-05-16 11:08:59] local.INFO: ParseBearerToken middleware invoked {"path":"/api/v2/creator/profile","method":"GET","has_auth_header":true,"auth_header_preview":"Bearer 168|i1Pfn62igXMWcFgvLcI...","is_bearer":true} 
[2026-05-16 11:08:59] local.INFO: Extracted bearer token {"token_preview":"168|i1Pfn6...","token_length":52} 
[2026-05-16 11:08:59] local.INFO: Found personal access token {"token_id":168,"user_id":68,"revoked":null} 
[2026-05-16 11:08:59] local.INFO: User authenticated via bearer token {"user_id":68,"user_email":"freelancerzahedcreator@gmail.com"} 
[2026-05-16 11:09:29] local.INFO: ParseBearerToken middleware invoked {"path":"/api/v2/creator/profile","method":"GET","has_auth_header":true,"auth_header_preview":"Bearer 168|i1Pfn62igXMWcFgvLcI...","is_bearer":true} 
[2026-05-16 11:09:29] local.INFO: Extracted bearer token {"token_preview":"168|i1Pfn6...","token_length":52} 
[2026-05-16 11:09:29] local.INFO: Found personal access token {"token_id":168,"user_id":68,"revoked":null} 
[2026-05-16 11:09:29] local.INFO: User authenticated via bearer token {"user_id":68,"user_email":"freelancerzahedcreator@gmail.com"} 
[2026-05-16 11:09:59] local.INFO: ParseBearerToken middleware invoked {"path":"/api/v2/creator/profile","method":"GET","has_auth_header":true,"auth_header_preview":"Bearer 168|i1Pfn62igXMWcFgvLcI...","is_bearer":true} 
[2026-05-16 11:09:59] local.INFO: Extracted bearer token {"token_preview":"168|i1Pfn6...","token_length":52} 
[2026-05-16 11:09:59] local.INFO: Found personal access token {"token_id":168,"user_id":68,"revoked":null} 
[2026-05-16 11:09:59] local.INFO: User authenticated via bearer token {"user_id":68,"user_email":"freelancerzahedcreator@gmail.com"} 
[2026-05-16 11:10:29] local.INFO: ParseBearerToken middleware invoked {"path":"/api/v2/creator/profile","method":"GET","has_auth_header":true,"auth_header_preview":"Bearer 168|i1Pfn62igXMWcFgvLcI...","is_bearer":true} 
[2026-05-16 11:10:29] local.INFO: Extracted bearer token {"token_preview":"168|i1Pfn6...","token_length":52} 
[2026-05-16 11:10:29] local.INFO: Found personal access token {"token_id":168,"user_id":68,"revoked":null} 
[2026-05-16 11:10:29] local.INFO: User authenticated via bearer token {"user_id":68,"user_email":"freelancerzahedcreator@gmail.com"} 
[2026-05-16 11:10:58] local.INFO: ParseBearerToken middleware invoked {"path":"/api/v2/creator/profile","method":"GET","has_auth_header":true,"auth_header_preview":"Bearer 168|i1Pfn62igXMWcFgvLcI...","is_bearer":true} 
[2026-05-16 11:10:58] local.INFO: Extracted bearer token {"token_preview":"168|i1Pfn6...","token_length":52} 
[2026-05-16 11:10:58] local.INFO: Found personal access token {"token_id":168,"user_id":68,"revoked":null} 
[2026-05-16 11:10:58] local.INFO: User authenticated via bearer token {"user_id":68,"user_email":"freelancerzahedcreator@gmail.com"} 
[2026-05-16 11:11:29] local.INFO: ParseBearerToken middleware invoked {"path":"/api/v2/creator/profile","method":"GET","has_auth_header":true,"auth_header_preview":"Bearer 168|i1Pfn62igXMWcFgvLcI...","is_bearer":true} 
[2026-05-16 11:11:29] local.INFO: Extracted bearer token {"token_preview":"168|i1Pfn6...","token_length":52} 
[2026-05-16 11:11:29] local.INFO: Found personal access token {"token_id":168,"user_id":68,"revoked":null} 
[2026-05-16 11:11:29] local.INFO: User authenticated via bearer token {"user_id":68,"user_email":"freelancerzahedcreator@gmail.com"} 
[2026-05-16 11:11:58] local.INFO: ParseBearerToken middleware invoked {"path":"/api/v2/creator/profile","method":"GET","has_auth_header":true,"auth_header_preview":"Bearer 168|i1Pfn62igXMWcFgvLcI...","is_bearer":true} 
[2026-05-16 11:11:58] local.INFO: Extracted bearer token {"token_preview":"168|i1Pfn6...","token_length":52} 
[2026-05-16 11:11:58] local.INFO: Found personal access token {"token_id":168,"user_id":68,"revoked":null} 
[2026-05-16 11:11:58] local.INFO: User authenticated via bearer token {"user_id":68,"user_email":"freelancerzahedcreator@gmail.com"} 
[2026-05-16 11:12:29] local.INFO: ParseBearerToken middleware invoked {"path":"/api/v2/creator/profile","method":"GET","has_auth_header":true,"auth_header_preview":"Bearer 168|i1Pfn62igXMWcFgvLcI...","is_bearer":true} 
[2026-05-16 11:12:29] local.INFO: Extracted bearer token {"token_preview":"168|i1Pfn6...","token_length":52} 
[2026-05-16 11:12:29] local.INFO: Found personal access token {"token_id":168,"user_id":68,"revoked":null} 
[2026-05-16 11:12:29] local.INFO: User authenticated via bearer token {"user_id":68,"user_email":"freelancerzahedcreator@gmail.com"} 
[2026-05-16 11:12:59] local.INFO: ParseBearerToken middleware invoked {"path":"/api/v2/creator/profile","method":"GET","has_auth_header":true,"auth_header_preview":"Bearer 168|i1Pfn62igXMWcFgvLcI...","is_bearer":true} 
[2026-05-16 11:12:59] local.INFO: Extracted bearer token {"token_preview":"168|i1Pfn6...","token_length":52} 
[2026-05-16 11:12:59] local.INFO: Found personal access token {"token_id":168,"user_id":68,"revoked":null} 
[2026-05-16 11:12:59] local.INFO: User authenticated via bearer token {"user_id":68,"user_email":"freelancerzahedcreator@gmail.com"} 
[2026-05-16 11:13:29] local.INFO: ParseBearerToken middleware invoked {"path":"/api/v2/creator/profile","method":"GET","has_auth_header":true,"auth_header_preview":"Bearer 168|i1Pfn62igXMWcFgvLcI...","is_bearer":true} 
[2026-05-16 11:13:29] local.INFO: Extracted bearer token {"token_preview":"168|i1Pfn6...","token_length":52} 
[2026-05-16 11:13:29] local.INFO: Found personal access token {"token_id":168,"user_id":68,"revoked":null} 
[2026-05-16 11:13:29] local.INFO: User authenticated via bearer token {"user_id":68,"user_email":"freelancerzahedcreator@gmail.com"} 
[2026-05-16 11:13:59] local.INFO: ParseBearerToken middleware invoked {"path":"/api/v2/creator/profile","method":"GET","has_auth_header":true,"auth_header_preview":"Bearer 168|i1Pfn62igXMWcFgvLcI...","is_bearer":true} 
[2026-05-16 11:13:59] local.INFO: Extracted bearer token {"token_preview":"168|i1Pfn6...","token_length":52} 
[2026-05-16 11:13:59] local.INFO: Found personal access token {"token_id":168,"user_id":68,"revoked":null} 
[2026-05-16 11:13:59] local.INFO: User authenticated via bearer token {"user_id":68,"user_email":"freelancerzahedcreator@gmail.com"} 
[2026-05-16 11:14:29] local.INFO: ParseBearerToken middleware invoked {"path":"/api/v2/creator/profile","method":"GET","has_auth_header":true,"auth_header_preview":"Bearer 168|i1Pfn62igXMWcFgvLcI...","is_bearer":true} 
[2026-05-16 11:14:29] local.INFO: Extracted bearer token {"token_preview":"168|i1Pfn6...","token_length":52} 
[2026-05-16 11:14:29] local.INFO: Found personal access token {"token_id":168,"user_id":68,"revoked":null} 
[2026-05-16 11:14:29] local.INFO: User authenticated via bearer token {"user_id":68,"user_email":"freelancerzahedcreator@gmail.com"} 
[2026-05-16 11:14:59] local.INFO: ParseBearerToken middleware invoked {"path":"/api/v2/creator/profile","method":"GET","has_auth_header":true,"auth_header_preview":"Bearer 168|i1Pfn62igXMWcFgvLcI...","is_bearer":true} 
[2026-05-16 11:14:59] local.INFO: Extracted bearer token {"token_preview":"168|i1Pfn6...","token_length":52} 
[2026-05-16 11:14:59] local.INFO: Found personal access token {"token_id":168,"user_id":68,"revoked":null} 
[2026-05-16 11:14:59] local.INFO: User authenticated via bearer token {"user_id":68,"user_email":"freelancerzahedcreator@gmail.com"} 
[2026-05-16 11:15:29] local.INFO: ParseBearerToken middleware invoked {"path":"/api/v2/creator/profile","method":"GET","has_auth_header":true,"auth_header_preview":"Bearer 168|i1Pfn62igXMWcFgvLcI...","is_bearer":true} 
[2026-05-16 11:15:29] local.INFO: Extracted bearer token {"token_preview":"168|i1Pfn6...","token_length":52} 
[2026-05-16 11:15:29] local.INFO: Found personal access token {"token_id":168,"user_id":68,"revoked":null} 
[2026-05-16 11:15:29] local.INFO: User authenticated via bearer token {"user_id":68,"user_email":"freelancerzahedcreator@gmail.com"} 
[2026-05-16 11:15:58] local.INFO: ParseBearerToken middleware invoked {"path":"/api/v2/creator/profile","method":"GET","has_auth_header":true,"auth_header_preview":"Bearer 168|i1Pfn62igXMWcFgvLcI...","is_bearer":true} 
[2026-05-16 11:15:58] local.INFO: Extracted bearer token {"token_preview":"168|i1Pfn6...","token_length":52} 
[2026-05-16 11:15:59] local.INFO: Found personal access token {"token_id":168,"user_id":68,"revoked":null} 
[2026-05-16 11:15:59] local.INFO: User authenticated via bearer token {"user_id":68,"user_email":"freelancerzahedcreator@gmail.com"} 
[2026-05-16 11:16:29] local.INFO: ParseBearerToken middleware invoked {"path":"/api/v2/creator/profile","method":"GET","has_auth_header":true,"auth_header_preview":"Bearer 168|i1Pfn62igXMWcFgvLcI...","is_bearer":true} 
[2026-05-16 11:16:29] local.INFO: Extracted bearer token {"token_preview":"168|i1Pfn6...","token_length":52} 
[2026-05-16 11:16:29] local.INFO: Found personal access token {"token_id":168,"user_id":68,"revoked":null} 
[2026-05-16 11:16:29] local.INFO: User authenticated via bearer token {"user_id":68,"user_email":"freelancerzahedcreator@gmail.com"} 
[2026-05-16 11:16:59] local.INFO: ParseBearerToken middleware invoked {"path":"/api/v2/creator/profile","method":"GET","has_auth_header":true,"auth_header_preview":"Bearer 168|i1Pfn62igXMWcFgvLcI...","is_bearer":true} 
[2026-05-16 11:16:59] local.INFO: Extracted bearer token {"token_preview":"168|i1Pfn6...","token_length":52} 
[2026-05-16 11:16:59] local.INFO: Found personal access token {"token_id":168,"user_id":68,"revoked":null} 
[2026-05-16 11:16:59] local.INFO: User authenticated via bearer token {"user_id":68,"user_email":"freelancerzahedcreator@gmail.com"} 
[2026-05-16 11:17:29] local.INFO: ParseBearerToken middleware invoked {"path":"/api/v2/creator/profile","method":"GET","has_auth_header":true,"auth_header_preview":"Bearer 168|i1Pfn62igXMWcFgvLcI...","is_bearer":true} 
[2026-05-16 11:17:29] local.INFO: Extracted bearer token {"token_preview":"168|i1Pfn6...","token_length":52} 
[2026-05-16 11:17:29] local.INFO: Found personal access token {"token_id":168,"user_id":68,"revoked":null} 
[2026-05-16 11:17:29] local.INFO: User authenticated via bearer token {"user_id":68,"user_email":"freelancerzahedcreator@gmail.com"} 
[2026-05-16 11:17:59] local.INFO: ParseBearerToken middleware invoked {"path":"/api/v2/creator/profile","method":"GET","has_auth_header":true,"auth_header_preview":"Bearer 168|i1Pfn62igXMWcFgvLcI...","is_bearer":true} 
[2026-05-16 11:17:59] local.INFO: Extracted bearer token {"token_preview":"168|i1Pfn6...","token_length":52} 
[2026-05-16 11:17:59] local.INFO: Found personal access token {"token_id":168,"user_id":68,"revoked":null} 
[2026-05-16 11:17:59] local.INFO: User authenticated via bearer token {"user_id":68,"user_email":"freelancerzahedcreator@gmail.com"} 
[2026-05-16 11:18:29] local.INFO: ParseBearerToken middleware invoked {"path":"/api/v2/creator/profile","method":"GET","has_auth_header":true,"auth_header_preview":"Bearer 168|i1Pfn62igXMWcFgvLcI...","is_bearer":true} 
[2026-05-16 11:18:29] local.INFO: Extracted bearer token {"token_preview":"168|i1Pfn6...","token_length":52} 
[2026-05-16 11:18:29] local.INFO: Found personal access token {"token_id":168,"user_id":68,"revoked":null} 
[2026-05-16 11:18:29] local.INFO: User authenticated via bearer token {"user_id":68,"user_email":"freelancerzahedcreator@gmail.com"} 
[2026-05-16 11:18:59] local.INFO: ParseBearerToken middleware invoked {"path":"/api/v2/creator/profile","method":"GET","has_auth_header":true,"auth_header_preview":"Bearer 168|i1Pfn62igXMWcFgvLcI...","is_bearer":true} 
[2026-05-16 11:18:59] local.INFO: Extracted bearer token {"token_preview":"168|i1Pfn6...","token_length":52} 
[2026-05-16 11:18:59] local.INFO: Found personal access token {"token_id":168,"user_id":68,"revoked":null} 
[2026-05-16 11:18:59] local.INFO: User authenticated via bearer token {"user_id":68,"user_email":"freelancerzahedcreator@gmail.com"} 
[2026-05-16 11:19:29] local.INFO: ParseBearerToken middleware invoked {"path":"/api/v2/creator/profile","method":"GET","has_auth_header":true,"auth_header_preview":"Bearer 168|i1Pfn62igXMWcFgvLcI...","is_bearer":true} 
[2026-05-16 11:19:29] local.INFO: Extracted bearer token {"token_preview":"168|i1Pfn6...","token_length":52} 
[2026-05-16 11:19:29] local.INFO: Found personal access token {"token_id":168,"user_id":68,"revoked":null} 
[2026-05-16 11:19:29] local.INFO: User authenticated via bearer token {"user_id":68,"user_email":"freelancerzahedcreator@gmail.com"} 
[2026-05-16 11:19:59] local.INFO: ParseBearerToken middleware invoked {"path":"/api/v2/creator/profile","method":"GET","has_auth_header":true,"auth_header_preview":"Bearer 168|i1Pfn62igXMWcFgvLcI...","is_bearer":true} 
[2026-05-16 11:19:59] local.INFO: Extracted bearer token {"token_preview":"168|i1Pfn6...","token_length":52} 
[2026-05-16 11:19:59] local.INFO: Found personal access token {"token_id":168,"user_id":68,"revoked":null} 
[2026-05-16 11:19:59] local.INFO: User authenticated via bearer token {"user_id":68,"user_email":"freelancerzahedcreator@gmail.com"} 
[2026-05-16 11:20:29] local.INFO: ParseBearerToken middleware invoked {"path":"/api/v2/creator/profile","method":"GET","has_auth_header":true,"auth_header_preview":"Bearer 168|i1Pfn62igXMWcFgvLcI...","is_bearer":true} 
[2026-05-16 11:20:29] local.INFO: Extracted bearer token {"token_preview":"168|i1Pfn6...","token_length":52} 
[2026-05-16 11:20:29] local.INFO: Found personal access token {"token_id":168,"user_id":68,"revoked":null} 
[2026-05-16 11:20:29] local.INFO: User authenticated via bearer token {"user_id":68,"user_email":"freelancerzahedcreator@gmail.com"} 
[2026-05-16 11:20:59] local.INFO: ParseBearerToken middleware invoked {"path":"/api/v2/creator/profile","method":"GET","has_auth_header":true,"auth_header_preview":"Bearer 168|i1Pfn62igXMWcFgvLcI...","is_bearer":true} 
[2026-05-16 11:20:59] local.INFO: Extracted bearer token {"token_preview":"168|i1Pfn6...","token_length":52} 
[2026-05-16 11:20:59] local.INFO: Found personal access token {"token_id":168,"user_id":68,"revoked":null} 
[2026-05-16 11:20:59] local.INFO: User authenticated via bearer token {"user_id":68,"user_email":"freelancerzahedcreator@gmail.com"} 
[2026-05-16 11:21:28] local.INFO: ParseBearerToken middleware invoked {"path":"/api/v2/creator/profile","method":"GET","has_auth_header":true,"auth_header_preview":"Bearer 168|i1Pfn62igXMWcFgvLcI...","is_bearer":true} 
[2026-05-16 11:21:28] local.INFO: Extracted bearer token {"token_preview":"168|i1Pfn6...","token_length":52} 
[2026-05-16 11:21:28] local.INFO: Found personal access token {"token_id":168,"user_id":68,"revoked":null} 
[2026-05-16 11:21:28] local.INFO: User authenticated via bearer token {"user_id":68,"user_email":"freelancerzahedcreator@gmail.com"} 
[2026-05-16 11:21:59] local.INFO: ParseBearerToken middleware invoked {"path":"/api/v2/creator/profile","method":"GET","has_auth_header":true,"auth_header_preview":"Bearer 168|i1Pfn62igXMWcFgvLcI...","is_bearer":true} 
[2026-05-16 11:21:59] local.INFO: Extracted bearer token {"token_preview":"168|i1Pfn6...","token_length":52} 
[2026-05-16 11:21:59] local.INFO: Found personal access token {"token_id":168,"user_id":68,"revoked":null} 
[2026-05-16 11:21:59] local.INFO: User authenticated via bearer token {"user_id":68,"user_email":"freelancerzahedcreator@gmail.com"} 
[2026-05-16 11:22:29] local.INFO: ParseBearerToken middleware invoked {"path":"/api/v2/creator/profile","method":"GET","has_auth_header":true,"auth_header_preview":"Bearer 168|i1Pfn62igXMWcFgvLcI...","is_bearer":true} 
[2026-05-16 11:22:29] local.INFO: Extracted bearer token {"token_preview":"168|i1Pfn6...","token_length":52} 
[2026-05-16 11:22:29] local.INFO: Found personal access token {"token_id":168,"user_id":68,"revoked":null} 
[2026-05-16 11:22:29] local.INFO: User authenticated via bearer token {"user_id":68,"user_email":"freelancerzahedcreator@gmail.com"} 
[2026-05-16 11:22:59] local.INFO: ParseBearerToken middleware invoked {"path":"/api/v2/creator/profile","method":"GET","has_auth_header":true,"auth_header_preview":"Bearer 168|i1Pfn62igXMWcFgvLcI...","is_bearer":true} 
[2026-05-16 11:22:59] local.INFO: Extracted bearer token {"token_preview":"168|i1Pfn6...","token_length":52} 
[2026-05-16 11:22:59] local.INFO: Found personal access token {"token_id":168,"user_id":68,"revoked":null} 
[2026-05-16 11:22:59] local.INFO: User authenticated via bearer token {"user_id":68,"user_email":"freelancerzahedcreator@gmail.com"} 
[2026-05-16 11:23:29] local.INFO: ParseBearerToken middleware invoked {"path":"/api/v2/creator/profile","method":"GET","has_auth_header":true,"auth_header_preview":"Bearer 168|i1Pfn62igXMWcFgvLcI...","is_bearer":true} 
[2026-05-16 11:23:29] local.INFO: Extracted bearer token {"token_preview":"168|i1Pfn6...","token_length":52} 
[2026-05-16 11:23:29] local.INFO: Found personal access token {"token_id":168,"user_id":68,"revoked":null} 
[2026-05-16 11:23:29] local.INFO: User authenticated via bearer token {"user_id":68,"user_email":"freelancerzahedcreator@gmail.com"} 
[2026-05-16 11:23:59] local.INFO: ParseBearerToken middleware invoked {"path":"/api/v2/creator/profile","method":"GET","has_auth_header":true,"auth_header_preview":"Bearer 168|i1Pfn62igXMWcFgvLcI...","is_bearer":true} 
[2026-05-16 11:23:59] local.INFO: Extracted bearer token {"token_preview":"168|i1Pfn6...","token_length":52} 
[2026-05-16 11:23:59] local.INFO: Found personal access token {"token_id":168,"user_id":68,"revoked":null} 
[2026-05-16 11:23:59] local.INFO: User authenticated via bearer token {"user_id":68,"user_email":"freelancerzahedcreator@gmail.com"} 
[2026-05-16 11:24:29] local.INFO: ParseBearerToken middleware invoked {"path":"/api/v2/creator/profile","method":"GET","has_auth_header":true,"auth_header_preview":"Bearer 168|i1Pfn62igXMWcFgvLcI...","is_bearer":true} 
[2026-05-16 11:24:29] local.INFO: Extracted bearer token {"token_preview":"168|i1Pfn6...","token_length":52} 
[2026-05-16 11:24:29] local.INFO: Found personal access token {"token_id":168,"user_id":68,"revoked":null} 
[2026-05-16 11:24:29] local.INFO: User authenticated via bearer token {"user_id":68,"user_email":"freelancerzahedcreator@gmail.com"} 
[2026-05-16 11:24:59] local.INFO: ParseBearerToken middleware invoked {"path":"/api/v2/creator/profile","method":"GET","has_auth_header":true,"auth_header_preview":"Bearer 168|i1Pfn62igXMWcFgvLcI...","is_bearer":true} 
[2026-05-16 11:24:59] local.INFO: Extracted bearer token {"token_preview":"168|i1Pfn6...","token_length":52} 
[2026-05-16 11:24:59] local.INFO: Found personal access token {"token_id":168,"user_id":68,"revoked":null} 
[2026-05-16 11:24:59] local.INFO: User authenticated via bearer token {"user_id":68,"user_email":"freelancerzahedcreator@gmail.com"} 
[2026-05-16 11:25:29] local.INFO: ParseBearerToken middleware invoked {"path":"/api/v2/creator/profile","method":"GET","has_auth_header":true,"auth_header_preview":"Bearer 168|i1Pfn62igXMWcFgvLcI...","is_bearer":true} 
[2026-05-16 11:25:29] local.INFO: Extracted bearer token {"token_preview":"168|i1Pfn6...","token_length":52} 
[2026-05-16 11:25:29] local.INFO: Found personal access token {"token_id":168,"user_id":68,"revoked":null} 
[2026-05-16 11:25:29] local.INFO: User authenticated via bearer token {"user_id":68,"user_email":"freelancerzahedcreator@gmail.com"} 
[2026-05-16 11:25:59] local.INFO: ParseBearerToken middleware invoked {"path":"/api/v2/creator/profile","method":"GET","has_auth_header":true,"auth_header_preview":"Bearer 168|i1Pfn62igXMWcFgvLcI...","is_bearer":true} 
[2026-05-16 11:25:59] local.INFO: Extracted bearer token {"token_preview":"168|i1Pfn6...","token_length":52} 
[2026-05-16 11:25:59] local.INFO: Found personal access token {"token_id":168,"user_id":68,"revoked":null} 
[2026-05-16 11:25:59] local.INFO: User authenticated via bearer token {"user_id":68,"user_email":"freelancerzahedcreator@gmail.com"} 
[2026-05-16 11:26:29] local.INFO: ParseBearerToken middleware invoked {"path":"/api/v2/creator/profile","method":"GET","has_auth_header":true,"auth_header_preview":"Bearer 168|i1Pfn62igXMWcFgvLcI...","is_bearer":true} 
[2026-05-16 11:26:29] local.INFO: Extracted bearer token {"token_preview":"168|i1Pfn6...","token_length":52} 
[2026-05-16 11:26:29] local.INFO: Found personal access token {"token_id":168,"user_id":68,"revoked":null} 
[2026-05-16 11:26:29] local.INFO: User authenticated via bearer token {"user_id":68,"user_email":"freelancerzahedcreator@gmail.com"} 
[2026-05-16 11:26:59] local.INFO: ParseBearerToken middleware invoked {"path":"/api/v2/creator/profile","method":"GET","has_auth_header":true,"auth_header_preview":"Bearer 168|i1Pfn62igXMWcFgvLcI...","is_bearer":true} 
[2026-05-16 11:26:59] local.INFO: Extracted bearer token {"token_preview":"168|i1Pfn6...","token_length":52} 
[2026-05-16 11:26:59] local.INFO: Found personal access token {"token_id":168,"user_id":68,"revoked":null} 
[2026-05-16 11:26:59] local.INFO: User authenticated via bearer token {"user_id":68,"user_email":"freelancerzahedcreator@gmail.com"} 
[2026-05-16 11:27:29] local.INFO: ParseBearerToken middleware invoked {"path":"/api/v2/creator/profile","method":"GET","has_auth_header":true,"auth_header_preview":"Bearer 168|i1Pfn62igXMWcFgvLcI...","is_bearer":true} 
[2026-05-16 11:27:29] local.INFO: Extracted bearer token {"token_preview":"168|i1Pfn6...","token_length":52} 
[2026-05-16 11:27:29] local.INFO: Found personal access token {"token_id":168,"user_id":68,"revoked":null} 
[2026-05-16 11:27:29] local.INFO: User authenticated via bearer token {"user_id":68,"user_email":"freelancerzahedcreator@gmail.com"} 
[2026-05-16 11:27:59] local.INFO: ParseBearerToken middleware invoked {"path":"/api/v2/creator/profile","method":"GET","has_auth_header":true,"auth_header_preview":"Bearer 168|i1Pfn62igXMWcFgvLcI...","is_bearer":true} 
[2026-05-16 11:27:59] local.INFO: Extracted bearer token {"token_preview":"168|i1Pfn6...","token_length":52} 
[2026-05-16 11:27:59] local.INFO: Found personal access token {"token_id":168,"user_id":68,"revoked":null} 
[2026-05-16 11:27:59] local.INFO: User authenticated via bearer token {"user_id":68,"user_email":"freelancerzahedcreator@gmail.com"} 
[2026-05-16 11:28:29] local.INFO: ParseBearerToken middleware invoked {"path":"/api/v2/creator/profile","method":"GET","has_auth_header":true,"auth_header_preview":"Bearer 168|i1Pfn62igXMWcFgvLcI...","is_bearer":true} 
[2026-05-16 11:28:29] local.INFO: Extracted bearer token {"token_preview":"168|i1Pfn6...","token_length":52} 
[2026-05-16 11:28:29] local.INFO: Found personal access token {"token_id":168,"user_id":68,"revoked":null} 
[2026-05-16 11:28:29] local.INFO: User authenticated via bearer token {"user_id":68,"user_email":"freelancerzahedcreator@gmail.com"} 
[2026-05-16 11:28:59] local.INFO: ParseBearerToken middleware invoked {"path":"/api/v2/creator/profile","method":"GET","has_auth_header":true,"auth_header_preview":"Bearer 168|i1Pfn62igXMWcFgvLcI...","is_bearer":true} 
[2026-05-16 11:28:59] local.INFO: Extracted bearer token {"token_preview":"168|i1Pfn6...","token_length":52} 
[2026-05-16 11:28:59] local.INFO: Found personal access token {"token_id":168,"user_id":68,"revoked":null} 
[2026-05-16 11:28:59] local.INFO: User authenticated via bearer token {"user_id":68,"user_email":"freelancerzahedcreator@gmail.com"} 
[2026-05-16 11:29:29] local.INFO: ParseBearerToken middleware invoked {"path":"/api/v2/creator/profile","method":"GET","has_auth_header":true,"auth_header_preview":"Bearer 168|i1Pfn62igXMWcFgvLcI...","is_bearer":true} 
[2026-05-16 11:29:29] local.INFO: Extracted bearer token {"token_preview":"168|i1Pfn6...","token_length":52} 
[2026-05-16 11:29:29] local.INFO: Found personal access token {"token_id":168,"user_id":68,"revoked":null} 
[2026-05-16 11:29:29] local.INFO: User authenticated via bearer token {"user_id":68,"user_email":"freelancerzahedcreator@gmail.com"} 
[2026-05-16 11:29:59] local.INFO: ParseBearerToken middleware invoked {"path":"/api/v2/creator/profile","method":"GET","has_auth_header":true,"auth_header_preview":"Bearer 168|i1Pfn62igXMWcFgvLcI...","is_bearer":true} 
[2026-05-16 11:29:59] local.INFO: Extracted bearer token {"token_preview":"168|i1Pfn6...","token_length":52} 
[2026-05-16 11:29:59] local.INFO: Found personal access token {"token_id":168,"user_id":68,"revoked":null} 
[2026-05-16 11:29:59] local.INFO: User authenticated via bearer token {"user_id":68,"user_email":"freelancerzahedcreator@gmail.com"} 
[2026-05-16 11:30:29] local.INFO: ParseBearerToken middleware invoked {"path":"/api/v2/creator/profile","method":"GET","has_auth_header":true,"auth_header_preview":"Bearer 168|i1Pfn62igXMWcFgvLcI...","is_bearer":true} 
[2026-05-16 11:30:29] local.INFO: Extracted bearer token {"token_preview":"168|i1Pfn6...","token_length":52} 
[2026-05-16 11:30:29] local.INFO: Found personal access token {"token_id":168,"user_id":68,"revoked":null} 
[2026-05-16 11:30:29] local.INFO: User authenticated via bearer token {"user_id":68,"user_email":"freelancerzahedcreator@gmail.com"} 
[2026-05-16 11:30:59] local.INFO: ParseBearerToken middleware invoked {"path":"/api/v2/creator/profile","method":"GET","has_auth_header":true,"auth_header_preview":"Bearer 168|i1Pfn62igXMWcFgvLcI...","is_bearer":true} 
[2026-05-16 11:30:59] local.INFO: Extracted bearer token {"token_preview":"168|i1Pfn6...","token_length":52} 
[2026-05-16 11:30:59] local.INFO: Found personal access token {"token_id":168,"user_id":68,"revoked":null} 
[2026-05-16 11:30:59] local.INFO: User authenticated via bearer token {"user_id":68,"user_email":"freelancerzahedcreator@gmail.com"} 
[2026-05-16 11:31:29] local.INFO: ParseBearerToken middleware invoked {"path":"/api/v2/creator/profile","method":"GET","has_auth_header":true,"auth_header_preview":"Bearer 168|i1Pfn62igXMWcFgvLcI...","is_bearer":true} 
[2026-05-16 11:31:29] local.INFO: Extracted bearer token {"token_preview":"168|i1Pfn6...","token_length":52} 
[2026-05-16 11:31:29] local.INFO: Found personal access token {"token_id":168,"user_id":68,"revoked":null} 
[2026-05-16 11:31:29] local.INFO: User authenticated via bearer token {"user_id":68,"user_email":"freelancerzahedcreator@gmail.com"} 
[2026-05-16 11:32:27] local.INFO: ParseBearerToken middleware invoked {"path":"/api/v2/creator/profile","method":"GET","has_auth_header":true,"auth_header_preview":"Bearer 168|i1Pfn62igXMWcFgvLcI...","is_bearer":true} 
[2026-05-16 11:32:27] local.INFO: Extracted bearer token {"token_preview":"168|i1Pfn6...","token_length":52} 
[2026-05-16 11:32:27] local.INFO: Found personal access token {"token_id":168,"user_id":68,"revoked":null} 
[2026-05-16 11:32:27] local.INFO: User authenticated via bearer token {"user_id":68,"user_email":"freelancerzahedcreator@gmail.com"} 
[2026-05-16 11:32:28] local.INFO: ParseBearerToken middleware invoked {"path":"/api/v2/creator/profile","method":"GET","has_auth_header":true,"auth_header_preview":"Bearer 168|i1Pfn62igXMWcFgvLcI...","is_bearer":true} 
[2026-05-16 11:32:28] local.INFO: Extracted bearer token {"token_preview":"168|i1Pfn6...","token_length":52} 
[2026-05-16 11:32:28] local.INFO: Found personal access token {"token_id":168,"user_id":68,"revoked":null} 
[2026-05-16 11:32:28] local.INFO: User authenticated via bearer token {"user_id":68,"user_email":"freelancerzahedcreator@gmail.com"} 
[2026-05-16 11:32:59] local.INFO: ParseBearerToken middleware invoked {"path":"/api/v2/creator/profile","method":"GET","has_auth_header":true,"auth_header_preview":"Bearer 168|i1Pfn62igXMWcFgvLcI...","is_bearer":true} 
[2026-05-16 11:32:59] local.INFO: Extracted bearer token {"token_preview":"168|i1Pfn6...","token_length":52} 
[2026-05-16 11:32:59] local.INFO: Found personal access token {"token_id":168,"user_id":68,"revoked":null} 
[2026-05-16 11:32:59] local.INFO: User authenticated via bearer token {"user_id":68,"user_email":"freelancerzahedcreator@gmail.com"} 
[2026-05-16 11:33:29] local.INFO: ParseBearerToken middleware invoked {"path":"/api/v2/creator/profile","method":"GET","has_auth_header":true,"auth_header_preview":"Bearer 168|i1Pfn62igXMWcFgvLcI...","is_bearer":true} 
[2026-05-16 11:33:29] local.INFO: Extracted bearer token {"token_preview":"168|i1Pfn6...","token_length":52} 
[2026-05-16 11:33:29] local.INFO: Found personal access token {"token_id":168,"user_id":68,"revoked":null} 
[2026-05-16 11:33:29] local.INFO: User authenticated via bearer token {"user_id":68,"user_email":"freelancerzahedcreator@gmail.com"} 
[2026-05-16 11:33:59] local.INFO: ParseBearerToken middleware invoked {"path":"/api/v2/creator/profile","method":"GET","has_auth_header":true,"auth_header_preview":"Bearer 168|i1Pfn62igXMWcFgvLcI...","is_bearer":true} 
[2026-05-16 11:33:59] local.INFO: Extracted bearer token {"token_preview":"168|i1Pfn6...","token_length":52} 
[2026-05-16 11:33:59] local.INFO: Found personal access token {"token_id":168,"user_id":68,"revoked":null} 
[2026-05-16 11:33:59] local.INFO: User authenticated via bearer token {"user_id":68,"user_email":"freelancerzahedcreator@gmail.com"} 
[2026-05-16 11:34:29] local.INFO: ParseBearerToken middleware invoked {"path":"/api/v2/creator/profile","method":"GET","has_auth_header":true,"auth_header_preview":"Bearer 168|i1Pfn62igXMWcFgvLcI...","is_bearer":true} 
[2026-05-16 11:34:29] local.INFO: Extracted bearer token {"token_preview":"168|i1Pfn6...","token_length":52} 
[2026-05-16 11:34:29] local.INFO: Found personal access token {"token_id":168,"user_id":68,"revoked":null} 
[2026-05-16 11:34:29] local.INFO: User authenticated via bearer token {"user_id":68,"user_email":"freelancerzahedcreator@gmail.com"} 
[2026-05-16 11:34:59] local.INFO: ParseBearerToken middleware invoked {"path":"/api/v2/creator/profile","method":"GET","has_auth_header":true,"auth_header_preview":"Bearer 168|i1Pfn62igXMWcFgvLcI...","is_bearer":true} 
[2026-05-16 11:34:59] local.INFO: Extracted bearer token {"token_preview":"168|i1Pfn6...","token_length":52} 
[2026-05-16 11:34:59] local.INFO: Found personal access token {"token_id":168,"user_id":68,"revoked":null} 
[2026-05-16 11:34:59] local.INFO: User authenticated via bearer token {"user_id":68,"user_email":"freelancerzahedcreator@gmail.com"} 
[2026-05-16 11:35:29] local.INFO: ParseBearerToken middleware invoked {"path":"/api/v2/creator/profile","method":"GET","has_auth_header":true,"auth_header_preview":"Bearer 168|i1Pfn62igXMWcFgvLcI...","is_bearer":true} 
[2026-05-16 11:35:29] local.INFO: Extracted bearer token {"token_preview":"168|i1Pfn6...","token_length":52} 
[2026-05-16 11:35:29] local.INFO: Found personal access token {"token_id":168,"user_id":68,"revoked":null} 
[2026-05-16 11:35:29] local.INFO: User authenticated via bearer token {"user_id":68,"user_email":"freelancerzahedcreator@gmail.com"} 
[2026-05-16 11:35:59] local.INFO: ParseBearerToken middleware invoked {"path":"/api/v2/creator/profile","method":"GET","has_auth_header":true,"auth_header_preview":"Bearer 168|i1Pfn62igXMWcFgvLcI...","is_bearer":true} 
[2026-05-16 11:35:59] local.INFO: Extracted bearer token {"token_preview":"168|i1Pfn6...","token_length":52} 
[2026-05-16 11:35:59] local.INFO: Found personal access token {"token_id":168,"user_id":68,"revoked":null} 
[2026-05-16 11:35:59] local.INFO: User authenticated via bearer token {"user_id":68,"user_email":"freelancerzahedcreator@gmail.com"} 
[2026-05-16 11:36:29] local.INFO: ParseBearerToken middleware invoked {"path":"/api/v2/creator/profile","method":"GET","has_auth_header":true,"auth_header_preview":"Bearer 168|i1Pfn62igXMWcFgvLcI...","is_bearer":true} 
[2026-05-16 11:36:29] local.INFO: Extracted bearer token {"token_preview":"168|i1Pfn6...","token_length":52} 
[2026-05-16 11:36:29] local.INFO: Found personal access token {"token_id":168,"user_id":68,"revoked":null} 
[2026-05-16 11:36:29] local.INFO: User authenticated via bearer token {"user_id":68,"user_email":"freelancerzahedcreator@gmail.com"} 
[2026-05-16 11:36:59] local.INFO: ParseBearerToken middleware invoked {"path":"/api/v2/creator/profile","method":"GET","has_auth_header":true,"auth_header_preview":"Bearer 168|i1Pfn62igXMWcFgvLcI...","is_bearer":true} 
[2026-05-16 11:36:59] local.INFO: Extracted bearer token {"token_preview":"168|i1Pfn6...","token_length":52} 
[2026-05-16 11:36:59] local.INFO: Found personal access token {"token_id":168,"user_id":68,"revoked":null} 
[2026-05-16 11:36:59] local.INFO: User authenticated via bearer token {"user_id":68,"user_email":"freelancerzahedcreator@gmail.com"} 
[2026-05-16 11:37:29] local.INFO: ParseBearerToken middleware invoked {"path":"/api/v2/creator/profile","method":"GET","has_auth_header":true,"auth_header_preview":"Bearer 168|i1Pfn62igXMWcFgvLcI...","is_bearer":true} 
[2026-05-16 11:37:29] local.INFO: Extracted bearer token {"token_preview":"168|i1Pfn6...","token_length":52} 
[2026-05-16 11:37:29] local.INFO: Found personal access token {"token_id":168,"user_id":68,"revoked":null} 
[2026-05-16 11:37:29] local.INFO: User authenticated via bearer token {"user_id":68,"user_email":"freelancerzahedcreator@gmail.com"} 
[2026-05-16 11:37:58] local.INFO: ParseBearerToken middleware invoked {"path":"/api/v2/creator/profile","method":"GET","has_auth_header":true,"auth_header_preview":"Bearer 168|i1Pfn62igXMWcFgvLcI...","is_bearer":true} 
[2026-05-16 11:37:58] local.INFO: Extracted bearer token {"token_preview":"168|i1Pfn6...","token_length":52} 
[2026-05-16 11:37:59] local.INFO: Found personal access token {"token_id":168,"user_id":68,"revoked":null} 
[2026-05-16 11:37:59] local.INFO: User authenticated via bearer token {"user_id":68,"user_email":"freelancerzahedcreator@gmail.com"} 
[2026-05-16 11:38:29] local.INFO: ParseBearerToken middleware invoked {"path":"/api/v2/creator/profile","method":"GET","has_auth_header":true,"auth_header_preview":"Bearer 168|i1Pfn62igXMWcFgvLcI...","is_bearer":true} 
[2026-05-16 11:38:29] local.INFO: Extracted bearer token {"token_preview":"168|i1Pfn6...","token_length":52} 
[2026-05-16 11:38:29] local.INFO: Found personal access token {"token_id":168,"user_id":68,"revoked":null} 
[2026-05-16 11:38:29] local.INFO: User authenticated via bearer token {"user_id":68,"user_email":"freelancerzahedcreator@gmail.com"} 
[2026-05-16 11:38:58] local.INFO: ParseBearerToken middleware invoked {"path":"/api/v2/creator/profile","method":"GET","has_auth_header":true,"auth_header_preview":"Bearer 168|i1Pfn62igXMWcFgvLcI...","is_bearer":true} 
[2026-05-16 11:38:58] local.INFO: Extracted bearer token {"token_preview":"168|i1Pfn6...","token_length":52} 
[2026-05-16 11:38:58] local.INFO: Found personal access token {"token_id":168,"user_id":68,"revoked":null} 
[2026-05-16 11:38:58] local.INFO: User authenticated via bearer token {"user_id":68,"user_email":"freelancerzahedcreator@gmail.com"} 
[2026-05-16 11:39:29] local.INFO: ParseBearerToken middleware invoked {"path":"/api/v2/creator/profile","method":"GET","has_auth_header":true,"auth_header_preview":"Bearer 168|i1Pfn62igXMWcFgvLcI...","is_bearer":true} 
[2026-05-16 11:39:29] local.INFO: Extracted bearer token {"token_preview":"168|i1Pfn6...","token_length":52} 
[2026-05-16 11:39:29] local.INFO: Found personal access token {"token_id":168,"user_id":68,"revoked":null} 
[2026-05-16 11:39:29] local.INFO: User authenticated via bearer token {"user_id":68,"user_email":"freelancerzahedcreator@gmail.com"} 
[2026-05-16 11:39:59] local.INFO: ParseBearerToken middleware invoked {"path":"/api/v2/creator/profile","method":"GET","has_auth_header":true,"auth_header_preview":"Bearer 168|i1Pfn62igXMWcFgvLcI...","is_bearer":true} 
[2026-05-16 11:39:59] local.INFO: Extracted bearer token {"token_preview":"168|i1Pfn6...","token_length":52} 
[2026-05-16 11:39:59] local.INFO: Found personal access token {"token_id":168,"user_id":68,"revoked":null} 
[2026-05-16 11:39:59] local.INFO: User authenticated via bearer token {"user_id":68,"user_email":"freelancerzahedcreator@gmail.com"} 
[2026-05-16 11:40:28] local.INFO: ParseBearerToken middleware invoked {"path":"/api/v2/creator/profile","method":"GET","has_auth_header":true,"auth_header_preview":"Bearer 168|i1Pfn62igXMWcFgvLcI...","is_bearer":true} 
[2026-05-16 11:40:29] local.INFO: Extracted bearer token {"token_preview":"168|i1Pfn6...","token_length":52} 
[2026-05-16 11:40:29] local.INFO: Found personal access token {"token_id":168,"user_id":68,"revoked":null} 
[2026-05-16 11:40:29] local.INFO: User authenticated via bearer token {"user_id":68,"user_email":"freelancerzahedcreator@gmail.com"} 
[2026-05-16 11:40:59] local.INFO: ParseBearerToken middleware invoked {"path":"/api/v2/creator/profile","method":"GET","has_auth_header":true,"auth_header_preview":"Bearer 168|i1Pfn62igXMWcFgvLcI...","is_bearer":true} 
[2026-05-16 11:40:59] local.INFO: Extracted bearer token {"token_preview":"168|i1Pfn6...","token_length":52} 
[2026-05-16 11:40:59] local.INFO: Found personal access token {"token_id":168,"user_id":68,"revoked":null} 
[2026-05-16 11:40:59] local.INFO: User authenticated via bearer token {"user_id":68,"user_email":"freelancerzahedcreator@gmail.com"} 
[2026-05-16 11:41:29] local.INFO: ParseBearerToken middleware invoked {"path":"/api/v2/creator/profile","method":"GET","has_auth_header":true,"auth_header_preview":"Bearer 168|i1Pfn62igXMWcFgvLcI...","is_bearer":true} 
[2026-05-16 11:41:29] local.INFO: Extracted bearer token {"token_preview":"168|i1Pfn6...","token_length":52} 
[2026-05-16 11:41:29] local.INFO: Found personal access token {"token_id":168,"user_id":68,"revoked":null} 
[2026-05-16 11:41:29] local.INFO: User authenticated via bearer token {"user_id":68,"user_email":"freelancerzahedcreator@gmail.com"} 
[2026-05-16 11:41:59] local.INFO: ParseBearerToken middleware invoked {"path":"/api/v2/creator/profile","method":"GET","has_auth_header":true,"auth_header_preview":"Bearer 168|i1Pfn62igXMWcFgvLcI...","is_bearer":true} 
[2026-05-16 11:41:59] local.INFO: Extracted bearer token {"token_preview":"168|i1Pfn6...","token_length":52} 
[2026-05-16 11:41:59] local.INFO: Found personal access token {"token_id":168,"user_id":68,"revoked":null} 
[2026-05-16 11:41:59] local.INFO: User authenticated via bearer token {"user_id":68,"user_email":"freelancerzahedcreator@gmail.com"} 
[2026-05-16 11:42:28] local.INFO: ParseBearerToken middleware invoked {"path":"/api/v2/creator/profile","method":"GET","has_auth_header":true,"auth_header_preview":"Bearer 168|i1Pfn62igXMWcFgvLcI...","is_bearer":true} 
[2026-05-16 11:42:28] local.INFO: Extracted bearer token {"token_preview":"168|i1Pfn6...","token_length":52} 
[2026-05-16 11:42:28] local.INFO: Found personal access token {"token_id":168,"user_id":68,"revoked":null} 
[2026-05-16 11:42:28] local.INFO: User authenticated via bearer token {"user_id":68,"user_email":"freelancerzahedcreator@gmail.com"} 
[2026-05-16 11:42:59] local.INFO: ParseBearerToken middleware invoked {"path":"/api/v2/creator/profile","method":"GET","has_auth_header":true,"auth_header_preview":"Bearer 168|i1Pfn62igXMWcFgvLcI...","is_bearer":true} 
[2026-05-16 11:42:59] local.INFO: Extracted bearer token {"token_preview":"168|i1Pfn6...","token_length":52} 
[2026-05-16 11:42:59] local.INFO: Found personal access token {"token_id":168,"user_id":68,"revoked":null} 
[2026-05-16 11:42:59] local.INFO: User authenticated via bearer token {"user_id":68,"user_email":"freelancerzahedcreator@gmail.com"} 
[2026-05-16 11:43:29] local.INFO: ParseBearerToken middleware invoked {"path":"/api/v2/creator/profile","method":"GET","has_auth_header":true,"auth_header_preview":"Bearer 168|i1Pfn62igXMWcFgvLcI...","is_bearer":true} 
[2026-05-16 11:43:29] local.INFO: Extracted bearer token {"token_preview":"168|i1Pfn6...","token_length":52} 
[2026-05-16 11:43:29] local.INFO: Found personal access token {"token_id":168,"user_id":68,"revoked":null} 
[2026-05-16 11:43:29] local.INFO: User authenticated via bearer token {"user_id":68,"user_email":"freelancerzahedcreator@gmail.com"} 
[2026-05-16 11:43:59] local.INFO: ParseBearerToken middleware invoked {"path":"/api/v2/creator/profile","method":"GET","has_auth_header":true,"auth_header_preview":"Bearer 168|i1Pfn62igXMWcFgvLcI...","is_bearer":true} 
[2026-05-16 11:43:59] local.INFO: Extracted bearer token {"token_preview":"168|i1Pfn6...","token_length":52} 
[2026-05-16 11:43:59] local.INFO: Found personal access token {"token_id":168,"user_id":68,"revoked":null} 
[2026-05-16 11:43:59] local.INFO: User authenticated via bearer token {"user_id":68,"user_email":"freelancerzahedcreator@gmail.com"} 
[2026-05-16 11:44:29] local.INFO: ParseBearerToken middleware invoked {"path":"/api/v2/creator/profile","method":"GET","has_auth_header":true,"auth_header_preview":"Bearer 168|i1Pfn62igXMWcFgvLcI...","is_bearer":true} 
[2026-05-16 11:44:29] local.INFO: Extracted bearer token {"token_preview":"168|i1Pfn6...","token_length":52} 
[2026-05-16 11:44:29] local.INFO: Found personal access token {"token_id":168,"user_id":68,"revoked":null} 
[2026-05-16 11:44:29] local.INFO: User authenticated via bearer token {"user_id":68,"user_email":"freelancerzahedcreator@gmail.com"} 
[2026-05-16 11:44:59] local.INFO: ParseBearerToken middleware invoked {"path":"/api/v2/creator/profile","method":"GET","has_auth_header":true,"auth_header_preview":"Bearer 168|i1Pfn62igXMWcFgvLcI...","is_bearer":true} 
[2026-05-16 11:44:59] local.INFO: Extracted bearer token {"token_preview":"168|i1Pfn6...","token_length":52} 
[2026-05-16 11:44:59] local.INFO: Found personal access token {"token_id":168,"user_id":68,"revoked":null} 
[2026-05-16 11:44:59] local.INFO: User authenticated via bearer token {"user_id":68,"user_email":"freelancerzahedcreator@gmail.com"} 
[2026-05-16 11:45:29] local.INFO: ParseBearerToken middleware invoked {"path":"/api/v2/creator/profile","method":"GET","has_auth_header":true,"auth_header_preview":"Bearer 168|i1Pfn62igXMWcFgvLcI...","is_bearer":true} 
[2026-05-16 11:45:29] local.INFO: Extracted bearer token {"token_preview":"168|i1Pfn6...","token_length":52} 
[2026-05-16 11:45:29] local.INFO: Found personal access token {"token_id":168,"user_id":68,"revoked":null} 
[2026-05-16 11:45:29] local.INFO: User authenticated via bearer token {"user_id":68,"user_email":"freelancerzahedcreator@gmail.com"} 
[2026-05-16 11:45:59] local.INFO: ParseBearerToken middleware invoked {"path":"/api/v2/creator/profile","method":"GET","has_auth_header":true,"auth_header_preview":"Bearer 168|i1Pfn62igXMWcFgvLcI...","is_bearer":true} 
[2026-05-16 11:45:59] local.INFO: Extracted bearer token {"token_preview":"168|i1Pfn6...","token_length":52} 
[2026-05-16 11:45:59] local.INFO: Found personal access token {"token_id":168,"user_id":68,"revoked":null} 
[2026-05-16 11:45:59] local.INFO: User authenticated via bearer token {"user_id":68,"user_email":"freelancerzahedcreator@gmail.com"} 
[2026-05-16 11:46:29] local.INFO: ParseBearerToken middleware invoked {"path":"/api/v2/creator/profile","method":"GET","has_auth_header":true,"auth_header_preview":"Bearer 168|i1Pfn62igXMWcFgvLcI...","is_bearer":true} 
[2026-05-16 11:46:29] local.INFO: Extracted bearer token {"token_preview":"168|i1Pfn6...","token_length":52} 
[2026-05-16 11:46:29] local.INFO: Found personal access token {"token_id":168,"user_id":68,"revoked":null} 
[2026-05-16 11:46:29] local.INFO: User authenticated via bearer token {"user_id":68,"user_email":"freelancerzahedcreator@gmail.com"} 
[2026-05-16 11:46:58] local.INFO: ParseBearerToken middleware invoked {"path":"/api/v2/creator/profile","method":"GET","has_auth_header":true,"auth_header_preview":"Bearer 168|i1Pfn62igXMWcFgvLcI...","is_bearer":true} 
[2026-05-16 11:46:58] local.INFO: Extracted bearer token {"token_preview":"168|i1Pfn6...","token_length":52} 
[2026-05-16 11:46:58] local.INFO: Found personal access token {"token_id":168,"user_id":68,"revoked":null} 
[2026-05-16 11:46:58] local.INFO: User authenticated via bearer token {"user_id":68,"user_email":"freelancerzahedcreator@gmail.com"} 
[2026-05-16 11:47:28] local.INFO: ParseBearerToken middleware invoked {"path":"/api/v2/creator/profile","method":"GET","has_auth_header":true,"auth_header_preview":"Bearer 168|i1Pfn62igXMWcFgvLcI...","is_bearer":true} 
[2026-05-16 11:47:28] local.INFO: Extracted bearer token {"token_preview":"168|i1Pfn6...","token_length":52} 
[2026-05-16 11:47:28] local.INFO: Found personal access token {"token_id":168,"user_id":68,"revoked":null} 
[2026-05-16 11:47:28] local.INFO: User authenticated via bearer token {"user_id":68,"user_email":"freelancerzahedcreator@gmail.com"} 
[2026-05-16 11:47:58] local.INFO: ParseBearerToken middleware invoked {"path":"/api/v2/creator/profile","method":"GET","has_auth_header":true,"auth_header_preview":"Bearer 168|i1Pfn62igXMWcFgvLcI...","is_bearer":true} 
[2026-05-16 11:47:58] local.INFO: Extracted bearer token {"token_preview":"168|i1Pfn6...","token_length":52} 
[2026-05-16 11:47:58] local.INFO: Found personal access token {"token_id":168,"user_id":68,"revoked":null} 
[2026-05-16 11:47:58] local.INFO: User authenticated via bearer token {"user_id":68,"user_email":"freelancerzahedcreator@gmail.com"} 
[2026-05-16 11:48:29] local.INFO: ParseBearerToken middleware invoked {"path":"/api/v2/creator/profile","method":"GET","has_auth_header":true,"auth_header_preview":"Bearer 168|i1Pfn62igXMWcFgvLcI...","is_bearer":true} 
[2026-05-16 11:48:29] local.INFO: Extracted bearer token {"token_preview":"168|i1Pfn6...","token_length":52} 
[2026-05-16 11:48:29] local.INFO: Found personal access token {"token_id":168,"user_id":68,"revoked":null} 
[2026-05-16 11:48:29] local.INFO: User authenticated via bearer token {"user_id":68,"user_email":"freelancerzahedcreator@gmail.com"} 
[2026-05-16 11:48:58] local.INFO: ParseBearerToken middleware invoked {"path":"/api/v2/creator/profile","method":"GET","has_auth_header":true,"auth_header_preview":"Bearer 168|i1Pfn62igXMWcFgvLcI...","is_bearer":true} 
[2026-05-16 11:48:59] local.INFO: Extracted bearer token {"token_preview":"168|i1Pfn6...","token_length":52} 
[2026-05-16 11:48:59] local.INFO: Found personal access token {"token_id":168,"user_id":68,"revoked":null} 
[2026-05-16 11:48:59] local.INFO: User authenticated via bearer token {"user_id":68,"user_email":"freelancerzahedcreator@gmail.com"} 
[2026-05-16 11:49:28] local.INFO: ParseBearerToken middleware invoked {"path":"/api/v2/creator/profile","method":"GET","has_auth_header":true,"auth_header_preview":"Bearer 168|i1Pfn62igXMWcFgvLcI...","is_bearer":true} 
[2026-05-16 11:49:28] local.INFO: Extracted bearer token {"token_preview":"168|i1Pfn6...","token_length":52} 
[2026-05-16 11:49:28] local.INFO: Found personal access token {"token_id":168,"user_id":68,"revoked":null} 
[2026-05-16 11:49:28] local.INFO: User authenticated via bearer token {"user_id":68,"user_email":"freelancerzahedcreator@gmail.com"} 
[2026-05-16 11:49:59] local.INFO: ParseBearerToken middleware invoked {"path":"/api/v2/creator/profile","method":"GET","has_auth_header":true,"auth_header_preview":"Bearer 168|i1Pfn62igXMWcFgvLcI...","is_bearer":true} 
[2026-05-16 11:49:59] local.INFO: Extracted bearer token {"token_preview":"168|i1Pfn6...","token_length":52} 
[2026-05-16 11:49:59] local.INFO: Found personal access token {"token_id":168,"user_id":68,"revoked":null} 
[2026-05-16 11:49:59] local.INFO: User authenticated via bearer token {"user_id":68,"user_email":"freelancerzahedcreator@gmail.com"} 
[2026-05-16 11:50:28] local.INFO: ParseBearerToken middleware invoked {"path":"/api/v2/creator/profile","method":"GET","has_auth_header":true,"auth_header_preview":"Bearer 168|i1Pfn62igXMWcFgvLcI...","is_bearer":true} 
[2026-05-16 11:50:28] local.INFO: Extracted bearer token {"token_preview":"168|i1Pfn6...","token_length":52} 
[2026-05-16 11:50:28] local.INFO: Found personal access token {"token_id":168,"user_id":68,"revoked":null} 
[2026-05-16 11:50:28] local.INFO: User authenticated via bearer token {"user_id":68,"user_email":"freelancerzahedcreator@gmail.com"} 
[2026-05-16 11:50:59] local.INFO: ParseBearerToken middleware invoked {"path":"/api/v2/creator/profile","method":"GET","has_auth_header":true,"auth_header_preview":"Bearer 168|i1Pfn62igXMWcFgvLcI...","is_bearer":true} 
[2026-05-16 11:50:59] local.INFO: Extracted bearer token {"token_preview":"168|i1Pfn6...","token_length":52} 
[2026-05-16 11:50:59] local.INFO: Found personal access token {"token_id":168,"user_id":68,"revoked":null} 
[2026-05-16 11:50:59] local.INFO: User authenticated via bearer token {"user_id":68,"user_email":"freelancerzahedcreator@gmail.com"} 
[2026-05-16 11:51:29] local.INFO: ParseBearerToken middleware invoked {"path":"/api/v2/creator/profile","method":"GET","has_auth_header":true,"auth_header_preview":"Bearer 168|i1Pfn62igXMWcFgvLcI...","is_bearer":true} 
[2026-05-16 11:51:29] local.INFO: Extracted bearer token {"token_preview":"168|i1Pfn6...","token_length":52} 
[2026-05-16 11:51:29] local.INFO: Found personal access token {"token_id":168,"user_id":68,"revoked":null} 
[2026-05-16 11:51:29] local.INFO: User authenticated via bearer token {"user_id":68,"user_email":"freelancerzahedcreator@gmail.com"} 
[2026-05-16 11:51:58] local.INFO: ParseBearerToken middleware invoked {"path":"/api/v2/creator/profile","method":"GET","has_auth_header":true,"auth_header_preview":"Bearer 168|i1Pfn62igXMWcFgvLcI...","is_bearer":true} 
[2026-05-16 11:51:58] local.INFO: Extracted bearer token {"token_preview":"168|i1Pfn6...","token_length":52} 
[2026-05-16 11:51:58] local.INFO: Found personal access token {"token_id":168,"user_id":68,"revoked":null} 
[2026-05-16 11:51:58] local.INFO: User authenticated via bearer token {"user_id":68,"user_email":"freelancerzahedcreator@gmail.com"} 
[2026-05-16 11:52:29] local.INFO: ParseBearerToken middleware invoked {"path":"/api/v2/creator/profile","method":"GET","has_auth_header":true,"auth_header_preview":"Bearer 168|i1Pfn62igXMWcFgvLcI...","is_bearer":true} 
[2026-05-16 11:52:29] local.INFO: Extracted bearer token {"token_preview":"168|i1Pfn6...","token_length":52} 
[2026-05-16 11:52:29] local.INFO: Found personal access token {"token_id":168,"user_id":68,"revoked":null} 
[2026-05-16 11:52:29] local.INFO: User authenticated via bearer token {"user_id":68,"user_email":"freelancerzahedcreator@gmail.com"} 
[2026-05-16 11:52:59] local.INFO: ParseBearerToken middleware invoked {"path":"/api/v2/creator/profile","method":"GET","has_auth_header":true,"auth_header_preview":"Bearer 168|i1Pfn62igXMWcFgvLcI...","is_bearer":true} 
[2026-05-16 11:52:59] local.INFO: Extracted bearer token {"token_preview":"168|i1Pfn6...","token_length":52} 
[2026-05-16 11:52:59] local.INFO: Found personal access token {"token_id":168,"user_id":68,"revoked":null} 
[2026-05-16 11:52:59] local.INFO: User authenticated via bearer token {"user_id":68,"user_email":"freelancerzahedcreator@gmail.com"} 
[2026-05-16 11:53:29] local.INFO: ParseBearerToken middleware invoked {"path":"/api/v2/creator/profile","method":"GET","has_auth_header":true,"auth_header_preview":"Bearer 168|i1Pfn62igXMWcFgvLcI...","is_bearer":true} 
[2026-05-16 11:53:29] local.INFO: Extracted bearer token {"token_preview":"168|i1Pfn6...","token_length":52} 
[2026-05-16 11:53:29] local.INFO: Found personal access token {"token_id":168,"user_id":68,"revoked":null} 
[2026-05-16 11:53:29] local.INFO: User authenticated via bearer token {"user_id":68,"user_email":"freelancerzahedcreator@gmail.com"} 
[2026-05-16 11:53:58] local.INFO: ParseBearerToken middleware invoked {"path":"/api/v2/creator/profile","method":"GET","has_auth_header":true,"auth_header_preview":"Bearer 168|i1Pfn62igXMWcFgvLcI...","is_bearer":true} 
[2026-05-16 11:53:58] local.INFO: Extracted bearer token {"token_preview":"168|i1Pfn6...","token_length":52} 
[2026-05-16 11:53:59] local.INFO: Found personal access token {"token_id":168,"user_id":68,"revoked":null} 
[2026-05-16 11:53:59] local.INFO: User authenticated via bearer token {"user_id":68,"user_email":"freelancerzahedcreator@gmail.com"} 
[2026-05-16 11:54:29] local.INFO: ParseBearerToken middleware invoked {"path":"/api/v2/creator/profile","method":"GET","has_auth_header":true,"auth_header_preview":"Bearer 168|i1Pfn62igXMWcFgvLcI...","is_bearer":true} 
[2026-05-16 11:54:29] local.INFO: Extracted bearer token {"token_preview":"168|i1Pfn6...","token_length":52} 
[2026-05-16 11:54:29] local.INFO: Found personal access token {"token_id":168,"user_id":68,"revoked":null} 
[2026-05-16 11:54:29] local.INFO: User authenticated via bearer token {"user_id":68,"user_email":"freelancerzahedcreator@gmail.com"} 
[2026-05-16 11:54:59] local.INFO: ParseBearerToken middleware invoked {"path":"/api/v2/creator/profile","method":"GET","has_auth_header":true,"auth_header_preview":"Bearer 168|i1Pfn62igXMWcFgvLcI...","is_bearer":true} 
[2026-05-16 11:54:59] local.INFO: Extracted bearer token {"token_preview":"168|i1Pfn6...","token_length":52} 
[2026-05-16 11:54:59] local.INFO: Found personal access token {"token_id":168,"user_id":68,"revoked":null} 
[2026-05-16 11:54:59] local.INFO: User authenticated via bearer token {"user_id":68,"user_email":"freelancerzahedcreator@gmail.com"} 
[2026-05-16 11:55:29] local.INFO: ParseBearerToken middleware invoked {"path":"/api/v2/creator/profile","method":"GET","has_auth_header":true,"auth_header_preview":"Bearer 168|i1Pfn62igXMWcFgvLcI...","is_bearer":true} 
[2026-05-16 11:55:29] local.INFO: Extracted bearer token {"token_preview":"168|i1Pfn6...","token_length":52} 
[2026-05-16 11:55:29] local.INFO: Found personal access token {"token_id":168,"user_id":68,"revoked":null} 
[2026-05-16 11:55:29] local.INFO: User authenticated via bearer token {"user_id":68,"user_email":"freelancerzahedcreator@gmail.com"} 
[2026-05-16 11:55:59] local.INFO: ParseBearerToken middleware invoked {"path":"/api/v2/creator/profile","method":"GET","has_auth_header":true,"auth_header_preview":"Bearer 168|i1Pfn62igXMWcFgvLcI...","is_bearer":true} 
[2026-05-16 11:55:59] local.INFO: Extracted bearer token {"token_preview":"168|i1Pfn6...","token_length":52} 
[2026-05-16 11:55:59] local.INFO: Found personal access token {"token_id":168,"user_id":68,"revoked":null} 
[2026-05-16 11:55:59] local.INFO: User authenticated via bearer token {"user_id":68,"user_email":"freelancerzahedcreator@gmail.com"} 
[2026-05-16 11:56:29] local.INFO: ParseBearerToken middleware invoked {"path":"/api/v2/creator/profile","method":"GET","has_auth_header":true,"auth_header_preview":"Bearer 168|i1Pfn62igXMWcFgvLcI...","is_bearer":true} 
[2026-05-16 11:56:29] local.INFO: Extracted bearer token {"token_preview":"168|i1Pfn6...","token_length":52} 
[2026-05-16 11:56:29] local.INFO: Found personal access token {"token_id":168,"user_id":68,"revoked":null} 
[2026-05-16 11:56:29] local.INFO: User authenticated via bearer token {"user_id":68,"user_email":"freelancerzahedcreator@gmail.com"} 
[2026-05-16 11:56:59] local.INFO: ParseBearerToken middleware invoked {"path":"/api/v2/creator/profile","method":"GET","has_auth_header":true,"auth_header_preview":"Bearer 168|i1Pfn62igXMWcFgvLcI...","is_bearer":true} 
[2026-05-16 11:56:59] local.INFO: Extracted bearer token {"token_preview":"168|i1Pfn6...","token_length":52} 
[2026-05-16 11:56:59] local.INFO: Found personal access token {"token_id":168,"user_id":68,"revoked":null} 
[2026-05-16 11:56:59] local.INFO: User authenticated via bearer token {"user_id":68,"user_email":"freelancerzahedcreator@gmail.com"} 
[2026-05-16 11:57:29] local.INFO: ParseBearerToken middleware invoked {"path":"/api/v2/creator/profile","method":"GET","has_auth_header":true,"auth_header_preview":"Bearer 168|i1Pfn62igXMWcFgvLcI...","is_bearer":true} 
[2026-05-16 11:57:29] local.INFO: Extracted bearer token {"token_preview":"168|i1Pfn6...","token_length":52} 
[2026-05-16 11:57:29] local.INFO: Found personal access token {"token_id":168,"user_id":68,"revoked":null} 
[2026-05-16 11:57:29] local.INFO: User authenticated via bearer token {"user_id":68,"user_email":"freelancerzahedcreator@gmail.com"} 
[2026-05-16 11:57:59] local.INFO: ParseBearerToken middleware invoked {"path":"/api/v2/creator/profile","method":"GET","has_auth_header":true,"auth_header_preview":"Bearer 168|i1Pfn62igXMWcFgvLcI...","is_bearer":true} 
[2026-05-16 11:57:59] local.INFO: Extracted bearer token {"token_preview":"168|i1Pfn6...","token_length":52} 
[2026-05-16 11:57:59] local.INFO: Found personal access token {"token_id":168,"user_id":68,"revoked":null} 
[2026-05-16 11:57:59] local.INFO: User authenticated via bearer token {"user_id":68,"user_email":"freelancerzahedcreator@gmail.com"} 
[2026-05-16 11:58:29] local.INFO: ParseBearerToken middleware invoked {"path":"/api/v2/creator/profile","method":"GET","has_auth_header":true,"auth_header_preview":"Bearer 168|i1Pfn62igXMWcFgvLcI...","is_bearer":true} 
[2026-05-16 11:58:29] local.INFO: Extracted bearer token {"token_preview":"168|i1Pfn6...","token_length":52} 
[2026-05-16 11:58:29] local.INFO: Found personal access token {"token_id":168,"user_id":68,"revoked":null} 
[2026-05-16 11:58:29] local.INFO: User authenticated via bearer token {"user_id":68,"user_email":"freelancerzahedcreator@gmail.com"} 
[2026-05-16 11:58:59] local.INFO: ParseBearerToken middleware invoked {"path":"/api/v2/creator/profile","method":"GET","has_auth_header":true,"auth_header_preview":"Bearer 168|i1Pfn62igXMWcFgvLcI...","is_bearer":true} 
[2026-05-16 11:58:59] local.INFO: Extracted bearer token {"token_preview":"168|i1Pfn6...","token_length":52} 
[2026-05-16 11:58:59] local.INFO: Found personal access token {"token_id":168,"user_id":68,"revoked":null} 
[2026-05-16 11:58:59] local.INFO: User authenticated via bearer token {"user_id":68,"user_email":"freelancerzahedcreator@gmail.com"} 
[2026-05-16 11:59:29] local.INFO: ParseBearerToken middleware invoked {"path":"/api/v2/creator/profile","method":"GET","has_auth_header":true,"auth_header_preview":"Bearer 168|i1Pfn62igXMWcFgvLcI...","is_bearer":true} 
[2026-05-16 11:59:29] local.INFO: Extracted bearer token {"token_preview":"168|i1Pfn6...","token_length":52} 
[2026-05-16 11:59:29] local.INFO: Found personal access token {"token_id":168,"user_id":68,"revoked":null} 
[2026-05-16 11:59:29] local.INFO: User authenticated via bearer token {"user_id":68,"user_email":"freelancerzahedcreator@gmail.com"} 
[2026-05-16 11:59:58] local.INFO: ParseBearerToken middleware invoked {"path":"/api/v2/creator/profile","method":"GET","has_auth_header":true,"auth_header_preview":"Bearer 168|i1Pfn62igXMWcFgvLcI...","is_bearer":true} 
[2026-05-16 11:59:58] local.INFO: Extracted bearer token {"token_preview":"168|i1Pfn6...","token_length":52} 
[2026-05-16 11:59:58] local.INFO: Found personal access token {"token_id":168,"user_id":68,"revoked":null} 
[2026-05-16 11:59:58] local.INFO: User authenticated via bearer token {"user_id":68,"user_email":"freelancerzahedcreator@gmail.com"} 
[2026-05-16 12:00:29] local.INFO: ParseBearerToken middleware invoked {"path":"/api/v2/creator/profile","method":"GET","has_auth_header":true,"auth_header_preview":"Bearer 168|i1Pfn62igXMWcFgvLcI...","is_bearer":true} 
[2026-05-16 12:00:29] local.INFO: Extracted bearer token {"token_preview":"168|i1Pfn6...","token_length":52} 
[2026-05-16 12:00:29] local.INFO: Found personal access token {"token_id":168,"user_id":68,"revoked":null} 
[2026-05-16 12:00:29] local.INFO: User authenticated via bearer token {"user_id":68,"user_email":"freelancerzahedcreator@gmail.com"} 
[2026-05-16 12:00:59] local.INFO: ParseBearerToken middleware invoked {"path":"/api/v2/creator/profile","method":"GET","has_auth_header":true,"auth_header_preview":"Bearer 168|i1Pfn62igXMWcFgvLcI...","is_bearer":true} 
[2026-05-16 12:00:59] local.INFO: Extracted bearer token {"token_preview":"168|i1Pfn6...","token_length":52} 
[2026-05-16 12:00:59] local.INFO: Found personal access token {"token_id":168,"user_id":68,"revoked":null} 
[2026-05-16 12:00:59] local.INFO: User authenticated via bearer token {"user_id":68,"user_email":"freelancerzahedcreator@gmail.com"} 
[2026-05-16 12:01:29] local.INFO: ParseBearerToken middleware invoked {"path":"/api/v2/creator/profile","method":"GET","has_auth_header":true,"auth_header_preview":"Bearer 168|i1Pfn62igXMWcFgvLcI...","is_bearer":true} 
[2026-05-16 12:01:29] local.INFO: Extracted bearer token {"token_preview":"168|i1Pfn6...","token_length":52} 
[2026-05-16 12:01:29] local.INFO: Found personal access token {"token_id":168,"user_id":68,"revoked":null} 
[2026-05-16 12:01:29] local.INFO: User authenticated via bearer token {"user_id":68,"user_email":"freelancerzahedcreator@gmail.com"} 
[2026-05-16 12:01:59] local.INFO: ParseBearerToken middleware invoked {"path":"/api/v2/creator/profile","method":"GET","has_auth_header":true,"auth_header_preview":"Bearer 168|i1Pfn62igXMWcFgvLcI...","is_bearer":true} 
[2026-05-16 12:01:59] local.INFO: Extracted bearer token {"token_preview":"168|i1Pfn6...","token_length":52} 
[2026-05-16 12:01:59] local.INFO: Found personal access token {"token_id":168,"user_id":68,"revoked":null} 
[2026-05-16 12:01:59] local.INFO: User authenticated via bearer token {"user_id":68,"user_email":"freelancerzahedcreator@gmail.com"} 
[2026-05-16 12:02:29] local.INFO: ParseBearerToken middleware invoked {"path":"/api/v2/creator/profile","method":"GET","has_auth_header":true,"auth_header_preview":"Bearer 168|i1Pfn62igXMWcFgvLcI...","is_bearer":true} 
[2026-05-16 12:02:29] local.INFO: Extracted bearer token {"token_preview":"168|i1Pfn6...","token_length":52} 
[2026-05-16 12:02:29] local.INFO: Found personal access token {"token_id":168,"user_id":68,"revoked":null} 
[2026-05-16 12:02:29] local.INFO: User authenticated via bearer token {"user_id":68,"user_email":"freelancerzahedcreator@gmail.com"} 
[2026-05-16 12:02:59] local.INFO: ParseBearerToken middleware invoked {"path":"/api/v2/creator/profile","method":"GET","has_auth_header":true,"auth_header_preview":"Bearer 168|i1Pfn62igXMWcFgvLcI...","is_bearer":true} 
[2026-05-16 12:02:59] local.INFO: Extracted bearer token {"token_preview":"168|i1Pfn6...","token_length":52} 
[2026-05-16 12:02:59] local.INFO: Found personal access token {"token_id":168,"user_id":68,"revoked":null} 
[2026-05-16 12:02:59] local.INFO: User authenticated via bearer token {"user_id":68,"user_email":"freelancerzahedcreator@gmail.com"} 
[2026-05-16 12:03:29] local.INFO: ParseBearerToken middleware invoked {"path":"/api/v2/creator/profile","method":"GET","has_auth_header":true,"auth_header_preview":"Bearer 168|i1Pfn62igXMWcFgvLcI...","is_bearer":true} 
[2026-05-16 12:03:29] local.INFO: Extracted bearer token {"token_preview":"168|i1Pfn6...","token_length":52} 
[2026-05-16 12:03:29] local.INFO: Found personal access token {"token_id":168,"user_id":68,"revoked":null} 
[2026-05-16 12:03:29] local.INFO: User authenticated via bearer token {"user_id":68,"user_email":"freelancerzahedcreator@gmail.com"} 
[2026-05-16 12:03:59] local.INFO: ParseBearerToken middleware invoked {"path":"/api/v2/creator/profile","method":"GET","has_auth_header":true,"auth_header_preview":"Bearer 168|i1Pfn62igXMWcFgvLcI...","is_bearer":true} 
[2026-05-16 12:03:59] local.INFO: Extracted bearer token {"token_preview":"168|i1Pfn6...","token_length":52} 
[2026-05-16 12:03:59] local.INFO: Found personal access token {"token_id":168,"user_id":68,"revoked":null} 
[2026-05-16 12:03:59] local.INFO: User authenticated via bearer token {"user_id":68,"user_email":"freelancerzahedcreator@gmail.com"} 
[2026-05-16 12:04:29] local.INFO: ParseBearerToken middleware invoked {"path":"/api/v2/creator/profile","method":"GET","has_auth_header":true,"auth_header_preview":"Bearer 168|i1Pfn62igXMWcFgvLcI...","is_bearer":true} 
[2026-05-16 12:04:29] local.INFO: Extracted bearer token {"token_preview":"168|i1Pfn6...","token_length":52} 
[2026-05-16 12:04:29] local.INFO: Found personal access token {"token_id":168,"user_id":68,"revoked":null} 
[2026-05-16 12:04:29] local.INFO: User authenticated via bearer token {"user_id":68,"user_email":"freelancerzahedcreator@gmail.com"} 
[2026-05-16 12:04:59] local.INFO: ParseBearerToken middleware invoked {"path":"/api/v2/creator/profile","method":"GET","has_auth_header":true,"auth_header_preview":"Bearer 168|i1Pfn62igXMWcFgvLcI...","is_bearer":true} 
[2026-05-16 12:04:59] local.INFO: Extracted bearer token {"token_preview":"168|i1Pfn6...","token_length":52} 
[2026-05-16 12:04:59] local.INFO: Found personal access token {"token_id":168,"user_id":68,"revoked":null} 
[2026-05-16 12:04:59] local.INFO: User authenticated via bearer token {"user_id":68,"user_email":"freelancerzahedcreator@gmail.com"} 
[2026-05-16 12:05:29] local.INFO: ParseBearerToken middleware invoked {"path":"/api/v2/creator/profile","method":"GET","has_auth_header":true,"auth_header_preview":"Bearer 168|i1Pfn62igXMWcFgvLcI...","is_bearer":true} 
[2026-05-16 12:05:29] local.INFO: Extracted bearer token {"token_preview":"168|i1Pfn6...","token_length":52} 
[2026-05-16 12:05:29] local.INFO: Found personal access token {"token_id":168,"user_id":68,"revoked":null} 
[2026-05-16 12:05:29] local.INFO: User authenticated via bearer token {"user_id":68,"user_email":"freelancerzahedcreator@gmail.com"} 
[2026-05-16 12:05:58] local.INFO: ParseBearerToken middleware invoked {"path":"/api/v2/creator/profile","method":"GET","has_auth_header":true,"auth_header_preview":"Bearer 168|i1Pfn62igXMWcFgvLcI...","is_bearer":true} 
[2026-05-16 12:05:58] local.INFO: Extracted bearer token {"token_preview":"168|i1Pfn6...","token_length":52} 
[2026-05-16 12:05:58] local.INFO: Found personal access token {"token_id":168,"user_id":68,"revoked":null} 
[2026-05-16 12:05:58] local.INFO: User authenticated via bearer token {"user_id":68,"user_email":"freelancerzahedcreator@gmail.com"} 
[2026-05-16 12:06:28] local.INFO: ParseBearerToken middleware invoked {"path":"/api/v2/creator/profile","method":"GET","has_auth_header":true,"auth_header_preview":"Bearer 168|i1Pfn62igXMWcFgvLcI...","is_bearer":true} 
[2026-05-16 12:06:28] local.INFO: Extracted bearer token {"token_preview":"168|i1Pfn6...","token_length":52} 
[2026-05-16 12:06:28] local.INFO: Found personal access token {"token_id":168,"user_id":68,"revoked":null} 
[2026-05-16 12:06:28] local.INFO: User authenticated via bearer token {"user_id":68,"user_email":"freelancerzahedcreator@gmail.com"} 
[2026-05-16 12:06:59] local.INFO: ParseBearerToken middleware invoked {"path":"/api/v2/creator/profile","method":"GET","has_auth_header":true,"auth_header_preview":"Bearer 168|i1Pfn62igXMWcFgvLcI...","is_bearer":true} 
[2026-05-16 12:06:59] local.INFO: Extracted bearer token {"token_preview":"168|i1Pfn6...","token_length":52} 
[2026-05-16 12:06:59] local.INFO: Found personal access token {"token_id":168,"user_id":68,"revoked":null} 
[2026-05-16 12:06:59] local.INFO: User authenticated via bearer token {"user_id":68,"user_email":"freelancerzahedcreator@gmail.com"} 
[2026-05-16 12:07:29] local.INFO: ParseBearerToken middleware invoked {"path":"/api/v2/creator/profile","method":"GET","has_auth_header":true,"auth_header_preview":"Bearer 168|i1Pfn62igXMWcFgvLcI...","is_bearer":true} 
[2026-05-16 12:07:29] local.INFO: Extracted bearer token {"token_preview":"168|i1Pfn6...","token_length":52} 
[2026-05-16 12:07:29] local.INFO: Found personal access token {"token_id":168,"user_id":68,"revoked":null} 
[2026-05-16 12:07:29] local.INFO: User authenticated via bearer token {"user_id":68,"user_email":"freelancerzahedcreator@gmail.com"} 
[2026-05-16 12:07:59] local.INFO: ParseBearerToken middleware invoked {"path":"/api/v2/creator/profile","method":"GET","has_auth_header":true,"auth_header_preview":"Bearer 168|i1Pfn62igXMWcFgvLcI...","is_bearer":true} 
[2026-05-16 12:07:59] local.INFO: Extracted bearer token {"token_preview":"168|i1Pfn6...","token_length":52} 
[2026-05-16 12:07:59] local.INFO: Found personal access token {"token_id":168,"user_id":68,"revoked":null} 
[2026-05-16 12:07:59] local.INFO: User authenticated via bearer token {"user_id":68,"user_email":"freelancerzahedcreator@gmail.com"} 
[2026-05-16 12:08:29] local.INFO: ParseBearerToken middleware invoked {"path":"/api/v2/creator/profile","method":"GET","has_auth_header":true,"auth_header_preview":"Bearer 168|i1Pfn62igXMWcFgvLcI...","is_bearer":true} 
[2026-05-16 12:08:29] local.INFO: Extracted bearer token {"token_preview":"168|i1Pfn6...","token_length":52} 
[2026-05-16 12:08:29] local.INFO: Found personal access token {"token_id":168,"user_id":68,"revoked":null} 
[2026-05-16 12:08:29] local.INFO: User authenticated via bearer token {"user_id":68,"user_email":"freelancerzahedcreator@gmail.com"} 
[2026-05-16 12:08:59] local.INFO: ParseBearerToken middleware invoked {"path":"/api/v2/creator/profile","method":"GET","has_auth_header":true,"auth_header_preview":"Bearer 168|i1Pfn62igXMWcFgvLcI...","is_bearer":true} 
[2026-05-16 12:08:59] local.INFO: Extracted bearer token {"token_preview":"168|i1Pfn6...","token_length":52} 
[2026-05-16 12:08:59] local.INFO: Found personal access token {"token_id":168,"user_id":68,"revoked":null} 
[2026-05-16 12:08:59] local.INFO: User authenticated via bearer token {"user_id":68,"user_email":"freelancerzahedcreator@gmail.com"} 
[2026-05-16 12:09:28] local.INFO: ParseBearerToken middleware invoked {"path":"/api/v2/creator/profile","method":"GET","has_auth_header":true,"auth_header_preview":"Bearer 168|i1Pfn62igXMWcFgvLcI...","is_bearer":true} 
[2026-05-16 12:09:28] local.INFO: Extracted bearer token {"token_preview":"168|i1Pfn6...","token_length":52} 
[2026-05-16 12:09:28] local.INFO: Found personal access token {"token_id":168,"user_id":68,"revoked":null} 
[2026-05-16 12:09:28] local.INFO: User authenticated via bearer token {"user_id":68,"user_email":"freelancerzahedcreator@gmail.com"} 
[2026-05-16 12:09:59] local.INFO: ParseBearerToken middleware invoked {"path":"/api/v2/creator/profile","method":"GET","has_auth_header":true,"auth_header_preview":"Bearer 168|i1Pfn62igXMWcFgvLcI...","is_bearer":true} 
[2026-05-16 12:09:59] local.INFO: Extracted bearer token {"token_preview":"168|i1Pfn6...","token_length":52} 
[2026-05-16 12:09:59] local.INFO: Found personal access token {"token_id":168,"user_id":68,"revoked":null} 
[2026-05-16 12:09:59] local.INFO: User authenticated via bearer token {"user_id":68,"user_email":"freelancerzahedcreator@gmail.com"} 
[2026-05-16 12:10:28] local.INFO: ParseBearerToken middleware invoked {"path":"/api/v2/creator/profile","method":"GET","has_auth_header":true,"auth_header_preview":"Bearer 168|i1Pfn62igXMWcFgvLcI...","is_bearer":true} 
[2026-05-16 12:10:28] local.INFO: Extracted bearer token {"token_preview":"168|i1Pfn6...","token_length":52} 
[2026-05-16 12:10:28] local.INFO: Found personal access token {"token_id":168,"user_id":68,"revoked":null} 
[2026-05-16 12:10:28] local.INFO: User authenticated via bearer token {"user_id":68,"user_email":"freelancerzahedcreator@gmail.com"} 
[2026-05-16 12:10:58] local.INFO: ParseBearerToken middleware invoked {"path":"/api/v2/creator/profile","method":"GET","has_auth_header":true,"auth_header_preview":"Bearer 168|i1Pfn62igXMWcFgvLcI...","is_bearer":true} 
[2026-05-16 12:10:58] local.INFO: Extracted bearer token {"token_preview":"168|i1Pfn6...","token_length":52} 
[2026-05-16 12:10:59] local.INFO: Found personal access token {"token_id":168,"user_id":68,"revoked":null} 
[2026-05-16 12:10:59] local.INFO: User authenticated via bearer token {"user_id":68,"user_email":"freelancerzahedcreator@gmail.com"} 
[2026-05-16 12:11:28] local.INFO: ParseBearerToken middleware invoked {"path":"/api/v2/creator/profile","method":"GET","has_auth_header":true,"auth_header_preview":"Bearer 168|i1Pfn62igXMWcFgvLcI...","is_bearer":true} 
[2026-05-16 12:11:28] local.INFO: Extracted bearer token {"token_preview":"168|i1Pfn6...","token_length":52} 
[2026-05-16 12:11:28] local.INFO: Found personal access token {"token_id":168,"user_id":68,"revoked":null} 
[2026-05-16 12:11:28] local.INFO: User authenticated via bearer token {"user_id":68,"user_email":"freelancerzahedcreator@gmail.com"} 
[2026-05-16 12:11:58] local.INFO: ParseBearerToken middleware invoked {"path":"/api/v2/creator/profile","method":"GET","has_auth_header":true,"auth_header_preview":"Bearer 168|i1Pfn62igXMWcFgvLcI...","is_bearer":true} 
[2026-05-16 12:11:58] local.INFO: Extracted bearer token {"token_preview":"168|i1Pfn6...","token_length":52} 
[2026-05-16 12:11:58] local.INFO: Found personal access token {"token_id":168,"user_id":68,"revoked":null} 
[2026-05-16 12:11:59] local.INFO: User authenticated via bearer token {"user_id":68,"user_email":"freelancerzahedcreator@gmail.com"} 
[2026-05-16 12:12:29] local.INFO: ParseBearerToken middleware invoked {"path":"/api/v2/creator/profile","method":"GET","has_auth_header":true,"auth_header_preview":"Bearer 168|i1Pfn62igXMWcFgvLcI...","is_bearer":true} 
[2026-05-16 12:12:29] local.INFO: Extracted bearer token {"token_preview":"168|i1Pfn6...","token_length":52} 
[2026-05-16 12:12:29] local.INFO: Found personal access token {"token_id":168,"user_id":68,"revoked":null} 
[2026-05-16 12:12:29] local.INFO: User authenticated via bearer token {"user_id":68,"user_email":"freelancerzahedcreator@gmail.com"} 
[2026-05-16 12:12:59] local.INFO: ParseBearerToken middleware invoked {"path":"/api/v2/creator/profile","method":"GET","has_auth_header":true,"auth_header_preview":"Bearer 168|i1Pfn62igXMWcFgvLcI...","is_bearer":true} 
[2026-05-16 12:12:59] local.INFO: Extracted bearer token {"token_preview":"168|i1Pfn6...","token_length":52} 
[2026-05-16 12:12:59] local.INFO: Found personal access token {"token_id":168,"user_id":68,"revoked":null} 
[2026-05-16 12:12:59] local.INFO: User authenticated via bearer token {"user_id":68,"user_email":"freelancerzahedcreator@gmail.com"} 
[2026-05-16 12:13:28] local.INFO: ParseBearerToken middleware invoked {"path":"/api/v2/creator/profile","method":"GET","has_auth_header":true,"auth_header_preview":"Bearer 168|i1Pfn62igXMWcFgvLcI...","is_bearer":true} 
[2026-05-16 12:13:28] local.INFO: Extracted bearer token {"token_preview":"168|i1Pfn6...","token_length":52} 
[2026-05-16 12:13:28] local.INFO: Found personal access token {"token_id":168,"user_id":68,"revoked":null} 
[2026-05-16 12:13:28] local.INFO: User authenticated via bearer token {"user_id":68,"user_email":"freelancerzahedcreator@gmail.com"} 
[2026-05-16 12:13:59] local.INFO: ParseBearerToken middleware invoked {"path":"/api/v2/creator/profile","method":"GET","has_auth_header":true,"auth_header_preview":"Bearer 168|i1Pfn62igXMWcFgvLcI...","is_bearer":true} 
[2026-05-16 12:13:59] local.INFO: Extracted bearer token {"token_preview":"168|i1Pfn6...","token_length":52} 
[2026-05-16 12:13:59] local.INFO: Found personal access token {"token_id":168,"user_id":68,"revoked":null} 
[2026-05-16 12:13:59] local.INFO: User authenticated via bearer token {"user_id":68,"user_email":"freelancerzahedcreator@gmail.com"} 
[2026-05-16 12:14:29] local.INFO: ParseBearerToken middleware invoked {"path":"/api/v2/creator/profile","method":"GET","has_auth_header":true,"auth_header_preview":"Bearer 168|i1Pfn62igXMWcFgvLcI...","is_bearer":true} 
[2026-05-16 12:14:29] local.INFO: Extracted bearer token {"token_preview":"168|i1Pfn6...","token_length":52} 
[2026-05-16 12:14:29] local.INFO: Found personal access token {"token_id":168,"user_id":68,"revoked":null} 
[2026-05-16 12:14:29] local.INFO: User authenticated via bearer token {"user_id":68,"user_email":"freelancerzahedcreator@gmail.com"} 
[2026-05-16 12:14:58] local.INFO: ParseBearerToken middleware invoked {"path":"/api/v2/creator/profile","method":"GET","has_auth_header":true,"auth_header_preview":"Bearer 168|i1Pfn62igXMWcFgvLcI...","is_bearer":true} 
[2026-05-16 12:14:58] local.INFO: Extracted bearer token {"token_preview":"168|i1Pfn6...","token_length":52} 
[2026-05-16 12:14:58] local.INFO: Found personal access token {"token_id":168,"user_id":68,"revoked":null} 
[2026-05-16 12:14:58] local.INFO: User authenticated via bearer token {"user_id":68,"user_email":"freelancerzahedcreator@gmail.com"} 
[2026-05-16 12:15:28] local.INFO: ParseBearerToken middleware invoked {"path":"/api/v2/creator/profile","method":"GET","has_auth_header":true,"auth_header_preview":"Bearer 168|i1Pfn62igXMWcFgvLcI...","is_bearer":true} 
[2026-05-16 12:15:28] local.INFO: Extracted bearer token {"token_preview":"168|i1Pfn6...","token_length":52} 
[2026-05-16 12:15:28] local.INFO: Found personal access token {"token_id":168,"user_id":68,"revoked":null} 
[2026-05-16 12:15:28] local.INFO: User authenticated via bearer token {"user_id":68,"user_email":"freelancerzahedcreator@gmail.com"} 
[2026-05-16 12:15:59] local.INFO: ParseBearerToken middleware invoked {"path":"/api/v2/creator/profile","method":"GET","has_auth_header":true,"auth_header_preview":"Bearer 168|i1Pfn62igXMWcFgvLcI...","is_bearer":true} 
[2026-05-16 12:15:59] local.INFO: Extracted bearer token {"token_preview":"168|i1Pfn6...","token_length":52} 
[2026-05-16 12:15:59] local.INFO: Found personal access token {"token_id":168,"user_id":68,"revoked":null} 
[2026-05-16 12:15:59] local.INFO: User authenticated via bearer token {"user_id":68,"user_email":"freelancerzahedcreator@gmail.com"} 
[2026-05-16 12:16:29] local.INFO: ParseBearerToken middleware invoked {"path":"/api/v2/creator/profile","method":"GET","has_auth_header":true,"auth_header_preview":"Bearer 168|i1Pfn62igXMWcFgvLcI...","is_bearer":true} 
[2026-05-16 12:16:29] local.INFO: Extracted bearer token {"token_preview":"168|i1Pfn6...","token_length":52} 
[2026-05-16 12:16:29] local.INFO: Found personal access token {"token_id":168,"user_id":68,"revoked":null} 
[2026-05-16 12:16:29] local.INFO: User authenticated via bearer token {"user_id":68,"user_email":"freelancerzahedcreator@gmail.com"} 
[2026-05-16 12:16:58] local.INFO: ParseBearerToken middleware invoked {"path":"/api/v2/creator/profile","method":"GET","has_auth_header":true,"auth_header_preview":"Bearer 168|i1Pfn62igXMWcFgvLcI...","is_bearer":true} 
[2026-05-16 12:16:58] local.INFO: Extracted bearer token {"token_preview":"168|i1Pfn6...","token_length":52} 
[2026-05-16 12:16:58] local.INFO: Found personal access token {"token_id":168,"user_id":68,"revoked":null} 
[2026-05-16 12:16:58] local.INFO: User authenticated via bearer token {"user_id":68,"user_email":"freelancerzahedcreator@gmail.com"} 
[2026-05-16 12:17:29] local.INFO: ParseBearerToken middleware invoked {"path":"/api/v2/creator/profile","method":"GET","has_auth_header":true,"auth_header_preview":"Bearer 168|i1Pfn62igXMWcFgvLcI...","is_bearer":true} 
[2026-05-16 12:17:29] local.INFO: Extracted bearer token {"token_preview":"168|i1Pfn6...","token_length":52} 
[2026-05-16 12:17:29] local.INFO: Found personal access token {"token_id":168,"user_id":68,"revoked":null} 
[2026-05-16 12:17:29] local.INFO: User authenticated via bearer token {"user_id":68,"user_email":"freelancerzahedcreator@gmail.com"} 
[2026-05-16 12:17:59] local.INFO: ParseBearerToken middleware invoked {"path":"/api/v2/creator/profile","method":"GET","has_auth_header":true,"auth_header_preview":"Bearer 168|i1Pfn62igXMWcFgvLcI...","is_bearer":true} 
[2026-05-16 12:17:59] local.INFO: Extracted bearer token {"token_preview":"168|i1Pfn6...","token_length":52} 
[2026-05-16 12:17:59] local.INFO: Found personal access token {"token_id":168,"user_id":68,"revoked":null} 
[2026-05-16 12:17:59] local.INFO: User authenticated via bearer token {"user_id":68,"user_email":"freelancerzahedcreator@gmail.com"} 
[2026-05-16 12:18:28] local.INFO: ParseBearerToken middleware invoked {"path":"/api/v2/creator/profile","method":"GET","has_auth_header":true,"auth_header_preview":"Bearer 168|i1Pfn62igXMWcFgvLcI...","is_bearer":true} 
[2026-05-16 12:18:28] local.INFO: Extracted bearer token {"token_preview":"168|i1Pfn6...","token_length":52} 
[2026-05-16 12:18:28] local.INFO: Found personal access token {"token_id":168,"user_id":68,"revoked":null} 
[2026-05-16 12:18:28] local.INFO: User authenticated via bearer token {"user_id":68,"user_email":"freelancerzahedcreator@gmail.com"} 
[2026-05-16 12:18:59] local.INFO: ParseBearerToken middleware invoked {"path":"/api/v2/creator/profile","method":"GET","has_auth_header":true,"auth_header_preview":"Bearer 168|i1Pfn62igXMWcFgvLcI...","is_bearer":true} 
[2026-05-16 12:18:59] local.INFO: Extracted bearer token {"token_preview":"168|i1Pfn6...","token_length":52} 
[2026-05-16 12:18:59] local.INFO: Found personal access token {"token_id":168,"user_id":68,"revoked":null} 
[2026-05-16 12:18:59] local.INFO: User authenticated via bearer token {"user_id":68,"user_email":"freelancerzahedcreator@gmail.com"} 
[2026-05-16 12:19:29] local.INFO: ParseBearerToken middleware invoked {"path":"/api/v2/creator/profile","method":"GET","has_auth_header":true,"auth_header_preview":"Bearer 168|i1Pfn62igXMWcFgvLcI...","is_bearer":true} 
[2026-05-16 12:19:29] local.INFO: Extracted bearer token {"token_preview":"168|i1Pfn6...","token_length":52} 
[2026-05-16 12:19:29] local.INFO: Found personal access token {"token_id":168,"user_id":68,"revoked":null} 
[2026-05-16 12:19:29] local.INFO: User authenticated via bearer token {"user_id":68,"user_email":"freelancerzahedcreator@gmail.com"} 
[2026-05-16 12:19:59] local.INFO: ParseBearerToken middleware invoked {"path":"/api/v2/creator/profile","method":"GET","has_auth_header":true,"auth_header_preview":"Bearer 168|i1Pfn62igXMWcFgvLcI...","is_bearer":true} 
[2026-05-16 12:19:59] local.INFO: Extracted bearer token {"token_preview":"168|i1Pfn6...","token_length":52} 
[2026-05-16 12:19:59] local.INFO: Found personal access token {"token_id":168,"user_id":68,"revoked":null} 
[2026-05-16 12:19:59] local.INFO: User authenticated via bearer token {"user_id":68,"user_email":"freelancerzahedcreator@gmail.com"} 
[2026-05-16 12:20:28] local.INFO: ParseBearerToken middleware invoked {"path":"/api/v2/creator/profile","method":"GET","has_auth_header":true,"auth_header_preview":"Bearer 168|i1Pfn62igXMWcFgvLcI...","is_bearer":true} 
[2026-05-16 12:20:28] local.INFO: Extracted bearer token {"token_preview":"168|i1Pfn6...","token_length":52} 
[2026-05-16 12:20:28] local.INFO: Found personal access token {"token_id":168,"user_id":68,"revoked":null} 
[2026-05-16 12:20:28] local.INFO: User authenticated via bearer token {"user_id":68,"user_email":"freelancerzahedcreator@gmail.com"} 
[2026-05-16 12:20:59] local.INFO: ParseBearerToken middleware invoked {"path":"/api/v2/creator/profile","method":"GET","has_auth_header":true,"auth_header_preview":"Bearer 168|i1Pfn62igXMWcFgvLcI...","is_bearer":true} 
[2026-05-16 12:20:59] local.INFO: Extracted bearer token {"token_preview":"168|i1Pfn6...","token_length":52} 
[2026-05-16 12:20:59] local.INFO: Found personal access token {"token_id":168,"user_id":68,"revoked":null} 
[2026-05-16 12:20:59] local.INFO: User authenticated via bearer token {"user_id":68,"user_email":"freelancerzahedcreator@gmail.com"} 
[2026-05-16 12:21:28] local.INFO: ParseBearerToken middleware invoked {"path":"/api/v2/creator/profile","method":"GET","has_auth_header":true,"auth_header_preview":"Bearer 168|i1Pfn62igXMWcFgvLcI...","is_bearer":true} 
[2026-05-16 12:21:28] local.INFO: Extracted bearer token {"token_preview":"168|i1Pfn6...","token_length":52} 
[2026-05-16 12:21:28] local.INFO: Found personal access token {"token_id":168,"user_id":68,"revoked":null} 
[2026-05-16 12:21:28] local.INFO: User authenticated via bearer token {"user_id":68,"user_email":"freelancerzahedcreator@gmail.com"} 
[2026-05-16 12:21:58] local.INFO: ParseBearerToken middleware invoked {"path":"/api/v2/creator/profile","method":"GET","has_auth_header":true,"auth_header_preview":"Bearer 168|i1Pfn62igXMWcFgvLcI...","is_bearer":true} 
[2026-05-16 12:21:58] local.INFO: Extracted bearer token {"token_preview":"168|i1Pfn6...","token_length":52} 
[2026-05-16 12:21:58] local.INFO: Found personal access token {"token_id":168,"user_id":68,"revoked":null} 
[2026-05-16 12:21:58] local.INFO: User authenticated via bearer token {"user_id":68,"user_email":"freelancerzahedcreator@gmail.com"} 
[2026-05-16 12:22:28] local.INFO: ParseBearerToken middleware invoked {"path":"/api/v2/creator/profile","method":"GET","has_auth_header":true,"auth_header_preview":"Bearer 168|i1Pfn62igXMWcFgvLcI...","is_bearer":true} 
[2026-05-16 12:22:28] local.INFO: Extracted bearer token {"token_preview":"168|i1Pfn6...","token_length":52} 
[2026-05-16 12:22:28] local.INFO: Found personal access token {"token_id":168,"user_id":68,"revoked":null} 
[2026-05-16 12:22:28] local.INFO: User authenticated via bearer token {"user_id":68,"user_email":"freelancerzahedcreator@gmail.com"} 
[2026-05-16 12:22:58] local.INFO: ParseBearerToken middleware invoked {"path":"/api/v2/creator/profile","method":"GET","has_auth_header":true,"auth_header_preview":"Bearer 168|i1Pfn62igXMWcFgvLcI...","is_bearer":true} 
[2026-05-16 12:22:58] local.INFO: Extracted bearer token {"token_preview":"168|i1Pfn6...","token_length":52} 
[2026-05-16 12:22:58] local.INFO: Found personal access token {"token_id":168,"user_id":68,"revoked":null} 
[2026-05-16 12:22:58] local.INFO: User authenticated via bearer token {"user_id":68,"user_email":"freelancerzahedcreator@gmail.com"} 
[2026-05-16 12:23:28] local.INFO: ParseBearerToken middleware invoked {"path":"/api/v2/creator/profile","method":"GET","has_auth_header":true,"auth_header_preview":"Bearer 168|i1Pfn62igXMWcFgvLcI...","is_bearer":true} 
[2026-05-16 12:23:28] local.INFO: Extracted bearer token {"token_preview":"168|i1Pfn6...","token_length":52} 
[2026-05-16 12:23:28] local.INFO: Found personal access token {"token_id":168,"user_id":68,"revoked":null} 
[2026-05-16 12:23:28] local.INFO: User authenticated via bearer token {"user_id":68,"user_email":"freelancerzahedcreator@gmail.com"} 
[2026-05-16 12:23:59] local.INFO: ParseBearerToken middleware invoked {"path":"/api/v2/creator/profile","method":"GET","has_auth_header":true,"auth_header_preview":"Bearer 168|i1Pfn62igXMWcFgvLcI...","is_bearer":true} 
[2026-05-16 12:23:59] local.INFO: Extracted bearer token {"token_preview":"168|i1Pfn6...","token_length":52} 
[2026-05-16 12:23:59] local.INFO: Found personal access token {"token_id":168,"user_id":68,"revoked":null} 
[2026-05-16 12:23:59] local.INFO: User authenticated via bearer token {"user_id":68,"user_email":"freelancerzahedcreator@gmail.com"} 
[2026-05-16 12:24:29] local.INFO: ParseBearerToken middleware invoked {"path":"/api/v2/creator/profile","method":"GET","has_auth_header":true,"auth_header_preview":"Bearer 168|i1Pfn62igXMWcFgvLcI...","is_bearer":true} 
[2026-05-16 12:24:29] local.INFO: Extracted bearer token {"token_preview":"168|i1Pfn6...","token_length":52} 
[2026-05-16 12:24:29] local.INFO: Found personal access token {"token_id":168,"user_id":68,"revoked":null} 
[2026-05-16 12:24:29] local.INFO: User authenticated via bearer token {"user_id":68,"user_email":"freelancerzahedcreator@gmail.com"} 
[2026-05-16 12:24:59] local.INFO: ParseBearerToken middleware invoked {"path":"/api/v2/creator/profile","method":"GET","has_auth_header":true,"auth_header_preview":"Bearer 168|i1Pfn62igXMWcFgvLcI...","is_bearer":true} 
[2026-05-16 12:24:59] local.INFO: Extracted bearer token {"token_preview":"168|i1Pfn6...","token_length":52} 
[2026-05-16 12:24:59] local.INFO: Found personal access token {"token_id":168,"user_id":68,"revoked":null} 
[2026-05-16 12:24:59] local.INFO: User authenticated via bearer token {"user_id":68,"user_email":"freelancerzahedcreator@gmail.com"} 
[2026-05-16 12:25:29] local.INFO: ParseBearerToken middleware invoked {"path":"/api/v2/creator/profile","method":"GET","has_auth_header":true,"auth_header_preview":"Bearer 168|i1Pfn62igXMWcFgvLcI...","is_bearer":true} 
[2026-05-16 12:25:29] local.INFO: Extracted bearer token {"token_preview":"168|i1Pfn6...","token_length":52} 
[2026-05-16 12:25:29] local.INFO: Found personal access token {"token_id":168,"user_id":68,"revoked":null} 
[2026-05-16 12:25:29] local.INFO: User authenticated via bearer token {"user_id":68,"user_email":"freelancerzahedcreator@gmail.com"} 
[2026-05-16 12:25:59] local.INFO: ParseBearerToken middleware invoked {"path":"/api/v2/creator/profile","method":"GET","has_auth_header":true,"auth_header_preview":"Bearer 168|i1Pfn62igXMWcFgvLcI...","is_bearer":true} 
[2026-05-16 12:25:59] local.INFO: Extracted bearer token {"token_preview":"168|i1Pfn6...","token_length":52} 
[2026-05-16 12:25:59] local.INFO: Found personal access token {"token_id":168,"user_id":68,"revoked":null} 
[2026-05-16 12:25:59] local.INFO: User authenticated via bearer token {"user_id":68,"user_email":"freelancerzahedcreator@gmail.com"} 
[2026-05-16 12:26:29] local.INFO: ParseBearerToken middleware invoked {"path":"/api/v2/creator/profile","method":"GET","has_auth_header":true,"auth_header_preview":"Bearer 168|i1Pfn62igXMWcFgvLcI...","is_bearer":true} 
[2026-05-16 12:26:29] local.INFO: Extracted bearer token {"token_preview":"168|i1Pfn6...","token_length":52} 
[2026-05-16 12:26:29] local.INFO: Found personal access token {"token_id":168,"user_id":68,"revoked":null} 
[2026-05-16 12:26:29] local.INFO: User authenticated via bearer token {"user_id":68,"user_email":"freelancerzahedcreator@gmail.com"} 
[2026-05-16 12:26:59] local.INFO: ParseBearerToken middleware invoked {"path":"/api/v2/creator/profile","method":"GET","has_auth_header":true,"auth_header_preview":"Bearer 168|i1Pfn62igXMWcFgvLcI...","is_bearer":true} 
[2026-05-16 12:26:59] local.INFO: Extracted bearer token {"token_preview":"168|i1Pfn6...","token_length":52} 
[2026-05-16 12:26:59] local.INFO: Found personal access token {"token_id":168,"user_id":68,"revoked":null} 
[2026-05-16 12:26:59] local.INFO: User authenticated via bearer token {"user_id":68,"user_email":"freelancerzahedcreator@gmail.com"} 
[2026-05-16 12:27:29] local.INFO: ParseBearerToken middleware invoked {"path":"/api/v2/creator/profile","method":"GET","has_auth_header":true,"auth_header_preview":"Bearer 168|i1Pfn62igXMWcFgvLcI...","is_bearer":true} 
[2026-05-16 12:27:29] local.INFO: Extracted bearer token {"token_preview":"168|i1Pfn6...","token_length":52} 
[2026-05-16 12:27:29] local.INFO: Found personal access token {"token_id":168,"user_id":68,"revoked":null} 
[2026-05-16 12:27:29] local.INFO: User authenticated via bearer token {"user_id":68,"user_email":"freelancerzahedcreator@gmail.com"} 
[2026-05-16 12:27:59] local.INFO: ParseBearerToken middleware invoked {"path":"/api/v2/creator/profile","method":"GET","has_auth_header":true,"auth_header_preview":"Bearer 168|i1Pfn62igXMWcFgvLcI...","is_bearer":true} 
[2026-05-16 12:27:59] local.INFO: Extracted bearer token {"token_preview":"168|i1Pfn6...","token_length":52} 
[2026-05-16 12:27:59] local.INFO: Found personal access token {"token_id":168,"user_id":68,"revoked":null} 
[2026-05-16 12:27:59] local.INFO: User authenticated via bearer token {"user_id":68,"user_email":"freelancerzahedcreator@gmail.com"} 
[2026-05-16 12:28:29] local.INFO: ParseBearerToken middleware invoked {"path":"/api/v2/creator/profile","method":"GET","has_auth_header":true,"auth_header_preview":"Bearer 168|i1Pfn62igXMWcFgvLcI...","is_bearer":true} 
[2026-05-16 12:28:29] local.INFO: Extracted bearer token {"token_preview":"168|i1Pfn6...","token_length":52} 
[2026-05-16 12:28:29] local.INFO: Found personal access token {"token_id":168,"user_id":68,"revoked":null} 
[2026-05-16 12:28:29] local.INFO: User authenticated via bearer token {"user_id":68,"user_email":"freelancerzahedcreator@gmail.com"} 
[2026-05-16 12:28:59] local.INFO: ParseBearerToken middleware invoked {"path":"/api/v2/creator/profile","method":"GET","has_auth_header":true,"auth_header_preview":"Bearer 168|i1Pfn62igXMWcFgvLcI...","is_bearer":true} 
[2026-05-16 12:28:59] local.INFO: Extracted bearer token {"token_preview":"168|i1Pfn6...","token_length":52} 
[2026-05-16 12:28:59] local.INFO: Found personal access token {"token_id":168,"user_id":68,"revoked":null} 
[2026-05-16 12:28:59] local.INFO: User authenticated via bearer token {"user_id":68,"user_email":"freelancerzahedcreator@gmail.com"} 
[2026-05-16 12:29:29] local.INFO: ParseBearerToken middleware invoked {"path":"/api/v2/creator/profile","method":"GET","has_auth_header":true,"auth_header_preview":"Bearer 168|i1Pfn62igXMWcFgvLcI...","is_bearer":true} 
[2026-05-16 12:29:29] local.INFO: Extracted bearer token {"token_preview":"168|i1Pfn6...","token_length":52} 
[2026-05-16 12:29:29] local.INFO: Found personal access token {"token_id":168,"user_id":68,"revoked":null} 
[2026-05-16 12:29:29] local.INFO: User authenticated via bearer token {"user_id":68,"user_email":"freelancerzahedcreator@gmail.com"} 
[2026-05-16 12:29:59] local.INFO: ParseBearerToken middleware invoked {"path":"/api/v2/creator/profile","method":"GET","has_auth_header":true,"auth_header_preview":"Bearer 168|i1Pfn62igXMWcFgvLcI...","is_bearer":true} 
[2026-05-16 12:29:59] local.INFO: Extracted bearer token {"token_preview":"168|i1Pfn6...","token_length":52} 
[2026-05-16 12:29:59] local.INFO: Found personal access token {"token_id":168,"user_id":68,"revoked":null} 
[2026-05-16 12:29:59] local.INFO: User authenticated via bearer token {"user_id":68,"user_email":"freelancerzahedcreator@gmail.com"} 
[2026-05-16 12:30:29] local.INFO: ParseBearerToken middleware invoked {"path":"/api/v2/creator/profile","method":"GET","has_auth_header":true,"auth_header_preview":"Bearer 168|i1Pfn62igXMWcFgvLcI...","is_bearer":true} 
[2026-05-16 12:30:29] local.INFO: Extracted bearer token {"token_preview":"168|i1Pfn6...","token_length":52} 
[2026-05-16 12:30:29] local.INFO: Found personal access token {"token_id":168,"user_id":68,"revoked":null} 
[2026-05-16 12:30:29] local.INFO: User authenticated via bearer token {"user_id":68,"user_email":"freelancerzahedcreator@gmail.com"} 
[2026-05-16 12:30:59] local.INFO: ParseBearerToken middleware invoked {"path":"/api/v2/creator/profile","method":"GET","has_auth_header":true,"auth_header_preview":"Bearer 168|i1Pfn62igXMWcFgvLcI...","is_bearer":true} 
[2026-05-16 12:30:59] local.INFO: Extracted bearer token {"token_preview":"168|i1Pfn6...","token_length":52} 
[2026-05-16 12:30:59] local.INFO: Found personal access token {"token_id":168,"user_id":68,"revoked":null} 
[2026-05-16 12:30:59] local.INFO: User authenticated via bearer token {"user_id":68,"user_email":"freelancerzahedcreator@gmail.com"} 
[2026-05-16 12:31:29] local.INFO: ParseBearerToken middleware invoked {"path":"/api/v2/creator/profile","method":"GET","has_auth_header":true,"auth_header_preview":"Bearer 168|i1Pfn62igXMWcFgvLcI...","is_bearer":true} 
[2026-05-16 12:31:29] local.INFO: Extracted bearer token {"token_preview":"168|i1Pfn6...","token_length":52} 
[2026-05-16 12:31:29] local.INFO: Found personal access token {"token_id":168,"user_id":68,"revoked":null} 
[2026-05-16 12:31:29] local.INFO: User authenticated via bearer token {"user_id":68,"user_email":"freelancerzahedcreator@gmail.com"} 
[2026-05-16 12:31:59] local.INFO: ParseBearerToken middleware invoked {"path":"/api/v2/creator/profile","method":"GET","has_auth_header":true,"auth_header_preview":"Bearer 168|i1Pfn62igXMWcFgvLcI...","is_bearer":true} 
[2026-05-16 12:31:59] local.INFO: Extracted bearer token {"token_preview":"168|i1Pfn6...","token_length":52} 
[2026-05-16 12:31:59] local.INFO: Found personal access token {"token_id":168,"user_id":68,"revoked":null} 
[2026-05-16 12:31:59] local.INFO: User authenticated via bearer token {"user_id":68,"user_email":"freelancerzahedcreator@gmail.com"} 
[2026-05-16 12:32:29] local.INFO: ParseBearerToken middleware invoked {"path":"/api/v2/creator/profile","method":"GET","has_auth_header":true,"auth_header_preview":"Bearer 168|i1Pfn62igXMWcFgvLcI...","is_bearer":true} 
[2026-05-16 12:32:29] local.INFO: Extracted bearer token {"token_preview":"168|i1Pfn6...","token_length":52} 
[2026-05-16 12:32:29] local.INFO: Found personal access token {"token_id":168,"user_id":68,"revoked":null} 
[2026-05-16 12:32:29] local.INFO: User authenticated via bearer token {"user_id":68,"user_email":"freelancerzahedcreator@gmail.com"} 
[2026-05-16 12:32:59] local.INFO: ParseBearerToken middleware invoked {"path":"/api/v2/creator/profile","method":"GET","has_auth_header":true,"auth_header_preview":"Bearer 168|i1Pfn62igXMWcFgvLcI...","is_bearer":true} 
[2026-05-16 12:32:59] local.INFO: Extracted bearer token {"token_preview":"168|i1Pfn6...","token_length":52} 
[2026-05-16 12:32:59] local.INFO: Found personal access token {"token_id":168,"user_id":68,"revoked":null} 
[2026-05-16 12:32:59] local.INFO: User authenticated via bearer token {"user_id":68,"user_email":"freelancerzahedcreator@gmail.com"} 
[2026-05-16 12:33:29] local.INFO: ParseBearerToken middleware invoked {"path":"/api/v2/creator/profile","method":"GET","has_auth_header":true,"auth_header_preview":"Bearer 168|i1Pfn62igXMWcFgvLcI...","is_bearer":true} 
[2026-05-16 12:33:29] local.INFO: Extracted bearer token {"token_preview":"168|i1Pfn6...","token_length":52} 
[2026-05-16 12:33:29] local.INFO: Found personal access token {"token_id":168,"user_id":68,"revoked":null} 
[2026-05-16 12:33:29] local.INFO: User authenticated via bearer token {"user_id":68,"user_email":"freelancerzahedcreator@gmail.com"} 
[2026-05-16 12:33:59] local.INFO: ParseBearerToken middleware invoked {"path":"/api/v2/creator/profile","method":"GET","has_auth_header":true,"auth_header_preview":"Bearer 168|i1Pfn62igXMWcFgvLcI...","is_bearer":true} 
[2026-05-16 12:33:59] local.INFO: Extracted bearer token {"token_preview":"168|i1Pfn6...","token_length":52} 
[2026-05-16 12:33:59] local.INFO: Found personal access token {"token_id":168,"user_id":68,"revoked":null} 
[2026-05-16 12:33:59] local.INFO: User authenticated via bearer token {"user_id":68,"user_email":"freelancerzahedcreator@gmail.com"} 
[2026-05-16 12:34:29] local.INFO: ParseBearerToken middleware invoked {"path":"/api/v2/creator/profile","method":"GET","has_auth_header":true,"auth_header_preview":"Bearer 168|i1Pfn62igXMWcFgvLcI...","is_bearer":true} 
[2026-05-16 12:34:29] local.INFO: Extracted bearer token {"token_preview":"168|i1Pfn6...","token_length":52} 
[2026-05-16 12:34:29] local.INFO: Found personal access token {"token_id":168,"user_id":68,"revoked":null} 
[2026-05-16 12:34:29] local.INFO: User authenticated via bearer token {"user_id":68,"user_email":"freelancerzahedcreator@gmail.com"} 
[2026-05-16 12:34:59] local.INFO: ParseBearerToken middleware invoked {"path":"/api/v2/creator/profile","method":"GET","has_auth_header":true,"auth_header_preview":"Bearer 168|i1Pfn62igXMWcFgvLcI...","is_bearer":true} 
[2026-05-16 12:34:59] local.INFO: Extracted bearer token {"token_preview":"168|i1Pfn6...","token_length":52} 
[2026-05-16 12:34:59] local.INFO: Found personal access token {"token_id":168,"user_id":68,"revoked":null} 
[2026-05-16 12:34:59] local.INFO: User authenticated via bearer token {"user_id":68,"user_email":"freelancerzahedcreator@gmail.com"} 
[2026-05-16 12:35:28] local.INFO: ParseBearerToken middleware invoked {"path":"/api/v2/creator/profile","method":"GET","has_auth_header":true,"auth_header_preview":"Bearer 168|i1Pfn62igXMWcFgvLcI...","is_bearer":true} 
[2026-05-16 12:35:28] local.INFO: Extracted bearer token {"token_preview":"168|i1Pfn6...","token_length":52} 
[2026-05-16 12:35:28] local.INFO: Found personal access token {"token_id":168,"user_id":68,"revoked":null} 
[2026-05-16 12:35:28] local.INFO: User authenticated via bearer token {"user_id":68,"user_email":"freelancerzahedcreator@gmail.com"} 
[2026-05-16 12:35:59] local.INFO: ParseBearerToken middleware invoked {"path":"/api/v2/creator/profile","method":"GET","has_auth_header":true,"auth_header_preview":"Bearer 168|i1Pfn62igXMWcFgvLcI...","is_bearer":true} 
[2026-05-16 12:35:59] local.INFO: Extracted bearer token {"token_preview":"168|i1Pfn6...","token_length":52} 
[2026-05-16 12:35:59] local.INFO: Found personal access token {"token_id":168,"user_id":68,"revoked":null} 
[2026-05-16 12:35:59] local.INFO: User authenticated via bearer token {"user_id":68,"user_email":"freelancerzahedcreator@gmail.com"} 
[2026-05-16 12:36:28] local.INFO: ParseBearerToken middleware invoked {"path":"/api/v2/creator/profile","method":"GET","has_auth_header":true,"auth_header_preview":"Bearer 168|i1Pfn62igXMWcFgvLcI...","is_bearer":true} 
[2026-05-16 12:36:28] local.INFO: Extracted bearer token {"token_preview":"168|i1Pfn6...","token_length":52} 
[2026-05-16 12:36:28] local.INFO: Found personal access token {"token_id":168,"user_id":68,"revoked":null} 
[2026-05-16 12:36:28] local.INFO: User authenticated via bearer token {"user_id":68,"user_email":"freelancerzahedcreator@gmail.com"} 
[2026-05-16 12:36:59] local.INFO: ParseBearerToken middleware invoked {"path":"/api/v2/creator/profile","method":"GET","has_auth_header":true,"auth_header_preview":"Bearer 168|i1Pfn62igXMWcFgvLcI...","is_bearer":true} 
[2026-05-16 12:36:59] local.INFO: Extracted bearer token {"token_preview":"168|i1Pfn6...","token_length":52} 
[2026-05-16 12:36:59] local.INFO: Found personal access token {"token_id":168,"user_id":68,"revoked":null} 
[2026-05-16 12:36:59] local.INFO: User authenticated via bearer token {"user_id":68,"user_email":"freelancerzahedcreator@gmail.com"} 
[2026-05-16 12:37:29] local.INFO: ParseBearerToken middleware invoked {"path":"/api/v2/creator/profile","method":"GET","has_auth_header":true,"auth_header_preview":"Bearer 168|i1Pfn62igXMWcFgvLcI...","is_bearer":true} 
[2026-05-16 12:37:29] local.INFO: Extracted bearer token {"token_preview":"168|i1Pfn6...","token_length":52} 
[2026-05-16 12:37:29] local.INFO: Found personal access token {"token_id":168,"user_id":68,"revoked":null} 
[2026-05-16 12:37:29] local.INFO: User authenticated via bearer token {"user_id":68,"user_email":"freelancerzahedcreator@gmail.com"} 
[2026-05-16 12:37:58] local.INFO: ParseBearerToken middleware invoked {"path":"/api/v2/creator/profile","method":"GET","has_auth_header":true,"auth_header_preview":"Bearer 168|i1Pfn62igXMWcFgvLcI...","is_bearer":true} 
[2026-05-16 12:37:58] local.INFO: Extracted bearer token {"token_preview":"168|i1Pfn6...","token_length":52} 
[2026-05-16 12:37:59] local.INFO: Found personal access token {"token_id":168,"user_id":68,"revoked":null} 
[2026-05-16 12:37:59] local.INFO: User authenticated via bearer token {"user_id":68,"user_email":"freelancerzahedcreator@gmail.com"} 
[2026-05-16 12:38:29] local.INFO: ParseBearerToken middleware invoked {"path":"/api/v2/creator/profile","method":"GET","has_auth_header":true,"auth_header_preview":"Bearer 168|i1Pfn62igXMWcFgvLcI...","is_bearer":true} 
[2026-05-16 12:38:29] local.INFO: Extracted bearer token {"token_preview":"168|i1Pfn6...","token_length":52} 
[2026-05-16 12:38:29] local.INFO: Found personal access token {"token_id":168,"user_id":68,"revoked":null} 
[2026-05-16 12:38:29] local.INFO: User authenticated via bearer token {"user_id":68,"user_email":"freelancerzahedcreator@gmail.com"} 
[2026-05-16 12:38:59] local.INFO: ParseBearerToken middleware invoked {"path":"/api/v2/creator/profile","method":"GET","has_auth_header":true,"auth_header_preview":"Bearer 168|i1Pfn62igXMWcFgvLcI...","is_bearer":true} 
[2026-05-16 12:38:59] local.INFO: Extracted bearer token {"token_preview":"168|i1Pfn6...","token_length":52} 
[2026-05-16 12:38:59] local.INFO: Found personal access token {"token_id":168,"user_id":68,"revoked":null} 
[2026-05-16 12:38:59] local.INFO: User authenticated via bearer token {"user_id":68,"user_email":"freelancerzahedcreator@gmail.com"} 
[2026-05-16 12:39:28] local.INFO: ParseBearerToken middleware invoked {"path":"/api/v2/creator/profile","method":"GET","has_auth_header":true,"auth_header_preview":"Bearer 168|i1Pfn62igXMWcFgvLcI...","is_bearer":true} 
[2026-05-16 12:39:28] local.INFO: Extracted bearer token {"token_preview":"168|i1Pfn6...","token_length":52} 
[2026-05-16 12:39:28] local.INFO: Found personal access token {"token_id":168,"user_id":68,"revoked":null} 
[2026-05-16 12:39:28] local.INFO: User authenticated via bearer token {"user_id":68,"user_email":"freelancerzahedcreator@gmail.com"} 
[2026-05-16 12:39:59] local.INFO: ParseBearerToken middleware invoked {"path":"/api/v2/creator/profile","method":"GET","has_auth_header":true,"auth_header_preview":"Bearer 168|i1Pfn62igXMWcFgvLcI...","is_bearer":true} 
[2026-05-16 12:39:59] local.INFO: Extracted bearer token {"token_preview":"168|i1Pfn6...","token_length":52} 
[2026-05-16 12:39:59] local.INFO: Found personal access token {"token_id":168,"user_id":68,"revoked":null} 
[2026-05-16 12:39:59] local.INFO: User authenticated via bearer token {"user_id":68,"user_email":"freelancerzahedcreator@gmail.com"} 
[2026-05-16 12:40:29] local.INFO: ParseBearerToken middleware invoked {"path":"/api/v2/creator/profile","method":"GET","has_auth_header":true,"auth_header_preview":"Bearer 168|i1Pfn62igXMWcFgvLcI...","is_bearer":true} 
[2026-05-16 12:40:29] local.INFO: Extracted bearer token {"token_preview":"168|i1Pfn6...","token_length":52} 
[2026-05-16 12:40:29] local.INFO: Found personal access token {"token_id":168,"user_id":68,"revoked":null} 
[2026-05-16 12:40:29] local.INFO: User authenticated via bearer token {"user_id":68,"user_email":"freelancerzahedcreator@gmail.com"} 
[2026-05-16 12:40:59] local.INFO: ParseBearerToken middleware invoked {"path":"/api/v2/creator/profile","method":"GET","has_auth_header":true,"auth_header_preview":"Bearer 168|i1Pfn62igXMWcFgvLcI...","is_bearer":true} 
[2026-05-16 12:40:59] local.INFO: Extracted bearer token {"token_preview":"168|i1Pfn6...","token_length":52} 
[2026-05-16 12:40:59] local.INFO: Found personal access token {"token_id":168,"user_id":68,"revoked":null} 
[2026-05-16 12:40:59] local.INFO: User authenticated via bearer token {"user_id":68,"user_email":"freelancerzahedcreator@gmail.com"} 
[2026-05-16 12:41:29] local.INFO: ParseBearerToken middleware invoked {"path":"/api/v2/creator/profile","method":"GET","has_auth_header":true,"auth_header_preview":"Bearer 168|i1Pfn62igXMWcFgvLcI...","is_bearer":true} 
[2026-05-16 12:41:29] local.INFO: Extracted bearer token {"token_preview":"168|i1Pfn6...","token_length":52} 
[2026-05-16 12:41:29] local.INFO: Found personal access token {"token_id":168,"user_id":68,"revoked":null} 
[2026-05-16 12:41:29] local.INFO: User authenticated via bearer token {"user_id":68,"user_email":"freelancerzahedcreator@gmail.com"} 
[2026-05-16 12:41:59] local.INFO: ParseBearerToken middleware invoked {"path":"/api/v2/creator/profile","method":"GET","has_auth_header":true,"auth_header_preview":"Bearer 168|i1Pfn62igXMWcFgvLcI...","is_bearer":true} 
[2026-05-16 12:41:59] local.INFO: Extracted bearer token {"token_preview":"168|i1Pfn6...","token_length":52} 
[2026-05-16 12:41:59] local.INFO: Found personal access token {"token_id":168,"user_id":68,"revoked":null} 
[2026-05-16 12:41:59] local.INFO: User authenticated via bearer token {"user_id":68,"user_email":"freelancerzahedcreator@gmail.com"} 
[2026-05-16 12:42:29] local.INFO: ParseBearerToken middleware invoked {"path":"/api/v2/creator/profile","method":"GET","has_auth_header":true,"auth_header_preview":"Bearer 168|i1Pfn62igXMWcFgvLcI...","is_bearer":true} 
[2026-05-16 12:42:29] local.INFO: Extracted bearer token {"token_preview":"168|i1Pfn6...","token_length":52} 
[2026-05-16 12:42:29] local.INFO: Found personal access token {"token_id":168,"user_id":68,"revoked":null} 
[2026-05-16 12:42:29] local.INFO: User authenticated via bearer token {"user_id":68,"user_email":"freelancerzahedcreator@gmail.com"} 
[2026-05-16 12:42:59] local.INFO: ParseBearerToken middleware invoked {"path":"/api/v2/creator/profile","method":"GET","has_auth_header":true,"auth_header_preview":"Bearer 168|i1Pfn62igXMWcFgvLcI...","is_bearer":true} 
[2026-05-16 12:42:59] local.INFO: Extracted bearer token {"token_preview":"168|i1Pfn6...","token_length":52} 
[2026-05-16 12:42:59] local.INFO: Found personal access token {"token_id":168,"user_id":68,"revoked":null} 
[2026-05-16 12:42:59] local.INFO: User authenticated via bearer token {"user_id":68,"user_email":"freelancerzahedcreator@gmail.com"} 
[2026-05-16 12:43:28] local.INFO: ParseBearerToken middleware invoked {"path":"/api/v2/creator/profile","method":"GET","has_auth_header":true,"auth_header_preview":"Bearer 168|i1Pfn62igXMWcFgvLcI...","is_bearer":true} 
[2026-05-16 12:43:28] local.INFO: Extracted bearer token {"token_preview":"168|i1Pfn6...","token_length":52} 
[2026-05-16 12:43:28] local.INFO: Found personal access token {"token_id":168,"user_id":68,"revoked":null} 
[2026-05-16 12:43:28] local.INFO: User authenticated via bearer token {"user_id":68,"user_email":"freelancerzahedcreator@gmail.com"} 
[2026-05-16 12:43:59] local.INFO: ParseBearerToken middleware invoked {"path":"/api/v2/creator/profile","method":"GET","has_auth_header":true,"auth_header_preview":"Bearer 168|i1Pfn62igXMWcFgvLcI...","is_bearer":true} 
[2026-05-16 12:43:59] local.INFO: Extracted bearer token {"token_preview":"168|i1Pfn6...","token_length":52} 
[2026-05-16 12:43:59] local.INFO: Found personal access token {"token_id":168,"user_id":68,"revoked":null} 
[2026-05-16 12:43:59] local.INFO: User authenticated via bearer token {"user_id":68,"user_email":"freelancerzahedcreator@gmail.com"} 
[2026-05-16 12:44:29] local.INFO: ParseBearerToken middleware invoked {"path":"/api/v2/creator/profile","method":"GET","has_auth_header":true,"auth_header_preview":"Bearer 168|i1Pfn62igXMWcFgvLcI...","is_bearer":true} 
[2026-05-16 12:44:29] local.INFO: Extracted bearer token {"token_preview":"168|i1Pfn6...","token_length":52} 
[2026-05-16 12:44:29] local.INFO: Found personal access token {"token_id":168,"user_id":68,"revoked":null} 
[2026-05-16 12:44:29] local.INFO: User authenticated via bearer token {"user_id":68,"user_email":"freelancerzahedcreator@gmail.com"} 
[2026-05-16 12:44:59] local.INFO: ParseBearerToken middleware invoked {"path":"/api/v2/creator/profile","method":"GET","has_auth_header":true,"auth_header_preview":"Bearer 168|i1Pfn62igXMWcFgvLcI...","is_bearer":true} 
[2026-05-16 12:44:59] local.INFO: Extracted bearer token {"token_preview":"168|i1Pfn6...","token_length":52} 
[2026-05-16 12:44:59] local.INFO: Found personal access token {"token_id":168,"user_id":68,"revoked":null} 
[2026-05-16 12:44:59] local.INFO: User authenticated via bearer token {"user_id":68,"user_email":"freelancerzahedcreator@gmail.com"} 
[2026-05-16 12:45:29] local.INFO: ParseBearerToken middleware invoked {"path":"/api/v2/creator/profile","method":"GET","has_auth_header":true,"auth_header_preview":"Bearer 168|i1Pfn62igXMWcFgvLcI...","is_bearer":true} 
[2026-05-16 12:45:29] local.INFO: Extracted bearer token {"token_preview":"168|i1Pfn6...","token_length":52} 
[2026-05-16 12:45:29] local.INFO: Found personal access token {"token_id":168,"user_id":68,"revoked":null} 
[2026-05-16 12:45:29] local.INFO: User authenticated via bearer token {"user_id":68,"user_email":"freelancerzahedcreator@gmail.com"} 
[2026-05-16 12:45:59] local.INFO: ParseBearerToken middleware invoked {"path":"/api/v2/creator/profile","method":"GET","has_auth_header":true,"auth_header_preview":"Bearer 168|i1Pfn62igXMWcFgvLcI...","is_bearer":true} 
[2026-05-16 12:45:59] local.INFO: Extracted bearer token {"token_preview":"168|i1Pfn6...","token_length":52} 
[2026-05-16 12:45:59] local.INFO: Found personal access token {"token_id":168,"user_id":68,"revoked":null} 
[2026-05-16 12:45:59] local.INFO: User authenticated via bearer token {"user_id":68,"user_email":"freelancerzahedcreator@gmail.com"} 
[2026-05-16 12:46:28] local.INFO: ParseBearerToken middleware invoked {"path":"/api/v2/creator/profile","method":"GET","has_auth_header":true,"auth_header_preview":"Bearer 168|i1Pfn62igXMWcFgvLcI...","is_bearer":true} 
[2026-05-16 12:46:28] local.INFO: Extracted bearer token {"token_preview":"168|i1Pfn6...","token_length":52} 
[2026-05-16 12:46:28] local.INFO: Found personal access token {"token_id":168,"user_id":68,"revoked":null} 
[2026-05-16 12:46:28] local.INFO: User authenticated via bearer token {"user_id":68,"user_email":"freelancerzahedcreator@gmail.com"} 
[2026-05-16 12:46:59] local.INFO: ParseBearerToken middleware invoked {"path":"/api/v2/creator/profile","method":"GET","has_auth_header":true,"auth_header_preview":"Bearer 168|i1Pfn62igXMWcFgvLcI...","is_bearer":true} 
[2026-05-16 12:46:59] local.INFO: Extracted bearer token {"token_preview":"168|i1Pfn6...","token_length":52} 
[2026-05-16 12:46:59] local.INFO: Found personal access token {"token_id":168,"user_id":68,"revoked":null} 
[2026-05-16 12:46:59] local.INFO: User authenticated via bearer token {"user_id":68,"user_email":"freelancerzahedcreator@gmail.com"} 
[2026-05-16 12:47:29] local.INFO: ParseBearerToken middleware invoked {"path":"/api/v2/creator/profile","method":"GET","has_auth_header":true,"auth_header_preview":"Bearer 168|i1Pfn62igXMWcFgvLcI...","is_bearer":true} 
[2026-05-16 12:47:29] local.INFO: Extracted bearer token {"token_preview":"168|i1Pfn6...","token_length":52} 
[2026-05-16 12:47:29] local.INFO: Found personal access token {"token_id":168,"user_id":68,"revoked":null} 
[2026-05-16 12:47:29] local.INFO: User authenticated via bearer token {"user_id":68,"user_email":"freelancerzahedcreator@gmail.com"} 
[2026-05-16 12:47:59] local.INFO: ParseBearerToken middleware invoked {"path":"/api/v2/creator/profile","method":"GET","has_auth_header":true,"auth_header_preview":"Bearer 168|i1Pfn62igXMWcFgvLcI...","is_bearer":true} 
[2026-05-16 12:47:59] local.INFO: Extracted bearer token {"token_preview":"168|i1Pfn6...","token_length":52} 
[2026-05-16 12:47:59] local.INFO: Found personal access token {"token_id":168,"user_id":68,"revoked":null} 
[2026-05-16 12:47:59] local.INFO: User authenticated via bearer token {"user_id":68,"user_email":"freelancerzahedcreator@gmail.com"} 
[2026-05-16 12:48:29] local.INFO: ParseBearerToken middleware invoked {"path":"/api/v2/creator/profile","method":"GET","has_auth_header":true,"auth_header_preview":"Bearer 168|i1Pfn62igXMWcFgvLcI...","is_bearer":true} 
[2026-05-16 12:48:29] local.INFO: Extracted bearer token {"token_preview":"168|i1Pfn6...","token_length":52} 
[2026-05-16 12:48:29] local.INFO: Found personal access token {"token_id":168,"user_id":68,"revoked":null} 
[2026-05-16 12:48:29] local.INFO: User authenticated via bearer token {"user_id":68,"user_email":"freelancerzahedcreator@gmail.com"} 
[2026-05-16 12:48:59] local.INFO: ParseBearerToken middleware invoked {"path":"/api/v2/creator/profile","method":"GET","has_auth_header":true,"auth_header_preview":"Bearer 168|i1Pfn62igXMWcFgvLcI...","is_bearer":true} 
[2026-05-16 12:48:59] local.INFO: Extracted bearer token {"token_preview":"168|i1Pfn6...","token_length":52} 
[2026-05-16 12:48:59] local.INFO: Found personal access token {"token_id":168,"user_id":68,"revoked":null} 
[2026-05-16 12:48:59] local.INFO: User authenticated via bearer token {"user_id":68,"user_email":"freelancerzahedcreator@gmail.com"} 
[2026-05-16 12:49:28] local.INFO: ParseBearerToken middleware invoked {"path":"/api/v2/creator/profile","method":"GET","has_auth_header":true,"auth_header_preview":"Bearer 168|i1Pfn62igXMWcFgvLcI...","is_bearer":true} 
[2026-05-16 12:49:28] local.INFO: Extracted bearer token {"token_preview":"168|i1Pfn6...","token_length":52} 
[2026-05-16 12:49:29] local.INFO: Found personal access token {"token_id":168,"user_id":68,"revoked":null} 
[2026-05-16 12:49:29] local.INFO: User authenticated via bearer token {"user_id":68,"user_email":"freelancerzahedcreator@gmail.com"} 
[2026-05-16 12:49:59] local.INFO: ParseBearerToken middleware invoked {"path":"/api/v2/creator/profile","method":"GET","has_auth_header":true,"auth_header_preview":"Bearer 168|i1Pfn62igXMWcFgvLcI...","is_bearer":true} 
[2026-05-16 12:49:59] local.INFO: Extracted bearer token {"token_preview":"168|i1Pfn6...","token_length":52} 
[2026-05-16 12:49:59] local.INFO: Found personal access token {"token_id":168,"user_id":68,"revoked":null} 
[2026-05-16 12:49:59] local.INFO: User authenticated via bearer token {"user_id":68,"user_email":"freelancerzahedcreator@gmail.com"} 
[2026-05-16 12:50:28] local.INFO: ParseBearerToken middleware invoked {"path":"/api/v2/creator/profile","method":"GET","has_auth_header":true,"auth_header_preview":"Bearer 168|i1Pfn62igXMWcFgvLcI...","is_bearer":true} 
[2026-05-16 12:50:28] local.INFO: Extracted bearer token {"token_preview":"168|i1Pfn6...","token_length":52} 
[2026-05-16 12:50:28] local.INFO: Found personal access token {"token_id":168,"user_id":68,"revoked":null} 
[2026-05-16 12:50:28] local.INFO: User authenticated via bearer token {"user_id":68,"user_email":"freelancerzahedcreator@gmail.com"} 
[2026-05-16 12:50:59] local.INFO: ParseBearerToken middleware invoked {"path":"/api/v2/creator/profile","method":"GET","has_auth_header":true,"auth_header_preview":"Bearer 168|i1Pfn62igXMWcFgvLcI...","is_bearer":true} 
[2026-05-16 12:50:59] local.INFO: Extracted bearer token {"token_preview":"168|i1Pfn6...","token_length":52} 
[2026-05-16 12:50:59] local.INFO: Found personal access token {"token_id":168,"user_id":68,"revoked":null} 
[2026-05-16 12:50:59] local.INFO: User authenticated via bearer token {"user_id":68,"user_email":"freelancerzahedcreator@gmail.com"} 
[2026-05-16 12:51:29] local.INFO: ParseBearerToken middleware invoked {"path":"/api/v2/creator/profile","method":"GET","has_auth_header":true,"auth_header_preview":"Bearer 168|i1Pfn62igXMWcFgvLcI...","is_bearer":true} 
[2026-05-16 12:51:29] local.INFO: Extracted bearer token {"token_preview":"168|i1Pfn6...","token_length":52} 
[2026-05-16 12:51:29] local.INFO: Found personal access token {"token_id":168,"user_id":68,"revoked":null} 
[2026-05-16 12:51:29] local.INFO: User authenticated via bearer token {"user_id":68,"user_email":"freelancerzahedcreator@gmail.com"} 
[2026-05-16 12:51:59] local.INFO: ParseBearerToken middleware invoked {"path":"/api/v2/creator/profile","method":"GET","has_auth_header":true,"auth_header_preview":"Bearer 168|i1Pfn62igXMWcFgvLcI...","is_bearer":true} 
[2026-05-16 12:51:59] local.INFO: Extracted bearer token {"token_preview":"168|i1Pfn6...","token_length":52} 
[2026-05-16 12:51:59] local.INFO: Found personal access token {"token_id":168,"user_id":68,"revoked":null} 
[2026-05-16 12:51:59] local.INFO: User authenticated via bearer token {"user_id":68,"user_email":"freelancerzahedcreator@gmail.com"} 
[2026-05-16 12:52:29] local.INFO: ParseBearerToken middleware invoked {"path":"/api/v2/creator/profile","method":"GET","has_auth_header":true,"auth_header_preview":"Bearer 168|i1Pfn62igXMWcFgvLcI...","is_bearer":true} 
[2026-05-16 12:52:29] local.INFO: Extracted bearer token {"token_preview":"168|i1Pfn6...","token_length":52} 
[2026-05-16 12:52:29] local.INFO: Found personal access token {"token_id":168,"user_id":68,"revoked":null} 
[2026-05-16 12:52:29] local.INFO: User authenticated via bearer token {"user_id":68,"user_email":"freelancerzahedcreator@gmail.com"} 
[2026-05-16 12:52:59] local.INFO: ParseBearerToken middleware invoked {"path":"/api/v2/creator/profile","method":"GET","has_auth_header":true,"auth_header_preview":"Bearer 168|i1Pfn62igXMWcFgvLcI...","is_bearer":true} 
[2026-05-16 12:52:59] local.INFO: Extracted bearer token {"token_preview":"168|i1Pfn6...","token_length":52} 
[2026-05-16 12:52:59] local.INFO: Found personal access token {"token_id":168,"user_id":68,"revoked":null} 
[2026-05-16 12:52:59] local.INFO: User authenticated via bearer token {"user_id":68,"user_email":"freelancerzahedcreator@gmail.com"} 
[2026-05-16 12:53:29] local.INFO: ParseBearerToken middleware invoked {"path":"/api/v2/creator/profile","method":"GET","has_auth_header":true,"auth_header_preview":"Bearer 168|i1Pfn62igXMWcFgvLcI...","is_bearer":true} 
[2026-05-16 12:53:29] local.INFO: Extracted bearer token {"token_preview":"168|i1Pfn6...","token_length":52} 
[2026-05-16 12:53:29] local.INFO: Found personal access token {"token_id":168,"user_id":68,"revoked":null} 
[2026-05-16 12:53:29] local.INFO: User authenticated via bearer token {"user_id":68,"user_email":"freelancerzahedcreator@gmail.com"} 
[2026-05-16 12:53:59] local.INFO: ParseBearerToken middleware invoked {"path":"/api/v2/creator/profile","method":"GET","has_auth_header":true,"auth_header_preview":"Bearer 168|i1Pfn62igXMWcFgvLcI...","is_bearer":true} 
[2026-05-16 12:53:59] local.INFO: Extracted bearer token {"token_preview":"168|i1Pfn6...","token_length":52} 
[2026-05-16 12:53:59] local.INFO: Found personal access token {"token_id":168,"user_id":68,"revoked":null} 
[2026-05-16 12:53:59] local.INFO: User authenticated via bearer token {"user_id":68,"user_email":"freelancerzahedcreator@gmail.com"} 
[2026-05-16 12:54:29] local.INFO: ParseBearerToken middleware invoked {"path":"/api/v2/creator/profile","method":"GET","has_auth_header":true,"auth_header_preview":"Bearer 168|i1Pfn62igXMWcFgvLcI...","is_bearer":true} 
[2026-05-16 12:54:29] local.INFO: Extracted bearer token {"token_preview":"168|i1Pfn6...","token_length":52} 
[2026-05-16 12:54:29] local.INFO: Found personal access token {"token_id":168,"user_id":68,"revoked":null} 
[2026-05-16 12:54:29] local.INFO: User authenticated via bearer token {"user_id":68,"user_email":"freelancerzahedcreator@gmail.com"} 
[2026-05-16 12:54:59] local.INFO: ParseBearerToken middleware invoked {"path":"/api/v2/creator/profile","method":"GET","has_auth_header":true,"auth_header_preview":"Bearer 168|i1Pfn62igXMWcFgvLcI...","is_bearer":true} 
[2026-05-16 12:54:59] local.INFO: Extracted bearer token {"token_preview":"168|i1Pfn6...","token_length":52} 
[2026-05-16 12:54:59] local.INFO: Found personal access token {"token_id":168,"user_id":68,"revoked":null} 
[2026-05-16 12:54:59] local.INFO: User authenticated via bearer token {"user_id":68,"user_email":"freelancerzahedcreator@gmail.com"} 
[2026-05-16 12:55:29] local.INFO: ParseBearerToken middleware invoked {"path":"/api/v2/creator/profile","method":"GET","has_auth_header":true,"auth_header_preview":"Bearer 168|i1Pfn62igXMWcFgvLcI...","is_bearer":true} 
[2026-05-16 12:55:29] local.INFO: Extracted bearer token {"token_preview":"168|i1Pfn6...","token_length":52} 
[2026-05-16 12:55:29] local.INFO: Found personal access token {"token_id":168,"user_id":68,"revoked":null} 
[2026-05-16 12:55:29] local.INFO: User authenticated via bearer token {"user_id":68,"user_email":"freelancerzahedcreator@gmail.com"} 
[2026-05-16 12:55:59] local.INFO: ParseBearerToken middleware invoked {"path":"/api/v2/creator/profile","method":"GET","has_auth_header":true,"auth_header_preview":"Bearer 168|i1Pfn62igXMWcFgvLcI...","is_bearer":true} 
[2026-05-16 12:55:59] local.INFO: Extracted bearer token {"token_preview":"168|i1Pfn6...","token_length":52} 
[2026-05-16 12:55:59] local.INFO: Found personal access token {"token_id":168,"user_id":68,"revoked":null} 
[2026-05-16 12:55:59] local.INFO: User authenticated via bearer token {"user_id":68,"user_email":"freelancerzahedcreator@gmail.com"} 
[2026-05-16 12:56:29] local.INFO: ParseBearerToken middleware invoked {"path":"/api/v2/creator/profile","method":"GET","has_auth_header":true,"auth_header_preview":"Bearer 168|i1Pfn62igXMWcFgvLcI...","is_bearer":true} 
[2026-05-16 12:56:29] local.INFO: Extracted bearer token {"token_preview":"168|i1Pfn6...","token_length":52} 
[2026-05-16 12:56:29] local.INFO: Found personal access token {"token_id":168,"user_id":68,"revoked":null} 
[2026-05-16 12:56:29] local.INFO: User authenticated via bearer token {"user_id":68,"user_email":"freelancerzahedcreator@gmail.com"} 
[2026-05-16 12:56:59] local.INFO: ParseBearerToken middleware invoked {"path":"/api/v2/creator/profile","method":"GET","has_auth_header":true,"auth_header_preview":"Bearer 168|i1Pfn62igXMWcFgvLcI...","is_bearer":true} 
[2026-05-16 12:56:59] local.INFO: Extracted bearer token {"token_preview":"168|i1Pfn6...","token_length":52} 
[2026-05-16 12:56:59] local.INFO: Found personal access token {"token_id":168,"user_id":68,"revoked":null} 
[2026-05-16 12:56:59] local.INFO: User authenticated via bearer token {"user_id":68,"user_email":"freelancerzahedcreator@gmail.com"} 
[2026-05-16 12:57:29] local.INFO: ParseBearerToken middleware invoked {"path":"/api/v2/creator/profile","method":"GET","has_auth_header":true,"auth_header_preview":"Bearer 168|i1Pfn62igXMWcFgvLcI...","is_bearer":true} 
[2026-05-16 12:57:29] local.INFO: Extracted bearer token {"token_preview":"168|i1Pfn6...","token_length":52} 
[2026-05-16 12:57:29] local.INFO: Found personal access token {"token_id":168,"user_id":68,"revoked":null} 
[2026-05-16 12:57:29] local.INFO: User authenticated via bearer token {"user_id":68,"user_email":"freelancerzahedcreator@gmail.com"} 
[2026-05-16 12:57:58] local.INFO: ParseBearerToken middleware invoked {"path":"/api/v2/creator/profile","method":"GET","has_auth_header":true,"auth_header_preview":"Bearer 168|i1Pfn62igXMWcFgvLcI...","is_bearer":true} 
[2026-05-16 12:57:58] local.INFO: Extracted bearer token {"token_preview":"168|i1Pfn6...","token_length":52} 
[2026-05-16 12:57:58] local.INFO: Found personal access token {"token_id":168,"user_id":68,"revoked":null} 
[2026-05-16 12:57:58] local.INFO: User authenticated via bearer token {"user_id":68,"user_email":"freelancerzahedcreator@gmail.com"} 
[2026-05-16 12:58:29] local.INFO: ParseBearerToken middleware invoked {"path":"/api/v2/creator/profile","method":"GET","has_auth_header":true,"auth_header_preview":"Bearer 168|i1Pfn62igXMWcFgvLcI...","is_bearer":true} 
[2026-05-16 12:58:29] local.INFO: Extracted bearer token {"token_preview":"168|i1Pfn6...","token_length":52} 
[2026-05-16 12:58:29] local.INFO: Found personal access token {"token_id":168,"user_id":68,"revoked":null} 
[2026-05-16 12:58:29] local.INFO: User authenticated via bearer token {"user_id":68,"user_email":"freelancerzahedcreator@gmail.com"} 
[2026-05-16 12:58:59] local.INFO: ParseBearerToken middleware invoked {"path":"/api/v2/creator/profile","method":"GET","has_auth_header":true,"auth_header_preview":"Bearer 168|i1Pfn62igXMWcFgvLcI...","is_bearer":true} 
[2026-05-16 12:58:59] local.INFO: Extracted bearer token {"token_preview":"168|i1Pfn6...","token_length":52} 
[2026-05-16 12:58:59] local.INFO: Found personal access token {"token_id":168,"user_id":68,"revoked":null} 
[2026-05-16 12:58:59] local.INFO: User authenticated via bearer token {"user_id":68,"user_email":"freelancerzahedcreator@gmail.com"} 
[2026-05-16 12:59:29] local.INFO: ParseBearerToken middleware invoked {"path":"/api/v2/creator/profile","method":"GET","has_auth_header":true,"auth_header_preview":"Bearer 168|i1Pfn62igXMWcFgvLcI...","is_bearer":true} 
[2026-05-16 12:59:29] local.INFO: Extracted bearer token {"token_preview":"168|i1Pfn6...","token_length":52} 
[2026-05-16 12:59:29] local.INFO: Found personal access token {"token_id":168,"user_id":68,"revoked":null} 
[2026-05-16 12:59:29] local.INFO: User authenticated via bearer token {"user_id":68,"user_email":"freelancerzahedcreator@gmail.com"} 
[2026-05-16 12:59:58] local.INFO: ParseBearerToken middleware invoked {"path":"/api/v2/creator/profile","method":"GET","has_auth_header":true,"auth_header_preview":"Bearer 168|i1Pfn62igXMWcFgvLcI...","is_bearer":true} 
[2026-05-16 12:59:58] local.INFO: Extracted bearer token {"token_preview":"168|i1Pfn6...","token_length":52} 
[2026-05-16 12:59:58] local.INFO: Found personal access token {"token_id":168,"user_id":68,"revoked":null} 
[2026-05-16 12:59:58] local.INFO: User authenticated via bearer token {"user_id":68,"user_email":"freelancerzahedcreator@gmail.com"} 
[2026-05-16 13:00:29] local.INFO: ParseBearerToken middleware invoked {"path":"/api/v2/creator/profile","method":"GET","has_auth_header":true,"auth_header_preview":"Bearer 168|i1Pfn62igXMWcFgvLcI...","is_bearer":true} 
[2026-05-16 13:00:29] local.INFO: Extracted bearer token {"token_preview":"168|i1Pfn6...","token_length":52} 
[2026-05-16 13:00:29] local.INFO: Found personal access token {"token_id":168,"user_id":68,"revoked":null} 
[2026-05-16 13:00:29] local.INFO: User authenticated via bearer token {"user_id":68,"user_email":"freelancerzahedcreator@gmail.com"} 
[2026-05-16 13:00:59] local.INFO: ParseBearerToken middleware invoked {"path":"/api/v2/creator/profile","method":"GET","has_auth_header":true,"auth_header_preview":"Bearer 168|i1Pfn62igXMWcFgvLcI...","is_bearer":true} 
[2026-05-16 13:00:59] local.INFO: Extracted bearer token {"token_preview":"168|i1Pfn6...","token_length":52} 
[2026-05-16 13:00:59] local.INFO: Found personal access token {"token_id":168,"user_id":68,"revoked":null} 
[2026-05-16 13:00:59] local.INFO: User authenticated via bearer token {"user_id":68,"user_email":"freelancerzahedcreator@gmail.com"} 
[2026-05-16 13:01:28] local.INFO: ParseBearerToken middleware invoked {"path":"/api/v2/creator/profile","method":"GET","has_auth_header":true,"auth_header_preview":"Bearer 168|i1Pfn62igXMWcFgvLcI...","is_bearer":true} 
[2026-05-16 13:01:28] local.INFO: Extracted bearer token {"token_preview":"168|i1Pfn6...","token_length":52} 
[2026-05-16 13:01:28] local.INFO: Found personal access token {"token_id":168,"user_id":68,"revoked":null} 
[2026-05-16 13:01:28] local.INFO: User authenticated via bearer token {"user_id":68,"user_email":"freelancerzahedcreator@gmail.com"} 
[2026-05-16 13:01:59] local.INFO: ParseBearerToken middleware invoked {"path":"/api/v2/creator/profile","method":"GET","has_auth_header":true,"auth_header_preview":"Bearer 168|i1Pfn62igXMWcFgvLcI...","is_bearer":true} 
[2026-05-16 13:01:59] local.INFO: Extracted bearer token {"token_preview":"168|i1Pfn6...","token_length":52} 
[2026-05-16 13:01:59] local.INFO: Found personal access token {"token_id":168,"user_id":68,"revoked":null} 
[2026-05-16 13:01:59] local.INFO: User authenticated via bearer token {"user_id":68,"user_email":"freelancerzahedcreator@gmail.com"} 
[2026-05-16 13:02:29] local.INFO: ParseBearerToken middleware invoked {"path":"/api/v2/creator/profile","method":"GET","has_auth_header":true,"auth_header_preview":"Bearer 168|i1Pfn62igXMWcFgvLcI...","is_bearer":true} 
[2026-05-16 13:02:29] local.INFO: Extracted bearer token {"token_preview":"168|i1Pfn6...","token_length":52} 
[2026-05-16 13:02:29] local.INFO: Found personal access token {"token_id":168,"user_id":68,"revoked":null} 
[2026-05-16 13:02:29] local.INFO: User authenticated via bearer token {"user_id":68,"user_email":"freelancerzahedcreator@gmail.com"} 
[2026-05-16 13:02:58] local.INFO: ParseBearerToken middleware invoked {"path":"/api/v2/creator/profile","method":"GET","has_auth_header":true,"auth_header_preview":"Bearer 168|i1Pfn62igXMWcFgvLcI...","is_bearer":true} 
[2026-05-16 13:02:58] local.INFO: Extracted bearer token {"token_preview":"168|i1Pfn6...","token_length":52} 
[2026-05-16 13:02:58] local.INFO: Found personal access token {"token_id":168,"user_id":68,"revoked":null} 
[2026-05-16 13:02:58] local.INFO: User authenticated via bearer token {"user_id":68,"user_email":"freelancerzahedcreator@gmail.com"} 
[2026-05-16 13:03:29] local.INFO: ParseBearerToken middleware invoked {"path":"/api/v2/creator/profile","method":"GET","has_auth_header":true,"auth_header_preview":"Bearer 168|i1Pfn62igXMWcFgvLcI...","is_bearer":true} 
[2026-05-16 13:03:29] local.INFO: Extracted bearer token {"token_preview":"168|i1Pfn6...","token_length":52} 
[2026-05-16 13:03:29] local.INFO: Found personal access token {"token_id":168,"user_id":68,"revoked":null} 
[2026-05-16 13:03:29] local.INFO: User authenticated via bearer token {"user_id":68,"user_email":"freelancerzahedcreator@gmail.com"} 
[2026-05-16 13:03:59] local.INFO: ParseBearerToken middleware invoked {"path":"/api/v2/creator/profile","method":"GET","has_auth_header":true,"auth_header_preview":"Bearer 168|i1Pfn62igXMWcFgvLcI...","is_bearer":true} 
[2026-05-16 13:03:59] local.INFO: Extracted bearer token {"token_preview":"168|i1Pfn6...","token_length":52} 
[2026-05-16 13:03:59] local.INFO: Found personal access token {"token_id":168,"user_id":68,"revoked":null} 
[2026-05-16 13:03:59] local.INFO: User authenticated via bearer token {"user_id":68,"user_email":"freelancerzahedcreator@gmail.com"} 
[2026-05-16 13:04:29] local.INFO: ParseBearerToken middleware invoked {"path":"/api/v2/creator/profile","method":"GET","has_auth_header":true,"auth_header_preview":"Bearer 168|i1Pfn62igXMWcFgvLcI...","is_bearer":true} 
[2026-05-16 13:04:29] local.INFO: Extracted bearer token {"token_preview":"168|i1Pfn6...","token_length":52} 
[2026-05-16 13:04:29] local.INFO: Found personal access token {"token_id":168,"user_id":68,"revoked":null} 
[2026-05-16 13:04:29] local.INFO: User authenticated via bearer token {"user_id":68,"user_email":"freelancerzahedcreator@gmail.com"} 
[2026-05-16 13:04:59] local.INFO: ParseBearerToken middleware invoked {"path":"/api/v2/creator/profile","method":"GET","has_auth_header":true,"auth_header_preview":"Bearer 168|i1Pfn62igXMWcFgvLcI...","is_bearer":true} 
[2026-05-16 13:04:59] local.INFO: Extracted bearer token {"token_preview":"168|i1Pfn6...","token_length":52} 
[2026-05-16 13:04:59] local.INFO: Found personal access token {"token_id":168,"user_id":68,"revoked":null} 
[2026-05-16 13:04:59] local.INFO: User authenticated via bearer token {"user_id":68,"user_email":"freelancerzahedcreator@gmail.com"} 
[2026-05-16 13:05:29] local.INFO: ParseBearerToken middleware invoked {"path":"/api/v2/creator/profile","method":"GET","has_auth_header":true,"auth_header_preview":"Bearer 168|i1Pfn62igXMWcFgvLcI...","is_bearer":true} 
[2026-05-16 13:05:29] local.INFO: Extracted bearer token {"token_preview":"168|i1Pfn6...","token_length":52} 
[2026-05-16 13:05:29] local.INFO: Found personal access token {"token_id":168,"user_id":68,"revoked":null} 
[2026-05-16 13:05:29] local.INFO: User authenticated via bearer token {"user_id":68,"user_email":"freelancerzahedcreator@gmail.com"} 
[2026-05-16 13:05:58] local.INFO: ParseBearerToken middleware invoked {"path":"/api/v2/creator/profile","method":"GET","has_auth_header":true,"auth_header_preview":"Bearer 168|i1Pfn62igXMWcFgvLcI...","is_bearer":true} 
[2026-05-16 13:05:58] local.INFO: Extracted bearer token {"token_preview":"168|i1Pfn6...","token_length":52} 
[2026-05-16 13:05:58] local.INFO: Found personal access token {"token_id":168,"user_id":68,"revoked":null} 
[2026-05-16 13:05:58] local.INFO: User authenticated via bearer token {"user_id":68,"user_email":"freelancerzahedcreator@gmail.com"} 
[2026-05-16 13:06:28] local.INFO: ParseBearerToken middleware invoked {"path":"/api/v2/creator/profile","method":"GET","has_auth_header":true,"auth_header_preview":"Bearer 168|i1Pfn62igXMWcFgvLcI...","is_bearer":true} 
[2026-05-16 13:06:28] local.INFO: Extracted bearer token {"token_preview":"168|i1Pfn6...","token_length":52} 
[2026-05-16 13:06:28] local.INFO: Found personal access token {"token_id":168,"user_id":68,"revoked":null} 
[2026-05-16 13:06:29] local.INFO: User authenticated via bearer token {"user_id":68,"user_email":"freelancerzahedcreator@gmail.com"} 
[2026-05-16 13:06:58] local.INFO: ParseBearerToken middleware invoked {"path":"/api/v2/creator/profile","method":"GET","has_auth_header":true,"auth_header_preview":"Bearer 168|i1Pfn62igXMWcFgvLcI...","is_bearer":true} 
[2026-05-16 13:06:58] local.INFO: Extracted bearer token {"token_preview":"168|i1Pfn6...","token_length":52} 
[2026-05-16 13:06:58] local.INFO: Found personal access token {"token_id":168,"user_id":68,"revoked":null} 
[2026-05-16 13:06:58] local.INFO: User authenticated via bearer token {"user_id":68,"user_email":"freelancerzahedcreator@gmail.com"} 
[2026-05-16 13:07:28] local.INFO: ParseBearerToken middleware invoked {"path":"/api/v2/creator/profile","method":"GET","has_auth_header":true,"auth_header_preview":"Bearer 168|i1Pfn62igXMWcFgvLcI...","is_bearer":true} 
[2026-05-16 13:07:28] local.INFO: Extracted bearer token {"token_preview":"168|i1Pfn6...","token_length":52} 
[2026-05-16 13:07:28] local.INFO: Found personal access token {"token_id":168,"user_id":68,"revoked":null} 
[2026-05-16 13:07:29] local.INFO: User authenticated via bearer token {"user_id":68,"user_email":"freelancerzahedcreator@gmail.com"} 
[2026-05-16 13:07:59] local.INFO: ParseBearerToken middleware invoked {"path":"/api/v2/creator/profile","method":"GET","has_auth_header":true,"auth_header_preview":"Bearer 168|i1Pfn62igXMWcFgvLcI...","is_bearer":true} 
[2026-05-16 13:07:59] local.INFO: Extracted bearer token {"token_preview":"168|i1Pfn6...","token_length":52} 
[2026-05-16 13:07:59] local.INFO: Found personal access token {"token_id":168,"user_id":68,"revoked":null} 
[2026-05-16 13:07:59] local.INFO: User authenticated via bearer token {"user_id":68,"user_email":"freelancerzahedcreator@gmail.com"} 
[2026-05-16 13:08:28] local.INFO: ParseBearerToken middleware invoked {"path":"/api/v2/creator/profile","method":"GET","has_auth_header":true,"auth_header_preview":"Bearer 168|i1Pfn62igXMWcFgvLcI...","is_bearer":true} 
[2026-05-16 13:08:29] local.INFO: Extracted bearer token {"token_preview":"168|i1Pfn6...","token_length":52} 
[2026-05-16 13:08:29] local.INFO: Found personal access token {"token_id":168,"user_id":68,"revoked":null} 
[2026-05-16 13:08:29] local.INFO: User authenticated via bearer token {"user_id":68,"user_email":"freelancerzahedcreator@gmail.com"} 
[2026-05-16 13:08:59] local.INFO: ParseBearerToken middleware invoked {"path":"/api/v2/creator/profile","method":"GET","has_auth_header":true,"auth_header_preview":"Bearer 168|i1Pfn62igXMWcFgvLcI...","is_bearer":true} 
[2026-05-16 13:08:59] local.INFO: Extracted bearer token {"token_preview":"168|i1Pfn6...","token_length":52} 
[2026-05-16 13:08:59] local.INFO: Found personal access token {"token_id":168,"user_id":68,"revoked":null} 
[2026-05-16 13:08:59] local.INFO: User authenticated via bearer token {"user_id":68,"user_email":"freelancerzahedcreator@gmail.com"} 
[2026-05-16 13:09:29] local.INFO: ParseBearerToken middleware invoked {"path":"/api/v2/creator/profile","method":"GET","has_auth_header":true,"auth_header_preview":"Bearer 168|i1Pfn62igXMWcFgvLcI...","is_bearer":true} 
[2026-05-16 13:09:29] local.INFO: Extracted bearer token {"token_preview":"168|i1Pfn6...","token_length":52} 
[2026-05-16 13:09:29] local.INFO: Found personal access token {"token_id":168,"user_id":68,"revoked":null} 
[2026-05-16 13:09:29] local.INFO: User authenticated via bearer token {"user_id":68,"user_email":"freelancerzahedcreator@gmail.com"} 
[2026-05-16 13:09:59] local.INFO: ParseBearerToken middleware invoked {"path":"/api/v2/creator/profile","method":"GET","has_auth_header":true,"auth_header_preview":"Bearer 168|i1Pfn62igXMWcFgvLcI...","is_bearer":true} 
[2026-05-16 13:09:59] local.INFO: Extracted bearer token {"token_preview":"168|i1Pfn6...","token_length":52} 
[2026-05-16 13:09:59] local.INFO: Found personal access token {"token_id":168,"user_id":68,"revoked":null} 
[2026-05-16 13:09:59] local.INFO: User authenticated via bearer token {"user_id":68,"user_email":"freelancerzahedcreator@gmail.com"} 
[2026-05-16 13:10:29] local.INFO: ParseBearerToken middleware invoked {"path":"/api/v2/creator/profile","method":"GET","has_auth_header":true,"auth_header_preview":"Bearer 168|i1Pfn62igXMWcFgvLcI...","is_bearer":true} 
[2026-05-16 13:10:29] local.INFO: Extracted bearer token {"token_preview":"168|i1Pfn6...","token_length":52} 
[2026-05-16 13:10:29] local.INFO: Found personal access token {"token_id":168,"user_id":68,"revoked":null} 
[2026-05-16 13:10:29] local.INFO: User authenticated via bearer token {"user_id":68,"user_email":"freelancerzahedcreator@gmail.com"} 
[2026-05-16 13:10:59] local.INFO: ParseBearerToken middleware invoked {"path":"/api/v2/creator/profile","method":"GET","has_auth_header":true,"auth_header_preview":"Bearer 168|i1Pfn62igXMWcFgvLcI...","is_bearer":true} 
[2026-05-16 13:10:59] local.INFO: Extracted bearer token {"token_preview":"168|i1Pfn6...","token_length":52} 
[2026-05-16 13:10:59] local.INFO: Found personal access token {"token_id":168,"user_id":68,"revoked":null} 
[2026-05-16 13:10:59] local.INFO: User authenticated via bearer token {"user_id":68,"user_email":"freelancerzahedcreator@gmail.com"} 
[2026-05-16 13:11:29] local.INFO: ParseBearerToken middleware invoked {"path":"/api/v2/creator/profile","method":"GET","has_auth_header":true,"auth_header_preview":"Bearer 168|i1Pfn62igXMWcFgvLcI...","is_bearer":true} 
[2026-05-16 13:11:29] local.INFO: Extracted bearer token {"token_preview":"168|i1Pfn6...","token_length":52} 
[2026-05-16 13:11:29] local.INFO: Found personal access token {"token_id":168,"user_id":68,"revoked":null} 
[2026-05-16 13:11:29] local.INFO: User authenticated via bearer token {"user_id":68,"user_email":"freelancerzahedcreator@gmail.com"} 
[2026-05-16 13:11:59] local.INFO: ParseBearerToken middleware invoked {"path":"/api/v2/creator/profile","method":"GET","has_auth_header":true,"auth_header_preview":"Bearer 168|i1Pfn62igXMWcFgvLcI...","is_bearer":true} 
[2026-05-16 13:11:59] local.INFO: Extracted bearer token {"token_preview":"168|i1Pfn6...","token_length":52} 
[2026-05-16 13:11:59] local.INFO: Found personal access token {"token_id":168,"user_id":68,"revoked":null} 
[2026-05-16 13:11:59] local.INFO: User authenticated via bearer token {"user_id":68,"user_email":"freelancerzahedcreator@gmail.com"} 
[2026-05-16 13:12:29] local.INFO: ParseBearerToken middleware invoked {"path":"/api/v2/creator/profile","method":"GET","has_auth_header":true,"auth_header_preview":"Bearer 168|i1Pfn62igXMWcFgvLcI...","is_bearer":true} 
[2026-05-16 13:12:29] local.INFO: Extracted bearer token {"token_preview":"168|i1Pfn6...","token_length":52} 
[2026-05-16 13:12:29] local.INFO: Found personal access token {"token_id":168,"user_id":68,"revoked":null} 
[2026-05-16 13:12:29] local.INFO: User authenticated via bearer token {"user_id":68,"user_email":"freelancerzahedcreator@gmail.com"} 
[2026-05-16 13:12:59] local.INFO: ParseBearerToken middleware invoked {"path":"/api/v2/creator/profile","method":"GET","has_auth_header":true,"auth_header_preview":"Bearer 168|i1Pfn62igXMWcFgvLcI...","is_bearer":true} 
[2026-05-16 13:12:59] local.INFO: Extracted bearer token {"token_preview":"168|i1Pfn6...","token_length":52} 
[2026-05-16 13:12:59] local.INFO: Found personal access token {"token_id":168,"user_id":68,"revoked":null} 
[2026-05-16 13:12:59] local.INFO: User authenticated via bearer token {"user_id":68,"user_email":"freelancerzahedcreator@gmail.com"} 
[2026-05-16 13:13:28] local.INFO: ParseBearerToken middleware invoked {"path":"/api/v2/creator/profile","method":"GET","has_auth_header":true,"auth_header_preview":"Bearer 168|i1Pfn62igXMWcFgvLcI...","is_bearer":true} 
[2026-05-16 13:13:28] local.INFO: Extracted bearer token {"token_preview":"168|i1Pfn6...","token_length":52} 
[2026-05-16 13:13:28] local.INFO: Found personal access token {"token_id":168,"user_id":68,"revoked":null} 
[2026-05-16 13:13:28] local.INFO: User authenticated via bearer token {"user_id":68,"user_email":"freelancerzahedcreator@gmail.com"} 
[2026-05-16 13:13:59] local.INFO: ParseBearerToken middleware invoked {"path":"/api/v2/creator/profile","method":"GET","has_auth_header":true,"auth_header_preview":"Bearer 168|i1Pfn62igXMWcFgvLcI...","is_bearer":true} 
[2026-05-16 13:13:59] local.INFO: Extracted bearer token {"token_preview":"168|i1Pfn6...","token_length":52} 
[2026-05-16 13:13:59] local.INFO: Found personal access token {"token_id":168,"user_id":68,"revoked":null} 
[2026-05-16 13:13:59] local.INFO: User authenticated via bearer token {"user_id":68,"user_email":"freelancerzahedcreator@gmail.com"} 
[2026-05-16 13:14:29] local.INFO: ParseBearerToken middleware invoked {"path":"/api/v2/creator/profile","method":"GET","has_auth_header":true,"auth_header_preview":"Bearer 168|i1Pfn62igXMWcFgvLcI...","is_bearer":true} 
[2026-05-16 13:14:29] local.INFO: Extracted bearer token {"token_preview":"168|i1Pfn6...","token_length":52} 
[2026-05-16 13:14:29] local.INFO: Found personal access token {"token_id":168,"user_id":68,"revoked":null} 
[2026-05-16 13:14:29] local.INFO: User authenticated via bearer token {"user_id":68,"user_email":"freelancerzahedcreator@gmail.com"} 
[2026-05-16 13:14:59] local.INFO: ParseBearerToken middleware invoked {"path":"/api/v2/creator/profile","method":"GET","has_auth_header":true,"auth_header_preview":"Bearer 168|i1Pfn62igXMWcFgvLcI...","is_bearer":true} 
[2026-05-16 13:14:59] local.INFO: Extracted bearer token {"token_preview":"168|i1Pfn6...","token_length":52} 
[2026-05-16 13:14:59] local.INFO: Found personal access token {"token_id":168,"user_id":68,"revoked":null} 
[2026-05-16 13:14:59] local.INFO: User authenticated via bearer token {"user_id":68,"user_email":"freelancerzahedcreator@gmail.com"} 
[2026-05-16 13:15:28] local.INFO: ParseBearerToken middleware invoked {"path":"/api/v2/creator/profile","method":"GET","has_auth_header":true,"auth_header_preview":"Bearer 168|i1Pfn62igXMWcFgvLcI...","is_bearer":true} 
[2026-05-16 13:15:28] local.INFO: Extracted bearer token {"token_preview":"168|i1Pfn6...","token_length":52} 
[2026-05-16 13:15:28] local.INFO: Found personal access token {"token_id":168,"user_id":68,"revoked":null} 
[2026-05-16 13:15:28] local.INFO: User authenticated via bearer token {"user_id":68,"user_email":"freelancerzahedcreator@gmail.com"} 
[2026-05-16 13:15:59] local.INFO: ParseBearerToken middleware invoked {"path":"/api/v2/creator/profile","method":"GET","has_auth_header":true,"auth_header_preview":"Bearer 168|i1Pfn62igXMWcFgvLcI...","is_bearer":true} 
[2026-05-16 13:15:59] local.INFO: Extracted bearer token {"token_preview":"168|i1Pfn6...","token_length":52} 
[2026-05-16 13:15:59] local.INFO: Found personal access token {"token_id":168,"user_id":68,"revoked":null} 
[2026-05-16 13:15:59] local.INFO: User authenticated via bearer token {"user_id":68,"user_email":"freelancerzahedcreator@gmail.com"} 
[2026-05-16 13:16:28] local.INFO: ParseBearerToken middleware invoked {"path":"/api/v2/creator/profile","method":"GET","has_auth_header":true,"auth_header_preview":"Bearer 168|i1Pfn62igXMWcFgvLcI...","is_bearer":true} 
[2026-05-16 13:16:28] local.INFO: Extracted bearer token {"token_preview":"168|i1Pfn6...","token_length":52} 
[2026-05-16 13:16:28] local.INFO: Found personal access token {"token_id":168,"user_id":68,"revoked":null} 
[2026-05-16 13:16:28] local.INFO: User authenticated via bearer token {"user_id":68,"user_email":"freelancerzahedcreator@gmail.com"} 
[2026-05-16 13:16:58] local.INFO: ParseBearerToken middleware invoked {"path":"/api/v2/creator/profile","method":"GET","has_auth_header":true,"auth_header_preview":"Bearer 168|i1Pfn62igXMWcFgvLcI...","is_bearer":true} 
[2026-05-16 13:16:58] local.INFO: Extracted bearer token {"token_preview":"168|i1Pfn6...","token_length":52} 
[2026-05-16 13:16:58] local.INFO: Found personal access token {"token_id":168,"user_id":68,"revoked":null} 
[2026-05-16 13:16:58] local.INFO: User authenticated via bearer token {"user_id":68,"user_email":"freelancerzahedcreator@gmail.com"} 
[2026-05-16 13:17:29] local.INFO: ParseBearerToken middleware invoked {"path":"/api/v2/creator/profile","method":"GET","has_auth_header":true,"auth_header_preview":"Bearer 168|i1Pfn62igXMWcFgvLcI...","is_bearer":true} 
[2026-05-16 13:17:29] local.INFO: Extracted bearer token {"token_preview":"168|i1Pfn6...","token_length":52} 
[2026-05-16 13:17:29] local.INFO: Found personal access token {"token_id":168,"user_id":68,"revoked":null} 
[2026-05-16 13:17:29] local.INFO: User authenticated via bearer token {"user_id":68,"user_email":"freelancerzahedcreator@gmail.com"} 
[2026-05-16 13:17:58] local.INFO: ParseBearerToken middleware invoked {"path":"/api/v2/creator/profile","method":"GET","has_auth_header":true,"auth_header_preview":"Bearer 168|i1Pfn62igXMWcFgvLcI...","is_bearer":true} 
[2026-05-16 13:17:58] local.INFO: Extracted bearer token {"token_preview":"168|i1Pfn6...","token_length":52} 
[2026-05-16 13:17:58] local.INFO: Found personal access token {"token_id":168,"user_id":68,"revoked":null} 
[2026-05-16 13:17:58] local.INFO: User authenticated via bearer token {"user_id":68,"user_email":"freelancerzahedcreator@gmail.com"} 
[2026-05-16 13:18:29] local.INFO: ParseBearerToken middleware invoked {"path":"/api/v2/creator/profile","method":"GET","has_auth_header":true,"auth_header_preview":"Bearer 168|i1Pfn62igXMWcFgvLcI...","is_bearer":true} 
[2026-05-16 13:18:29] local.INFO: Extracted bearer token {"token_preview":"168|i1Pfn6...","token_length":52} 
[2026-05-16 13:18:29] local.INFO: Found personal access token {"token_id":168,"user_id":68,"revoked":null} 
[2026-05-16 13:18:29] local.INFO: User authenticated via bearer token {"user_id":68,"user_email":"freelancerzahedcreator@gmail.com"} 
[2026-05-16 13:18:59] local.INFO: ParseBearerToken middleware invoked {"path":"/api/v2/creator/profile","method":"GET","has_auth_header":true,"auth_header_preview":"Bearer 168|i1Pfn62igXMWcFgvLcI...","is_bearer":true} 
[2026-05-16 13:18:59] local.INFO: Extracted bearer token {"token_preview":"168|i1Pfn6...","token_length":52} 
[2026-05-16 13:18:59] local.INFO: Found personal access token {"token_id":168,"user_id":68,"revoked":null} 
[2026-05-16 13:18:59] local.INFO: User authenticated via bearer token {"user_id":68,"user_email":"freelancerzahedcreator@gmail.com"} 
[2026-05-16 13:19:29] local.INFO: ParseBearerToken middleware invoked {"path":"/api/v2/creator/profile","method":"GET","has_auth_header":true,"auth_header_preview":"Bearer 168|i1Pfn62igXMWcFgvLcI...","is_bearer":true} 
[2026-05-16 13:19:29] local.INFO: Extracted bearer token {"token_preview":"168|i1Pfn6...","token_length":52} 
[2026-05-16 13:19:29] local.INFO: Found personal access token {"token_id":168,"user_id":68,"revoked":null} 
[2026-05-16 13:19:29] local.INFO: User authenticated via bearer token {"user_id":68,"user_email":"freelancerzahedcreator@gmail.com"} 
[2026-05-16 13:19:59] local.INFO: ParseBearerToken middleware invoked {"path":"/api/v2/creator/profile","method":"GET","has_auth_header":true,"auth_header_preview":"Bearer 168|i1Pfn62igXMWcFgvLcI...","is_bearer":true} 
[2026-05-16 13:19:59] local.INFO: Extracted bearer token {"token_preview":"168|i1Pfn6...","token_length":52} 
[2026-05-16 13:19:59] local.INFO: Found personal access token {"token_id":168,"user_id":68,"revoked":null} 
[2026-05-16 13:19:59] local.INFO: User authenticated via bearer token {"user_id":68,"user_email":"freelancerzahedcreator@gmail.com"} 
[2026-05-16 13:20:29] local.INFO: ParseBearerToken middleware invoked {"path":"/api/v2/creator/profile","method":"GET","has_auth_header":true,"auth_header_preview":"Bearer 168|i1Pfn62igXMWcFgvLcI...","is_bearer":true} 
[2026-05-16 13:20:29] local.INFO: Extracted bearer token {"token_preview":"168|i1Pfn6...","token_length":52} 
[2026-05-16 13:20:29] local.INFO: Found personal access token {"token_id":168,"user_id":68,"revoked":null} 
[2026-05-16 13:20:29] local.INFO: User authenticated via bearer token {"user_id":68,"user_email":"freelancerzahedcreator@gmail.com"} 
[2026-05-16 13:20:59] local.INFO: ParseBearerToken middleware invoked {"path":"/api/v2/creator/profile","method":"GET","has_auth_header":true,"auth_header_preview":"Bearer 168|i1Pfn62igXMWcFgvLcI...","is_bearer":true} 
[2026-05-16 13:20:59] local.INFO: Extracted bearer token {"token_preview":"168|i1Pfn6...","token_length":52} 
[2026-05-16 13:20:59] local.INFO: Found personal access token {"token_id":168,"user_id":68,"revoked":null} 
[2026-05-16 13:20:59] local.INFO: User authenticated via bearer token {"user_id":68,"user_email":"freelancerzahedcreator@gmail.com"} 
[2026-05-16 13:21:28] local.INFO: ParseBearerToken middleware invoked {"path":"/api/v2/creator/profile","method":"GET","has_auth_header":true,"auth_header_preview":"Bearer 168|i1Pfn62igXMWcFgvLcI...","is_bearer":true} 
[2026-05-16 13:21:28] local.INFO: Extracted bearer token {"token_preview":"168|i1Pfn6...","token_length":52} 
[2026-05-16 13:21:29] local.INFO: Found personal access token {"token_id":168,"user_id":68,"revoked":null} 
[2026-05-16 13:21:29] local.INFO: User authenticated via bearer token {"user_id":68,"user_email":"freelancerzahedcreator@gmail.com"} 
[2026-05-16 13:21:58] local.INFO: ParseBearerToken middleware invoked {"path":"/api/v2/creator/profile","method":"GET","has_auth_header":true,"auth_header_preview":"Bearer 168|i1Pfn62igXMWcFgvLcI...","is_bearer":true} 
[2026-05-16 13:21:58] local.INFO: Extracted bearer token {"token_preview":"168|i1Pfn6...","token_length":52} 
[2026-05-16 13:21:58] local.INFO: Found personal access token {"token_id":168,"user_id":68,"revoked":null} 
[2026-05-16 13:21:58] local.INFO: User authenticated via bearer token {"user_id":68,"user_email":"freelancerzahedcreator@gmail.com"} 
[2026-05-16 13:22:29] local.INFO: ParseBearerToken middleware invoked {"path":"/api/v2/creator/profile","method":"GET","has_auth_header":true,"auth_header_preview":"Bearer 168|i1Pfn62igXMWcFgvLcI...","is_bearer":true} 
[2026-05-16 13:22:29] local.INFO: Extracted bearer token {"token_preview":"168|i1Pfn6...","token_length":52} 
[2026-05-16 13:22:29] local.INFO: Found personal access token {"token_id":168,"user_id":68,"revoked":null} 
[2026-05-16 13:22:29] local.INFO: User authenticated via bearer token {"user_id":68,"user_email":"freelancerzahedcreator@gmail.com"} 
[2026-05-16 13:22:59] local.INFO: ParseBearerToken middleware invoked {"path":"/api/v2/creator/profile","method":"GET","has_auth_header":true,"auth_header_preview":"Bearer 168|i1Pfn62igXMWcFgvLcI...","is_bearer":true} 
[2026-05-16 13:22:59] local.INFO: Extracted bearer token {"token_preview":"168|i1Pfn6...","token_length":52} 
[2026-05-16 13:22:59] local.INFO: Found personal access token {"token_id":168,"user_id":68,"revoked":null} 
[2026-05-16 13:22:59] local.INFO: User authenticated via bearer token {"user_id":68,"user_email":"freelancerzahedcreator@gmail.com"} 
[2026-05-16 13:23:29] local.INFO: ParseBearerToken middleware invoked {"path":"/api/v2/creator/profile","method":"GET","has_auth_header":true,"auth_header_preview":"Bearer 168|i1Pfn62igXMWcFgvLcI...","is_bearer":true} 
[2026-05-16 13:23:29] local.INFO: Extracted bearer token {"token_preview":"168|i1Pfn6...","token_length":52} 
[2026-05-16 13:23:29] local.INFO: Found personal access token {"token_id":168,"user_id":68,"revoked":null} 
[2026-05-16 13:23:29] local.INFO: User authenticated via bearer token {"user_id":68,"user_email":"freelancerzahedcreator@gmail.com"} 
[2026-05-16 13:23:59] local.INFO: ParseBearerToken middleware invoked {"path":"/api/v2/creator/profile","method":"GET","has_auth_header":true,"auth_header_preview":"Bearer 168|i1Pfn62igXMWcFgvLcI...","is_bearer":true} 
[2026-05-16 13:23:59] local.INFO: Extracted bearer token {"token_preview":"168|i1Pfn6...","token_length":52} 
[2026-05-16 13:23:59] local.INFO: Found personal access token {"token_id":168,"user_id":68,"revoked":null} 
[2026-05-16 13:23:59] local.INFO: User authenticated via bearer token {"user_id":68,"user_email":"freelancerzahedcreator@gmail.com"} 
[2026-05-16 13:24:29] local.INFO: ParseBearerToken middleware invoked {"path":"/api/v2/creator/profile","method":"GET","has_auth_header":true,"auth_header_preview":"Bearer 168|i1Pfn62igXMWcFgvLcI...","is_bearer":true} 
[2026-05-16 13:24:29] local.INFO: Extracted bearer token {"token_preview":"168|i1Pfn6...","token_length":52} 
[2026-05-16 13:24:29] local.INFO: Found personal access token {"token_id":168,"user_id":68,"revoked":null} 
[2026-05-16 13:24:29] local.INFO: User authenticated via bearer token {"user_id":68,"user_email":"freelancerzahedcreator@gmail.com"} 
[2026-05-16 13:24:59] local.INFO: ParseBearerToken middleware invoked {"path":"/api/v2/creator/profile","method":"GET","has_auth_header":true,"auth_header_preview":"Bearer 168|i1Pfn62igXMWcFgvLcI...","is_bearer":true} 
[2026-05-16 13:24:59] local.INFO: Extracted bearer token {"token_preview":"168|i1Pfn6...","token_length":52} 
[2026-05-16 13:24:59] local.INFO: Found personal access token {"token_id":168,"user_id":68,"revoked":null} 
[2026-05-16 13:24:59] local.INFO: User authenticated via bearer token {"user_id":68,"user_email":"freelancerzahedcreator@gmail.com"} 
[2026-05-16 13:25:29] local.INFO: ParseBearerToken middleware invoked {"path":"/api/v2/creator/profile","method":"GET","has_auth_header":true,"auth_header_preview":"Bearer 168|i1Pfn62igXMWcFgvLcI...","is_bearer":true} 
[2026-05-16 13:25:29] local.INFO: Extracted bearer token {"token_preview":"168|i1Pfn6...","token_length":52} 
[2026-05-16 13:25:29] local.INFO: Found personal access token {"token_id":168,"user_id":68,"revoked":null} 
[2026-05-16 13:25:29] local.INFO: User authenticated via bearer token {"user_id":68,"user_email":"freelancerzahedcreator@gmail.com"} 
[2026-05-16 13:25:59] local.INFO: ParseBearerToken middleware invoked {"path":"/api/v2/creator/profile","method":"GET","has_auth_header":true,"auth_header_preview":"Bearer 168|i1Pfn62igXMWcFgvLcI...","is_bearer":true} 
[2026-05-16 13:25:59] local.INFO: Extracted bearer token {"token_preview":"168|i1Pfn6...","token_length":52} 
[2026-05-16 13:25:59] local.INFO: Found personal access token {"token_id":168,"user_id":68,"revoked":null} 
[2026-05-16 13:25:59] local.INFO: User authenticated via bearer token {"user_id":68,"user_email":"freelancerzahedcreator@gmail.com"} 
[2026-05-16 13:26:29] local.INFO: ParseBearerToken middleware invoked {"path":"/api/v2/creator/profile","method":"GET","has_auth_header":true,"auth_header_preview":"Bearer 168|i1Pfn62igXMWcFgvLcI...","is_bearer":true} 
[2026-05-16 13:26:29] local.INFO: Extracted bearer token {"token_preview":"168|i1Pfn6...","token_length":52} 
[2026-05-16 13:26:29] local.INFO: Found personal access token {"token_id":168,"user_id":68,"revoked":null} 
[2026-05-16 13:26:29] local.INFO: User authenticated via bearer token {"user_id":68,"user_email":"freelancerzahedcreator@gmail.com"} 
[2026-05-16 13:26:59] local.INFO: ParseBearerToken middleware invoked {"path":"/api/v2/creator/profile","method":"GET","has_auth_header":true,"auth_header_preview":"Bearer 168|i1Pfn62igXMWcFgvLcI...","is_bearer":true} 
[2026-05-16 13:26:59] local.INFO: Extracted bearer token {"token_preview":"168|i1Pfn6...","token_length":52} 
[2026-05-16 13:26:59] local.INFO: Found personal access token {"token_id":168,"user_id":68,"revoked":null} 
[2026-05-16 13:26:59] local.INFO: User authenticated via bearer token {"user_id":68,"user_email":"freelancerzahedcreator@gmail.com"} 
[2026-05-16 13:27:29] local.INFO: ParseBearerToken middleware invoked {"path":"/api/v2/creator/profile","method":"GET","has_auth_header":true,"auth_header_preview":"Bearer 168|i1Pfn62igXMWcFgvLcI...","is_bearer":true} 
[2026-05-16 13:27:29] local.INFO: Extracted bearer token {"token_preview":"168|i1Pfn6...","token_length":52} 
[2026-05-16 13:27:29] local.INFO: Found personal access token {"token_id":168,"user_id":68,"revoked":null} 
[2026-05-16 13:27:29] local.INFO: User authenticated via bearer token {"user_id":68,"user_email":"freelancerzahedcreator@gmail.com"} 
[2026-05-16 13:27:59] local.INFO: ParseBearerToken middleware invoked {"path":"/api/v2/creator/profile","method":"GET","has_auth_header":true,"auth_header_preview":"Bearer 168|i1Pfn62igXMWcFgvLcI...","is_bearer":true} 
[2026-05-16 13:27:59] local.INFO: Extracted bearer token {"token_preview":"168|i1Pfn6...","token_length":52} 
[2026-05-16 13:27:59] local.INFO: Found personal access token {"token_id":168,"user_id":68,"revoked":null} 
[2026-05-16 13:27:59] local.INFO: User authenticated via bearer token {"user_id":68,"user_email":"freelancerzahedcreator@gmail.com"} 
[2026-05-16 13:28:29] local.INFO: ParseBearerToken middleware invoked {"path":"/api/v2/creator/profile","method":"GET","has_auth_header":true,"auth_header_preview":"Bearer 168|i1Pfn62igXMWcFgvLcI...","is_bearer":true} 
[2026-05-16 13:28:29] local.INFO: Extracted bearer token {"token_preview":"168|i1Pfn6...","token_length":52} 
[2026-05-16 13:28:29] local.INFO: Found personal access token {"token_id":168,"user_id":68,"revoked":null} 
[2026-05-16 13:28:29] local.INFO: User authenticated via bearer token {"user_id":68,"user_email":"freelancerzahedcreator@gmail.com"} 
[2026-05-16 13:28:59] local.INFO: ParseBearerToken middleware invoked {"path":"/api/v2/creator/profile","method":"GET","has_auth_header":true,"auth_header_preview":"Bearer 168|i1Pfn62igXMWcFgvLcI...","is_bearer":true} 
[2026-05-16 13:28:59] local.INFO: Extracted bearer token {"token_preview":"168|i1Pfn6...","token_length":52} 
[2026-05-16 13:28:59] local.INFO: Found personal access token {"token_id":168,"user_id":68,"revoked":null} 
[2026-05-16 13:28:59] local.INFO: User authenticated via bearer token {"user_id":68,"user_email":"freelancerzahedcreator@gmail.com"} 
[2026-05-16 13:29:29] local.INFO: ParseBearerToken middleware invoked {"path":"/api/v2/creator/profile","method":"GET","has_auth_header":true,"auth_header_preview":"Bearer 168|i1Pfn62igXMWcFgvLcI...","is_bearer":true} 
[2026-05-16 13:29:29] local.INFO: Extracted bearer token {"token_preview":"168|i1Pfn6...","token_length":52} 
[2026-05-16 13:29:29] local.INFO: Found personal access token {"token_id":168,"user_id":68,"revoked":null} 
[2026-05-16 13:29:29] local.INFO: User authenticated via bearer token {"user_id":68,"user_email":"freelancerzahedcreator@gmail.com"} 
[2026-05-16 13:29:58] local.INFO: ParseBearerToken middleware invoked {"path":"/api/v2/creator/profile","method":"GET","has_auth_header":true,"auth_header_preview":"Bearer 168|i1Pfn62igXMWcFgvLcI...","is_bearer":true} 
[2026-05-16 13:29:58] local.INFO: Extracted bearer token {"token_preview":"168|i1Pfn6...","token_length":52} 
[2026-05-16 13:29:58] local.INFO: Found personal access token {"token_id":168,"user_id":68,"revoked":null} 
[2026-05-16 13:29:58] local.INFO: User authenticated via bearer token {"user_id":68,"user_email":"freelancerzahedcreator@gmail.com"} 
[2026-05-16 13:30:29] local.INFO: ParseBearerToken middleware invoked {"path":"/api/v2/creator/profile","method":"GET","has_auth_header":true,"auth_header_preview":"Bearer 168|i1Pfn62igXMWcFgvLcI...","is_bearer":true} 
[2026-05-16 13:30:29] local.INFO: Extracted bearer token {"token_preview":"168|i1Pfn6...","token_length":52} 
[2026-05-16 13:30:29] local.INFO: Found personal access token {"token_id":168,"user_id":68,"revoked":null} 
[2026-05-16 13:30:29] local.INFO: User authenticated via bearer token {"user_id":68,"user_email":"freelancerzahedcreator@gmail.com"} 
[2026-05-16 13:30:59] local.INFO: ParseBearerToken middleware invoked {"path":"/api/v2/creator/profile","method":"GET","has_auth_header":true,"auth_header_preview":"Bearer 168|i1Pfn62igXMWcFgvLcI...","is_bearer":true} 
[2026-05-16 13:30:59] local.INFO: Extracted bearer token {"token_preview":"168|i1Pfn6...","token_length":52} 
[2026-05-16 13:30:59] local.INFO: Found personal access token {"token_id":168,"user_id":68,"revoked":null} 
[2026-05-16 13:30:59] local.INFO: User authenticated via bearer token {"user_id":68,"user_email":"freelancerzahedcreator@gmail.com"} 
[2026-05-16 13:31:29] local.INFO: ParseBearerToken middleware invoked {"path":"/api/v2/creator/profile","method":"GET","has_auth_header":true,"auth_header_preview":"Bearer 168|i1Pfn62igXMWcFgvLcI...","is_bearer":true} 
[2026-05-16 13:31:29] local.INFO: Extracted bearer token {"token_preview":"168|i1Pfn6...","token_length":52} 
[2026-05-16 13:31:29] local.INFO: Found personal access token {"token_id":168,"user_id":68,"revoked":null} 
[2026-05-16 13:31:29] local.INFO: User authenticated via bearer token {"user_id":68,"user_email":"freelancerzahedcreator@gmail.com"} 
[2026-05-16 13:31:59] local.INFO: ParseBearerToken middleware invoked {"path":"/api/v2/creator/profile","method":"GET","has_auth_header":true,"auth_header_preview":"Bearer 168|i1Pfn62igXMWcFgvLcI...","is_bearer":true} 
[2026-05-16 13:31:59] local.INFO: Extracted bearer token {"token_preview":"168|i1Pfn6...","token_length":52} 
[2026-05-16 13:31:59] local.INFO: Found personal access token {"token_id":168,"user_id":68,"revoked":null} 
[2026-05-16 13:31:59] local.INFO: User authenticated via bearer token {"user_id":68,"user_email":"freelancerzahedcreator@gmail.com"} 
[2026-05-16 13:32:29] local.INFO: ParseBearerToken middleware invoked {"path":"/api/v2/creator/profile","method":"GET","has_auth_header":true,"auth_header_preview":"Bearer 168|i1Pfn62igXMWcFgvLcI...","is_bearer":true} 
[2026-05-16 13:32:29] local.INFO: Extracted bearer token {"token_preview":"168|i1Pfn6...","token_length":52} 
[2026-05-16 13:32:29] local.INFO: Found personal access token {"token_id":168,"user_id":68,"revoked":null} 
[2026-05-16 13:32:29] local.INFO: User authenticated via bearer token {"user_id":68,"user_email":"freelancerzahedcreator@gmail.com"} 
[2026-05-16 13:32:59] local.INFO: ParseBearerToken middleware invoked {"path":"/api/v2/creator/profile","method":"GET","has_auth_header":true,"auth_header_preview":"Bearer 168|i1Pfn62igXMWcFgvLcI...","is_bearer":true} 
[2026-05-16 13:32:59] local.INFO: Extracted bearer token {"token_preview":"168|i1Pfn6...","token_length":52} 
[2026-05-16 13:32:59] local.INFO: Found personal access token {"token_id":168,"user_id":68,"revoked":null} 
[2026-05-16 13:32:59] local.INFO: User authenticated via bearer token {"user_id":68,"user_email":"freelancerzahedcreator@gmail.com"} 
[2026-05-16 13:33:29] local.INFO: ParseBearerToken middleware invoked {"path":"/api/v2/creator/profile","method":"GET","has_auth_header":true,"auth_header_preview":"Bearer 168|i1Pfn62igXMWcFgvLcI...","is_bearer":true} 
[2026-05-16 13:33:29] local.INFO: Extracted bearer token {"token_preview":"168|i1Pfn6...","token_length":52} 
[2026-05-16 13:33:29] local.INFO: Found personal access token {"token_id":168,"user_id":68,"revoked":null} 
[2026-05-16 13:33:29] local.INFO: User authenticated via bearer token {"user_id":68,"user_email":"freelancerzahedcreator@gmail.com"} 
[2026-05-16 13:33:59] local.INFO: ParseBearerToken middleware invoked {"path":"/api/v2/creator/profile","method":"GET","has_auth_header":true,"auth_header_preview":"Bearer 168|i1Pfn62igXMWcFgvLcI...","is_bearer":true} 
[2026-05-16 13:33:59] local.INFO: Extracted bearer token {"token_preview":"168|i1Pfn6...","token_length":52} 
[2026-05-16 13:33:59] local.INFO: Found personal access token {"token_id":168,"user_id":68,"revoked":null} 
[2026-05-16 13:33:59] local.INFO: User authenticated via bearer token {"user_id":68,"user_email":"freelancerzahedcreator@gmail.com"} 
[2026-05-16 13:34:29] local.INFO: ParseBearerToken middleware invoked {"path":"/api/v2/creator/profile","method":"GET","has_auth_header":true,"auth_header_preview":"Bearer 168|i1Pfn62igXMWcFgvLcI...","is_bearer":true} 
[2026-05-16 13:34:29] local.INFO: Extracted bearer token {"token_preview":"168|i1Pfn6...","token_length":52} 
[2026-05-16 13:34:29] local.INFO: Found personal access token {"token_id":168,"user_id":68,"revoked":null} 
[2026-05-16 13:34:29] local.INFO: User authenticated via bearer token {"user_id":68,"user_email":"freelancerzahedcreator@gmail.com"} 
[2026-05-16 13:34:59] local.INFO: ParseBearerToken middleware invoked {"path":"/api/v2/creator/profile","method":"GET","has_auth_header":true,"auth_header_preview":"Bearer 168|i1Pfn62igXMWcFgvLcI...","is_bearer":true} 
[2026-05-16 13:34:59] local.INFO: Extracted bearer token {"token_preview":"168|i1Pfn6...","token_length":52} 
[2026-05-16 13:34:59] local.INFO: Found personal access token {"token_id":168,"user_id":68,"revoked":null} 
[2026-05-16 13:34:59] local.INFO: User authenticated via bearer token {"user_id":68,"user_email":"freelancerzahedcreator@gmail.com"} 
[2026-05-16 13:35:29] local.INFO: ParseBearerToken middleware invoked {"path":"/api/v2/creator/profile","method":"GET","has_auth_header":true,"auth_header_preview":"Bearer 168|i1Pfn62igXMWcFgvLcI...","is_bearer":true} 
[2026-05-16 13:35:29] local.INFO: Extracted bearer token {"token_preview":"168|i1Pfn6...","token_length":52} 
[2026-05-16 13:35:29] local.INFO: Found personal access token {"token_id":168,"user_id":68,"revoked":null} 
[2026-05-16 13:35:29] local.INFO: User authenticated via bearer token {"user_id":68,"user_email":"freelancerzahedcreator@gmail.com"} 
[2026-05-16 13:35:59] local.INFO: ParseBearerToken middleware invoked {"path":"/api/v2/creator/profile","method":"GET","has_auth_header":true,"auth_header_preview":"Bearer 168|i1Pfn62igXMWcFgvLcI...","is_bearer":true} 
[2026-05-16 13:35:59] local.INFO: Extracted bearer token {"token_preview":"168|i1Pfn6...","token_length":52} 
[2026-05-16 13:35:59] local.INFO: Found personal access token {"token_id":168,"user_id":68,"revoked":null} 
[2026-05-16 13:35:59] local.INFO: User authenticated via bearer token {"user_id":68,"user_email":"freelancerzahedcreator@gmail.com"} 
[2026-05-16 13:36:29] local.INFO: ParseBearerToken middleware invoked {"path":"/api/v2/creator/profile","method":"GET","has_auth_header":true,"auth_header_preview":"Bearer 168|i1Pfn62igXMWcFgvLcI...","is_bearer":true} 
[2026-05-16 13:36:29] local.INFO: Extracted bearer token {"token_preview":"168|i1Pfn6...","token_length":52} 
[2026-05-16 13:36:29] local.INFO: Found personal access token {"token_id":168,"user_id":68,"revoked":null} 
[2026-05-16 13:36:29] local.INFO: User authenticated via bearer token {"user_id":68,"user_email":"freelancerzahedcreator@gmail.com"} 
[2026-05-16 13:36:59] local.INFO: ParseBearerToken middleware invoked {"path":"/api/v2/creator/profile","method":"GET","has_auth_header":true,"auth_header_preview":"Bearer 168|i1Pfn62igXMWcFgvLcI...","is_bearer":true} 
[2026-05-16 13:36:59] local.INFO: Extracted bearer token {"token_preview":"168|i1Pfn6...","token_length":52} 
[2026-05-16 13:36:59] local.INFO: Found personal access token {"token_id":168,"user_id":68,"revoked":null} 
[2026-05-16 13:36:59] local.INFO: User authenticated via bearer token {"user_id":68,"user_email":"freelancerzahedcreator@gmail.com"} 
[2026-05-16 13:37:29] local.INFO: ParseBearerToken middleware invoked {"path":"/api/v2/creator/profile","method":"GET","has_auth_header":true,"auth_header_preview":"Bearer 168|i1Pfn62igXMWcFgvLcI...","is_bearer":true} 
[2026-05-16 13:37:29] local.INFO: Extracted bearer token {"token_preview":"168|i1Pfn6...","token_length":52} 
[2026-05-16 13:37:29] local.INFO: Found personal access token {"token_id":168,"user_id":68,"revoked":null} 
[2026-05-16 13:37:29] local.INFO: User authenticated via bearer token {"user_id":68,"user_email":"freelancerzahedcreator@gmail.com"} 
[2026-05-16 13:37:59] local.INFO: ParseBearerToken middleware invoked {"path":"/api/v2/creator/profile","method":"GET","has_auth_header":true,"auth_header_preview":"Bearer 168|i1Pfn62igXMWcFgvLcI...","is_bearer":true} 
[2026-05-16 13:37:59] local.INFO: Extracted bearer token {"token_preview":"168|i1Pfn6...","token_length":52} 
[2026-05-16 13:37:59] local.INFO: Found personal access token {"token_id":168,"user_id":68,"revoked":null} 
[2026-05-16 13:37:59] local.INFO: User authenticated via bearer token {"user_id":68,"user_email":"freelancerzahedcreator@gmail.com"} 
[2026-05-16 13:38:29] local.INFO: ParseBearerToken middleware invoked {"path":"/api/v2/creator/profile","method":"GET","has_auth_header":true,"auth_header_preview":"Bearer 168|i1Pfn62igXMWcFgvLcI...","is_bearer":true} 
[2026-05-16 13:38:29] local.INFO: Extracted bearer token {"token_preview":"168|i1Pfn6...","token_length":52} 
[2026-05-16 13:38:29] local.INFO: Found personal access token {"token_id":168,"user_id":68,"revoked":null} 
[2026-05-16 13:38:29] local.INFO: User authenticated via bearer token {"user_id":68,"user_email":"freelancerzahedcreator@gmail.com"} 
[2026-05-16 13:38:59] local.INFO: ParseBearerToken middleware invoked {"path":"/api/v2/creator/profile","method":"GET","has_auth_header":true,"auth_header_preview":"Bearer 168|i1Pfn62igXMWcFgvLcI...","is_bearer":true} 
[2026-05-16 13:38:59] local.INFO: Extracted bearer token {"token_preview":"168|i1Pfn6...","token_length":52} 
[2026-05-16 13:38:59] local.INFO: Found personal access token {"token_id":168,"user_id":68,"revoked":null} 
[2026-05-16 13:38:59] local.INFO: User authenticated via bearer token {"user_id":68,"user_email":"freelancerzahedcreator@gmail.com"} 
[2026-05-16 13:39:29] local.INFO: ParseBearerToken middleware invoked {"path":"/api/v2/creator/profile","method":"GET","has_auth_header":true,"auth_header_preview":"Bearer 168|i1Pfn62igXMWcFgvLcI...","is_bearer":true} 
[2026-05-16 13:39:29] local.INFO: Extracted bearer token {"token_preview":"168|i1Pfn6...","token_length":52} 
[2026-05-16 13:39:29] local.INFO: Found personal access token {"token_id":168,"user_id":68,"revoked":null} 
[2026-05-16 13:39:29] local.INFO: User authenticated via bearer token {"user_id":68,"user_email":"freelancerzahedcreator@gmail.com"} 
[2026-05-16 13:39:59] local.INFO: ParseBearerToken middleware invoked {"path":"/api/v2/creator/profile","method":"GET","has_auth_header":true,"auth_header_preview":"Bearer 168|i1Pfn62igXMWcFgvLcI...","is_bearer":true} 
[2026-05-16 13:39:59] local.INFO: Extracted bearer token {"token_preview":"168|i1Pfn6...","token_length":52} 
[2026-05-16 13:39:59] local.INFO: Found personal access token {"token_id":168,"user_id":68,"revoked":null} 
[2026-05-16 13:39:59] local.INFO: User authenticated via bearer token {"user_id":68,"user_email":"freelancerzahedcreator@gmail.com"} 
[2026-05-16 13:40:29] local.INFO: ParseBearerToken middleware invoked {"path":"/api/v2/creator/profile","method":"GET","has_auth_header":true,"auth_header_preview":"Bearer 168|i1Pfn62igXMWcFgvLcI...","is_bearer":true} 
[2026-05-16 13:40:29] local.INFO: Extracted bearer token {"token_preview":"168|i1Pfn6...","token_length":52} 
[2026-05-16 13:40:29] local.INFO: Found personal access token {"token_id":168,"user_id":68,"revoked":null} 
[2026-05-16 13:40:29] local.INFO: User authenticated via bearer token {"user_id":68,"user_email":"freelancerzahedcreator@gmail.com"} 
[2026-05-16 13:40:59] local.INFO: ParseBearerToken middleware invoked {"path":"/api/v2/creator/profile","method":"GET","has_auth_header":true,"auth_header_preview":"Bearer 168|i1Pfn62igXMWcFgvLcI...","is_bearer":true} 
[2026-05-16 13:40:59] local.INFO: Extracted bearer token {"token_preview":"168|i1Pfn6...","token_length":52} 
[2026-05-16 13:40:59] local.INFO: Found personal access token {"token_id":168,"user_id":68,"revoked":null} 
[2026-05-16 13:40:59] local.INFO: User authenticated via bearer token {"user_id":68,"user_email":"freelancerzahedcreator@gmail.com"} 
[2026-05-16 13:41:29] local.INFO: ParseBearerToken middleware invoked {"path":"/api/v2/creator/profile","method":"GET","has_auth_header":true,"auth_header_preview":"Bearer 168|i1Pfn62igXMWcFgvLcI...","is_bearer":true} 
[2026-05-16 13:41:29] local.INFO: Extracted bearer token {"token_preview":"168|i1Pfn6...","token_length":52} 
[2026-05-16 13:41:29] local.INFO: Found personal access token {"token_id":168,"user_id":68,"revoked":null} 
[2026-05-16 13:41:29] local.INFO: User authenticated via bearer token {"user_id":68,"user_email":"freelancerzahedcreator@gmail.com"} 
[2026-05-16 13:41:59] local.INFO: ParseBearerToken middleware invoked {"path":"/api/v2/creator/profile","method":"GET","has_auth_header":true,"auth_header_preview":"Bearer 168|i1Pfn62igXMWcFgvLcI...","is_bearer":true} 
[2026-05-16 13:41:59] local.INFO: Extracted bearer token {"token_preview":"168|i1Pfn6...","token_length":52} 
[2026-05-16 13:41:59] local.INFO: Found personal access token {"token_id":168,"user_id":68,"revoked":null} 
[2026-05-16 13:41:59] local.INFO: User authenticated via bearer token {"user_id":68,"user_email":"freelancerzahedcreator@gmail.com"} 
[2026-05-16 13:42:29] local.INFO: ParseBearerToken middleware invoked {"path":"/api/v2/creator/profile","method":"GET","has_auth_header":true,"auth_header_preview":"Bearer 168|i1Pfn62igXMWcFgvLcI...","is_bearer":true} 
[2026-05-16 13:42:29] local.INFO: Extracted bearer token {"token_preview":"168|i1Pfn6...","token_length":52} 
[2026-05-16 13:42:29] local.INFO: Found personal access token {"token_id":168,"user_id":68,"revoked":null} 
[2026-05-16 13:42:29] local.INFO: User authenticated via bearer token {"user_id":68,"user_email":"freelancerzahedcreator@gmail.com"} 
[2026-05-16 13:42:59] local.INFO: ParseBearerToken middleware invoked {"path":"/api/v2/creator/profile","method":"GET","has_auth_header":true,"auth_header_preview":"Bearer 168|i1Pfn62igXMWcFgvLcI...","is_bearer":true} 
[2026-05-16 13:42:59] local.INFO: Extracted bearer token {"token_preview":"168|i1Pfn6...","token_length":52} 
[2026-05-16 13:42:59] local.INFO: Found personal access token {"token_id":168,"user_id":68,"revoked":null} 
[2026-05-16 13:42:59] local.INFO: User authenticated via bearer token {"user_id":68,"user_email":"freelancerzahedcreator@gmail.com"} 
[2026-05-16 13:43:29] local.INFO: ParseBearerToken middleware invoked {"path":"/api/v2/creator/profile","method":"GET","has_auth_header":true,"auth_header_preview":"Bearer 168|i1Pfn62igXMWcFgvLcI...","is_bearer":true} 
[2026-05-16 13:43:29] local.INFO: Extracted bearer token {"token_preview":"168|i1Pfn6...","token_length":52} 
[2026-05-16 13:43:29] local.INFO: Found personal access token {"token_id":168,"user_id":68,"revoked":null} 
[2026-05-16 13:43:29] local.INFO: User authenticated via bearer token {"user_id":68,"user_email":"freelancerzahedcreator@gmail.com"} 
[2026-05-16 13:43:59] local.INFO: ParseBearerToken middleware invoked {"path":"/api/v2/creator/profile","method":"GET","has_auth_header":true,"auth_header_preview":"Bearer 168|i1Pfn62igXMWcFgvLcI...","is_bearer":true} 
[2026-05-16 13:43:59] local.INFO: Extracted bearer token {"token_preview":"168|i1Pfn6...","token_length":52} 
[2026-05-16 13:43:59] local.INFO: Found personal access token {"token_id":168,"user_id":68,"revoked":null} 
[2026-05-16 13:43:59] local.INFO: User authenticated via bearer token {"user_id":68,"user_email":"freelancerzahedcreator@gmail.com"} 
[2026-05-16 13:44:29] local.INFO: ParseBearerToken middleware invoked {"path":"/api/v2/creator/profile","method":"GET","has_auth_header":true,"auth_header_preview":"Bearer 168|i1Pfn62igXMWcFgvLcI...","is_bearer":true} 
[2026-05-16 13:44:29] local.INFO: Extracted bearer token {"token_preview":"168|i1Pfn6...","token_length":52} 
[2026-05-16 13:44:29] local.INFO: Found personal access token {"token_id":168,"user_id":68,"revoked":null} 
[2026-05-16 13:44:29] local.INFO: User authenticated via bearer token {"user_id":68,"user_email":"freelancerzahedcreator@gmail.com"} 
[2026-05-16 13:44:59] local.INFO: ParseBearerToken middleware invoked {"path":"/api/v2/creator/profile","method":"GET","has_auth_header":true,"auth_header_preview":"Bearer 168|i1Pfn62igXMWcFgvLcI...","is_bearer":true} 
[2026-05-16 13:44:59] local.INFO: Extracted bearer token {"token_preview":"168|i1Pfn6...","token_length":52} 
[2026-05-16 13:44:59] local.INFO: Found personal access token {"token_id":168,"user_id":68,"revoked":null} 
[2026-05-16 13:44:59] local.INFO: User authenticated via bearer token {"user_id":68,"user_email":"freelancerzahedcreator@gmail.com"} 
[2026-05-16 13:45:29] local.INFO: ParseBearerToken middleware invoked {"path":"/api/v2/creator/profile","method":"GET","has_auth_header":true,"auth_header_preview":"Bearer 168|i1Pfn62igXMWcFgvLcI...","is_bearer":true} 
[2026-05-16 13:45:29] local.INFO: Extracted bearer token {"token_preview":"168|i1Pfn6...","token_length":52} 
[2026-05-16 13:45:29] local.INFO: Found personal access token {"token_id":168,"user_id":68,"revoked":null} 
[2026-05-16 13:45:29] local.INFO: User authenticated via bearer token {"user_id":68,"user_email":"freelancerzahedcreator@gmail.com"} 
[2026-05-16 13:45:59] local.INFO: ParseBearerToken middleware invoked {"path":"/api/v2/creator/profile","method":"GET","has_auth_header":true,"auth_header_preview":"Bearer 168|i1Pfn62igXMWcFgvLcI...","is_bearer":true} 
[2026-05-16 13:45:59] local.INFO: Extracted bearer token {"token_preview":"168|i1Pfn6...","token_length":52} 
[2026-05-16 13:45:59] local.INFO: Found personal access token {"token_id":168,"user_id":68,"revoked":null} 
[2026-05-16 13:45:59] local.INFO: User authenticated via bearer token {"user_id":68,"user_email":"freelancerzahedcreator@gmail.com"} 
[2026-05-16 13:46:29] local.INFO: ParseBearerToken middleware invoked {"path":"/api/v2/creator/profile","method":"GET","has_auth_header":true,"auth_header_preview":"Bearer 168|i1Pfn62igXMWcFgvLcI...","is_bearer":true} 
[2026-05-16 13:46:29] local.INFO: Extracted bearer token {"token_preview":"168|i1Pfn6...","token_length":52} 
[2026-05-16 13:46:29] local.INFO: Found personal access token {"token_id":168,"user_id":68,"revoked":null} 
[2026-05-16 13:46:29] local.INFO: User authenticated via bearer token {"user_id":68,"user_email":"freelancerzahedcreator@gmail.com"} 
[2026-05-16 13:46:59] local.INFO: ParseBearerToken middleware invoked {"path":"/api/v2/creator/profile","method":"GET","has_auth_header":true,"auth_header_preview":"Bearer 168|i1Pfn62igXMWcFgvLcI...","is_bearer":true} 
[2026-05-16 13:46:59] local.INFO: Extracted bearer token {"token_preview":"168|i1Pfn6...","token_length":52} 
[2026-05-16 13:46:59] local.INFO: Found personal access token {"token_id":168,"user_id":68,"revoked":null} 
[2026-05-16 13:46:59] local.INFO: User authenticated via bearer token {"user_id":68,"user_email":"freelancerzahedcreator@gmail.com"} 
[2026-05-16 13:47:29] local.INFO: ParseBearerToken middleware invoked {"path":"/api/v2/creator/profile","method":"GET","has_auth_header":true,"auth_header_preview":"Bearer 168|i1Pfn62igXMWcFgvLcI...","is_bearer":true} 
[2026-05-16 13:47:29] local.INFO: Extracted bearer token {"token_preview":"168|i1Pfn6...","token_length":52} 
[2026-05-16 13:47:29] local.INFO: Found personal access token {"token_id":168,"user_id":68,"revoked":null} 
[2026-05-16 13:47:29] local.INFO: User authenticated via bearer token {"user_id":68,"user_email":"freelancerzahedcreator@gmail.com"} 
[2026-05-16 13:47:59] local.INFO: ParseBearerToken middleware invoked {"path":"/api/v2/creator/profile","method":"GET","has_auth_header":true,"auth_header_preview":"Bearer 168|i1Pfn62igXMWcFgvLcI...","is_bearer":true} 
[2026-05-16 13:47:59] local.INFO: Extracted bearer token {"token_preview":"168|i1Pfn6...","token_length":52} 
[2026-05-16 13:47:59] local.INFO: Found personal access token {"token_id":168,"user_id":68,"revoked":null} 
[2026-05-16 13:47:59] local.INFO: User authenticated via bearer token {"user_id":68,"user_email":"freelancerzahedcreator@gmail.com"} 
[2026-05-16 13:48:29] local.INFO: ParseBearerToken middleware invoked {"path":"/api/v2/creator/profile","method":"GET","has_auth_header":true,"auth_header_preview":"Bearer 168|i1Pfn62igXMWcFgvLcI...","is_bearer":true} 
[2026-05-16 13:48:29] local.INFO: Extracted bearer token {"token_preview":"168|i1Pfn6...","token_length":52} 
[2026-05-16 13:48:29] local.INFO: Found personal access token {"token_id":168,"user_id":68,"revoked":null} 
[2026-05-16 13:48:29] local.INFO: User authenticated via bearer token {"user_id":68,"user_email":"freelancerzahedcreator@gmail.com"} 
[2026-05-16 13:48:59] local.INFO: ParseBearerToken middleware invoked {"path":"/api/v2/creator/profile","method":"GET","has_auth_header":true,"auth_header_preview":"Bearer 168|i1Pfn62igXMWcFgvLcI...","is_bearer":true} 
[2026-05-16 13:48:59] local.INFO: Extracted bearer token {"token_preview":"168|i1Pfn6...","token_length":52} 
[2026-05-16 13:48:59] local.INFO: Found personal access token {"token_id":168,"user_id":68,"revoked":null} 
[2026-05-16 13:48:59] local.INFO: User authenticated via bearer token {"user_id":68,"user_email":"freelancerzahedcreator@gmail.com"} 
[2026-05-16 13:49:29] local.INFO: ParseBearerToken middleware invoked {"path":"/api/v2/creator/profile","method":"GET","has_auth_header":true,"auth_header_preview":"Bearer 168|i1Pfn62igXMWcFgvLcI...","is_bearer":true} 
[2026-05-16 13:49:29] local.INFO: Extracted bearer token {"token_preview":"168|i1Pfn6...","token_length":52} 
[2026-05-16 13:49:29] local.INFO: Found personal access token {"token_id":168,"user_id":68,"revoked":null} 
[2026-05-16 13:49:29] local.INFO: User authenticated via bearer token {"user_id":68,"user_email":"freelancerzahedcreator@gmail.com"} 
[2026-05-16 14:05:24] local.ERROR: Invalid route action: [updateUserProfile]. {"exception":"[object] (UnexpectedValueException(code: 0): Invalid route action: [updateUserProfile]. at D:\\laragon\\www\\mirrormefashion\\vendor\\laravel\\framework\\src\\Illuminate\\Routing\\RouteAction.php:92)
[stacktrace]
#0 D:\\laragon\\www\\mirrormefashion\\vendor\\laravel\\framework\\src\\Illuminate\\Routing\\RouteAction.php(47): Illuminate\\Routing\\RouteAction::makeInvokable('updateUserProfi...')
#1 D:\\laragon\\www\\mirrormefashion\\vendor\\laravel\\framework\\src\\Illuminate\\Routing\\Route.php(191): Illuminate\\Routing\\RouteAction::parse('api/v2/auth/use...', Array)
#2 D:\\laragon\\www\\mirrormefashion\\vendor\\laravel\\framework\\src\\Illuminate\\Routing\\Route.php(172): Illuminate\\Routing\\Route->parseAction(Array)
#3 D:\\laragon\\www\\mirrormefashion\\vendor\\laravel\\framework\\src\\Illuminate\\Routing\\Router.php(669): Illuminate\\Routing\\Route->__construct('PUT', 'api/v2/auth/use...', Array)
#4 D:\\laragon\\www\\mirrormefashion\\vendor\\laravel\\framework\\src\\Illuminate\\Routing\\Router.php(561): Illuminate\\Routing\\Router->newRoute('PUT', 'api/v2/auth/use...', Array)
#5 D:\\laragon\\www\\mirrormefashion\\vendor\\laravel\\framework\\src\\Illuminate\\Routing\\Router.php(541): Illuminate\\Routing\\Router->createRoute('PUT', 'user/profile', Array)
#6 D:\\laragon\\www\\mirrormefashion\\vendor\\laravel\\framework\\src\\Illuminate\\Routing\\Router.php(183): Illuminate\\Routing\\Router->addRoute('PUT', 'user/profile', 'updateUserProfi...')
#7 D:\\laragon\\www\\mirrormefashion\\vendor\\laravel\\framework\\src\\Illuminate\\Support\\Facades\\Facade.php(355): Illuminate\\Routing\\Router->put('user/profile', 'updateUserProfi...')
#8 D:\\laragon\\www\\mirrormefashion\\routes\\api.php(107): Illuminate\\Support\\Facades\\Facade::__callStatic('put', Array)
#9 D:\\laragon\\www\\mirrormefashion\\vendor\\laravel\\framework\\src\\Illuminate\\Routing\\Router.php(509): Illuminate\\Routing\\RouteFileRegistrar->App\\Http\\Controllers\\Api\\V2\\{closure}(Object(Illuminate\\Routing\\Router))
#10 D:\\laragon\\www\\mirrormefashion\\vendor\\laravel\\framework\\src\\Illuminate\\Routing\\Router.php(465): Illuminate\\Routing\\Router->loadRoutes(Object(Closure))
#11 D:\\laragon\\www\\mirrormefashion\\vendor\\laravel\\framework\\src\\Illuminate\\Routing\\RouteRegistrar.php(194): Illuminate\\Routing\\Router->group(Array, Object(Closure))
#12 D:\\laragon\\www\\mirrormefashion\\routes\\api.php(83): Illuminate\\Routing\\RouteRegistrar->group(Object(Closure))
#13 D:\\laragon\\www\\mirrormefashion\\vendor\\laravel\\framework\\src\\Illuminate\\Routing\\Router.php(509): Illuminate\\Routing\\RouteFileRegistrar->App\\Http\\Controllers\\Api\\V2\\{closure}(Object(Illuminate\\Routing\\Router))
#14 D:\\laragon\\www\\mirrormefashion\\vendor\\laravel\\framework\\src\\Illuminate\\Routing\\Router.php(465): Illuminate\\Routing\\Router->loadRoutes(Object(Closure))
#15 D:\\laragon\\www\\mirrormefashion\\vendor\\laravel\\framework\\src\\Illuminate\\Support\\Facades\\Facade.php(355): Illuminate\\Routing\\Router->group(Array, Object(Closure))
#16 D:\\laragon\\www\\mirrormefashion\\routes\\api.php(62): Illuminate\\Support\\Facades\\Facade::__callStatic('group', Array)
#17 D:\\laragon\\www\\mirrormefashion\\vendor\\laravel\\framework\\src\\Illuminate\\Routing\\RouteFileRegistrar.php(35): require('D:\\\\laragon\\\\www\\\\...')
#18 D:\\laragon\\www\\mirrormefashion\\vendor\\laravel\\framework\\src\\Illuminate\\Routing\\Router.php(511): Illuminate\\Routing\\RouteFileRegistrar->register('D:\\\\laragon\\\\www\\\\...')
#19 D:\\laragon\\www\\mirrormefashion\\vendor\\laravel\\framework\\src\\Illuminate\\Routing\\Router.php(465): Illuminate\\Routing\\Router->loadRoutes('D:\\\\laragon\\\\www\\\\...')
#20 D:\\laragon\\www\\mirrormefashion\\vendor\\laravel\\framework\\src\\Illuminate\\Routing\\RouteRegistrar.php(194): Illuminate\\Routing\\Router->group(Array, 'D:\\\\laragon\\\\www\\\\...')
#21 D:\\laragon\\www\\mirrormefashion\\app\\Providers\\RouteServiceProvider.php(348): Illuminate\\Routing\\RouteRegistrar->group('D:\\\\laragon\\\\www\\\\...')
#22 D:\\laragon\\www\\mirrormefashion\\app\\Providers\\RouteServiceProvider.php(43): App\\Providers\\RouteServiceProvider->mapApiRoutes()
#23 D:\\laragon\\www\\mirrormefashion\\vendor\\laravel\\framework\\src\\Illuminate\\Container\\BoundMethod.php(36): App\\Providers\\RouteServiceProvider->map()
#24 D:\\laragon\\www\\mirrormefashion\\vendor\\laravel\\framework\\src\\Illuminate\\Container\\Util.php(41): Illuminate\\Container\\BoundMethod::Illuminate\\Container\\{closure}()
#25 D:\\laragon\\www\\mirrormefashion\\vendor\\laravel\\framework\\src\\Illuminate\\Container\\BoundMethod.php(93): Illuminate\\Container\\Util::unwrapIfClosure(Object(Closure))
#26 D:\\laragon\\www\\mirrormefashion\\vendor\\laravel\\framework\\src\\Illuminate\\Container\\BoundMethod.php(35): Illuminate\\Container\\BoundMethod::callBoundMethod(Object(Illuminate\\Foundation\\Application), Array, Object(Closure))
#27 D:\\laragon\\www\\mirrormefashion\\vendor\\laravel\\framework\\src\\Illuminate\\Container\\Container.php(662): Illuminate\\Container\\BoundMethod::call(Object(Illuminate\\Foundation\\Application), Array, Array, NULL)
#28 D:\\laragon\\www\\mirrormefashion\\vendor\\laravel\\framework\\src\\Illuminate\\Foundation\\Support\\Providers\\RouteServiceProvider.php(122): Illuminate\\Container\\Container->call(Array)
#29 D:\\laragon\\www\\mirrormefashion\\vendor\\laravel\\framework\\src\\Illuminate\\Foundation\\Support\\Providers\\RouteServiceProvider.php(45): Illuminate\\Foundation\\Support\\Providers\\RouteServiceProvider->loadRoutes()
#30 D:\\laragon\\www\\mirrormefashion\\vendor\\laravel\\framework\\src\\Illuminate\\Container\\BoundMethod.php(36): Illuminate\\Foundation\\Support\\Providers\\RouteServiceProvider->Illuminate\\Foundation\\Support\\Providers\\{closure}()
#31 D:\\laragon\\www\\mirrormefashion\\vendor\\laravel\\framework\\src\\Illuminate\\Container\\Util.php(41): Illuminate\\Container\\BoundMethod::Illuminate\\Container\\{closure}()
#32 D:\\laragon\\www\\mirrormefashion\\vendor\\laravel\\framework\\src\\Illuminate\\Container\\BoundMethod.php(81): Illuminate\\Container\\Util::unwrapIfClosure(Object(Closure))
#33 D:\\laragon\\www\\mirrormefashion\\vendor\\laravel\\framework\\src\\Illuminate\\Container\\BoundMethod.php(35): Illuminate\\Container\\BoundMethod::callBoundMethod(Object(Illuminate\\Foundation\\Application), Object(Closure), Object(Closure))
#34 D:\\laragon\\www\\mirrormefashion\\vendor\\laravel\\framework\\src\\Illuminate\\Container\\Container.php(662): Illuminate\\Container\\BoundMethod::call(Object(Illuminate\\Foundation\\Application), Object(Closure), Array, NULL)
#35 D:\\laragon\\www\\mirrormefashion\\vendor\\laravel\\framework\\src\\Illuminate\\Support\\ServiceProvider.php(119): Illuminate\\Container\\Container->call(Object(Closure))
#36 D:\\laragon\\www\\mirrormefashion\\vendor\\laravel\\framework\\src\\Illuminate\\Foundation\\Application.php(1039): Illuminate\\Support\\ServiceProvider->callBootedCallbacks()
#37 D:\\laragon\\www\\mirrormefashion\\vendor\\laravel\\framework\\src\\Illuminate\\Foundation\\Application.php(1017): Illuminate\\Foundation\\Application->bootProvider(Object(App\\Providers\\RouteServiceProvider))
#38 [internal function]: Illuminate\\Foundation\\Application->Illuminate\\Foundation\\{closure}(Object(App\\Providers\\RouteServiceProvider), 42)
#39 D:\\laragon\\www\\mirrormefashion\\vendor\\laravel\\framework\\src\\Illuminate\\Foundation\\Application.php(1016): array_walk(Array, Object(Closure))
#40 D:\\laragon\\www\\mirrormefashion\\vendor\\laravel\\framework\\src\\Illuminate\\Foundation\\Bootstrap\\BootProviders.php(17): Illuminate\\Foundation\\Application->boot()
#41 D:\\laragon\\www\\mirrormefashion\\vendor\\laravel\\framework\\src\\Illuminate\\Foundation\\Application.php(263): Illuminate\\Foundation\\Bootstrap\\BootProviders->bootstrap(Object(Illuminate\\Foundation\\Application))
#42 D:\\laragon\\www\\mirrormefashion\\vendor\\laravel\\framework\\src\\Illuminate\\Foundation\\Http\\Kernel.php(186): Illuminate\\Foundation\\Application->bootstrapWith(Array)
#43 D:\\laragon\\www\\mirrormefashion\\vendor\\laravel\\framework\\src\\Illuminate\\Foundation\\Http\\Kernel.php(170): Illuminate\\Foundation\\Http\\Kernel->bootstrap()
#44 D:\\laragon\\www\\mirrormefashion\\vendor\\laravel\\framework\\src\\Illuminate\\Foundation\\Http\\Kernel.php(144): Illuminate\\Foundation\\Http\\Kernel->sendRequestThroughRouter(Object(Illuminate\\Http\\Request))
#45 D:\\laragon\\www\\mirrormefashion\\index.php(56): Illuminate\\Foundation\\Http\\Kernel->handle(Object(Illuminate\\Http\\Request))
#46 {main}
"} 
[2026-05-16 14:05:30] local.ERROR: Invalid route action: [updateUserProfile]. {"exception":"[object] (UnexpectedValueException(code: 0): Invalid route action: [updateUserProfile]. at D:\\laragon\\www\\mirrormefashion\\vendor\\laravel\\framework\\src\\Illuminate\\Routing\\RouteAction.php:92)
[stacktrace]
#0 D:\\laragon\\www\\mirrormefashion\\vendor\\laravel\\framework\\src\\Illuminate\\Routing\\RouteAction.php(47): Illuminate\\Routing\\RouteAction::makeInvokable('updateUserProfi...')
#1 D:\\laragon\\www\\mirrormefashion\\vendor\\laravel\\framework\\src\\Illuminate\\Routing\\Route.php(191): Illuminate\\Routing\\RouteAction::parse('api/v2/auth/use...', Array)
#2 D:\\laragon\\www\\mirrormefashion\\vendor\\laravel\\framework\\src\\Illuminate\\Routing\\Route.php(172): Illuminate\\Routing\\Route->parseAction(Array)
#3 D:\\laragon\\www\\mirrormefashion\\vendor\\laravel\\framework\\src\\Illuminate\\Routing\\Router.php(669): Illuminate\\Routing\\Route->__construct('PUT', 'api/v2/auth/use...', Array)
#4 D:\\laragon\\www\\mirrormefashion\\vendor\\laravel\\framework\\src\\Illuminate\\Routing\\Router.php(561): Illuminate\\Routing\\Router->newRoute('PUT', 'api/v2/auth/use...', Array)
#5 D:\\laragon\\www\\mirrormefashion\\vendor\\laravel\\framework\\src\\Illuminate\\Routing\\Router.php(541): Illuminate\\Routing\\Router->createRoute('PUT', 'user/profile', Array)
#6 D:\\laragon\\www\\mirrormefashion\\vendor\\laravel\\framework\\src\\Illuminate\\Routing\\Router.php(183): Illuminate\\Routing\\Router->addRoute('PUT', 'user/profile', 'updateUserProfi...')
#7 D:\\laragon\\www\\mirrormefashion\\vendor\\laravel\\framework\\src\\Illuminate\\Support\\Facades\\Facade.php(355): Illuminate\\Routing\\Router->put('user/profile', 'updateUserProfi...')
#8 D:\\laragon\\www\\mirrormefashion\\routes\\api.php(107): Illuminate\\Support\\Facades\\Facade::__callStatic('put', Array)
#9 D:\\laragon\\www\\mirrormefashion\\vendor\\laravel\\framework\\src\\Illuminate\\Routing\\Router.php(509): Illuminate\\Routing\\RouteFileRegistrar->App\\Http\\Controllers\\Api\\V2\\{closure}(Object(Illuminate\\Routing\\Router))
#10 D:\\laragon\\www\\mirrormefashion\\vendor\\laravel\\framework\\src\\Illuminate\\Routing\\Router.php(465): Illuminate\\Routing\\Router->loadRoutes(Object(Closure))
#11 D:\\laragon\\www\\mirrormefashion\\vendor\\laravel\\framework\\src\\Illuminate\\Routing\\RouteRegistrar.php(194): Illuminate\\Routing\\Router->group(Array, Object(Closure))
#12 D:\\laragon\\www\\mirrormefashion\\routes\\api.php(83): Illuminate\\Routing\\RouteRegistrar->group(Object(Closure))
#13 D:\\laragon\\www\\mirrormefashion\\vendor\\laravel\\framework\\src\\Illuminate\\Routing\\Router.php(509): Illuminate\\Routing\\RouteFileRegistrar->App\\Http\\Controllers\\Api\\V2\\{closure}(Object(Illuminate\\Routing\\Router))
#14 D:\\laragon\\www\\mirrormefashion\\vendor\\laravel\\framework\\src\\Illuminate\\Routing\\Router.php(465): Illuminate\\Routing\\Router->loadRoutes(Object(Closure))
#15 D:\\laragon\\www\\mirrormefashion\\vendor\\laravel\\framework\\src\\Illuminate\\Support\\Facades\\Facade.php(355): Illuminate\\Routing\\Router->group(Array, Object(Closure))
#16 D:\\laragon\\www\\mirrormefashion\\routes\\api.php(62): Illuminate\\Support\\Facades\\Facade::__callStatic('group', Array)
#17 D:\\laragon\\www\\mirrormefashion\\vendor\\laravel\\framework\\src\\Illuminate\\Routing\\RouteFileRegistrar.php(35): require('D:\\\\laragon\\\\www\\\\...')
#18 D:\\laragon\\www\\mirrormefashion\\vendor\\laravel\\framework\\src\\Illuminate\\Routing\\Router.php(511): Illuminate\\Routing\\RouteFileRegistrar->register('D:\\\\laragon\\\\www\\\\...')
#19 D:\\laragon\\www\\mirrormefashion\\vendor\\laravel\\framework\\src\\Illuminate\\Routing\\Router.php(465): Illuminate\\Routing\\Router->loadRoutes('D:\\\\laragon\\\\www\\\\...')
#20 D:\\laragon\\www\\mirrormefashion\\vendor\\laravel\\framework\\src\\Illuminate\\Routing\\RouteRegistrar.php(194): Illuminate\\Routing\\Router->group(Array, 'D:\\\\laragon\\\\www\\\\...')
#21 D:\\laragon\\www\\mirrormefashion\\app\\Providers\\RouteServiceProvider.php(348): Illuminate\\Routing\\RouteRegistrar->group('D:\\\\laragon\\\\www\\\\...')
#22 D:\\laragon\\www\\mirrormefashion\\app\\Providers\\RouteServiceProvider.php(43): App\\Providers\\RouteServiceProvider->mapApiRoutes()
#23 D:\\laragon\\www\\mirrormefashion\\vendor\\laravel\\framework\\src\\Illuminate\\Container\\BoundMethod.php(36): App\\Providers\\RouteServiceProvider->map()
#24 D:\\laragon\\www\\mirrormefashion\\vendor\\laravel\\framework\\src\\Illuminate\\Container\\Util.php(41): Illuminate\\Container\\BoundMethod::Illuminate\\Container\\{closure}()
#25 D:\\laragon\\www\\mirrormefashion\\vendor\\laravel\\framework\\src\\Illuminate\\Container\\BoundMethod.php(93): Illuminate\\Container\\Util::unwrapIfClosure(Object(Closure))
#26 D:\\laragon\\www\\mirrormefashion\\vendor\\laravel\\framework\\src\\Illuminate\\Container\\BoundMethod.php(35): Illuminate\\Container\\BoundMethod::callBoundMethod(Object(Illuminate\\Foundation\\Application), Array, Object(Closure))
#27 D:\\laragon\\www\\mirrormefashion\\vendor\\laravel\\framework\\src\\Illuminate\\Container\\Container.php(662): Illuminate\\Container\\BoundMethod::call(Object(Illuminate\\Foundation\\Application), Array, Array, NULL)
#28 D:\\laragon\\www\\mirrormefashion\\vendor\\laravel\\framework\\src\\Illuminate\\Foundation\\Support\\Providers\\RouteServiceProvider.php(122): Illuminate\\Container\\Container->call(Array)
#29 D:\\laragon\\www\\mirrormefashion\\vendor\\laravel\\framework\\src\\Illuminate\\Foundation\\Support\\Providers\\RouteServiceProvider.php(45): Illuminate\\Foundation\\Support\\Providers\\RouteServiceProvider->loadRoutes()
#30 D:\\laragon\\www\\mirrormefashion\\vendor\\laravel\\framework\\src\\Illuminate\\Container\\BoundMethod.php(36): Illuminate\\Foundation\\Support\\Providers\\RouteServiceProvider->Illuminate\\Foundation\\Support\\Providers\\{closure}()
#31 D:\\laragon\\www\\mirrormefashion\\vendor\\laravel\\framework\\src\\Illuminate\\Container\\Util.php(41): Illuminate\\Container\\BoundMethod::Illuminate\\Container\\{closure}()
#32 D:\\laragon\\www\\mirrormefashion\\vendor\\laravel\\framework\\src\\Illuminate\\Container\\BoundMethod.php(81): Illuminate\\Container\\Util::unwrapIfClosure(Object(Closure))
#33 D:\\laragon\\www\\mirrormefashion\\vendor\\laravel\\framework\\src\\Illuminate\\Container\\BoundMethod.php(35): Illuminate\\Container\\BoundMethod::callBoundMethod(Object(Illuminate\\Foundation\\Application), Object(Closure), Object(Closure))
#34 D:\\laragon\\www\\mirrormefashion\\vendor\\laravel\\framework\\src\\Illuminate\\Container\\Container.php(662): Illuminate\\Container\\BoundMethod::call(Object(Illuminate\\Foundation\\Application), Object(Closure), Array, NULL)
#35 D:\\laragon\\www\\mirrormefashion\\vendor\\laravel\\framework\\src\\Illuminate\\Support\\ServiceProvider.php(119): Illuminate\\Container\\Container->call(Object(Closure))
#36 D:\\laragon\\www\\mirrormefashion\\vendor\\laravel\\framework\\src\\Illuminate\\Foundation\\Application.php(1039): Illuminate\\Support\\ServiceProvider->callBootedCallbacks()
#37 D:\\laragon\\www\\mirrormefashion\\vendor\\laravel\\framework\\src\\Illuminate\\Foundation\\Application.php(1017): Illuminate\\Foundation\\Application->bootProvider(Object(App\\Providers\\RouteServiceProvider))
#38 [internal function]: Illuminate\\Foundation\\Application->Illuminate\\Foundation\\{closure}(Object(App\\Providers\\RouteServiceProvider), 42)
#39 D:\\laragon\\www\\mirrormefashion\\vendor\\laravel\\framework\\src\\Illuminate\\Foundation\\Application.php(1016): array_walk(Array, Object(Closure))
#40 D:\\laragon\\www\\mirrormefashion\\vendor\\laravel\\framework\\src\\Illuminate\\Foundation\\Bootstrap\\BootProviders.php(17): Illuminate\\Foundation\\Application->boot()
#41 D:\\laragon\\www\\mirrormefashion\\vendor\\laravel\\framework\\src\\Illuminate\\Foundation\\Application.php(263): Illuminate\\Foundation\\Bootstrap\\BootProviders->bootstrap(Object(Illuminate\\Foundation\\Application))
#42 D:\\laragon\\www\\mirrormefashion\\vendor\\laravel\\framework\\src\\Illuminate\\Foundation\\Http\\Kernel.php(186): Illuminate\\Foundation\\Application->bootstrapWith(Array)
#43 D:\\laragon\\www\\mirrormefashion\\vendor\\laravel\\framework\\src\\Illuminate\\Foundation\\Http\\Kernel.php(170): Illuminate\\Foundation\\Http\\Kernel->bootstrap()
#44 D:\\laragon\\www\\mirrormefashion\\vendor\\laravel\\framework\\src\\Illuminate\\Foundation\\Http\\Kernel.php(144): Illuminate\\Foundation\\Http\\Kernel->sendRequestThroughRouter(Object(Illuminate\\Http\\Request))
#45 D:\\laragon\\www\\mirrormefashion\\index.php(56): Illuminate\\Foundation\\Http\\Kernel->handle(Object(Illuminate\\Http\\Request))
#46 {main}
"} 
[2026-05-16 14:06:14] local.ERROR: Invalid route action: [updateUserProfile]. {"exception":"[object] (UnexpectedValueException(code: 0): Invalid route action: [updateUserProfile]. at D:\\laragon\\www\\mirrormefashion\\vendor\\laravel\\framework\\src\\Illuminate\\Routing\\RouteAction.php:92)
[stacktrace]
#0 D:\\laragon\\www\\mirrormefashion\\vendor\\laravel\\framework\\src\\Illuminate\\Routing\\RouteAction.php(47): Illuminate\\Routing\\RouteAction::makeInvokable('updateUserProfi...')
#1 D:\\laragon\\www\\mirrormefashion\\vendor\\laravel\\framework\\src\\Illuminate\\Routing\\Route.php(191): Illuminate\\Routing\\RouteAction::parse('api/v2/auth/use...', Array)
#2 D:\\laragon\\www\\mirrormefashion\\vendor\\laravel\\framework\\src\\Illuminate\\Routing\\Route.php(172): Illuminate\\Routing\\Route->parseAction(Array)
#3 D:\\laragon\\www\\mirrormefashion\\vendor\\laravel\\framework\\src\\Illuminate\\Routing\\Router.php(669): Illuminate\\Routing\\Route->__construct('PUT', 'api/v2/auth/use...', Array)
#4 D:\\laragon\\www\\mirrormefashion\\vendor\\laravel\\framework\\src\\Illuminate\\Routing\\Router.php(561): Illuminate\\Routing\\Router->newRoute('PUT', 'api/v2/auth/use...', Array)
#5 D:\\laragon\\www\\mirrormefashion\\vendor\\laravel\\framework\\src\\Illuminate\\Routing\\Router.php(541): Illuminate\\Routing\\Router->createRoute('PUT', 'user/profile', Array)
#6 D:\\laragon\\www\\mirrormefashion\\vendor\\laravel\\framework\\src\\Illuminate\\Routing\\Router.php(183): Illuminate\\Routing\\Router->addRoute('PUT', 'user/profile', 'updateUserProfi...')
#7 D:\\laragon\\www\\mirrormefashion\\vendor\\laravel\\framework\\src\\Illuminate\\Support\\Facades\\Facade.php(355): Illuminate\\Routing\\Router->put('user/profile', 'updateUserProfi...')
#8 D:\\laragon\\www\\mirrormefashion\\routes\\api.php(107): Illuminate\\Support\\Facades\\Facade::__callStatic('put', Array)
#9 D:\\laragon\\www\\mirrormefashion\\vendor\\laravel\\framework\\src\\Illuminate\\Routing\\Router.php(509): Illuminate\\Routing\\RouteFileRegistrar->App\\Http\\Controllers\\Api\\V2\\{closure}(Object(Illuminate\\Routing\\Router))
#10 D:\\laragon\\www\\mirrormefashion\\vendor\\laravel\\framework\\src\\Illuminate\\Routing\\Router.php(465): Illuminate\\Routing\\Router->loadRoutes(Object(Closure))
#11 D:\\laragon\\www\\mirrormefashion\\vendor\\laravel\\framework\\src\\Illuminate\\Routing\\RouteRegistrar.php(194): Illuminate\\Routing\\Router->group(Array, Object(Closure))
#12 D:\\laragon\\www\\mirrormefashion\\routes\\api.php(83): Illuminate\\Routing\\RouteRegistrar->group(Object(Closure))
#13 D:\\laragon\\www\\mirrormefashion\\vendor\\laravel\\framework\\src\\Illuminate\\Routing\\Router.php(509): Illuminate\\Routing\\RouteFileRegistrar->App\\Http\\Controllers\\Api\\V2\\{closure}(Object(Illuminate\\Routing\\Router))
#14 D:\\laragon\\www\\mirrormefashion\\vendor\\laravel\\framework\\src\\Illuminate\\Routing\\Router.php(465): Illuminate\\Routing\\Router->loadRoutes(Object(Closure))
#15 D:\\laragon\\www\\mirrormefashion\\vendor\\laravel\\framework\\src\\Illuminate\\Support\\Facades\\Facade.php(355): Illuminate\\Routing\\Router->group(Array, Object(Closure))
#16 D:\\laragon\\www\\mirrormefashion\\routes\\api.php(62): Illuminate\\Support\\Facades\\Facade::__callStatic('group', Array)
#17 D:\\laragon\\www\\mirrormefashion\\vendor\\laravel\\framework\\src\\Illuminate\\Routing\\RouteFileRegistrar.php(35): require('D:\\\\laragon\\\\www\\\\...')
#18 D:\\laragon\\www\\mirrormefashion\\vendor\\laravel\\framework\\src\\Illuminate\\Routing\\Router.php(511): Illuminate\\Routing\\RouteFileRegistrar->register('D:\\\\laragon\\\\www\\\\...')
#19 D:\\laragon\\www\\mirrormefashion\\vendor\\laravel\\framework\\src\\Illuminate\\Routing\\Router.php(465): Illuminate\\Routing\\Router->loadRoutes('D:\\\\laragon\\\\www\\\\...')
#20 D:\\laragon\\www\\mirrormefashion\\vendor\\laravel\\framework\\src\\Illuminate\\Routing\\RouteRegistrar.php(194): Illuminate\\Routing\\Router->group(Array, 'D:\\\\laragon\\\\www\\\\...')
#21 D:\\laragon\\www\\mirrormefashion\\app\\Providers\\RouteServiceProvider.php(348): Illuminate\\Routing\\RouteRegistrar->group('D:\\\\laragon\\\\www\\\\...')
#22 D:\\laragon\\www\\mirrormefashion\\app\\Providers\\RouteServiceProvider.php(43): App\\Providers\\RouteServiceProvider->mapApiRoutes()
#23 D:\\laragon\\www\\mirrormefashion\\vendor\\laravel\\framework\\src\\Illuminate\\Container\\BoundMethod.php(36): App\\Providers\\RouteServiceProvider->map()
#24 D:\\laragon\\www\\mirrormefashion\\vendor\\laravel\\framework\\src\\Illuminate\\Container\\Util.php(41): Illuminate\\Container\\BoundMethod::Illuminate\\Container\\{closure}()
#25 D:\\laragon\\www\\mirrormefashion\\vendor\\laravel\\framework\\src\\Illuminate\\Container\\BoundMethod.php(93): Illuminate\\Container\\Util::unwrapIfClosure(Object(Closure))
#26 D:\\laragon\\www\\mirrormefashion\\vendor\\laravel\\framework\\src\\Illuminate\\Container\\BoundMethod.php(35): Illuminate\\Container\\BoundMethod::callBoundMethod(Object(Illuminate\\Foundation\\Application), Array, Object(Closure))
#27 D:\\laragon\\www\\mirrormefashion\\vendor\\laravel\\framework\\src\\Illuminate\\Container\\Container.php(662): Illuminate\\Container\\BoundMethod::call(Object(Illuminate\\Foundation\\Application), Array, Array, NULL)
#28 D:\\laragon\\www\\mirrormefashion\\vendor\\laravel\\framework\\src\\Illuminate\\Foundation\\Support\\Providers\\RouteServiceProvider.php(122): Illuminate\\Container\\Container->call(Array)
#29 D:\\laragon\\www\\mirrormefashion\\vendor\\laravel\\framework\\src\\Illuminate\\Foundation\\Support\\Providers\\RouteServiceProvider.php(45): Illuminate\\Foundation\\Support\\Providers\\RouteServiceProvider->loadRoutes()
#30 D:\\laragon\\www\\mirrormefashion\\vendor\\laravel\\framework\\src\\Illuminate\\Container\\BoundMethod.php(36): Illuminate\\Foundation\\Support\\Providers\\RouteServiceProvider->Illuminate\\Foundation\\Support\\Providers\\{closure}()
#31 D:\\laragon\\www\\mirrormefashion\\vendor\\laravel\\framework\\src\\Illuminate\\Container\\Util.php(41): Illuminate\\Container\\BoundMethod::Illuminate\\Container\\{closure}()
#32 D:\\laragon\\www\\mirrormefashion\\vendor\\laravel\\framework\\src\\Illuminate\\Container\\BoundMethod.php(81): Illuminate\\Container\\Util::unwrapIfClosure(Object(Closure))
#33 D:\\laragon\\www\\mirrormefashion\\vendor\\laravel\\framework\\src\\Illuminate\\Container\\BoundMethod.php(35): Illuminate\\Container\\BoundMethod::callBoundMethod(Object(Illuminate\\Foundation\\Application), Object(Closure), Object(Closure))
#34 D:\\laragon\\www\\mirrormefashion\\vendor\\laravel\\framework\\src\\Illuminate\\Container\\Container.php(662): Illuminate\\Container\\BoundMethod::call(Object(Illuminate\\Foundation\\Application), Object(Closure), Array, NULL)
#35 D:\\laragon\\www\\mirrormefashion\\vendor\\laravel\\framework\\src\\Illuminate\\Support\\ServiceProvider.php(119): Illuminate\\Container\\Container->call(Object(Closure))
#36 D:\\laragon\\www\\mirrormefashion\\vendor\\laravel\\framework\\src\\Illuminate\\Foundation\\Application.php(1039): Illuminate\\Support\\ServiceProvider->callBootedCallbacks()
#37 D:\\laragon\\www\\mirrormefashion\\vendor\\laravel\\framework\\src\\Illuminate\\Foundation\\Application.php(1017): Illuminate\\Foundation\\Application->bootProvider(Object(App\\Providers\\RouteServiceProvider))
#38 [internal function]: Illuminate\\Foundation\\Application->Illuminate\\Foundation\\{closure}(Object(App\\Providers\\RouteServiceProvider), 42)
#39 D:\\laragon\\www\\mirrormefashion\\vendor\\laravel\\framework\\src\\Illuminate\\Foundation\\Application.php(1016): array_walk(Array, Object(Closure))
#40 D:\\laragon\\www\\mirrormefashion\\vendor\\laravel\\framework\\src\\Illuminate\\Foundation\\Bootstrap\\BootProviders.php(17): Illuminate\\Foundation\\Application->boot()
#41 D:\\laragon\\www\\mirrormefashion\\vendor\\laravel\\framework\\src\\Illuminate\\Foundation\\Application.php(263): Illuminate\\Foundation\\Bootstrap\\BootProviders->bootstrap(Object(Illuminate\\Foundation\\Application))
#42 D:\\laragon\\www\\mirrormefashion\\vendor\\laravel\\framework\\src\\Illuminate\\Foundation\\Http\\Kernel.php(186): Illuminate\\Foundation\\Application->bootstrapWith(Array)
#43 D:\\laragon\\www\\mirrormefashion\\vendor\\laravel\\framework\\src\\Illuminate\\Foundation\\Http\\Kernel.php(170): Illuminate\\Foundation\\Http\\Kernel->bootstrap()
#44 D:\\laragon\\www\\mirrormefashion\\vendor\\laravel\\framework\\src\\Illuminate\\Foundation\\Http\\Kernel.php(144): Illuminate\\Foundation\\Http\\Kernel->sendRequestThroughRouter(Object(Illuminate\\Http\\Request))
#45 D:\\laragon\\www\\mirrormefashion\\index.php(56): Illuminate\\Foundation\\Http\\Kernel->handle(Object(Illuminate\\Http\\Request))
#46 {main}
"} 
[2026-05-16 14:06:14] local.ERROR: Invalid route action: [updateUserProfile]. {"exception":"[object] (UnexpectedValueException(code: 0): Invalid route action: [updateUserProfile]. at D:\\laragon\\www\\mirrormefashion\\vendor\\laravel\\framework\\src\\Illuminate\\Routing\\RouteAction.php:92)
[stacktrace]
#0 D:\\laragon\\www\\mirrormefashion\\vendor\\laravel\\framework\\src\\Illuminate\\Routing\\RouteAction.php(47): Illuminate\\Routing\\RouteAction::makeInvokable('updateUserProfi...')
#1 D:\\laragon\\www\\mirrormefashion\\vendor\\laravel\\framework\\src\\Illuminate\\Routing\\Route.php(191): Illuminate\\Routing\\RouteAction::parse('api/v2/auth/use...', Array)
#2 D:\\laragon\\www\\mirrormefashion\\vendor\\laravel\\framework\\src\\Illuminate\\Routing\\Route.php(172): Illuminate\\Routing\\Route->parseAction(Array)
#3 D:\\laragon\\www\\mirrormefashion\\vendor\\laravel\\framework\\src\\Illuminate\\Routing\\Router.php(669): Illuminate\\Routing\\Route->__construct('PUT', 'api/v2/auth/use...', Array)
#4 D:\\laragon\\www\\mirrormefashion\\vendor\\laravel\\framework\\src\\Illuminate\\Routing\\Router.php(561): Illuminate\\Routing\\Router->newRoute('PUT', 'api/v2/auth/use...', Array)
#5 D:\\laragon\\www\\mirrormefashion\\vendor\\laravel\\framework\\src\\Illuminate\\Routing\\Router.php(541): Illuminate\\Routing\\Router->createRoute('PUT', 'user/profile', Array)
#6 D:\\laragon\\www\\mirrormefashion\\vendor\\laravel\\framework\\src\\Illuminate\\Routing\\Router.php(183): Illuminate\\Routing\\Router->addRoute('PUT', 'user/profile', 'updateUserProfi...')
#7 D:\\laragon\\www\\mirrormefashion\\vendor\\laravel\\framework\\src\\Illuminate\\Support\\Facades\\Facade.php(355): Illuminate\\Routing\\Router->put('user/profile', 'updateUserProfi...')
#8 D:\\laragon\\www\\mirrormefashion\\routes\\api.php(107): Illuminate\\Support\\Facades\\Facade::__callStatic('put', Array)
#9 D:\\laragon\\www\\mirrormefashion\\vendor\\laravel\\framework\\src\\Illuminate\\Routing\\Router.php(509): Illuminate\\Routing\\RouteFileRegistrar->App\\Http\\Controllers\\Api\\V2\\{closure}(Object(Illuminate\\Routing\\Router))
#10 D:\\laragon\\www\\mirrormefashion\\vendor\\laravel\\framework\\src\\Illuminate\\Routing\\Router.php(465): Illuminate\\Routing\\Router->loadRoutes(Object(Closure))
#11 D:\\laragon\\www\\mirrormefashion\\vendor\\laravel\\framework\\src\\Illuminate\\Routing\\RouteRegistrar.php(194): Illuminate\\Routing\\Router->group(Array, Object(Closure))
#12 D:\\laragon\\www\\mirrormefashion\\routes\\api.php(83): Illuminate\\Routing\\RouteRegistrar->group(Object(Closure))
#13 D:\\laragon\\www\\mirrormefashion\\vendor\\laravel\\framework\\src\\Illuminate\\Routing\\Router.php(509): Illuminate\\Routing\\RouteFileRegistrar->App\\Http\\Controllers\\Api\\V2\\{closure}(Object(Illuminate\\Routing\\Router))
#14 D:\\laragon\\www\\mirrormefashion\\vendor\\laravel\\framework\\src\\Illuminate\\Routing\\Router.php(465): Illuminate\\Routing\\Router->loadRoutes(Object(Closure))
#15 D:\\laragon\\www\\mirrormefashion\\vendor\\laravel\\framework\\src\\Illuminate\\Support\\Facades\\Facade.php(355): Illuminate\\Routing\\Router->group(Array, Object(Closure))
#16 D:\\laragon\\www\\mirrormefashion\\routes\\api.php(62): Illuminate\\Support\\Facades\\Facade::__callStatic('group', Array)
#17 D:\\laragon\\www\\mirrormefashion\\vendor\\laravel\\framework\\src\\Illuminate\\Routing\\RouteFileRegistrar.php(35): require('D:\\\\laragon\\\\www\\\\...')
#18 D:\\laragon\\www\\mirrormefashion\\vendor\\laravel\\framework\\src\\Illuminate\\Routing\\Router.php(511): Illuminate\\Routing\\RouteFileRegistrar->register('D:\\\\laragon\\\\www\\\\...')
#19 D:\\laragon\\www\\mirrormefashion\\vendor\\laravel\\framework\\src\\Illuminate\\Routing\\Router.php(465): Illuminate\\Routing\\Router->loadRoutes('D:\\\\laragon\\\\www\\\\...')
#20 D:\\laragon\\www\\mirrormefashion\\vendor\\laravel\\framework\\src\\Illuminate\\Routing\\RouteRegistrar.php(194): Illuminate\\Routing\\Router->group(Array, 'D:\\\\laragon\\\\www\\\\...')
#21 D:\\laragon\\www\\mirrormefashion\\app\\Providers\\RouteServiceProvider.php(348): Illuminate\\Routing\\RouteRegistrar->group('D:\\\\laragon\\\\www\\\\...')
#22 D:\\laragon\\www\\mirrormefashion\\app\\Providers\\RouteServiceProvider.php(43): App\\Providers\\RouteServiceProvider->mapApiRoutes()
#23 D:\\laragon\\www\\mirrormefashion\\vendor\\laravel\\framework\\src\\Illuminate\\Container\\BoundMethod.php(36): App\\Providers\\RouteServiceProvider->map()
#24 D:\\laragon\\www\\mirrormefashion\\vendor\\laravel\\framework\\src\\Illuminate\\Container\\Util.php(41): Illuminate\\Container\\BoundMethod::Illuminate\\Container\\{closure}()
#25 D:\\laragon\\www\\mirrormefashion\\vendor\\laravel\\framework\\src\\Illuminate\\Container\\BoundMethod.php(93): Illuminate\\Container\\Util::unwrapIfClosure(Object(Closure))
#26 D:\\laragon\\www\\mirrormefashion\\vendor\\laravel\\framework\\src\\Illuminate\\Container\\BoundMethod.php(35): Illuminate\\Container\\BoundMethod::callBoundMethod(Object(Illuminate\\Foundation\\Application), Array, Object(Closure))
#27 D:\\laragon\\www\\mirrormefashion\\vendor\\laravel\\framework\\src\\Illuminate\\Container\\Container.php(662): Illuminate\\Container\\BoundMethod::call(Object(Illuminate\\Foundation\\Application), Array, Array, NULL)
#28 D:\\laragon\\www\\mirrormefashion\\vendor\\laravel\\framework\\src\\Illuminate\\Foundation\\Support\\Providers\\RouteServiceProvider.php(122): Illuminate\\Container\\Container->call(Array)
#29 D:\\laragon\\www\\mirrormefashion\\vendor\\laravel\\framework\\src\\Illuminate\\Foundation\\Support\\Providers\\RouteServiceProvider.php(45): Illuminate\\Foundation\\Support\\Providers\\RouteServiceProvider->loadRoutes()
#30 D:\\laragon\\www\\mirrormefashion\\vendor\\laravel\\framework\\src\\Illuminate\\Container\\BoundMethod.php(36): Illuminate\\Foundation\\Support\\Providers\\RouteServiceProvider->Illuminate\\Foundation\\Support\\Providers\\{closure}()
#31 D:\\laragon\\www\\mirrormefashion\\vendor\\laravel\\framework\\src\\Illuminate\\Container\\Util.php(41): Illuminate\\Container\\BoundMethod::Illuminate\\Container\\{closure}()
#32 D:\\laragon\\www\\mirrormefashion\\vendor\\laravel\\framework\\src\\Illuminate\\Container\\BoundMethod.php(81): Illuminate\\Container\\Util::unwrapIfClosure(Object(Closure))
#33 D:\\laragon\\www\\mirrormefashion\\vendor\\laravel\\framework\\src\\Illuminate\\Container\\BoundMethod.php(35): Illuminate\\Container\\BoundMethod::callBoundMethod(Object(Illuminate\\Foundation\\Application), Object(Closure), Object(Closure))
#34 D:\\laragon\\www\\mirrormefashion\\vendor\\laravel\\framework\\src\\Illuminate\\Container\\Container.php(662): Illuminate\\Container\\BoundMethod::call(Object(Illuminate\\Foundation\\Application), Object(Closure), Array, NULL)
#35 D:\\laragon\\www\\mirrormefashion\\vendor\\laravel\\framework\\src\\Illuminate\\Support\\ServiceProvider.php(119): Illuminate\\Container\\Container->call(Object(Closure))
#36 D:\\laragon\\www\\mirrormefashion\\vendor\\laravel\\framework\\src\\Illuminate\\Foundation\\Application.php(1039): Illuminate\\Support\\ServiceProvider->callBootedCallbacks()
#37 D:\\laragon\\www\\mirrormefashion\\vendor\\laravel\\framework\\src\\Illuminate\\Foundation\\Application.php(1017): Illuminate\\Foundation\\Application->bootProvider(Object(App\\Providers\\RouteServiceProvider))
#38 [internal function]: Illuminate\\Foundation\\Application->Illuminate\\Foundation\\{closure}(Object(App\\Providers\\RouteServiceProvider), 42)
#39 D:\\laragon\\www\\mirrormefashion\\vendor\\laravel\\framework\\src\\Illuminate\\Foundation\\Application.php(1016): array_walk(Array, Object(Closure))
#40 D:\\laragon\\www\\mirrormefashion\\vendor\\laravel\\framework\\src\\Illuminate\\Foundation\\Bootstrap\\BootProviders.php(17): Illuminate\\Foundation\\Application->boot()
#41 D:\\laragon\\www\\mirrormefashion\\vendor\\laravel\\framework\\src\\Illuminate\\Foundation\\Application.php(263): Illuminate\\Foundation\\Bootstrap\\BootProviders->bootstrap(Object(Illuminate\\Foundation\\Application))
#42 D:\\laragon\\www\\mirrormefashion\\vendor\\laravel\\framework\\src\\Illuminate\\Foundation\\Http\\Kernel.php(186): Illuminate\\Foundation\\Application->bootstrapWith(Array)
#43 D:\\laragon\\www\\mirrormefashion\\vendor\\laravel\\framework\\src\\Illuminate\\Foundation\\Http\\Kernel.php(170): Illuminate\\Foundation\\Http\\Kernel->bootstrap()
#44 D:\\laragon\\www\\mirrormefashion\\vendor\\laravel\\framework\\src\\Illuminate\\Foundation\\Http\\Kernel.php(144): Illuminate\\Foundation\\Http\\Kernel->sendRequestThroughRouter(Object(Illuminate\\Http\\Request))
#45 D:\\laragon\\www\\mirrormefashion\\index.php(56): Illuminate\\Foundation\\Http\\Kernel->handle(Object(Illuminate\\Http\\Request))
#46 {main}
"} 
[2026-05-16 14:06:23] local.ERROR: Invalid route action: [updateUserProfile]. {"exception":"[object] (UnexpectedValueException(code: 0): Invalid route action: [updateUserProfile]. at D:\\laragon\\www\\mirrormefashion\\vendor\\laravel\\framework\\src\\Illuminate\\Routing\\RouteAction.php:92)
[stacktrace]
#0 D:\\laragon\\www\\mirrormefashion\\vendor\\laravel\\framework\\src\\Illuminate\\Routing\\RouteAction.php(47): Illuminate\\Routing\\RouteAction::makeInvokable('updateUserProfi...')
#1 D:\\laragon\\www\\mirrormefashion\\vendor\\laravel\\framework\\src\\Illuminate\\Routing\\Route.php(191): Illuminate\\Routing\\RouteAction::parse('api/v2/auth/use...', Array)
#2 D:\\laragon\\www\\mirrormefashion\\vendor\\laravel\\framework\\src\\Illuminate\\Routing\\Route.php(172): Illuminate\\Routing\\Route->parseAction(Array)
#3 D:\\laragon\\www\\mirrormefashion\\vendor\\laravel\\framework\\src\\Illuminate\\Routing\\Router.php(669): Illuminate\\Routing\\Route->__construct('PUT', 'api/v2/auth/use...', Array)
#4 D:\\laragon\\www\\mirrormefashion\\vendor\\laravel\\framework\\src\\Illuminate\\Routing\\Router.php(561): Illuminate\\Routing\\Router->newRoute('PUT', 'api/v2/auth/use...', Array)
#5 D:\\laragon\\www\\mirrormefashion\\vendor\\laravel\\framework\\src\\Illuminate\\Routing\\Router.php(541): Illuminate\\Routing\\Router->createRoute('PUT', 'user/profile', Array)
#6 D:\\laragon\\www\\mirrormefashion\\vendor\\laravel\\framework\\src\\Illuminate\\Routing\\Router.php(183): Illuminate\\Routing\\Router->addRoute('PUT', 'user/profile', 'updateUserProfi...')
#7 D:\\laragon\\www\\mirrormefashion\\vendor\\laravel\\framework\\src\\Illuminate\\Support\\Facades\\Facade.php(355): Illuminate\\Routing\\Router->put('user/profile', 'updateUserProfi...')
#8 D:\\laragon\\www\\mirrormefashion\\routes\\api.php(107): Illuminate\\Support\\Facades\\Facade::__callStatic('put', Array)
#9 D:\\laragon\\www\\mirrormefashion\\vendor\\laravel\\framework\\src\\Illuminate\\Routing\\Router.php(509): Illuminate\\Routing\\RouteFileRegistrar->App\\Http\\Controllers\\Api\\V2\\{closure}(Object(Illuminate\\Routing\\Router))
#10 D:\\laragon\\www\\mirrormefashion\\vendor\\laravel\\framework\\src\\Illuminate\\Routing\\Router.php(465): Illuminate\\Routing\\Router->loadRoutes(Object(Closure))
#11 D:\\laragon\\www\\mirrormefashion\\vendor\\laravel\\framework\\src\\Illuminate\\Routing\\RouteRegistrar.php(194): Illuminate\\Routing\\Router->group(Array, Object(Closure))
#12 D:\\laragon\\www\\mirrormefashion\\routes\\api.php(83): Illuminate\\Routing\\RouteRegistrar->group(Object(Closure))
#13 D:\\laragon\\www\\mirrormefashion\\vendor\\laravel\\framework\\src\\Illuminate\\Routing\\Router.php(509): Illuminate\\Routing\\RouteFileRegistrar->App\\Http\\Controllers\\Api\\V2\\{closure}(Object(Illuminate\\Routing\\Router))
#14 D:\\laragon\\www\\mirrormefashion\\vendor\\laravel\\framework\\src\\Illuminate\\Routing\\Router.php(465): Illuminate\\Routing\\Router->loadRoutes(Object(Closure))
#15 D:\\laragon\\www\\mirrormefashion\\vendor\\laravel\\framework\\src\\Illuminate\\Support\\Facades\\Facade.php(355): Illuminate\\Routing\\Router->group(Array, Object(Closure))
#16 D:\\laragon\\www\\mirrormefashion\\routes\\api.php(62): Illuminate\\Support\\Facades\\Facade::__callStatic('group', Array)
#17 D:\\laragon\\www\\mirrormefashion\\vendor\\laravel\\framework\\src\\Illuminate\\Routing\\RouteFileRegistrar.php(35): require('D:\\\\laragon\\\\www\\\\...')
#18 D:\\laragon\\www\\mirrormefashion\\vendor\\laravel\\framework\\src\\Illuminate\\Routing\\Router.php(511): Illuminate\\Routing\\RouteFileRegistrar->register('D:\\\\laragon\\\\www\\\\...')
#19 D:\\laragon\\www\\mirrormefashion\\vendor\\laravel\\framework\\src\\Illuminate\\Routing\\Router.php(465): Illuminate\\Routing\\Router->loadRoutes('D:\\\\laragon\\\\www\\\\...')
#20 D:\\laragon\\www\\mirrormefashion\\vendor\\laravel\\framework\\src\\Illuminate\\Routing\\RouteRegistrar.php(194): Illuminate\\Routing\\Router->group(Array, 'D:\\\\laragon\\\\www\\\\...')
#21 D:\\laragon\\www\\mirrormefashion\\app\\Providers\\RouteServiceProvider.php(348): Illuminate\\Routing\\RouteRegistrar->group('D:\\\\laragon\\\\www\\\\...')
#22 D:\\laragon\\www\\mirrormefashion\\app\\Providers\\RouteServiceProvider.php(43): App\\Providers\\RouteServiceProvider->mapApiRoutes()
#23 D:\\laragon\\www\\mirrormefashion\\vendor\\laravel\\framework\\src\\Illuminate\\Container\\BoundMethod.php(36): App\\Providers\\RouteServiceProvider->map()
#24 D:\\laragon\\www\\mirrormefashion\\vendor\\laravel\\framework\\src\\Illuminate\\Container\\Util.php(41): Illuminate\\Container\\BoundMethod::Illuminate\\Container\\{closure}()
#25 D:\\laragon\\www\\mirrormefashion\\vendor\\laravel\\framework\\src\\Illuminate\\Container\\BoundMethod.php(93): Illuminate\\Container\\Util::unwrapIfClosure(Object(Closure))
#26 D:\\laragon\\www\\mirrormefashion\\vendor\\laravel\\framework\\src\\Illuminate\\Container\\BoundMethod.php(35): Illuminate\\Container\\BoundMethod::callBoundMethod(Object(Illuminate\\Foundation\\Application), Array, Object(Closure))
#27 D:\\laragon\\www\\mirrormefashion\\vendor\\laravel\\framework\\src\\Illuminate\\Container\\Container.php(662): Illuminate\\Container\\BoundMethod::call(Object(Illuminate\\Foundation\\Application), Array, Array, NULL)
#28 D:\\laragon\\www\\mirrormefashion\\vendor\\laravel\\framework\\src\\Illuminate\\Foundation\\Support\\Providers\\RouteServiceProvider.php(122): Illuminate\\Container\\Container->call(Array)
#29 D:\\laragon\\www\\mirrormefashion\\vendor\\laravel\\framework\\src\\Illuminate\\Foundation\\Support\\Providers\\RouteServiceProvider.php(45): Illuminate\\Foundation\\Support\\Providers\\RouteServiceProvider->loadRoutes()
#30 D:\\laragon\\www\\mirrormefashion\\vendor\\laravel\\framework\\src\\Illuminate\\Container\\BoundMethod.php(36): Illuminate\\Foundation\\Support\\Providers\\RouteServiceProvider->Illuminate\\Foundation\\Support\\Providers\\{closure}()
#31 D:\\laragon\\www\\mirrormefashion\\vendor\\laravel\\framework\\src\\Illuminate\\Container\\Util.php(41): Illuminate\\Container\\BoundMethod::Illuminate\\Container\\{closure}()
#32 D:\\laragon\\www\\mirrormefashion\\vendor\\laravel\\framework\\src\\Illuminate\\Container\\BoundMethod.php(81): Illuminate\\Container\\Util::unwrapIfClosure(Object(Closure))
#33 D:\\laragon\\www\\mirrormefashion\\vendor\\laravel\\framework\\src\\Illuminate\\Container\\BoundMethod.php(35): Illuminate\\Container\\BoundMethod::callBoundMethod(Object(Illuminate\\Foundation\\Application), Object(Closure), Object(Closure))
#34 D:\\laragon\\www\\mirrormefashion\\vendor\\laravel\\framework\\src\\Illuminate\\Container\\Container.php(662): Illuminate\\Container\\BoundMethod::call(Object(Illuminate\\Foundation\\Application), Object(Closure), Array, NULL)
#35 D:\\laragon\\www\\mirrormefashion\\vendor\\laravel\\framework\\src\\Illuminate\\Support\\ServiceProvider.php(119): Illuminate\\Container\\Container->call(Object(Closure))
#36 D:\\laragon\\www\\mirrormefashion\\vendor\\laravel\\framework\\src\\Illuminate\\Foundation\\Application.php(1039): Illuminate\\Support\\ServiceProvider->callBootedCallbacks()
#37 D:\\laragon\\www\\mirrormefashion\\vendor\\laravel\\framework\\src\\Illuminate\\Foundation\\Application.php(1017): Illuminate\\Foundation\\Application->bootProvider(Object(App\\Providers\\RouteServiceProvider))
#38 [internal function]: Illuminate\\Foundation\\Application->Illuminate\\Foundation\\{closure}(Object(App\\Providers\\RouteServiceProvider), 42)
#39 D:\\laragon\\www\\mirrormefashion\\vendor\\laravel\\framework\\src\\Illuminate\\Foundation\\Application.php(1016): array_walk(Array, Object(Closure))
#40 D:\\laragon\\www\\mirrormefashion\\vendor\\laravel\\framework\\src\\Illuminate\\Foundation\\Bootstrap\\BootProviders.php(17): Illuminate\\Foundation\\Application->boot()
#41 D:\\laragon\\www\\mirrormefashion\\vendor\\laravel\\framework\\src\\Illuminate\\Foundation\\Application.php(263): Illuminate\\Foundation\\Bootstrap\\BootProviders->bootstrap(Object(Illuminate\\Foundation\\Application))
#42 D:\\laragon\\www\\mirrormefashion\\vendor\\laravel\\framework\\src\\Illuminate\\Foundation\\Http\\Kernel.php(186): Illuminate\\Foundation\\Application->bootstrapWith(Array)
#43 D:\\laragon\\www\\mirrormefashion\\vendor\\laravel\\framework\\src\\Illuminate\\Foundation\\Http\\Kernel.php(170): Illuminate\\Foundation\\Http\\Kernel->bootstrap()
#44 D:\\laragon\\www\\mirrormefashion\\vendor\\laravel\\framework\\src\\Illuminate\\Foundation\\Http\\Kernel.php(144): Illuminate\\Foundation\\Http\\Kernel->sendRequestThroughRouter(Object(Illuminate\\Http\\Request))
#45 D:\\laragon\\www\\mirrormefashion\\index.php(56): Illuminate\\Foundation\\Http\\Kernel->handle(Object(Illuminate\\Http\\Request))
#46 {main}
"} 
[2026-05-16 14:06:23] local.ERROR: Invalid route action: [updateUserProfile]. {"exception":"[object] (UnexpectedValueException(code: 0): Invalid route action: [updateUserProfile]. at D:\\laragon\\www\\mirrormefashion\\vendor\\laravel\\framework\\src\\Illuminate\\Routing\\RouteAction.php:92)
[stacktrace]
#0 D:\\laragon\\www\\mirrormefashion\\vendor\\laravel\\framework\\src\\Illuminate\\Routing\\RouteAction.php(47): Illuminate\\Routing\\RouteAction::makeInvokable('updateUserProfi...')
#1 D:\\laragon\\www\\mirrormefashion\\vendor\\laravel\\framework\\src\\Illuminate\\Routing\\Route.php(191): Illuminate\\Routing\\RouteAction::parse('api/v2/auth/use...', Array)
#2 D:\\laragon\\www\\mirrormefashion\\vendor\\laravel\\framework\\src\\Illuminate\\Routing\\Route.php(172): Illuminate\\Routing\\Route->parseAction(Array)
#3 D:\\laragon\\www\\mirrormefashion\\vendor\\laravel\\framework\\src\\Illuminate\\Routing\\Router.php(669): Illuminate\\Routing\\Route->__construct('PUT', 'api/v2/auth/use...', Array)
#4 D:\\laragon\\www\\mirrormefashion\\vendor\\laravel\\framework\\src\\Illuminate\\Routing\\Router.php(561): Illuminate\\Routing\\Router->newRoute('PUT', 'api/v2/auth/use...', Array)
#5 D:\\laragon\\www\\mirrormefashion\\vendor\\laravel\\framework\\src\\Illuminate\\Routing\\Router.php(541): Illuminate\\Routing\\Router->createRoute('PUT', 'user/profile', Array)
#6 D:\\laragon\\www\\mirrormefashion\\vendor\\laravel\\framework\\src\\Illuminate\\Routing\\Router.php(183): Illuminate\\Routing\\Router->addRoute('PUT', 'user/profile', 'updateUserProfi...')
#7 D:\\laragon\\www\\mirrormefashion\\vendor\\laravel\\framework\\src\\Illuminate\\Support\\Facades\\Facade.php(355): Illuminate\\Routing\\Router->put('user/profile', 'updateUserProfi...')
#8 D:\\laragon\\www\\mirrormefashion\\routes\\api.php(107): Illuminate\\Support\\Facades\\Facade::__callStatic('put', Array)
#9 D:\\laragon\\www\\mirrormefashion\\vendor\\laravel\\framework\\src\\Illuminate\\Routing\\Router.php(509): Illuminate\\Routing\\RouteFileRegistrar->App\\Http\\Controllers\\Api\\V2\\{closure}(Object(Illuminate\\Routing\\Router))
#10 D:\\laragon\\www\\mirrormefashion\\vendor\\laravel\\framework\\src\\Illuminate\\Routing\\Router.php(465): Illuminate\\Routing\\Router->loadRoutes(Object(Closure))
#11 D:\\laragon\\www\\mirrormefashion\\vendor\\laravel\\framework\\src\\Illuminate\\Routing\\RouteRegistrar.php(194): Illuminate\\Routing\\Router->group(Array, Object(Closure))
#12 D:\\laragon\\www\\mirrormefashion\\routes\\api.php(83): Illuminate\\Routing\\RouteRegistrar->group(Object(Closure))
#13 D:\\laragon\\www\\mirrormefashion\\vendor\\laravel\\framework\\src\\Illuminate\\Routing\\Router.php(509): Illuminate\\Routing\\RouteFileRegistrar->App\\Http\\Controllers\\Api\\V2\\{closure}(Object(Illuminate\\Routing\\Router))
#14 D:\\laragon\\www\\mirrormefashion\\vendor\\laravel\\framework\\src\\Illuminate\\Routing\\Router.php(465): Illuminate\\Routing\\Router->loadRoutes(Object(Closure))
#15 D:\\laragon\\www\\mirrormefashion\\vendor\\laravel\\framework\\src\\Illuminate\\Support\\Facades\\Facade.php(355): Illuminate\\Routing\\Router->group(Array, Object(Closure))
#16 D:\\laragon\\www\\mirrormefashion\\routes\\api.php(62): Illuminate\\Support\\Facades\\Facade::__callStatic('group', Array)
#17 D:\\laragon\\www\\mirrormefashion\\vendor\\laravel\\framework\\src\\Illuminate\\Routing\\RouteFileRegistrar.php(35): require('D:\\\\laragon\\\\www\\\\...')
#18 D:\\laragon\\www\\mirrormefashion\\vendor\\laravel\\framework\\src\\Illuminate\\Routing\\Router.php(511): Illuminate\\Routing\\RouteFileRegistrar->register('D:\\\\laragon\\\\www\\\\...')
#19 D:\\laragon\\www\\mirrormefashion\\vendor\\laravel\\framework\\src\\Illuminate\\Routing\\Router.php(465): Illuminate\\Routing\\Router->loadRoutes('D:\\\\laragon\\\\www\\\\...')
#20 D:\\laragon\\www\\mirrormefashion\\vendor\\laravel\\framework\\src\\Illuminate\\Routing\\RouteRegistrar.php(194): Illuminate\\Routing\\Router->group(Array, 'D:\\\\laragon\\\\www\\\\...')
#21 D:\\laragon\\www\\mirrormefashion\\app\\Providers\\RouteServiceProvider.php(348): Illuminate\\Routing\\RouteRegistrar->group('D:\\\\laragon\\\\www\\\\...')
#22 D:\\laragon\\www\\mirrormefashion\\app\\Providers\\RouteServiceProvider.php(43): App\\Providers\\RouteServiceProvider->mapApiRoutes()
#23 D:\\laragon\\www\\mirrormefashion\\vendor\\laravel\\framework\\src\\Illuminate\\Container\\BoundMethod.php(36): App\\Providers\\RouteServiceProvider->map()
#24 D:\\laragon\\www\\mirrormefashion\\vendor\\laravel\\framework\\src\\Illuminate\\Container\\Util.php(41): Illuminate\\Container\\BoundMethod::Illuminate\\Container\\{closure}()
#25 D:\\laragon\\www\\mirrormefashion\\vendor\\laravel\\framework\\src\\Illuminate\\Container\\BoundMethod.php(93): Illuminate\\Container\\Util::unwrapIfClosure(Object(Closure))
#26 D:\\laragon\\www\\mirrormefashion\\vendor\\laravel\\framework\\src\\Illuminate\\Container\\BoundMethod.php(35): Illuminate\\Container\\BoundMethod::callBoundMethod(Object(Illuminate\\Foundation\\Application), Array, Object(Closure))
#27 D:\\laragon\\www\\mirrormefashion\\vendor\\laravel\\framework\\src\\Illuminate\\Container\\Container.php(662): Illuminate\\Container\\BoundMethod::call(Object(Illuminate\\Foundation\\Application), Array, Array, NULL)
#28 D:\\laragon\\www\\mirrormefashion\\vendor\\laravel\\framework\\src\\Illuminate\\Foundation\\Support\\Providers\\RouteServiceProvider.php(122): Illuminate\\Container\\Container->call(Array)
#29 D:\\laragon\\www\\mirrormefashion\\vendor\\laravel\\framework\\src\\Illuminate\\Foundation\\Support\\Providers\\RouteServiceProvider.php(45): Illuminate\\Foundation\\Support\\Providers\\RouteServiceProvider->loadRoutes()
#30 D:\\laragon\\www\\mirrormefashion\\vendor\\laravel\\framework\\src\\Illuminate\\Container\\BoundMethod.php(36): Illuminate\\Foundation\\Support\\Providers\\RouteServiceProvider->Illuminate\\Foundation\\Support\\Providers\\{closure}()
#31 D:\\laragon\\www\\mirrormefashion\\vendor\\laravel\\framework\\src\\Illuminate\\Container\\Util.php(41): Illuminate\\Container\\BoundMethod::Illuminate\\Container\\{closure}()
#32 D:\\laragon\\www\\mirrormefashion\\vendor\\laravel\\framework\\src\\Illuminate\\Container\\BoundMethod.php(81): Illuminate\\Container\\Util::unwrapIfClosure(Object(Closure))
#33 D:\\laragon\\www\\mirrormefashion\\vendor\\laravel\\framework\\src\\Illuminate\\Container\\BoundMethod.php(35): Illuminate\\Container\\BoundMethod::callBoundMethod(Object(Illuminate\\Foundation\\Application), Object(Closure), Object(Closure))
#34 D:\\laragon\\www\\mirrormefashion\\vendor\\laravel\\framework\\src\\Illuminate\\Container\\Container.php(662): Illuminate\\Container\\BoundMethod::call(Object(Illuminate\\Foundation\\Application), Object(Closure), Array, NULL)
#35 D:\\laragon\\www\\mirrormefashion\\vendor\\laravel\\framework\\src\\Illuminate\\Support\\ServiceProvider.php(119): Illuminate\\Container\\Container->call(Object(Closure))
#36 D:\\laragon\\www\\mirrormefashion\\vendor\\laravel\\framework\\src\\Illuminate\\Foundation\\Application.php(1039): Illuminate\\Support\\ServiceProvider->callBootedCallbacks()
#37 D:\\laragon\\www\\mirrormefashion\\vendor\\laravel\\framework\\src\\Illuminate\\Foundation\\Application.php(1017): Illuminate\\Foundation\\Application->bootProvider(Object(App\\Providers\\RouteServiceProvider))
#38 [internal function]: Illuminate\\Foundation\\Application->Illuminate\\Foundation\\{closure}(Object(App\\Providers\\RouteServiceProvider), 42)
#39 D:\\laragon\\www\\mirrormefashion\\vendor\\laravel\\framework\\src\\Illuminate\\Foundation\\Application.php(1016): array_walk(Array, Object(Closure))
#40 D:\\laragon\\www\\mirrormefashion\\vendor\\laravel\\framework\\src\\Illuminate\\Foundation\\Bootstrap\\BootProviders.php(17): Illuminate\\Foundation\\Application->boot()
#41 D:\\laragon\\www\\mirrormefashion\\vendor\\laravel\\framework\\src\\Illuminate\\Foundation\\Application.php(263): Illuminate\\Foundation\\Bootstrap\\BootProviders->bootstrap(Object(Illuminate\\Foundation\\Application))
#42 D:\\laragon\\www\\mirrormefashion\\vendor\\laravel\\framework\\src\\Illuminate\\Foundation\\Http\\Kernel.php(186): Illuminate\\Foundation\\Application->bootstrapWith(Array)
#43 D:\\laragon\\www\\mirrormefashion\\vendor\\laravel\\framework\\src\\Illuminate\\Foundation\\Http\\Kernel.php(170): Illuminate\\Foundation\\Http\\Kernel->bootstrap()
#44 D:\\laragon\\www\\mirrormefashion\\vendor\\laravel\\framework\\src\\Illuminate\\Foundation\\Http\\Kernel.php(144): Illuminate\\Foundation\\Http\\Kernel->sendRequestThroughRouter(Object(Illuminate\\Http\\Request))
#45 D:\\laragon\\www\\mirrormefashion\\index.php(56): Illuminate\\Foundation\\Http\\Kernel->handle(Object(Illuminate\\Http\\Request))
#46 {main}
"} 
