[2026-05-23 03:22:05] local.INFO: User created for creator registration {"user_id":76,"email":"freelancezahedtesting@gmail.com"} 
[2026-05-23 03:22:05] local.INFO: Creator profile created {"user_id":76,"creator_id":21} 
[2026-05-23 03:22:05] local.INFO: Creator registered successfully {"user_id":76,"creator_id":21,"email":"freelancezahedtesting@gmail.com"} 
[2026-05-23 03:22:06] local.INFO: ParseBearerToken middleware invoked {"path":"/api/v2/campaign","method":"GET","has_auth_header":true,"auth_header_preview":"Bearer 176|tvOdAVPlpdhBhLoAtuW...","is_bearer":true} 
[2026-05-23 03:22:06] local.INFO: Extracted bearer token {"token_preview":"176|tvOdAV...","token_length":52} 
[2026-05-23 03:22:06] local.INFO: Found personal access token {"token_id":176,"user_id":76,"revoked":null} 
[2026-05-23 03:22:06] local.INFO: User authenticated via bearer token {"user_id":76,"user_email":"freelancezahedtesting@gmail.com"} 
[2026-05-23 03:22:06] local.INFO: Returning campaigns for user {"user_id":76,"campaign_count":0,"statuses":[]} 
[2026-05-23 03:22:06] local.INFO: ParseBearerToken middleware invoked {"path":"/api/v2/campaign","method":"GET","has_auth_header":true,"auth_header_preview":"Bearer 176|tvOdAVPlpdhBhLoAtuW...","is_bearer":true} 
[2026-05-23 03:22:06] local.INFO: Extracted bearer token {"token_preview":"176|tvOdAV...","token_length":52} 
[2026-05-23 03:22:06] local.INFO: Found personal access token {"token_id":176,"user_id":76,"revoked":null} 
[2026-05-23 03:22:06] local.INFO: User authenticated via bearer token {"user_id":76,"user_email":"freelancezahedtesting@gmail.com"} 
[2026-05-23 03:22:06] local.INFO: Returning campaigns for user {"user_id":76,"campaign_count":0,"statuses":[]} 
[2026-05-23 03:22:08] local.INFO: ParseBearerToken middleware invoked {"path":"/api/v2/campaign","method":"GET","has_auth_header":true,"auth_header_preview":"Bearer 176|tvOdAVPlpdhBhLoAtuW...","is_bearer":true} 
[2026-05-23 03:22:08] local.INFO: Extracted bearer token {"token_preview":"176|tvOdAV...","token_length":52} 
[2026-05-23 03:22:08] local.INFO: Found personal access token {"token_id":176,"user_id":76,"revoked":null} 
[2026-05-23 03:22:08] local.INFO: User authenticated via bearer token {"user_id":76,"user_email":"freelancezahedtesting@gmail.com"} 
[2026-05-23 03:22:08] local.INFO: Returning campaigns for user {"user_id":76,"campaign_count":0,"statuses":[]} 
[2026-05-23 03:22:08] local.INFO: ParseBearerToken middleware invoked {"path":"/api/v2/campaign","method":"GET","has_auth_header":true,"auth_header_preview":"Bearer 176|tvOdAVPlpdhBhLoAtuW...","is_bearer":true} 
[2026-05-23 03:22:08] local.INFO: Extracted bearer token {"token_preview":"176|tvOdAV...","token_length":52} 
[2026-05-23 03:22:08] local.INFO: Found personal access token {"token_id":176,"user_id":76,"revoked":null} 
[2026-05-23 03:22:08] local.INFO: User authenticated via bearer token {"user_id":76,"user_email":"freelancezahedtesting@gmail.com"} 
[2026-05-23 03:22:08] local.INFO: Returning campaigns for user {"user_id":76,"campaign_count":0,"statuses":[]} 
[2026-05-23 03:22:10] local.INFO: ParseBearerToken middleware invoked {"path":"/api/v2/campaign","method":"GET","has_auth_header":true,"auth_header_preview":"Bearer 176|tvOdAVPlpdhBhLoAtuW...","is_bearer":true} 
[2026-05-23 03:22:10] local.INFO: Extracted bearer token {"token_preview":"176|tvOdAV...","token_length":52} 
[2026-05-23 03:22:10] local.INFO: Found personal access token {"token_id":176,"user_id":76,"revoked":null} 
[2026-05-23 03:22:10] local.INFO: User authenticated via bearer token {"user_id":76,"user_email":"freelancezahedtesting@gmail.com"} 
[2026-05-23 03:22:10] local.INFO: Returning campaigns for user {"user_id":76,"campaign_count":0,"statuses":[]} 
[2026-05-23 03:22:11] local.INFO: ParseBearerToken middleware invoked {"path":"/api/v2/campaign","method":"GET","has_auth_header":true,"auth_header_preview":"Bearer 176|tvOdAVPlpdhBhLoAtuW...","is_bearer":true} 
[2026-05-23 03:22:11] local.INFO: Extracted bearer token {"token_preview":"176|tvOdAV...","token_length":52} 
[2026-05-23 03:22:11] local.INFO: Found personal access token {"token_id":176,"user_id":76,"revoked":null} 
[2026-05-23 03:22:11] local.INFO: User authenticated via bearer token {"user_id":76,"user_email":"freelancezahedtesting@gmail.com"} 
[2026-05-23 03:22:11] local.INFO: Returning campaigns for user {"user_id":76,"campaign_count":0,"statuses":[]} 
[2026-05-23 03:22:41] local.INFO: ParseBearerToken middleware invoked {"path":"/api/v2/campaign","method":"GET","has_auth_header":true,"auth_header_preview":"Bearer 176|tvOdAVPlpdhBhLoAtuW...","is_bearer":true} 
[2026-05-23 03:22:41] local.INFO: Extracted bearer token {"token_preview":"176|tvOdAV...","token_length":52} 
[2026-05-23 03:22:41] local.INFO: Found personal access token {"token_id":176,"user_id":76,"revoked":null} 
[2026-05-23 03:22:41] local.INFO: User authenticated via bearer token {"user_id":76,"user_email":"freelancezahedtesting@gmail.com"} 
[2026-05-23 03:22:41] local.INFO: Returning campaigns for user {"user_id":76,"campaign_count":0,"statuses":[]} 
[2026-05-23 03:23:11] local.INFO: ParseBearerToken middleware invoked {"path":"/api/v2/campaign","method":"GET","has_auth_header":true,"auth_header_preview":"Bearer 176|tvOdAVPlpdhBhLoAtuW...","is_bearer":true} 
[2026-05-23 03:23:11] local.INFO: Extracted bearer token {"token_preview":"176|tvOdAV...","token_length":52} 
[2026-05-23 03:23:11] local.INFO: Found personal access token {"token_id":176,"user_id":76,"revoked":null} 
[2026-05-23 03:23:11] local.INFO: User authenticated via bearer token {"user_id":76,"user_email":"freelancezahedtesting@gmail.com"} 
[2026-05-23 03:23:11] local.INFO: Returning campaigns for user {"user_id":76,"campaign_count":0,"statuses":[]} 
[2026-05-23 03:23:41] local.INFO: ParseBearerToken middleware invoked {"path":"/api/v2/campaign","method":"GET","has_auth_header":true,"auth_header_preview":"Bearer 176|tvOdAVPlpdhBhLoAtuW...","is_bearer":true} 
[2026-05-23 03:23:41] local.INFO: Extracted bearer token {"token_preview":"176|tvOdAV...","token_length":52} 
[2026-05-23 03:23:41] local.INFO: Found personal access token {"token_id":176,"user_id":76,"revoked":null} 
[2026-05-23 03:23:41] local.INFO: User authenticated via bearer token {"user_id":76,"user_email":"freelancezahedtesting@gmail.com"} 
[2026-05-23 03:23:41] local.INFO: Returning campaigns for user {"user_id":76,"campaign_count":0,"statuses":[]} 
[2026-05-23 03:24:11] local.INFO: ParseBearerToken middleware invoked {"path":"/api/v2/campaign","method":"GET","has_auth_header":true,"auth_header_preview":"Bearer 176|tvOdAVPlpdhBhLoAtuW...","is_bearer":true} 
[2026-05-23 03:24:11] local.INFO: Extracted bearer token {"token_preview":"176|tvOdAV...","token_length":52} 
[2026-05-23 03:24:11] local.INFO: Found personal access token {"token_id":176,"user_id":76,"revoked":null} 
[2026-05-23 03:24:11] local.INFO: User authenticated via bearer token {"user_id":76,"user_email":"freelancezahedtesting@gmail.com"} 
[2026-05-23 03:24:11] local.INFO: Returning campaigns for user {"user_id":76,"campaign_count":0,"statuses":[]} 
[2026-05-23 03:24:40] local.INFO: ParseBearerToken middleware invoked {"path":"/api/v2/campaign","method":"GET","has_auth_header":true,"auth_header_preview":"Bearer 176|tvOdAVPlpdhBhLoAtuW...","is_bearer":true} 
[2026-05-23 03:24:40] local.INFO: Extracted bearer token {"token_preview":"176|tvOdAV...","token_length":52} 
[2026-05-23 03:24:40] local.INFO: Found personal access token {"token_id":176,"user_id":76,"revoked":null} 
[2026-05-23 03:24:40] local.INFO: User authenticated via bearer token {"user_id":76,"user_email":"freelancezahedtesting@gmail.com"} 
[2026-05-23 03:24:40] local.INFO: Returning campaigns for user {"user_id":76,"campaign_count":0,"statuses":[]} 
[2026-05-23 03:25:11] local.INFO: ParseBearerToken middleware invoked {"path":"/api/v2/campaign","method":"GET","has_auth_header":true,"auth_header_preview":"Bearer 176|tvOdAVPlpdhBhLoAtuW...","is_bearer":true} 
[2026-05-23 03:25:11] local.INFO: Extracted bearer token {"token_preview":"176|tvOdAV...","token_length":52} 
[2026-05-23 03:25:11] local.INFO: Found personal access token {"token_id":176,"user_id":76,"revoked":null} 
[2026-05-23 03:25:11] local.INFO: User authenticated via bearer token {"user_id":76,"user_email":"freelancezahedtesting@gmail.com"} 
[2026-05-23 03:25:11] local.INFO: Returning campaigns for user {"user_id":76,"campaign_count":0,"statuses":[]} 
[2026-05-23 03:25:41] local.INFO: ParseBearerToken middleware invoked {"path":"/api/v2/campaign","method":"GET","has_auth_header":true,"auth_header_preview":"Bearer 176|tvOdAVPlpdhBhLoAtuW...","is_bearer":true} 
[2026-05-23 03:25:41] local.INFO: Extracted bearer token {"token_preview":"176|tvOdAV...","token_length":52} 
[2026-05-23 03:25:41] local.INFO: Found personal access token {"token_id":176,"user_id":76,"revoked":null} 
[2026-05-23 03:25:41] local.INFO: User authenticated via bearer token {"user_id":76,"user_email":"freelancezahedtesting@gmail.com"} 
[2026-05-23 03:25:41] local.INFO: Returning campaigns for user {"user_id":76,"campaign_count":0,"statuses":[]} 
[2026-05-23 03:26:11] local.INFO: ParseBearerToken middleware invoked {"path":"/api/v2/campaign","method":"GET","has_auth_header":true,"auth_header_preview":"Bearer 176|tvOdAVPlpdhBhLoAtuW...","is_bearer":true} 
[2026-05-23 03:26:11] local.INFO: Extracted bearer token {"token_preview":"176|tvOdAV...","token_length":52} 
[2026-05-23 03:26:11] local.INFO: Found personal access token {"token_id":176,"user_id":76,"revoked":null} 
[2026-05-23 03:26:11] local.INFO: User authenticated via bearer token {"user_id":76,"user_email":"freelancezahedtesting@gmail.com"} 
[2026-05-23 03:26:11] local.INFO: Returning campaigns for user {"user_id":76,"campaign_count":0,"statuses":[]} 
[2026-05-23 03:26:40] local.INFO: ParseBearerToken middleware invoked {"path":"/api/v2/campaign","method":"GET","has_auth_header":true,"auth_header_preview":"Bearer 176|tvOdAVPlpdhBhLoAtuW...","is_bearer":true} 
[2026-05-23 03:26:40] local.INFO: Extracted bearer token {"token_preview":"176|tvOdAV...","token_length":52} 
[2026-05-23 03:26:40] local.INFO: Found personal access token {"token_id":176,"user_id":76,"revoked":null} 
[2026-05-23 03:26:40] local.INFO: User authenticated via bearer token {"user_id":76,"user_email":"freelancezahedtesting@gmail.com"} 
[2026-05-23 03:26:40] local.INFO: Returning campaigns for user {"user_id":76,"campaign_count":0,"statuses":[]} 
[2026-05-23 03:27:10] local.INFO: ParseBearerToken middleware invoked {"path":"/api/v2/campaign","method":"GET","has_auth_header":true,"auth_header_preview":"Bearer 176|tvOdAVPlpdhBhLoAtuW...","is_bearer":true} 
[2026-05-23 03:27:10] local.INFO: Extracted bearer token {"token_preview":"176|tvOdAV...","token_length":52} 
[2026-05-23 03:27:10] local.INFO: Found personal access token {"token_id":176,"user_id":76,"revoked":null} 
[2026-05-23 03:27:10] local.INFO: User authenticated via bearer token {"user_id":76,"user_email":"freelancezahedtesting@gmail.com"} 
[2026-05-23 03:27:10] local.INFO: Returning campaigns for user {"user_id":76,"campaign_count":0,"statuses":[]} 
[2026-05-23 03:27:41] local.INFO: ParseBearerToken middleware invoked {"path":"/api/v2/campaign","method":"GET","has_auth_header":true,"auth_header_preview":"Bearer 176|tvOdAVPlpdhBhLoAtuW...","is_bearer":true} 
[2026-05-23 03:27:41] local.INFO: Extracted bearer token {"token_preview":"176|tvOdAV...","token_length":52} 
[2026-05-23 03:27:41] local.INFO: Found personal access token {"token_id":176,"user_id":76,"revoked":null} 
[2026-05-23 03:27:41] local.INFO: User authenticated via bearer token {"user_id":76,"user_email":"freelancezahedtesting@gmail.com"} 
[2026-05-23 03:27:41] local.INFO: Returning campaigns for user {"user_id":76,"campaign_count":0,"statuses":[]} 
[2026-05-23 03:28:10] local.INFO: ParseBearerToken middleware invoked {"path":"/api/v2/campaign","method":"GET","has_auth_header":true,"auth_header_preview":"Bearer 176|tvOdAVPlpdhBhLoAtuW...","is_bearer":true} 
[2026-05-23 03:28:10] local.INFO: Extracted bearer token {"token_preview":"176|tvOdAV...","token_length":52} 
[2026-05-23 03:28:10] local.INFO: Found personal access token {"token_id":176,"user_id":76,"revoked":null} 
[2026-05-23 03:28:10] local.INFO: User authenticated via bearer token {"user_id":76,"user_email":"freelancezahedtesting@gmail.com"} 
[2026-05-23 03:28:10] local.INFO: Returning campaigns for user {"user_id":76,"campaign_count":0,"statuses":[]} 
[2026-05-23 03:28:40] local.INFO: ParseBearerToken middleware invoked {"path":"/api/v2/campaign","method":"GET","has_auth_header":true,"auth_header_preview":"Bearer 176|tvOdAVPlpdhBhLoAtuW...","is_bearer":true} 
[2026-05-23 03:28:40] local.INFO: Extracted bearer token {"token_preview":"176|tvOdAV...","token_length":52} 
[2026-05-23 03:28:41] local.INFO: Found personal access token {"token_id":176,"user_id":76,"revoked":null} 
[2026-05-23 03:28:41] local.INFO: User authenticated via bearer token {"user_id":76,"user_email":"freelancezahedtesting@gmail.com"} 
[2026-05-23 03:28:41] local.INFO: Returning campaigns for user {"user_id":76,"campaign_count":0,"statuses":[]} 
[2026-05-23 03:29:11] local.INFO: ParseBearerToken middleware invoked {"path":"/api/v2/campaign","method":"GET","has_auth_header":true,"auth_header_preview":"Bearer 176|tvOdAVPlpdhBhLoAtuW...","is_bearer":true} 
[2026-05-23 03:29:11] local.INFO: Extracted bearer token {"token_preview":"176|tvOdAV...","token_length":52} 
[2026-05-23 03:29:11] local.INFO: Found personal access token {"token_id":176,"user_id":76,"revoked":null} 
[2026-05-23 03:29:11] local.INFO: User authenticated via bearer token {"user_id":76,"user_email":"freelancezahedtesting@gmail.com"} 
[2026-05-23 03:29:11] local.INFO: Returning campaigns for user {"user_id":76,"campaign_count":0,"statuses":[]} 
[2026-05-23 03:29:41] local.INFO: ParseBearerToken middleware invoked {"path":"/api/v2/campaign","method":"GET","has_auth_header":true,"auth_header_preview":"Bearer 176|tvOdAVPlpdhBhLoAtuW...","is_bearer":true} 
[2026-05-23 03:29:41] local.INFO: Extracted bearer token {"token_preview":"176|tvOdAV...","token_length":52} 
[2026-05-23 03:29:41] local.INFO: Found personal access token {"token_id":176,"user_id":76,"revoked":null} 
[2026-05-23 03:29:41] local.INFO: User authenticated via bearer token {"user_id":76,"user_email":"freelancezahedtesting@gmail.com"} 
[2026-05-23 03:29:41] local.INFO: Returning campaigns for user {"user_id":76,"campaign_count":0,"statuses":[]} 
[2026-05-23 03:30:11] local.INFO: ParseBearerToken middleware invoked {"path":"/api/v2/campaign","method":"GET","has_auth_header":true,"auth_header_preview":"Bearer 176|tvOdAVPlpdhBhLoAtuW...","is_bearer":true} 
[2026-05-23 03:30:11] local.INFO: Extracted bearer token {"token_preview":"176|tvOdAV...","token_length":52} 
[2026-05-23 03:30:11] local.INFO: Found personal access token {"token_id":176,"user_id":76,"revoked":null} 
[2026-05-23 03:30:11] local.INFO: User authenticated via bearer token {"user_id":76,"user_email":"freelancezahedtesting@gmail.com"} 
[2026-05-23 03:30:11] local.INFO: Returning campaigns for user {"user_id":76,"campaign_count":0,"statuses":[]} 
[2026-05-23 03:30:41] local.INFO: ParseBearerToken middleware invoked {"path":"/api/v2/campaign","method":"GET","has_auth_header":true,"auth_header_preview":"Bearer 176|tvOdAVPlpdhBhLoAtuW...","is_bearer":true} 
[2026-05-23 03:30:41] local.INFO: Extracted bearer token {"token_preview":"176|tvOdAV...","token_length":52} 
[2026-05-23 03:30:41] local.INFO: Found personal access token {"token_id":176,"user_id":76,"revoked":null} 
[2026-05-23 03:30:41] local.INFO: User authenticated via bearer token {"user_id":76,"user_email":"freelancezahedtesting@gmail.com"} 
[2026-05-23 03:30:41] local.INFO: Returning campaigns for user {"user_id":76,"campaign_count":0,"statuses":[]} 
[2026-05-23 03:31:11] local.INFO: ParseBearerToken middleware invoked {"path":"/api/v2/campaign","method":"GET","has_auth_header":true,"auth_header_preview":"Bearer 176|tvOdAVPlpdhBhLoAtuW...","is_bearer":true} 
[2026-05-23 03:31:11] local.INFO: Extracted bearer token {"token_preview":"176|tvOdAV...","token_length":52} 
[2026-05-23 03:31:11] local.INFO: Found personal access token {"token_id":176,"user_id":76,"revoked":null} 
[2026-05-23 03:31:11] local.INFO: User authenticated via bearer token {"user_id":76,"user_email":"freelancezahedtesting@gmail.com"} 
[2026-05-23 03:31:11] local.INFO: Returning campaigns for user {"user_id":76,"campaign_count":0,"statuses":[]} 
[2026-05-23 03:31:41] local.INFO: ParseBearerToken middleware invoked {"path":"/api/v2/campaign","method":"GET","has_auth_header":true,"auth_header_preview":"Bearer 176|tvOdAVPlpdhBhLoAtuW...","is_bearer":true} 
[2026-05-23 03:31:41] local.INFO: Extracted bearer token {"token_preview":"176|tvOdAV...","token_length":52} 
[2026-05-23 03:31:41] local.INFO: Found personal access token {"token_id":176,"user_id":76,"revoked":null} 
[2026-05-23 03:31:41] local.INFO: User authenticated via bearer token {"user_id":76,"user_email":"freelancezahedtesting@gmail.com"} 
[2026-05-23 03:31:41] local.INFO: Returning campaigns for user {"user_id":76,"campaign_count":0,"statuses":[]} 
[2026-05-23 03:32:10] local.INFO: ParseBearerToken middleware invoked {"path":"/api/v2/campaign","method":"GET","has_auth_header":true,"auth_header_preview":"Bearer 176|tvOdAVPlpdhBhLoAtuW...","is_bearer":true} 
[2026-05-23 03:32:10] local.INFO: Extracted bearer token {"token_preview":"176|tvOdAV...","token_length":52} 
[2026-05-23 03:32:10] local.INFO: Found personal access token {"token_id":176,"user_id":76,"revoked":null} 
[2026-05-23 03:32:11] local.INFO: User authenticated via bearer token {"user_id":76,"user_email":"freelancezahedtesting@gmail.com"} 
[2026-05-23 03:32:11] local.INFO: Returning campaigns for user {"user_id":76,"campaign_count":0,"statuses":[]} 
[2026-05-23 03:32:41] local.INFO: ParseBearerToken middleware invoked {"path":"/api/v2/campaign","method":"GET","has_auth_header":true,"auth_header_preview":"Bearer 176|tvOdAVPlpdhBhLoAtuW...","is_bearer":true} 
[2026-05-23 03:32:41] local.INFO: Extracted bearer token {"token_preview":"176|tvOdAV...","token_length":52} 
[2026-05-23 03:32:41] local.INFO: Found personal access token {"token_id":176,"user_id":76,"revoked":null} 
[2026-05-23 03:32:41] local.INFO: User authenticated via bearer token {"user_id":76,"user_email":"freelancezahedtesting@gmail.com"} 
[2026-05-23 03:32:41] local.INFO: Returning campaigns for user {"user_id":76,"campaign_count":0,"statuses":[]} 
[2026-05-23 03:33:10] local.INFO: ParseBearerToken middleware invoked {"path":"/api/v2/campaign","method":"GET","has_auth_header":true,"auth_header_preview":"Bearer 176|tvOdAVPlpdhBhLoAtuW...","is_bearer":true} 
[2026-05-23 03:33:10] local.INFO: Extracted bearer token {"token_preview":"176|tvOdAV...","token_length":52} 
[2026-05-23 03:33:10] local.INFO: Found personal access token {"token_id":176,"user_id":76,"revoked":null} 
[2026-05-23 03:33:10] local.INFO: User authenticated via bearer token {"user_id":76,"user_email":"freelancezahedtesting@gmail.com"} 
[2026-05-23 03:33:10] local.INFO: Returning campaigns for user {"user_id":76,"campaign_count":0,"statuses":[]} 
[2026-05-23 03:33:40] local.INFO: ParseBearerToken middleware invoked {"path":"/api/v2/campaign","method":"GET","has_auth_header":true,"auth_header_preview":"Bearer 176|tvOdAVPlpdhBhLoAtuW...","is_bearer":true} 
[2026-05-23 03:33:40] local.INFO: Extracted bearer token {"token_preview":"176|tvOdAV...","token_length":52} 
[2026-05-23 03:33:40] local.INFO: Found personal access token {"token_id":176,"user_id":76,"revoked":null} 
[2026-05-23 03:33:40] local.INFO: User authenticated via bearer token {"user_id":76,"user_email":"freelancezahedtesting@gmail.com"} 
[2026-05-23 03:33:40] local.INFO: Returning campaigns for user {"user_id":76,"campaign_count":0,"statuses":[]} 
[2026-05-23 03:34:11] local.INFO: ParseBearerToken middleware invoked {"path":"/api/v2/campaign","method":"GET","has_auth_header":true,"auth_header_preview":"Bearer 176|tvOdAVPlpdhBhLoAtuW...","is_bearer":true} 
[2026-05-23 03:34:11] local.INFO: Extracted bearer token {"token_preview":"176|tvOdAV...","token_length":52} 
[2026-05-23 03:34:11] local.INFO: Found personal access token {"token_id":176,"user_id":76,"revoked":null} 
[2026-05-23 03:34:11] local.INFO: User authenticated via bearer token {"user_id":76,"user_email":"freelancezahedtesting@gmail.com"} 
[2026-05-23 03:34:11] local.INFO: Returning campaigns for user {"user_id":76,"campaign_count":0,"statuses":[]} 
[2026-05-23 03:34:40] local.INFO: ParseBearerToken middleware invoked {"path":"/api/v2/campaign","method":"GET","has_auth_header":true,"auth_header_preview":"Bearer 176|tvOdAVPlpdhBhLoAtuW...","is_bearer":true} 
[2026-05-23 03:34:40] local.INFO: Extracted bearer token {"token_preview":"176|tvOdAV...","token_length":52} 
[2026-05-23 03:34:40] local.INFO: Found personal access token {"token_id":176,"user_id":76,"revoked":null} 
[2026-05-23 03:34:40] local.INFO: User authenticated via bearer token {"user_id":76,"user_email":"freelancezahedtesting@gmail.com"} 
[2026-05-23 03:34:40] local.INFO: Returning campaigns for user {"user_id":76,"campaign_count":0,"statuses":[]} 
[2026-05-23 03:35:10] local.INFO: ParseBearerToken middleware invoked {"path":"/api/v2/campaign","method":"GET","has_auth_header":true,"auth_header_preview":"Bearer 176|tvOdAVPlpdhBhLoAtuW...","is_bearer":true} 
[2026-05-23 03:35:10] local.INFO: Extracted bearer token {"token_preview":"176|tvOdAV...","token_length":52} 
[2026-05-23 03:35:10] local.INFO: Found personal access token {"token_id":176,"user_id":76,"revoked":null} 
[2026-05-23 03:35:10] local.INFO: User authenticated via bearer token {"user_id":76,"user_email":"freelancezahedtesting@gmail.com"} 
[2026-05-23 03:35:10] local.INFO: Returning campaigns for user {"user_id":76,"campaign_count":0,"statuses":[]} 
[2026-05-23 03:35:40] local.INFO: ParseBearerToken middleware invoked {"path":"/api/v2/campaign","method":"GET","has_auth_header":true,"auth_header_preview":"Bearer 176|tvOdAVPlpdhBhLoAtuW...","is_bearer":true} 
[2026-05-23 03:35:40] local.INFO: Extracted bearer token {"token_preview":"176|tvOdAV...","token_length":52} 
[2026-05-23 03:35:40] local.INFO: Found personal access token {"token_id":176,"user_id":76,"revoked":null} 
[2026-05-23 03:35:40] local.INFO: User authenticated via bearer token {"user_id":76,"user_email":"freelancezahedtesting@gmail.com"} 
[2026-05-23 03:35:40] local.INFO: Returning campaigns for user {"user_id":76,"campaign_count":0,"statuses":[]} 
[2026-05-23 03:36:11] local.INFO: ParseBearerToken middleware invoked {"path":"/api/v2/campaign","method":"GET","has_auth_header":true,"auth_header_preview":"Bearer 176|tvOdAVPlpdhBhLoAtuW...","is_bearer":true} 
[2026-05-23 03:36:11] local.INFO: Extracted bearer token {"token_preview":"176|tvOdAV...","token_length":52} 
[2026-05-23 03:36:11] local.INFO: Found personal access token {"token_id":176,"user_id":76,"revoked":null} 
[2026-05-23 03:36:11] local.INFO: User authenticated via bearer token {"user_id":76,"user_email":"freelancezahedtesting@gmail.com"} 
[2026-05-23 03:36:11] local.INFO: Returning campaigns for user {"user_id":76,"campaign_count":0,"statuses":[]} 
[2026-05-23 03:36:40] local.INFO: ParseBearerToken middleware invoked {"path":"/api/v2/campaign","method":"GET","has_auth_header":true,"auth_header_preview":"Bearer 176|tvOdAVPlpdhBhLoAtuW...","is_bearer":true} 
[2026-05-23 03:36:40] local.INFO: Extracted bearer token {"token_preview":"176|tvOdAV...","token_length":52} 
[2026-05-23 03:36:40] local.INFO: Found personal access token {"token_id":176,"user_id":76,"revoked":null} 
[2026-05-23 03:36:40] local.INFO: User authenticated via bearer token {"user_id":76,"user_email":"freelancezahedtesting@gmail.com"} 
[2026-05-23 03:36:40] local.INFO: Returning campaigns for user {"user_id":76,"campaign_count":0,"statuses":[]} 
[2026-05-23 03:37:10] local.INFO: ParseBearerToken middleware invoked {"path":"/api/v2/campaign","method":"GET","has_auth_header":true,"auth_header_preview":"Bearer 176|tvOdAVPlpdhBhLoAtuW...","is_bearer":true} 
[2026-05-23 03:37:10] local.INFO: Extracted bearer token {"token_preview":"176|tvOdAV...","token_length":52} 
[2026-05-23 03:37:10] local.INFO: Found personal access token {"token_id":176,"user_id":76,"revoked":null} 
[2026-05-23 03:37:10] local.INFO: User authenticated via bearer token {"user_id":76,"user_email":"freelancezahedtesting@gmail.com"} 
[2026-05-23 03:37:10] local.INFO: Returning campaigns for user {"user_id":76,"campaign_count":0,"statuses":[]} 
[2026-05-23 03:37:40] local.INFO: ParseBearerToken middleware invoked {"path":"/api/v2/campaign","method":"GET","has_auth_header":true,"auth_header_preview":"Bearer 176|tvOdAVPlpdhBhLoAtuW...","is_bearer":true} 
[2026-05-23 03:37:40] local.INFO: Extracted bearer token {"token_preview":"176|tvOdAV...","token_length":52} 
[2026-05-23 03:37:40] local.INFO: Found personal access token {"token_id":176,"user_id":76,"revoked":null} 
[2026-05-23 03:37:40] local.INFO: User authenticated via bearer token {"user_id":76,"user_email":"freelancezahedtesting@gmail.com"} 
[2026-05-23 03:37:40] local.INFO: Returning campaigns for user {"user_id":76,"campaign_count":0,"statuses":[]} 
[2026-05-23 03:38:11] local.INFO: ParseBearerToken middleware invoked {"path":"/api/v2/campaign","method":"GET","has_auth_header":true,"auth_header_preview":"Bearer 176|tvOdAVPlpdhBhLoAtuW...","is_bearer":true} 
[2026-05-23 03:38:11] local.INFO: Extracted bearer token {"token_preview":"176|tvOdAV...","token_length":52} 
[2026-05-23 03:38:11] local.INFO: Found personal access token {"token_id":176,"user_id":76,"revoked":null} 
[2026-05-23 03:38:11] local.INFO: User authenticated via bearer token {"user_id":76,"user_email":"freelancezahedtesting@gmail.com"} 
[2026-05-23 03:38:11] local.INFO: Returning campaigns for user {"user_id":76,"campaign_count":0,"statuses":[]} 
[2026-05-23 03:38:40] local.INFO: ParseBearerToken middleware invoked {"path":"/api/v2/campaign","method":"GET","has_auth_header":true,"auth_header_preview":"Bearer 176|tvOdAVPlpdhBhLoAtuW...","is_bearer":true} 
[2026-05-23 03:38:40] local.INFO: Extracted bearer token {"token_preview":"176|tvOdAV...","token_length":52} 
[2026-05-23 03:38:40] local.INFO: Found personal access token {"token_id":176,"user_id":76,"revoked":null} 
[2026-05-23 03:38:40] local.INFO: User authenticated via bearer token {"user_id":76,"user_email":"freelancezahedtesting@gmail.com"} 
[2026-05-23 03:38:40] local.INFO: Returning campaigns for user {"user_id":76,"campaign_count":0,"statuses":[]} 
[2026-05-23 03:39:10] local.INFO: ParseBearerToken middleware invoked {"path":"/api/v2/campaign","method":"GET","has_auth_header":true,"auth_header_preview":"Bearer 176|tvOdAVPlpdhBhLoAtuW...","is_bearer":true} 
[2026-05-23 03:39:10] local.INFO: Extracted bearer token {"token_preview":"176|tvOdAV...","token_length":52} 
[2026-05-23 03:39:10] local.INFO: Found personal access token {"token_id":176,"user_id":76,"revoked":null} 
[2026-05-23 03:39:10] local.INFO: User authenticated via bearer token {"user_id":76,"user_email":"freelancezahedtesting@gmail.com"} 
[2026-05-23 03:39:11] local.INFO: Returning campaigns for user {"user_id":76,"campaign_count":0,"statuses":[]} 
[2026-05-23 03:39:41] local.INFO: ParseBearerToken middleware invoked {"path":"/api/v2/campaign","method":"GET","has_auth_header":true,"auth_header_preview":"Bearer 176|tvOdAVPlpdhBhLoAtuW...","is_bearer":true} 
[2026-05-23 03:39:41] local.INFO: Extracted bearer token {"token_preview":"176|tvOdAV...","token_length":52} 
[2026-05-23 03:39:41] local.INFO: Found personal access token {"token_id":176,"user_id":76,"revoked":null} 
[2026-05-23 03:39:41] local.INFO: User authenticated via bearer token {"user_id":76,"user_email":"freelancezahedtesting@gmail.com"} 
[2026-05-23 03:39:41] local.INFO: Returning campaigns for user {"user_id":76,"campaign_count":0,"statuses":[]} 
[2026-05-23 03:40:10] local.INFO: ParseBearerToken middleware invoked {"path":"/api/v2/campaign","method":"GET","has_auth_header":true,"auth_header_preview":"Bearer 176|tvOdAVPlpdhBhLoAtuW...","is_bearer":true} 
[2026-05-23 03:40:10] local.INFO: Extracted bearer token {"token_preview":"176|tvOdAV...","token_length":52} 
[2026-05-23 03:40:10] local.INFO: Found personal access token {"token_id":176,"user_id":76,"revoked":null} 
[2026-05-23 03:40:10] local.INFO: User authenticated via bearer token {"user_id":76,"user_email":"freelancezahedtesting@gmail.com"} 
[2026-05-23 03:40:10] local.INFO: Returning campaigns for user {"user_id":76,"campaign_count":0,"statuses":[]} 
[2026-05-23 03:40:41] local.INFO: ParseBearerToken middleware invoked {"path":"/api/v2/campaign","method":"GET","has_auth_header":true,"auth_header_preview":"Bearer 176|tvOdAVPlpdhBhLoAtuW...","is_bearer":true} 
[2026-05-23 03:40:41] local.INFO: Extracted bearer token {"token_preview":"176|tvOdAV...","token_length":52} 
[2026-05-23 03:40:41] local.INFO: Found personal access token {"token_id":176,"user_id":76,"revoked":null} 
[2026-05-23 03:40:41] local.INFO: User authenticated via bearer token {"user_id":76,"user_email":"freelancezahedtesting@gmail.com"} 
[2026-05-23 03:40:41] local.INFO: Returning campaigns for user {"user_id":76,"campaign_count":0,"statuses":[]} 
[2026-05-23 03:41:10] local.INFO: ParseBearerToken middleware invoked {"path":"/api/v2/campaign","method":"GET","has_auth_header":true,"auth_header_preview":"Bearer 176|tvOdAVPlpdhBhLoAtuW...","is_bearer":true} 
[2026-05-23 03:41:10] local.INFO: Extracted bearer token {"token_preview":"176|tvOdAV...","token_length":52} 
[2026-05-23 03:41:10] local.INFO: Found personal access token {"token_id":176,"user_id":76,"revoked":null} 
[2026-05-23 03:41:10] local.INFO: User authenticated via bearer token {"user_id":76,"user_email":"freelancezahedtesting@gmail.com"} 
[2026-05-23 03:41:10] local.INFO: Returning campaigns for user {"user_id":76,"campaign_count":0,"statuses":[]} 
[2026-05-23 03:41:40] local.INFO: ParseBearerToken middleware invoked {"path":"/api/v2/campaign","method":"GET","has_auth_header":true,"auth_header_preview":"Bearer 176|tvOdAVPlpdhBhLoAtuW...","is_bearer":true} 
[2026-05-23 03:41:40] local.INFO: Extracted bearer token {"token_preview":"176|tvOdAV...","token_length":52} 
[2026-05-23 03:41:40] local.INFO: Found personal access token {"token_id":176,"user_id":76,"revoked":null} 
[2026-05-23 03:41:40] local.INFO: User authenticated via bearer token {"user_id":76,"user_email":"freelancezahedtesting@gmail.com"} 
[2026-05-23 03:41:40] local.INFO: Returning campaigns for user {"user_id":76,"campaign_count":0,"statuses":[]} 
[2026-05-23 03:42:10] local.INFO: ParseBearerToken middleware invoked {"path":"/api/v2/campaign","method":"GET","has_auth_header":true,"auth_header_preview":"Bearer 176|tvOdAVPlpdhBhLoAtuW...","is_bearer":true} 
[2026-05-23 03:42:10] local.INFO: Extracted bearer token {"token_preview":"176|tvOdAV...","token_length":52} 
[2026-05-23 03:42:10] local.INFO: Found personal access token {"token_id":176,"user_id":76,"revoked":null} 
[2026-05-23 03:42:10] local.INFO: User authenticated via bearer token {"user_id":76,"user_email":"freelancezahedtesting@gmail.com"} 
[2026-05-23 03:42:10] local.INFO: Returning campaigns for user {"user_id":76,"campaign_count":0,"statuses":[]} 
[2026-05-23 03:42:40] local.INFO: ParseBearerToken middleware invoked {"path":"/api/v2/campaign","method":"GET","has_auth_header":true,"auth_header_preview":"Bearer 176|tvOdAVPlpdhBhLoAtuW...","is_bearer":true} 
[2026-05-23 03:42:40] local.INFO: Extracted bearer token {"token_preview":"176|tvOdAV...","token_length":52} 
[2026-05-23 03:42:40] local.INFO: Found personal access token {"token_id":176,"user_id":76,"revoked":null} 
[2026-05-23 03:42:40] local.INFO: User authenticated via bearer token {"user_id":76,"user_email":"freelancezahedtesting@gmail.com"} 
[2026-05-23 03:42:40] local.INFO: Returning campaigns for user {"user_id":76,"campaign_count":0,"statuses":[]} 
[2026-05-23 03:43:10] local.INFO: ParseBearerToken middleware invoked {"path":"/api/v2/campaign","method":"GET","has_auth_header":true,"auth_header_preview":"Bearer 176|tvOdAVPlpdhBhLoAtuW...","is_bearer":true} 
[2026-05-23 03:43:10] local.INFO: Extracted bearer token {"token_preview":"176|tvOdAV...","token_length":52} 
[2026-05-23 03:43:10] local.INFO: Found personal access token {"token_id":176,"user_id":76,"revoked":null} 
[2026-05-23 03:43:10] local.INFO: User authenticated via bearer token {"user_id":76,"user_email":"freelancezahedtesting@gmail.com"} 
[2026-05-23 03:43:10] local.INFO: Returning campaigns for user {"user_id":76,"campaign_count":0,"statuses":[]} 
[2026-05-23 03:43:40] local.INFO: ParseBearerToken middleware invoked {"path":"/api/v2/campaign","method":"GET","has_auth_header":true,"auth_header_preview":"Bearer 176|tvOdAVPlpdhBhLoAtuW...","is_bearer":true} 
[2026-05-23 03:43:40] local.INFO: Extracted bearer token {"token_preview":"176|tvOdAV...","token_length":52} 
[2026-05-23 03:43:40] local.INFO: Found personal access token {"token_id":176,"user_id":76,"revoked":null} 
[2026-05-23 03:43:40] local.INFO: User authenticated via bearer token {"user_id":76,"user_email":"freelancezahedtesting@gmail.com"} 
[2026-05-23 03:43:40] local.INFO: Returning campaigns for user {"user_id":76,"campaign_count":0,"statuses":[]} 
[2026-05-23 03:44:11] local.INFO: ParseBearerToken middleware invoked {"path":"/api/v2/campaign","method":"GET","has_auth_header":true,"auth_header_preview":"Bearer 176|tvOdAVPlpdhBhLoAtuW...","is_bearer":true} 
[2026-05-23 03:44:11] local.INFO: Extracted bearer token {"token_preview":"176|tvOdAV...","token_length":52} 
[2026-05-23 03:44:11] local.INFO: Found personal access token {"token_id":176,"user_id":76,"revoked":null} 
[2026-05-23 03:44:11] local.INFO: User authenticated via bearer token {"user_id":76,"user_email":"freelancezahedtesting@gmail.com"} 
[2026-05-23 03:44:11] local.INFO: Returning campaigns for user {"user_id":76,"campaign_count":0,"statuses":[]} 
[2026-05-23 03:44:41] local.INFO: ParseBearerToken middleware invoked {"path":"/api/v2/campaign","method":"GET","has_auth_header":true,"auth_header_preview":"Bearer 176|tvOdAVPlpdhBhLoAtuW...","is_bearer":true} 
[2026-05-23 03:44:41] local.INFO: Extracted bearer token {"token_preview":"176|tvOdAV...","token_length":52} 
[2026-05-23 03:44:41] local.INFO: Found personal access token {"token_id":176,"user_id":76,"revoked":null} 
[2026-05-23 03:44:41] local.INFO: User authenticated via bearer token {"user_id":76,"user_email":"freelancezahedtesting@gmail.com"} 
[2026-05-23 03:44:41] local.INFO: Returning campaigns for user {"user_id":76,"campaign_count":0,"statuses":[]} 
[2026-05-23 03:45:11] local.INFO: ParseBearerToken middleware invoked {"path":"/api/v2/campaign","method":"GET","has_auth_header":true,"auth_header_preview":"Bearer 176|tvOdAVPlpdhBhLoAtuW...","is_bearer":true} 
[2026-05-23 03:45:11] local.INFO: Extracted bearer token {"token_preview":"176|tvOdAV...","token_length":52} 
[2026-05-23 03:45:11] local.INFO: Found personal access token {"token_id":176,"user_id":76,"revoked":null} 
[2026-05-23 03:45:11] local.INFO: User authenticated via bearer token {"user_id":76,"user_email":"freelancezahedtesting@gmail.com"} 
[2026-05-23 03:45:11] local.INFO: Returning campaigns for user {"user_id":76,"campaign_count":0,"statuses":[]} 
[2026-05-23 03:45:41] local.INFO: ParseBearerToken middleware invoked {"path":"/api/v2/campaign","method":"GET","has_auth_header":true,"auth_header_preview":"Bearer 176|tvOdAVPlpdhBhLoAtuW...","is_bearer":true} 
[2026-05-23 03:45:41] local.INFO: Extracted bearer token {"token_preview":"176|tvOdAV...","token_length":52} 
[2026-05-23 03:45:41] local.INFO: Found personal access token {"token_id":176,"user_id":76,"revoked":null} 
[2026-05-23 03:45:41] local.INFO: User authenticated via bearer token {"user_id":76,"user_email":"freelancezahedtesting@gmail.com"} 
[2026-05-23 03:45:41] local.INFO: Returning campaigns for user {"user_id":76,"campaign_count":0,"statuses":[]} 
[2026-05-23 03:46:10] local.INFO: ParseBearerToken middleware invoked {"path":"/api/v2/campaign","method":"GET","has_auth_header":true,"auth_header_preview":"Bearer 176|tvOdAVPlpdhBhLoAtuW...","is_bearer":true} 
[2026-05-23 03:46:10] local.INFO: Extracted bearer token {"token_preview":"176|tvOdAV...","token_length":52} 
[2026-05-23 03:46:10] local.INFO: Found personal access token {"token_id":176,"user_id":76,"revoked":null} 
[2026-05-23 03:46:10] local.INFO: User authenticated via bearer token {"user_id":76,"user_email":"freelancezahedtesting@gmail.com"} 
[2026-05-23 03:46:10] local.INFO: Returning campaigns for user {"user_id":76,"campaign_count":0,"statuses":[]} 
[2026-05-23 03:46:41] local.INFO: ParseBearerToken middleware invoked {"path":"/api/v2/campaign","method":"GET","has_auth_header":true,"auth_header_preview":"Bearer 176|tvOdAVPlpdhBhLoAtuW...","is_bearer":true} 
[2026-05-23 03:46:41] local.INFO: Extracted bearer token {"token_preview":"176|tvOdAV...","token_length":52} 
[2026-05-23 03:46:41] local.INFO: Found personal access token {"token_id":176,"user_id":76,"revoked":null} 
[2026-05-23 03:46:41] local.INFO: User authenticated via bearer token {"user_id":76,"user_email":"freelancezahedtesting@gmail.com"} 
[2026-05-23 03:46:41] local.INFO: Returning campaigns for user {"user_id":76,"campaign_count":0,"statuses":[]} 
[2026-05-23 03:47:11] local.INFO: ParseBearerToken middleware invoked {"path":"/api/v2/campaign","method":"GET","has_auth_header":true,"auth_header_preview":"Bearer 176|tvOdAVPlpdhBhLoAtuW...","is_bearer":true} 
[2026-05-23 03:47:11] local.INFO: Extracted bearer token {"token_preview":"176|tvOdAV...","token_length":52} 
[2026-05-23 03:47:11] local.INFO: Found personal access token {"token_id":176,"user_id":76,"revoked":null} 
[2026-05-23 03:47:11] local.INFO: User authenticated via bearer token {"user_id":76,"user_email":"freelancezahedtesting@gmail.com"} 
[2026-05-23 03:47:11] local.INFO: Returning campaigns for user {"user_id":76,"campaign_count":0,"statuses":[]} 
[2026-05-23 03:47:41] local.INFO: ParseBearerToken middleware invoked {"path":"/api/v2/campaign","method":"GET","has_auth_header":true,"auth_header_preview":"Bearer 176|tvOdAVPlpdhBhLoAtuW...","is_bearer":true} 
[2026-05-23 03:47:41] local.INFO: Extracted bearer token {"token_preview":"176|tvOdAV...","token_length":52} 
[2026-05-23 03:47:41] local.INFO: Found personal access token {"token_id":176,"user_id":76,"revoked":null} 
[2026-05-23 03:47:41] local.INFO: User authenticated via bearer token {"user_id":76,"user_email":"freelancezahedtesting@gmail.com"} 
[2026-05-23 03:47:41] local.INFO: Returning campaigns for user {"user_id":76,"campaign_count":0,"statuses":[]} 
[2026-05-23 03:48:11] local.INFO: ParseBearerToken middleware invoked {"path":"/api/v2/campaign","method":"GET","has_auth_header":true,"auth_header_preview":"Bearer 176|tvOdAVPlpdhBhLoAtuW...","is_bearer":true} 
[2026-05-23 03:48:11] local.INFO: Extracted bearer token {"token_preview":"176|tvOdAV...","token_length":52} 
[2026-05-23 03:48:11] local.INFO: Found personal access token {"token_id":176,"user_id":76,"revoked":null} 
[2026-05-23 03:48:11] local.INFO: User authenticated via bearer token {"user_id":76,"user_email":"freelancezahedtesting@gmail.com"} 
[2026-05-23 03:48:11] local.INFO: Returning campaigns for user {"user_id":76,"campaign_count":0,"statuses":[]} 
[2026-05-23 03:48:40] local.INFO: ParseBearerToken middleware invoked {"path":"/api/v2/campaign","method":"GET","has_auth_header":true,"auth_header_preview":"Bearer 176|tvOdAVPlpdhBhLoAtuW...","is_bearer":true} 
[2026-05-23 03:48:40] local.INFO: Extracted bearer token {"token_preview":"176|tvOdAV...","token_length":52} 
[2026-05-23 03:48:40] local.INFO: Found personal access token {"token_id":176,"user_id":76,"revoked":null} 
[2026-05-23 03:48:41] local.INFO: User authenticated via bearer token {"user_id":76,"user_email":"freelancezahedtesting@gmail.com"} 
[2026-05-23 03:48:41] local.INFO: Returning campaigns for user {"user_id":76,"campaign_count":0,"statuses":[]} 
[2026-05-23 03:49:10] local.INFO: ParseBearerToken middleware invoked {"path":"/api/v2/campaign","method":"GET","has_auth_header":true,"auth_header_preview":"Bearer 176|tvOdAVPlpdhBhLoAtuW...","is_bearer":true} 
[2026-05-23 03:49:10] local.INFO: Extracted bearer token {"token_preview":"176|tvOdAV...","token_length":52} 
[2026-05-23 03:49:10] local.INFO: Found personal access token {"token_id":176,"user_id":76,"revoked":null} 
[2026-05-23 03:49:10] local.INFO: User authenticated via bearer token {"user_id":76,"user_email":"freelancezahedtesting@gmail.com"} 
[2026-05-23 03:49:10] local.INFO: Returning campaigns for user {"user_id":76,"campaign_count":0,"statuses":[]} 
[2026-05-23 03:49:41] local.INFO: ParseBearerToken middleware invoked {"path":"/api/v2/campaign","method":"GET","has_auth_header":true,"auth_header_preview":"Bearer 176|tvOdAVPlpdhBhLoAtuW...","is_bearer":true} 
[2026-05-23 03:49:41] local.INFO: Extracted bearer token {"token_preview":"176|tvOdAV...","token_length":52} 
[2026-05-23 03:49:41] local.INFO: Found personal access token {"token_id":176,"user_id":76,"revoked":null} 
[2026-05-23 03:49:41] local.INFO: User authenticated via bearer token {"user_id":76,"user_email":"freelancezahedtesting@gmail.com"} 
[2026-05-23 03:49:41] local.INFO: Returning campaigns for user {"user_id":76,"campaign_count":0,"statuses":[]} 
[2026-05-23 03:50:11] local.INFO: ParseBearerToken middleware invoked {"path":"/api/v2/campaign","method":"GET","has_auth_header":true,"auth_header_preview":"Bearer 176|tvOdAVPlpdhBhLoAtuW...","is_bearer":true} 
[2026-05-23 03:50:11] local.INFO: Extracted bearer token {"token_preview":"176|tvOdAV...","token_length":52} 
[2026-05-23 03:50:11] local.INFO: Found personal access token {"token_id":176,"user_id":76,"revoked":null} 
[2026-05-23 03:50:11] local.INFO: User authenticated via bearer token {"user_id":76,"user_email":"freelancezahedtesting@gmail.com"} 
[2026-05-23 03:50:11] local.INFO: Returning campaigns for user {"user_id":76,"campaign_count":0,"statuses":[]} 
[2026-05-23 03:50:41] local.INFO: ParseBearerToken middleware invoked {"path":"/api/v2/campaign","method":"GET","has_auth_header":true,"auth_header_preview":"Bearer 176|tvOdAVPlpdhBhLoAtuW...","is_bearer":true} 
[2026-05-23 03:50:41] local.INFO: Extracted bearer token {"token_preview":"176|tvOdAV...","token_length":52} 
[2026-05-23 03:50:41] local.INFO: Found personal access token {"token_id":176,"user_id":76,"revoked":null} 
[2026-05-23 03:50:41] local.INFO: User authenticated via bearer token {"user_id":76,"user_email":"freelancezahedtesting@gmail.com"} 
[2026-05-23 03:50:41] local.INFO: Returning campaigns for user {"user_id":76,"campaign_count":0,"statuses":[]} 
[2026-05-23 03:51:11] local.INFO: ParseBearerToken middleware invoked {"path":"/api/v2/campaign","method":"GET","has_auth_header":true,"auth_header_preview":"Bearer 176|tvOdAVPlpdhBhLoAtuW...","is_bearer":true} 
[2026-05-23 03:51:11] local.INFO: Extracted bearer token {"token_preview":"176|tvOdAV...","token_length":52} 
[2026-05-23 03:51:11] local.INFO: Found personal access token {"token_id":176,"user_id":76,"revoked":null} 
[2026-05-23 03:51:11] local.INFO: User authenticated via bearer token {"user_id":76,"user_email":"freelancezahedtesting@gmail.com"} 
[2026-05-23 03:51:11] local.INFO: Returning campaigns for user {"user_id":76,"campaign_count":0,"statuses":[]} 
[2026-05-23 03:51:40] local.INFO: ParseBearerToken middleware invoked {"path":"/api/v2/campaign","method":"GET","has_auth_header":true,"auth_header_preview":"Bearer 176|tvOdAVPlpdhBhLoAtuW...","is_bearer":true} 
[2026-05-23 03:51:40] local.INFO: Extracted bearer token {"token_preview":"176|tvOdAV...","token_length":52} 
[2026-05-23 03:51:40] local.INFO: Found personal access token {"token_id":176,"user_id":76,"revoked":null} 
[2026-05-23 03:51:40] local.INFO: User authenticated via bearer token {"user_id":76,"user_email":"freelancezahedtesting@gmail.com"} 
[2026-05-23 03:51:40] local.INFO: Returning campaigns for user {"user_id":76,"campaign_count":0,"statuses":[]} 
[2026-05-23 03:52:11] local.INFO: ParseBearerToken middleware invoked {"path":"/api/v2/campaign","method":"GET","has_auth_header":true,"auth_header_preview":"Bearer 176|tvOdAVPlpdhBhLoAtuW...","is_bearer":true} 
[2026-05-23 03:52:11] local.INFO: Extracted bearer token {"token_preview":"176|tvOdAV...","token_length":52} 
[2026-05-23 03:52:11] local.INFO: Found personal access token {"token_id":176,"user_id":76,"revoked":null} 
[2026-05-23 03:52:11] local.INFO: User authenticated via bearer token {"user_id":76,"user_email":"freelancezahedtesting@gmail.com"} 
[2026-05-23 03:52:11] local.INFO: Returning campaigns for user {"user_id":76,"campaign_count":0,"statuses":[]} 
[2026-05-23 03:52:40] local.INFO: ParseBearerToken middleware invoked {"path":"/api/v2/campaign","method":"GET","has_auth_header":true,"auth_header_preview":"Bearer 176|tvOdAVPlpdhBhLoAtuW...","is_bearer":true} 
[2026-05-23 03:52:40] local.INFO: Extracted bearer token {"token_preview":"176|tvOdAV...","token_length":52} 
[2026-05-23 03:52:40] local.INFO: Found personal access token {"token_id":176,"user_id":76,"revoked":null} 
[2026-05-23 03:52:40] local.INFO: User authenticated via bearer token {"user_id":76,"user_email":"freelancezahedtesting@gmail.com"} 
[2026-05-23 03:52:40] local.INFO: Returning campaigns for user {"user_id":76,"campaign_count":0,"statuses":[]} 
[2026-05-23 03:53:11] local.INFO: ParseBearerToken middleware invoked {"path":"/api/v2/campaign","method":"GET","has_auth_header":true,"auth_header_preview":"Bearer 176|tvOdAVPlpdhBhLoAtuW...","is_bearer":true} 
[2026-05-23 03:53:11] local.INFO: Extracted bearer token {"token_preview":"176|tvOdAV...","token_length":52} 
[2026-05-23 03:53:11] local.INFO: Found personal access token {"token_id":176,"user_id":76,"revoked":null} 
[2026-05-23 03:53:11] local.INFO: User authenticated via bearer token {"user_id":76,"user_email":"freelancezahedtesting@gmail.com"} 
[2026-05-23 03:53:11] local.INFO: Returning campaigns for user {"user_id":76,"campaign_count":0,"statuses":[]} 
[2026-05-23 03:53:41] local.INFO: ParseBearerToken middleware invoked {"path":"/api/v2/campaign","method":"GET","has_auth_header":true,"auth_header_preview":"Bearer 176|tvOdAVPlpdhBhLoAtuW...","is_bearer":true} 
[2026-05-23 03:53:41] local.INFO: Extracted bearer token {"token_preview":"176|tvOdAV...","token_length":52} 
[2026-05-23 03:53:41] local.INFO: Found personal access token {"token_id":176,"user_id":76,"revoked":null} 
[2026-05-23 03:53:41] local.INFO: User authenticated via bearer token {"user_id":76,"user_email":"freelancezahedtesting@gmail.com"} 
[2026-05-23 03:53:41] local.INFO: Returning campaigns for user {"user_id":76,"campaign_count":0,"statuses":[]} 
[2026-05-23 03:54:11] local.INFO: ParseBearerToken middleware invoked {"path":"/api/v2/campaign","method":"GET","has_auth_header":true,"auth_header_preview":"Bearer 176|tvOdAVPlpdhBhLoAtuW...","is_bearer":true} 
[2026-05-23 03:54:11] local.INFO: Extracted bearer token {"token_preview":"176|tvOdAV...","token_length":52} 
[2026-05-23 03:54:11] local.INFO: Found personal access token {"token_id":176,"user_id":76,"revoked":null} 
[2026-05-23 03:54:11] local.INFO: User authenticated via bearer token {"user_id":76,"user_email":"freelancezahedtesting@gmail.com"} 
[2026-05-23 03:54:11] local.INFO: Returning campaigns for user {"user_id":76,"campaign_count":0,"statuses":[]} 
[2026-05-23 03:54:41] local.INFO: ParseBearerToken middleware invoked {"path":"/api/v2/campaign","method":"GET","has_auth_header":true,"auth_header_preview":"Bearer 176|tvOdAVPlpdhBhLoAtuW...","is_bearer":true} 
[2026-05-23 03:54:41] local.INFO: Extracted bearer token {"token_preview":"176|tvOdAV...","token_length":52} 
[2026-05-23 03:54:41] local.INFO: Found personal access token {"token_id":176,"user_id":76,"revoked":null} 
[2026-05-23 03:54:41] local.INFO: User authenticated via bearer token {"user_id":76,"user_email":"freelancezahedtesting@gmail.com"} 
[2026-05-23 03:54:41] local.INFO: Returning campaigns for user {"user_id":76,"campaign_count":0,"statuses":[]} 
[2026-05-23 03:55:11] local.INFO: ParseBearerToken middleware invoked {"path":"/api/v2/campaign","method":"GET","has_auth_header":true,"auth_header_preview":"Bearer 176|tvOdAVPlpdhBhLoAtuW...","is_bearer":true} 
[2026-05-23 03:55:11] local.INFO: Extracted bearer token {"token_preview":"176|tvOdAV...","token_length":52} 
[2026-05-23 03:55:11] local.INFO: Found personal access token {"token_id":176,"user_id":76,"revoked":null} 
[2026-05-23 03:55:11] local.INFO: User authenticated via bearer token {"user_id":76,"user_email":"freelancezahedtesting@gmail.com"} 
[2026-05-23 03:55:11] local.INFO: Returning campaigns for user {"user_id":76,"campaign_count":0,"statuses":[]} 
[2026-05-23 03:55:41] local.INFO: ParseBearerToken middleware invoked {"path":"/api/v2/campaign","method":"GET","has_auth_header":true,"auth_header_preview":"Bearer 176|tvOdAVPlpdhBhLoAtuW...","is_bearer":true} 
[2026-05-23 03:55:41] local.INFO: Extracted bearer token {"token_preview":"176|tvOdAV...","token_length":52} 
[2026-05-23 03:55:41] local.INFO: Found personal access token {"token_id":176,"user_id":76,"revoked":null} 
[2026-05-23 03:55:41] local.INFO: User authenticated via bearer token {"user_id":76,"user_email":"freelancezahedtesting@gmail.com"} 
[2026-05-23 03:55:41] local.INFO: Returning campaigns for user {"user_id":76,"campaign_count":0,"statuses":[]} 
[2026-05-23 03:56:11] local.INFO: ParseBearerToken middleware invoked {"path":"/api/v2/campaign","method":"GET","has_auth_header":true,"auth_header_preview":"Bearer 176|tvOdAVPlpdhBhLoAtuW...","is_bearer":true} 
[2026-05-23 03:56:11] local.INFO: Extracted bearer token {"token_preview":"176|tvOdAV...","token_length":52} 
[2026-05-23 03:56:11] local.INFO: Found personal access token {"token_id":176,"user_id":76,"revoked":null} 
[2026-05-23 03:56:11] local.INFO: User authenticated via bearer token {"user_id":76,"user_email":"freelancezahedtesting@gmail.com"} 
[2026-05-23 03:56:11] local.INFO: Returning campaigns for user {"user_id":76,"campaign_count":0,"statuses":[]} 
[2026-05-23 03:56:40] local.INFO: ParseBearerToken middleware invoked {"path":"/api/v2/campaign","method":"GET","has_auth_header":true,"auth_header_preview":"Bearer 176|tvOdAVPlpdhBhLoAtuW...","is_bearer":true} 
[2026-05-23 03:56:40] local.INFO: Extracted bearer token {"token_preview":"176|tvOdAV...","token_length":52} 
[2026-05-23 03:56:40] local.INFO: Found personal access token {"token_id":176,"user_id":76,"revoked":null} 
[2026-05-23 03:56:40] local.INFO: User authenticated via bearer token {"user_id":76,"user_email":"freelancezahedtesting@gmail.com"} 
[2026-05-23 03:56:40] local.INFO: Returning campaigns for user {"user_id":76,"campaign_count":0,"statuses":[]} 
[2026-05-23 03:57:10] local.INFO: ParseBearerToken middleware invoked {"path":"/api/v2/campaign","method":"GET","has_auth_header":true,"auth_header_preview":"Bearer 176|tvOdAVPlpdhBhLoAtuW...","is_bearer":true} 
[2026-05-23 03:57:10] local.INFO: Extracted bearer token {"token_preview":"176|tvOdAV...","token_length":52} 
[2026-05-23 03:57:10] local.INFO: Found personal access token {"token_id":176,"user_id":76,"revoked":null} 
[2026-05-23 03:57:10] local.INFO: User authenticated via bearer token {"user_id":76,"user_email":"freelancezahedtesting@gmail.com"} 
[2026-05-23 03:57:10] local.INFO: Returning campaigns for user {"user_id":76,"campaign_count":0,"statuses":[]} 
[2026-05-23 03:57:41] local.INFO: ParseBearerToken middleware invoked {"path":"/api/v2/campaign","method":"GET","has_auth_header":true,"auth_header_preview":"Bearer 176|tvOdAVPlpdhBhLoAtuW...","is_bearer":true} 
[2026-05-23 03:57:41] local.INFO: Extracted bearer token {"token_preview":"176|tvOdAV...","token_length":52} 
[2026-05-23 03:57:41] local.INFO: Found personal access token {"token_id":176,"user_id":76,"revoked":null} 
[2026-05-23 03:57:41] local.INFO: User authenticated via bearer token {"user_id":76,"user_email":"freelancezahedtesting@gmail.com"} 
[2026-05-23 03:57:41] local.INFO: Returning campaigns for user {"user_id":76,"campaign_count":0,"statuses":[]} 
[2026-05-23 03:58:11] local.INFO: ParseBearerToken middleware invoked {"path":"/api/v2/campaign","method":"GET","has_auth_header":true,"auth_header_preview":"Bearer 176|tvOdAVPlpdhBhLoAtuW...","is_bearer":true} 
[2026-05-23 03:58:11] local.INFO: Extracted bearer token {"token_preview":"176|tvOdAV...","token_length":52} 
[2026-05-23 03:58:11] local.INFO: Found personal access token {"token_id":176,"user_id":76,"revoked":null} 
[2026-05-23 03:58:11] local.INFO: User authenticated via bearer token {"user_id":76,"user_email":"freelancezahedtesting@gmail.com"} 
[2026-05-23 03:58:11] local.INFO: Returning campaigns for user {"user_id":76,"campaign_count":0,"statuses":[]} 
[2026-05-23 03:58:41] local.INFO: ParseBearerToken middleware invoked {"path":"/api/v2/campaign","method":"GET","has_auth_header":true,"auth_header_preview":"Bearer 176|tvOdAVPlpdhBhLoAtuW...","is_bearer":true} 
[2026-05-23 03:58:41] local.INFO: Extracted bearer token {"token_preview":"176|tvOdAV...","token_length":52} 
[2026-05-23 03:58:41] local.INFO: Found personal access token {"token_id":176,"user_id":76,"revoked":null} 
[2026-05-23 03:58:41] local.INFO: User authenticated via bearer token {"user_id":76,"user_email":"freelancezahedtesting@gmail.com"} 
[2026-05-23 03:58:41] local.INFO: Returning campaigns for user {"user_id":76,"campaign_count":0,"statuses":[]} 
[2026-05-23 03:59:10] local.INFO: ParseBearerToken middleware invoked {"path":"/api/v2/campaign","method":"GET","has_auth_header":true,"auth_header_preview":"Bearer 176|tvOdAVPlpdhBhLoAtuW...","is_bearer":true} 
[2026-05-23 03:59:10] local.INFO: Extracted bearer token {"token_preview":"176|tvOdAV...","token_length":52} 
[2026-05-23 03:59:10] local.INFO: Found personal access token {"token_id":176,"user_id":76,"revoked":null} 
[2026-05-23 03:59:10] local.INFO: User authenticated via bearer token {"user_id":76,"user_email":"freelancezahedtesting@gmail.com"} 
[2026-05-23 03:59:10] local.INFO: Returning campaigns for user {"user_id":76,"campaign_count":0,"statuses":[]} 
[2026-05-23 03:59:41] local.INFO: ParseBearerToken middleware invoked {"path":"/api/v2/campaign","method":"GET","has_auth_header":true,"auth_header_preview":"Bearer 176|tvOdAVPlpdhBhLoAtuW...","is_bearer":true} 
[2026-05-23 03:59:41] local.INFO: Extracted bearer token {"token_preview":"176|tvOdAV...","token_length":52} 
[2026-05-23 03:59:41] local.INFO: Found personal access token {"token_id":176,"user_id":76,"revoked":null} 
[2026-05-23 03:59:41] local.INFO: User authenticated via bearer token {"user_id":76,"user_email":"freelancezahedtesting@gmail.com"} 
[2026-05-23 03:59:41] local.INFO: Returning campaigns for user {"user_id":76,"campaign_count":0,"statuses":[]} 
[2026-05-23 04:00:11] local.INFO: ParseBearerToken middleware invoked {"path":"/api/v2/campaign","method":"GET","has_auth_header":true,"auth_header_preview":"Bearer 176|tvOdAVPlpdhBhLoAtuW...","is_bearer":true} 
[2026-05-23 04:00:11] local.INFO: Extracted bearer token {"token_preview":"176|tvOdAV...","token_length":52} 
[2026-05-23 04:00:11] local.INFO: Found personal access token {"token_id":176,"user_id":76,"revoked":null} 
[2026-05-23 04:00:11] local.INFO: User authenticated via bearer token {"user_id":76,"user_email":"freelancezahedtesting@gmail.com"} 
[2026-05-23 04:00:11] local.INFO: Returning campaigns for user {"user_id":76,"campaign_count":0,"statuses":[]} 
[2026-05-23 04:00:41] local.INFO: ParseBearerToken middleware invoked {"path":"/api/v2/campaign","method":"GET","has_auth_header":true,"auth_header_preview":"Bearer 176|tvOdAVPlpdhBhLoAtuW...","is_bearer":true} 
[2026-05-23 04:00:41] local.INFO: Extracted bearer token {"token_preview":"176|tvOdAV...","token_length":52} 
[2026-05-23 04:00:41] local.INFO: Found personal access token {"token_id":176,"user_id":76,"revoked":null} 
[2026-05-23 04:00:41] local.INFO: User authenticated via bearer token {"user_id":76,"user_email":"freelancezahedtesting@gmail.com"} 
[2026-05-23 04:00:41] local.INFO: Returning campaigns for user {"user_id":76,"campaign_count":0,"statuses":[]} 
[2026-05-23 04:01:11] local.INFO: ParseBearerToken middleware invoked {"path":"/api/v2/campaign","method":"GET","has_auth_header":true,"auth_header_preview":"Bearer 176|tvOdAVPlpdhBhLoAtuW...","is_bearer":true} 
[2026-05-23 04:01:11] local.INFO: Extracted bearer token {"token_preview":"176|tvOdAV...","token_length":52} 
[2026-05-23 04:01:11] local.INFO: Found personal access token {"token_id":176,"user_id":76,"revoked":null} 
[2026-05-23 04:01:11] local.INFO: User authenticated via bearer token {"user_id":76,"user_email":"freelancezahedtesting@gmail.com"} 
[2026-05-23 04:01:11] local.INFO: Returning campaigns for user {"user_id":76,"campaign_count":0,"statuses":[]} 
[2026-05-23 04:01:40] local.INFO: ParseBearerToken middleware invoked {"path":"/api/v2/campaign","method":"GET","has_auth_header":true,"auth_header_preview":"Bearer 176|tvOdAVPlpdhBhLoAtuW...","is_bearer":true} 
[2026-05-23 04:01:40] local.INFO: Extracted bearer token {"token_preview":"176|tvOdAV...","token_length":52} 
[2026-05-23 04:01:40] local.INFO: Found personal access token {"token_id":176,"user_id":76,"revoked":null} 
[2026-05-23 04:01:40] local.INFO: User authenticated via bearer token {"user_id":76,"user_email":"freelancezahedtesting@gmail.com"} 
[2026-05-23 04:01:40] local.INFO: Returning campaigns for user {"user_id":76,"campaign_count":0,"statuses":[]} 
[2026-05-23 04:02:11] local.INFO: ParseBearerToken middleware invoked {"path":"/api/v2/campaign","method":"GET","has_auth_header":true,"auth_header_preview":"Bearer 176|tvOdAVPlpdhBhLoAtuW...","is_bearer":true} 
[2026-05-23 04:02:11] local.INFO: Extracted bearer token {"token_preview":"176|tvOdAV...","token_length":52} 
[2026-05-23 04:02:11] local.INFO: Found personal access token {"token_id":176,"user_id":76,"revoked":null} 
[2026-05-23 04:02:11] local.INFO: User authenticated via bearer token {"user_id":76,"user_email":"freelancezahedtesting@gmail.com"} 
[2026-05-23 04:02:11] local.INFO: Returning campaigns for user {"user_id":76,"campaign_count":0,"statuses":[]} 
[2026-05-23 04:02:41] local.INFO: ParseBearerToken middleware invoked {"path":"/api/v2/campaign","method":"GET","has_auth_header":true,"auth_header_preview":"Bearer 176|tvOdAVPlpdhBhLoAtuW...","is_bearer":true} 
[2026-05-23 04:02:41] local.INFO: Extracted bearer token {"token_preview":"176|tvOdAV...","token_length":52} 
[2026-05-23 04:02:41] local.INFO: Found personal access token {"token_id":176,"user_id":76,"revoked":null} 
[2026-05-23 04:02:41] local.INFO: User authenticated via bearer token {"user_id":76,"user_email":"freelancezahedtesting@gmail.com"} 
[2026-05-23 04:02:41] local.INFO: Returning campaigns for user {"user_id":76,"campaign_count":0,"statuses":[]} 
[2026-05-23 04:03:11] local.INFO: ParseBearerToken middleware invoked {"path":"/api/v2/campaign","method":"GET","has_auth_header":true,"auth_header_preview":"Bearer 176|tvOdAVPlpdhBhLoAtuW...","is_bearer":true} 
[2026-05-23 04:03:11] local.INFO: Extracted bearer token {"token_preview":"176|tvOdAV...","token_length":52} 
[2026-05-23 04:03:11] local.INFO: Found personal access token {"token_id":176,"user_id":76,"revoked":null} 
[2026-05-23 04:03:11] local.INFO: User authenticated via bearer token {"user_id":76,"user_email":"freelancezahedtesting@gmail.com"} 
[2026-05-23 04:03:11] local.INFO: Returning campaigns for user {"user_id":76,"campaign_count":0,"statuses":[]} 
[2026-05-23 04:03:41] local.INFO: ParseBearerToken middleware invoked {"path":"/api/v2/campaign","method":"GET","has_auth_header":true,"auth_header_preview":"Bearer 176|tvOdAVPlpdhBhLoAtuW...","is_bearer":true} 
[2026-05-23 04:03:41] local.INFO: Extracted bearer token {"token_preview":"176|tvOdAV...","token_length":52} 
[2026-05-23 04:03:41] local.INFO: Found personal access token {"token_id":176,"user_id":76,"revoked":null} 
[2026-05-23 04:03:41] local.INFO: User authenticated via bearer token {"user_id":76,"user_email":"freelancezahedtesting@gmail.com"} 
[2026-05-23 04:03:41] local.INFO: Returning campaigns for user {"user_id":76,"campaign_count":0,"statuses":[]} 
[2026-05-23 04:04:11] local.INFO: ParseBearerToken middleware invoked {"path":"/api/v2/campaign","method":"GET","has_auth_header":true,"auth_header_preview":"Bearer 176|tvOdAVPlpdhBhLoAtuW...","is_bearer":true} 
[2026-05-23 04:04:11] local.INFO: Extracted bearer token {"token_preview":"176|tvOdAV...","token_length":52} 
[2026-05-23 04:04:11] local.INFO: Found personal access token {"token_id":176,"user_id":76,"revoked":null} 
[2026-05-23 04:04:11] local.INFO: User authenticated via bearer token {"user_id":76,"user_email":"freelancezahedtesting@gmail.com"} 
[2026-05-23 04:04:11] local.INFO: Returning campaigns for user {"user_id":76,"campaign_count":0,"statuses":[]} 
[2026-05-23 04:04:41] local.INFO: ParseBearerToken middleware invoked {"path":"/api/v2/campaign","method":"GET","has_auth_header":true,"auth_header_preview":"Bearer 176|tvOdAVPlpdhBhLoAtuW...","is_bearer":true} 
[2026-05-23 04:04:41] local.INFO: Extracted bearer token {"token_preview":"176|tvOdAV...","token_length":52} 
[2026-05-23 04:04:41] local.INFO: Found personal access token {"token_id":176,"user_id":76,"revoked":null} 
[2026-05-23 04:04:41] local.INFO: User authenticated via bearer token {"user_id":76,"user_email":"freelancezahedtesting@gmail.com"} 
[2026-05-23 04:04:41] local.INFO: Returning campaigns for user {"user_id":76,"campaign_count":0,"statuses":[]} 
[2026-05-23 04:05:11] local.INFO: ParseBearerToken middleware invoked {"path":"/api/v2/campaign","method":"GET","has_auth_header":true,"auth_header_preview":"Bearer 176|tvOdAVPlpdhBhLoAtuW...","is_bearer":true} 
[2026-05-23 04:05:11] local.INFO: Extracted bearer token {"token_preview":"176|tvOdAV...","token_length":52} 
[2026-05-23 04:05:11] local.INFO: Found personal access token {"token_id":176,"user_id":76,"revoked":null} 
[2026-05-23 04:05:11] local.INFO: User authenticated via bearer token {"user_id":76,"user_email":"freelancezahedtesting@gmail.com"} 
[2026-05-23 04:05:11] local.INFO: Returning campaigns for user {"user_id":76,"campaign_count":0,"statuses":[]} 
[2026-05-23 04:05:41] local.INFO: ParseBearerToken middleware invoked {"path":"/api/v2/campaign","method":"GET","has_auth_header":true,"auth_header_preview":"Bearer 176|tvOdAVPlpdhBhLoAtuW...","is_bearer":true} 
[2026-05-23 04:05:41] local.INFO: Extracted bearer token {"token_preview":"176|tvOdAV...","token_length":52} 
[2026-05-23 04:05:41] local.INFO: Found personal access token {"token_id":176,"user_id":76,"revoked":null} 
[2026-05-23 04:05:41] local.INFO: User authenticated via bearer token {"user_id":76,"user_email":"freelancezahedtesting@gmail.com"} 
[2026-05-23 04:05:41] local.INFO: Returning campaigns for user {"user_id":76,"campaign_count":0,"statuses":[]} 
[2026-05-23 04:06:11] local.INFO: ParseBearerToken middleware invoked {"path":"/api/v2/campaign","method":"GET","has_auth_header":true,"auth_header_preview":"Bearer 176|tvOdAVPlpdhBhLoAtuW...","is_bearer":true} 
[2026-05-23 04:06:11] local.INFO: Extracted bearer token {"token_preview":"176|tvOdAV...","token_length":52} 
[2026-05-23 04:06:11] local.INFO: Found personal access token {"token_id":176,"user_id":76,"revoked":null} 
[2026-05-23 04:06:11] local.INFO: User authenticated via bearer token {"user_id":76,"user_email":"freelancezahedtesting@gmail.com"} 
[2026-05-23 04:06:11] local.INFO: Returning campaigns for user {"user_id":76,"campaign_count":0,"statuses":[]} 
[2026-05-23 04:06:41] local.INFO: ParseBearerToken middleware invoked {"path":"/api/v2/campaign","method":"GET","has_auth_header":true,"auth_header_preview":"Bearer 176|tvOdAVPlpdhBhLoAtuW...","is_bearer":true} 
[2026-05-23 04:06:41] local.INFO: Extracted bearer token {"token_preview":"176|tvOdAV...","token_length":52} 
[2026-05-23 04:06:41] local.INFO: Found personal access token {"token_id":176,"user_id":76,"revoked":null} 
[2026-05-23 04:06:41] local.INFO: User authenticated via bearer token {"user_id":76,"user_email":"freelancezahedtesting@gmail.com"} 
[2026-05-23 04:06:41] local.INFO: Returning campaigns for user {"user_id":76,"campaign_count":0,"statuses":[]} 
[2026-05-23 04:07:11] local.INFO: ParseBearerToken middleware invoked {"path":"/api/v2/campaign","method":"GET","has_auth_header":true,"auth_header_preview":"Bearer 176|tvOdAVPlpdhBhLoAtuW...","is_bearer":true} 
[2026-05-23 04:07:11] local.INFO: Extracted bearer token {"token_preview":"176|tvOdAV...","token_length":52} 
[2026-05-23 04:07:11] local.INFO: Found personal access token {"token_id":176,"user_id":76,"revoked":null} 
[2026-05-23 04:07:11] local.INFO: User authenticated via bearer token {"user_id":76,"user_email":"freelancezahedtesting@gmail.com"} 
[2026-05-23 04:07:11] local.INFO: Returning campaigns for user {"user_id":76,"campaign_count":0,"statuses":[]} 
[2026-05-23 04:07:41] local.INFO: ParseBearerToken middleware invoked {"path":"/api/v2/campaign","method":"GET","has_auth_header":true,"auth_header_preview":"Bearer 176|tvOdAVPlpdhBhLoAtuW...","is_bearer":true} 
[2026-05-23 04:07:41] local.INFO: Extracted bearer token {"token_preview":"176|tvOdAV...","token_length":52} 
[2026-05-23 04:07:41] local.INFO: Found personal access token {"token_id":176,"user_id":76,"revoked":null} 
[2026-05-23 04:07:41] local.INFO: User authenticated via bearer token {"user_id":76,"user_email":"freelancezahedtesting@gmail.com"} 
[2026-05-23 04:07:41] local.INFO: Returning campaigns for user {"user_id":76,"campaign_count":0,"statuses":[]} 
[2026-05-23 04:08:10] local.INFO: ParseBearerToken middleware invoked {"path":"/api/v2/campaign","method":"GET","has_auth_header":true,"auth_header_preview":"Bearer 176|tvOdAVPlpdhBhLoAtuW...","is_bearer":true} 
[2026-05-23 04:08:10] local.INFO: Extracted bearer token {"token_preview":"176|tvOdAV...","token_length":52} 
[2026-05-23 04:08:10] local.INFO: Found personal access token {"token_id":176,"user_id":76,"revoked":null} 
[2026-05-23 04:08:10] local.INFO: User authenticated via bearer token {"user_id":76,"user_email":"freelancezahedtesting@gmail.com"} 
[2026-05-23 04:08:11] local.INFO: Returning campaigns for user {"user_id":76,"campaign_count":0,"statuses":[]} 
[2026-05-23 04:08:41] local.INFO: ParseBearerToken middleware invoked {"path":"/api/v2/campaign","method":"GET","has_auth_header":true,"auth_header_preview":"Bearer 176|tvOdAVPlpdhBhLoAtuW...","is_bearer":true} 
[2026-05-23 04:08:41] local.INFO: Extracted bearer token {"token_preview":"176|tvOdAV...","token_length":52} 
[2026-05-23 04:08:41] local.INFO: Found personal access token {"token_id":176,"user_id":76,"revoked":null} 
[2026-05-23 04:08:41] local.INFO: User authenticated via bearer token {"user_id":76,"user_email":"freelancezahedtesting@gmail.com"} 
[2026-05-23 04:08:41] local.INFO: Returning campaigns for user {"user_id":76,"campaign_count":0,"statuses":[]} 
[2026-05-23 04:09:11] local.INFO: ParseBearerToken middleware invoked {"path":"/api/v2/campaign","method":"GET","has_auth_header":true,"auth_header_preview":"Bearer 176|tvOdAVPlpdhBhLoAtuW...","is_bearer":true} 
[2026-05-23 04:09:11] local.INFO: Extracted bearer token {"token_preview":"176|tvOdAV...","token_length":52} 
[2026-05-23 04:09:11] local.INFO: Found personal access token {"token_id":176,"user_id":76,"revoked":null} 
[2026-05-23 04:09:11] local.INFO: User authenticated via bearer token {"user_id":76,"user_email":"freelancezahedtesting@gmail.com"} 
[2026-05-23 04:09:11] local.INFO: Returning campaigns for user {"user_id":76,"campaign_count":0,"statuses":[]} 
[2026-05-23 04:09:40] local.INFO: ParseBearerToken middleware invoked {"path":"/api/v2/campaign","method":"GET","has_auth_header":true,"auth_header_preview":"Bearer 176|tvOdAVPlpdhBhLoAtuW...","is_bearer":true} 
[2026-05-23 04:09:40] local.INFO: Extracted bearer token {"token_preview":"176|tvOdAV...","token_length":52} 
[2026-05-23 04:09:40] local.INFO: Found personal access token {"token_id":176,"user_id":76,"revoked":null} 
[2026-05-23 04:09:40] local.INFO: User authenticated via bearer token {"user_id":76,"user_email":"freelancezahedtesting@gmail.com"} 
[2026-05-23 04:09:40] local.INFO: Returning campaigns for user {"user_id":76,"campaign_count":0,"statuses":[]} 
[2026-05-23 04:10:10] local.INFO: ParseBearerToken middleware invoked {"path":"/api/v2/campaign","method":"GET","has_auth_header":true,"auth_header_preview":"Bearer 176|tvOdAVPlpdhBhLoAtuW...","is_bearer":true} 
[2026-05-23 04:10:10] local.INFO: Extracted bearer token {"token_preview":"176|tvOdAV...","token_length":52} 
[2026-05-23 04:10:10] local.INFO: Found personal access token {"token_id":176,"user_id":76,"revoked":null} 
[2026-05-23 04:10:10] local.INFO: User authenticated via bearer token {"user_id":76,"user_email":"freelancezahedtesting@gmail.com"} 
[2026-05-23 04:10:10] local.INFO: Returning campaigns for user {"user_id":76,"campaign_count":0,"statuses":[]} 
[2026-05-23 04:10:41] local.INFO: ParseBearerToken middleware invoked {"path":"/api/v2/campaign","method":"GET","has_auth_header":true,"auth_header_preview":"Bearer 176|tvOdAVPlpdhBhLoAtuW...","is_bearer":true} 
[2026-05-23 04:10:41] local.INFO: Extracted bearer token {"token_preview":"176|tvOdAV...","token_length":52} 
[2026-05-23 04:10:41] local.INFO: Found personal access token {"token_id":176,"user_id":76,"revoked":null} 
[2026-05-23 04:10:41] local.INFO: User authenticated via bearer token {"user_id":76,"user_email":"freelancezahedtesting@gmail.com"} 
[2026-05-23 04:10:41] local.INFO: Returning campaigns for user {"user_id":76,"campaign_count":0,"statuses":[]} 
[2026-05-23 04:11:11] local.INFO: ParseBearerToken middleware invoked {"path":"/api/v2/campaign","method":"GET","has_auth_header":true,"auth_header_preview":"Bearer 176|tvOdAVPlpdhBhLoAtuW...","is_bearer":true} 
[2026-05-23 04:11:11] local.INFO: Extracted bearer token {"token_preview":"176|tvOdAV...","token_length":52} 
[2026-05-23 04:11:11] local.INFO: Found personal access token {"token_id":176,"user_id":76,"revoked":null} 
[2026-05-23 04:11:11] local.INFO: User authenticated via bearer token {"user_id":76,"user_email":"freelancezahedtesting@gmail.com"} 
[2026-05-23 04:11:11] local.INFO: Returning campaigns for user {"user_id":76,"campaign_count":0,"statuses":[]} 
[2026-05-23 04:11:41] local.INFO: ParseBearerToken middleware invoked {"path":"/api/v2/campaign","method":"GET","has_auth_header":true,"auth_header_preview":"Bearer 176|tvOdAVPlpdhBhLoAtuW...","is_bearer":true} 
[2026-05-23 04:11:41] local.INFO: Extracted bearer token {"token_preview":"176|tvOdAV...","token_length":52} 
[2026-05-23 04:11:41] local.INFO: Found personal access token {"token_id":176,"user_id":76,"revoked":null} 
[2026-05-23 04:11:41] local.INFO: User authenticated via bearer token {"user_id":76,"user_email":"freelancezahedtesting@gmail.com"} 
[2026-05-23 04:11:41] local.INFO: Returning campaigns for user {"user_id":76,"campaign_count":0,"statuses":[]} 
[2026-05-23 04:12:11] local.INFO: ParseBearerToken middleware invoked {"path":"/api/v2/campaign","method":"GET","has_auth_header":true,"auth_header_preview":"Bearer 176|tvOdAVPlpdhBhLoAtuW...","is_bearer":true} 
[2026-05-23 04:12:11] local.INFO: Extracted bearer token {"token_preview":"176|tvOdAV...","token_length":52} 
[2026-05-23 04:12:11] local.INFO: Found personal access token {"token_id":176,"user_id":76,"revoked":null} 
[2026-05-23 04:12:11] local.INFO: User authenticated via bearer token {"user_id":76,"user_email":"freelancezahedtesting@gmail.com"} 
[2026-05-23 04:12:11] local.INFO: Returning campaigns for user {"user_id":76,"campaign_count":0,"statuses":[]} 
[2026-05-23 04:12:40] local.INFO: ParseBearerToken middleware invoked {"path":"/api/v2/campaign","method":"GET","has_auth_header":true,"auth_header_preview":"Bearer 176|tvOdAVPlpdhBhLoAtuW...","is_bearer":true} 
[2026-05-23 04:12:40] local.INFO: Extracted bearer token {"token_preview":"176|tvOdAV...","token_length":52} 
[2026-05-23 04:12:40] local.INFO: Found personal access token {"token_id":176,"user_id":76,"revoked":null} 
[2026-05-23 04:12:40] local.INFO: User authenticated via bearer token {"user_id":76,"user_email":"freelancezahedtesting@gmail.com"} 
[2026-05-23 04:12:40] local.INFO: Returning campaigns for user {"user_id":76,"campaign_count":0,"statuses":[]} 
[2026-05-23 04:13:11] local.INFO: ParseBearerToken middleware invoked {"path":"/api/v2/campaign","method":"GET","has_auth_header":true,"auth_header_preview":"Bearer 176|tvOdAVPlpdhBhLoAtuW...","is_bearer":true} 
[2026-05-23 04:13:11] local.INFO: Extracted bearer token {"token_preview":"176|tvOdAV...","token_length":52} 
[2026-05-23 04:13:11] local.INFO: Found personal access token {"token_id":176,"user_id":76,"revoked":null} 
[2026-05-23 04:13:11] local.INFO: User authenticated via bearer token {"user_id":76,"user_email":"freelancezahedtesting@gmail.com"} 
[2026-05-23 04:13:11] local.INFO: Returning campaigns for user {"user_id":76,"campaign_count":0,"statuses":[]} 
[2026-05-23 04:13:41] local.INFO: ParseBearerToken middleware invoked {"path":"/api/v2/campaign","method":"GET","has_auth_header":true,"auth_header_preview":"Bearer 176|tvOdAVPlpdhBhLoAtuW...","is_bearer":true} 
[2026-05-23 04:13:41] local.INFO: Extracted bearer token {"token_preview":"176|tvOdAV...","token_length":52} 
[2026-05-23 04:13:41] local.INFO: Found personal access token {"token_id":176,"user_id":76,"revoked":null} 
[2026-05-23 04:13:41] local.INFO: User authenticated via bearer token {"user_id":76,"user_email":"freelancezahedtesting@gmail.com"} 
[2026-05-23 04:13:41] local.INFO: Returning campaigns for user {"user_id":76,"campaign_count":0,"statuses":[]} 
[2026-05-23 04:14:11] local.INFO: ParseBearerToken middleware invoked {"path":"/api/v2/campaign","method":"GET","has_auth_header":true,"auth_header_preview":"Bearer 176|tvOdAVPlpdhBhLoAtuW...","is_bearer":true} 
[2026-05-23 04:14:11] local.INFO: Extracted bearer token {"token_preview":"176|tvOdAV...","token_length":52} 
[2026-05-23 04:14:11] local.INFO: Found personal access token {"token_id":176,"user_id":76,"revoked":null} 
[2026-05-23 04:14:11] local.INFO: User authenticated via bearer token {"user_id":76,"user_email":"freelancezahedtesting@gmail.com"} 
[2026-05-23 04:14:11] local.INFO: Returning campaigns for user {"user_id":76,"campaign_count":0,"statuses":[]} 
[2026-05-23 04:14:41] local.INFO: ParseBearerToken middleware invoked {"path":"/api/v2/campaign","method":"GET","has_auth_header":true,"auth_header_preview":"Bearer 176|tvOdAVPlpdhBhLoAtuW...","is_bearer":true} 
[2026-05-23 04:14:41] local.INFO: Extracted bearer token {"token_preview":"176|tvOdAV...","token_length":52} 
[2026-05-23 04:14:41] local.INFO: Found personal access token {"token_id":176,"user_id":76,"revoked":null} 
[2026-05-23 04:14:41] local.INFO: User authenticated via bearer token {"user_id":76,"user_email":"freelancezahedtesting@gmail.com"} 
[2026-05-23 04:14:41] local.INFO: Returning campaigns for user {"user_id":76,"campaign_count":0,"statuses":[]} 
[2026-05-23 04:15:11] local.INFO: ParseBearerToken middleware invoked {"path":"/api/v2/campaign","method":"GET","has_auth_header":true,"auth_header_preview":"Bearer 176|tvOdAVPlpdhBhLoAtuW...","is_bearer":true} 
[2026-05-23 04:15:11] local.INFO: Extracted bearer token {"token_preview":"176|tvOdAV...","token_length":52} 
[2026-05-23 04:15:11] local.INFO: Found personal access token {"token_id":176,"user_id":76,"revoked":null} 
[2026-05-23 04:15:11] local.INFO: User authenticated via bearer token {"user_id":76,"user_email":"freelancezahedtesting@gmail.com"} 
[2026-05-23 04:15:11] local.INFO: Returning campaigns for user {"user_id":76,"campaign_count":0,"statuses":[]} 
[2026-05-23 04:15:41] local.INFO: ParseBearerToken middleware invoked {"path":"/api/v2/campaign","method":"GET","has_auth_header":true,"auth_header_preview":"Bearer 176|tvOdAVPlpdhBhLoAtuW...","is_bearer":true} 
[2026-05-23 04:15:41] local.INFO: Extracted bearer token {"token_preview":"176|tvOdAV...","token_length":52} 
[2026-05-23 04:15:41] local.INFO: Found personal access token {"token_id":176,"user_id":76,"revoked":null} 
[2026-05-23 04:15:41] local.INFO: User authenticated via bearer token {"user_id":76,"user_email":"freelancezahedtesting@gmail.com"} 
[2026-05-23 04:15:41] local.INFO: Returning campaigns for user {"user_id":76,"campaign_count":0,"statuses":[]} 
[2026-05-23 04:16:11] local.INFO: ParseBearerToken middleware invoked {"path":"/api/v2/campaign","method":"GET","has_auth_header":true,"auth_header_preview":"Bearer 176|tvOdAVPlpdhBhLoAtuW...","is_bearer":true} 
[2026-05-23 04:16:11] local.INFO: Extracted bearer token {"token_preview":"176|tvOdAV...","token_length":52} 
[2026-05-23 04:16:11] local.INFO: Found personal access token {"token_id":176,"user_id":76,"revoked":null} 
[2026-05-23 04:16:11] local.INFO: User authenticated via bearer token {"user_id":76,"user_email":"freelancezahedtesting@gmail.com"} 
[2026-05-23 04:16:11] local.INFO: Returning campaigns for user {"user_id":76,"campaign_count":0,"statuses":[]} 
[2026-05-23 04:16:41] local.INFO: ParseBearerToken middleware invoked {"path":"/api/v2/campaign","method":"GET","has_auth_header":true,"auth_header_preview":"Bearer 176|tvOdAVPlpdhBhLoAtuW...","is_bearer":true} 
[2026-05-23 04:16:41] local.INFO: Extracted bearer token {"token_preview":"176|tvOdAV...","token_length":52} 
[2026-05-23 04:16:41] local.INFO: Found personal access token {"token_id":176,"user_id":76,"revoked":null} 
[2026-05-23 04:16:41] local.INFO: User authenticated via bearer token {"user_id":76,"user_email":"freelancezahedtesting@gmail.com"} 
[2026-05-23 04:16:41] local.INFO: Returning campaigns for user {"user_id":76,"campaign_count":0,"statuses":[]} 
[2026-05-23 04:17:11] local.INFO: ParseBearerToken middleware invoked {"path":"/api/v2/campaign","method":"GET","has_auth_header":true,"auth_header_preview":"Bearer 176|tvOdAVPlpdhBhLoAtuW...","is_bearer":true} 
[2026-05-23 04:17:11] local.INFO: Extracted bearer token {"token_preview":"176|tvOdAV...","token_length":52} 
[2026-05-23 04:17:11] local.INFO: Found personal access token {"token_id":176,"user_id":76,"revoked":null} 
[2026-05-23 04:17:11] local.INFO: User authenticated via bearer token {"user_id":76,"user_email":"freelancezahedtesting@gmail.com"} 
[2026-05-23 04:17:11] local.INFO: Returning campaigns for user {"user_id":76,"campaign_count":0,"statuses":[]} 
[2026-05-23 04:17:41] local.INFO: ParseBearerToken middleware invoked {"path":"/api/v2/campaign","method":"GET","has_auth_header":true,"auth_header_preview":"Bearer 176|tvOdAVPlpdhBhLoAtuW...","is_bearer":true} 
[2026-05-23 04:17:41] local.INFO: Extracted bearer token {"token_preview":"176|tvOdAV...","token_length":52} 
[2026-05-23 04:17:41] local.INFO: Found personal access token {"token_id":176,"user_id":76,"revoked":null} 
[2026-05-23 04:17:41] local.INFO: User authenticated via bearer token {"user_id":76,"user_email":"freelancezahedtesting@gmail.com"} 
[2026-05-23 04:17:41] local.INFO: Returning campaigns for user {"user_id":76,"campaign_count":0,"statuses":[]} 
[2026-05-23 04:18:11] local.INFO: ParseBearerToken middleware invoked {"path":"/api/v2/campaign","method":"GET","has_auth_header":true,"auth_header_preview":"Bearer 176|tvOdAVPlpdhBhLoAtuW...","is_bearer":true} 
[2026-05-23 04:18:11] local.INFO: Extracted bearer token {"token_preview":"176|tvOdAV...","token_length":52} 
[2026-05-23 04:18:11] local.INFO: Found personal access token {"token_id":176,"user_id":76,"revoked":null} 
[2026-05-23 04:18:11] local.INFO: User authenticated via bearer token {"user_id":76,"user_email":"freelancezahedtesting@gmail.com"} 
[2026-05-23 04:18:11] local.INFO: Returning campaigns for user {"user_id":76,"campaign_count":0,"statuses":[]} 
[2026-05-23 04:18:41] local.INFO: ParseBearerToken middleware invoked {"path":"/api/v2/campaign","method":"GET","has_auth_header":true,"auth_header_preview":"Bearer 176|tvOdAVPlpdhBhLoAtuW...","is_bearer":true} 
[2026-05-23 04:18:41] local.INFO: Extracted bearer token {"token_preview":"176|tvOdAV...","token_length":52} 
[2026-05-23 04:18:41] local.INFO: Found personal access token {"token_id":176,"user_id":76,"revoked":null} 
[2026-05-23 04:18:41] local.INFO: User authenticated via bearer token {"user_id":76,"user_email":"freelancezahedtesting@gmail.com"} 
[2026-05-23 04:18:41] local.INFO: Returning campaigns for user {"user_id":76,"campaign_count":0,"statuses":[]} 
[2026-05-23 04:19:11] local.INFO: ParseBearerToken middleware invoked {"path":"/api/v2/campaign","method":"GET","has_auth_header":true,"auth_header_preview":"Bearer 176|tvOdAVPlpdhBhLoAtuW...","is_bearer":true} 
[2026-05-23 04:19:11] local.INFO: Extracted bearer token {"token_preview":"176|tvOdAV...","token_length":52} 
[2026-05-23 04:19:11] local.INFO: Found personal access token {"token_id":176,"user_id":76,"revoked":null} 
[2026-05-23 04:19:11] local.INFO: User authenticated via bearer token {"user_id":76,"user_email":"freelancezahedtesting@gmail.com"} 
[2026-05-23 04:19:11] local.INFO: Returning campaigns for user {"user_id":76,"campaign_count":0,"statuses":[]} 
[2026-05-23 04:19:41] local.INFO: ParseBearerToken middleware invoked {"path":"/api/v2/campaign","method":"GET","has_auth_header":true,"auth_header_preview":"Bearer 176|tvOdAVPlpdhBhLoAtuW...","is_bearer":true} 
[2026-05-23 04:19:41] local.INFO: Extracted bearer token {"token_preview":"176|tvOdAV...","token_length":52} 
[2026-05-23 04:19:41] local.INFO: Found personal access token {"token_id":176,"user_id":76,"revoked":null} 
[2026-05-23 04:19:41] local.INFO: User authenticated via bearer token {"user_id":76,"user_email":"freelancezahedtesting@gmail.com"} 
[2026-05-23 04:19:41] local.INFO: Returning campaigns for user {"user_id":76,"campaign_count":0,"statuses":[]} 
[2026-05-23 04:20:11] local.INFO: ParseBearerToken middleware invoked {"path":"/api/v2/campaign","method":"GET","has_auth_header":true,"auth_header_preview":"Bearer 176|tvOdAVPlpdhBhLoAtuW...","is_bearer":true} 
[2026-05-23 04:20:11] local.INFO: Extracted bearer token {"token_preview":"176|tvOdAV...","token_length":52} 
[2026-05-23 04:20:11] local.INFO: Found personal access token {"token_id":176,"user_id":76,"revoked":null} 
[2026-05-23 04:20:11] local.INFO: User authenticated via bearer token {"user_id":76,"user_email":"freelancezahedtesting@gmail.com"} 
[2026-05-23 04:20:11] local.INFO: Returning campaigns for user {"user_id":76,"campaign_count":0,"statuses":[]} 
[2026-05-23 04:20:41] local.INFO: ParseBearerToken middleware invoked {"path":"/api/v2/campaign","method":"GET","has_auth_header":true,"auth_header_preview":"Bearer 176|tvOdAVPlpdhBhLoAtuW...","is_bearer":true} 
[2026-05-23 04:20:41] local.INFO: Extracted bearer token {"token_preview":"176|tvOdAV...","token_length":52} 
[2026-05-23 04:20:41] local.INFO: Found personal access token {"token_id":176,"user_id":76,"revoked":null} 
[2026-05-23 04:20:41] local.INFO: User authenticated via bearer token {"user_id":76,"user_email":"freelancezahedtesting@gmail.com"} 
[2026-05-23 04:20:41] local.INFO: Returning campaigns for user {"user_id":76,"campaign_count":0,"statuses":[]} 
[2026-05-23 04:21:11] local.INFO: ParseBearerToken middleware invoked {"path":"/api/v2/campaign","method":"GET","has_auth_header":true,"auth_header_preview":"Bearer 176|tvOdAVPlpdhBhLoAtuW...","is_bearer":true} 
[2026-05-23 04:21:11] local.INFO: Extracted bearer token {"token_preview":"176|tvOdAV...","token_length":52} 
[2026-05-23 04:21:11] local.INFO: Found personal access token {"token_id":176,"user_id":76,"revoked":null} 
[2026-05-23 04:21:11] local.INFO: User authenticated via bearer token {"user_id":76,"user_email":"freelancezahedtesting@gmail.com"} 
[2026-05-23 04:21:11] local.INFO: Returning campaigns for user {"user_id":76,"campaign_count":0,"statuses":[]} 
[2026-05-23 04:21:41] local.INFO: ParseBearerToken middleware invoked {"path":"/api/v2/campaign","method":"GET","has_auth_header":true,"auth_header_preview":"Bearer 176|tvOdAVPlpdhBhLoAtuW...","is_bearer":true} 
[2026-05-23 04:21:41] local.INFO: Extracted bearer token {"token_preview":"176|tvOdAV...","token_length":52} 
[2026-05-23 04:21:41] local.INFO: Found personal access token {"token_id":176,"user_id":76,"revoked":null} 
[2026-05-23 04:21:41] local.INFO: User authenticated via bearer token {"user_id":76,"user_email":"freelancezahedtesting@gmail.com"} 
[2026-05-23 04:21:41] local.INFO: Returning campaigns for user {"user_id":76,"campaign_count":0,"statuses":[]} 
[2026-05-23 04:22:10] local.INFO: ParseBearerToken middleware invoked {"path":"/api/v2/campaign","method":"GET","has_auth_header":true,"auth_header_preview":"Bearer 176|tvOdAVPlpdhBhLoAtuW...","is_bearer":true} 
[2026-05-23 04:22:10] local.INFO: Extracted bearer token {"token_preview":"176|tvOdAV...","token_length":52} 
[2026-05-23 04:22:10] local.INFO: Found personal access token {"token_id":176,"user_id":76,"revoked":null} 
[2026-05-23 04:22:10] local.INFO: User authenticated via bearer token {"user_id":76,"user_email":"freelancezahedtesting@gmail.com"} 
[2026-05-23 04:22:10] local.INFO: Returning campaigns for user {"user_id":76,"campaign_count":0,"statuses":[]} 
[2026-05-23 04:22:41] local.INFO: ParseBearerToken middleware invoked {"path":"/api/v2/campaign","method":"GET","has_auth_header":true,"auth_header_preview":"Bearer 176|tvOdAVPlpdhBhLoAtuW...","is_bearer":true} 
[2026-05-23 04:22:41] local.INFO: Extracted bearer token {"token_preview":"176|tvOdAV...","token_length":52} 
[2026-05-23 04:22:41] local.INFO: Found personal access token {"token_id":176,"user_id":76,"revoked":null} 
[2026-05-23 04:22:41] local.INFO: User authenticated via bearer token {"user_id":76,"user_email":"freelancezahedtesting@gmail.com"} 
[2026-05-23 04:22:41] local.INFO: Returning campaigns for user {"user_id":76,"campaign_count":0,"statuses":[]} 
[2026-05-23 04:23:11] local.INFO: ParseBearerToken middleware invoked {"path":"/api/v2/campaign","method":"GET","has_auth_header":true,"auth_header_preview":"Bearer 176|tvOdAVPlpdhBhLoAtuW...","is_bearer":true} 
[2026-05-23 04:23:11] local.INFO: Extracted bearer token {"token_preview":"176|tvOdAV...","token_length":52} 
[2026-05-23 04:23:11] local.INFO: Found personal access token {"token_id":176,"user_id":76,"revoked":null} 
[2026-05-23 04:23:11] local.INFO: User authenticated via bearer token {"user_id":76,"user_email":"freelancezahedtesting@gmail.com"} 
[2026-05-23 04:23:11] local.INFO: Returning campaigns for user {"user_id":76,"campaign_count":0,"statuses":[]} 
[2026-05-23 04:23:40] local.INFO: ParseBearerToken middleware invoked {"path":"/api/v2/campaign","method":"GET","has_auth_header":true,"auth_header_preview":"Bearer 176|tvOdAVPlpdhBhLoAtuW...","is_bearer":true} 
[2026-05-23 04:23:40] local.INFO: Extracted bearer token {"token_preview":"176|tvOdAV...","token_length":52} 
[2026-05-23 04:23:41] local.INFO: Found personal access token {"token_id":176,"user_id":76,"revoked":null} 
[2026-05-23 04:23:41] local.INFO: User authenticated via bearer token {"user_id":76,"user_email":"freelancezahedtesting@gmail.com"} 
[2026-05-23 04:23:41] local.INFO: Returning campaigns for user {"user_id":76,"campaign_count":0,"statuses":[]} 
[2026-05-23 04:24:11] local.INFO: ParseBearerToken middleware invoked {"path":"/api/v2/campaign","method":"GET","has_auth_header":true,"auth_header_preview":"Bearer 176|tvOdAVPlpdhBhLoAtuW...","is_bearer":true} 
[2026-05-23 04:24:11] local.INFO: Extracted bearer token {"token_preview":"176|tvOdAV...","token_length":52} 
[2026-05-23 04:24:11] local.INFO: Found personal access token {"token_id":176,"user_id":76,"revoked":null} 
[2026-05-23 04:24:11] local.INFO: User authenticated via bearer token {"user_id":76,"user_email":"freelancezahedtesting@gmail.com"} 
[2026-05-23 04:24:11] local.INFO: Returning campaigns for user {"user_id":76,"campaign_count":0,"statuses":[]} 
[2026-05-23 04:24:41] local.INFO: ParseBearerToken middleware invoked {"path":"/api/v2/campaign","method":"GET","has_auth_header":true,"auth_header_preview":"Bearer 176|tvOdAVPlpdhBhLoAtuW...","is_bearer":true} 
[2026-05-23 04:24:41] local.INFO: Extracted bearer token {"token_preview":"176|tvOdAV...","token_length":52} 
[2026-05-23 04:24:41] local.INFO: Found personal access token {"token_id":176,"user_id":76,"revoked":null} 
[2026-05-23 04:24:41] local.INFO: User authenticated via bearer token {"user_id":76,"user_email":"freelancezahedtesting@gmail.com"} 
[2026-05-23 04:24:41] local.INFO: Returning campaigns for user {"user_id":76,"campaign_count":0,"statuses":[]} 
[2026-05-23 04:25:11] local.INFO: ParseBearerToken middleware invoked {"path":"/api/v2/campaign","method":"GET","has_auth_header":true,"auth_header_preview":"Bearer 176|tvOdAVPlpdhBhLoAtuW...","is_bearer":true} 
[2026-05-23 04:25:11] local.INFO: Extracted bearer token {"token_preview":"176|tvOdAV...","token_length":52} 
[2026-05-23 04:25:11] local.INFO: Found personal access token {"token_id":176,"user_id":76,"revoked":null} 
[2026-05-23 04:25:11] local.INFO: User authenticated via bearer token {"user_id":76,"user_email":"freelancezahedtesting@gmail.com"} 
[2026-05-23 04:25:11] local.INFO: Returning campaigns for user {"user_id":76,"campaign_count":0,"statuses":[]} 
[2026-05-23 04:25:40] local.INFO: ParseBearerToken middleware invoked {"path":"/api/v2/campaign","method":"GET","has_auth_header":true,"auth_header_preview":"Bearer 176|tvOdAVPlpdhBhLoAtuW...","is_bearer":true} 
[2026-05-23 04:25:40] local.INFO: Extracted bearer token {"token_preview":"176|tvOdAV...","token_length":52} 
[2026-05-23 04:25:40] local.INFO: Found personal access token {"token_id":176,"user_id":76,"revoked":null} 
[2026-05-23 04:25:40] local.INFO: User authenticated via bearer token {"user_id":76,"user_email":"freelancezahedtesting@gmail.com"} 
[2026-05-23 04:25:40] local.INFO: Returning campaigns for user {"user_id":76,"campaign_count":0,"statuses":[]} 
[2026-05-23 04:26:11] local.INFO: ParseBearerToken middleware invoked {"path":"/api/v2/campaign","method":"GET","has_auth_header":true,"auth_header_preview":"Bearer 176|tvOdAVPlpdhBhLoAtuW...","is_bearer":true} 
[2026-05-23 04:26:11] local.INFO: Extracted bearer token {"token_preview":"176|tvOdAV...","token_length":52} 
[2026-05-23 04:26:11] local.INFO: Found personal access token {"token_id":176,"user_id":76,"revoked":null} 
[2026-05-23 04:26:11] local.INFO: User authenticated via bearer token {"user_id":76,"user_email":"freelancezahedtesting@gmail.com"} 
[2026-05-23 04:26:11] local.INFO: Returning campaigns for user {"user_id":76,"campaign_count":0,"statuses":[]} 
[2026-05-23 04:26:41] local.INFO: ParseBearerToken middleware invoked {"path":"/api/v2/campaign","method":"GET","has_auth_header":true,"auth_header_preview":"Bearer 176|tvOdAVPlpdhBhLoAtuW...","is_bearer":true} 
[2026-05-23 04:26:41] local.INFO: Extracted bearer token {"token_preview":"176|tvOdAV...","token_length":52} 
[2026-05-23 04:26:41] local.INFO: Found personal access token {"token_id":176,"user_id":76,"revoked":null} 
[2026-05-23 04:26:41] local.INFO: User authenticated via bearer token {"user_id":76,"user_email":"freelancezahedtesting@gmail.com"} 
[2026-05-23 04:26:41] local.INFO: Returning campaigns for user {"user_id":76,"campaign_count":0,"statuses":[]} 
[2026-05-23 04:27:11] local.INFO: ParseBearerToken middleware invoked {"path":"/api/v2/campaign","method":"GET","has_auth_header":true,"auth_header_preview":"Bearer 176|tvOdAVPlpdhBhLoAtuW...","is_bearer":true} 
[2026-05-23 04:27:11] local.INFO: Extracted bearer token {"token_preview":"176|tvOdAV...","token_length":52} 
[2026-05-23 04:27:11] local.INFO: Found personal access token {"token_id":176,"user_id":76,"revoked":null} 
[2026-05-23 04:27:11] local.INFO: User authenticated via bearer token {"user_id":76,"user_email":"freelancezahedtesting@gmail.com"} 
[2026-05-23 04:27:11] local.INFO: Returning campaigns for user {"user_id":76,"campaign_count":0,"statuses":[]} 
[2026-05-23 04:27:41] local.INFO: ParseBearerToken middleware invoked {"path":"/api/v2/campaign","method":"GET","has_auth_header":true,"auth_header_preview":"Bearer 176|tvOdAVPlpdhBhLoAtuW...","is_bearer":true} 
[2026-05-23 04:27:41] local.INFO: Extracted bearer token {"token_preview":"176|tvOdAV...","token_length":52} 
[2026-05-23 04:27:41] local.INFO: Found personal access token {"token_id":176,"user_id":76,"revoked":null} 
[2026-05-23 04:27:41] local.INFO: User authenticated via bearer token {"user_id":76,"user_email":"freelancezahedtesting@gmail.com"} 
[2026-05-23 04:27:41] local.INFO: Returning campaigns for user {"user_id":76,"campaign_count":0,"statuses":[]} 
[2026-05-23 04:28:11] local.INFO: ParseBearerToken middleware invoked {"path":"/api/v2/campaign","method":"GET","has_auth_header":true,"auth_header_preview":"Bearer 176|tvOdAVPlpdhBhLoAtuW...","is_bearer":true} 
[2026-05-23 04:28:11] local.INFO: Extracted bearer token {"token_preview":"176|tvOdAV...","token_length":52} 
[2026-05-23 04:28:11] local.INFO: Found personal access token {"token_id":176,"user_id":76,"revoked":null} 
[2026-05-23 04:28:11] local.INFO: User authenticated via bearer token {"user_id":76,"user_email":"freelancezahedtesting@gmail.com"} 
[2026-05-23 04:28:11] local.INFO: Returning campaigns for user {"user_id":76,"campaign_count":0,"statuses":[]} 
[2026-05-23 04:28:41] local.INFO: ParseBearerToken middleware invoked {"path":"/api/v2/campaign","method":"GET","has_auth_header":true,"auth_header_preview":"Bearer 176|tvOdAVPlpdhBhLoAtuW...","is_bearer":true} 
[2026-05-23 04:28:41] local.INFO: Extracted bearer token {"token_preview":"176|tvOdAV...","token_length":52} 
[2026-05-23 04:28:41] local.INFO: Found personal access token {"token_id":176,"user_id":76,"revoked":null} 
[2026-05-23 04:28:41] local.INFO: User authenticated via bearer token {"user_id":76,"user_email":"freelancezahedtesting@gmail.com"} 
[2026-05-23 04:28:41] local.INFO: Returning campaigns for user {"user_id":76,"campaign_count":0,"statuses":[]} 
[2026-05-23 04:29:11] local.INFO: ParseBearerToken middleware invoked {"path":"/api/v2/campaign","method":"GET","has_auth_header":true,"auth_header_preview":"Bearer 176|tvOdAVPlpdhBhLoAtuW...","is_bearer":true} 
[2026-05-23 04:29:11] local.INFO: Extracted bearer token {"token_preview":"176|tvOdAV...","token_length":52} 
[2026-05-23 04:29:11] local.INFO: Found personal access token {"token_id":176,"user_id":76,"revoked":null} 
[2026-05-23 04:29:11] local.INFO: User authenticated via bearer token {"user_id":76,"user_email":"freelancezahedtesting@gmail.com"} 
[2026-05-23 04:29:11] local.INFO: Returning campaigns for user {"user_id":76,"campaign_count":0,"statuses":[]} 
[2026-05-23 04:29:41] local.INFO: ParseBearerToken middleware invoked {"path":"/api/v2/campaign","method":"GET","has_auth_header":true,"auth_header_preview":"Bearer 176|tvOdAVPlpdhBhLoAtuW...","is_bearer":true} 
[2026-05-23 04:29:41] local.INFO: Extracted bearer token {"token_preview":"176|tvOdAV...","token_length":52} 
[2026-05-23 04:29:41] local.INFO: Found personal access token {"token_id":176,"user_id":76,"revoked":null} 
[2026-05-23 04:29:41] local.INFO: User authenticated via bearer token {"user_id":76,"user_email":"freelancezahedtesting@gmail.com"} 
[2026-05-23 04:29:41] local.INFO: Returning campaigns for user {"user_id":76,"campaign_count":0,"statuses":[]} 
[2026-05-23 04:30:11] local.INFO: ParseBearerToken middleware invoked {"path":"/api/v2/campaign","method":"GET","has_auth_header":true,"auth_header_preview":"Bearer 176|tvOdAVPlpdhBhLoAtuW...","is_bearer":true} 
[2026-05-23 04:30:11] local.INFO: Extracted bearer token {"token_preview":"176|tvOdAV...","token_length":52} 
[2026-05-23 04:30:11] local.INFO: Found personal access token {"token_id":176,"user_id":76,"revoked":null} 
[2026-05-23 04:30:11] local.INFO: User authenticated via bearer token {"user_id":76,"user_email":"freelancezahedtesting@gmail.com"} 
[2026-05-23 04:30:11] local.INFO: Returning campaigns for user {"user_id":76,"campaign_count":0,"statuses":[]} 
[2026-05-23 04:30:41] local.INFO: ParseBearerToken middleware invoked {"path":"/api/v2/campaign","method":"GET","has_auth_header":true,"auth_header_preview":"Bearer 176|tvOdAVPlpdhBhLoAtuW...","is_bearer":true} 
[2026-05-23 04:30:41] local.INFO: Extracted bearer token {"token_preview":"176|tvOdAV...","token_length":52} 
[2026-05-23 04:30:41] local.INFO: Found personal access token {"token_id":176,"user_id":76,"revoked":null} 
[2026-05-23 04:30:41] local.INFO: User authenticated via bearer token {"user_id":76,"user_email":"freelancezahedtesting@gmail.com"} 
[2026-05-23 04:30:41] local.INFO: Returning campaigns for user {"user_id":76,"campaign_count":0,"statuses":[]} 
[2026-05-23 04:31:11] local.INFO: ParseBearerToken middleware invoked {"path":"/api/v2/campaign","method":"GET","has_auth_header":true,"auth_header_preview":"Bearer 176|tvOdAVPlpdhBhLoAtuW...","is_bearer":true} 
[2026-05-23 04:31:11] local.INFO: Extracted bearer token {"token_preview":"176|tvOdAV...","token_length":52} 
[2026-05-23 04:31:11] local.INFO: Found personal access token {"token_id":176,"user_id":76,"revoked":null} 
[2026-05-23 04:31:11] local.INFO: User authenticated via bearer token {"user_id":76,"user_email":"freelancezahedtesting@gmail.com"} 
[2026-05-23 04:31:11] local.INFO: Returning campaigns for user {"user_id":76,"campaign_count":0,"statuses":[]} 
[2026-05-23 04:31:41] local.INFO: ParseBearerToken middleware invoked {"path":"/api/v2/campaign","method":"GET","has_auth_header":true,"auth_header_preview":"Bearer 176|tvOdAVPlpdhBhLoAtuW...","is_bearer":true} 
[2026-05-23 04:31:41] local.INFO: Extracted bearer token {"token_preview":"176|tvOdAV...","token_length":52} 
[2026-05-23 04:31:41] local.INFO: Found personal access token {"token_id":176,"user_id":76,"revoked":null} 
[2026-05-23 04:31:41] local.INFO: User authenticated via bearer token {"user_id":76,"user_email":"freelancezahedtesting@gmail.com"} 
[2026-05-23 04:31:41] local.INFO: Returning campaigns for user {"user_id":76,"campaign_count":0,"statuses":[]} 
[2026-05-23 04:32:11] local.INFO: ParseBearerToken middleware invoked {"path":"/api/v2/campaign","method":"GET","has_auth_header":true,"auth_header_preview":"Bearer 176|tvOdAVPlpdhBhLoAtuW...","is_bearer":true} 
[2026-05-23 04:32:11] local.INFO: Extracted bearer token {"token_preview":"176|tvOdAV...","token_length":52} 
[2026-05-23 04:32:11] local.INFO: Found personal access token {"token_id":176,"user_id":76,"revoked":null} 
[2026-05-23 04:32:11] local.INFO: User authenticated via bearer token {"user_id":76,"user_email":"freelancezahedtesting@gmail.com"} 
[2026-05-23 04:32:11] local.INFO: Returning campaigns for user {"user_id":76,"campaign_count":0,"statuses":[]} 
[2026-05-23 04:32:41] local.INFO: ParseBearerToken middleware invoked {"path":"/api/v2/campaign","method":"GET","has_auth_header":true,"auth_header_preview":"Bearer 176|tvOdAVPlpdhBhLoAtuW...","is_bearer":true} 
[2026-05-23 04:32:41] local.INFO: Extracted bearer token {"token_preview":"176|tvOdAV...","token_length":52} 
[2026-05-23 04:32:41] local.INFO: Found personal access token {"token_id":176,"user_id":76,"revoked":null} 
[2026-05-23 04:32:41] local.INFO: User authenticated via bearer token {"user_id":76,"user_email":"freelancezahedtesting@gmail.com"} 
[2026-05-23 04:32:41] local.INFO: Returning campaigns for user {"user_id":76,"campaign_count":0,"statuses":[]} 
[2026-05-23 04:33:10] local.INFO: ParseBearerToken middleware invoked {"path":"/api/v2/campaign","method":"GET","has_auth_header":true,"auth_header_preview":"Bearer 176|tvOdAVPlpdhBhLoAtuW...","is_bearer":true} 
[2026-05-23 04:33:10] local.INFO: Extracted bearer token {"token_preview":"176|tvOdAV...","token_length":52} 
[2026-05-23 04:33:10] local.INFO: Found personal access token {"token_id":176,"user_id":76,"revoked":null} 
[2026-05-23 04:33:10] local.INFO: User authenticated via bearer token {"user_id":76,"user_email":"freelancezahedtesting@gmail.com"} 
[2026-05-23 04:33:11] local.INFO: Returning campaigns for user {"user_id":76,"campaign_count":0,"statuses":[]} 
[2026-05-23 04:33:41] local.INFO: ParseBearerToken middleware invoked {"path":"/api/v2/campaign","method":"GET","has_auth_header":true,"auth_header_preview":"Bearer 176|tvOdAVPlpdhBhLoAtuW...","is_bearer":true} 
[2026-05-23 04:33:41] local.INFO: Extracted bearer token {"token_preview":"176|tvOdAV...","token_length":52} 
[2026-05-23 04:33:41] local.INFO: Found personal access token {"token_id":176,"user_id":76,"revoked":null} 
[2026-05-23 04:33:41] local.INFO: User authenticated via bearer token {"user_id":76,"user_email":"freelancezahedtesting@gmail.com"} 
[2026-05-23 04:33:41] local.INFO: Returning campaigns for user {"user_id":76,"campaign_count":0,"statuses":[]} 
[2026-05-23 04:34:11] local.INFO: ParseBearerToken middleware invoked {"path":"/api/v2/campaign","method":"GET","has_auth_header":true,"auth_header_preview":"Bearer 176|tvOdAVPlpdhBhLoAtuW...","is_bearer":true} 
[2026-05-23 04:34:11] local.INFO: Extracted bearer token {"token_preview":"176|tvOdAV...","token_length":52} 
[2026-05-23 04:34:11] local.INFO: Found personal access token {"token_id":176,"user_id":76,"revoked":null} 
[2026-05-23 04:34:11] local.INFO: User authenticated via bearer token {"user_id":76,"user_email":"freelancezahedtesting@gmail.com"} 
[2026-05-23 04:34:11] local.INFO: Returning campaigns for user {"user_id":76,"campaign_count":0,"statuses":[]} 
[2026-05-23 04:34:40] local.INFO: ParseBearerToken middleware invoked {"path":"/api/v2/campaign","method":"GET","has_auth_header":true,"auth_header_preview":"Bearer 176|tvOdAVPlpdhBhLoAtuW...","is_bearer":true} 
[2026-05-23 04:34:40] local.INFO: Extracted bearer token {"token_preview":"176|tvOdAV...","token_length":52} 
[2026-05-23 04:34:40] local.INFO: Found personal access token {"token_id":176,"user_id":76,"revoked":null} 
[2026-05-23 04:34:40] local.INFO: User authenticated via bearer token {"user_id":76,"user_email":"freelancezahedtesting@gmail.com"} 
[2026-05-23 04:34:40] local.INFO: Returning campaigns for user {"user_id":76,"campaign_count":0,"statuses":[]} 
[2026-05-23 04:35:11] local.INFO: ParseBearerToken middleware invoked {"path":"/api/v2/campaign","method":"GET","has_auth_header":true,"auth_header_preview":"Bearer 176|tvOdAVPlpdhBhLoAtuW...","is_bearer":true} 
[2026-05-23 04:35:11] local.INFO: Extracted bearer token {"token_preview":"176|tvOdAV...","token_length":52} 
[2026-05-23 04:35:11] local.INFO: Found personal access token {"token_id":176,"user_id":76,"revoked":null} 
[2026-05-23 04:35:11] local.INFO: User authenticated via bearer token {"user_id":76,"user_email":"freelancezahedtesting@gmail.com"} 
[2026-05-23 04:35:11] local.INFO: Returning campaigns for user {"user_id":76,"campaign_count":0,"statuses":[]} 
[2026-05-23 04:35:41] local.INFO: ParseBearerToken middleware invoked {"path":"/api/v2/campaign","method":"GET","has_auth_header":true,"auth_header_preview":"Bearer 176|tvOdAVPlpdhBhLoAtuW...","is_bearer":true} 
[2026-05-23 04:35:41] local.INFO: Extracted bearer token {"token_preview":"176|tvOdAV...","token_length":52} 
[2026-05-23 04:35:41] local.INFO: Found personal access token {"token_id":176,"user_id":76,"revoked":null} 
[2026-05-23 04:35:41] local.INFO: User authenticated via bearer token {"user_id":76,"user_email":"freelancezahedtesting@gmail.com"} 
[2026-05-23 04:35:41] local.INFO: Returning campaigns for user {"user_id":76,"campaign_count":0,"statuses":[]} 
[2026-05-23 04:36:11] local.INFO: ParseBearerToken middleware invoked {"path":"/api/v2/campaign","method":"GET","has_auth_header":true,"auth_header_preview":"Bearer 176|tvOdAVPlpdhBhLoAtuW...","is_bearer":true} 
[2026-05-23 04:36:11] local.INFO: Extracted bearer token {"token_preview":"176|tvOdAV...","token_length":52} 
[2026-05-23 04:36:11] local.INFO: Found personal access token {"token_id":176,"user_id":76,"revoked":null} 
[2026-05-23 04:36:11] local.INFO: User authenticated via bearer token {"user_id":76,"user_email":"freelancezahedtesting@gmail.com"} 
[2026-05-23 04:36:11] local.INFO: Returning campaigns for user {"user_id":76,"campaign_count":0,"statuses":[]} 
[2026-05-23 04:36:41] local.INFO: ParseBearerToken middleware invoked {"path":"/api/v2/campaign","method":"GET","has_auth_header":true,"auth_header_preview":"Bearer 176|tvOdAVPlpdhBhLoAtuW...","is_bearer":true} 
[2026-05-23 04:36:41] local.INFO: Extracted bearer token {"token_preview":"176|tvOdAV...","token_length":52} 
[2026-05-23 04:36:41] local.INFO: Found personal access token {"token_id":176,"user_id":76,"revoked":null} 
[2026-05-23 04:36:41] local.INFO: User authenticated via bearer token {"user_id":76,"user_email":"freelancezahedtesting@gmail.com"} 
[2026-05-23 04:36:41] local.INFO: Returning campaigns for user {"user_id":76,"campaign_count":0,"statuses":[]} 
[2026-05-23 04:37:11] local.INFO: ParseBearerToken middleware invoked {"path":"/api/v2/campaign","method":"GET","has_auth_header":true,"auth_header_preview":"Bearer 176|tvOdAVPlpdhBhLoAtuW...","is_bearer":true} 
[2026-05-23 04:37:11] local.INFO: Extracted bearer token {"token_preview":"176|tvOdAV...","token_length":52} 
[2026-05-23 04:37:11] local.INFO: Found personal access token {"token_id":176,"user_id":76,"revoked":null} 
[2026-05-23 04:37:11] local.INFO: User authenticated via bearer token {"user_id":76,"user_email":"freelancezahedtesting@gmail.com"} 
[2026-05-23 04:37:11] local.INFO: Returning campaigns for user {"user_id":76,"campaign_count":0,"statuses":[]} 
[2026-05-23 04:37:41] local.INFO: ParseBearerToken middleware invoked {"path":"/api/v2/campaign","method":"GET","has_auth_header":true,"auth_header_preview":"Bearer 176|tvOdAVPlpdhBhLoAtuW...","is_bearer":true} 
[2026-05-23 04:37:41] local.INFO: Extracted bearer token {"token_preview":"176|tvOdAV...","token_length":52} 
[2026-05-23 04:37:41] local.INFO: Found personal access token {"token_id":176,"user_id":76,"revoked":null} 
[2026-05-23 04:37:41] local.INFO: User authenticated via bearer token {"user_id":76,"user_email":"freelancezahedtesting@gmail.com"} 
[2026-05-23 04:37:41] local.INFO: Returning campaigns for user {"user_id":76,"campaign_count":0,"statuses":[]} 
[2026-05-23 04:38:11] local.INFO: ParseBearerToken middleware invoked {"path":"/api/v2/campaign","method":"GET","has_auth_header":true,"auth_header_preview":"Bearer 176|tvOdAVPlpdhBhLoAtuW...","is_bearer":true} 
[2026-05-23 04:38:11] local.INFO: Extracted bearer token {"token_preview":"176|tvOdAV...","token_length":52} 
[2026-05-23 04:38:11] local.INFO: Found personal access token {"token_id":176,"user_id":76,"revoked":null} 
[2026-05-23 04:38:11] local.INFO: User authenticated via bearer token {"user_id":76,"user_email":"freelancezahedtesting@gmail.com"} 
[2026-05-23 04:38:11] local.INFO: Returning campaigns for user {"user_id":76,"campaign_count":0,"statuses":[]} 
[2026-05-23 04:38:41] local.INFO: ParseBearerToken middleware invoked {"path":"/api/v2/campaign","method":"GET","has_auth_header":true,"auth_header_preview":"Bearer 176|tvOdAVPlpdhBhLoAtuW...","is_bearer":true} 
[2026-05-23 04:38:41] local.INFO: Extracted bearer token {"token_preview":"176|tvOdAV...","token_length":52} 
[2026-05-23 04:38:41] local.INFO: Found personal access token {"token_id":176,"user_id":76,"revoked":null} 
[2026-05-23 04:38:41] local.INFO: User authenticated via bearer token {"user_id":76,"user_email":"freelancezahedtesting@gmail.com"} 
[2026-05-23 04:38:41] local.INFO: Returning campaigns for user {"user_id":76,"campaign_count":0,"statuses":[]} 
[2026-05-23 04:39:11] local.INFO: ParseBearerToken middleware invoked {"path":"/api/v2/campaign","method":"GET","has_auth_header":true,"auth_header_preview":"Bearer 176|tvOdAVPlpdhBhLoAtuW...","is_bearer":true} 
[2026-05-23 04:39:11] local.INFO: Extracted bearer token {"token_preview":"176|tvOdAV...","token_length":52} 
[2026-05-23 04:39:11] local.INFO: Found personal access token {"token_id":176,"user_id":76,"revoked":null} 
[2026-05-23 04:39:11] local.INFO: User authenticated via bearer token {"user_id":76,"user_email":"freelancezahedtesting@gmail.com"} 
[2026-05-23 04:39:11] local.INFO: Returning campaigns for user {"user_id":76,"campaign_count":0,"statuses":[]} 
[2026-05-23 04:39:41] local.INFO: ParseBearerToken middleware invoked {"path":"/api/v2/campaign","method":"GET","has_auth_header":true,"auth_header_preview":"Bearer 176|tvOdAVPlpdhBhLoAtuW...","is_bearer":true} 
[2026-05-23 04:39:41] local.INFO: Extracted bearer token {"token_preview":"176|tvOdAV...","token_length":52} 
[2026-05-23 04:39:41] local.INFO: Found personal access token {"token_id":176,"user_id":76,"revoked":null} 
[2026-05-23 04:39:41] local.INFO: User authenticated via bearer token {"user_id":76,"user_email":"freelancezahedtesting@gmail.com"} 
[2026-05-23 04:39:41] local.INFO: Returning campaigns for user {"user_id":76,"campaign_count":0,"statuses":[]} 
[2026-05-23 04:40:11] local.INFO: ParseBearerToken middleware invoked {"path":"/api/v2/campaign","method":"GET","has_auth_header":true,"auth_header_preview":"Bearer 176|tvOdAVPlpdhBhLoAtuW...","is_bearer":true} 
[2026-05-23 04:40:11] local.INFO: Extracted bearer token {"token_preview":"176|tvOdAV...","token_length":52} 
[2026-05-23 04:40:11] local.INFO: Found personal access token {"token_id":176,"user_id":76,"revoked":null} 
[2026-05-23 04:40:11] local.INFO: User authenticated via bearer token {"user_id":76,"user_email":"freelancezahedtesting@gmail.com"} 
[2026-05-23 04:40:11] local.INFO: Returning campaigns for user {"user_id":76,"campaign_count":0,"statuses":[]} 
[2026-05-23 04:40:41] local.INFO: ParseBearerToken middleware invoked {"path":"/api/v2/campaign","method":"GET","has_auth_header":true,"auth_header_preview":"Bearer 176|tvOdAVPlpdhBhLoAtuW...","is_bearer":true} 
[2026-05-23 04:40:41] local.INFO: Extracted bearer token {"token_preview":"176|tvOdAV...","token_length":52} 
[2026-05-23 04:40:41] local.INFO: Found personal access token {"token_id":176,"user_id":76,"revoked":null} 
[2026-05-23 04:40:41] local.INFO: User authenticated via bearer token {"user_id":76,"user_email":"freelancezahedtesting@gmail.com"} 
[2026-05-23 04:40:41] local.INFO: Returning campaigns for user {"user_id":76,"campaign_count":0,"statuses":[]} 
[2026-05-23 04:41:11] local.INFO: ParseBearerToken middleware invoked {"path":"/api/v2/campaign","method":"GET","has_auth_header":true,"auth_header_preview":"Bearer 176|tvOdAVPlpdhBhLoAtuW...","is_bearer":true} 
[2026-05-23 04:41:11] local.INFO: Extracted bearer token {"token_preview":"176|tvOdAV...","token_length":52} 
[2026-05-23 04:41:11] local.INFO: Found personal access token {"token_id":176,"user_id":76,"revoked":null} 
[2026-05-23 04:41:11] local.INFO: User authenticated via bearer token {"user_id":76,"user_email":"freelancezahedtesting@gmail.com"} 
[2026-05-23 04:41:11] local.INFO: Returning campaigns for user {"user_id":76,"campaign_count":0,"statuses":[]} 
[2026-05-23 04:41:41] local.INFO: ParseBearerToken middleware invoked {"path":"/api/v2/campaign","method":"GET","has_auth_header":true,"auth_header_preview":"Bearer 176|tvOdAVPlpdhBhLoAtuW...","is_bearer":true} 
[2026-05-23 04:41:41] local.INFO: Extracted bearer token {"token_preview":"176|tvOdAV...","token_length":52} 
[2026-05-23 04:41:41] local.INFO: Found personal access token {"token_id":176,"user_id":76,"revoked":null} 
[2026-05-23 04:41:41] local.INFO: User authenticated via bearer token {"user_id":76,"user_email":"freelancezahedtesting@gmail.com"} 
[2026-05-23 04:41:41] local.INFO: Returning campaigns for user {"user_id":76,"campaign_count":0,"statuses":[]} 
[2026-05-23 04:42:11] local.INFO: ParseBearerToken middleware invoked {"path":"/api/v2/campaign","method":"GET","has_auth_header":true,"auth_header_preview":"Bearer 176|tvOdAVPlpdhBhLoAtuW...","is_bearer":true} 
[2026-05-23 04:42:11] local.INFO: Extracted bearer token {"token_preview":"176|tvOdAV...","token_length":52} 
[2026-05-23 04:42:11] local.INFO: Found personal access token {"token_id":176,"user_id":76,"revoked":null} 
[2026-05-23 04:42:11] local.INFO: User authenticated via bearer token {"user_id":76,"user_email":"freelancezahedtesting@gmail.com"} 
[2026-05-23 04:42:11] local.INFO: Returning campaigns for user {"user_id":76,"campaign_count":0,"statuses":[]} 
[2026-05-23 04:42:41] local.INFO: ParseBearerToken middleware invoked {"path":"/api/v2/campaign","method":"GET","has_auth_header":true,"auth_header_preview":"Bearer 176|tvOdAVPlpdhBhLoAtuW...","is_bearer":true} 
[2026-05-23 04:42:41] local.INFO: Extracted bearer token {"token_preview":"176|tvOdAV...","token_length":52} 
[2026-05-23 04:42:41] local.INFO: Found personal access token {"token_id":176,"user_id":76,"revoked":null} 
[2026-05-23 04:42:41] local.INFO: User authenticated via bearer token {"user_id":76,"user_email":"freelancezahedtesting@gmail.com"} 
[2026-05-23 04:42:41] local.INFO: Returning campaigns for user {"user_id":76,"campaign_count":0,"statuses":[]} 
[2026-05-23 04:43:11] local.INFO: ParseBearerToken middleware invoked {"path":"/api/v2/campaign","method":"GET","has_auth_header":true,"auth_header_preview":"Bearer 176|tvOdAVPlpdhBhLoAtuW...","is_bearer":true} 
[2026-05-23 04:43:11] local.INFO: Extracted bearer token {"token_preview":"176|tvOdAV...","token_length":52} 
[2026-05-23 04:43:11] local.INFO: Found personal access token {"token_id":176,"user_id":76,"revoked":null} 
[2026-05-23 04:43:11] local.INFO: User authenticated via bearer token {"user_id":76,"user_email":"freelancezahedtesting@gmail.com"} 
[2026-05-23 04:43:11] local.INFO: Returning campaigns for user {"user_id":76,"campaign_count":0,"statuses":[]} 
[2026-05-23 04:43:40] local.INFO: ParseBearerToken middleware invoked {"path":"/api/v2/campaign","method":"GET","has_auth_header":true,"auth_header_preview":"Bearer 176|tvOdAVPlpdhBhLoAtuW...","is_bearer":true} 
[2026-05-23 04:43:40] local.INFO: Extracted bearer token {"token_preview":"176|tvOdAV...","token_length":52} 
[2026-05-23 04:43:40] local.INFO: Found personal access token {"token_id":176,"user_id":76,"revoked":null} 
[2026-05-23 04:43:40] local.INFO: User authenticated via bearer token {"user_id":76,"user_email":"freelancezahedtesting@gmail.com"} 
[2026-05-23 04:43:40] local.INFO: Returning campaigns for user {"user_id":76,"campaign_count":0,"statuses":[]} 
[2026-05-23 04:44:11] local.INFO: ParseBearerToken middleware invoked {"path":"/api/v2/campaign","method":"GET","has_auth_header":true,"auth_header_preview":"Bearer 176|tvOdAVPlpdhBhLoAtuW...","is_bearer":true} 
[2026-05-23 04:44:11] local.INFO: Extracted bearer token {"token_preview":"176|tvOdAV...","token_length":52} 
[2026-05-23 04:44:11] local.INFO: Found personal access token {"token_id":176,"user_id":76,"revoked":null} 
[2026-05-23 04:44:11] local.INFO: User authenticated via bearer token {"user_id":76,"user_email":"freelancezahedtesting@gmail.com"} 
[2026-05-23 04:44:11] local.INFO: Returning campaigns for user {"user_id":76,"campaign_count":0,"statuses":[]} 
[2026-05-23 04:44:41] local.INFO: ParseBearerToken middleware invoked {"path":"/api/v2/campaign","method":"GET","has_auth_header":true,"auth_header_preview":"Bearer 176|tvOdAVPlpdhBhLoAtuW...","is_bearer":true} 
[2026-05-23 04:44:41] local.INFO: Extracted bearer token {"token_preview":"176|tvOdAV...","token_length":52} 
[2026-05-23 04:44:41] local.INFO: Found personal access token {"token_id":176,"user_id":76,"revoked":null} 
[2026-05-23 04:44:41] local.INFO: User authenticated via bearer token {"user_id":76,"user_email":"freelancezahedtesting@gmail.com"} 
[2026-05-23 04:44:41] local.INFO: Returning campaigns for user {"user_id":76,"campaign_count":0,"statuses":[]} 
[2026-05-23 04:45:11] local.INFO: ParseBearerToken middleware invoked {"path":"/api/v2/campaign","method":"GET","has_auth_header":true,"auth_header_preview":"Bearer 176|tvOdAVPlpdhBhLoAtuW...","is_bearer":true} 
[2026-05-23 04:45:11] local.INFO: Extracted bearer token {"token_preview":"176|tvOdAV...","token_length":52} 
[2026-05-23 04:45:11] local.INFO: Found personal access token {"token_id":176,"user_id":76,"revoked":null} 
[2026-05-23 04:45:11] local.INFO: User authenticated via bearer token {"user_id":76,"user_email":"freelancezahedtesting@gmail.com"} 
[2026-05-23 04:45:11] local.INFO: Returning campaigns for user {"user_id":76,"campaign_count":0,"statuses":[]} 
[2026-05-23 04:45:41] local.INFO: ParseBearerToken middleware invoked {"path":"/api/v2/campaign","method":"GET","has_auth_header":true,"auth_header_preview":"Bearer 176|tvOdAVPlpdhBhLoAtuW...","is_bearer":true} 
[2026-05-23 04:45:41] local.INFO: Extracted bearer token {"token_preview":"176|tvOdAV...","token_length":52} 
[2026-05-23 04:45:41] local.INFO: Found personal access token {"token_id":176,"user_id":76,"revoked":null} 
[2026-05-23 04:45:41] local.INFO: User authenticated via bearer token {"user_id":76,"user_email":"freelancezahedtesting@gmail.com"} 
[2026-05-23 04:45:41] local.INFO: Returning campaigns for user {"user_id":76,"campaign_count":0,"statuses":[]} 
[2026-05-23 04:46:11] local.INFO: ParseBearerToken middleware invoked {"path":"/api/v2/campaign","method":"GET","has_auth_header":true,"auth_header_preview":"Bearer 176|tvOdAVPlpdhBhLoAtuW...","is_bearer":true} 
[2026-05-23 04:46:11] local.INFO: Extracted bearer token {"token_preview":"176|tvOdAV...","token_length":52} 
[2026-05-23 04:46:11] local.INFO: Found personal access token {"token_id":176,"user_id":76,"revoked":null} 
[2026-05-23 04:46:11] local.INFO: User authenticated via bearer token {"user_id":76,"user_email":"freelancezahedtesting@gmail.com"} 
[2026-05-23 04:46:11] local.INFO: Returning campaigns for user {"user_id":76,"campaign_count":0,"statuses":[]} 
[2026-05-23 04:46:41] local.INFO: ParseBearerToken middleware invoked {"path":"/api/v2/campaign","method":"GET","has_auth_header":true,"auth_header_preview":"Bearer 176|tvOdAVPlpdhBhLoAtuW...","is_bearer":true} 
[2026-05-23 04:46:41] local.INFO: Extracted bearer token {"token_preview":"176|tvOdAV...","token_length":52} 
[2026-05-23 04:46:41] local.INFO: Found personal access token {"token_id":176,"user_id":76,"revoked":null} 
[2026-05-23 04:46:41] local.INFO: User authenticated via bearer token {"user_id":76,"user_email":"freelancezahedtesting@gmail.com"} 
[2026-05-23 04:46:41] local.INFO: Returning campaigns for user {"user_id":76,"campaign_count":0,"statuses":[]} 
[2026-05-23 04:47:11] local.INFO: ParseBearerToken middleware invoked {"path":"/api/v2/campaign","method":"GET","has_auth_header":true,"auth_header_preview":"Bearer 176|tvOdAVPlpdhBhLoAtuW...","is_bearer":true} 
[2026-05-23 04:47:11] local.INFO: Extracted bearer token {"token_preview":"176|tvOdAV...","token_length":52} 
[2026-05-23 04:47:11] local.INFO: Found personal access token {"token_id":176,"user_id":76,"revoked":null} 
[2026-05-23 04:47:11] local.INFO: User authenticated via bearer token {"user_id":76,"user_email":"freelancezahedtesting@gmail.com"} 
[2026-05-23 04:47:11] local.INFO: Returning campaigns for user {"user_id":76,"campaign_count":0,"statuses":[]} 
[2026-05-23 04:47:41] local.INFO: ParseBearerToken middleware invoked {"path":"/api/v2/campaign","method":"GET","has_auth_header":true,"auth_header_preview":"Bearer 176|tvOdAVPlpdhBhLoAtuW...","is_bearer":true} 
[2026-05-23 04:47:41] local.INFO: Extracted bearer token {"token_preview":"176|tvOdAV...","token_length":52} 
[2026-05-23 04:47:41] local.INFO: Found personal access token {"token_id":176,"user_id":76,"revoked":null} 
[2026-05-23 04:47:41] local.INFO: User authenticated via bearer token {"user_id":76,"user_email":"freelancezahedtesting@gmail.com"} 
[2026-05-23 04:47:41] local.INFO: Returning campaigns for user {"user_id":76,"campaign_count":0,"statuses":[]} 
[2026-05-23 04:48:11] local.INFO: ParseBearerToken middleware invoked {"path":"/api/v2/campaign","method":"GET","has_auth_header":true,"auth_header_preview":"Bearer 176|tvOdAVPlpdhBhLoAtuW...","is_bearer":true} 
[2026-05-23 04:48:11] local.INFO: Extracted bearer token {"token_preview":"176|tvOdAV...","token_length":52} 
[2026-05-23 04:48:11] local.INFO: Found personal access token {"token_id":176,"user_id":76,"revoked":null} 
[2026-05-23 04:48:11] local.INFO: User authenticated via bearer token {"user_id":76,"user_email":"freelancezahedtesting@gmail.com"} 
[2026-05-23 04:48:11] local.INFO: Returning campaigns for user {"user_id":76,"campaign_count":0,"statuses":[]} 
[2026-05-23 04:48:40] local.INFO: ParseBearerToken middleware invoked {"path":"/api/v2/campaign","method":"GET","has_auth_header":true,"auth_header_preview":"Bearer 176|tvOdAVPlpdhBhLoAtuW...","is_bearer":true} 
[2026-05-23 04:48:40] local.INFO: Extracted bearer token {"token_preview":"176|tvOdAV...","token_length":52} 
[2026-05-23 04:48:40] local.INFO: Found personal access token {"token_id":176,"user_id":76,"revoked":null} 
[2026-05-23 04:48:40] local.INFO: User authenticated via bearer token {"user_id":76,"user_email":"freelancezahedtesting@gmail.com"} 
[2026-05-23 04:48:40] local.INFO: Returning campaigns for user {"user_id":76,"campaign_count":0,"statuses":[]} 
[2026-05-23 04:49:11] local.INFO: ParseBearerToken middleware invoked {"path":"/api/v2/campaign","method":"GET","has_auth_header":true,"auth_header_preview":"Bearer 176|tvOdAVPlpdhBhLoAtuW...","is_bearer":true} 
[2026-05-23 04:49:11] local.INFO: Extracted bearer token {"token_preview":"176|tvOdAV...","token_length":52} 
[2026-05-23 04:49:11] local.INFO: Found personal access token {"token_id":176,"user_id":76,"revoked":null} 
[2026-05-23 04:49:11] local.INFO: User authenticated via bearer token {"user_id":76,"user_email":"freelancezahedtesting@gmail.com"} 
[2026-05-23 04:49:11] local.INFO: Returning campaigns for user {"user_id":76,"campaign_count":0,"statuses":[]} 
[2026-05-23 04:49:41] local.INFO: ParseBearerToken middleware invoked {"path":"/api/v2/campaign","method":"GET","has_auth_header":true,"auth_header_preview":"Bearer 176|tvOdAVPlpdhBhLoAtuW...","is_bearer":true} 
[2026-05-23 04:49:41] local.INFO: Extracted bearer token {"token_preview":"176|tvOdAV...","token_length":52} 
[2026-05-23 04:49:41] local.INFO: Found personal access token {"token_id":176,"user_id":76,"revoked":null} 
[2026-05-23 04:49:41] local.INFO: User authenticated via bearer token {"user_id":76,"user_email":"freelancezahedtesting@gmail.com"} 
[2026-05-23 04:49:41] local.INFO: Returning campaigns for user {"user_id":76,"campaign_count":0,"statuses":[]} 
[2026-05-23 04:50:11] local.INFO: ParseBearerToken middleware invoked {"path":"/api/v2/campaign","method":"GET","has_auth_header":true,"auth_header_preview":"Bearer 176|tvOdAVPlpdhBhLoAtuW...","is_bearer":true} 
[2026-05-23 04:50:11] local.INFO: Extracted bearer token {"token_preview":"176|tvOdAV...","token_length":52} 
[2026-05-23 04:50:11] local.INFO: Found personal access token {"token_id":176,"user_id":76,"revoked":null} 
[2026-05-23 04:50:11] local.INFO: User authenticated via bearer token {"user_id":76,"user_email":"freelancezahedtesting@gmail.com"} 
[2026-05-23 04:50:11] local.INFO: Returning campaigns for user {"user_id":76,"campaign_count":0,"statuses":[]} 
[2026-05-23 04:50:41] local.INFO: ParseBearerToken middleware invoked {"path":"/api/v2/campaign","method":"GET","has_auth_header":true,"auth_header_preview":"Bearer 176|tvOdAVPlpdhBhLoAtuW...","is_bearer":true} 
[2026-05-23 04:50:41] local.INFO: Extracted bearer token {"token_preview":"176|tvOdAV...","token_length":52} 
[2026-05-23 04:50:41] local.INFO: Found personal access token {"token_id":176,"user_id":76,"revoked":null} 
[2026-05-23 04:50:41] local.INFO: User authenticated via bearer token {"user_id":76,"user_email":"freelancezahedtesting@gmail.com"} 
[2026-05-23 04:50:41] local.INFO: Returning campaigns for user {"user_id":76,"campaign_count":0,"statuses":[]} 
[2026-05-23 04:51:11] local.INFO: ParseBearerToken middleware invoked {"path":"/api/v2/campaign","method":"GET","has_auth_header":true,"auth_header_preview":"Bearer 176|tvOdAVPlpdhBhLoAtuW...","is_bearer":true} 
[2026-05-23 04:51:11] local.INFO: Extracted bearer token {"token_preview":"176|tvOdAV...","token_length":52} 
[2026-05-23 04:51:11] local.INFO: Found personal access token {"token_id":176,"user_id":76,"revoked":null} 
[2026-05-23 04:51:11] local.INFO: User authenticated via bearer token {"user_id":76,"user_email":"freelancezahedtesting@gmail.com"} 
[2026-05-23 04:51:11] local.INFO: Returning campaigns for user {"user_id":76,"campaign_count":0,"statuses":[]} 
[2026-05-23 04:51:41] local.INFO: ParseBearerToken middleware invoked {"path":"/api/v2/campaign","method":"GET","has_auth_header":true,"auth_header_preview":"Bearer 176|tvOdAVPlpdhBhLoAtuW...","is_bearer":true} 
[2026-05-23 04:51:41] local.INFO: Extracted bearer token {"token_preview":"176|tvOdAV...","token_length":52} 
[2026-05-23 04:51:41] local.INFO: Found personal access token {"token_id":176,"user_id":76,"revoked":null} 
[2026-05-23 04:51:41] local.INFO: User authenticated via bearer token {"user_id":76,"user_email":"freelancezahedtesting@gmail.com"} 
[2026-05-23 04:51:41] local.INFO: Returning campaigns for user {"user_id":76,"campaign_count":0,"statuses":[]} 
[2026-05-23 04:52:10] local.INFO: ParseBearerToken middleware invoked {"path":"/api/v2/campaign","method":"GET","has_auth_header":true,"auth_header_preview":"Bearer 176|tvOdAVPlpdhBhLoAtuW...","is_bearer":true} 
[2026-05-23 04:52:10] local.INFO: Extracted bearer token {"token_preview":"176|tvOdAV...","token_length":52} 
[2026-05-23 04:52:10] local.INFO: Found personal access token {"token_id":176,"user_id":76,"revoked":null} 
[2026-05-23 04:52:10] local.INFO: User authenticated via bearer token {"user_id":76,"user_email":"freelancezahedtesting@gmail.com"} 
[2026-05-23 04:52:11] local.INFO: Returning campaigns for user {"user_id":76,"campaign_count":0,"statuses":[]} 
[2026-05-23 04:52:41] local.INFO: ParseBearerToken middleware invoked {"path":"/api/v2/campaign","method":"GET","has_auth_header":true,"auth_header_preview":"Bearer 176|tvOdAVPlpdhBhLoAtuW...","is_bearer":true} 
[2026-05-23 04:52:41] local.INFO: Extracted bearer token {"token_preview":"176|tvOdAV...","token_length":52} 
[2026-05-23 04:52:41] local.INFO: Found personal access token {"token_id":176,"user_id":76,"revoked":null} 
[2026-05-23 04:52:41] local.INFO: User authenticated via bearer token {"user_id":76,"user_email":"freelancezahedtesting@gmail.com"} 
[2026-05-23 04:52:41] local.INFO: Returning campaigns for user {"user_id":76,"campaign_count":0,"statuses":[]} 
[2026-05-23 04:53:11] local.INFO: ParseBearerToken middleware invoked {"path":"/api/v2/campaign","method":"GET","has_auth_header":true,"auth_header_preview":"Bearer 176|tvOdAVPlpdhBhLoAtuW...","is_bearer":true} 
[2026-05-23 04:53:11] local.INFO: Extracted bearer token {"token_preview":"176|tvOdAV...","token_length":52} 
[2026-05-23 04:53:11] local.INFO: Found personal access token {"token_id":176,"user_id":76,"revoked":null} 
[2026-05-23 04:53:11] local.INFO: User authenticated via bearer token {"user_id":76,"user_email":"freelancezahedtesting@gmail.com"} 
[2026-05-23 04:53:11] local.INFO: Returning campaigns for user {"user_id":76,"campaign_count":0,"statuses":[]} 
[2026-05-23 04:53:41] local.INFO: ParseBearerToken middleware invoked {"path":"/api/v2/campaign","method":"GET","has_auth_header":true,"auth_header_preview":"Bearer 176|tvOdAVPlpdhBhLoAtuW...","is_bearer":true} 
[2026-05-23 04:53:41] local.INFO: Extracted bearer token {"token_preview":"176|tvOdAV...","token_length":52} 
[2026-05-23 04:53:41] local.INFO: Found personal access token {"token_id":176,"user_id":76,"revoked":null} 
[2026-05-23 04:53:41] local.INFO: User authenticated via bearer token {"user_id":76,"user_email":"freelancezahedtesting@gmail.com"} 
[2026-05-23 04:53:41] local.INFO: Returning campaigns for user {"user_id":76,"campaign_count":0,"statuses":[]} 
[2026-05-23 04:54:11] local.INFO: ParseBearerToken middleware invoked {"path":"/api/v2/campaign","method":"GET","has_auth_header":true,"auth_header_preview":"Bearer 176|tvOdAVPlpdhBhLoAtuW...","is_bearer":true} 
[2026-05-23 04:54:11] local.INFO: Extracted bearer token {"token_preview":"176|tvOdAV...","token_length":52} 
[2026-05-23 04:54:11] local.INFO: Found personal access token {"token_id":176,"user_id":76,"revoked":null} 
[2026-05-23 04:54:11] local.INFO: User authenticated via bearer token {"user_id":76,"user_email":"freelancezahedtesting@gmail.com"} 
[2026-05-23 04:54:11] local.INFO: Returning campaigns for user {"user_id":76,"campaign_count":0,"statuses":[]} 
[2026-05-23 04:54:41] local.INFO: ParseBearerToken middleware invoked {"path":"/api/v2/campaign","method":"GET","has_auth_header":true,"auth_header_preview":"Bearer 176|tvOdAVPlpdhBhLoAtuW...","is_bearer":true} 
[2026-05-23 04:54:41] local.INFO: Extracted bearer token {"token_preview":"176|tvOdAV...","token_length":52} 
[2026-05-23 04:54:41] local.INFO: Found personal access token {"token_id":176,"user_id":76,"revoked":null} 
[2026-05-23 04:54:41] local.INFO: User authenticated via bearer token {"user_id":76,"user_email":"freelancezahedtesting@gmail.com"} 
[2026-05-23 04:54:41] local.INFO: Returning campaigns for user {"user_id":76,"campaign_count":0,"statuses":[]} 
[2026-05-23 04:55:11] local.INFO: ParseBearerToken middleware invoked {"path":"/api/v2/campaign","method":"GET","has_auth_header":true,"auth_header_preview":"Bearer 176|tvOdAVPlpdhBhLoAtuW...","is_bearer":true} 
[2026-05-23 04:55:11] local.INFO: Extracted bearer token {"token_preview":"176|tvOdAV...","token_length":52} 
[2026-05-23 04:55:11] local.INFO: Found personal access token {"token_id":176,"user_id":76,"revoked":null} 
[2026-05-23 04:55:11] local.INFO: User authenticated via bearer token {"user_id":76,"user_email":"freelancezahedtesting@gmail.com"} 
[2026-05-23 04:55:11] local.INFO: Returning campaigns for user {"user_id":76,"campaign_count":0,"statuses":[]} 
[2026-05-23 04:55:41] local.INFO: ParseBearerToken middleware invoked {"path":"/api/v2/campaign","method":"GET","has_auth_header":true,"auth_header_preview":"Bearer 176|tvOdAVPlpdhBhLoAtuW...","is_bearer":true} 
[2026-05-23 04:55:41] local.INFO: Extracted bearer token {"token_preview":"176|tvOdAV...","token_length":52} 
[2026-05-23 04:55:41] local.INFO: Found personal access token {"token_id":176,"user_id":76,"revoked":null} 
[2026-05-23 04:55:41] local.INFO: User authenticated via bearer token {"user_id":76,"user_email":"freelancezahedtesting@gmail.com"} 
[2026-05-23 04:55:41] local.INFO: Returning campaigns for user {"user_id":76,"campaign_count":0,"statuses":[]} 
[2026-05-23 04:56:11] local.INFO: ParseBearerToken middleware invoked {"path":"/api/v2/campaign","method":"GET","has_auth_header":true,"auth_header_preview":"Bearer 176|tvOdAVPlpdhBhLoAtuW...","is_bearer":true} 
[2026-05-23 04:56:11] local.INFO: Extracted bearer token {"token_preview":"176|tvOdAV...","token_length":52} 
[2026-05-23 04:56:11] local.INFO: Found personal access token {"token_id":176,"user_id":76,"revoked":null} 
[2026-05-23 04:56:11] local.INFO: User authenticated via bearer token {"user_id":76,"user_email":"freelancezahedtesting@gmail.com"} 
[2026-05-23 04:56:11] local.INFO: Returning campaigns for user {"user_id":76,"campaign_count":0,"statuses":[]} 
[2026-05-23 04:56:41] local.INFO: ParseBearerToken middleware invoked {"path":"/api/v2/campaign","method":"GET","has_auth_header":true,"auth_header_preview":"Bearer 176|tvOdAVPlpdhBhLoAtuW...","is_bearer":true} 
[2026-05-23 04:56:41] local.INFO: Extracted bearer token {"token_preview":"176|tvOdAV...","token_length":52} 
[2026-05-23 04:56:41] local.INFO: Found personal access token {"token_id":176,"user_id":76,"revoked":null} 
[2026-05-23 04:56:41] local.INFO: User authenticated via bearer token {"user_id":76,"user_email":"freelancezahedtesting@gmail.com"} 
[2026-05-23 04:56:41] local.INFO: Returning campaigns for user {"user_id":76,"campaign_count":0,"statuses":[]} 
[2026-05-23 04:57:10] local.INFO: ParseBearerToken middleware invoked {"path":"/api/v2/campaign","method":"GET","has_auth_header":true,"auth_header_preview":"Bearer 176|tvOdAVPlpdhBhLoAtuW...","is_bearer":true} 
[2026-05-23 04:57:10] local.INFO: Extracted bearer token {"token_preview":"176|tvOdAV...","token_length":52} 
[2026-05-23 04:57:10] local.INFO: Found personal access token {"token_id":176,"user_id":76,"revoked":null} 
[2026-05-23 04:57:10] local.INFO: User authenticated via bearer token {"user_id":76,"user_email":"freelancezahedtesting@gmail.com"} 
[2026-05-23 04:57:10] local.INFO: Returning campaigns for user {"user_id":76,"campaign_count":0,"statuses":[]} 
[2026-05-23 04:57:41] local.INFO: ParseBearerToken middleware invoked {"path":"/api/v2/campaign","method":"GET","has_auth_header":true,"auth_header_preview":"Bearer 176|tvOdAVPlpdhBhLoAtuW...","is_bearer":true} 
[2026-05-23 04:57:41] local.INFO: Extracted bearer token {"token_preview":"176|tvOdAV...","token_length":52} 
[2026-05-23 04:57:41] local.INFO: Found personal access token {"token_id":176,"user_id":76,"revoked":null} 
[2026-05-23 04:57:41] local.INFO: User authenticated via bearer token {"user_id":76,"user_email":"freelancezahedtesting@gmail.com"} 
[2026-05-23 04:57:41] local.INFO: Returning campaigns for user {"user_id":76,"campaign_count":0,"statuses":[]} 
[2026-05-23 04:58:10] local.INFO: ParseBearerToken middleware invoked {"path":"/api/v2/campaign","method":"GET","has_auth_header":true,"auth_header_preview":"Bearer 176|tvOdAVPlpdhBhLoAtuW...","is_bearer":true} 
[2026-05-23 04:58:10] local.INFO: Extracted bearer token {"token_preview":"176|tvOdAV...","token_length":52} 
[2026-05-23 04:58:10] local.INFO: Found personal access token {"token_id":176,"user_id":76,"revoked":null} 
[2026-05-23 04:58:10] local.INFO: User authenticated via bearer token {"user_id":76,"user_email":"freelancezahedtesting@gmail.com"} 
[2026-05-23 04:58:10] local.INFO: Returning campaigns for user {"user_id":76,"campaign_count":0,"statuses":[]} 
[2026-05-23 04:58:41] local.INFO: ParseBearerToken middleware invoked {"path":"/api/v2/campaign","method":"GET","has_auth_header":true,"auth_header_preview":"Bearer 176|tvOdAVPlpdhBhLoAtuW...","is_bearer":true} 
[2026-05-23 04:58:41] local.INFO: Extracted bearer token {"token_preview":"176|tvOdAV...","token_length":52} 
[2026-05-23 04:58:41] local.INFO: Found personal access token {"token_id":176,"user_id":76,"revoked":null} 
[2026-05-23 04:58:41] local.INFO: User authenticated via bearer token {"user_id":76,"user_email":"freelancezahedtesting@gmail.com"} 
[2026-05-23 04:58:41] local.INFO: Returning campaigns for user {"user_id":76,"campaign_count":0,"statuses":[]} 
[2026-05-23 04:59:11] local.INFO: ParseBearerToken middleware invoked {"path":"/api/v2/campaign","method":"GET","has_auth_header":true,"auth_header_preview":"Bearer 176|tvOdAVPlpdhBhLoAtuW...","is_bearer":true} 
[2026-05-23 04:59:11] local.INFO: Extracted bearer token {"token_preview":"176|tvOdAV...","token_length":52} 
[2026-05-23 04:59:11] local.INFO: Found personal access token {"token_id":176,"user_id":76,"revoked":null} 
[2026-05-23 04:59:11] local.INFO: User authenticated via bearer token {"user_id":76,"user_email":"freelancezahedtesting@gmail.com"} 
[2026-05-23 04:59:11] local.INFO: Returning campaigns for user {"user_id":76,"campaign_count":0,"statuses":[]} 
[2026-05-23 04:59:41] local.INFO: ParseBearerToken middleware invoked {"path":"/api/v2/campaign","method":"GET","has_auth_header":true,"auth_header_preview":"Bearer 176|tvOdAVPlpdhBhLoAtuW...","is_bearer":true} 
[2026-05-23 04:59:41] local.INFO: Extracted bearer token {"token_preview":"176|tvOdAV...","token_length":52} 
[2026-05-23 04:59:41] local.INFO: Found personal access token {"token_id":176,"user_id":76,"revoked":null} 
[2026-05-23 04:59:41] local.INFO: User authenticated via bearer token {"user_id":76,"user_email":"freelancezahedtesting@gmail.com"} 
[2026-05-23 04:59:41] local.INFO: Returning campaigns for user {"user_id":76,"campaign_count":0,"statuses":[]} 
[2026-05-23 05:00:11] local.INFO: ParseBearerToken middleware invoked {"path":"/api/v2/campaign","method":"GET","has_auth_header":true,"auth_header_preview":"Bearer 176|tvOdAVPlpdhBhLoAtuW...","is_bearer":true} 
[2026-05-23 05:00:11] local.INFO: Extracted bearer token {"token_preview":"176|tvOdAV...","token_length":52} 
[2026-05-23 05:00:11] local.INFO: Found personal access token {"token_id":176,"user_id":76,"revoked":null} 
[2026-05-23 05:00:11] local.INFO: User authenticated via bearer token {"user_id":76,"user_email":"freelancezahedtesting@gmail.com"} 
[2026-05-23 05:00:11] local.INFO: Returning campaigns for user {"user_id":76,"campaign_count":0,"statuses":[]} 
[2026-05-23 05:00:41] local.INFO: ParseBearerToken middleware invoked {"path":"/api/v2/campaign","method":"GET","has_auth_header":true,"auth_header_preview":"Bearer 176|tvOdAVPlpdhBhLoAtuW...","is_bearer":true} 
[2026-05-23 05:00:41] local.INFO: Extracted bearer token {"token_preview":"176|tvOdAV...","token_length":52} 
[2026-05-23 05:00:41] local.INFO: Found personal access token {"token_id":176,"user_id":76,"revoked":null} 
[2026-05-23 05:00:41] local.INFO: User authenticated via bearer token {"user_id":76,"user_email":"freelancezahedtesting@gmail.com"} 
[2026-05-23 05:00:41] local.INFO: Returning campaigns for user {"user_id":76,"campaign_count":0,"statuses":[]} 
[2026-05-23 05:01:11] local.INFO: ParseBearerToken middleware invoked {"path":"/api/v2/campaign","method":"GET","has_auth_header":true,"auth_header_preview":"Bearer 176|tvOdAVPlpdhBhLoAtuW...","is_bearer":true} 
[2026-05-23 05:01:11] local.INFO: Extracted bearer token {"token_preview":"176|tvOdAV...","token_length":52} 
[2026-05-23 05:01:11] local.INFO: Found personal access token {"token_id":176,"user_id":76,"revoked":null} 
[2026-05-23 05:01:11] local.INFO: User authenticated via bearer token {"user_id":76,"user_email":"freelancezahedtesting@gmail.com"} 
[2026-05-23 05:01:11] local.INFO: Returning campaigns for user {"user_id":76,"campaign_count":0,"statuses":[]} 
[2026-05-23 05:01:41] local.INFO: ParseBearerToken middleware invoked {"path":"/api/v2/campaign","method":"GET","has_auth_header":true,"auth_header_preview":"Bearer 176|tvOdAVPlpdhBhLoAtuW...","is_bearer":true} 
[2026-05-23 05:01:41] local.INFO: Extracted bearer token {"token_preview":"176|tvOdAV...","token_length":52} 
[2026-05-23 05:01:41] local.INFO: Found personal access token {"token_id":176,"user_id":76,"revoked":null} 
[2026-05-23 05:01:41] local.INFO: User authenticated via bearer token {"user_id":76,"user_email":"freelancezahedtesting@gmail.com"} 
[2026-05-23 05:01:41] local.INFO: Returning campaigns for user {"user_id":76,"campaign_count":0,"statuses":[]} 
[2026-05-23 05:02:11] local.INFO: ParseBearerToken middleware invoked {"path":"/api/v2/campaign","method":"GET","has_auth_header":true,"auth_header_preview":"Bearer 176|tvOdAVPlpdhBhLoAtuW...","is_bearer":true} 
[2026-05-23 05:02:11] local.INFO: Extracted bearer token {"token_preview":"176|tvOdAV...","token_length":52} 
[2026-05-23 05:02:11] local.INFO: Found personal access token {"token_id":176,"user_id":76,"revoked":null} 
[2026-05-23 05:02:11] local.INFO: User authenticated via bearer token {"user_id":76,"user_email":"freelancezahedtesting@gmail.com"} 
[2026-05-23 05:02:11] local.INFO: Returning campaigns for user {"user_id":76,"campaign_count":0,"statuses":[]} 
[2026-05-23 05:02:41] local.INFO: ParseBearerToken middleware invoked {"path":"/api/v2/campaign","method":"GET","has_auth_header":true,"auth_header_preview":"Bearer 176|tvOdAVPlpdhBhLoAtuW...","is_bearer":true} 
[2026-05-23 05:02:41] local.INFO: Extracted bearer token {"token_preview":"176|tvOdAV...","token_length":52} 
[2026-05-23 05:02:41] local.INFO: Found personal access token {"token_id":176,"user_id":76,"revoked":null} 
[2026-05-23 05:02:41] local.INFO: User authenticated via bearer token {"user_id":76,"user_email":"freelancezahedtesting@gmail.com"} 
[2026-05-23 05:02:41] local.INFO: Returning campaigns for user {"user_id":76,"campaign_count":0,"statuses":[]} 
[2026-05-23 05:03:11] local.INFO: ParseBearerToken middleware invoked {"path":"/api/v2/campaign","method":"GET","has_auth_header":true,"auth_header_preview":"Bearer 176|tvOdAVPlpdhBhLoAtuW...","is_bearer":true} 
[2026-05-23 05:03:11] local.INFO: Extracted bearer token {"token_preview":"176|tvOdAV...","token_length":52} 
[2026-05-23 05:03:11] local.INFO: Found personal access token {"token_id":176,"user_id":76,"revoked":null} 
[2026-05-23 05:03:11] local.INFO: User authenticated via bearer token {"user_id":76,"user_email":"freelancezahedtesting@gmail.com"} 
[2026-05-23 05:03:11] local.INFO: Returning campaigns for user {"user_id":76,"campaign_count":0,"statuses":[]} 
[2026-05-23 05:03:41] local.INFO: ParseBearerToken middleware invoked {"path":"/api/v2/campaign","method":"GET","has_auth_header":true,"auth_header_preview":"Bearer 176|tvOdAVPlpdhBhLoAtuW...","is_bearer":true} 
[2026-05-23 05:03:41] local.INFO: Extracted bearer token {"token_preview":"176|tvOdAV...","token_length":52} 
[2026-05-23 05:03:41] local.INFO: Found personal access token {"token_id":176,"user_id":76,"revoked":null} 
[2026-05-23 05:03:41] local.INFO: User authenticated via bearer token {"user_id":76,"user_email":"freelancezahedtesting@gmail.com"} 
[2026-05-23 05:03:41] local.INFO: Returning campaigns for user {"user_id":76,"campaign_count":0,"statuses":[]} 
[2026-05-23 05:04:11] local.INFO: ParseBearerToken middleware invoked {"path":"/api/v2/campaign","method":"GET","has_auth_header":true,"auth_header_preview":"Bearer 176|tvOdAVPlpdhBhLoAtuW...","is_bearer":true} 
[2026-05-23 05:04:11] local.INFO: Extracted bearer token {"token_preview":"176|tvOdAV...","token_length":52} 
[2026-05-23 05:04:11] local.INFO: Found personal access token {"token_id":176,"user_id":76,"revoked":null} 
[2026-05-23 05:04:11] local.INFO: User authenticated via bearer token {"user_id":76,"user_email":"freelancezahedtesting@gmail.com"} 
[2026-05-23 05:04:11] local.INFO: Returning campaigns for user {"user_id":76,"campaign_count":0,"statuses":[]} 
[2026-05-23 05:04:41] local.INFO: ParseBearerToken middleware invoked {"path":"/api/v2/campaign","method":"GET","has_auth_header":true,"auth_header_preview":"Bearer 176|tvOdAVPlpdhBhLoAtuW...","is_bearer":true} 
[2026-05-23 05:04:41] local.INFO: Extracted bearer token {"token_preview":"176|tvOdAV...","token_length":52} 
[2026-05-23 05:04:41] local.INFO: Found personal access token {"token_id":176,"user_id":76,"revoked":null} 
[2026-05-23 05:04:41] local.INFO: User authenticated via bearer token {"user_id":76,"user_email":"freelancezahedtesting@gmail.com"} 
[2026-05-23 05:04:41] local.INFO: Returning campaigns for user {"user_id":76,"campaign_count":0,"statuses":[]} 
[2026-05-23 05:05:11] local.INFO: ParseBearerToken middleware invoked {"path":"/api/v2/campaign","method":"GET","has_auth_header":true,"auth_header_preview":"Bearer 176|tvOdAVPlpdhBhLoAtuW...","is_bearer":true} 
[2026-05-23 05:05:11] local.INFO: Extracted bearer token {"token_preview":"176|tvOdAV...","token_length":52} 
[2026-05-23 05:05:11] local.INFO: Found personal access token {"token_id":176,"user_id":76,"revoked":null} 
[2026-05-23 05:05:11] local.INFO: User authenticated via bearer token {"user_id":76,"user_email":"freelancezahedtesting@gmail.com"} 
[2026-05-23 05:05:11] local.INFO: Returning campaigns for user {"user_id":76,"campaign_count":0,"statuses":[]} 
[2026-05-23 05:05:41] local.INFO: ParseBearerToken middleware invoked {"path":"/api/v2/campaign","method":"GET","has_auth_header":true,"auth_header_preview":"Bearer 176|tvOdAVPlpdhBhLoAtuW...","is_bearer":true} 
[2026-05-23 05:05:41] local.INFO: Extracted bearer token {"token_preview":"176|tvOdAV...","token_length":52} 
[2026-05-23 05:05:41] local.INFO: Found personal access token {"token_id":176,"user_id":76,"revoked":null} 
[2026-05-23 05:05:41] local.INFO: User authenticated via bearer token {"user_id":76,"user_email":"freelancezahedtesting@gmail.com"} 
[2026-05-23 05:05:41] local.INFO: Returning campaigns for user {"user_id":76,"campaign_count":0,"statuses":[]} 
[2026-05-23 05:06:11] local.INFO: ParseBearerToken middleware invoked {"path":"/api/v2/campaign","method":"GET","has_auth_header":true,"auth_header_preview":"Bearer 176|tvOdAVPlpdhBhLoAtuW...","is_bearer":true} 
[2026-05-23 05:06:11] local.INFO: Extracted bearer token {"token_preview":"176|tvOdAV...","token_length":52} 
[2026-05-23 05:06:11] local.INFO: Found personal access token {"token_id":176,"user_id":76,"revoked":null} 
[2026-05-23 05:06:11] local.INFO: User authenticated via bearer token {"user_id":76,"user_email":"freelancezahedtesting@gmail.com"} 
[2026-05-23 05:06:11] local.INFO: Returning campaigns for user {"user_id":76,"campaign_count":0,"statuses":[]} 
[2026-05-23 05:06:40] local.INFO: ParseBearerToken middleware invoked {"path":"/api/v2/campaign","method":"GET","has_auth_header":true,"auth_header_preview":"Bearer 176|tvOdAVPlpdhBhLoAtuW...","is_bearer":true} 
[2026-05-23 05:06:40] local.INFO: Extracted bearer token {"token_preview":"176|tvOdAV...","token_length":52} 
[2026-05-23 05:06:40] local.INFO: Found personal access token {"token_id":176,"user_id":76,"revoked":null} 
[2026-05-23 05:06:40] local.INFO: User authenticated via bearer token {"user_id":76,"user_email":"freelancezahedtesting@gmail.com"} 
[2026-05-23 05:06:41] local.INFO: Returning campaigns for user {"user_id":76,"campaign_count":0,"statuses":[]} 
[2026-05-23 05:07:11] local.INFO: ParseBearerToken middleware invoked {"path":"/api/v2/campaign","method":"GET","has_auth_header":true,"auth_header_preview":"Bearer 176|tvOdAVPlpdhBhLoAtuW...","is_bearer":true} 
[2026-05-23 05:07:11] local.INFO: Extracted bearer token {"token_preview":"176|tvOdAV...","token_length":52} 
[2026-05-23 05:07:11] local.INFO: Found personal access token {"token_id":176,"user_id":76,"revoked":null} 
[2026-05-23 05:07:11] local.INFO: User authenticated via bearer token {"user_id":76,"user_email":"freelancezahedtesting@gmail.com"} 
[2026-05-23 05:07:11] local.INFO: Returning campaigns for user {"user_id":76,"campaign_count":0,"statuses":[]} 
[2026-05-23 05:07:41] local.INFO: ParseBearerToken middleware invoked {"path":"/api/v2/campaign","method":"GET","has_auth_header":true,"auth_header_preview":"Bearer 176|tvOdAVPlpdhBhLoAtuW...","is_bearer":true} 
[2026-05-23 05:07:41] local.INFO: Extracted bearer token {"token_preview":"176|tvOdAV...","token_length":52} 
[2026-05-23 05:07:41] local.INFO: Found personal access token {"token_id":176,"user_id":76,"revoked":null} 
[2026-05-23 05:07:41] local.INFO: User authenticated via bearer token {"user_id":76,"user_email":"freelancezahedtesting@gmail.com"} 
[2026-05-23 05:07:41] local.INFO: Returning campaigns for user {"user_id":76,"campaign_count":0,"statuses":[]} 
[2026-05-23 05:08:11] local.INFO: ParseBearerToken middleware invoked {"path":"/api/v2/campaign","method":"GET","has_auth_header":true,"auth_header_preview":"Bearer 176|tvOdAVPlpdhBhLoAtuW...","is_bearer":true} 
[2026-05-23 05:08:11] local.INFO: Extracted bearer token {"token_preview":"176|tvOdAV...","token_length":52} 
[2026-05-23 05:08:11] local.INFO: Found personal access token {"token_id":176,"user_id":76,"revoked":null} 
[2026-05-23 05:08:11] local.INFO: User authenticated via bearer token {"user_id":76,"user_email":"freelancezahedtesting@gmail.com"} 
[2026-05-23 05:08:11] local.INFO: Returning campaigns for user {"user_id":76,"campaign_count":0,"statuses":[]} 
[2026-05-23 05:08:41] local.INFO: ParseBearerToken middleware invoked {"path":"/api/v2/campaign","method":"GET","has_auth_header":true,"auth_header_preview":"Bearer 176|tvOdAVPlpdhBhLoAtuW...","is_bearer":true} 
[2026-05-23 05:08:41] local.INFO: Extracted bearer token {"token_preview":"176|tvOdAV...","token_length":52} 
[2026-05-23 05:08:41] local.INFO: Found personal access token {"token_id":176,"user_id":76,"revoked":null} 
[2026-05-23 05:08:41] local.INFO: User authenticated via bearer token {"user_id":76,"user_email":"freelancezahedtesting@gmail.com"} 
[2026-05-23 05:08:41] local.INFO: Returning campaigns for user {"user_id":76,"campaign_count":0,"statuses":[]} 
[2026-05-23 05:09:11] local.INFO: ParseBearerToken middleware invoked {"path":"/api/v2/campaign","method":"GET","has_auth_header":true,"auth_header_preview":"Bearer 176|tvOdAVPlpdhBhLoAtuW...","is_bearer":true} 
[2026-05-23 05:09:11] local.INFO: Extracted bearer token {"token_preview":"176|tvOdAV...","token_length":52} 
[2026-05-23 05:09:11] local.INFO: Found personal access token {"token_id":176,"user_id":76,"revoked":null} 
[2026-05-23 05:09:11] local.INFO: User authenticated via bearer token {"user_id":76,"user_email":"freelancezahedtesting@gmail.com"} 
[2026-05-23 05:09:11] local.INFO: Returning campaigns for user {"user_id":76,"campaign_count":0,"statuses":[]} 
[2026-05-23 05:09:41] local.INFO: ParseBearerToken middleware invoked {"path":"/api/v2/campaign","method":"GET","has_auth_header":true,"auth_header_preview":"Bearer 176|tvOdAVPlpdhBhLoAtuW...","is_bearer":true} 
[2026-05-23 05:09:41] local.INFO: Extracted bearer token {"token_preview":"176|tvOdAV...","token_length":52} 
[2026-05-23 05:09:41] local.INFO: Found personal access token {"token_id":176,"user_id":76,"revoked":null} 
[2026-05-23 05:09:41] local.INFO: User authenticated via bearer token {"user_id":76,"user_email":"freelancezahedtesting@gmail.com"} 
[2026-05-23 05:09:41] local.INFO: Returning campaigns for user {"user_id":76,"campaign_count":0,"statuses":[]} 
[2026-05-23 05:10:11] local.INFO: ParseBearerToken middleware invoked {"path":"/api/v2/campaign","method":"GET","has_auth_header":true,"auth_header_preview":"Bearer 176|tvOdAVPlpdhBhLoAtuW...","is_bearer":true} 
[2026-05-23 05:10:11] local.INFO: Extracted bearer token {"token_preview":"176|tvOdAV...","token_length":52} 
[2026-05-23 05:10:11] local.INFO: Found personal access token {"token_id":176,"user_id":76,"revoked":null} 
[2026-05-23 05:10:11] local.INFO: User authenticated via bearer token {"user_id":76,"user_email":"freelancezahedtesting@gmail.com"} 
[2026-05-23 05:10:11] local.INFO: Returning campaigns for user {"user_id":76,"campaign_count":0,"statuses":[]} 
[2026-05-23 05:10:41] local.INFO: ParseBearerToken middleware invoked {"path":"/api/v2/campaign","method":"GET","has_auth_header":true,"auth_header_preview":"Bearer 176|tvOdAVPlpdhBhLoAtuW...","is_bearer":true} 
[2026-05-23 05:10:41] local.INFO: Extracted bearer token {"token_preview":"176|tvOdAV...","token_length":52} 
[2026-05-23 05:10:41] local.INFO: Found personal access token {"token_id":176,"user_id":76,"revoked":null} 
[2026-05-23 05:10:41] local.INFO: User authenticated via bearer token {"user_id":76,"user_email":"freelancezahedtesting@gmail.com"} 
[2026-05-23 05:10:41] local.INFO: Returning campaigns for user {"user_id":76,"campaign_count":0,"statuses":[]} 
[2026-05-23 05:11:11] local.INFO: ParseBearerToken middleware invoked {"path":"/api/v2/campaign","method":"GET","has_auth_header":true,"auth_header_preview":"Bearer 176|tvOdAVPlpdhBhLoAtuW...","is_bearer":true} 
[2026-05-23 05:11:11] local.INFO: Extracted bearer token {"token_preview":"176|tvOdAV...","token_length":52} 
[2026-05-23 05:11:11] local.INFO: Found personal access token {"token_id":176,"user_id":76,"revoked":null} 
[2026-05-23 05:11:11] local.INFO: User authenticated via bearer token {"user_id":76,"user_email":"freelancezahedtesting@gmail.com"} 
[2026-05-23 05:11:11] local.INFO: Returning campaigns for user {"user_id":76,"campaign_count":0,"statuses":[]} 
[2026-05-23 05:11:41] local.INFO: ParseBearerToken middleware invoked {"path":"/api/v2/campaign","method":"GET","has_auth_header":true,"auth_header_preview":"Bearer 176|tvOdAVPlpdhBhLoAtuW...","is_bearer":true} 
[2026-05-23 05:11:41] local.INFO: Extracted bearer token {"token_preview":"176|tvOdAV...","token_length":52} 
[2026-05-23 05:11:41] local.INFO: Found personal access token {"token_id":176,"user_id":76,"revoked":null} 
[2026-05-23 05:11:41] local.INFO: User authenticated via bearer token {"user_id":76,"user_email":"freelancezahedtesting@gmail.com"} 
[2026-05-23 05:11:41] local.INFO: Returning campaigns for user {"user_id":76,"campaign_count":0,"statuses":[]} 
[2026-05-23 05:12:10] local.INFO: ParseBearerToken middleware invoked {"path":"/api/v2/campaign","method":"GET","has_auth_header":true,"auth_header_preview":"Bearer 176|tvOdAVPlpdhBhLoAtuW...","is_bearer":true} 
[2026-05-23 05:12:10] local.INFO: Extracted bearer token {"token_preview":"176|tvOdAV...","token_length":52} 
[2026-05-23 05:12:10] local.INFO: Found personal access token {"token_id":176,"user_id":76,"revoked":null} 
[2026-05-23 05:12:10] local.INFO: User authenticated via bearer token {"user_id":76,"user_email":"freelancezahedtesting@gmail.com"} 
[2026-05-23 05:12:11] local.INFO: Returning campaigns for user {"user_id":76,"campaign_count":0,"statuses":[]} 
[2026-05-23 05:12:41] local.INFO: ParseBearerToken middleware invoked {"path":"/api/v2/campaign","method":"GET","has_auth_header":true,"auth_header_preview":"Bearer 176|tvOdAVPlpdhBhLoAtuW...","is_bearer":true} 
[2026-05-23 05:12:41] local.INFO: Extracted bearer token {"token_preview":"176|tvOdAV...","token_length":52} 
[2026-05-23 05:12:41] local.INFO: Found personal access token {"token_id":176,"user_id":76,"revoked":null} 
[2026-05-23 05:12:41] local.INFO: User authenticated via bearer token {"user_id":76,"user_email":"freelancezahedtesting@gmail.com"} 
[2026-05-23 05:12:41] local.INFO: Returning campaigns for user {"user_id":76,"campaign_count":0,"statuses":[]} 
[2026-05-23 05:13:11] local.INFO: ParseBearerToken middleware invoked {"path":"/api/v2/campaign","method":"GET","has_auth_header":true,"auth_header_preview":"Bearer 176|tvOdAVPlpdhBhLoAtuW...","is_bearer":true} 
[2026-05-23 05:13:11] local.INFO: Extracted bearer token {"token_preview":"176|tvOdAV...","token_length":52} 
[2026-05-23 05:13:11] local.INFO: Found personal access token {"token_id":176,"user_id":76,"revoked":null} 
[2026-05-23 05:13:11] local.INFO: User authenticated via bearer token {"user_id":76,"user_email":"freelancezahedtesting@gmail.com"} 
[2026-05-23 05:13:11] local.INFO: Returning campaigns for user {"user_id":76,"campaign_count":0,"statuses":[]} 
[2026-05-23 05:13:40] local.INFO: ParseBearerToken middleware invoked {"path":"/api/v2/campaign","method":"GET","has_auth_header":true,"auth_header_preview":"Bearer 176|tvOdAVPlpdhBhLoAtuW...","is_bearer":true} 
[2026-05-23 05:13:40] local.INFO: Extracted bearer token {"token_preview":"176|tvOdAV...","token_length":52} 
[2026-05-23 05:13:40] local.INFO: Found personal access token {"token_id":176,"user_id":76,"revoked":null} 
[2026-05-23 05:13:40] local.INFO: User authenticated via bearer token {"user_id":76,"user_email":"freelancezahedtesting@gmail.com"} 
[2026-05-23 05:13:40] local.INFO: Returning campaigns for user {"user_id":76,"campaign_count":0,"statuses":[]} 
[2026-05-23 05:14:11] local.INFO: ParseBearerToken middleware invoked {"path":"/api/v2/campaign","method":"GET","has_auth_header":true,"auth_header_preview":"Bearer 176|tvOdAVPlpdhBhLoAtuW...","is_bearer":true} 
[2026-05-23 05:14:11] local.INFO: Extracted bearer token {"token_preview":"176|tvOdAV...","token_length":52} 
[2026-05-23 05:14:11] local.INFO: Found personal access token {"token_id":176,"user_id":76,"revoked":null} 
[2026-05-23 05:14:11] local.INFO: User authenticated via bearer token {"user_id":76,"user_email":"freelancezahedtesting@gmail.com"} 
[2026-05-23 05:14:11] local.INFO: Returning campaigns for user {"user_id":76,"campaign_count":0,"statuses":[]} 
[2026-05-23 05:14:41] local.INFO: ParseBearerToken middleware invoked {"path":"/api/v2/campaign","method":"GET","has_auth_header":true,"auth_header_preview":"Bearer 176|tvOdAVPlpdhBhLoAtuW...","is_bearer":true} 
[2026-05-23 05:14:41] local.INFO: Extracted bearer token {"token_preview":"176|tvOdAV...","token_length":52} 
[2026-05-23 05:14:41] local.INFO: Found personal access token {"token_id":176,"user_id":76,"revoked":null} 
[2026-05-23 05:14:41] local.INFO: User authenticated via bearer token {"user_id":76,"user_email":"freelancezahedtesting@gmail.com"} 
[2026-05-23 05:14:41] local.INFO: Returning campaigns for user {"user_id":76,"campaign_count":0,"statuses":[]} 
[2026-05-23 05:15:11] local.INFO: ParseBearerToken middleware invoked {"path":"/api/v2/campaign","method":"GET","has_auth_header":true,"auth_header_preview":"Bearer 176|tvOdAVPlpdhBhLoAtuW...","is_bearer":true} 
[2026-05-23 05:15:11] local.INFO: Extracted bearer token {"token_preview":"176|tvOdAV...","token_length":52} 
[2026-05-23 05:15:11] local.INFO: Found personal access token {"token_id":176,"user_id":76,"revoked":null} 
[2026-05-23 05:15:11] local.INFO: User authenticated via bearer token {"user_id":76,"user_email":"freelancezahedtesting@gmail.com"} 
[2026-05-23 05:15:11] local.INFO: Returning campaigns for user {"user_id":76,"campaign_count":0,"statuses":[]} 
[2026-05-23 05:15:40] local.INFO: ParseBearerToken middleware invoked {"path":"/api/v2/campaign","method":"GET","has_auth_header":true,"auth_header_preview":"Bearer 176|tvOdAVPlpdhBhLoAtuW...","is_bearer":true} 
[2026-05-23 05:15:40] local.INFO: Extracted bearer token {"token_preview":"176|tvOdAV...","token_length":52} 
[2026-05-23 05:15:40] local.INFO: Found personal access token {"token_id":176,"user_id":76,"revoked":null} 
[2026-05-23 05:15:40] local.INFO: User authenticated via bearer token {"user_id":76,"user_email":"freelancezahedtesting@gmail.com"} 
[2026-05-23 05:15:41] local.INFO: Returning campaigns for user {"user_id":76,"campaign_count":0,"statuses":[]} 
[2026-05-23 05:16:11] local.INFO: ParseBearerToken middleware invoked {"path":"/api/v2/campaign","method":"GET","has_auth_header":true,"auth_header_preview":"Bearer 176|tvOdAVPlpdhBhLoAtuW...","is_bearer":true} 
[2026-05-23 05:16:11] local.INFO: Extracted bearer token {"token_preview":"176|tvOdAV...","token_length":52} 
[2026-05-23 05:16:11] local.INFO: Found personal access token {"token_id":176,"user_id":76,"revoked":null} 
[2026-05-23 05:16:11] local.INFO: User authenticated via bearer token {"user_id":76,"user_email":"freelancezahedtesting@gmail.com"} 
[2026-05-23 05:16:11] local.INFO: Returning campaigns for user {"user_id":76,"campaign_count":0,"statuses":[]} 
[2026-05-23 05:16:41] local.INFO: ParseBearerToken middleware invoked {"path":"/api/v2/campaign","method":"GET","has_auth_header":true,"auth_header_preview":"Bearer 176|tvOdAVPlpdhBhLoAtuW...","is_bearer":true} 
[2026-05-23 05:16:41] local.INFO: Extracted bearer token {"token_preview":"176|tvOdAV...","token_length":52} 
[2026-05-23 05:16:41] local.INFO: Found personal access token {"token_id":176,"user_id":76,"revoked":null} 
[2026-05-23 05:16:41] local.INFO: User authenticated via bearer token {"user_id":76,"user_email":"freelancezahedtesting@gmail.com"} 
[2026-05-23 05:16:41] local.INFO: Returning campaigns for user {"user_id":76,"campaign_count":0,"statuses":[]} 
[2026-05-23 05:17:11] local.INFO: ParseBearerToken middleware invoked {"path":"/api/v2/campaign","method":"GET","has_auth_header":true,"auth_header_preview":"Bearer 176|tvOdAVPlpdhBhLoAtuW...","is_bearer":true} 
[2026-05-23 05:17:11] local.INFO: Extracted bearer token {"token_preview":"176|tvOdAV...","token_length":52} 
[2026-05-23 05:17:11] local.INFO: Found personal access token {"token_id":176,"user_id":76,"revoked":null} 
[2026-05-23 05:17:11] local.INFO: User authenticated via bearer token {"user_id":76,"user_email":"freelancezahedtesting@gmail.com"} 
[2026-05-23 05:17:11] local.INFO: Returning campaigns for user {"user_id":76,"campaign_count":0,"statuses":[]} 
[2026-05-23 05:17:41] local.INFO: ParseBearerToken middleware invoked {"path":"/api/v2/campaign","method":"GET","has_auth_header":true,"auth_header_preview":"Bearer 176|tvOdAVPlpdhBhLoAtuW...","is_bearer":true} 
[2026-05-23 05:17:41] local.INFO: Extracted bearer token {"token_preview":"176|tvOdAV...","token_length":52} 
[2026-05-23 05:17:41] local.INFO: Found personal access token {"token_id":176,"user_id":76,"revoked":null} 
[2026-05-23 05:17:41] local.INFO: User authenticated via bearer token {"user_id":76,"user_email":"freelancezahedtesting@gmail.com"} 
[2026-05-23 05:17:41] local.INFO: Returning campaigns for user {"user_id":76,"campaign_count":0,"statuses":[]} 
[2026-05-23 05:18:11] local.INFO: ParseBearerToken middleware invoked {"path":"/api/v2/campaign","method":"GET","has_auth_header":true,"auth_header_preview":"Bearer 176|tvOdAVPlpdhBhLoAtuW...","is_bearer":true} 
[2026-05-23 05:18:11] local.INFO: Extracted bearer token {"token_preview":"176|tvOdAV...","token_length":52} 
[2026-05-23 05:18:11] local.INFO: Found personal access token {"token_id":176,"user_id":76,"revoked":null} 
[2026-05-23 05:18:11] local.INFO: User authenticated via bearer token {"user_id":76,"user_email":"freelancezahedtesting@gmail.com"} 
[2026-05-23 05:18:11] local.INFO: Returning campaigns for user {"user_id":76,"campaign_count":0,"statuses":[]} 
[2026-05-23 05:18:41] local.INFO: ParseBearerToken middleware invoked {"path":"/api/v2/campaign","method":"GET","has_auth_header":true,"auth_header_preview":"Bearer 176|tvOdAVPlpdhBhLoAtuW...","is_bearer":true} 
[2026-05-23 05:18:41] local.INFO: Extracted bearer token {"token_preview":"176|tvOdAV...","token_length":52} 
[2026-05-23 05:18:41] local.INFO: Found personal access token {"token_id":176,"user_id":76,"revoked":null} 
[2026-05-23 05:18:41] local.INFO: User authenticated via bearer token {"user_id":76,"user_email":"freelancezahedtesting@gmail.com"} 
[2026-05-23 05:18:41] local.INFO: Returning campaigns for user {"user_id":76,"campaign_count":0,"statuses":[]} 
[2026-05-23 05:19:11] local.INFO: ParseBearerToken middleware invoked {"path":"/api/v2/campaign","method":"GET","has_auth_header":true,"auth_header_preview":"Bearer 176|tvOdAVPlpdhBhLoAtuW...","is_bearer":true} 
[2026-05-23 05:19:11] local.INFO: Extracted bearer token {"token_preview":"176|tvOdAV...","token_length":52} 
[2026-05-23 05:19:11] local.INFO: Found personal access token {"token_id":176,"user_id":76,"revoked":null} 
[2026-05-23 05:19:11] local.INFO: User authenticated via bearer token {"user_id":76,"user_email":"freelancezahedtesting@gmail.com"} 
[2026-05-23 05:19:11] local.INFO: Returning campaigns for user {"user_id":76,"campaign_count":0,"statuses":[]} 
[2026-05-23 05:19:40] local.INFO: ParseBearerToken middleware invoked {"path":"/api/v2/campaign","method":"GET","has_auth_header":true,"auth_header_preview":"Bearer 176|tvOdAVPlpdhBhLoAtuW...","is_bearer":true} 
[2026-05-23 05:19:40] local.INFO: Extracted bearer token {"token_preview":"176|tvOdAV...","token_length":52} 
[2026-05-23 05:19:40] local.INFO: Found personal access token {"token_id":176,"user_id":76,"revoked":null} 
[2026-05-23 05:19:40] local.INFO: User authenticated via bearer token {"user_id":76,"user_email":"freelancezahedtesting@gmail.com"} 
[2026-05-23 05:19:41] local.INFO: Returning campaigns for user {"user_id":76,"campaign_count":0,"statuses":[]} 
[2026-05-23 05:20:11] local.INFO: ParseBearerToken middleware invoked {"path":"/api/v2/campaign","method":"GET","has_auth_header":true,"auth_header_preview":"Bearer 176|tvOdAVPlpdhBhLoAtuW...","is_bearer":true} 
[2026-05-23 05:20:11] local.INFO: Extracted bearer token {"token_preview":"176|tvOdAV...","token_length":52} 
[2026-05-23 05:20:11] local.INFO: Found personal access token {"token_id":176,"user_id":76,"revoked":null} 
[2026-05-23 05:20:11] local.INFO: User authenticated via bearer token {"user_id":76,"user_email":"freelancezahedtesting@gmail.com"} 
[2026-05-23 05:20:11] local.INFO: Returning campaigns for user {"user_id":76,"campaign_count":0,"statuses":[]} 
[2026-05-23 05:20:41] local.INFO: ParseBearerToken middleware invoked {"path":"/api/v2/campaign","method":"GET","has_auth_header":true,"auth_header_preview":"Bearer 176|tvOdAVPlpdhBhLoAtuW...","is_bearer":true} 
[2026-05-23 05:20:41] local.INFO: Extracted bearer token {"token_preview":"176|tvOdAV...","token_length":52} 
[2026-05-23 05:20:41] local.INFO: Found personal access token {"token_id":176,"user_id":76,"revoked":null} 
[2026-05-23 05:20:41] local.INFO: User authenticated via bearer token {"user_id":76,"user_email":"freelancezahedtesting@gmail.com"} 
[2026-05-23 05:20:41] local.INFO: Returning campaigns for user {"user_id":76,"campaign_count":0,"statuses":[]} 
[2026-05-23 05:21:11] local.INFO: ParseBearerToken middleware invoked {"path":"/api/v2/campaign","method":"GET","has_auth_header":true,"auth_header_preview":"Bearer 176|tvOdAVPlpdhBhLoAtuW...","is_bearer":true} 
[2026-05-23 05:21:11] local.INFO: Extracted bearer token {"token_preview":"176|tvOdAV...","token_length":52} 
[2026-05-23 05:21:11] local.INFO: Found personal access token {"token_id":176,"user_id":76,"revoked":null} 
[2026-05-23 05:21:11] local.INFO: User authenticated via bearer token {"user_id":76,"user_email":"freelancezahedtesting@gmail.com"} 
[2026-05-23 05:21:11] local.INFO: Returning campaigns for user {"user_id":76,"campaign_count":0,"statuses":[]} 
[2026-05-23 05:21:41] local.INFO: ParseBearerToken middleware invoked {"path":"/api/v2/campaign","method":"GET","has_auth_header":true,"auth_header_preview":"Bearer 176|tvOdAVPlpdhBhLoAtuW...","is_bearer":true} 
[2026-05-23 05:21:41] local.INFO: Extracted bearer token {"token_preview":"176|tvOdAV...","token_length":52} 
[2026-05-23 05:21:41] local.INFO: Found personal access token {"token_id":176,"user_id":76,"revoked":null} 
[2026-05-23 05:21:41] local.INFO: User authenticated via bearer token {"user_id":76,"user_email":"freelancezahedtesting@gmail.com"} 
[2026-05-23 05:21:41] local.INFO: Returning campaigns for user {"user_id":76,"campaign_count":0,"statuses":[]} 
[2026-05-23 05:22:11] local.INFO: ParseBearerToken middleware invoked {"path":"/api/v2/campaign","method":"GET","has_auth_header":true,"auth_header_preview":"Bearer 176|tvOdAVPlpdhBhLoAtuW...","is_bearer":true} 
[2026-05-23 05:22:11] local.INFO: Extracted bearer token {"token_preview":"176|tvOdAV...","token_length":52} 
[2026-05-23 05:22:11] local.INFO: Found personal access token {"token_id":176,"user_id":76,"revoked":null} 
[2026-05-23 05:22:11] local.INFO: User authenticated via bearer token {"user_id":76,"user_email":"freelancezahedtesting@gmail.com"} 
[2026-05-23 05:22:11] local.INFO: Returning campaigns for user {"user_id":76,"campaign_count":0,"statuses":[]} 
[2026-05-23 05:22:41] local.INFO: ParseBearerToken middleware invoked {"path":"/api/v2/campaign","method":"GET","has_auth_header":true,"auth_header_preview":"Bearer 176|tvOdAVPlpdhBhLoAtuW...","is_bearer":true} 
[2026-05-23 05:22:41] local.INFO: Extracted bearer token {"token_preview":"176|tvOdAV...","token_length":52} 
[2026-05-23 05:22:41] local.INFO: Found personal access token {"token_id":176,"user_id":76,"revoked":null} 
[2026-05-23 05:22:41] local.INFO: User authenticated via bearer token {"user_id":76,"user_email":"freelancezahedtesting@gmail.com"} 
[2026-05-23 05:22:41] local.INFO: Returning campaigns for user {"user_id":76,"campaign_count":0,"statuses":[]} 
[2026-05-23 05:23:11] local.INFO: ParseBearerToken middleware invoked {"path":"/api/v2/campaign","method":"GET","has_auth_header":true,"auth_header_preview":"Bearer 176|tvOdAVPlpdhBhLoAtuW...","is_bearer":true} 
[2026-05-23 05:23:11] local.INFO: Extracted bearer token {"token_preview":"176|tvOdAV...","token_length":52} 
[2026-05-23 05:23:11] local.INFO: Found personal access token {"token_id":176,"user_id":76,"revoked":null} 
[2026-05-23 05:23:11] local.INFO: User authenticated via bearer token {"user_id":76,"user_email":"freelancezahedtesting@gmail.com"} 
[2026-05-23 05:23:11] local.INFO: Returning campaigns for user {"user_id":76,"campaign_count":0,"statuses":[]} 
[2026-05-23 05:23:41] local.INFO: ParseBearerToken middleware invoked {"path":"/api/v2/campaign","method":"GET","has_auth_header":true,"auth_header_preview":"Bearer 176|tvOdAVPlpdhBhLoAtuW...","is_bearer":true} 
[2026-05-23 05:23:41] local.INFO: Extracted bearer token {"token_preview":"176|tvOdAV...","token_length":52} 
[2026-05-23 05:23:41] local.INFO: Found personal access token {"token_id":176,"user_id":76,"revoked":null} 
[2026-05-23 05:23:41] local.INFO: User authenticated via bearer token {"user_id":76,"user_email":"freelancezahedtesting@gmail.com"} 
[2026-05-23 05:23:41] local.INFO: Returning campaigns for user {"user_id":76,"campaign_count":0,"statuses":[]} 
[2026-05-23 05:24:11] local.INFO: ParseBearerToken middleware invoked {"path":"/api/v2/campaign","method":"GET","has_auth_header":true,"auth_header_preview":"Bearer 176|tvOdAVPlpdhBhLoAtuW...","is_bearer":true} 
[2026-05-23 05:24:11] local.INFO: Extracted bearer token {"token_preview":"176|tvOdAV...","token_length":52} 
[2026-05-23 05:24:11] local.INFO: Found personal access token {"token_id":176,"user_id":76,"revoked":null} 
[2026-05-23 05:24:11] local.INFO: User authenticated via bearer token {"user_id":76,"user_email":"freelancezahedtesting@gmail.com"} 
[2026-05-23 05:24:11] local.INFO: Returning campaigns for user {"user_id":76,"campaign_count":0,"statuses":[]} 
[2026-05-23 05:24:41] local.INFO: ParseBearerToken middleware invoked {"path":"/api/v2/campaign","method":"GET","has_auth_header":true,"auth_header_preview":"Bearer 176|tvOdAVPlpdhBhLoAtuW...","is_bearer":true} 
[2026-05-23 05:24:41] local.INFO: Extracted bearer token {"token_preview":"176|tvOdAV...","token_length":52} 
[2026-05-23 05:24:41] local.INFO: Found personal access token {"token_id":176,"user_id":76,"revoked":null} 
[2026-05-23 05:24:41] local.INFO: User authenticated via bearer token {"user_id":76,"user_email":"freelancezahedtesting@gmail.com"} 
[2026-05-23 05:24:41] local.INFO: Returning campaigns for user {"user_id":76,"campaign_count":0,"statuses":[]} 
[2026-05-23 05:25:11] local.INFO: ParseBearerToken middleware invoked {"path":"/api/v2/campaign","method":"GET","has_auth_header":true,"auth_header_preview":"Bearer 176|tvOdAVPlpdhBhLoAtuW...","is_bearer":true} 
[2026-05-23 05:25:11] local.INFO: Extracted bearer token {"token_preview":"176|tvOdAV...","token_length":52} 
[2026-05-23 05:25:11] local.INFO: Found personal access token {"token_id":176,"user_id":76,"revoked":null} 
[2026-05-23 05:25:11] local.INFO: User authenticated via bearer token {"user_id":76,"user_email":"freelancezahedtesting@gmail.com"} 
[2026-05-23 05:25:11] local.INFO: Returning campaigns for user {"user_id":76,"campaign_count":0,"statuses":[]} 
[2026-05-23 05:25:40] local.INFO: ParseBearerToken middleware invoked {"path":"/api/v2/campaign","method":"GET","has_auth_header":true,"auth_header_preview":"Bearer 176|tvOdAVPlpdhBhLoAtuW...","is_bearer":true} 
[2026-05-23 05:25:41] local.INFO: Extracted bearer token {"token_preview":"176|tvOdAV...","token_length":52} 
[2026-05-23 05:25:41] local.INFO: Found personal access token {"token_id":176,"user_id":76,"revoked":null} 
[2026-05-23 05:25:41] local.INFO: User authenticated via bearer token {"user_id":76,"user_email":"freelancezahedtesting@gmail.com"} 
[2026-05-23 05:25:41] local.INFO: Returning campaigns for user {"user_id":76,"campaign_count":0,"statuses":[]} 
[2026-05-23 05:26:11] local.INFO: ParseBearerToken middleware invoked {"path":"/api/v2/campaign","method":"GET","has_auth_header":true,"auth_header_preview":"Bearer 176|tvOdAVPlpdhBhLoAtuW...","is_bearer":true} 
[2026-05-23 05:26:11] local.INFO: Extracted bearer token {"token_preview":"176|tvOdAV...","token_length":52} 
[2026-05-23 05:26:11] local.INFO: Found personal access token {"token_id":176,"user_id":76,"revoked":null} 
[2026-05-23 05:26:11] local.INFO: User authenticated via bearer token {"user_id":76,"user_email":"freelancezahedtesting@gmail.com"} 
[2026-05-23 05:26:11] local.INFO: Returning campaigns for user {"user_id":76,"campaign_count":0,"statuses":[]} 
[2026-05-23 05:26:41] local.INFO: ParseBearerToken middleware invoked {"path":"/api/v2/campaign","method":"GET","has_auth_header":true,"auth_header_preview":"Bearer 176|tvOdAVPlpdhBhLoAtuW...","is_bearer":true} 
[2026-05-23 05:26:41] local.INFO: Extracted bearer token {"token_preview":"176|tvOdAV...","token_length":52} 
[2026-05-23 05:26:41] local.INFO: Found personal access token {"token_id":176,"user_id":76,"revoked":null} 
[2026-05-23 05:26:41] local.INFO: User authenticated via bearer token {"user_id":76,"user_email":"freelancezahedtesting@gmail.com"} 
[2026-05-23 05:26:41] local.INFO: Returning campaigns for user {"user_id":76,"campaign_count":0,"statuses":[]} 
[2026-05-23 05:27:11] local.INFO: ParseBearerToken middleware invoked {"path":"/api/v2/campaign","method":"GET","has_auth_header":true,"auth_header_preview":"Bearer 176|tvOdAVPlpdhBhLoAtuW...","is_bearer":true} 
[2026-05-23 05:27:11] local.INFO: Extracted bearer token {"token_preview":"176|tvOdAV...","token_length":52} 
[2026-05-23 05:27:11] local.INFO: Found personal access token {"token_id":176,"user_id":76,"revoked":null} 
[2026-05-23 05:27:11] local.INFO: User authenticated via bearer token {"user_id":76,"user_email":"freelancezahedtesting@gmail.com"} 
[2026-05-23 05:27:11] local.INFO: Returning campaigns for user {"user_id":76,"campaign_count":0,"statuses":[]} 
[2026-05-23 05:27:41] local.INFO: ParseBearerToken middleware invoked {"path":"/api/v2/campaign","method":"GET","has_auth_header":true,"auth_header_preview":"Bearer 176|tvOdAVPlpdhBhLoAtuW...","is_bearer":true} 
[2026-05-23 05:27:41] local.INFO: Extracted bearer token {"token_preview":"176|tvOdAV...","token_length":52} 
[2026-05-23 05:27:41] local.INFO: Found personal access token {"token_id":176,"user_id":76,"revoked":null} 
[2026-05-23 05:27:41] local.INFO: User authenticated via bearer token {"user_id":76,"user_email":"freelancezahedtesting@gmail.com"} 
[2026-05-23 05:27:41] local.INFO: Returning campaigns for user {"user_id":76,"campaign_count":0,"statuses":[]} 
[2026-05-23 05:28:10] local.INFO: ParseBearerToken middleware invoked {"path":"/api/v2/campaign","method":"GET","has_auth_header":true,"auth_header_preview":"Bearer 176|tvOdAVPlpdhBhLoAtuW...","is_bearer":true} 
[2026-05-23 05:28:10] local.INFO: Extracted bearer token {"token_preview":"176|tvOdAV...","token_length":52} 
[2026-05-23 05:28:10] local.INFO: Found personal access token {"token_id":176,"user_id":76,"revoked":null} 
[2026-05-23 05:28:10] local.INFO: User authenticated via bearer token {"user_id":76,"user_email":"freelancezahedtesting@gmail.com"} 
[2026-05-23 05:28:10] local.INFO: Returning campaigns for user {"user_id":76,"campaign_count":0,"statuses":[]} 
[2026-05-23 05:28:41] local.INFO: ParseBearerToken middleware invoked {"path":"/api/v2/campaign","method":"GET","has_auth_header":true,"auth_header_preview":"Bearer 176|tvOdAVPlpdhBhLoAtuW...","is_bearer":true} 
[2026-05-23 05:28:41] local.INFO: Extracted bearer token {"token_preview":"176|tvOdAV...","token_length":52} 
[2026-05-23 05:28:41] local.INFO: Found personal access token {"token_id":176,"user_id":76,"revoked":null} 
[2026-05-23 05:28:41] local.INFO: User authenticated via bearer token {"user_id":76,"user_email":"freelancezahedtesting@gmail.com"} 
[2026-05-23 05:28:41] local.INFO: Returning campaigns for user {"user_id":76,"campaign_count":0,"statuses":[]} 
[2026-05-23 05:29:11] local.INFO: ParseBearerToken middleware invoked {"path":"/api/v2/campaign","method":"GET","has_auth_header":true,"auth_header_preview":"Bearer 176|tvOdAVPlpdhBhLoAtuW...","is_bearer":true} 
[2026-05-23 05:29:11] local.INFO: Extracted bearer token {"token_preview":"176|tvOdAV...","token_length":52} 
[2026-05-23 05:29:11] local.INFO: Found personal access token {"token_id":176,"user_id":76,"revoked":null} 
[2026-05-23 05:29:11] local.INFO: User authenticated via bearer token {"user_id":76,"user_email":"freelancezahedtesting@gmail.com"} 
[2026-05-23 05:29:11] local.INFO: Returning campaigns for user {"user_id":76,"campaign_count":0,"statuses":[]} 
[2026-05-23 05:29:41] local.INFO: ParseBearerToken middleware invoked {"path":"/api/v2/campaign","method":"GET","has_auth_header":true,"auth_header_preview":"Bearer 176|tvOdAVPlpdhBhLoAtuW...","is_bearer":true} 
[2026-05-23 05:29:41] local.INFO: Extracted bearer token {"token_preview":"176|tvOdAV...","token_length":52} 
[2026-05-23 05:29:41] local.INFO: Found personal access token {"token_id":176,"user_id":76,"revoked":null} 
[2026-05-23 05:29:41] local.INFO: User authenticated via bearer token {"user_id":76,"user_email":"freelancezahedtesting@gmail.com"} 
[2026-05-23 05:29:41] local.INFO: Returning campaigns for user {"user_id":76,"campaign_count":0,"statuses":[]} 
[2026-05-23 05:30:10] local.INFO: ParseBearerToken middleware invoked {"path":"/api/v2/campaign","method":"GET","has_auth_header":true,"auth_header_preview":"Bearer 176|tvOdAVPlpdhBhLoAtuW...","is_bearer":true} 
[2026-05-23 05:30:10] local.INFO: Extracted bearer token {"token_preview":"176|tvOdAV...","token_length":52} 
[2026-05-23 05:30:10] local.INFO: Found personal access token {"token_id":176,"user_id":76,"revoked":null} 
[2026-05-23 05:30:10] local.INFO: User authenticated via bearer token {"user_id":76,"user_email":"freelancezahedtesting@gmail.com"} 
[2026-05-23 05:30:10] local.INFO: Returning campaigns for user {"user_id":76,"campaign_count":0,"statuses":[]} 
[2026-05-23 05:30:41] local.INFO: ParseBearerToken middleware invoked {"path":"/api/v2/campaign","method":"GET","has_auth_header":true,"auth_header_preview":"Bearer 176|tvOdAVPlpdhBhLoAtuW...","is_bearer":true} 
[2026-05-23 05:30:41] local.INFO: Extracted bearer token {"token_preview":"176|tvOdAV...","token_length":52} 
[2026-05-23 05:30:41] local.INFO: Found personal access token {"token_id":176,"user_id":76,"revoked":null} 
[2026-05-23 05:30:41] local.INFO: User authenticated via bearer token {"user_id":76,"user_email":"freelancezahedtesting@gmail.com"} 
[2026-05-23 05:30:41] local.INFO: Returning campaigns for user {"user_id":76,"campaign_count":0,"statuses":[]} 
[2026-05-23 05:31:11] local.INFO: ParseBearerToken middleware invoked {"path":"/api/v2/campaign","method":"GET","has_auth_header":true,"auth_header_preview":"Bearer 176|tvOdAVPlpdhBhLoAtuW...","is_bearer":true} 
[2026-05-23 05:31:11] local.INFO: Extracted bearer token {"token_preview":"176|tvOdAV...","token_length":52} 
[2026-05-23 05:31:11] local.INFO: Found personal access token {"token_id":176,"user_id":76,"revoked":null} 
[2026-05-23 05:31:11] local.INFO: User authenticated via bearer token {"user_id":76,"user_email":"freelancezahedtesting@gmail.com"} 
[2026-05-23 05:31:11] local.INFO: Returning campaigns for user {"user_id":76,"campaign_count":0,"statuses":[]} 
[2026-05-23 05:31:40] local.INFO: ParseBearerToken middleware invoked {"path":"/api/v2/campaign","method":"GET","has_auth_header":true,"auth_header_preview":"Bearer 176|tvOdAVPlpdhBhLoAtuW...","is_bearer":true} 
[2026-05-23 05:31:40] local.INFO: Extracted bearer token {"token_preview":"176|tvOdAV...","token_length":52} 
[2026-05-23 05:31:40] local.INFO: Found personal access token {"token_id":176,"user_id":76,"revoked":null} 
[2026-05-23 05:31:40] local.INFO: User authenticated via bearer token {"user_id":76,"user_email":"freelancezahedtesting@gmail.com"} 
[2026-05-23 05:31:40] local.INFO: Returning campaigns for user {"user_id":76,"campaign_count":0,"statuses":[]} 
[2026-05-23 05:32:11] local.INFO: ParseBearerToken middleware invoked {"path":"/api/v2/campaign","method":"GET","has_auth_header":true,"auth_header_preview":"Bearer 176|tvOdAVPlpdhBhLoAtuW...","is_bearer":true} 
[2026-05-23 05:32:11] local.INFO: Extracted bearer token {"token_preview":"176|tvOdAV...","token_length":52} 
[2026-05-23 05:32:11] local.INFO: Found personal access token {"token_id":176,"user_id":76,"revoked":null} 
[2026-05-23 05:32:11] local.INFO: User authenticated via bearer token {"user_id":76,"user_email":"freelancezahedtesting@gmail.com"} 
[2026-05-23 05:32:11] local.INFO: Returning campaigns for user {"user_id":76,"campaign_count":0,"statuses":[]} 
[2026-05-23 05:32:40] local.INFO: ParseBearerToken middleware invoked {"path":"/api/v2/campaign","method":"GET","has_auth_header":true,"auth_header_preview":"Bearer 176|tvOdAVPlpdhBhLoAtuW...","is_bearer":true} 
[2026-05-23 05:32:40] local.INFO: Extracted bearer token {"token_preview":"176|tvOdAV...","token_length":52} 
[2026-05-23 05:32:40] local.INFO: Found personal access token {"token_id":176,"user_id":76,"revoked":null} 
[2026-05-23 05:32:40] local.INFO: User authenticated via bearer token {"user_id":76,"user_email":"freelancezahedtesting@gmail.com"} 
[2026-05-23 05:32:40] local.INFO: Returning campaigns for user {"user_id":76,"campaign_count":0,"statuses":[]} 
[2026-05-23 05:33:11] local.INFO: ParseBearerToken middleware invoked {"path":"/api/v2/campaign","method":"GET","has_auth_header":true,"auth_header_preview":"Bearer 176|tvOdAVPlpdhBhLoAtuW...","is_bearer":true} 
[2026-05-23 05:33:11] local.INFO: Extracted bearer token {"token_preview":"176|tvOdAV...","token_length":52} 
[2026-05-23 05:33:11] local.INFO: Found personal access token {"token_id":176,"user_id":76,"revoked":null} 
[2026-05-23 05:33:11] local.INFO: User authenticated via bearer token {"user_id":76,"user_email":"freelancezahedtesting@gmail.com"} 
[2026-05-23 05:33:11] local.INFO: Returning campaigns for user {"user_id":76,"campaign_count":0,"statuses":[]} 
[2026-05-23 05:33:41] local.INFO: ParseBearerToken middleware invoked {"path":"/api/v2/campaign","method":"GET","has_auth_header":true,"auth_header_preview":"Bearer 176|tvOdAVPlpdhBhLoAtuW...","is_bearer":true} 
[2026-05-23 05:33:41] local.INFO: Extracted bearer token {"token_preview":"176|tvOdAV...","token_length":52} 
[2026-05-23 05:33:41] local.INFO: Found personal access token {"token_id":176,"user_id":76,"revoked":null} 
[2026-05-23 05:33:41] local.INFO: User authenticated via bearer token {"user_id":76,"user_email":"freelancezahedtesting@gmail.com"} 
[2026-05-23 05:33:41] local.INFO: Returning campaigns for user {"user_id":76,"campaign_count":0,"statuses":[]} 
[2026-05-23 05:34:10] local.INFO: ParseBearerToken middleware invoked {"path":"/api/v2/campaign","method":"GET","has_auth_header":true,"auth_header_preview":"Bearer 176|tvOdAVPlpdhBhLoAtuW...","is_bearer":true} 
[2026-05-23 05:34:10] local.INFO: Extracted bearer token {"token_preview":"176|tvOdAV...","token_length":52} 
[2026-05-23 05:34:10] local.INFO: Found personal access token {"token_id":176,"user_id":76,"revoked":null} 
[2026-05-23 05:34:11] local.INFO: User authenticated via bearer token {"user_id":76,"user_email":"freelancezahedtesting@gmail.com"} 
[2026-05-23 05:34:11] local.INFO: Returning campaigns for user {"user_id":76,"campaign_count":0,"statuses":[]} 
[2026-05-23 05:34:41] local.INFO: ParseBearerToken middleware invoked {"path":"/api/v2/campaign","method":"GET","has_auth_header":true,"auth_header_preview":"Bearer 176|tvOdAVPlpdhBhLoAtuW...","is_bearer":true} 
[2026-05-23 05:34:41] local.INFO: Extracted bearer token {"token_preview":"176|tvOdAV...","token_length":52} 
[2026-05-23 05:34:41] local.INFO: Found personal access token {"token_id":176,"user_id":76,"revoked":null} 
[2026-05-23 05:34:41] local.INFO: User authenticated via bearer token {"user_id":76,"user_email":"freelancezahedtesting@gmail.com"} 
[2026-05-23 05:34:41] local.INFO: Returning campaigns for user {"user_id":76,"campaign_count":0,"statuses":[]} 
[2026-05-23 05:35:11] local.INFO: ParseBearerToken middleware invoked {"path":"/api/v2/campaign","method":"GET","has_auth_header":true,"auth_header_preview":"Bearer 176|tvOdAVPlpdhBhLoAtuW...","is_bearer":true} 
[2026-05-23 05:35:11] local.INFO: Extracted bearer token {"token_preview":"176|tvOdAV...","token_length":52} 
[2026-05-23 05:35:11] local.INFO: Found personal access token {"token_id":176,"user_id":76,"revoked":null} 
[2026-05-23 05:35:11] local.INFO: User authenticated via bearer token {"user_id":76,"user_email":"freelancezahedtesting@gmail.com"} 
[2026-05-23 05:35:11] local.INFO: Returning campaigns for user {"user_id":76,"campaign_count":0,"statuses":[]} 
[2026-05-23 05:35:41] local.INFO: ParseBearerToken middleware invoked {"path":"/api/v2/campaign","method":"GET","has_auth_header":true,"auth_header_preview":"Bearer 176|tvOdAVPlpdhBhLoAtuW...","is_bearer":true} 
[2026-05-23 05:35:41] local.INFO: Extracted bearer token {"token_preview":"176|tvOdAV...","token_length":52} 
[2026-05-23 05:35:41] local.INFO: Found personal access token {"token_id":176,"user_id":76,"revoked":null} 
[2026-05-23 05:35:41] local.INFO: User authenticated via bearer token {"user_id":76,"user_email":"freelancezahedtesting@gmail.com"} 
[2026-05-23 05:35:41] local.INFO: Returning campaigns for user {"user_id":76,"campaign_count":0,"statuses":[]} 
[2026-05-23 05:36:10] local.INFO: ParseBearerToken middleware invoked {"path":"/api/v2/campaign","method":"GET","has_auth_header":true,"auth_header_preview":"Bearer 176|tvOdAVPlpdhBhLoAtuW...","is_bearer":true} 
[2026-05-23 05:36:10] local.INFO: Extracted bearer token {"token_preview":"176|tvOdAV...","token_length":52} 
[2026-05-23 05:36:10] local.INFO: Found personal access token {"token_id":176,"user_id":76,"revoked":null} 
[2026-05-23 05:36:10] local.INFO: User authenticated via bearer token {"user_id":76,"user_email":"freelancezahedtesting@gmail.com"} 
[2026-05-23 05:36:10] local.INFO: Returning campaigns for user {"user_id":76,"campaign_count":0,"statuses":[]} 
[2026-05-23 05:36:41] local.INFO: ParseBearerToken middleware invoked {"path":"/api/v2/campaign","method":"GET","has_auth_header":true,"auth_header_preview":"Bearer 176|tvOdAVPlpdhBhLoAtuW...","is_bearer":true} 
[2026-05-23 05:36:41] local.INFO: Extracted bearer token {"token_preview":"176|tvOdAV...","token_length":52} 
[2026-05-23 05:36:41] local.INFO: Found personal access token {"token_id":176,"user_id":76,"revoked":null} 
[2026-05-23 05:36:41] local.INFO: User authenticated via bearer token {"user_id":76,"user_email":"freelancezahedtesting@gmail.com"} 
[2026-05-23 05:36:41] local.INFO: Returning campaigns for user {"user_id":76,"campaign_count":0,"statuses":[]} 
[2026-05-23 05:37:11] local.INFO: ParseBearerToken middleware invoked {"path":"/api/v2/campaign","method":"GET","has_auth_header":true,"auth_header_preview":"Bearer 176|tvOdAVPlpdhBhLoAtuW...","is_bearer":true} 
[2026-05-23 05:37:11] local.INFO: Extracted bearer token {"token_preview":"176|tvOdAV...","token_length":52} 
[2026-05-23 05:37:11] local.INFO: Found personal access token {"token_id":176,"user_id":76,"revoked":null} 
[2026-05-23 05:37:11] local.INFO: User authenticated via bearer token {"user_id":76,"user_email":"freelancezahedtesting@gmail.com"} 
[2026-05-23 05:37:11] local.INFO: Returning campaigns for user {"user_id":76,"campaign_count":0,"statuses":[]} 
[2026-05-23 05:37:41] local.INFO: ParseBearerToken middleware invoked {"path":"/api/v2/campaign","method":"GET","has_auth_header":true,"auth_header_preview":"Bearer 176|tvOdAVPlpdhBhLoAtuW...","is_bearer":true} 
[2026-05-23 05:37:41] local.INFO: Extracted bearer token {"token_preview":"176|tvOdAV...","token_length":52} 
[2026-05-23 05:37:41] local.INFO: Found personal access token {"token_id":176,"user_id":76,"revoked":null} 
[2026-05-23 05:37:41] local.INFO: User authenticated via bearer token {"user_id":76,"user_email":"freelancezahedtesting@gmail.com"} 
[2026-05-23 05:37:41] local.INFO: Returning campaigns for user {"user_id":76,"campaign_count":0,"statuses":[]} 
[2026-05-23 05:38:11] local.INFO: ParseBearerToken middleware invoked {"path":"/api/v2/campaign","method":"GET","has_auth_header":true,"auth_header_preview":"Bearer 176|tvOdAVPlpdhBhLoAtuW...","is_bearer":true} 
[2026-05-23 05:38:11] local.INFO: Extracted bearer token {"token_preview":"176|tvOdAV...","token_length":52} 
[2026-05-23 05:38:11] local.INFO: Found personal access token {"token_id":176,"user_id":76,"revoked":null} 
[2026-05-23 05:38:11] local.INFO: User authenticated via bearer token {"user_id":76,"user_email":"freelancezahedtesting@gmail.com"} 
[2026-05-23 05:38:11] local.INFO: Returning campaigns for user {"user_id":76,"campaign_count":0,"statuses":[]} 
[2026-05-23 05:38:40] local.INFO: ParseBearerToken middleware invoked {"path":"/api/v2/campaign","method":"GET","has_auth_header":true,"auth_header_preview":"Bearer 176|tvOdAVPlpdhBhLoAtuW...","is_bearer":true} 
[2026-05-23 05:38:40] local.INFO: Extracted bearer token {"token_preview":"176|tvOdAV...","token_length":52} 
[2026-05-23 05:38:40] local.INFO: Found personal access token {"token_id":176,"user_id":76,"revoked":null} 
[2026-05-23 05:38:40] local.INFO: User authenticated via bearer token {"user_id":76,"user_email":"freelancezahedtesting@gmail.com"} 
[2026-05-23 05:38:40] local.INFO: Returning campaigns for user {"user_id":76,"campaign_count":0,"statuses":[]} 
[2026-05-23 05:39:11] local.INFO: ParseBearerToken middleware invoked {"path":"/api/v2/campaign","method":"GET","has_auth_header":true,"auth_header_preview":"Bearer 176|tvOdAVPlpdhBhLoAtuW...","is_bearer":true} 
[2026-05-23 05:39:11] local.INFO: Extracted bearer token {"token_preview":"176|tvOdAV...","token_length":52} 
[2026-05-23 05:39:11] local.INFO: Found personal access token {"token_id":176,"user_id":76,"revoked":null} 
[2026-05-23 05:39:11] local.INFO: User authenticated via bearer token {"user_id":76,"user_email":"freelancezahedtesting@gmail.com"} 
[2026-05-23 05:39:11] local.INFO: Returning campaigns for user {"user_id":76,"campaign_count":0,"statuses":[]} 
[2026-05-23 05:39:41] local.INFO: ParseBearerToken middleware invoked {"path":"/api/v2/campaign","method":"GET","has_auth_header":true,"auth_header_preview":"Bearer 176|tvOdAVPlpdhBhLoAtuW...","is_bearer":true} 
[2026-05-23 05:39:41] local.INFO: Extracted bearer token {"token_preview":"176|tvOdAV...","token_length":52} 
[2026-05-23 05:39:41] local.INFO: Found personal access token {"token_id":176,"user_id":76,"revoked":null} 
[2026-05-23 05:39:41] local.INFO: User authenticated via bearer token {"user_id":76,"user_email":"freelancezahedtesting@gmail.com"} 
[2026-05-23 05:39:41] local.INFO: Returning campaigns for user {"user_id":76,"campaign_count":0,"statuses":[]} 
[2026-05-23 05:40:11] local.INFO: ParseBearerToken middleware invoked {"path":"/api/v2/campaign","method":"GET","has_auth_header":true,"auth_header_preview":"Bearer 176|tvOdAVPlpdhBhLoAtuW...","is_bearer":true} 
[2026-05-23 05:40:11] local.INFO: Extracted bearer token {"token_preview":"176|tvOdAV...","token_length":52} 
[2026-05-23 05:40:11] local.INFO: Found personal access token {"token_id":176,"user_id":76,"revoked":null} 
[2026-05-23 05:40:11] local.INFO: User authenticated via bearer token {"user_id":76,"user_email":"freelancezahedtesting@gmail.com"} 
[2026-05-23 05:40:11] local.INFO: Returning campaigns for user {"user_id":76,"campaign_count":0,"statuses":[]} 
[2026-05-23 05:40:41] local.INFO: ParseBearerToken middleware invoked {"path":"/api/v2/campaign","method":"GET","has_auth_header":true,"auth_header_preview":"Bearer 176|tvOdAVPlpdhBhLoAtuW...","is_bearer":true} 
[2026-05-23 05:40:41] local.INFO: Extracted bearer token {"token_preview":"176|tvOdAV...","token_length":52} 
[2026-05-23 05:40:41] local.INFO: Found personal access token {"token_id":176,"user_id":76,"revoked":null} 
[2026-05-23 05:40:41] local.INFO: User authenticated via bearer token {"user_id":76,"user_email":"freelancezahedtesting@gmail.com"} 
[2026-05-23 05:40:41] local.INFO: Returning campaigns for user {"user_id":76,"campaign_count":0,"statuses":[]} 
[2026-05-23 05:41:11] local.INFO: ParseBearerToken middleware invoked {"path":"/api/v2/campaign","method":"GET","has_auth_header":true,"auth_header_preview":"Bearer 176|tvOdAVPlpdhBhLoAtuW...","is_bearer":true} 
[2026-05-23 05:41:11] local.INFO: Extracted bearer token {"token_preview":"176|tvOdAV...","token_length":52} 
[2026-05-23 05:41:11] local.INFO: Found personal access token {"token_id":176,"user_id":76,"revoked":null} 
[2026-05-23 05:41:11] local.INFO: User authenticated via bearer token {"user_id":76,"user_email":"freelancezahedtesting@gmail.com"} 
[2026-05-23 05:41:11] local.INFO: Returning campaigns for user {"user_id":76,"campaign_count":0,"statuses":[]} 
[2026-05-23 05:41:41] local.INFO: ParseBearerToken middleware invoked {"path":"/api/v2/campaign","method":"GET","has_auth_header":true,"auth_header_preview":"Bearer 176|tvOdAVPlpdhBhLoAtuW...","is_bearer":true} 
[2026-05-23 05:41:41] local.INFO: Extracted bearer token {"token_preview":"176|tvOdAV...","token_length":52} 
[2026-05-23 05:41:41] local.INFO: Found personal access token {"token_id":176,"user_id":76,"revoked":null} 
[2026-05-23 05:41:41] local.INFO: User authenticated via bearer token {"user_id":76,"user_email":"freelancezahedtesting@gmail.com"} 
[2026-05-23 05:41:41] local.INFO: Returning campaigns for user {"user_id":76,"campaign_count":0,"statuses":[]} 
[2026-05-23 05:42:11] local.INFO: ParseBearerToken middleware invoked {"path":"/api/v2/campaign","method":"GET","has_auth_header":true,"auth_header_preview":"Bearer 176|tvOdAVPlpdhBhLoAtuW...","is_bearer":true} 
[2026-05-23 05:42:11] local.INFO: Extracted bearer token {"token_preview":"176|tvOdAV...","token_length":52} 
[2026-05-23 05:42:11] local.INFO: Found personal access token {"token_id":176,"user_id":76,"revoked":null} 
[2026-05-23 05:42:11] local.INFO: User authenticated via bearer token {"user_id":76,"user_email":"freelancezahedtesting@gmail.com"} 
[2026-05-23 05:42:11] local.INFO: Returning campaigns for user {"user_id":76,"campaign_count":0,"statuses":[]} 
[2026-05-23 05:42:41] local.INFO: ParseBearerToken middleware invoked {"path":"/api/v2/campaign","method":"GET","has_auth_header":true,"auth_header_preview":"Bearer 176|tvOdAVPlpdhBhLoAtuW...","is_bearer":true} 
[2026-05-23 05:42:41] local.INFO: Extracted bearer token {"token_preview":"176|tvOdAV...","token_length":52} 
[2026-05-23 05:42:41] local.INFO: Found personal access token {"token_id":176,"user_id":76,"revoked":null} 
[2026-05-23 05:42:41] local.INFO: User authenticated via bearer token {"user_id":76,"user_email":"freelancezahedtesting@gmail.com"} 
[2026-05-23 05:42:41] local.INFO: Returning campaigns for user {"user_id":76,"campaign_count":0,"statuses":[]} 
[2026-05-23 05:43:10] local.INFO: ParseBearerToken middleware invoked {"path":"/api/v2/campaign","method":"GET","has_auth_header":true,"auth_header_preview":"Bearer 176|tvOdAVPlpdhBhLoAtuW...","is_bearer":true} 
[2026-05-23 05:43:10] local.INFO: Extracted bearer token {"token_preview":"176|tvOdAV...","token_length":52} 
[2026-05-23 05:43:10] local.INFO: Found personal access token {"token_id":176,"user_id":76,"revoked":null} 
[2026-05-23 05:43:10] local.INFO: User authenticated via bearer token {"user_id":76,"user_email":"freelancezahedtesting@gmail.com"} 
[2026-05-23 05:43:10] local.INFO: Returning campaigns for user {"user_id":76,"campaign_count":0,"statuses":[]} 
[2026-05-23 05:43:40] local.INFO: ParseBearerToken middleware invoked {"path":"/api/v2/campaign","method":"GET","has_auth_header":true,"auth_header_preview":"Bearer 176|tvOdAVPlpdhBhLoAtuW...","is_bearer":true} 
[2026-05-23 05:43:40] local.INFO: Extracted bearer token {"token_preview":"176|tvOdAV...","token_length":52} 
[2026-05-23 05:43:40] local.INFO: Found personal access token {"token_id":176,"user_id":76,"revoked":null} 
[2026-05-23 05:43:40] local.INFO: User authenticated via bearer token {"user_id":76,"user_email":"freelancezahedtesting@gmail.com"} 
[2026-05-23 05:43:40] local.INFO: Returning campaigns for user {"user_id":76,"campaign_count":0,"statuses":[]} 
[2026-05-23 05:44:10] local.INFO: ParseBearerToken middleware invoked {"path":"/api/v2/campaign","method":"GET","has_auth_header":true,"auth_header_preview":"Bearer 176|tvOdAVPlpdhBhLoAtuW...","is_bearer":true} 
[2026-05-23 05:44:10] local.INFO: Extracted bearer token {"token_preview":"176|tvOdAV...","token_length":52} 
[2026-05-23 05:44:10] local.INFO: Found personal access token {"token_id":176,"user_id":76,"revoked":null} 
[2026-05-23 05:44:10] local.INFO: User authenticated via bearer token {"user_id":76,"user_email":"freelancezahedtesting@gmail.com"} 
[2026-05-23 05:44:10] local.INFO: Returning campaigns for user {"user_id":76,"campaign_count":0,"statuses":[]} 
[2026-05-23 05:44:41] local.INFO: ParseBearerToken middleware invoked {"path":"/api/v2/campaign","method":"GET","has_auth_header":true,"auth_header_preview":"Bearer 176|tvOdAVPlpdhBhLoAtuW...","is_bearer":true} 
[2026-05-23 05:44:41] local.INFO: Extracted bearer token {"token_preview":"176|tvOdAV...","token_length":52} 
[2026-05-23 05:44:41] local.INFO: Found personal access token {"token_id":176,"user_id":76,"revoked":null} 
[2026-05-23 05:44:41] local.INFO: User authenticated via bearer token {"user_id":76,"user_email":"freelancezahedtesting@gmail.com"} 
[2026-05-23 05:44:41] local.INFO: Returning campaigns for user {"user_id":76,"campaign_count":0,"statuses":[]} 
[2026-05-23 05:45:10] local.INFO: ParseBearerToken middleware invoked {"path":"/api/v2/campaign","method":"GET","has_auth_header":true,"auth_header_preview":"Bearer 176|tvOdAVPlpdhBhLoAtuW...","is_bearer":true} 
[2026-05-23 05:45:10] local.INFO: Extracted bearer token {"token_preview":"176|tvOdAV...","token_length":52} 
[2026-05-23 05:45:10] local.INFO: Found personal access token {"token_id":176,"user_id":76,"revoked":null} 
[2026-05-23 05:45:10] local.INFO: User authenticated via bearer token {"user_id":76,"user_email":"freelancezahedtesting@gmail.com"} 
[2026-05-23 05:45:11] local.INFO: Returning campaigns for user {"user_id":76,"campaign_count":0,"statuses":[]} 
[2026-05-23 05:45:41] local.INFO: ParseBearerToken middleware invoked {"path":"/api/v2/campaign","method":"GET","has_auth_header":true,"auth_header_preview":"Bearer 176|tvOdAVPlpdhBhLoAtuW...","is_bearer":true} 
[2026-05-23 05:45:41] local.INFO: Extracted bearer token {"token_preview":"176|tvOdAV...","token_length":52} 
[2026-05-23 05:45:41] local.INFO: Found personal access token {"token_id":176,"user_id":76,"revoked":null} 
[2026-05-23 05:45:41] local.INFO: User authenticated via bearer token {"user_id":76,"user_email":"freelancezahedtesting@gmail.com"} 
[2026-05-23 05:45:41] local.INFO: Returning campaigns for user {"user_id":76,"campaign_count":0,"statuses":[]} 
[2026-05-23 05:46:11] local.INFO: ParseBearerToken middleware invoked {"path":"/api/v2/campaign","method":"GET","has_auth_header":true,"auth_header_preview":"Bearer 176|tvOdAVPlpdhBhLoAtuW...","is_bearer":true} 
[2026-05-23 05:46:11] local.INFO: Extracted bearer token {"token_preview":"176|tvOdAV...","token_length":52} 
[2026-05-23 05:46:11] local.INFO: Found personal access token {"token_id":176,"user_id":76,"revoked":null} 
[2026-05-23 05:46:11] local.INFO: User authenticated via bearer token {"user_id":76,"user_email":"freelancezahedtesting@gmail.com"} 
[2026-05-23 05:46:11] local.INFO: Returning campaigns for user {"user_id":76,"campaign_count":0,"statuses":[]} 
[2026-05-23 05:46:41] local.INFO: ParseBearerToken middleware invoked {"path":"/api/v2/campaign","method":"GET","has_auth_header":true,"auth_header_preview":"Bearer 176|tvOdAVPlpdhBhLoAtuW...","is_bearer":true} 
[2026-05-23 05:46:41] local.INFO: Extracted bearer token {"token_preview":"176|tvOdAV...","token_length":52} 
[2026-05-23 05:46:41] local.INFO: Found personal access token {"token_id":176,"user_id":76,"revoked":null} 
[2026-05-23 05:46:41] local.INFO: User authenticated via bearer token {"user_id":76,"user_email":"freelancezahedtesting@gmail.com"} 
[2026-05-23 05:46:41] local.INFO: Returning campaigns for user {"user_id":76,"campaign_count":0,"statuses":[]} 
[2026-05-23 05:47:12] local.INFO: ParseBearerToken middleware invoked {"path":"/api/v2/campaign","method":"GET","has_auth_header":true,"auth_header_preview":"Bearer 176|tvOdAVPlpdhBhLoAtuW...","is_bearer":true} 
[2026-05-23 05:47:12] local.INFO: Extracted bearer token {"token_preview":"176|tvOdAV...","token_length":52} 
[2026-05-23 05:47:12] local.INFO: Found personal access token {"token_id":176,"user_id":76,"revoked":null} 
[2026-05-23 05:47:12] local.INFO: User authenticated via bearer token {"user_id":76,"user_email":"freelancezahedtesting@gmail.com"} 
[2026-05-23 05:47:12] local.INFO: Returning campaigns for user {"user_id":76,"campaign_count":0,"statuses":[]} 
[2026-05-23 05:47:41] local.INFO: ParseBearerToken middleware invoked {"path":"/api/v2/campaign","method":"GET","has_auth_header":true,"auth_header_preview":"Bearer 176|tvOdAVPlpdhBhLoAtuW...","is_bearer":true} 
[2026-05-23 05:47:41] local.INFO: Extracted bearer token {"token_preview":"176|tvOdAV...","token_length":52} 
[2026-05-23 05:47:41] local.INFO: Found personal access token {"token_id":176,"user_id":76,"revoked":null} 
[2026-05-23 05:47:41] local.INFO: User authenticated via bearer token {"user_id":76,"user_email":"freelancezahedtesting@gmail.com"} 
[2026-05-23 05:47:41] local.INFO: Returning campaigns for user {"user_id":76,"campaign_count":0,"statuses":[]} 
[2026-05-23 05:48:11] local.INFO: ParseBearerToken middleware invoked {"path":"/api/v2/campaign","method":"GET","has_auth_header":true,"auth_header_preview":"Bearer 176|tvOdAVPlpdhBhLoAtuW...","is_bearer":true} 
[2026-05-23 05:48:11] local.INFO: Extracted bearer token {"token_preview":"176|tvOdAV...","token_length":52} 
[2026-05-23 05:48:11] local.INFO: Found personal access token {"token_id":176,"user_id":76,"revoked":null} 
[2026-05-23 05:48:11] local.INFO: User authenticated via bearer token {"user_id":76,"user_email":"freelancezahedtesting@gmail.com"} 
[2026-05-23 05:48:11] local.INFO: Returning campaigns for user {"user_id":76,"campaign_count":0,"statuses":[]} 
[2026-05-23 05:48:41] local.INFO: ParseBearerToken middleware invoked {"path":"/api/v2/campaign","method":"GET","has_auth_header":true,"auth_header_preview":"Bearer 176|tvOdAVPlpdhBhLoAtuW...","is_bearer":true} 
[2026-05-23 05:48:41] local.INFO: Extracted bearer token {"token_preview":"176|tvOdAV...","token_length":52} 
[2026-05-23 05:48:41] local.INFO: Found personal access token {"token_id":176,"user_id":76,"revoked":null} 
[2026-05-23 05:48:41] local.INFO: User authenticated via bearer token {"user_id":76,"user_email":"freelancezahedtesting@gmail.com"} 
[2026-05-23 05:48:41] local.INFO: Returning campaigns for user {"user_id":76,"campaign_count":0,"statuses":[]} 
[2026-05-23 05:49:11] local.INFO: ParseBearerToken middleware invoked {"path":"/api/v2/campaign","method":"GET","has_auth_header":true,"auth_header_preview":"Bearer 176|tvOdAVPlpdhBhLoAtuW...","is_bearer":true} 
[2026-05-23 05:49:11] local.INFO: Extracted bearer token {"token_preview":"176|tvOdAV...","token_length":52} 
[2026-05-23 05:49:11] local.INFO: Found personal access token {"token_id":176,"user_id":76,"revoked":null} 
[2026-05-23 05:49:11] local.INFO: User authenticated via bearer token {"user_id":76,"user_email":"freelancezahedtesting@gmail.com"} 
[2026-05-23 05:49:11] local.INFO: Returning campaigns for user {"user_id":76,"campaign_count":0,"statuses":[]} 
[2026-05-23 05:49:41] local.INFO: ParseBearerToken middleware invoked {"path":"/api/v2/campaign","method":"GET","has_auth_header":true,"auth_header_preview":"Bearer 176|tvOdAVPlpdhBhLoAtuW...","is_bearer":true} 
[2026-05-23 05:49:41] local.INFO: Extracted bearer token {"token_preview":"176|tvOdAV...","token_length":52} 
[2026-05-23 05:49:41] local.INFO: Found personal access token {"token_id":176,"user_id":76,"revoked":null} 
[2026-05-23 05:49:41] local.INFO: User authenticated via bearer token {"user_id":76,"user_email":"freelancezahedtesting@gmail.com"} 
[2026-05-23 05:49:41] local.INFO: Returning campaigns for user {"user_id":76,"campaign_count":0,"statuses":[]} 
[2026-05-23 05:50:10] local.INFO: ParseBearerToken middleware invoked {"path":"/api/v2/campaign","method":"GET","has_auth_header":true,"auth_header_preview":"Bearer 176|tvOdAVPlpdhBhLoAtuW...","is_bearer":true} 
[2026-05-23 05:50:10] local.INFO: Extracted bearer token {"token_preview":"176|tvOdAV...","token_length":52} 
[2026-05-23 05:50:10] local.INFO: Found personal access token {"token_id":176,"user_id":76,"revoked":null} 
[2026-05-23 05:50:10] local.INFO: User authenticated via bearer token {"user_id":76,"user_email":"freelancezahedtesting@gmail.com"} 
[2026-05-23 05:50:10] local.INFO: Returning campaigns for user {"user_id":76,"campaign_count":0,"statuses":[]} 
[2026-05-23 05:50:40] local.INFO: ParseBearerToken middleware invoked {"path":"/api/v2/campaign","method":"GET","has_auth_header":true,"auth_header_preview":"Bearer 176|tvOdAVPlpdhBhLoAtuW...","is_bearer":true} 
[2026-05-23 05:50:40] local.INFO: Extracted bearer token {"token_preview":"176|tvOdAV...","token_length":52} 
[2026-05-23 05:50:40] local.INFO: Found personal access token {"token_id":176,"user_id":76,"revoked":null} 
[2026-05-23 05:50:40] local.INFO: User authenticated via bearer token {"user_id":76,"user_email":"freelancezahedtesting@gmail.com"} 
[2026-05-23 05:50:40] local.INFO: Returning campaigns for user {"user_id":76,"campaign_count":0,"statuses":[]} 
[2026-05-23 05:51:11] local.INFO: ParseBearerToken middleware invoked {"path":"/api/v2/campaign","method":"GET","has_auth_header":true,"auth_header_preview":"Bearer 176|tvOdAVPlpdhBhLoAtuW...","is_bearer":true} 
[2026-05-23 05:51:11] local.INFO: Extracted bearer token {"token_preview":"176|tvOdAV...","token_length":52} 
[2026-05-23 05:51:11] local.INFO: Found personal access token {"token_id":176,"user_id":76,"revoked":null} 
[2026-05-23 05:51:11] local.INFO: User authenticated via bearer token {"user_id":76,"user_email":"freelancezahedtesting@gmail.com"} 
[2026-05-23 05:51:11] local.INFO: Returning campaigns for user {"user_id":76,"campaign_count":0,"statuses":[]} 
[2026-05-23 05:51:41] local.INFO: ParseBearerToken middleware invoked {"path":"/api/v2/campaign","method":"GET","has_auth_header":true,"auth_header_preview":"Bearer 176|tvOdAVPlpdhBhLoAtuW...","is_bearer":true} 
[2026-05-23 05:51:41] local.INFO: Extracted bearer token {"token_preview":"176|tvOdAV...","token_length":52} 
[2026-05-23 05:51:41] local.INFO: Found personal access token {"token_id":176,"user_id":76,"revoked":null} 
[2026-05-23 05:51:41] local.INFO: User authenticated via bearer token {"user_id":76,"user_email":"freelancezahedtesting@gmail.com"} 
[2026-05-23 05:51:41] local.INFO: Returning campaigns for user {"user_id":76,"campaign_count":0,"statuses":[]} 
[2026-05-23 05:52:12] local.INFO: ParseBearerToken middleware invoked {"path":"/api/v2/campaign","method":"GET","has_auth_header":true,"auth_header_preview":"Bearer 176|tvOdAVPlpdhBhLoAtuW...","is_bearer":true} 
[2026-05-23 05:52:12] local.INFO: Extracted bearer token {"token_preview":"176|tvOdAV...","token_length":52} 
[2026-05-23 05:52:12] local.INFO: Found personal access token {"token_id":176,"user_id":76,"revoked":null} 
[2026-05-23 05:52:12] local.INFO: User authenticated via bearer token {"user_id":76,"user_email":"freelancezahedtesting@gmail.com"} 
[2026-05-23 05:52:12] local.INFO: Returning campaigns for user {"user_id":76,"campaign_count":0,"statuses":[]} 
[2026-05-23 05:52:41] local.INFO: ParseBearerToken middleware invoked {"path":"/api/v2/campaign","method":"GET","has_auth_header":true,"auth_header_preview":"Bearer 176|tvOdAVPlpdhBhLoAtuW...","is_bearer":true} 
[2026-05-23 05:52:41] local.INFO: Extracted bearer token {"token_preview":"176|tvOdAV...","token_length":52} 
[2026-05-23 05:52:41] local.INFO: Found personal access token {"token_id":176,"user_id":76,"revoked":null} 
[2026-05-23 05:52:41] local.INFO: User authenticated via bearer token {"user_id":76,"user_email":"freelancezahedtesting@gmail.com"} 
[2026-05-23 05:52:41] local.INFO: Returning campaigns for user {"user_id":76,"campaign_count":0,"statuses":[]} 
[2026-05-23 05:53:12] local.INFO: ParseBearerToken middleware invoked {"path":"/api/v2/campaign","method":"GET","has_auth_header":true,"auth_header_preview":"Bearer 176|tvOdAVPlpdhBhLoAtuW...","is_bearer":true} 
[2026-05-23 05:53:12] local.INFO: Extracted bearer token {"token_preview":"176|tvOdAV...","token_length":52} 
[2026-05-23 05:53:12] local.INFO: Found personal access token {"token_id":176,"user_id":76,"revoked":null} 
[2026-05-23 05:53:12] local.INFO: User authenticated via bearer token {"user_id":76,"user_email":"freelancezahedtesting@gmail.com"} 
[2026-05-23 05:53:12] local.INFO: Returning campaigns for user {"user_id":76,"campaign_count":0,"statuses":[]} 
[2026-05-23 05:53:41] local.INFO: ParseBearerToken middleware invoked {"path":"/api/v2/campaign","method":"GET","has_auth_header":true,"auth_header_preview":"Bearer 176|tvOdAVPlpdhBhLoAtuW...","is_bearer":true} 
[2026-05-23 05:53:41] local.INFO: Extracted bearer token {"token_preview":"176|tvOdAV...","token_length":52} 
[2026-05-23 05:53:41] local.INFO: Found personal access token {"token_id":176,"user_id":76,"revoked":null} 
[2026-05-23 05:53:41] local.INFO: User authenticated via bearer token {"user_id":76,"user_email":"freelancezahedtesting@gmail.com"} 
[2026-05-23 05:53:41] local.INFO: Returning campaigns for user {"user_id":76,"campaign_count":0,"statuses":[]} 
[2026-05-23 05:54:12] local.INFO: ParseBearerToken middleware invoked {"path":"/api/v2/campaign","method":"GET","has_auth_header":true,"auth_header_preview":"Bearer 176|tvOdAVPlpdhBhLoAtuW...","is_bearer":true} 
[2026-05-23 05:54:12] local.INFO: Extracted bearer token {"token_preview":"176|tvOdAV...","token_length":52} 
[2026-05-23 05:54:12] local.INFO: Found personal access token {"token_id":176,"user_id":76,"revoked":null} 
[2026-05-23 05:54:12] local.INFO: User authenticated via bearer token {"user_id":76,"user_email":"freelancezahedtesting@gmail.com"} 
[2026-05-23 05:54:12] local.INFO: Returning campaigns for user {"user_id":76,"campaign_count":0,"statuses":[]} 
[2026-05-23 05:54:41] local.INFO: ParseBearerToken middleware invoked {"path":"/api/v2/campaign","method":"GET","has_auth_header":true,"auth_header_preview":"Bearer 176|tvOdAVPlpdhBhLoAtuW...","is_bearer":true} 
[2026-05-23 05:54:41] local.INFO: Extracted bearer token {"token_preview":"176|tvOdAV...","token_length":52} 
[2026-05-23 05:54:41] local.INFO: Found personal access token {"token_id":176,"user_id":76,"revoked":null} 
[2026-05-23 05:54:41] local.INFO: User authenticated via bearer token {"user_id":76,"user_email":"freelancezahedtesting@gmail.com"} 
[2026-05-23 05:54:41] local.INFO: Returning campaigns for user {"user_id":76,"campaign_count":0,"statuses":[]} 
[2026-05-23 05:55:11] local.INFO: ParseBearerToken middleware invoked {"path":"/api/v2/campaign","method":"GET","has_auth_header":true,"auth_header_preview":"Bearer 176|tvOdAVPlpdhBhLoAtuW...","is_bearer":true} 
[2026-05-23 05:55:11] local.INFO: Extracted bearer token {"token_preview":"176|tvOdAV...","token_length":52} 
[2026-05-23 05:55:11] local.INFO: Found personal access token {"token_id":176,"user_id":76,"revoked":null} 
[2026-05-23 05:55:11] local.INFO: User authenticated via bearer token {"user_id":76,"user_email":"freelancezahedtesting@gmail.com"} 
[2026-05-23 05:55:11] local.INFO: Returning campaigns for user {"user_id":76,"campaign_count":0,"statuses":[]} 
[2026-05-23 05:55:41] local.INFO: ParseBearerToken middleware invoked {"path":"/api/v2/campaign","method":"GET","has_auth_header":true,"auth_header_preview":"Bearer 176|tvOdAVPlpdhBhLoAtuW...","is_bearer":true} 
[2026-05-23 05:55:41] local.INFO: Extracted bearer token {"token_preview":"176|tvOdAV...","token_length":52} 
[2026-05-23 05:55:41] local.INFO: Found personal access token {"token_id":176,"user_id":76,"revoked":null} 
[2026-05-23 05:55:41] local.INFO: User authenticated via bearer token {"user_id":76,"user_email":"freelancezahedtesting@gmail.com"} 
[2026-05-23 05:55:41] local.INFO: Returning campaigns for user {"user_id":76,"campaign_count":0,"statuses":[]} 
[2026-05-23 05:56:11] local.INFO: ParseBearerToken middleware invoked {"path":"/api/v2/campaign","method":"GET","has_auth_header":true,"auth_header_preview":"Bearer 176|tvOdAVPlpdhBhLoAtuW...","is_bearer":true} 
[2026-05-23 05:56:11] local.INFO: Extracted bearer token {"token_preview":"176|tvOdAV...","token_length":52} 
[2026-05-23 05:56:11] local.INFO: Found personal access token {"token_id":176,"user_id":76,"revoked":null} 
[2026-05-23 05:56:11] local.INFO: User authenticated via bearer token {"user_id":76,"user_email":"freelancezahedtesting@gmail.com"} 
[2026-05-23 05:56:11] local.INFO: Returning campaigns for user {"user_id":76,"campaign_count":0,"statuses":[]} 
[2026-05-23 05:56:41] local.INFO: ParseBearerToken middleware invoked {"path":"/api/v2/campaign","method":"GET","has_auth_header":true,"auth_header_preview":"Bearer 176|tvOdAVPlpdhBhLoAtuW...","is_bearer":true} 
[2026-05-23 05:56:41] local.INFO: Extracted bearer token {"token_preview":"176|tvOdAV...","token_length":52} 
[2026-05-23 05:56:41] local.INFO: Found personal access token {"token_id":176,"user_id":76,"revoked":null} 
[2026-05-23 05:56:41] local.INFO: User authenticated via bearer token {"user_id":76,"user_email":"freelancezahedtesting@gmail.com"} 
[2026-05-23 05:56:41] local.INFO: Returning campaigns for user {"user_id":76,"campaign_count":0,"statuses":[]} 
[2026-05-23 05:57:11] local.INFO: ParseBearerToken middleware invoked {"path":"/api/v2/campaign","method":"GET","has_auth_header":true,"auth_header_preview":"Bearer 176|tvOdAVPlpdhBhLoAtuW...","is_bearer":true} 
[2026-05-23 05:57:11] local.INFO: Extracted bearer token {"token_preview":"176|tvOdAV...","token_length":52} 
[2026-05-23 05:57:11] local.INFO: Found personal access token {"token_id":176,"user_id":76,"revoked":null} 
[2026-05-23 05:57:11] local.INFO: User authenticated via bearer token {"user_id":76,"user_email":"freelancezahedtesting@gmail.com"} 
[2026-05-23 05:57:11] local.INFO: Returning campaigns for user {"user_id":76,"campaign_count":0,"statuses":[]} 
[2026-05-23 05:57:41] local.INFO: ParseBearerToken middleware invoked {"path":"/api/v2/campaign","method":"GET","has_auth_header":true,"auth_header_preview":"Bearer 176|tvOdAVPlpdhBhLoAtuW...","is_bearer":true} 
[2026-05-23 05:57:41] local.INFO: Extracted bearer token {"token_preview":"176|tvOdAV...","token_length":52} 
[2026-05-23 05:57:41] local.INFO: Found personal access token {"token_id":176,"user_id":76,"revoked":null} 
[2026-05-23 05:57:41] local.INFO: User authenticated via bearer token {"user_id":76,"user_email":"freelancezahedtesting@gmail.com"} 
[2026-05-23 05:57:41] local.INFO: Returning campaigns for user {"user_id":76,"campaign_count":0,"statuses":[]} 
[2026-05-23 05:58:11] local.INFO: ParseBearerToken middleware invoked {"path":"/api/v2/campaign","method":"GET","has_auth_header":true,"auth_header_preview":"Bearer 176|tvOdAVPlpdhBhLoAtuW...","is_bearer":true} 
[2026-05-23 05:58:11] local.INFO: Extracted bearer token {"token_preview":"176|tvOdAV...","token_length":52} 
[2026-05-23 05:58:11] local.INFO: Found personal access token {"token_id":176,"user_id":76,"revoked":null} 
[2026-05-23 05:58:11] local.INFO: User authenticated via bearer token {"user_id":76,"user_email":"freelancezahedtesting@gmail.com"} 
[2026-05-23 05:58:11] local.INFO: Returning campaigns for user {"user_id":76,"campaign_count":0,"statuses":[]} 
[2026-05-23 05:58:41] local.INFO: ParseBearerToken middleware invoked {"path":"/api/v2/campaign","method":"GET","has_auth_header":true,"auth_header_preview":"Bearer 176|tvOdAVPlpdhBhLoAtuW...","is_bearer":true} 
[2026-05-23 05:58:41] local.INFO: Extracted bearer token {"token_preview":"176|tvOdAV...","token_length":52} 
[2026-05-23 05:58:41] local.INFO: Found personal access token {"token_id":176,"user_id":76,"revoked":null} 
[2026-05-23 05:58:41] local.INFO: User authenticated via bearer token {"user_id":76,"user_email":"freelancezahedtesting@gmail.com"} 
[2026-05-23 05:58:41] local.INFO: Returning campaigns for user {"user_id":76,"campaign_count":0,"statuses":[]} 
[2026-05-23 05:59:11] local.INFO: ParseBearerToken middleware invoked {"path":"/api/v2/campaign","method":"GET","has_auth_header":true,"auth_header_preview":"Bearer 176|tvOdAVPlpdhBhLoAtuW...","is_bearer":true} 
[2026-05-23 05:59:11] local.INFO: Extracted bearer token {"token_preview":"176|tvOdAV...","token_length":52} 
[2026-05-23 05:59:11] local.INFO: Found personal access token {"token_id":176,"user_id":76,"revoked":null} 
[2026-05-23 05:59:11] local.INFO: User authenticated via bearer token {"user_id":76,"user_email":"freelancezahedtesting@gmail.com"} 
[2026-05-23 05:59:11] local.INFO: Returning campaigns for user {"user_id":76,"campaign_count":0,"statuses":[]} 
[2026-05-23 05:59:41] local.INFO: ParseBearerToken middleware invoked {"path":"/api/v2/campaign","method":"GET","has_auth_header":true,"auth_header_preview":"Bearer 176|tvOdAVPlpdhBhLoAtuW...","is_bearer":true} 
[2026-05-23 05:59:41] local.INFO: Extracted bearer token {"token_preview":"176|tvOdAV...","token_length":52} 
[2026-05-23 05:59:41] local.INFO: Found personal access token {"token_id":176,"user_id":76,"revoked":null} 
[2026-05-23 05:59:41] local.INFO: User authenticated via bearer token {"user_id":76,"user_email":"freelancezahedtesting@gmail.com"} 
[2026-05-23 05:59:41] local.INFO: Returning campaigns for user {"user_id":76,"campaign_count":0,"statuses":[]} 
[2026-05-23 06:00:11] local.INFO: ParseBearerToken middleware invoked {"path":"/api/v2/campaign","method":"GET","has_auth_header":true,"auth_header_preview":"Bearer 176|tvOdAVPlpdhBhLoAtuW...","is_bearer":true} 
[2026-05-23 06:00:11] local.INFO: Extracted bearer token {"token_preview":"176|tvOdAV...","token_length":52} 
[2026-05-23 06:00:11] local.INFO: Found personal access token {"token_id":176,"user_id":76,"revoked":null} 
[2026-05-23 06:00:11] local.INFO: User authenticated via bearer token {"user_id":76,"user_email":"freelancezahedtesting@gmail.com"} 
[2026-05-23 06:00:11] local.INFO: Returning campaigns for user {"user_id":76,"campaign_count":0,"statuses":[]} 
[2026-05-23 06:00:40] local.INFO: ParseBearerToken middleware invoked {"path":"/api/v2/campaign","method":"GET","has_auth_header":true,"auth_header_preview":"Bearer 176|tvOdAVPlpdhBhLoAtuW...","is_bearer":true} 
[2026-05-23 06:00:40] local.INFO: Extracted bearer token {"token_preview":"176|tvOdAV...","token_length":52} 
[2026-05-23 06:00:40] local.INFO: Found personal access token {"token_id":176,"user_id":76,"revoked":null} 
[2026-05-23 06:00:40] local.INFO: User authenticated via bearer token {"user_id":76,"user_email":"freelancezahedtesting@gmail.com"} 
[2026-05-23 06:00:40] local.INFO: Returning campaigns for user {"user_id":76,"campaign_count":0,"statuses":[]} 
[2026-05-23 06:01:11] local.INFO: ParseBearerToken middleware invoked {"path":"/api/v2/campaign","method":"GET","has_auth_header":true,"auth_header_preview":"Bearer 176|tvOdAVPlpdhBhLoAtuW...","is_bearer":true} 
[2026-05-23 06:01:11] local.INFO: Extracted bearer token {"token_preview":"176|tvOdAV...","token_length":52} 
[2026-05-23 06:01:11] local.INFO: Found personal access token {"token_id":176,"user_id":76,"revoked":null} 
[2026-05-23 06:01:11] local.INFO: User authenticated via bearer token {"user_id":76,"user_email":"freelancezahedtesting@gmail.com"} 
[2026-05-23 06:01:11] local.INFO: Returning campaigns for user {"user_id":76,"campaign_count":0,"statuses":[]} 
[2026-05-23 06:01:41] local.INFO: ParseBearerToken middleware invoked {"path":"/api/v2/campaign","method":"GET","has_auth_header":true,"auth_header_preview":"Bearer 176|tvOdAVPlpdhBhLoAtuW...","is_bearer":true} 
[2026-05-23 06:01:41] local.INFO: Extracted bearer token {"token_preview":"176|tvOdAV...","token_length":52} 
[2026-05-23 06:01:41] local.INFO: Found personal access token {"token_id":176,"user_id":76,"revoked":null} 
[2026-05-23 06:01:41] local.INFO: User authenticated via bearer token {"user_id":76,"user_email":"freelancezahedtesting@gmail.com"} 
[2026-05-23 06:01:41] local.INFO: Returning campaigns for user {"user_id":76,"campaign_count":0,"statuses":[]} 
[2026-05-23 06:02:11] local.INFO: ParseBearerToken middleware invoked {"path":"/api/v2/campaign","method":"GET","has_auth_header":true,"auth_header_preview":"Bearer 176|tvOdAVPlpdhBhLoAtuW...","is_bearer":true} 
[2026-05-23 06:02:11] local.INFO: Extracted bearer token {"token_preview":"176|tvOdAV...","token_length":52} 
[2026-05-23 06:02:11] local.INFO: Found personal access token {"token_id":176,"user_id":76,"revoked":null} 
[2026-05-23 06:02:11] local.INFO: User authenticated via bearer token {"user_id":76,"user_email":"freelancezahedtesting@gmail.com"} 
[2026-05-23 06:02:11] local.INFO: Returning campaigns for user {"user_id":76,"campaign_count":0,"statuses":[]} 
[2026-05-23 06:02:41] local.INFO: ParseBearerToken middleware invoked {"path":"/api/v2/campaign","method":"GET","has_auth_header":true,"auth_header_preview":"Bearer 176|tvOdAVPlpdhBhLoAtuW...","is_bearer":true} 
[2026-05-23 06:02:41] local.INFO: Extracted bearer token {"token_preview":"176|tvOdAV...","token_length":52} 
[2026-05-23 06:02:41] local.INFO: Found personal access token {"token_id":176,"user_id":76,"revoked":null} 
[2026-05-23 06:02:41] local.INFO: User authenticated via bearer token {"user_id":76,"user_email":"freelancezahedtesting@gmail.com"} 
[2026-05-23 06:02:41] local.INFO: Returning campaigns for user {"user_id":76,"campaign_count":0,"statuses":[]} 
[2026-05-23 06:03:11] local.INFO: ParseBearerToken middleware invoked {"path":"/api/v2/campaign","method":"GET","has_auth_header":true,"auth_header_preview":"Bearer 176|tvOdAVPlpdhBhLoAtuW...","is_bearer":true} 
[2026-05-23 06:03:11] local.INFO: Extracted bearer token {"token_preview":"176|tvOdAV...","token_length":52} 
[2026-05-23 06:03:11] local.INFO: Found personal access token {"token_id":176,"user_id":76,"revoked":null} 
[2026-05-23 06:03:11] local.INFO: User authenticated via bearer token {"user_id":76,"user_email":"freelancezahedtesting@gmail.com"} 
[2026-05-23 06:03:11] local.INFO: Returning campaigns for user {"user_id":76,"campaign_count":0,"statuses":[]} 
[2026-05-23 06:03:41] local.INFO: ParseBearerToken middleware invoked {"path":"/api/v2/campaign","method":"GET","has_auth_header":true,"auth_header_preview":"Bearer 176|tvOdAVPlpdhBhLoAtuW...","is_bearer":true} 
[2026-05-23 06:03:41] local.INFO: Extracted bearer token {"token_preview":"176|tvOdAV...","token_length":52} 
[2026-05-23 06:03:41] local.INFO: Found personal access token {"token_id":176,"user_id":76,"revoked":null} 
[2026-05-23 06:03:41] local.INFO: User authenticated via bearer token {"user_id":76,"user_email":"freelancezahedtesting@gmail.com"} 
[2026-05-23 06:03:41] local.INFO: Returning campaigns for user {"user_id":76,"campaign_count":0,"statuses":[]} 
[2026-05-23 06:04:11] local.INFO: ParseBearerToken middleware invoked {"path":"/api/v2/campaign","method":"GET","has_auth_header":true,"auth_header_preview":"Bearer 176|tvOdAVPlpdhBhLoAtuW...","is_bearer":true} 
[2026-05-23 06:04:11] local.INFO: Extracted bearer token {"token_preview":"176|tvOdAV...","token_length":52} 
[2026-05-23 06:04:11] local.INFO: Found personal access token {"token_id":176,"user_id":76,"revoked":null} 
[2026-05-23 06:04:11] local.INFO: User authenticated via bearer token {"user_id":76,"user_email":"freelancezahedtesting@gmail.com"} 
[2026-05-23 06:04:11] local.INFO: Returning campaigns for user {"user_id":76,"campaign_count":0,"statuses":[]} 
[2026-05-23 06:04:41] local.INFO: ParseBearerToken middleware invoked {"path":"/api/v2/campaign","method":"GET","has_auth_header":true,"auth_header_preview":"Bearer 176|tvOdAVPlpdhBhLoAtuW...","is_bearer":true} 
[2026-05-23 06:04:41] local.INFO: Extracted bearer token {"token_preview":"176|tvOdAV...","token_length":52} 
[2026-05-23 06:04:41] local.INFO: Found personal access token {"token_id":176,"user_id":76,"revoked":null} 
[2026-05-23 06:04:41] local.INFO: User authenticated via bearer token {"user_id":76,"user_email":"freelancezahedtesting@gmail.com"} 
[2026-05-23 06:04:41] local.INFO: Returning campaigns for user {"user_id":76,"campaign_count":0,"statuses":[]} 
[2026-05-23 06:05:11] local.INFO: ParseBearerToken middleware invoked {"path":"/api/v2/campaign","method":"GET","has_auth_header":true,"auth_header_preview":"Bearer 176|tvOdAVPlpdhBhLoAtuW...","is_bearer":true} 
[2026-05-23 06:05:11] local.INFO: Extracted bearer token {"token_preview":"176|tvOdAV...","token_length":52} 
[2026-05-23 06:05:11] local.INFO: Found personal access token {"token_id":176,"user_id":76,"revoked":null} 
[2026-05-23 06:05:11] local.INFO: User authenticated via bearer token {"user_id":76,"user_email":"freelancezahedtesting@gmail.com"} 
[2026-05-23 06:05:11] local.INFO: Returning campaigns for user {"user_id":76,"campaign_count":0,"statuses":[]} 
[2026-05-23 06:05:41] local.INFO: ParseBearerToken middleware invoked {"path":"/api/v2/campaign","method":"GET","has_auth_header":true,"auth_header_preview":"Bearer 176|tvOdAVPlpdhBhLoAtuW...","is_bearer":true} 
[2026-05-23 06:05:41] local.INFO: Extracted bearer token {"token_preview":"176|tvOdAV...","token_length":52} 
[2026-05-23 06:05:41] local.INFO: Found personal access token {"token_id":176,"user_id":76,"revoked":null} 
[2026-05-23 06:05:41] local.INFO: User authenticated via bearer token {"user_id":76,"user_email":"freelancezahedtesting@gmail.com"} 
[2026-05-23 06:05:41] local.INFO: Returning campaigns for user {"user_id":76,"campaign_count":0,"statuses":[]} 
[2026-05-23 06:06:10] local.INFO: ParseBearerToken middleware invoked {"path":"/api/v2/campaign","method":"GET","has_auth_header":true,"auth_header_preview":"Bearer 176|tvOdAVPlpdhBhLoAtuW...","is_bearer":true} 
[2026-05-23 06:06:10] local.INFO: Extracted bearer token {"token_preview":"176|tvOdAV...","token_length":52} 
[2026-05-23 06:06:10] local.INFO: Found personal access token {"token_id":176,"user_id":76,"revoked":null} 
[2026-05-23 06:06:10] local.INFO: User authenticated via bearer token {"user_id":76,"user_email":"freelancezahedtesting@gmail.com"} 
[2026-05-23 06:06:10] local.INFO: Returning campaigns for user {"user_id":76,"campaign_count":0,"statuses":[]} 
[2026-05-23 06:06:41] local.INFO: ParseBearerToken middleware invoked {"path":"/api/v2/campaign","method":"GET","has_auth_header":true,"auth_header_preview":"Bearer 176|tvOdAVPlpdhBhLoAtuW...","is_bearer":true} 
[2026-05-23 06:06:41] local.INFO: Extracted bearer token {"token_preview":"176|tvOdAV...","token_length":52} 
[2026-05-23 06:06:41] local.INFO: Found personal access token {"token_id":176,"user_id":76,"revoked":null} 
[2026-05-23 06:06:41] local.INFO: User authenticated via bearer token {"user_id":76,"user_email":"freelancezahedtesting@gmail.com"} 
[2026-05-23 06:06:41] local.INFO: Returning campaigns for user {"user_id":76,"campaign_count":0,"statuses":[]} 
[2026-05-23 06:07:11] local.INFO: ParseBearerToken middleware invoked {"path":"/api/v2/campaign","method":"GET","has_auth_header":true,"auth_header_preview":"Bearer 176|tvOdAVPlpdhBhLoAtuW...","is_bearer":true} 
[2026-05-23 06:07:11] local.INFO: Extracted bearer token {"token_preview":"176|tvOdAV...","token_length":52} 
[2026-05-23 06:07:11] local.INFO: Found personal access token {"token_id":176,"user_id":76,"revoked":null} 
[2026-05-23 06:07:11] local.INFO: User authenticated via bearer token {"user_id":76,"user_email":"freelancezahedtesting@gmail.com"} 
[2026-05-23 06:07:11] local.INFO: Returning campaigns for user {"user_id":76,"campaign_count":0,"statuses":[]} 
[2026-05-23 06:07:40] local.INFO: ParseBearerToken middleware invoked {"path":"/api/v2/campaign","method":"GET","has_auth_header":true,"auth_header_preview":"Bearer 176|tvOdAVPlpdhBhLoAtuW...","is_bearer":true} 
[2026-05-23 06:07:40] local.INFO: Extracted bearer token {"token_preview":"176|tvOdAV...","token_length":52} 
[2026-05-23 06:07:40] local.INFO: Found personal access token {"token_id":176,"user_id":76,"revoked":null} 
[2026-05-23 06:07:40] local.INFO: User authenticated via bearer token {"user_id":76,"user_email":"freelancezahedtesting@gmail.com"} 
[2026-05-23 06:07:40] local.INFO: Returning campaigns for user {"user_id":76,"campaign_count":0,"statuses":[]} 
[2026-05-23 06:08:10] local.INFO: ParseBearerToken middleware invoked {"path":"/api/v2/campaign","method":"GET","has_auth_header":true,"auth_header_preview":"Bearer 176|tvOdAVPlpdhBhLoAtuW...","is_bearer":true} 
[2026-05-23 06:08:10] local.INFO: Extracted bearer token {"token_preview":"176|tvOdAV...","token_length":52} 
[2026-05-23 06:08:10] local.INFO: Found personal access token {"token_id":176,"user_id":76,"revoked":null} 
[2026-05-23 06:08:10] local.INFO: User authenticated via bearer token {"user_id":76,"user_email":"freelancezahedtesting@gmail.com"} 
[2026-05-23 06:08:10] local.INFO: Returning campaigns for user {"user_id":76,"campaign_count":0,"statuses":[]} 
[2026-05-23 06:08:41] local.INFO: ParseBearerToken middleware invoked {"path":"/api/v2/campaign","method":"GET","has_auth_header":true,"auth_header_preview":"Bearer 176|tvOdAVPlpdhBhLoAtuW...","is_bearer":true} 
[2026-05-23 06:08:41] local.INFO: Extracted bearer token {"token_preview":"176|tvOdAV...","token_length":52} 
[2026-05-23 06:08:41] local.INFO: Found personal access token {"token_id":176,"user_id":76,"revoked":null} 
[2026-05-23 06:08:41] local.INFO: User authenticated via bearer token {"user_id":76,"user_email":"freelancezahedtesting@gmail.com"} 
[2026-05-23 06:08:41] local.INFO: Returning campaigns for user {"user_id":76,"campaign_count":0,"statuses":[]} 
[2026-05-23 06:09:11] local.INFO: ParseBearerToken middleware invoked {"path":"/api/v2/campaign","method":"GET","has_auth_header":true,"auth_header_preview":"Bearer 176|tvOdAVPlpdhBhLoAtuW...","is_bearer":true} 
[2026-05-23 06:09:11] local.INFO: Extracted bearer token {"token_preview":"176|tvOdAV...","token_length":52} 
[2026-05-23 06:09:11] local.INFO: Found personal access token {"token_id":176,"user_id":76,"revoked":null} 
[2026-05-23 06:09:11] local.INFO: User authenticated via bearer token {"user_id":76,"user_email":"freelancezahedtesting@gmail.com"} 
[2026-05-23 06:09:11] local.INFO: Returning campaigns for user {"user_id":76,"campaign_count":0,"statuses":[]} 
[2026-05-23 06:09:41] local.INFO: ParseBearerToken middleware invoked {"path":"/api/v2/campaign","method":"GET","has_auth_header":true,"auth_header_preview":"Bearer 176|tvOdAVPlpdhBhLoAtuW...","is_bearer":true} 
[2026-05-23 06:09:41] local.INFO: Extracted bearer token {"token_preview":"176|tvOdAV...","token_length":52} 
[2026-05-23 06:09:41] local.INFO: Found personal access token {"token_id":176,"user_id":76,"revoked":null} 
[2026-05-23 06:09:41] local.INFO: User authenticated via bearer token {"user_id":76,"user_email":"freelancezahedtesting@gmail.com"} 
[2026-05-23 06:09:41] local.INFO: Returning campaigns for user {"user_id":76,"campaign_count":0,"statuses":[]} 
[2026-05-23 06:10:11] local.INFO: ParseBearerToken middleware invoked {"path":"/api/v2/campaign","method":"GET","has_auth_header":true,"auth_header_preview":"Bearer 176|tvOdAVPlpdhBhLoAtuW...","is_bearer":true} 
[2026-05-23 06:10:11] local.INFO: Extracted bearer token {"token_preview":"176|tvOdAV...","token_length":52} 
[2026-05-23 06:10:11] local.INFO: Found personal access token {"token_id":176,"user_id":76,"revoked":null} 
[2026-05-23 06:10:11] local.INFO: User authenticated via bearer token {"user_id":76,"user_email":"freelancezahedtesting@gmail.com"} 
[2026-05-23 06:10:11] local.INFO: Returning campaigns for user {"user_id":76,"campaign_count":0,"statuses":[]} 
[2026-05-23 06:10:41] local.INFO: ParseBearerToken middleware invoked {"path":"/api/v2/campaign","method":"GET","has_auth_header":true,"auth_header_preview":"Bearer 176|tvOdAVPlpdhBhLoAtuW...","is_bearer":true} 
[2026-05-23 06:10:41] local.INFO: Extracted bearer token {"token_preview":"176|tvOdAV...","token_length":52} 
[2026-05-23 06:10:41] local.INFO: Found personal access token {"token_id":176,"user_id":76,"revoked":null} 
[2026-05-23 06:10:41] local.INFO: User authenticated via bearer token {"user_id":76,"user_email":"freelancezahedtesting@gmail.com"} 
[2026-05-23 06:10:41] local.INFO: Returning campaigns for user {"user_id":76,"campaign_count":0,"statuses":[]} 
[2026-05-23 06:11:11] local.INFO: ParseBearerToken middleware invoked {"path":"/api/v2/campaign","method":"GET","has_auth_header":true,"auth_header_preview":"Bearer 176|tvOdAVPlpdhBhLoAtuW...","is_bearer":true} 
[2026-05-23 06:11:11] local.INFO: Extracted bearer token {"token_preview":"176|tvOdAV...","token_length":52} 
[2026-05-23 06:11:11] local.INFO: Found personal access token {"token_id":176,"user_id":76,"revoked":null} 
[2026-05-23 06:11:11] local.INFO: User authenticated via bearer token {"user_id":76,"user_email":"freelancezahedtesting@gmail.com"} 
[2026-05-23 06:11:11] local.INFO: Returning campaigns for user {"user_id":76,"campaign_count":0,"statuses":[]} 
[2026-05-23 06:11:41] local.INFO: ParseBearerToken middleware invoked {"path":"/api/v2/campaign","method":"GET","has_auth_header":true,"auth_header_preview":"Bearer 176|tvOdAVPlpdhBhLoAtuW...","is_bearer":true} 
[2026-05-23 06:11:41] local.INFO: Extracted bearer token {"token_preview":"176|tvOdAV...","token_length":52} 
[2026-05-23 06:11:41] local.INFO: Found personal access token {"token_id":176,"user_id":76,"revoked":null} 
[2026-05-23 06:11:41] local.INFO: User authenticated via bearer token {"user_id":76,"user_email":"freelancezahedtesting@gmail.com"} 
[2026-05-23 06:11:41] local.INFO: Returning campaigns for user {"user_id":76,"campaign_count":0,"statuses":[]} 
[2026-05-23 06:12:11] local.INFO: ParseBearerToken middleware invoked {"path":"/api/v2/campaign","method":"GET","has_auth_header":true,"auth_header_preview":"Bearer 176|tvOdAVPlpdhBhLoAtuW...","is_bearer":true} 
[2026-05-23 06:12:11] local.INFO: Extracted bearer token {"token_preview":"176|tvOdAV...","token_length":52} 
[2026-05-23 06:12:11] local.INFO: Found personal access token {"token_id":176,"user_id":76,"revoked":null} 
[2026-05-23 06:12:11] local.INFO: User authenticated via bearer token {"user_id":76,"user_email":"freelancezahedtesting@gmail.com"} 
[2026-05-23 06:12:11] local.INFO: Returning campaigns for user {"user_id":76,"campaign_count":0,"statuses":[]} 
[2026-05-23 06:12:41] local.INFO: ParseBearerToken middleware invoked {"path":"/api/v2/campaign","method":"GET","has_auth_header":true,"auth_header_preview":"Bearer 176|tvOdAVPlpdhBhLoAtuW...","is_bearer":true} 
[2026-05-23 06:12:41] local.INFO: Extracted bearer token {"token_preview":"176|tvOdAV...","token_length":52} 
[2026-05-23 06:12:41] local.INFO: Found personal access token {"token_id":176,"user_id":76,"revoked":null} 
[2026-05-23 06:12:41] local.INFO: User authenticated via bearer token {"user_id":76,"user_email":"freelancezahedtesting@gmail.com"} 
[2026-05-23 06:12:41] local.INFO: Returning campaigns for user {"user_id":76,"campaign_count":0,"statuses":[]} 
[2026-05-23 06:13:11] local.INFO: ParseBearerToken middleware invoked {"path":"/api/v2/campaign","method":"GET","has_auth_header":true,"auth_header_preview":"Bearer 176|tvOdAVPlpdhBhLoAtuW...","is_bearer":true} 
[2026-05-23 06:13:11] local.INFO: Extracted bearer token {"token_preview":"176|tvOdAV...","token_length":52} 
[2026-05-23 06:13:11] local.INFO: Found personal access token {"token_id":176,"user_id":76,"revoked":null} 
[2026-05-23 06:13:11] local.INFO: User authenticated via bearer token {"user_id":76,"user_email":"freelancezahedtesting@gmail.com"} 
[2026-05-23 06:13:11] local.INFO: Returning campaigns for user {"user_id":76,"campaign_count":0,"statuses":[]} 
[2026-05-23 06:13:41] local.INFO: ParseBearerToken middleware invoked {"path":"/api/v2/campaign","method":"GET","has_auth_header":true,"auth_header_preview":"Bearer 176|tvOdAVPlpdhBhLoAtuW...","is_bearer":true} 
[2026-05-23 06:13:41] local.INFO: Extracted bearer token {"token_preview":"176|tvOdAV...","token_length":52} 
[2026-05-23 06:13:41] local.INFO: Found personal access token {"token_id":176,"user_id":76,"revoked":null} 
[2026-05-23 06:13:41] local.INFO: User authenticated via bearer token {"user_id":76,"user_email":"freelancezahedtesting@gmail.com"} 
[2026-05-23 06:13:41] local.INFO: Returning campaigns for user {"user_id":76,"campaign_count":0,"statuses":[]} 
[2026-05-23 06:14:11] local.INFO: ParseBearerToken middleware invoked {"path":"/api/v2/campaign","method":"GET","has_auth_header":true,"auth_header_preview":"Bearer 176|tvOdAVPlpdhBhLoAtuW...","is_bearer":true} 
[2026-05-23 06:14:11] local.INFO: Extracted bearer token {"token_preview":"176|tvOdAV...","token_length":52} 
[2026-05-23 06:14:11] local.INFO: Found personal access token {"token_id":176,"user_id":76,"revoked":null} 
[2026-05-23 06:14:11] local.INFO: User authenticated via bearer token {"user_id":76,"user_email":"freelancezahedtesting@gmail.com"} 
[2026-05-23 06:14:11] local.INFO: Returning campaigns for user {"user_id":76,"campaign_count":0,"statuses":[]} 
[2026-05-23 06:14:41] local.INFO: ParseBearerToken middleware invoked {"path":"/api/v2/campaign","method":"GET","has_auth_header":true,"auth_header_preview":"Bearer 176|tvOdAVPlpdhBhLoAtuW...","is_bearer":true} 
[2026-05-23 06:14:41] local.INFO: Extracted bearer token {"token_preview":"176|tvOdAV...","token_length":52} 
[2026-05-23 06:14:41] local.INFO: Found personal access token {"token_id":176,"user_id":76,"revoked":null} 
[2026-05-23 06:14:41] local.INFO: User authenticated via bearer token {"user_id":76,"user_email":"freelancezahedtesting@gmail.com"} 
[2026-05-23 06:14:41] local.INFO: Returning campaigns for user {"user_id":76,"campaign_count":0,"statuses":[]} 
[2026-05-23 06:15:11] local.INFO: ParseBearerToken middleware invoked {"path":"/api/v2/campaign","method":"GET","has_auth_header":true,"auth_header_preview":"Bearer 176|tvOdAVPlpdhBhLoAtuW...","is_bearer":true} 
[2026-05-23 06:15:11] local.INFO: Extracted bearer token {"token_preview":"176|tvOdAV...","token_length":52} 
[2026-05-23 06:15:11] local.INFO: Found personal access token {"token_id":176,"user_id":76,"revoked":null} 
[2026-05-23 06:15:11] local.INFO: User authenticated via bearer token {"user_id":76,"user_email":"freelancezahedtesting@gmail.com"} 
[2026-05-23 06:15:11] local.INFO: Returning campaigns for user {"user_id":76,"campaign_count":0,"statuses":[]} 
[2026-05-23 06:15:40] local.INFO: ParseBearerToken middleware invoked {"path":"/api/v2/campaign","method":"GET","has_auth_header":true,"auth_header_preview":"Bearer 176|tvOdAVPlpdhBhLoAtuW...","is_bearer":true} 
[2026-05-23 06:15:41] local.INFO: Extracted bearer token {"token_preview":"176|tvOdAV...","token_length":52} 
[2026-05-23 06:15:41] local.INFO: Found personal access token {"token_id":176,"user_id":76,"revoked":null} 
[2026-05-23 06:15:41] local.INFO: User authenticated via bearer token {"user_id":76,"user_email":"freelancezahedtesting@gmail.com"} 
[2026-05-23 06:15:41] local.INFO: Returning campaigns for user {"user_id":76,"campaign_count":0,"statuses":[]} 
[2026-05-23 06:16:11] local.INFO: ParseBearerToken middleware invoked {"path":"/api/v2/campaign","method":"GET","has_auth_header":true,"auth_header_preview":"Bearer 176|tvOdAVPlpdhBhLoAtuW...","is_bearer":true} 
[2026-05-23 06:16:11] local.INFO: Extracted bearer token {"token_preview":"176|tvOdAV...","token_length":52} 
[2026-05-23 06:16:11] local.INFO: Found personal access token {"token_id":176,"user_id":76,"revoked":null} 
[2026-05-23 06:16:11] local.INFO: User authenticated via bearer token {"user_id":76,"user_email":"freelancezahedtesting@gmail.com"} 
[2026-05-23 06:16:11] local.INFO: Returning campaigns for user {"user_id":76,"campaign_count":0,"statuses":[]} 
[2026-05-23 06:16:41] local.INFO: ParseBearerToken middleware invoked {"path":"/api/v2/campaign","method":"GET","has_auth_header":true,"auth_header_preview":"Bearer 176|tvOdAVPlpdhBhLoAtuW...","is_bearer":true} 
[2026-05-23 06:16:41] local.INFO: Extracted bearer token {"token_preview":"176|tvOdAV...","token_length":52} 
[2026-05-23 06:16:41] local.INFO: Found personal access token {"token_id":176,"user_id":76,"revoked":null} 
[2026-05-23 06:16:41] local.INFO: User authenticated via bearer token {"user_id":76,"user_email":"freelancezahedtesting@gmail.com"} 
[2026-05-23 06:16:41] local.INFO: Returning campaigns for user {"user_id":76,"campaign_count":0,"statuses":[]} 
[2026-05-23 06:17:11] local.INFO: ParseBearerToken middleware invoked {"path":"/api/v2/campaign","method":"GET","has_auth_header":true,"auth_header_preview":"Bearer 176|tvOdAVPlpdhBhLoAtuW...","is_bearer":true} 
[2026-05-23 06:17:11] local.INFO: Extracted bearer token {"token_preview":"176|tvOdAV...","token_length":52} 
[2026-05-23 06:17:11] local.INFO: Found personal access token {"token_id":176,"user_id":76,"revoked":null} 
[2026-05-23 06:17:11] local.INFO: User authenticated via bearer token {"user_id":76,"user_email":"freelancezahedtesting@gmail.com"} 
[2026-05-23 06:17:11] local.INFO: Returning campaigns for user {"user_id":76,"campaign_count":0,"statuses":[]} 
[2026-05-23 06:17:40] local.INFO: ParseBearerToken middleware invoked {"path":"/api/v2/campaign","method":"GET","has_auth_header":true,"auth_header_preview":"Bearer 176|tvOdAVPlpdhBhLoAtuW...","is_bearer":true} 
[2026-05-23 06:17:40] local.INFO: Extracted bearer token {"token_preview":"176|tvOdAV...","token_length":52} 
[2026-05-23 06:17:40] local.INFO: Found personal access token {"token_id":176,"user_id":76,"revoked":null} 
[2026-05-23 06:17:40] local.INFO: User authenticated via bearer token {"user_id":76,"user_email":"freelancezahedtesting@gmail.com"} 
[2026-05-23 06:17:41] local.INFO: Returning campaigns for user {"user_id":76,"campaign_count":0,"statuses":[]} 
[2026-05-23 06:18:10] local.INFO: ParseBearerToken middleware invoked {"path":"/api/v2/campaign","method":"GET","has_auth_header":true,"auth_header_preview":"Bearer 176|tvOdAVPlpdhBhLoAtuW...","is_bearer":true} 
[2026-05-23 06:18:10] local.INFO: Extracted bearer token {"token_preview":"176|tvOdAV...","token_length":52} 
[2026-05-23 06:18:10] local.INFO: Found personal access token {"token_id":176,"user_id":76,"revoked":null} 
[2026-05-23 06:18:10] local.INFO: User authenticated via bearer token {"user_id":76,"user_email":"freelancezahedtesting@gmail.com"} 
[2026-05-23 06:18:10] local.INFO: Returning campaigns for user {"user_id":76,"campaign_count":0,"statuses":[]} 
[2026-05-23 06:18:40] local.INFO: ParseBearerToken middleware invoked {"path":"/api/v2/campaign","method":"GET","has_auth_header":true,"auth_header_preview":"Bearer 176|tvOdAVPlpdhBhLoAtuW...","is_bearer":true} 
[2026-05-23 06:18:40] local.INFO: Extracted bearer token {"token_preview":"176|tvOdAV...","token_length":52} 
[2026-05-23 06:18:40] local.INFO: Found personal access token {"token_id":176,"user_id":76,"revoked":null} 
[2026-05-23 06:18:40] local.INFO: User authenticated via bearer token {"user_id":76,"user_email":"freelancezahedtesting@gmail.com"} 
[2026-05-23 06:18:40] local.INFO: Returning campaigns for user {"user_id":76,"campaign_count":0,"statuses":[]} 
[2026-05-23 06:19:11] local.INFO: ParseBearerToken middleware invoked {"path":"/api/v2/campaign","method":"GET","has_auth_header":true,"auth_header_preview":"Bearer 176|tvOdAVPlpdhBhLoAtuW...","is_bearer":true} 
[2026-05-23 06:19:11] local.INFO: Extracted bearer token {"token_preview":"176|tvOdAV...","token_length":52} 
[2026-05-23 06:19:11] local.INFO: Found personal access token {"token_id":176,"user_id":76,"revoked":null} 
[2026-05-23 06:19:11] local.INFO: User authenticated via bearer token {"user_id":76,"user_email":"freelancezahedtesting@gmail.com"} 
[2026-05-23 06:19:11] local.INFO: Returning campaigns for user {"user_id":76,"campaign_count":0,"statuses":[]} 
[2026-05-23 06:19:41] local.INFO: ParseBearerToken middleware invoked {"path":"/api/v2/campaign","method":"GET","has_auth_header":true,"auth_header_preview":"Bearer 176|tvOdAVPlpdhBhLoAtuW...","is_bearer":true} 
[2026-05-23 06:19:41] local.INFO: Extracted bearer token {"token_preview":"176|tvOdAV...","token_length":52} 
[2026-05-23 06:19:41] local.INFO: Found personal access token {"token_id":176,"user_id":76,"revoked":null} 
[2026-05-23 06:19:41] local.INFO: User authenticated via bearer token {"user_id":76,"user_email":"freelancezahedtesting@gmail.com"} 
[2026-05-23 06:19:41] local.INFO: Returning campaigns for user {"user_id":76,"campaign_count":0,"statuses":[]} 
[2026-05-23 06:20:11] local.INFO: ParseBearerToken middleware invoked {"path":"/api/v2/campaign","method":"GET","has_auth_header":true,"auth_header_preview":"Bearer 176|tvOdAVPlpdhBhLoAtuW...","is_bearer":true} 
[2026-05-23 06:20:11] local.INFO: Extracted bearer token {"token_preview":"176|tvOdAV...","token_length":52} 
[2026-05-23 06:20:11] local.INFO: Found personal access token {"token_id":176,"user_id":76,"revoked":null} 
[2026-05-23 06:20:11] local.INFO: User authenticated via bearer token {"user_id":76,"user_email":"freelancezahedtesting@gmail.com"} 
[2026-05-23 06:20:11] local.INFO: Returning campaigns for user {"user_id":76,"campaign_count":0,"statuses":[]} 
[2026-05-23 06:20:40] local.INFO: ParseBearerToken middleware invoked {"path":"/api/v2/campaign","method":"GET","has_auth_header":true,"auth_header_preview":"Bearer 176|tvOdAVPlpdhBhLoAtuW...","is_bearer":true} 
[2026-05-23 06:20:40] local.INFO: Extracted bearer token {"token_preview":"176|tvOdAV...","token_length":52} 
[2026-05-23 06:20:40] local.INFO: Found personal access token {"token_id":176,"user_id":76,"revoked":null} 
[2026-05-23 06:20:40] local.INFO: User authenticated via bearer token {"user_id":76,"user_email":"freelancezahedtesting@gmail.com"} 
[2026-05-23 06:20:40] local.INFO: Returning campaigns for user {"user_id":76,"campaign_count":0,"statuses":[]} 
[2026-05-23 06:21:10] local.INFO: ParseBearerToken middleware invoked {"path":"/api/v2/campaign","method":"GET","has_auth_header":true,"auth_header_preview":"Bearer 176|tvOdAVPlpdhBhLoAtuW...","is_bearer":true} 
[2026-05-23 06:21:10] local.INFO: Extracted bearer token {"token_preview":"176|tvOdAV...","token_length":52} 
[2026-05-23 06:21:10] local.INFO: Found personal access token {"token_id":176,"user_id":76,"revoked":null} 
[2026-05-23 06:21:10] local.INFO: User authenticated via bearer token {"user_id":76,"user_email":"freelancezahedtesting@gmail.com"} 
[2026-05-23 06:21:10] local.INFO: Returning campaigns for user {"user_id":76,"campaign_count":0,"statuses":[]} 
[2026-05-23 06:21:41] local.INFO: ParseBearerToken middleware invoked {"path":"/api/v2/campaign","method":"GET","has_auth_header":true,"auth_header_preview":"Bearer 176|tvOdAVPlpdhBhLoAtuW...","is_bearer":true} 
[2026-05-23 06:21:41] local.INFO: Extracted bearer token {"token_preview":"176|tvOdAV...","token_length":52} 
[2026-05-23 06:21:41] local.INFO: Found personal access token {"token_id":176,"user_id":76,"revoked":null} 
[2026-05-23 06:21:41] local.INFO: User authenticated via bearer token {"user_id":76,"user_email":"freelancezahedtesting@gmail.com"} 
[2026-05-23 06:21:41] local.INFO: Returning campaigns for user {"user_id":76,"campaign_count":0,"statuses":[]} 
[2026-05-23 06:22:11] local.INFO: ParseBearerToken middleware invoked {"path":"/api/v2/campaign","method":"GET","has_auth_header":true,"auth_header_preview":"Bearer 176|tvOdAVPlpdhBhLoAtuW...","is_bearer":true} 
[2026-05-23 06:22:11] local.INFO: Extracted bearer token {"token_preview":"176|tvOdAV...","token_length":52} 
[2026-05-23 06:22:11] local.INFO: Found personal access token {"token_id":176,"user_id":76,"revoked":null} 
[2026-05-23 06:22:11] local.INFO: User authenticated via bearer token {"user_id":76,"user_email":"freelancezahedtesting@gmail.com"} 
[2026-05-23 06:22:11] local.INFO: Returning campaigns for user {"user_id":76,"campaign_count":0,"statuses":[]} 
[2026-05-23 06:22:40] local.INFO: ParseBearerToken middleware invoked {"path":"/api/v2/campaign","method":"GET","has_auth_header":true,"auth_header_preview":"Bearer 176|tvOdAVPlpdhBhLoAtuW...","is_bearer":true} 
[2026-05-23 06:22:40] local.INFO: Extracted bearer token {"token_preview":"176|tvOdAV...","token_length":52} 
[2026-05-23 06:22:40] local.INFO: Found personal access token {"token_id":176,"user_id":76,"revoked":null} 
[2026-05-23 06:22:40] local.INFO: User authenticated via bearer token {"user_id":76,"user_email":"freelancezahedtesting@gmail.com"} 
[2026-05-23 06:22:40] local.INFO: Returning campaigns for user {"user_id":76,"campaign_count":0,"statuses":[]} 
[2026-05-23 06:23:10] local.INFO: ParseBearerToken middleware invoked {"path":"/api/v2/campaign","method":"GET","has_auth_header":true,"auth_header_preview":"Bearer 176|tvOdAVPlpdhBhLoAtuW...","is_bearer":true} 
[2026-05-23 06:23:10] local.INFO: Extracted bearer token {"token_preview":"176|tvOdAV...","token_length":52} 
[2026-05-23 06:23:10] local.INFO: Found personal access token {"token_id":176,"user_id":76,"revoked":null} 
[2026-05-23 06:23:10] local.INFO: User authenticated via bearer token {"user_id":76,"user_email":"freelancezahedtesting@gmail.com"} 
[2026-05-23 06:23:10] local.INFO: Returning campaigns for user {"user_id":76,"campaign_count":0,"statuses":[]} 
[2026-05-23 06:23:41] local.INFO: ParseBearerToken middleware invoked {"path":"/api/v2/campaign","method":"GET","has_auth_header":true,"auth_header_preview":"Bearer 176|tvOdAVPlpdhBhLoAtuW...","is_bearer":true} 
[2026-05-23 06:23:41] local.INFO: Extracted bearer token {"token_preview":"176|tvOdAV...","token_length":52} 
[2026-05-23 06:23:41] local.INFO: Found personal access token {"token_id":176,"user_id":76,"revoked":null} 
[2026-05-23 06:23:41] local.INFO: User authenticated via bearer token {"user_id":76,"user_email":"freelancezahedtesting@gmail.com"} 
[2026-05-23 06:23:41] local.INFO: Returning campaigns for user {"user_id":76,"campaign_count":0,"statuses":[]} 
[2026-05-23 06:24:11] local.INFO: ParseBearerToken middleware invoked {"path":"/api/v2/campaign","method":"GET","has_auth_header":true,"auth_header_preview":"Bearer 176|tvOdAVPlpdhBhLoAtuW...","is_bearer":true} 
[2026-05-23 06:24:11] local.INFO: Extracted bearer token {"token_preview":"176|tvOdAV...","token_length":52} 
[2026-05-23 06:24:11] local.INFO: Found personal access token {"token_id":176,"user_id":76,"revoked":null} 
[2026-05-23 06:24:11] local.INFO: User authenticated via bearer token {"user_id":76,"user_email":"freelancezahedtesting@gmail.com"} 
[2026-05-23 06:24:11] local.INFO: Returning campaigns for user {"user_id":76,"campaign_count":0,"statuses":[]} 
[2026-05-23 06:24:40] local.INFO: ParseBearerToken middleware invoked {"path":"/api/v2/campaign","method":"GET","has_auth_header":true,"auth_header_preview":"Bearer 176|tvOdAVPlpdhBhLoAtuW...","is_bearer":true} 
[2026-05-23 06:24:40] local.INFO: Extracted bearer token {"token_preview":"176|tvOdAV...","token_length":52} 
[2026-05-23 06:24:40] local.INFO: Found personal access token {"token_id":176,"user_id":76,"revoked":null} 
[2026-05-23 06:24:40] local.INFO: User authenticated via bearer token {"user_id":76,"user_email":"freelancezahedtesting@gmail.com"} 
[2026-05-23 06:24:40] local.INFO: Returning campaigns for user {"user_id":76,"campaign_count":0,"statuses":[]} 
[2026-05-23 06:25:10] local.INFO: ParseBearerToken middleware invoked {"path":"/api/v2/campaign","method":"GET","has_auth_header":true,"auth_header_preview":"Bearer 176|tvOdAVPlpdhBhLoAtuW...","is_bearer":true} 
[2026-05-23 06:25:10] local.INFO: Extracted bearer token {"token_preview":"176|tvOdAV...","token_length":52} 
[2026-05-23 06:25:10] local.INFO: Found personal access token {"token_id":176,"user_id":76,"revoked":null} 
[2026-05-23 06:25:10] local.INFO: User authenticated via bearer token {"user_id":76,"user_email":"freelancezahedtesting@gmail.com"} 
[2026-05-23 06:25:10] local.INFO: Returning campaigns for user {"user_id":76,"campaign_count":0,"statuses":[]} 
[2026-05-23 06:25:41] local.INFO: ParseBearerToken middleware invoked {"path":"/api/v2/campaign","method":"GET","has_auth_header":true,"auth_header_preview":"Bearer 176|tvOdAVPlpdhBhLoAtuW...","is_bearer":true} 
[2026-05-23 06:25:41] local.INFO: Extracted bearer token {"token_preview":"176|tvOdAV...","token_length":52} 
[2026-05-23 06:25:41] local.INFO: Found personal access token {"token_id":176,"user_id":76,"revoked":null} 
[2026-05-23 06:25:41] local.INFO: User authenticated via bearer token {"user_id":76,"user_email":"freelancezahedtesting@gmail.com"} 
[2026-05-23 06:25:41] local.INFO: Returning campaigns for user {"user_id":76,"campaign_count":0,"statuses":[]} 
[2026-05-23 06:26:11] local.INFO: ParseBearerToken middleware invoked {"path":"/api/v2/campaign","method":"GET","has_auth_header":true,"auth_header_preview":"Bearer 176|tvOdAVPlpdhBhLoAtuW...","is_bearer":true} 
[2026-05-23 06:26:11] local.INFO: Extracted bearer token {"token_preview":"176|tvOdAV...","token_length":52} 
[2026-05-23 06:26:11] local.INFO: Found personal access token {"token_id":176,"user_id":76,"revoked":null} 
[2026-05-23 06:26:11] local.INFO: User authenticated via bearer token {"user_id":76,"user_email":"freelancezahedtesting@gmail.com"} 
[2026-05-23 06:26:11] local.INFO: Returning campaigns for user {"user_id":76,"campaign_count":0,"statuses":[]} 
[2026-05-23 06:26:41] local.INFO: ParseBearerToken middleware invoked {"path":"/api/v2/campaign","method":"GET","has_auth_header":true,"auth_header_preview":"Bearer 176|tvOdAVPlpdhBhLoAtuW...","is_bearer":true} 
[2026-05-23 06:26:41] local.INFO: Extracted bearer token {"token_preview":"176|tvOdAV...","token_length":52} 
[2026-05-23 06:26:41] local.INFO: Found personal access token {"token_id":176,"user_id":76,"revoked":null} 
[2026-05-23 06:26:41] local.INFO: User authenticated via bearer token {"user_id":76,"user_email":"freelancezahedtesting@gmail.com"} 
[2026-05-23 06:26:41] local.INFO: Returning campaigns for user {"user_id":76,"campaign_count":0,"statuses":[]} 
[2026-05-23 06:27:11] local.INFO: ParseBearerToken middleware invoked {"path":"/api/v2/campaign","method":"GET","has_auth_header":true,"auth_header_preview":"Bearer 176|tvOdAVPlpdhBhLoAtuW...","is_bearer":true} 
[2026-05-23 06:27:11] local.INFO: Extracted bearer token {"token_preview":"176|tvOdAV...","token_length":52} 
[2026-05-23 06:27:11] local.INFO: Found personal access token {"token_id":176,"user_id":76,"revoked":null} 
[2026-05-23 06:27:11] local.INFO: User authenticated via bearer token {"user_id":76,"user_email":"freelancezahedtesting@gmail.com"} 
[2026-05-23 06:27:11] local.INFO: Returning campaigns for user {"user_id":76,"campaign_count":0,"statuses":[]} 
[2026-05-23 06:27:41] local.INFO: ParseBearerToken middleware invoked {"path":"/api/v2/campaign","method":"GET","has_auth_header":true,"auth_header_preview":"Bearer 176|tvOdAVPlpdhBhLoAtuW...","is_bearer":true} 
[2026-05-23 06:27:41] local.INFO: Extracted bearer token {"token_preview":"176|tvOdAV...","token_length":52} 
[2026-05-23 06:27:41] local.INFO: Found personal access token {"token_id":176,"user_id":76,"revoked":null} 
[2026-05-23 06:27:41] local.INFO: User authenticated via bearer token {"user_id":76,"user_email":"freelancezahedtesting@gmail.com"} 
[2026-05-23 06:27:41] local.INFO: Returning campaigns for user {"user_id":76,"campaign_count":0,"statuses":[]} 
[2026-05-23 06:28:10] local.INFO: ParseBearerToken middleware invoked {"path":"/api/v2/campaign","method":"GET","has_auth_header":true,"auth_header_preview":"Bearer 176|tvOdAVPlpdhBhLoAtuW...","is_bearer":true} 
[2026-05-23 06:28:10] local.INFO: Extracted bearer token {"token_preview":"176|tvOdAV...","token_length":52} 
[2026-05-23 06:28:10] local.INFO: Found personal access token {"token_id":176,"user_id":76,"revoked":null} 
[2026-05-23 06:28:10] local.INFO: User authenticated via bearer token {"user_id":76,"user_email":"freelancezahedtesting@gmail.com"} 
[2026-05-23 06:28:11] local.INFO: Returning campaigns for user {"user_id":76,"campaign_count":0,"statuses":[]} 
[2026-05-23 06:28:40] local.INFO: ParseBearerToken middleware invoked {"path":"/api/v2/campaign","method":"GET","has_auth_header":true,"auth_header_preview":"Bearer 176|tvOdAVPlpdhBhLoAtuW...","is_bearer":true} 
[2026-05-23 06:28:40] local.INFO: Extracted bearer token {"token_preview":"176|tvOdAV...","token_length":52} 
[2026-05-23 06:28:40] local.INFO: Found personal access token {"token_id":176,"user_id":76,"revoked":null} 
[2026-05-23 06:28:40] local.INFO: User authenticated via bearer token {"user_id":76,"user_email":"freelancezahedtesting@gmail.com"} 
[2026-05-23 06:28:40] local.INFO: Returning campaigns for user {"user_id":76,"campaign_count":0,"statuses":[]} 
[2026-05-23 06:29:11] local.INFO: ParseBearerToken middleware invoked {"path":"/api/v2/campaign","method":"GET","has_auth_header":true,"auth_header_preview":"Bearer 176|tvOdAVPlpdhBhLoAtuW...","is_bearer":true} 
[2026-05-23 06:29:11] local.INFO: Extracted bearer token {"token_preview":"176|tvOdAV...","token_length":52} 
[2026-05-23 06:29:11] local.INFO: Found personal access token {"token_id":176,"user_id":76,"revoked":null} 
[2026-05-23 06:29:11] local.INFO: User authenticated via bearer token {"user_id":76,"user_email":"freelancezahedtesting@gmail.com"} 
[2026-05-23 06:29:11] local.INFO: Returning campaigns for user {"user_id":76,"campaign_count":0,"statuses":[]} 
[2026-05-23 06:29:41] local.INFO: ParseBearerToken middleware invoked {"path":"/api/v2/campaign","method":"GET","has_auth_header":true,"auth_header_preview":"Bearer 176|tvOdAVPlpdhBhLoAtuW...","is_bearer":true} 
[2026-05-23 06:29:41] local.INFO: Extracted bearer token {"token_preview":"176|tvOdAV...","token_length":52} 
[2026-05-23 06:29:41] local.INFO: Found personal access token {"token_id":176,"user_id":76,"revoked":null} 
[2026-05-23 06:29:41] local.INFO: User authenticated via bearer token {"user_id":76,"user_email":"freelancezahedtesting@gmail.com"} 
[2026-05-23 06:29:41] local.INFO: Returning campaigns for user {"user_id":76,"campaign_count":0,"statuses":[]} 
[2026-05-23 06:30:11] local.INFO: ParseBearerToken middleware invoked {"path":"/api/v2/campaign","method":"GET","has_auth_header":true,"auth_header_preview":"Bearer 176|tvOdAVPlpdhBhLoAtuW...","is_bearer":true} 
[2026-05-23 06:30:11] local.INFO: Extracted bearer token {"token_preview":"176|tvOdAV...","token_length":52} 
[2026-05-23 06:30:11] local.INFO: Found personal access token {"token_id":176,"user_id":76,"revoked":null} 
[2026-05-23 06:30:11] local.INFO: User authenticated via bearer token {"user_id":76,"user_email":"freelancezahedtesting@gmail.com"} 
[2026-05-23 06:30:11] local.INFO: Returning campaigns for user {"user_id":76,"campaign_count":0,"statuses":[]} 
[2026-05-23 06:30:41] local.INFO: ParseBearerToken middleware invoked {"path":"/api/v2/campaign","method":"GET","has_auth_header":true,"auth_header_preview":"Bearer 176|tvOdAVPlpdhBhLoAtuW...","is_bearer":true} 
[2026-05-23 06:30:41] local.INFO: Extracted bearer token {"token_preview":"176|tvOdAV...","token_length":52} 
[2026-05-23 06:30:41] local.INFO: Found personal access token {"token_id":176,"user_id":76,"revoked":null} 
[2026-05-23 06:30:41] local.INFO: User authenticated via bearer token {"user_id":76,"user_email":"freelancezahedtesting@gmail.com"} 
[2026-05-23 06:30:41] local.INFO: Returning campaigns for user {"user_id":76,"campaign_count":0,"statuses":[]} 
[2026-05-23 06:31:11] local.INFO: ParseBearerToken middleware invoked {"path":"/api/v2/campaign","method":"GET","has_auth_header":true,"auth_header_preview":"Bearer 176|tvOdAVPlpdhBhLoAtuW...","is_bearer":true} 
[2026-05-23 06:31:11] local.INFO: Extracted bearer token {"token_preview":"176|tvOdAV...","token_length":52} 
[2026-05-23 06:31:11] local.INFO: Found personal access token {"token_id":176,"user_id":76,"revoked":null} 
[2026-05-23 06:31:11] local.INFO: User authenticated via bearer token {"user_id":76,"user_email":"freelancezahedtesting@gmail.com"} 
[2026-05-23 06:31:11] local.INFO: Returning campaigns for user {"user_id":76,"campaign_count":0,"statuses":[]} 
[2026-05-23 06:31:41] local.INFO: ParseBearerToken middleware invoked {"path":"/api/v2/campaign","method":"GET","has_auth_header":true,"auth_header_preview":"Bearer 176|tvOdAVPlpdhBhLoAtuW...","is_bearer":true} 
[2026-05-23 06:31:41] local.INFO: Extracted bearer token {"token_preview":"176|tvOdAV...","token_length":52} 
[2026-05-23 06:31:41] local.INFO: Found personal access token {"token_id":176,"user_id":76,"revoked":null} 
[2026-05-23 06:31:41] local.INFO: User authenticated via bearer token {"user_id":76,"user_email":"freelancezahedtesting@gmail.com"} 
[2026-05-23 06:31:41] local.INFO: Returning campaigns for user {"user_id":76,"campaign_count":0,"statuses":[]} 
[2026-05-23 06:32:10] local.INFO: ParseBearerToken middleware invoked {"path":"/api/v2/campaign","method":"GET","has_auth_header":true,"auth_header_preview":"Bearer 176|tvOdAVPlpdhBhLoAtuW...","is_bearer":true} 
[2026-05-23 06:32:10] local.INFO: Extracted bearer token {"token_preview":"176|tvOdAV...","token_length":52} 
[2026-05-23 06:32:10] local.INFO: Found personal access token {"token_id":176,"user_id":76,"revoked":null} 
[2026-05-23 06:32:10] local.INFO: User authenticated via bearer token {"user_id":76,"user_email":"freelancezahedtesting@gmail.com"} 
[2026-05-23 06:32:10] local.INFO: Returning campaigns for user {"user_id":76,"campaign_count":0,"statuses":[]} 
[2026-05-23 06:32:41] local.INFO: ParseBearerToken middleware invoked {"path":"/api/v2/campaign","method":"GET","has_auth_header":true,"auth_header_preview":"Bearer 176|tvOdAVPlpdhBhLoAtuW...","is_bearer":true} 
[2026-05-23 06:32:41] local.INFO: Extracted bearer token {"token_preview":"176|tvOdAV...","token_length":52} 
[2026-05-23 06:32:41] local.INFO: Found personal access token {"token_id":176,"user_id":76,"revoked":null} 
[2026-05-23 06:32:41] local.INFO: User authenticated via bearer token {"user_id":76,"user_email":"freelancezahedtesting@gmail.com"} 
[2026-05-23 06:32:41] local.INFO: Returning campaigns for user {"user_id":76,"campaign_count":0,"statuses":[]} 
[2026-05-23 06:33:11] local.INFO: ParseBearerToken middleware invoked {"path":"/api/v2/campaign","method":"GET","has_auth_header":true,"auth_header_preview":"Bearer 176|tvOdAVPlpdhBhLoAtuW...","is_bearer":true} 
[2026-05-23 06:33:11] local.INFO: Extracted bearer token {"token_preview":"176|tvOdAV...","token_length":52} 
[2026-05-23 06:33:11] local.INFO: Found personal access token {"token_id":176,"user_id":76,"revoked":null} 
[2026-05-23 06:33:11] local.INFO: User authenticated via bearer token {"user_id":76,"user_email":"freelancezahedtesting@gmail.com"} 
[2026-05-23 06:33:11] local.INFO: Returning campaigns for user {"user_id":76,"campaign_count":0,"statuses":[]} 
[2026-05-23 06:33:41] local.INFO: ParseBearerToken middleware invoked {"path":"/api/v2/campaign","method":"GET","has_auth_header":true,"auth_header_preview":"Bearer 176|tvOdAVPlpdhBhLoAtuW...","is_bearer":true} 
[2026-05-23 06:33:41] local.INFO: Extracted bearer token {"token_preview":"176|tvOdAV...","token_length":52} 
[2026-05-23 06:33:41] local.INFO: Found personal access token {"token_id":176,"user_id":76,"revoked":null} 
[2026-05-23 06:33:41] local.INFO: User authenticated via bearer token {"user_id":76,"user_email":"freelancezahedtesting@gmail.com"} 
[2026-05-23 06:33:41] local.INFO: Returning campaigns for user {"user_id":76,"campaign_count":0,"statuses":[]} 
[2026-05-23 06:34:11] local.INFO: ParseBearerToken middleware invoked {"path":"/api/v2/campaign","method":"GET","has_auth_header":true,"auth_header_preview":"Bearer 176|tvOdAVPlpdhBhLoAtuW...","is_bearer":true} 
[2026-05-23 06:34:11] local.INFO: Extracted bearer token {"token_preview":"176|tvOdAV...","token_length":52} 
[2026-05-23 06:34:11] local.INFO: Found personal access token {"token_id":176,"user_id":76,"revoked":null} 
[2026-05-23 06:34:11] local.INFO: User authenticated via bearer token {"user_id":76,"user_email":"freelancezahedtesting@gmail.com"} 
[2026-05-23 06:34:11] local.INFO: Returning campaigns for user {"user_id":76,"campaign_count":0,"statuses":[]} 
[2026-05-23 06:34:41] local.INFO: ParseBearerToken middleware invoked {"path":"/api/v2/campaign","method":"GET","has_auth_header":true,"auth_header_preview":"Bearer 176|tvOdAVPlpdhBhLoAtuW...","is_bearer":true} 
[2026-05-23 06:34:41] local.INFO: Extracted bearer token {"token_preview":"176|tvOdAV...","token_length":52} 
[2026-05-23 06:34:41] local.INFO: Found personal access token {"token_id":176,"user_id":76,"revoked":null} 
[2026-05-23 06:34:41] local.INFO: User authenticated via bearer token {"user_id":76,"user_email":"freelancezahedtesting@gmail.com"} 
[2026-05-23 06:34:41] local.INFO: Returning campaigns for user {"user_id":76,"campaign_count":0,"statuses":[]} 
[2026-05-23 06:35:11] local.INFO: ParseBearerToken middleware invoked {"path":"/api/v2/campaign","method":"GET","has_auth_header":true,"auth_header_preview":"Bearer 176|tvOdAVPlpdhBhLoAtuW...","is_bearer":true} 
[2026-05-23 06:35:11] local.INFO: Extracted bearer token {"token_preview":"176|tvOdAV...","token_length":52} 
[2026-05-23 06:35:11] local.INFO: Found personal access token {"token_id":176,"user_id":76,"revoked":null} 
[2026-05-23 06:35:11] local.INFO: User authenticated via bearer token {"user_id":76,"user_email":"freelancezahedtesting@gmail.com"} 
[2026-05-23 06:35:11] local.INFO: Returning campaigns for user {"user_id":76,"campaign_count":0,"statuses":[]} 
[2026-05-23 06:35:41] local.INFO: ParseBearerToken middleware invoked {"path":"/api/v2/campaign","method":"GET","has_auth_header":true,"auth_header_preview":"Bearer 176|tvOdAVPlpdhBhLoAtuW...","is_bearer":true} 
[2026-05-23 06:35:41] local.INFO: Extracted bearer token {"token_preview":"176|tvOdAV...","token_length":52} 
[2026-05-23 06:35:41] local.INFO: Found personal access token {"token_id":176,"user_id":76,"revoked":null} 
[2026-05-23 06:35:41] local.INFO: User authenticated via bearer token {"user_id":76,"user_email":"freelancezahedtesting@gmail.com"} 
[2026-05-23 06:35:41] local.INFO: Returning campaigns for user {"user_id":76,"campaign_count":0,"statuses":[]} 
[2026-05-23 06:36:11] local.INFO: ParseBearerToken middleware invoked {"path":"/api/v2/campaign","method":"GET","has_auth_header":true,"auth_header_preview":"Bearer 176|tvOdAVPlpdhBhLoAtuW...","is_bearer":true} 
[2026-05-23 06:36:11] local.INFO: Extracted bearer token {"token_preview":"176|tvOdAV...","token_length":52} 
[2026-05-23 06:36:11] local.INFO: Found personal access token {"token_id":176,"user_id":76,"revoked":null} 
[2026-05-23 06:36:11] local.INFO: User authenticated via bearer token {"user_id":76,"user_email":"freelancezahedtesting@gmail.com"} 
[2026-05-23 06:36:11] local.INFO: Returning campaigns for user {"user_id":76,"campaign_count":0,"statuses":[]} 
[2026-05-23 06:36:41] local.INFO: ParseBearerToken middleware invoked {"path":"/api/v2/campaign","method":"GET","has_auth_header":true,"auth_header_preview":"Bearer 176|tvOdAVPlpdhBhLoAtuW...","is_bearer":true} 
[2026-05-23 06:36:41] local.INFO: Extracted bearer token {"token_preview":"176|tvOdAV...","token_length":52} 
[2026-05-23 06:36:41] local.INFO: Found personal access token {"token_id":176,"user_id":76,"revoked":null} 
[2026-05-23 06:36:41] local.INFO: User authenticated via bearer token {"user_id":76,"user_email":"freelancezahedtesting@gmail.com"} 
[2026-05-23 06:36:41] local.INFO: Returning campaigns for user {"user_id":76,"campaign_count":0,"statuses":[]} 
[2026-05-23 06:37:10] local.INFO: ParseBearerToken middleware invoked {"path":"/api/v2/campaign","method":"GET","has_auth_header":true,"auth_header_preview":"Bearer 176|tvOdAVPlpdhBhLoAtuW...","is_bearer":true} 
[2026-05-23 06:37:10] local.INFO: Extracted bearer token {"token_preview":"176|tvOdAV...","token_length":52} 
[2026-05-23 06:37:10] local.INFO: Found personal access token {"token_id":176,"user_id":76,"revoked":null} 
[2026-05-23 06:37:10] local.INFO: User authenticated via bearer token {"user_id":76,"user_email":"freelancezahedtesting@gmail.com"} 
[2026-05-23 06:37:10] local.INFO: Returning campaigns for user {"user_id":76,"campaign_count":0,"statuses":[]} 
[2026-05-23 06:37:40] local.INFO: ParseBearerToken middleware invoked {"path":"/api/v2/campaign","method":"GET","has_auth_header":true,"auth_header_preview":"Bearer 176|tvOdAVPlpdhBhLoAtuW...","is_bearer":true} 
[2026-05-23 06:37:40] local.INFO: Extracted bearer token {"token_preview":"176|tvOdAV...","token_length":52} 
[2026-05-23 06:37:40] local.INFO: Found personal access token {"token_id":176,"user_id":76,"revoked":null} 
[2026-05-23 06:37:40] local.INFO: User authenticated via bearer token {"user_id":76,"user_email":"freelancezahedtesting@gmail.com"} 
[2026-05-23 06:37:40] local.INFO: Returning campaigns for user {"user_id":76,"campaign_count":0,"statuses":[]} 
[2026-05-23 06:38:11] local.INFO: ParseBearerToken middleware invoked {"path":"/api/v2/campaign","method":"GET","has_auth_header":true,"auth_header_preview":"Bearer 176|tvOdAVPlpdhBhLoAtuW...","is_bearer":true} 
[2026-05-23 06:38:11] local.INFO: Extracted bearer token {"token_preview":"176|tvOdAV...","token_length":52} 
[2026-05-23 06:38:11] local.INFO: Found personal access token {"token_id":176,"user_id":76,"revoked":null} 
[2026-05-23 06:38:11] local.INFO: User authenticated via bearer token {"user_id":76,"user_email":"freelancezahedtesting@gmail.com"} 
[2026-05-23 06:38:11] local.INFO: Returning campaigns for user {"user_id":76,"campaign_count":0,"statuses":[]} 
[2026-05-23 06:38:41] local.INFO: ParseBearerToken middleware invoked {"path":"/api/v2/campaign","method":"GET","has_auth_header":true,"auth_header_preview":"Bearer 176|tvOdAVPlpdhBhLoAtuW...","is_bearer":true} 
[2026-05-23 06:38:41] local.INFO: Extracted bearer token {"token_preview":"176|tvOdAV...","token_length":52} 
[2026-05-23 06:38:41] local.INFO: Found personal access token {"token_id":176,"user_id":76,"revoked":null} 
[2026-05-23 06:38:41] local.INFO: User authenticated via bearer token {"user_id":76,"user_email":"freelancezahedtesting@gmail.com"} 
[2026-05-23 06:38:41] local.INFO: Returning campaigns for user {"user_id":76,"campaign_count":0,"statuses":[]} 
[2026-05-23 06:39:11] local.INFO: ParseBearerToken middleware invoked {"path":"/api/v2/campaign","method":"GET","has_auth_header":true,"auth_header_preview":"Bearer 176|tvOdAVPlpdhBhLoAtuW...","is_bearer":true} 
[2026-05-23 06:39:11] local.INFO: Extracted bearer token {"token_preview":"176|tvOdAV...","token_length":52} 
[2026-05-23 06:39:11] local.INFO: Found personal access token {"token_id":176,"user_id":76,"revoked":null} 
[2026-05-23 06:39:11] local.INFO: User authenticated via bearer token {"user_id":76,"user_email":"freelancezahedtesting@gmail.com"} 
[2026-05-23 06:39:11] local.INFO: Returning campaigns for user {"user_id":76,"campaign_count":0,"statuses":[]} 
[2026-05-23 06:39:41] local.INFO: ParseBearerToken middleware invoked {"path":"/api/v2/campaign","method":"GET","has_auth_header":true,"auth_header_preview":"Bearer 176|tvOdAVPlpdhBhLoAtuW...","is_bearer":true} 
[2026-05-23 06:39:41] local.INFO: Extracted bearer token {"token_preview":"176|tvOdAV...","token_length":52} 
[2026-05-23 06:39:41] local.INFO: Found personal access token {"token_id":176,"user_id":76,"revoked":null} 
[2026-05-23 06:39:41] local.INFO: User authenticated via bearer token {"user_id":76,"user_email":"freelancezahedtesting@gmail.com"} 
[2026-05-23 06:39:41] local.INFO: Returning campaigns for user {"user_id":76,"campaign_count":0,"statuses":[]} 
[2026-05-23 06:40:10] local.INFO: ParseBearerToken middleware invoked {"path":"/api/v2/campaign","method":"GET","has_auth_header":true,"auth_header_preview":"Bearer 176|tvOdAVPlpdhBhLoAtuW...","is_bearer":true} 
[2026-05-23 06:40:10] local.INFO: Extracted bearer token {"token_preview":"176|tvOdAV...","token_length":52} 
[2026-05-23 06:40:10] local.INFO: Found personal access token {"token_id":176,"user_id":76,"revoked":null} 
[2026-05-23 06:40:10] local.INFO: User authenticated via bearer token {"user_id":76,"user_email":"freelancezahedtesting@gmail.com"} 
[2026-05-23 06:40:10] local.INFO: Returning campaigns for user {"user_id":76,"campaign_count":0,"statuses":[]} 
[2026-05-23 06:40:40] local.INFO: ParseBearerToken middleware invoked {"path":"/api/v2/campaign","method":"GET","has_auth_header":true,"auth_header_preview":"Bearer 176|tvOdAVPlpdhBhLoAtuW...","is_bearer":true} 
[2026-05-23 06:40:40] local.INFO: Extracted bearer token {"token_preview":"176|tvOdAV...","token_length":52} 
[2026-05-23 06:40:40] local.INFO: Found personal access token {"token_id":176,"user_id":76,"revoked":null} 
[2026-05-23 06:40:41] local.INFO: User authenticated via bearer token {"user_id":76,"user_email":"freelancezahedtesting@gmail.com"} 
[2026-05-23 06:40:41] local.INFO: Returning campaigns for user {"user_id":76,"campaign_count":0,"statuses":[]} 
[2026-05-23 06:41:11] local.INFO: ParseBearerToken middleware invoked {"path":"/api/v2/campaign","method":"GET","has_auth_header":true,"auth_header_preview":"Bearer 176|tvOdAVPlpdhBhLoAtuW...","is_bearer":true} 
[2026-05-23 06:41:11] local.INFO: Extracted bearer token {"token_preview":"176|tvOdAV...","token_length":52} 
[2026-05-23 06:41:11] local.INFO: Found personal access token {"token_id":176,"user_id":76,"revoked":null} 
[2026-05-23 06:41:11] local.INFO: User authenticated via bearer token {"user_id":76,"user_email":"freelancezahedtesting@gmail.com"} 
[2026-05-23 06:41:11] local.INFO: Returning campaigns for user {"user_id":76,"campaign_count":0,"statuses":[]} 
[2026-05-23 06:41:41] local.INFO: ParseBearerToken middleware invoked {"path":"/api/v2/campaign","method":"GET","has_auth_header":true,"auth_header_preview":"Bearer 176|tvOdAVPlpdhBhLoAtuW...","is_bearer":true} 
[2026-05-23 06:41:41] local.INFO: Extracted bearer token {"token_preview":"176|tvOdAV...","token_length":52} 
[2026-05-23 06:41:41] local.INFO: Found personal access token {"token_id":176,"user_id":76,"revoked":null} 
[2026-05-23 06:41:41] local.INFO: User authenticated via bearer token {"user_id":76,"user_email":"freelancezahedtesting@gmail.com"} 
[2026-05-23 06:41:41] local.INFO: Returning campaigns for user {"user_id":76,"campaign_count":0,"statuses":[]} 
[2026-05-23 06:42:11] local.INFO: ParseBearerToken middleware invoked {"path":"/api/v2/campaign","method":"GET","has_auth_header":true,"auth_header_preview":"Bearer 176|tvOdAVPlpdhBhLoAtuW...","is_bearer":true} 
[2026-05-23 06:42:11] local.INFO: Extracted bearer token {"token_preview":"176|tvOdAV...","token_length":52} 
[2026-05-23 06:42:11] local.INFO: Found personal access token {"token_id":176,"user_id":76,"revoked":null} 
[2026-05-23 06:42:11] local.INFO: User authenticated via bearer token {"user_id":76,"user_email":"freelancezahedtesting@gmail.com"} 
[2026-05-23 06:42:11] local.INFO: Returning campaigns for user {"user_id":76,"campaign_count":0,"statuses":[]} 
[2026-05-23 06:42:41] local.INFO: ParseBearerToken middleware invoked {"path":"/api/v2/campaign","method":"GET","has_auth_header":true,"auth_header_preview":"Bearer 176|tvOdAVPlpdhBhLoAtuW...","is_bearer":true} 
[2026-05-23 06:42:41] local.INFO: Extracted bearer token {"token_preview":"176|tvOdAV...","token_length":52} 
[2026-05-23 06:42:41] local.INFO: Found personal access token {"token_id":176,"user_id":76,"revoked":null} 
[2026-05-23 06:42:41] local.INFO: User authenticated via bearer token {"user_id":76,"user_email":"freelancezahedtesting@gmail.com"} 
[2026-05-23 06:42:41] local.INFO: Returning campaigns for user {"user_id":76,"campaign_count":0,"statuses":[]} 
[2026-05-23 06:43:11] local.INFO: ParseBearerToken middleware invoked {"path":"/api/v2/campaign","method":"GET","has_auth_header":true,"auth_header_preview":"Bearer 176|tvOdAVPlpdhBhLoAtuW...","is_bearer":true} 
[2026-05-23 06:43:11] local.INFO: Extracted bearer token {"token_preview":"176|tvOdAV...","token_length":52} 
[2026-05-23 06:43:11] local.INFO: Found personal access token {"token_id":176,"user_id":76,"revoked":null} 
[2026-05-23 06:43:11] local.INFO: User authenticated via bearer token {"user_id":76,"user_email":"freelancezahedtesting@gmail.com"} 
[2026-05-23 06:43:11] local.INFO: Returning campaigns for user {"user_id":76,"campaign_count":0,"statuses":[]} 
[2026-05-23 06:43:41] local.INFO: ParseBearerToken middleware invoked {"path":"/api/v2/campaign","method":"GET","has_auth_header":true,"auth_header_preview":"Bearer 176|tvOdAVPlpdhBhLoAtuW...","is_bearer":true} 
[2026-05-23 06:43:41] local.INFO: Extracted bearer token {"token_preview":"176|tvOdAV...","token_length":52} 
[2026-05-23 06:43:41] local.INFO: Found personal access token {"token_id":176,"user_id":76,"revoked":null} 
[2026-05-23 06:43:41] local.INFO: User authenticated via bearer token {"user_id":76,"user_email":"freelancezahedtesting@gmail.com"} 
[2026-05-23 06:43:41] local.INFO: Returning campaigns for user {"user_id":76,"campaign_count":0,"statuses":[]} 
[2026-05-23 06:44:11] local.INFO: ParseBearerToken middleware invoked {"path":"/api/v2/campaign","method":"GET","has_auth_header":true,"auth_header_preview":"Bearer 176|tvOdAVPlpdhBhLoAtuW...","is_bearer":true} 
[2026-05-23 06:44:11] local.INFO: Extracted bearer token {"token_preview":"176|tvOdAV...","token_length":52} 
[2026-05-23 06:44:11] local.INFO: Found personal access token {"token_id":176,"user_id":76,"revoked":null} 
[2026-05-23 06:44:11] local.INFO: User authenticated via bearer token {"user_id":76,"user_email":"freelancezahedtesting@gmail.com"} 
[2026-05-23 06:44:11] local.INFO: Returning campaigns for user {"user_id":76,"campaign_count":0,"statuses":[]} 
[2026-05-23 06:44:41] local.INFO: ParseBearerToken middleware invoked {"path":"/api/v2/campaign","method":"GET","has_auth_header":true,"auth_header_preview":"Bearer 176|tvOdAVPlpdhBhLoAtuW...","is_bearer":true} 
[2026-05-23 06:44:41] local.INFO: Extracted bearer token {"token_preview":"176|tvOdAV...","token_length":52} 
[2026-05-23 06:44:41] local.INFO: Found personal access token {"token_id":176,"user_id":76,"revoked":null} 
[2026-05-23 06:44:41] local.INFO: User authenticated via bearer token {"user_id":76,"user_email":"freelancezahedtesting@gmail.com"} 
[2026-05-23 06:44:41] local.INFO: Returning campaigns for user {"user_id":76,"campaign_count":0,"statuses":[]} 
[2026-05-23 06:45:10] local.INFO: ParseBearerToken middleware invoked {"path":"/api/v2/campaign","method":"GET","has_auth_header":true,"auth_header_preview":"Bearer 176|tvOdAVPlpdhBhLoAtuW...","is_bearer":true} 
[2026-05-23 06:45:10] local.INFO: Extracted bearer token {"token_preview":"176|tvOdAV...","token_length":52} 
[2026-05-23 06:45:10] local.INFO: Found personal access token {"token_id":176,"user_id":76,"revoked":null} 
[2026-05-23 06:45:10] local.INFO: User authenticated via bearer token {"user_id":76,"user_email":"freelancezahedtesting@gmail.com"} 
[2026-05-23 06:45:10] local.INFO: Returning campaigns for user {"user_id":76,"campaign_count":0,"statuses":[]} 
[2026-05-23 06:45:41] local.INFO: ParseBearerToken middleware invoked {"path":"/api/v2/campaign","method":"GET","has_auth_header":true,"auth_header_preview":"Bearer 176|tvOdAVPlpdhBhLoAtuW...","is_bearer":true} 
[2026-05-23 06:45:41] local.INFO: Extracted bearer token {"token_preview":"176|tvOdAV...","token_length":52} 
[2026-05-23 06:45:41] local.INFO: Found personal access token {"token_id":176,"user_id":76,"revoked":null} 
[2026-05-23 06:45:41] local.INFO: User authenticated via bearer token {"user_id":76,"user_email":"freelancezahedtesting@gmail.com"} 
[2026-05-23 06:45:41] local.INFO: Returning campaigns for user {"user_id":76,"campaign_count":0,"statuses":[]} 
[2026-05-23 06:46:11] local.INFO: ParseBearerToken middleware invoked {"path":"/api/v2/campaign","method":"GET","has_auth_header":true,"auth_header_preview":"Bearer 176|tvOdAVPlpdhBhLoAtuW...","is_bearer":true} 
[2026-05-23 06:46:11] local.INFO: Extracted bearer token {"token_preview":"176|tvOdAV...","token_length":52} 
[2026-05-23 06:46:11] local.INFO: Found personal access token {"token_id":176,"user_id":76,"revoked":null} 
[2026-05-23 06:46:11] local.INFO: User authenticated via bearer token {"user_id":76,"user_email":"freelancezahedtesting@gmail.com"} 
[2026-05-23 06:46:11] local.INFO: Returning campaigns for user {"user_id":76,"campaign_count":0,"statuses":[]} 
[2026-05-23 06:46:41] local.INFO: ParseBearerToken middleware invoked {"path":"/api/v2/campaign","method":"GET","has_auth_header":true,"auth_header_preview":"Bearer 176|tvOdAVPlpdhBhLoAtuW...","is_bearer":true} 
[2026-05-23 06:46:41] local.INFO: Extracted bearer token {"token_preview":"176|tvOdAV...","token_length":52} 
[2026-05-23 06:46:41] local.INFO: Found personal access token {"token_id":176,"user_id":76,"revoked":null} 
[2026-05-23 06:46:41] local.INFO: User authenticated via bearer token {"user_id":76,"user_email":"freelancezahedtesting@gmail.com"} 
[2026-05-23 06:46:41] local.INFO: Returning campaigns for user {"user_id":76,"campaign_count":0,"statuses":[]} 
[2026-05-23 06:47:11] local.INFO: ParseBearerToken middleware invoked {"path":"/api/v2/campaign","method":"GET","has_auth_header":true,"auth_header_preview":"Bearer 176|tvOdAVPlpdhBhLoAtuW...","is_bearer":true} 
[2026-05-23 06:47:11] local.INFO: Extracted bearer token {"token_preview":"176|tvOdAV...","token_length":52} 
[2026-05-23 06:47:11] local.INFO: Found personal access token {"token_id":176,"user_id":76,"revoked":null} 
[2026-05-23 06:47:11] local.INFO: User authenticated via bearer token {"user_id":76,"user_email":"freelancezahedtesting@gmail.com"} 
[2026-05-23 06:47:11] local.INFO: Returning campaigns for user {"user_id":76,"campaign_count":0,"statuses":[]} 
[2026-05-23 06:47:41] local.INFO: ParseBearerToken middleware invoked {"path":"/api/v2/campaign","method":"GET","has_auth_header":true,"auth_header_preview":"Bearer 176|tvOdAVPlpdhBhLoAtuW...","is_bearer":true} 
[2026-05-23 06:47:41] local.INFO: Extracted bearer token {"token_preview":"176|tvOdAV...","token_length":52} 
[2026-05-23 06:47:41] local.INFO: Found personal access token {"token_id":176,"user_id":76,"revoked":null} 
[2026-05-23 06:47:41] local.INFO: User authenticated via bearer token {"user_id":76,"user_email":"freelancezahedtesting@gmail.com"} 
[2026-05-23 06:47:41] local.INFO: Returning campaigns for user {"user_id":76,"campaign_count":0,"statuses":[]} 
[2026-05-23 06:48:10] local.INFO: ParseBearerToken middleware invoked {"path":"/api/v2/campaign","method":"GET","has_auth_header":true,"auth_header_preview":"Bearer 176|tvOdAVPlpdhBhLoAtuW...","is_bearer":true} 
[2026-05-23 06:48:10] local.INFO: Extracted bearer token {"token_preview":"176|tvOdAV...","token_length":52} 
[2026-05-23 06:48:10] local.INFO: Found personal access token {"token_id":176,"user_id":76,"revoked":null} 
[2026-05-23 06:48:10] local.INFO: User authenticated via bearer token {"user_id":76,"user_email":"freelancezahedtesting@gmail.com"} 
[2026-05-23 06:48:10] local.INFO: Returning campaigns for user {"user_id":76,"campaign_count":0,"statuses":[]} 
[2026-05-23 06:48:41] local.INFO: ParseBearerToken middleware invoked {"path":"/api/v2/campaign","method":"GET","has_auth_header":true,"auth_header_preview":"Bearer 176|tvOdAVPlpdhBhLoAtuW...","is_bearer":true} 
[2026-05-23 06:48:41] local.INFO: Extracted bearer token {"token_preview":"176|tvOdAV...","token_length":52} 
[2026-05-23 06:48:41] local.INFO: Found personal access token {"token_id":176,"user_id":76,"revoked":null} 
[2026-05-23 06:48:41] local.INFO: User authenticated via bearer token {"user_id":76,"user_email":"freelancezahedtesting@gmail.com"} 
[2026-05-23 06:48:41] local.INFO: Returning campaigns for user {"user_id":76,"campaign_count":0,"statuses":[]} 
[2026-05-23 06:49:11] local.INFO: ParseBearerToken middleware invoked {"path":"/api/v2/campaign","method":"GET","has_auth_header":true,"auth_header_preview":"Bearer 176|tvOdAVPlpdhBhLoAtuW...","is_bearer":true} 
[2026-05-23 06:49:11] local.INFO: Extracted bearer token {"token_preview":"176|tvOdAV...","token_length":52} 
[2026-05-23 06:49:11] local.INFO: Found personal access token {"token_id":176,"user_id":76,"revoked":null} 
[2026-05-23 06:49:11] local.INFO: User authenticated via bearer token {"user_id":76,"user_email":"freelancezahedtesting@gmail.com"} 
[2026-05-23 06:49:11] local.INFO: Returning campaigns for user {"user_id":76,"campaign_count":0,"statuses":[]} 
[2026-05-23 06:49:41] local.INFO: ParseBearerToken middleware invoked {"path":"/api/v2/campaign","method":"GET","has_auth_header":true,"auth_header_preview":"Bearer 176|tvOdAVPlpdhBhLoAtuW...","is_bearer":true} 
[2026-05-23 06:49:41] local.INFO: Extracted bearer token {"token_preview":"176|tvOdAV...","token_length":52} 
[2026-05-23 06:49:41] local.INFO: Found personal access token {"token_id":176,"user_id":76,"revoked":null} 
[2026-05-23 06:49:41] local.INFO: User authenticated via bearer token {"user_id":76,"user_email":"freelancezahedtesting@gmail.com"} 
[2026-05-23 06:49:41] local.INFO: Returning campaigns for user {"user_id":76,"campaign_count":0,"statuses":[]} 
[2026-05-23 06:50:11] local.INFO: ParseBearerToken middleware invoked {"path":"/api/v2/campaign","method":"GET","has_auth_header":true,"auth_header_preview":"Bearer 176|tvOdAVPlpdhBhLoAtuW...","is_bearer":true} 
[2026-05-23 06:50:11] local.INFO: Extracted bearer token {"token_preview":"176|tvOdAV...","token_length":52} 
[2026-05-23 06:50:11] local.INFO: Found personal access token {"token_id":176,"user_id":76,"revoked":null} 
[2026-05-23 06:50:11] local.INFO: User authenticated via bearer token {"user_id":76,"user_email":"freelancezahedtesting@gmail.com"} 
[2026-05-23 06:50:11] local.INFO: Returning campaigns for user {"user_id":76,"campaign_count":0,"statuses":[]} 
[2026-05-23 06:50:41] local.INFO: ParseBearerToken middleware invoked {"path":"/api/v2/campaign","method":"GET","has_auth_header":true,"auth_header_preview":"Bearer 176|tvOdAVPlpdhBhLoAtuW...","is_bearer":true} 
[2026-05-23 06:50:41] local.INFO: Extracted bearer token {"token_preview":"176|tvOdAV...","token_length":52} 
[2026-05-23 06:50:41] local.INFO: Found personal access token {"token_id":176,"user_id":76,"revoked":null} 
[2026-05-23 06:50:41] local.INFO: User authenticated via bearer token {"user_id":76,"user_email":"freelancezahedtesting@gmail.com"} 
[2026-05-23 06:50:41] local.INFO: Returning campaigns for user {"user_id":76,"campaign_count":0,"statuses":[]} 
[2026-05-23 06:51:11] local.INFO: ParseBearerToken middleware invoked {"path":"/api/v2/campaign","method":"GET","has_auth_header":true,"auth_header_preview":"Bearer 176|tvOdAVPlpdhBhLoAtuW...","is_bearer":true} 
[2026-05-23 06:51:11] local.INFO: Extracted bearer token {"token_preview":"176|tvOdAV...","token_length":52} 
[2026-05-23 06:51:11] local.INFO: Found personal access token {"token_id":176,"user_id":76,"revoked":null} 
[2026-05-23 06:51:11] local.INFO: User authenticated via bearer token {"user_id":76,"user_email":"freelancezahedtesting@gmail.com"} 
[2026-05-23 06:51:11] local.INFO: Returning campaigns for user {"user_id":76,"campaign_count":0,"statuses":[]} 
[2026-05-23 06:51:41] local.INFO: ParseBearerToken middleware invoked {"path":"/api/v2/campaign","method":"GET","has_auth_header":true,"auth_header_preview":"Bearer 176|tvOdAVPlpdhBhLoAtuW...","is_bearer":true} 
[2026-05-23 06:51:41] local.INFO: Extracted bearer token {"token_preview":"176|tvOdAV...","token_length":52} 
[2026-05-23 06:51:41] local.INFO: Found personal access token {"token_id":176,"user_id":76,"revoked":null} 
[2026-05-23 06:51:41] local.INFO: User authenticated via bearer token {"user_id":76,"user_email":"freelancezahedtesting@gmail.com"} 
[2026-05-23 06:51:41] local.INFO: Returning campaigns for user {"user_id":76,"campaign_count":0,"statuses":[]} 
[2026-05-23 06:52:11] local.INFO: ParseBearerToken middleware invoked {"path":"/api/v2/campaign","method":"GET","has_auth_header":true,"auth_header_preview":"Bearer 176|tvOdAVPlpdhBhLoAtuW...","is_bearer":true} 
[2026-05-23 06:52:11] local.INFO: Extracted bearer token {"token_preview":"176|tvOdAV...","token_length":52} 
[2026-05-23 06:52:11] local.INFO: Found personal access token {"token_id":176,"user_id":76,"revoked":null} 
[2026-05-23 06:52:11] local.INFO: User authenticated via bearer token {"user_id":76,"user_email":"freelancezahedtesting@gmail.com"} 
[2026-05-23 06:52:11] local.INFO: Returning campaigns for user {"user_id":76,"campaign_count":0,"statuses":[]} 
[2026-05-23 06:52:40] local.INFO: ParseBearerToken middleware invoked {"path":"/api/v2/campaign","method":"GET","has_auth_header":true,"auth_header_preview":"Bearer 176|tvOdAVPlpdhBhLoAtuW...","is_bearer":true} 
[2026-05-23 06:52:40] local.INFO: Extracted bearer token {"token_preview":"176|tvOdAV...","token_length":52} 
[2026-05-23 06:52:40] local.INFO: Found personal access token {"token_id":176,"user_id":76,"revoked":null} 
[2026-05-23 06:52:40] local.INFO: User authenticated via bearer token {"user_id":76,"user_email":"freelancezahedtesting@gmail.com"} 
[2026-05-23 06:52:40] local.INFO: Returning campaigns for user {"user_id":76,"campaign_count":0,"statuses":[]} 
[2026-05-23 06:53:11] local.INFO: ParseBearerToken middleware invoked {"path":"/api/v2/campaign","method":"GET","has_auth_header":true,"auth_header_preview":"Bearer 176|tvOdAVPlpdhBhLoAtuW...","is_bearer":true} 
[2026-05-23 06:53:11] local.INFO: Extracted bearer token {"token_preview":"176|tvOdAV...","token_length":52} 
[2026-05-23 06:53:11] local.INFO: Found personal access token {"token_id":176,"user_id":76,"revoked":null} 
[2026-05-23 06:53:11] local.INFO: User authenticated via bearer token {"user_id":76,"user_email":"freelancezahedtesting@gmail.com"} 
[2026-05-23 06:53:11] local.INFO: Returning campaigns for user {"user_id":76,"campaign_count":0,"statuses":[]} 
[2026-05-23 06:53:41] local.INFO: ParseBearerToken middleware invoked {"path":"/api/v2/campaign","method":"GET","has_auth_header":true,"auth_header_preview":"Bearer 176|tvOdAVPlpdhBhLoAtuW...","is_bearer":true} 
[2026-05-23 06:53:41] local.INFO: Extracted bearer token {"token_preview":"176|tvOdAV...","token_length":52} 
[2026-05-23 06:53:41] local.INFO: Found personal access token {"token_id":176,"user_id":76,"revoked":null} 
[2026-05-23 06:53:41] local.INFO: User authenticated via bearer token {"user_id":76,"user_email":"freelancezahedtesting@gmail.com"} 
[2026-05-23 06:53:41] local.INFO: Returning campaigns for user {"user_id":76,"campaign_count":0,"statuses":[]} 
[2026-05-23 06:54:11] local.INFO: ParseBearerToken middleware invoked {"path":"/api/v2/campaign","method":"GET","has_auth_header":true,"auth_header_preview":"Bearer 176|tvOdAVPlpdhBhLoAtuW...","is_bearer":true} 
[2026-05-23 06:54:11] local.INFO: Extracted bearer token {"token_preview":"176|tvOdAV...","token_length":52} 
[2026-05-23 06:54:11] local.INFO: Found personal access token {"token_id":176,"user_id":76,"revoked":null} 
[2026-05-23 06:54:11] local.INFO: User authenticated via bearer token {"user_id":76,"user_email":"freelancezahedtesting@gmail.com"} 
[2026-05-23 06:54:11] local.INFO: Returning campaigns for user {"user_id":76,"campaign_count":0,"statuses":[]} 
[2026-05-23 06:54:41] local.INFO: ParseBearerToken middleware invoked {"path":"/api/v2/campaign","method":"GET","has_auth_header":true,"auth_header_preview":"Bearer 176|tvOdAVPlpdhBhLoAtuW...","is_bearer":true} 
[2026-05-23 06:54:41] local.INFO: Extracted bearer token {"token_preview":"176|tvOdAV...","token_length":52} 
[2026-05-23 06:54:41] local.INFO: Found personal access token {"token_id":176,"user_id":76,"revoked":null} 
[2026-05-23 06:54:41] local.INFO: User authenticated via bearer token {"user_id":76,"user_email":"freelancezahedtesting@gmail.com"} 
[2026-05-23 06:54:41] local.INFO: Returning campaigns for user {"user_id":76,"campaign_count":0,"statuses":[]} 
[2026-05-23 06:55:11] local.INFO: ParseBearerToken middleware invoked {"path":"/api/v2/campaign","method":"GET","has_auth_header":true,"auth_header_preview":"Bearer 176|tvOdAVPlpdhBhLoAtuW...","is_bearer":true} 
[2026-05-23 06:55:11] local.INFO: Extracted bearer token {"token_preview":"176|tvOdAV...","token_length":52} 
[2026-05-23 06:55:11] local.INFO: Found personal access token {"token_id":176,"user_id":76,"revoked":null} 
[2026-05-23 06:55:11] local.INFO: User authenticated via bearer token {"user_id":76,"user_email":"freelancezahedtesting@gmail.com"} 
[2026-05-23 06:55:11] local.INFO: Returning campaigns for user {"user_id":76,"campaign_count":0,"statuses":[]} 
[2026-05-23 06:55:41] local.INFO: ParseBearerToken middleware invoked {"path":"/api/v2/campaign","method":"GET","has_auth_header":true,"auth_header_preview":"Bearer 176|tvOdAVPlpdhBhLoAtuW...","is_bearer":true} 
[2026-05-23 06:55:41] local.INFO: Extracted bearer token {"token_preview":"176|tvOdAV...","token_length":52} 
[2026-05-23 06:55:41] local.INFO: Found personal access token {"token_id":176,"user_id":76,"revoked":null} 
[2026-05-23 06:55:41] local.INFO: User authenticated via bearer token {"user_id":76,"user_email":"freelancezahedtesting@gmail.com"} 
[2026-05-23 06:55:41] local.INFO: Returning campaigns for user {"user_id":76,"campaign_count":0,"statuses":[]} 
[2026-05-23 06:56:11] local.INFO: ParseBearerToken middleware invoked {"path":"/api/v2/campaign","method":"GET","has_auth_header":true,"auth_header_preview":"Bearer 176|tvOdAVPlpdhBhLoAtuW...","is_bearer":true} 
[2026-05-23 06:56:11] local.INFO: Extracted bearer token {"token_preview":"176|tvOdAV...","token_length":52} 
[2026-05-23 06:56:11] local.INFO: Found personal access token {"token_id":176,"user_id":76,"revoked":null} 
[2026-05-23 06:56:11] local.INFO: User authenticated via bearer token {"user_id":76,"user_email":"freelancezahedtesting@gmail.com"} 
[2026-05-23 06:56:11] local.INFO: Returning campaigns for user {"user_id":76,"campaign_count":0,"statuses":[]} 
[2026-05-23 06:56:41] local.INFO: ParseBearerToken middleware invoked {"path":"/api/v2/campaign","method":"GET","has_auth_header":true,"auth_header_preview":"Bearer 176|tvOdAVPlpdhBhLoAtuW...","is_bearer":true} 
[2026-05-23 06:56:41] local.INFO: Extracted bearer token {"token_preview":"176|tvOdAV...","token_length":52} 
[2026-05-23 06:56:41] local.INFO: Found personal access token {"token_id":176,"user_id":76,"revoked":null} 
[2026-05-23 06:56:41] local.INFO: User authenticated via bearer token {"user_id":76,"user_email":"freelancezahedtesting@gmail.com"} 
[2026-05-23 06:56:41] local.INFO: Returning campaigns for user {"user_id":76,"campaign_count":0,"statuses":[]} 
[2026-05-23 06:57:11] local.INFO: ParseBearerToken middleware invoked {"path":"/api/v2/campaign","method":"GET","has_auth_header":true,"auth_header_preview":"Bearer 176|tvOdAVPlpdhBhLoAtuW...","is_bearer":true} 
[2026-05-23 06:57:11] local.INFO: Extracted bearer token {"token_preview":"176|tvOdAV...","token_length":52} 
[2026-05-23 06:57:11] local.INFO: Found personal access token {"token_id":176,"user_id":76,"revoked":null} 
[2026-05-23 06:57:11] local.INFO: User authenticated via bearer token {"user_id":76,"user_email":"freelancezahedtesting@gmail.com"} 
[2026-05-23 06:57:11] local.INFO: Returning campaigns for user {"user_id":76,"campaign_count":0,"statuses":[]} 
[2026-05-23 06:57:41] local.INFO: ParseBearerToken middleware invoked {"path":"/api/v2/campaign","method":"GET","has_auth_header":true,"auth_header_preview":"Bearer 176|tvOdAVPlpdhBhLoAtuW...","is_bearer":true} 
[2026-05-23 06:57:41] local.INFO: Extracted bearer token {"token_preview":"176|tvOdAV...","token_length":52} 
[2026-05-23 06:57:41] local.INFO: Found personal access token {"token_id":176,"user_id":76,"revoked":null} 
[2026-05-23 06:57:41] local.INFO: User authenticated via bearer token {"user_id":76,"user_email":"freelancezahedtesting@gmail.com"} 
[2026-05-23 06:57:41] local.INFO: Returning campaigns for user {"user_id":76,"campaign_count":0,"statuses":[]} 
[2026-05-23 06:58:11] local.INFO: ParseBearerToken middleware invoked {"path":"/api/v2/campaign","method":"GET","has_auth_header":true,"auth_header_preview":"Bearer 176|tvOdAVPlpdhBhLoAtuW...","is_bearer":true} 
[2026-05-23 06:58:11] local.INFO: Extracted bearer token {"token_preview":"176|tvOdAV...","token_length":52} 
[2026-05-23 06:58:11] local.INFO: Found personal access token {"token_id":176,"user_id":76,"revoked":null} 
[2026-05-23 06:58:11] local.INFO: User authenticated via bearer token {"user_id":76,"user_email":"freelancezahedtesting@gmail.com"} 
[2026-05-23 06:58:11] local.INFO: Returning campaigns for user {"user_id":76,"campaign_count":0,"statuses":[]} 
[2026-05-23 06:58:41] local.INFO: ParseBearerToken middleware invoked {"path":"/api/v2/campaign","method":"GET","has_auth_header":true,"auth_header_preview":"Bearer 176|tvOdAVPlpdhBhLoAtuW...","is_bearer":true} 
[2026-05-23 06:58:41] local.INFO: Extracted bearer token {"token_preview":"176|tvOdAV...","token_length":52} 
[2026-05-23 06:58:41] local.INFO: Found personal access token {"token_id":176,"user_id":76,"revoked":null} 
[2026-05-23 06:58:41] local.INFO: User authenticated via bearer token {"user_id":76,"user_email":"freelancezahedtesting@gmail.com"} 
[2026-05-23 06:58:41] local.INFO: Returning campaigns for user {"user_id":76,"campaign_count":0,"statuses":[]} 
[2026-05-23 06:59:11] local.INFO: ParseBearerToken middleware invoked {"path":"/api/v2/campaign","method":"GET","has_auth_header":true,"auth_header_preview":"Bearer 176|tvOdAVPlpdhBhLoAtuW...","is_bearer":true} 
[2026-05-23 06:59:11] local.INFO: Extracted bearer token {"token_preview":"176|tvOdAV...","token_length":52} 
[2026-05-23 06:59:11] local.INFO: Found personal access token {"token_id":176,"user_id":76,"revoked":null} 
[2026-05-23 06:59:11] local.INFO: User authenticated via bearer token {"user_id":76,"user_email":"freelancezahedtesting@gmail.com"} 
[2026-05-23 06:59:11] local.INFO: Returning campaigns for user {"user_id":76,"campaign_count":0,"statuses":[]} 
[2026-05-23 06:59:41] local.INFO: ParseBearerToken middleware invoked {"path":"/api/v2/campaign","method":"GET","has_auth_header":true,"auth_header_preview":"Bearer 176|tvOdAVPlpdhBhLoAtuW...","is_bearer":true} 
[2026-05-23 06:59:41] local.INFO: Extracted bearer token {"token_preview":"176|tvOdAV...","token_length":52} 
[2026-05-23 06:59:41] local.INFO: Found personal access token {"token_id":176,"user_id":76,"revoked":null} 
[2026-05-23 06:59:41] local.INFO: User authenticated via bearer token {"user_id":76,"user_email":"freelancezahedtesting@gmail.com"} 
[2026-05-23 06:59:41] local.INFO: Returning campaigns for user {"user_id":76,"campaign_count":0,"statuses":[]} 
[2026-05-23 07:00:11] local.INFO: ParseBearerToken middleware invoked {"path":"/api/v2/campaign","method":"GET","has_auth_header":true,"auth_header_preview":"Bearer 176|tvOdAVPlpdhBhLoAtuW...","is_bearer":true} 
[2026-05-23 07:00:11] local.INFO: Extracted bearer token {"token_preview":"176|tvOdAV...","token_length":52} 
[2026-05-23 07:00:11] local.INFO: Found personal access token {"token_id":176,"user_id":76,"revoked":null} 
[2026-05-23 07:00:11] local.INFO: User authenticated via bearer token {"user_id":76,"user_email":"freelancezahedtesting@gmail.com"} 
[2026-05-23 07:00:11] local.INFO: Returning campaigns for user {"user_id":76,"campaign_count":0,"statuses":[]} 
[2026-05-23 07:00:41] local.INFO: ParseBearerToken middleware invoked {"path":"/api/v2/campaign","method":"GET","has_auth_header":true,"auth_header_preview":"Bearer 176|tvOdAVPlpdhBhLoAtuW...","is_bearer":true} 
[2026-05-23 07:00:41] local.INFO: Extracted bearer token {"token_preview":"176|tvOdAV...","token_length":52} 
[2026-05-23 07:00:41] local.INFO: Found personal access token {"token_id":176,"user_id":76,"revoked":null} 
[2026-05-23 07:00:41] local.INFO: User authenticated via bearer token {"user_id":76,"user_email":"freelancezahedtesting@gmail.com"} 
[2026-05-23 07:00:41] local.INFO: Returning campaigns for user {"user_id":76,"campaign_count":0,"statuses":[]} 
[2026-05-23 07:01:11] local.INFO: ParseBearerToken middleware invoked {"path":"/api/v2/campaign","method":"GET","has_auth_header":true,"auth_header_preview":"Bearer 176|tvOdAVPlpdhBhLoAtuW...","is_bearer":true} 
[2026-05-23 07:01:11] local.INFO: Extracted bearer token {"token_preview":"176|tvOdAV...","token_length":52} 
[2026-05-23 07:01:11] local.INFO: Found personal access token {"token_id":176,"user_id":76,"revoked":null} 
[2026-05-23 07:01:11] local.INFO: User authenticated via bearer token {"user_id":76,"user_email":"freelancezahedtesting@gmail.com"} 
[2026-05-23 07:01:11] local.INFO: Returning campaigns for user {"user_id":76,"campaign_count":0,"statuses":[]} 
[2026-05-23 07:01:41] local.INFO: ParseBearerToken middleware invoked {"path":"/api/v2/campaign","method":"GET","has_auth_header":true,"auth_header_preview":"Bearer 176|tvOdAVPlpdhBhLoAtuW...","is_bearer":true} 
[2026-05-23 07:01:41] local.INFO: Extracted bearer token {"token_preview":"176|tvOdAV...","token_length":52} 
[2026-05-23 07:01:41] local.INFO: Found personal access token {"token_id":176,"user_id":76,"revoked":null} 
[2026-05-23 07:01:41] local.INFO: User authenticated via bearer token {"user_id":76,"user_email":"freelancezahedtesting@gmail.com"} 
[2026-05-23 07:01:41] local.INFO: Returning campaigns for user {"user_id":76,"campaign_count":0,"statuses":[]} 
[2026-05-23 07:02:11] local.INFO: ParseBearerToken middleware invoked {"path":"/api/v2/campaign","method":"GET","has_auth_header":true,"auth_header_preview":"Bearer 176|tvOdAVPlpdhBhLoAtuW...","is_bearer":true} 
[2026-05-23 07:02:11] local.INFO: Extracted bearer token {"token_preview":"176|tvOdAV...","token_length":52} 
[2026-05-23 07:02:11] local.INFO: Found personal access token {"token_id":176,"user_id":76,"revoked":null} 
[2026-05-23 07:02:11] local.INFO: User authenticated via bearer token {"user_id":76,"user_email":"freelancezahedtesting@gmail.com"} 
[2026-05-23 07:02:11] local.INFO: Returning campaigns for user {"user_id":76,"campaign_count":0,"statuses":[]} 
[2026-05-23 07:02:41] local.INFO: ParseBearerToken middleware invoked {"path":"/api/v2/campaign","method":"GET","has_auth_header":true,"auth_header_preview":"Bearer 176|tvOdAVPlpdhBhLoAtuW...","is_bearer":true} 
[2026-05-23 07:02:41] local.INFO: Extracted bearer token {"token_preview":"176|tvOdAV...","token_length":52} 
[2026-05-23 07:02:41] local.INFO: Found personal access token {"token_id":176,"user_id":76,"revoked":null} 
[2026-05-23 07:02:41] local.INFO: User authenticated via bearer token {"user_id":76,"user_email":"freelancezahedtesting@gmail.com"} 
[2026-05-23 07:02:41] local.INFO: Returning campaigns for user {"user_id":76,"campaign_count":0,"statuses":[]} 
[2026-05-23 07:03:11] local.INFO: ParseBearerToken middleware invoked {"path":"/api/v2/campaign","method":"GET","has_auth_header":true,"auth_header_preview":"Bearer 176|tvOdAVPlpdhBhLoAtuW...","is_bearer":true} 
[2026-05-23 07:03:11] local.INFO: Extracted bearer token {"token_preview":"176|tvOdAV...","token_length":52} 
[2026-05-23 07:03:11] local.INFO: Found personal access token {"token_id":176,"user_id":76,"revoked":null} 
[2026-05-23 07:03:11] local.INFO: User authenticated via bearer token {"user_id":76,"user_email":"freelancezahedtesting@gmail.com"} 
[2026-05-23 07:03:11] local.INFO: Returning campaigns for user {"user_id":76,"campaign_count":0,"statuses":[]} 
[2026-05-23 07:03:41] local.INFO: ParseBearerToken middleware invoked {"path":"/api/v2/campaign","method":"GET","has_auth_header":true,"auth_header_preview":"Bearer 176|tvOdAVPlpdhBhLoAtuW...","is_bearer":true} 
[2026-05-23 07:03:41] local.INFO: Extracted bearer token {"token_preview":"176|tvOdAV...","token_length":52} 
[2026-05-23 07:03:41] local.INFO: Found personal access token {"token_id":176,"user_id":76,"revoked":null} 
[2026-05-23 07:03:41] local.INFO: User authenticated via bearer token {"user_id":76,"user_email":"freelancezahedtesting@gmail.com"} 
[2026-05-23 07:03:41] local.INFO: Returning campaigns for user {"user_id":76,"campaign_count":0,"statuses":[]} 
[2026-05-23 07:04:11] local.INFO: ParseBearerToken middleware invoked {"path":"/api/v2/campaign","method":"GET","has_auth_header":true,"auth_header_preview":"Bearer 176|tvOdAVPlpdhBhLoAtuW...","is_bearer":true} 
[2026-05-23 07:04:11] local.INFO: Extracted bearer token {"token_preview":"176|tvOdAV...","token_length":52} 
[2026-05-23 07:04:11] local.INFO: Found personal access token {"token_id":176,"user_id":76,"revoked":null} 
[2026-05-23 07:04:11] local.INFO: User authenticated via bearer token {"user_id":76,"user_email":"freelancezahedtesting@gmail.com"} 
[2026-05-23 07:04:11] local.INFO: Returning campaigns for user {"user_id":76,"campaign_count":0,"statuses":[]} 
[2026-05-23 07:04:41] local.INFO: ParseBearerToken middleware invoked {"path":"/api/v2/campaign","method":"GET","has_auth_header":true,"auth_header_preview":"Bearer 176|tvOdAVPlpdhBhLoAtuW...","is_bearer":true} 
[2026-05-23 07:04:41] local.INFO: Extracted bearer token {"token_preview":"176|tvOdAV...","token_length":52} 
[2026-05-23 07:04:41] local.INFO: Found personal access token {"token_id":176,"user_id":76,"revoked":null} 
[2026-05-23 07:04:41] local.INFO: User authenticated via bearer token {"user_id":76,"user_email":"freelancezahedtesting@gmail.com"} 
[2026-05-23 07:04:41] local.INFO: Returning campaigns for user {"user_id":76,"campaign_count":0,"statuses":[]} 
[2026-05-23 07:05:11] local.INFO: ParseBearerToken middleware invoked {"path":"/api/v2/campaign","method":"GET","has_auth_header":true,"auth_header_preview":"Bearer 176|tvOdAVPlpdhBhLoAtuW...","is_bearer":true} 
[2026-05-23 07:05:11] local.INFO: Extracted bearer token {"token_preview":"176|tvOdAV...","token_length":52} 
[2026-05-23 07:05:11] local.INFO: Found personal access token {"token_id":176,"user_id":76,"revoked":null} 
[2026-05-23 07:05:11] local.INFO: User authenticated via bearer token {"user_id":76,"user_email":"freelancezahedtesting@gmail.com"} 
[2026-05-23 07:05:11] local.INFO: Returning campaigns for user {"user_id":76,"campaign_count":0,"statuses":[]} 
[2026-05-23 07:05:41] local.INFO: ParseBearerToken middleware invoked {"path":"/api/v2/campaign","method":"GET","has_auth_header":true,"auth_header_preview":"Bearer 176|tvOdAVPlpdhBhLoAtuW...","is_bearer":true} 
[2026-05-23 07:05:41] local.INFO: Extracted bearer token {"token_preview":"176|tvOdAV...","token_length":52} 
[2026-05-23 07:05:41] local.INFO: Found personal access token {"token_id":176,"user_id":76,"revoked":null} 
[2026-05-23 07:05:41] local.INFO: User authenticated via bearer token {"user_id":76,"user_email":"freelancezahedtesting@gmail.com"} 
[2026-05-23 07:05:41] local.INFO: Returning campaigns for user {"user_id":76,"campaign_count":0,"statuses":[]} 
[2026-05-23 07:06:11] local.INFO: ParseBearerToken middleware invoked {"path":"/api/v2/campaign","method":"GET","has_auth_header":true,"auth_header_preview":"Bearer 176|tvOdAVPlpdhBhLoAtuW...","is_bearer":true} 
[2026-05-23 07:06:11] local.INFO: Extracted bearer token {"token_preview":"176|tvOdAV...","token_length":52} 
[2026-05-23 07:06:11] local.INFO: Found personal access token {"token_id":176,"user_id":76,"revoked":null} 
[2026-05-23 07:06:11] local.INFO: User authenticated via bearer token {"user_id":76,"user_email":"freelancezahedtesting@gmail.com"} 
[2026-05-23 07:06:11] local.INFO: Returning campaigns for user {"user_id":76,"campaign_count":0,"statuses":[]} 
[2026-05-23 07:06:41] local.INFO: ParseBearerToken middleware invoked {"path":"/api/v2/campaign","method":"GET","has_auth_header":true,"auth_header_preview":"Bearer 176|tvOdAVPlpdhBhLoAtuW...","is_bearer":true} 
[2026-05-23 07:06:41] local.INFO: Extracted bearer token {"token_preview":"176|tvOdAV...","token_length":52} 
[2026-05-23 07:06:41] local.INFO: Found personal access token {"token_id":176,"user_id":76,"revoked":null} 
[2026-05-23 07:06:41] local.INFO: User authenticated via bearer token {"user_id":76,"user_email":"freelancezahedtesting@gmail.com"} 
[2026-05-23 07:06:41] local.INFO: Returning campaigns for user {"user_id":76,"campaign_count":0,"statuses":[]} 
[2026-05-23 07:07:11] local.INFO: ParseBearerToken middleware invoked {"path":"/api/v2/campaign","method":"GET","has_auth_header":true,"auth_header_preview":"Bearer 176|tvOdAVPlpdhBhLoAtuW...","is_bearer":true} 
[2026-05-23 07:07:11] local.INFO: Extracted bearer token {"token_preview":"176|tvOdAV...","token_length":52} 
[2026-05-23 07:07:11] local.INFO: Found personal access token {"token_id":176,"user_id":76,"revoked":null} 
[2026-05-23 07:07:11] local.INFO: User authenticated via bearer token {"user_id":76,"user_email":"freelancezahedtesting@gmail.com"} 
[2026-05-23 07:07:11] local.INFO: Returning campaigns for user {"user_id":76,"campaign_count":0,"statuses":[]} 
[2026-05-23 07:07:40] local.INFO: ParseBearerToken middleware invoked {"path":"/api/v2/campaign","method":"GET","has_auth_header":true,"auth_header_preview":"Bearer 176|tvOdAVPlpdhBhLoAtuW...","is_bearer":true} 
[2026-05-23 07:07:40] local.INFO: Extracted bearer token {"token_preview":"176|tvOdAV...","token_length":52} 
[2026-05-23 07:07:40] local.INFO: Found personal access token {"token_id":176,"user_id":76,"revoked":null} 
[2026-05-23 07:07:41] local.INFO: User authenticated via bearer token {"user_id":76,"user_email":"freelancezahedtesting@gmail.com"} 
[2026-05-23 07:07:41] local.INFO: Returning campaigns for user {"user_id":76,"campaign_count":0,"statuses":[]} 
[2026-05-23 07:08:11] local.INFO: ParseBearerToken middleware invoked {"path":"/api/v2/campaign","method":"GET","has_auth_header":true,"auth_header_preview":"Bearer 176|tvOdAVPlpdhBhLoAtuW...","is_bearer":true} 
[2026-05-23 07:08:11] local.INFO: Extracted bearer token {"token_preview":"176|tvOdAV...","token_length":52} 
[2026-05-23 07:08:11] local.INFO: Found personal access token {"token_id":176,"user_id":76,"revoked":null} 
[2026-05-23 07:08:11] local.INFO: User authenticated via bearer token {"user_id":76,"user_email":"freelancezahedtesting@gmail.com"} 
[2026-05-23 07:08:11] local.INFO: Returning campaigns for user {"user_id":76,"campaign_count":0,"statuses":[]} 
[2026-05-23 07:08:41] local.INFO: ParseBearerToken middleware invoked {"path":"/api/v2/campaign","method":"GET","has_auth_header":true,"auth_header_preview":"Bearer 176|tvOdAVPlpdhBhLoAtuW...","is_bearer":true} 
[2026-05-23 07:08:41] local.INFO: Extracted bearer token {"token_preview":"176|tvOdAV...","token_length":52} 
[2026-05-23 07:08:41] local.INFO: Found personal access token {"token_id":176,"user_id":76,"revoked":null} 
[2026-05-23 07:08:41] local.INFO: User authenticated via bearer token {"user_id":76,"user_email":"freelancezahedtesting@gmail.com"} 
[2026-05-23 07:08:41] local.INFO: Returning campaigns for user {"user_id":76,"campaign_count":0,"statuses":[]} 
[2026-05-23 07:09:11] local.INFO: ParseBearerToken middleware invoked {"path":"/api/v2/campaign","method":"GET","has_auth_header":true,"auth_header_preview":"Bearer 176|tvOdAVPlpdhBhLoAtuW...","is_bearer":true} 
[2026-05-23 07:09:11] local.INFO: Extracted bearer token {"token_preview":"176|tvOdAV...","token_length":52} 
[2026-05-23 07:09:11] local.INFO: Found personal access token {"token_id":176,"user_id":76,"revoked":null} 
[2026-05-23 07:09:11] local.INFO: User authenticated via bearer token {"user_id":76,"user_email":"freelancezahedtesting@gmail.com"} 
[2026-05-23 07:09:11] local.INFO: Returning campaigns for user {"user_id":76,"campaign_count":0,"statuses":[]} 
[2026-05-23 07:09:41] local.INFO: ParseBearerToken middleware invoked {"path":"/api/v2/campaign","method":"GET","has_auth_header":true,"auth_header_preview":"Bearer 176|tvOdAVPlpdhBhLoAtuW...","is_bearer":true} 
[2026-05-23 07:09:41] local.INFO: Extracted bearer token {"token_preview":"176|tvOdAV...","token_length":52} 
[2026-05-23 07:09:41] local.INFO: Found personal access token {"token_id":176,"user_id":76,"revoked":null} 
[2026-05-23 07:09:41] local.INFO: User authenticated via bearer token {"user_id":76,"user_email":"freelancezahedtesting@gmail.com"} 
[2026-05-23 07:09:41] local.INFO: Returning campaigns for user {"user_id":76,"campaign_count":0,"statuses":[]} 
[2026-05-23 07:10:11] local.INFO: ParseBearerToken middleware invoked {"path":"/api/v2/campaign","method":"GET","has_auth_header":true,"auth_header_preview":"Bearer 176|tvOdAVPlpdhBhLoAtuW...","is_bearer":true} 
[2026-05-23 07:10:11] local.INFO: Extracted bearer token {"token_preview":"176|tvOdAV...","token_length":52} 
[2026-05-23 07:10:11] local.INFO: Found personal access token {"token_id":176,"user_id":76,"revoked":null} 
[2026-05-23 07:10:11] local.INFO: User authenticated via bearer token {"user_id":76,"user_email":"freelancezahedtesting@gmail.com"} 
[2026-05-23 07:10:11] local.INFO: Returning campaigns for user {"user_id":76,"campaign_count":0,"statuses":[]} 
[2026-05-23 07:10:41] local.INFO: ParseBearerToken middleware invoked {"path":"/api/v2/campaign","method":"GET","has_auth_header":true,"auth_header_preview":"Bearer 176|tvOdAVPlpdhBhLoAtuW...","is_bearer":true} 
[2026-05-23 07:10:41] local.INFO: Extracted bearer token {"token_preview":"176|tvOdAV...","token_length":52} 
[2026-05-23 07:10:41] local.INFO: Found personal access token {"token_id":176,"user_id":76,"revoked":null} 
[2026-05-23 07:10:41] local.INFO: User authenticated via bearer token {"user_id":76,"user_email":"freelancezahedtesting@gmail.com"} 
[2026-05-23 07:10:41] local.INFO: Returning campaigns for user {"user_id":76,"campaign_count":0,"statuses":[]} 
[2026-05-23 07:11:11] local.INFO: ParseBearerToken middleware invoked {"path":"/api/v2/campaign","method":"GET","has_auth_header":true,"auth_header_preview":"Bearer 176|tvOdAVPlpdhBhLoAtuW...","is_bearer":true} 
[2026-05-23 07:11:11] local.INFO: Extracted bearer token {"token_preview":"176|tvOdAV...","token_length":52} 
[2026-05-23 07:11:11] local.INFO: Found personal access token {"token_id":176,"user_id":76,"revoked":null} 
[2026-05-23 07:11:11] local.INFO: User authenticated via bearer token {"user_id":76,"user_email":"freelancezahedtesting@gmail.com"} 
[2026-05-23 07:11:11] local.INFO: Returning campaigns for user {"user_id":76,"campaign_count":0,"statuses":[]} 
[2026-05-23 07:11:41] local.INFO: ParseBearerToken middleware invoked {"path":"/api/v2/campaign","method":"GET","has_auth_header":true,"auth_header_preview":"Bearer 176|tvOdAVPlpdhBhLoAtuW...","is_bearer":true} 
[2026-05-23 07:11:41] local.INFO: Extracted bearer token {"token_preview":"176|tvOdAV...","token_length":52} 
[2026-05-23 07:11:41] local.INFO: Found personal access token {"token_id":176,"user_id":76,"revoked":null} 
[2026-05-23 07:11:41] local.INFO: User authenticated via bearer token {"user_id":76,"user_email":"freelancezahedtesting@gmail.com"} 
[2026-05-23 07:11:41] local.INFO: Returning campaigns for user {"user_id":76,"campaign_count":0,"statuses":[]} 
[2026-05-23 07:12:11] local.INFO: ParseBearerToken middleware invoked {"path":"/api/v2/campaign","method":"GET","has_auth_header":true,"auth_header_preview":"Bearer 176|tvOdAVPlpdhBhLoAtuW...","is_bearer":true} 
[2026-05-23 07:12:11] local.INFO: Extracted bearer token {"token_preview":"176|tvOdAV...","token_length":52} 
[2026-05-23 07:12:11] local.INFO: Found personal access token {"token_id":176,"user_id":76,"revoked":null} 
[2026-05-23 07:12:11] local.INFO: User authenticated via bearer token {"user_id":76,"user_email":"freelancezahedtesting@gmail.com"} 
[2026-05-23 07:12:11] local.INFO: Returning campaigns for user {"user_id":76,"campaign_count":0,"statuses":[]} 
[2026-05-23 07:12:40] local.INFO: ParseBearerToken middleware invoked {"path":"/api/v2/campaign","method":"GET","has_auth_header":true,"auth_header_preview":"Bearer 176|tvOdAVPlpdhBhLoAtuW...","is_bearer":true} 
[2026-05-23 07:12:40] local.INFO: Extracted bearer token {"token_preview":"176|tvOdAV...","token_length":52} 
[2026-05-23 07:12:40] local.INFO: Found personal access token {"token_id":176,"user_id":76,"revoked":null} 
[2026-05-23 07:12:40] local.INFO: User authenticated via bearer token {"user_id":76,"user_email":"freelancezahedtesting@gmail.com"} 
[2026-05-23 07:12:40] local.INFO: Returning campaigns for user {"user_id":76,"campaign_count":0,"statuses":[]} 
[2026-05-23 07:13:11] local.INFO: ParseBearerToken middleware invoked {"path":"/api/v2/campaign","method":"GET","has_auth_header":true,"auth_header_preview":"Bearer 176|tvOdAVPlpdhBhLoAtuW...","is_bearer":true} 
[2026-05-23 07:13:11] local.INFO: Extracted bearer token {"token_preview":"176|tvOdAV...","token_length":52} 
[2026-05-23 07:13:11] local.INFO: Found personal access token {"token_id":176,"user_id":76,"revoked":null} 
[2026-05-23 07:13:11] local.INFO: User authenticated via bearer token {"user_id":76,"user_email":"freelancezahedtesting@gmail.com"} 
[2026-05-23 07:13:11] local.INFO: Returning campaigns for user {"user_id":76,"campaign_count":0,"statuses":[]} 
[2026-05-23 07:13:41] local.INFO: ParseBearerToken middleware invoked {"path":"/api/v2/campaign","method":"GET","has_auth_header":true,"auth_header_preview":"Bearer 176|tvOdAVPlpdhBhLoAtuW...","is_bearer":true} 
[2026-05-23 07:13:41] local.INFO: Extracted bearer token {"token_preview":"176|tvOdAV...","token_length":52} 
[2026-05-23 07:13:41] local.INFO: Found personal access token {"token_id":176,"user_id":76,"revoked":null} 
[2026-05-23 07:13:41] local.INFO: User authenticated via bearer token {"user_id":76,"user_email":"freelancezahedtesting@gmail.com"} 
[2026-05-23 07:13:41] local.INFO: Returning campaigns for user {"user_id":76,"campaign_count":0,"statuses":[]} 
[2026-05-23 07:14:11] local.INFO: ParseBearerToken middleware invoked {"path":"/api/v2/campaign","method":"GET","has_auth_header":true,"auth_header_preview":"Bearer 176|tvOdAVPlpdhBhLoAtuW...","is_bearer":true} 
[2026-05-23 07:14:11] local.INFO: Extracted bearer token {"token_preview":"176|tvOdAV...","token_length":52} 
[2026-05-23 07:14:11] local.INFO: Found personal access token {"token_id":176,"user_id":76,"revoked":null} 
[2026-05-23 07:14:11] local.INFO: User authenticated via bearer token {"user_id":76,"user_email":"freelancezahedtesting@gmail.com"} 
[2026-05-23 07:14:11] local.INFO: Returning campaigns for user {"user_id":76,"campaign_count":0,"statuses":[]} 
[2026-05-23 07:14:41] local.INFO: ParseBearerToken middleware invoked {"path":"/api/v2/campaign","method":"GET","has_auth_header":true,"auth_header_preview":"Bearer 176|tvOdAVPlpdhBhLoAtuW...","is_bearer":true} 
[2026-05-23 07:14:41] local.INFO: Extracted bearer token {"token_preview":"176|tvOdAV...","token_length":52} 
[2026-05-23 07:14:41] local.INFO: Found personal access token {"token_id":176,"user_id":76,"revoked":null} 
[2026-05-23 07:14:41] local.INFO: User authenticated via bearer token {"user_id":76,"user_email":"freelancezahedtesting@gmail.com"} 
[2026-05-23 07:14:41] local.INFO: Returning campaigns for user {"user_id":76,"campaign_count":0,"statuses":[]} 
[2026-05-23 07:15:11] local.INFO: ParseBearerToken middleware invoked {"path":"/api/v2/campaign","method":"GET","has_auth_header":true,"auth_header_preview":"Bearer 176|tvOdAVPlpdhBhLoAtuW...","is_bearer":true} 
[2026-05-23 07:15:11] local.INFO: Extracted bearer token {"token_preview":"176|tvOdAV...","token_length":52} 
[2026-05-23 07:15:11] local.INFO: Found personal access token {"token_id":176,"user_id":76,"revoked":null} 
[2026-05-23 07:15:11] local.INFO: User authenticated via bearer token {"user_id":76,"user_email":"freelancezahedtesting@gmail.com"} 
[2026-05-23 07:15:11] local.INFO: Returning campaigns for user {"user_id":76,"campaign_count":0,"statuses":[]} 
[2026-05-23 07:15:41] local.INFO: ParseBearerToken middleware invoked {"path":"/api/v2/campaign","method":"GET","has_auth_header":true,"auth_header_preview":"Bearer 176|tvOdAVPlpdhBhLoAtuW...","is_bearer":true} 
[2026-05-23 07:15:41] local.INFO: Extracted bearer token {"token_preview":"176|tvOdAV...","token_length":52} 
[2026-05-23 07:15:41] local.INFO: Found personal access token {"token_id":176,"user_id":76,"revoked":null} 
[2026-05-23 07:15:41] local.INFO: User authenticated via bearer token {"user_id":76,"user_email":"freelancezahedtesting@gmail.com"} 
[2026-05-23 07:15:41] local.INFO: Returning campaigns for user {"user_id":76,"campaign_count":0,"statuses":[]} 
[2026-05-23 07:16:11] local.INFO: ParseBearerToken middleware invoked {"path":"/api/v2/campaign","method":"GET","has_auth_header":true,"auth_header_preview":"Bearer 176|tvOdAVPlpdhBhLoAtuW...","is_bearer":true} 
[2026-05-23 07:16:11] local.INFO: Extracted bearer token {"token_preview":"176|tvOdAV...","token_length":52} 
[2026-05-23 07:16:11] local.INFO: Found personal access token {"token_id":176,"user_id":76,"revoked":null} 
[2026-05-23 07:16:11] local.INFO: User authenticated via bearer token {"user_id":76,"user_email":"freelancezahedtesting@gmail.com"} 
[2026-05-23 07:16:11] local.INFO: Returning campaigns for user {"user_id":76,"campaign_count":0,"statuses":[]} 
[2026-05-23 07:16:41] local.INFO: ParseBearerToken middleware invoked {"path":"/api/v2/campaign","method":"GET","has_auth_header":true,"auth_header_preview":"Bearer 176|tvOdAVPlpdhBhLoAtuW...","is_bearer":true} 
[2026-05-23 07:16:41] local.INFO: Extracted bearer token {"token_preview":"176|tvOdAV...","token_length":52} 
[2026-05-23 07:16:41] local.INFO: Found personal access token {"token_id":176,"user_id":76,"revoked":null} 
[2026-05-23 07:16:41] local.INFO: User authenticated via bearer token {"user_id":76,"user_email":"freelancezahedtesting@gmail.com"} 
[2026-05-23 07:16:41] local.INFO: Returning campaigns for user {"user_id":76,"campaign_count":0,"statuses":[]} 
[2026-05-23 07:17:11] local.INFO: ParseBearerToken middleware invoked {"path":"/api/v2/campaign","method":"GET","has_auth_header":true,"auth_header_preview":"Bearer 176|tvOdAVPlpdhBhLoAtuW...","is_bearer":true} 
[2026-05-23 07:17:11] local.INFO: Extracted bearer token {"token_preview":"176|tvOdAV...","token_length":52} 
[2026-05-23 07:17:11] local.INFO: Found personal access token {"token_id":176,"user_id":76,"revoked":null} 
[2026-05-23 07:17:11] local.INFO: User authenticated via bearer token {"user_id":76,"user_email":"freelancezahedtesting@gmail.com"} 
[2026-05-23 07:17:11] local.INFO: Returning campaigns for user {"user_id":76,"campaign_count":0,"statuses":[]} 
[2026-05-23 07:17:41] local.INFO: ParseBearerToken middleware invoked {"path":"/api/v2/campaign","method":"GET","has_auth_header":true,"auth_header_preview":"Bearer 176|tvOdAVPlpdhBhLoAtuW...","is_bearer":true} 
[2026-05-23 07:17:41] local.INFO: Extracted bearer token {"token_preview":"176|tvOdAV...","token_length":52} 
[2026-05-23 07:17:41] local.INFO: Found personal access token {"token_id":176,"user_id":76,"revoked":null} 
[2026-05-23 07:17:41] local.INFO: User authenticated via bearer token {"user_id":76,"user_email":"freelancezahedtesting@gmail.com"} 
[2026-05-23 07:17:41] local.INFO: Returning campaigns for user {"user_id":76,"campaign_count":0,"statuses":[]} 
[2026-05-23 07:18:11] local.INFO: ParseBearerToken middleware invoked {"path":"/api/v2/campaign","method":"GET","has_auth_header":true,"auth_header_preview":"Bearer 176|tvOdAVPlpdhBhLoAtuW...","is_bearer":true} 
[2026-05-23 07:18:11] local.INFO: Extracted bearer token {"token_preview":"176|tvOdAV...","token_length":52} 
[2026-05-23 07:18:11] local.INFO: Found personal access token {"token_id":176,"user_id":76,"revoked":null} 
[2026-05-23 07:18:11] local.INFO: User authenticated via bearer token {"user_id":76,"user_email":"freelancezahedtesting@gmail.com"} 
[2026-05-23 07:18:11] local.INFO: Returning campaigns for user {"user_id":76,"campaign_count":0,"statuses":[]} 
[2026-05-23 07:18:41] local.INFO: ParseBearerToken middleware invoked {"path":"/api/v2/campaign","method":"GET","has_auth_header":true,"auth_header_preview":"Bearer 176|tvOdAVPlpdhBhLoAtuW...","is_bearer":true} 
[2026-05-23 07:18:41] local.INFO: Extracted bearer token {"token_preview":"176|tvOdAV...","token_length":52} 
[2026-05-23 07:18:41] local.INFO: Found personal access token {"token_id":176,"user_id":76,"revoked":null} 
[2026-05-23 07:18:41] local.INFO: User authenticated via bearer token {"user_id":76,"user_email":"freelancezahedtesting@gmail.com"} 
[2026-05-23 07:18:41] local.INFO: Returning campaigns for user {"user_id":76,"campaign_count":0,"statuses":[]} 
[2026-05-23 07:19:11] local.INFO: ParseBearerToken middleware invoked {"path":"/api/v2/campaign","method":"GET","has_auth_header":true,"auth_header_preview":"Bearer 176|tvOdAVPlpdhBhLoAtuW...","is_bearer":true} 
[2026-05-23 07:19:11] local.INFO: Extracted bearer token {"token_preview":"176|tvOdAV...","token_length":52} 
[2026-05-23 07:19:11] local.INFO: Found personal access token {"token_id":176,"user_id":76,"revoked":null} 
[2026-05-23 07:19:11] local.INFO: User authenticated via bearer token {"user_id":76,"user_email":"freelancezahedtesting@gmail.com"} 
[2026-05-23 07:19:11] local.INFO: Returning campaigns for user {"user_id":76,"campaign_count":0,"statuses":[]} 
[2026-05-23 07:19:41] local.INFO: ParseBearerToken middleware invoked {"path":"/api/v2/campaign","method":"GET","has_auth_header":true,"auth_header_preview":"Bearer 176|tvOdAVPlpdhBhLoAtuW...","is_bearer":true} 
[2026-05-23 07:19:41] local.INFO: Extracted bearer token {"token_preview":"176|tvOdAV...","token_length":52} 
[2026-05-23 07:19:41] local.INFO: Found personal access token {"token_id":176,"user_id":76,"revoked":null} 
[2026-05-23 07:19:41] local.INFO: User authenticated via bearer token {"user_id":76,"user_email":"freelancezahedtesting@gmail.com"} 
[2026-05-23 07:19:41] local.INFO: Returning campaigns for user {"user_id":76,"campaign_count":0,"statuses":[]} 
[2026-05-23 07:20:11] local.INFO: ParseBearerToken middleware invoked {"path":"/api/v2/campaign","method":"GET","has_auth_header":true,"auth_header_preview":"Bearer 176|tvOdAVPlpdhBhLoAtuW...","is_bearer":true} 
[2026-05-23 07:20:11] local.INFO: Extracted bearer token {"token_preview":"176|tvOdAV...","token_length":52} 
[2026-05-23 07:20:11] local.INFO: Found personal access token {"token_id":176,"user_id":76,"revoked":null} 
[2026-05-23 07:20:11] local.INFO: User authenticated via bearer token {"user_id":76,"user_email":"freelancezahedtesting@gmail.com"} 
[2026-05-23 07:20:11] local.INFO: Returning campaigns for user {"user_id":76,"campaign_count":0,"statuses":[]} 
[2026-05-23 07:20:41] local.INFO: ParseBearerToken middleware invoked {"path":"/api/v2/campaign","method":"GET","has_auth_header":true,"auth_header_preview":"Bearer 176|tvOdAVPlpdhBhLoAtuW...","is_bearer":true} 
[2026-05-23 07:20:41] local.INFO: Extracted bearer token {"token_preview":"176|tvOdAV...","token_length":52} 
[2026-05-23 07:20:41] local.INFO: Found personal access token {"token_id":176,"user_id":76,"revoked":null} 
[2026-05-23 07:20:41] local.INFO: User authenticated via bearer token {"user_id":76,"user_email":"freelancezahedtesting@gmail.com"} 
[2026-05-23 07:20:41] local.INFO: Returning campaigns for user {"user_id":76,"campaign_count":0,"statuses":[]} 
[2026-05-23 07:21:11] local.INFO: ParseBearerToken middleware invoked {"path":"/api/v2/campaign","method":"GET","has_auth_header":true,"auth_header_preview":"Bearer 176|tvOdAVPlpdhBhLoAtuW...","is_bearer":true} 
[2026-05-23 07:21:11] local.INFO: Extracted bearer token {"token_preview":"176|tvOdAV...","token_length":52} 
[2026-05-23 07:21:11] local.INFO: Found personal access token {"token_id":176,"user_id":76,"revoked":null} 
[2026-05-23 07:21:11] local.INFO: User authenticated via bearer token {"user_id":76,"user_email":"freelancezahedtesting@gmail.com"} 
[2026-05-23 07:21:11] local.INFO: Returning campaigns for user {"user_id":76,"campaign_count":0,"statuses":[]} 
[2026-05-23 07:21:41] local.INFO: ParseBearerToken middleware invoked {"path":"/api/v2/campaign","method":"GET","has_auth_header":true,"auth_header_preview":"Bearer 176|tvOdAVPlpdhBhLoAtuW...","is_bearer":true} 
[2026-05-23 07:21:41] local.INFO: Extracted bearer token {"token_preview":"176|tvOdAV...","token_length":52} 
[2026-05-23 07:21:41] local.INFO: Found personal access token {"token_id":176,"user_id":76,"revoked":null} 
[2026-05-23 07:21:41] local.INFO: User authenticated via bearer token {"user_id":76,"user_email":"freelancezahedtesting@gmail.com"} 
[2026-05-23 07:21:41] local.INFO: Returning campaigns for user {"user_id":76,"campaign_count":0,"statuses":[]} 
[2026-05-23 07:22:11] local.INFO: ParseBearerToken middleware invoked {"path":"/api/v2/campaign","method":"GET","has_auth_header":true,"auth_header_preview":"Bearer 176|tvOdAVPlpdhBhLoAtuW...","is_bearer":true} 
[2026-05-23 07:22:11] local.INFO: Extracted bearer token {"token_preview":"176|tvOdAV...","token_length":52} 
[2026-05-23 07:22:11] local.INFO: Found personal access token {"token_id":176,"user_id":76,"revoked":null} 
[2026-05-23 07:22:11] local.INFO: User authenticated via bearer token {"user_id":76,"user_email":"freelancezahedtesting@gmail.com"} 
[2026-05-23 07:22:11] local.INFO: Returning campaigns for user {"user_id":76,"campaign_count":0,"statuses":[]} 
[2026-05-23 07:22:41] local.INFO: ParseBearerToken middleware invoked {"path":"/api/v2/campaign","method":"GET","has_auth_header":true,"auth_header_preview":"Bearer 176|tvOdAVPlpdhBhLoAtuW...","is_bearer":true} 
[2026-05-23 07:22:41] local.INFO: Extracted bearer token {"token_preview":"176|tvOdAV...","token_length":52} 
[2026-05-23 07:22:41] local.INFO: Found personal access token {"token_id":176,"user_id":76,"revoked":null} 
[2026-05-23 07:22:41] local.INFO: User authenticated via bearer token {"user_id":76,"user_email":"freelancezahedtesting@gmail.com"} 
[2026-05-23 07:22:41] local.INFO: Returning campaigns for user {"user_id":76,"campaign_count":0,"statuses":[]} 
[2026-05-23 07:23:11] local.INFO: ParseBearerToken middleware invoked {"path":"/api/v2/campaign","method":"GET","has_auth_header":true,"auth_header_preview":"Bearer 176|tvOdAVPlpdhBhLoAtuW...","is_bearer":true} 
[2026-05-23 07:23:11] local.INFO: Extracted bearer token {"token_preview":"176|tvOdAV...","token_length":52} 
[2026-05-23 07:23:11] local.INFO: Found personal access token {"token_id":176,"user_id":76,"revoked":null} 
[2026-05-23 07:23:11] local.INFO: User authenticated via bearer token {"user_id":76,"user_email":"freelancezahedtesting@gmail.com"} 
[2026-05-23 07:23:11] local.INFO: Returning campaigns for user {"user_id":76,"campaign_count":0,"statuses":[]} 
[2026-05-23 07:23:40] local.INFO: ParseBearerToken middleware invoked {"path":"/api/v2/campaign","method":"GET","has_auth_header":true,"auth_header_preview":"Bearer 176|tvOdAVPlpdhBhLoAtuW...","is_bearer":true} 
[2026-05-23 07:23:40] local.INFO: Extracted bearer token {"token_preview":"176|tvOdAV...","token_length":52} 
[2026-05-23 07:23:40] local.INFO: Found personal access token {"token_id":176,"user_id":76,"revoked":null} 
[2026-05-23 07:23:40] local.INFO: User authenticated via bearer token {"user_id":76,"user_email":"freelancezahedtesting@gmail.com"} 
[2026-05-23 07:23:40] local.INFO: Returning campaigns for user {"user_id":76,"campaign_count":0,"statuses":[]} 
[2026-05-23 07:24:11] local.INFO: ParseBearerToken middleware invoked {"path":"/api/v2/campaign","method":"GET","has_auth_header":true,"auth_header_preview":"Bearer 176|tvOdAVPlpdhBhLoAtuW...","is_bearer":true} 
[2026-05-23 07:24:11] local.INFO: Extracted bearer token {"token_preview":"176|tvOdAV...","token_length":52} 
[2026-05-23 07:24:11] local.INFO: Found personal access token {"token_id":176,"user_id":76,"revoked":null} 
[2026-05-23 07:24:11] local.INFO: User authenticated via bearer token {"user_id":76,"user_email":"freelancezahedtesting@gmail.com"} 
[2026-05-23 07:24:11] local.INFO: Returning campaigns for user {"user_id":76,"campaign_count":0,"statuses":[]} 
[2026-05-23 07:24:40] local.INFO: ParseBearerToken middleware invoked {"path":"/api/v2/campaign","method":"GET","has_auth_header":true,"auth_header_preview":"Bearer 176|tvOdAVPlpdhBhLoAtuW...","is_bearer":true} 
[2026-05-23 07:24:40] local.INFO: Extracted bearer token {"token_preview":"176|tvOdAV...","token_length":52} 
[2026-05-23 07:24:40] local.INFO: Found personal access token {"token_id":176,"user_id":76,"revoked":null} 
[2026-05-23 07:24:40] local.INFO: User authenticated via bearer token {"user_id":76,"user_email":"freelancezahedtesting@gmail.com"} 
[2026-05-23 07:24:41] local.INFO: Returning campaigns for user {"user_id":76,"campaign_count":0,"statuses":[]} 
[2026-05-23 07:25:11] local.INFO: ParseBearerToken middleware invoked {"path":"/api/v2/campaign","method":"GET","has_auth_header":true,"auth_header_preview":"Bearer 176|tvOdAVPlpdhBhLoAtuW...","is_bearer":true} 
[2026-05-23 07:25:11] local.INFO: Extracted bearer token {"token_preview":"176|tvOdAV...","token_length":52} 
[2026-05-23 07:25:11] local.INFO: Found personal access token {"token_id":176,"user_id":76,"revoked":null} 
[2026-05-23 07:25:11] local.INFO: User authenticated via bearer token {"user_id":76,"user_email":"freelancezahedtesting@gmail.com"} 
[2026-05-23 07:25:11] local.INFO: Returning campaigns for user {"user_id":76,"campaign_count":0,"statuses":[]} 
[2026-05-23 07:25:41] local.INFO: ParseBearerToken middleware invoked {"path":"/api/v2/campaign","method":"GET","has_auth_header":true,"auth_header_preview":"Bearer 176|tvOdAVPlpdhBhLoAtuW...","is_bearer":true} 
[2026-05-23 07:25:41] local.INFO: Extracted bearer token {"token_preview":"176|tvOdAV...","token_length":52} 
[2026-05-23 07:25:41] local.INFO: Found personal access token {"token_id":176,"user_id":76,"revoked":null} 
[2026-05-23 07:25:41] local.INFO: User authenticated via bearer token {"user_id":76,"user_email":"freelancezahedtesting@gmail.com"} 
[2026-05-23 07:25:41] local.INFO: Returning campaigns for user {"user_id":76,"campaign_count":0,"statuses":[]} 
[2026-05-23 07:26:10] local.INFO: ParseBearerToken middleware invoked {"path":"/api/v2/campaign","method":"GET","has_auth_header":true,"auth_header_preview":"Bearer 176|tvOdAVPlpdhBhLoAtuW...","is_bearer":true} 
[2026-05-23 07:26:10] local.INFO: Extracted bearer token {"token_preview":"176|tvOdAV...","token_length":52} 
[2026-05-23 07:26:10] local.INFO: Found personal access token {"token_id":176,"user_id":76,"revoked":null} 
[2026-05-23 07:26:10] local.INFO: User authenticated via bearer token {"user_id":76,"user_email":"freelancezahedtesting@gmail.com"} 
[2026-05-23 07:26:10] local.INFO: Returning campaigns for user {"user_id":76,"campaign_count":0,"statuses":[]} 
[2026-05-23 07:26:41] local.INFO: ParseBearerToken middleware invoked {"path":"/api/v2/campaign","method":"GET","has_auth_header":true,"auth_header_preview":"Bearer 176|tvOdAVPlpdhBhLoAtuW...","is_bearer":true} 
[2026-05-23 07:26:41] local.INFO: Extracted bearer token {"token_preview":"176|tvOdAV...","token_length":52} 
[2026-05-23 07:26:41] local.INFO: Found personal access token {"token_id":176,"user_id":76,"revoked":null} 
[2026-05-23 07:26:41] local.INFO: User authenticated via bearer token {"user_id":76,"user_email":"freelancezahedtesting@gmail.com"} 
[2026-05-23 07:26:41] local.INFO: Returning campaigns for user {"user_id":76,"campaign_count":0,"statuses":[]} 
[2026-05-23 07:27:10] local.INFO: ParseBearerToken middleware invoked {"path":"/api/v2/campaign","method":"GET","has_auth_header":true,"auth_header_preview":"Bearer 176|tvOdAVPlpdhBhLoAtuW...","is_bearer":true} 
[2026-05-23 07:27:10] local.INFO: Extracted bearer token {"token_preview":"176|tvOdAV...","token_length":52} 
[2026-05-23 07:27:10] local.INFO: Found personal access token {"token_id":176,"user_id":76,"revoked":null} 
[2026-05-23 07:27:10] local.INFO: User authenticated via bearer token {"user_id":76,"user_email":"freelancezahedtesting@gmail.com"} 
[2026-05-23 07:27:10] local.INFO: Returning campaigns for user {"user_id":76,"campaign_count":0,"statuses":[]} 
[2026-05-23 07:27:41] local.INFO: ParseBearerToken middleware invoked {"path":"/api/v2/campaign","method":"GET","has_auth_header":true,"auth_header_preview":"Bearer 176|tvOdAVPlpdhBhLoAtuW...","is_bearer":true} 
[2026-05-23 07:27:41] local.INFO: Extracted bearer token {"token_preview":"176|tvOdAV...","token_length":52} 
[2026-05-23 07:27:41] local.INFO: Found personal access token {"token_id":176,"user_id":76,"revoked":null} 
[2026-05-23 07:27:41] local.INFO: User authenticated via bearer token {"user_id":76,"user_email":"freelancezahedtesting@gmail.com"} 
[2026-05-23 07:27:41] local.INFO: Returning campaigns for user {"user_id":76,"campaign_count":0,"statuses":[]} 
[2026-05-23 07:28:11] local.INFO: ParseBearerToken middleware invoked {"path":"/api/v2/campaign","method":"GET","has_auth_header":true,"auth_header_preview":"Bearer 176|tvOdAVPlpdhBhLoAtuW...","is_bearer":true} 
[2026-05-23 07:28:11] local.INFO: Extracted bearer token {"token_preview":"176|tvOdAV...","token_length":52} 
[2026-05-23 07:28:11] local.INFO: Found personal access token {"token_id":176,"user_id":76,"revoked":null} 
[2026-05-23 07:28:11] local.INFO: User authenticated via bearer token {"user_id":76,"user_email":"freelancezahedtesting@gmail.com"} 
[2026-05-23 07:28:11] local.INFO: Returning campaigns for user {"user_id":76,"campaign_count":0,"statuses":[]} 
[2026-05-23 07:28:41] local.INFO: ParseBearerToken middleware invoked {"path":"/api/v2/campaign","method":"GET","has_auth_header":true,"auth_header_preview":"Bearer 176|tvOdAVPlpdhBhLoAtuW...","is_bearer":true} 
[2026-05-23 07:28:41] local.INFO: Extracted bearer token {"token_preview":"176|tvOdAV...","token_length":52} 
[2026-05-23 07:28:41] local.INFO: Found personal access token {"token_id":176,"user_id":76,"revoked":null} 
[2026-05-23 07:28:41] local.INFO: User authenticated via bearer token {"user_id":76,"user_email":"freelancezahedtesting@gmail.com"} 
[2026-05-23 07:28:41] local.INFO: Returning campaigns for user {"user_id":76,"campaign_count":0,"statuses":[]} 
[2026-05-23 07:29:11] local.INFO: ParseBearerToken middleware invoked {"path":"/api/v2/campaign","method":"GET","has_auth_header":true,"auth_header_preview":"Bearer 176|tvOdAVPlpdhBhLoAtuW...","is_bearer":true} 
[2026-05-23 07:29:11] local.INFO: Extracted bearer token {"token_preview":"176|tvOdAV...","token_length":52} 
[2026-05-23 07:29:11] local.INFO: Found personal access token {"token_id":176,"user_id":76,"revoked":null} 
[2026-05-23 07:29:11] local.INFO: User authenticated via bearer token {"user_id":76,"user_email":"freelancezahedtesting@gmail.com"} 
[2026-05-23 07:29:11] local.INFO: Returning campaigns for user {"user_id":76,"campaign_count":0,"statuses":[]} 
[2026-05-23 07:29:41] local.INFO: ParseBearerToken middleware invoked {"path":"/api/v2/campaign","method":"GET","has_auth_header":true,"auth_header_preview":"Bearer 176|tvOdAVPlpdhBhLoAtuW...","is_bearer":true} 
[2026-05-23 07:29:41] local.INFO: Extracted bearer token {"token_preview":"176|tvOdAV...","token_length":52} 
[2026-05-23 07:29:41] local.INFO: Found personal access token {"token_id":176,"user_id":76,"revoked":null} 
[2026-05-23 07:29:41] local.INFO: User authenticated via bearer token {"user_id":76,"user_email":"freelancezahedtesting@gmail.com"} 
[2026-05-23 07:29:41] local.INFO: Returning campaigns for user {"user_id":76,"campaign_count":0,"statuses":[]} 
[2026-05-23 07:30:11] local.INFO: ParseBearerToken middleware invoked {"path":"/api/v2/campaign","method":"GET","has_auth_header":true,"auth_header_preview":"Bearer 176|tvOdAVPlpdhBhLoAtuW...","is_bearer":true} 
[2026-05-23 07:30:11] local.INFO: Extracted bearer token {"token_preview":"176|tvOdAV...","token_length":52} 
[2026-05-23 07:30:11] local.INFO: Found personal access token {"token_id":176,"user_id":76,"revoked":null} 
[2026-05-23 07:30:11] local.INFO: User authenticated via bearer token {"user_id":76,"user_email":"freelancezahedtesting@gmail.com"} 
[2026-05-23 07:30:11] local.INFO: Returning campaigns for user {"user_id":76,"campaign_count":0,"statuses":[]} 
[2026-05-23 07:30:41] local.INFO: ParseBearerToken middleware invoked {"path":"/api/v2/campaign","method":"GET","has_auth_header":true,"auth_header_preview":"Bearer 176|tvOdAVPlpdhBhLoAtuW...","is_bearer":true} 
[2026-05-23 07:30:41] local.INFO: Extracted bearer token {"token_preview":"176|tvOdAV...","token_length":52} 
[2026-05-23 07:30:41] local.INFO: Found personal access token {"token_id":176,"user_id":76,"revoked":null} 
[2026-05-23 07:30:41] local.INFO: User authenticated via bearer token {"user_id":76,"user_email":"freelancezahedtesting@gmail.com"} 
[2026-05-23 07:30:41] local.INFO: Returning campaigns for user {"user_id":76,"campaign_count":0,"statuses":[]} 
[2026-05-23 07:31:11] local.INFO: ParseBearerToken middleware invoked {"path":"/api/v2/campaign","method":"GET","has_auth_header":true,"auth_header_preview":"Bearer 176|tvOdAVPlpdhBhLoAtuW...","is_bearer":true} 
[2026-05-23 07:31:11] local.INFO: Extracted bearer token {"token_preview":"176|tvOdAV...","token_length":52} 
[2026-05-23 07:31:11] local.INFO: Found personal access token {"token_id":176,"user_id":76,"revoked":null} 
[2026-05-23 07:31:11] local.INFO: User authenticated via bearer token {"user_id":76,"user_email":"freelancezahedtesting@gmail.com"} 
[2026-05-23 07:31:11] local.INFO: Returning campaigns for user {"user_id":76,"campaign_count":0,"statuses":[]} 
[2026-05-23 07:31:40] local.INFO: ParseBearerToken middleware invoked {"path":"/api/v2/campaign","method":"GET","has_auth_header":true,"auth_header_preview":"Bearer 176|tvOdAVPlpdhBhLoAtuW...","is_bearer":true} 
[2026-05-23 07:31:40] local.INFO: Extracted bearer token {"token_preview":"176|tvOdAV...","token_length":52} 
[2026-05-23 07:31:40] local.INFO: Found personal access token {"token_id":176,"user_id":76,"revoked":null} 
[2026-05-23 07:31:41] local.INFO: User authenticated via bearer token {"user_id":76,"user_email":"freelancezahedtesting@gmail.com"} 
[2026-05-23 07:31:41] local.INFO: Returning campaigns for user {"user_id":76,"campaign_count":0,"statuses":[]} 
[2026-05-23 07:32:11] local.INFO: ParseBearerToken middleware invoked {"path":"/api/v2/campaign","method":"GET","has_auth_header":true,"auth_header_preview":"Bearer 176|tvOdAVPlpdhBhLoAtuW...","is_bearer":true} 
[2026-05-23 07:32:11] local.INFO: Extracted bearer token {"token_preview":"176|tvOdAV...","token_length":52} 
[2026-05-23 07:32:11] local.INFO: Found personal access token {"token_id":176,"user_id":76,"revoked":null} 
[2026-05-23 07:32:11] local.INFO: User authenticated via bearer token {"user_id":76,"user_email":"freelancezahedtesting@gmail.com"} 
[2026-05-23 07:32:11] local.INFO: Returning campaigns for user {"user_id":76,"campaign_count":0,"statuses":[]} 
[2026-05-23 07:32:40] local.INFO: ParseBearerToken middleware invoked {"path":"/api/v2/campaign","method":"GET","has_auth_header":true,"auth_header_preview":"Bearer 176|tvOdAVPlpdhBhLoAtuW...","is_bearer":true} 
[2026-05-23 07:32:40] local.INFO: Extracted bearer token {"token_preview":"176|tvOdAV...","token_length":52} 
[2026-05-23 07:32:40] local.INFO: Found personal access token {"token_id":176,"user_id":76,"revoked":null} 
[2026-05-23 07:32:40] local.INFO: User authenticated via bearer token {"user_id":76,"user_email":"freelancezahedtesting@gmail.com"} 
[2026-05-23 07:32:40] local.INFO: Returning campaigns for user {"user_id":76,"campaign_count":0,"statuses":[]} 
[2026-05-23 07:33:11] local.INFO: ParseBearerToken middleware invoked {"path":"/api/v2/campaign","method":"GET","has_auth_header":true,"auth_header_preview":"Bearer 176|tvOdAVPlpdhBhLoAtuW...","is_bearer":true} 
[2026-05-23 07:33:11] local.INFO: Extracted bearer token {"token_preview":"176|tvOdAV...","token_length":52} 
[2026-05-23 07:33:11] local.INFO: Found personal access token {"token_id":176,"user_id":76,"revoked":null} 
[2026-05-23 07:33:11] local.INFO: User authenticated via bearer token {"user_id":76,"user_email":"freelancezahedtesting@gmail.com"} 
[2026-05-23 07:33:11] local.INFO: Returning campaigns for user {"user_id":76,"campaign_count":0,"statuses":[]} 
[2026-05-23 07:33:41] local.INFO: ParseBearerToken middleware invoked {"path":"/api/v2/campaign","method":"GET","has_auth_header":true,"auth_header_preview":"Bearer 176|tvOdAVPlpdhBhLoAtuW...","is_bearer":true} 
[2026-05-23 07:33:41] local.INFO: Extracted bearer token {"token_preview":"176|tvOdAV...","token_length":52} 
[2026-05-23 07:33:41] local.INFO: Found personal access token {"token_id":176,"user_id":76,"revoked":null} 
[2026-05-23 07:33:41] local.INFO: User authenticated via bearer token {"user_id":76,"user_email":"freelancezahedtesting@gmail.com"} 
[2026-05-23 07:33:41] local.INFO: Returning campaigns for user {"user_id":76,"campaign_count":0,"statuses":[]} 
[2026-05-23 07:34:11] local.INFO: ParseBearerToken middleware invoked {"path":"/api/v2/campaign","method":"GET","has_auth_header":true,"auth_header_preview":"Bearer 176|tvOdAVPlpdhBhLoAtuW...","is_bearer":true} 
[2026-05-23 07:34:11] local.INFO: Extracted bearer token {"token_preview":"176|tvOdAV...","token_length":52} 
[2026-05-23 07:34:11] local.INFO: Found personal access token {"token_id":176,"user_id":76,"revoked":null} 
[2026-05-23 07:34:11] local.INFO: User authenticated via bearer token {"user_id":76,"user_email":"freelancezahedtesting@gmail.com"} 
[2026-05-23 07:34:11] local.INFO: Returning campaigns for user {"user_id":76,"campaign_count":0,"statuses":[]} 
[2026-05-23 07:34:41] local.INFO: ParseBearerToken middleware invoked {"path":"/api/v2/campaign","method":"GET","has_auth_header":true,"auth_header_preview":"Bearer 176|tvOdAVPlpdhBhLoAtuW...","is_bearer":true} 
[2026-05-23 07:34:41] local.INFO: Extracted bearer token {"token_preview":"176|tvOdAV...","token_length":52} 
[2026-05-23 07:34:41] local.INFO: Found personal access token {"token_id":176,"user_id":76,"revoked":null} 
[2026-05-23 07:34:41] local.INFO: User authenticated via bearer token {"user_id":76,"user_email":"freelancezahedtesting@gmail.com"} 
[2026-05-23 07:34:41] local.INFO: Returning campaigns for user {"user_id":76,"campaign_count":0,"statuses":[]} 
[2026-05-23 07:35:11] local.INFO: ParseBearerToken middleware invoked {"path":"/api/v2/campaign","method":"GET","has_auth_header":true,"auth_header_preview":"Bearer 176|tvOdAVPlpdhBhLoAtuW...","is_bearer":true} 
[2026-05-23 07:35:11] local.INFO: Extracted bearer token {"token_preview":"176|tvOdAV...","token_length":52} 
[2026-05-23 07:35:11] local.INFO: Found personal access token {"token_id":176,"user_id":76,"revoked":null} 
[2026-05-23 07:35:11] local.INFO: User authenticated via bearer token {"user_id":76,"user_email":"freelancezahedtesting@gmail.com"} 
[2026-05-23 07:35:11] local.INFO: Returning campaigns for user {"user_id":76,"campaign_count":0,"statuses":[]} 
[2026-05-23 07:35:41] local.INFO: ParseBearerToken middleware invoked {"path":"/api/v2/campaign","method":"GET","has_auth_header":true,"auth_header_preview":"Bearer 176|tvOdAVPlpdhBhLoAtuW...","is_bearer":true} 
[2026-05-23 07:35:41] local.INFO: Extracted bearer token {"token_preview":"176|tvOdAV...","token_length":52} 
[2026-05-23 07:35:41] local.INFO: Found personal access token {"token_id":176,"user_id":76,"revoked":null} 
[2026-05-23 07:35:41] local.INFO: User authenticated via bearer token {"user_id":76,"user_email":"freelancezahedtesting@gmail.com"} 
[2026-05-23 07:35:41] local.INFO: Returning campaigns for user {"user_id":76,"campaign_count":0,"statuses":[]} 
[2026-05-23 07:36:11] local.INFO: ParseBearerToken middleware invoked {"path":"/api/v2/campaign","method":"GET","has_auth_header":true,"auth_header_preview":"Bearer 176|tvOdAVPlpdhBhLoAtuW...","is_bearer":true} 
[2026-05-23 07:36:11] local.INFO: Extracted bearer token {"token_preview":"176|tvOdAV...","token_length":52} 
[2026-05-23 07:36:11] local.INFO: Found personal access token {"token_id":176,"user_id":76,"revoked":null} 
[2026-05-23 07:36:11] local.INFO: User authenticated via bearer token {"user_id":76,"user_email":"freelancezahedtesting@gmail.com"} 
[2026-05-23 07:36:11] local.INFO: Returning campaigns for user {"user_id":76,"campaign_count":0,"statuses":[]} 
[2026-05-23 07:36:41] local.INFO: ParseBearerToken middleware invoked {"path":"/api/v2/campaign","method":"GET","has_auth_header":true,"auth_header_preview":"Bearer 176|tvOdAVPlpdhBhLoAtuW...","is_bearer":true} 
[2026-05-23 07:36:41] local.INFO: Extracted bearer token {"token_preview":"176|tvOdAV...","token_length":52} 
[2026-05-23 07:36:41] local.INFO: Found personal access token {"token_id":176,"user_id":76,"revoked":null} 
[2026-05-23 07:36:41] local.INFO: User authenticated via bearer token {"user_id":76,"user_email":"freelancezahedtesting@gmail.com"} 
[2026-05-23 07:36:41] local.INFO: Returning campaigns for user {"user_id":76,"campaign_count":0,"statuses":[]} 
[2026-05-23 07:37:11] local.INFO: ParseBearerToken middleware invoked {"path":"/api/v2/campaign","method":"GET","has_auth_header":true,"auth_header_preview":"Bearer 176|tvOdAVPlpdhBhLoAtuW...","is_bearer":true} 
[2026-05-23 07:37:11] local.INFO: Extracted bearer token {"token_preview":"176|tvOdAV...","token_length":52} 
[2026-05-23 07:37:11] local.INFO: Found personal access token {"token_id":176,"user_id":76,"revoked":null} 
[2026-05-23 07:37:11] local.INFO: User authenticated via bearer token {"user_id":76,"user_email":"freelancezahedtesting@gmail.com"} 
[2026-05-23 07:37:11] local.INFO: Returning campaigns for user {"user_id":76,"campaign_count":0,"statuses":[]} 
[2026-05-23 07:37:41] local.INFO: ParseBearerToken middleware invoked {"path":"/api/v2/campaign","method":"GET","has_auth_header":true,"auth_header_preview":"Bearer 176|tvOdAVPlpdhBhLoAtuW...","is_bearer":true} 
[2026-05-23 07:37:41] local.INFO: Extracted bearer token {"token_preview":"176|tvOdAV...","token_length":52} 
[2026-05-23 07:37:41] local.INFO: Found personal access token {"token_id":176,"user_id":76,"revoked":null} 
[2026-05-23 07:37:41] local.INFO: User authenticated via bearer token {"user_id":76,"user_email":"freelancezahedtesting@gmail.com"} 
[2026-05-23 07:37:41] local.INFO: Returning campaigns for user {"user_id":76,"campaign_count":0,"statuses":[]} 
[2026-05-23 07:38:11] local.INFO: ParseBearerToken middleware invoked {"path":"/api/v2/campaign","method":"GET","has_auth_header":true,"auth_header_preview":"Bearer 176|tvOdAVPlpdhBhLoAtuW...","is_bearer":true} 
[2026-05-23 07:38:11] local.INFO: Extracted bearer token {"token_preview":"176|tvOdAV...","token_length":52} 
[2026-05-23 07:38:11] local.INFO: Found personal access token {"token_id":176,"user_id":76,"revoked":null} 
[2026-05-23 07:38:11] local.INFO: User authenticated via bearer token {"user_id":76,"user_email":"freelancezahedtesting@gmail.com"} 
[2026-05-23 07:38:11] local.INFO: Returning campaigns for user {"user_id":76,"campaign_count":0,"statuses":[]} 
[2026-05-23 07:38:41] local.INFO: ParseBearerToken middleware invoked {"path":"/api/v2/campaign","method":"GET","has_auth_header":true,"auth_header_preview":"Bearer 176|tvOdAVPlpdhBhLoAtuW...","is_bearer":true} 
[2026-05-23 07:38:41] local.INFO: Extracted bearer token {"token_preview":"176|tvOdAV...","token_length":52} 
[2026-05-23 07:38:41] local.INFO: Found personal access token {"token_id":176,"user_id":76,"revoked":null} 
[2026-05-23 07:38:41] local.INFO: User authenticated via bearer token {"user_id":76,"user_email":"freelancezahedtesting@gmail.com"} 
[2026-05-23 07:38:41] local.INFO: Returning campaigns for user {"user_id":76,"campaign_count":0,"statuses":[]} 
[2026-05-23 07:39:11] local.INFO: ParseBearerToken middleware invoked {"path":"/api/v2/campaign","method":"GET","has_auth_header":true,"auth_header_preview":"Bearer 176|tvOdAVPlpdhBhLoAtuW...","is_bearer":true} 
[2026-05-23 07:39:11] local.INFO: Extracted bearer token {"token_preview":"176|tvOdAV...","token_length":52} 
[2026-05-23 07:39:11] local.INFO: Found personal access token {"token_id":176,"user_id":76,"revoked":null} 
[2026-05-23 07:39:11] local.INFO: User authenticated via bearer token {"user_id":76,"user_email":"freelancezahedtesting@gmail.com"} 
[2026-05-23 07:39:11] local.INFO: Returning campaigns for user {"user_id":76,"campaign_count":0,"statuses":[]} 
[2026-05-23 07:39:40] local.INFO: ParseBearerToken middleware invoked {"path":"/api/v2/campaign","method":"GET","has_auth_header":true,"auth_header_preview":"Bearer 176|tvOdAVPlpdhBhLoAtuW...","is_bearer":true} 
[2026-05-23 07:39:40] local.INFO: Extracted bearer token {"token_preview":"176|tvOdAV...","token_length":52} 
[2026-05-23 07:39:40] local.INFO: Found personal access token {"token_id":176,"user_id":76,"revoked":null} 
[2026-05-23 07:39:40] local.INFO: User authenticated via bearer token {"user_id":76,"user_email":"freelancezahedtesting@gmail.com"} 
[2026-05-23 07:39:40] local.INFO: Returning campaigns for user {"user_id":76,"campaign_count":0,"statuses":[]} 
[2026-05-23 07:40:11] local.INFO: ParseBearerToken middleware invoked {"path":"/api/v2/campaign","method":"GET","has_auth_header":true,"auth_header_preview":"Bearer 176|tvOdAVPlpdhBhLoAtuW...","is_bearer":true} 
[2026-05-23 07:40:11] local.INFO: Extracted bearer token {"token_preview":"176|tvOdAV...","token_length":52} 
[2026-05-23 07:40:11] local.INFO: Found personal access token {"token_id":176,"user_id":76,"revoked":null} 
[2026-05-23 07:40:11] local.INFO: User authenticated via bearer token {"user_id":76,"user_email":"freelancezahedtesting@gmail.com"} 
[2026-05-23 07:40:11] local.INFO: Returning campaigns for user {"user_id":76,"campaign_count":0,"statuses":[]} 
[2026-05-23 07:40:40] local.INFO: ParseBearerToken middleware invoked {"path":"/api/v2/campaign","method":"GET","has_auth_header":true,"auth_header_preview":"Bearer 176|tvOdAVPlpdhBhLoAtuW...","is_bearer":true} 
[2026-05-23 07:40:40] local.INFO: Extracted bearer token {"token_preview":"176|tvOdAV...","token_length":52} 
[2026-05-23 07:40:40] local.INFO: Found personal access token {"token_id":176,"user_id":76,"revoked":null} 
[2026-05-23 07:40:40] local.INFO: User authenticated via bearer token {"user_id":76,"user_email":"freelancezahedtesting@gmail.com"} 
[2026-05-23 07:40:40] local.INFO: Returning campaigns for user {"user_id":76,"campaign_count":0,"statuses":[]} 
[2026-05-23 07:41:11] local.INFO: ParseBearerToken middleware invoked {"path":"/api/v2/campaign","method":"GET","has_auth_header":true,"auth_header_preview":"Bearer 176|tvOdAVPlpdhBhLoAtuW...","is_bearer":true} 
[2026-05-23 07:41:11] local.INFO: Extracted bearer token {"token_preview":"176|tvOdAV...","token_length":52} 
[2026-05-23 07:41:11] local.INFO: Found personal access token {"token_id":176,"user_id":76,"revoked":null} 
[2026-05-23 07:41:11] local.INFO: User authenticated via bearer token {"user_id":76,"user_email":"freelancezahedtesting@gmail.com"} 
[2026-05-23 07:41:11] local.INFO: Returning campaigns for user {"user_id":76,"campaign_count":0,"statuses":[]} 
[2026-05-23 07:41:41] local.INFO: ParseBearerToken middleware invoked {"path":"/api/v2/campaign","method":"GET","has_auth_header":true,"auth_header_preview":"Bearer 176|tvOdAVPlpdhBhLoAtuW...","is_bearer":true} 
[2026-05-23 07:41:41] local.INFO: Extracted bearer token {"token_preview":"176|tvOdAV...","token_length":52} 
[2026-05-23 07:41:41] local.INFO: Found personal access token {"token_id":176,"user_id":76,"revoked":null} 
[2026-05-23 07:41:41] local.INFO: User authenticated via bearer token {"user_id":76,"user_email":"freelancezahedtesting@gmail.com"} 
[2026-05-23 07:41:41] local.INFO: Returning campaigns for user {"user_id":76,"campaign_count":0,"statuses":[]} 
[2026-05-23 07:42:11] local.INFO: ParseBearerToken middleware invoked {"path":"/api/v2/campaign","method":"GET","has_auth_header":true,"auth_header_preview":"Bearer 176|tvOdAVPlpdhBhLoAtuW...","is_bearer":true} 
[2026-05-23 07:42:11] local.INFO: Extracted bearer token {"token_preview":"176|tvOdAV...","token_length":52} 
[2026-05-23 07:42:11] local.INFO: Found personal access token {"token_id":176,"user_id":76,"revoked":null} 
[2026-05-23 07:42:11] local.INFO: User authenticated via bearer token {"user_id":76,"user_email":"freelancezahedtesting@gmail.com"} 
[2026-05-23 07:42:11] local.INFO: Returning campaigns for user {"user_id":76,"campaign_count":0,"statuses":[]} 
[2026-05-23 07:42:40] local.INFO: ParseBearerToken middleware invoked {"path":"/api/v2/campaign","method":"GET","has_auth_header":true,"auth_header_preview":"Bearer 176|tvOdAVPlpdhBhLoAtuW...","is_bearer":true} 
[2026-05-23 07:42:40] local.INFO: Extracted bearer token {"token_preview":"176|tvOdAV...","token_length":52} 
[2026-05-23 07:42:40] local.INFO: Found personal access token {"token_id":176,"user_id":76,"revoked":null} 
[2026-05-23 07:42:40] local.INFO: User authenticated via bearer token {"user_id":76,"user_email":"freelancezahedtesting@gmail.com"} 
[2026-05-23 07:42:40] local.INFO: Returning campaigns for user {"user_id":76,"campaign_count":0,"statuses":[]} 
[2026-05-23 07:43:11] local.INFO: ParseBearerToken middleware invoked {"path":"/api/v2/campaign","method":"GET","has_auth_header":true,"auth_header_preview":"Bearer 176|tvOdAVPlpdhBhLoAtuW...","is_bearer":true} 
[2026-05-23 07:43:11] local.INFO: Extracted bearer token {"token_preview":"176|tvOdAV...","token_length":52} 
[2026-05-23 07:43:11] local.INFO: Found personal access token {"token_id":176,"user_id":76,"revoked":null} 
[2026-05-23 07:43:11] local.INFO: User authenticated via bearer token {"user_id":76,"user_email":"freelancezahedtesting@gmail.com"} 
[2026-05-23 07:43:11] local.INFO: Returning campaigns for user {"user_id":76,"campaign_count":0,"statuses":[]} 
[2026-05-23 07:43:41] local.INFO: ParseBearerToken middleware invoked {"path":"/api/v2/campaign","method":"GET","has_auth_header":true,"auth_header_preview":"Bearer 176|tvOdAVPlpdhBhLoAtuW...","is_bearer":true} 
[2026-05-23 07:43:41] local.INFO: Extracted bearer token {"token_preview":"176|tvOdAV...","token_length":52} 
[2026-05-23 07:43:41] local.INFO: Found personal access token {"token_id":176,"user_id":76,"revoked":null} 
[2026-05-23 07:43:41] local.INFO: User authenticated via bearer token {"user_id":76,"user_email":"freelancezahedtesting@gmail.com"} 
[2026-05-23 07:43:41] local.INFO: Returning campaigns for user {"user_id":76,"campaign_count":0,"statuses":[]} 
[2026-05-23 07:44:11] local.INFO: ParseBearerToken middleware invoked {"path":"/api/v2/campaign","method":"GET","has_auth_header":true,"auth_header_preview":"Bearer 176|tvOdAVPlpdhBhLoAtuW...","is_bearer":true} 
[2026-05-23 07:44:11] local.INFO: Extracted bearer token {"token_preview":"176|tvOdAV...","token_length":52} 
[2026-05-23 07:44:11] local.INFO: Found personal access token {"token_id":176,"user_id":76,"revoked":null} 
[2026-05-23 07:44:11] local.INFO: User authenticated via bearer token {"user_id":76,"user_email":"freelancezahedtesting@gmail.com"} 
[2026-05-23 07:44:11] local.INFO: Returning campaigns for user {"user_id":76,"campaign_count":0,"statuses":[]} 
[2026-05-23 07:44:41] local.INFO: ParseBearerToken middleware invoked {"path":"/api/v2/campaign","method":"GET","has_auth_header":true,"auth_header_preview":"Bearer 176|tvOdAVPlpdhBhLoAtuW...","is_bearer":true} 
[2026-05-23 07:44:41] local.INFO: Extracted bearer token {"token_preview":"176|tvOdAV...","token_length":52} 
[2026-05-23 07:44:41] local.INFO: Found personal access token {"token_id":176,"user_id":76,"revoked":null} 
[2026-05-23 07:44:41] local.INFO: User authenticated via bearer token {"user_id":76,"user_email":"freelancezahedtesting@gmail.com"} 
[2026-05-23 07:44:41] local.INFO: Returning campaigns for user {"user_id":76,"campaign_count":0,"statuses":[]} 
[2026-05-23 07:45:11] local.INFO: ParseBearerToken middleware invoked {"path":"/api/v2/campaign","method":"GET","has_auth_header":true,"auth_header_preview":"Bearer 176|tvOdAVPlpdhBhLoAtuW...","is_bearer":true} 
[2026-05-23 07:45:11] local.INFO: Extracted bearer token {"token_preview":"176|tvOdAV...","token_length":52} 
[2026-05-23 07:45:11] local.INFO: Found personal access token {"token_id":176,"user_id":76,"revoked":null} 
[2026-05-23 07:45:11] local.INFO: User authenticated via bearer token {"user_id":76,"user_email":"freelancezahedtesting@gmail.com"} 
[2026-05-23 07:45:11] local.INFO: Returning campaigns for user {"user_id":76,"campaign_count":0,"statuses":[]} 
[2026-05-23 07:45:41] local.INFO: ParseBearerToken middleware invoked {"path":"/api/v2/campaign","method":"GET","has_auth_header":true,"auth_header_preview":"Bearer 176|tvOdAVPlpdhBhLoAtuW...","is_bearer":true} 
[2026-05-23 07:45:41] local.INFO: Extracted bearer token {"token_preview":"176|tvOdAV...","token_length":52} 
[2026-05-23 07:45:41] local.INFO: Found personal access token {"token_id":176,"user_id":76,"revoked":null} 
[2026-05-23 07:45:41] local.INFO: User authenticated via bearer token {"user_id":76,"user_email":"freelancezahedtesting@gmail.com"} 
[2026-05-23 07:45:41] local.INFO: Returning campaigns for user {"user_id":76,"campaign_count":0,"statuses":[]} 
[2026-05-23 07:46:11] local.INFO: ParseBearerToken middleware invoked {"path":"/api/v2/campaign","method":"GET","has_auth_header":true,"auth_header_preview":"Bearer 176|tvOdAVPlpdhBhLoAtuW...","is_bearer":true} 
[2026-05-23 07:46:11] local.INFO: Extracted bearer token {"token_preview":"176|tvOdAV...","token_length":52} 
[2026-05-23 07:46:11] local.INFO: Found personal access token {"token_id":176,"user_id":76,"revoked":null} 
[2026-05-23 07:46:11] local.INFO: User authenticated via bearer token {"user_id":76,"user_email":"freelancezahedtesting@gmail.com"} 
[2026-05-23 07:46:11] local.INFO: Returning campaigns for user {"user_id":76,"campaign_count":0,"statuses":[]} 
[2026-05-23 07:46:41] local.INFO: ParseBearerToken middleware invoked {"path":"/api/v2/campaign","method":"GET","has_auth_header":true,"auth_header_preview":"Bearer 176|tvOdAVPlpdhBhLoAtuW...","is_bearer":true} 
[2026-05-23 07:46:41] local.INFO: Extracted bearer token {"token_preview":"176|tvOdAV...","token_length":52} 
[2026-05-23 07:46:41] local.INFO: Found personal access token {"token_id":176,"user_id":76,"revoked":null} 
[2026-05-23 07:46:41] local.INFO: User authenticated via bearer token {"user_id":76,"user_email":"freelancezahedtesting@gmail.com"} 
[2026-05-23 07:46:41] local.INFO: Returning campaigns for user {"user_id":76,"campaign_count":0,"statuses":[]} 
[2026-05-23 07:47:11] local.INFO: ParseBearerToken middleware invoked {"path":"/api/v2/campaign","method":"GET","has_auth_header":true,"auth_header_preview":"Bearer 176|tvOdAVPlpdhBhLoAtuW...","is_bearer":true} 
[2026-05-23 07:47:11] local.INFO: Extracted bearer token {"token_preview":"176|tvOdAV...","token_length":52} 
[2026-05-23 07:47:11] local.INFO: Found personal access token {"token_id":176,"user_id":76,"revoked":null} 
[2026-05-23 07:47:11] local.INFO: User authenticated via bearer token {"user_id":76,"user_email":"freelancezahedtesting@gmail.com"} 
[2026-05-23 07:47:11] local.INFO: Returning campaigns for user {"user_id":76,"campaign_count":0,"statuses":[]} 
[2026-05-23 07:47:41] local.INFO: ParseBearerToken middleware invoked {"path":"/api/v2/campaign","method":"GET","has_auth_header":true,"auth_header_preview":"Bearer 176|tvOdAVPlpdhBhLoAtuW...","is_bearer":true} 
[2026-05-23 07:47:41] local.INFO: Extracted bearer token {"token_preview":"176|tvOdAV...","token_length":52} 
[2026-05-23 07:47:41] local.INFO: Found personal access token {"token_id":176,"user_id":76,"revoked":null} 
[2026-05-23 07:47:41] local.INFO: User authenticated via bearer token {"user_id":76,"user_email":"freelancezahedtesting@gmail.com"} 
[2026-05-23 07:47:41] local.INFO: Returning campaigns for user {"user_id":76,"campaign_count":0,"statuses":[]} 
[2026-05-23 07:48:11] local.INFO: ParseBearerToken middleware invoked {"path":"/api/v2/campaign","method":"GET","has_auth_header":true,"auth_header_preview":"Bearer 176|tvOdAVPlpdhBhLoAtuW...","is_bearer":true} 
[2026-05-23 07:48:11] local.INFO: Extracted bearer token {"token_preview":"176|tvOdAV...","token_length":52} 
[2026-05-23 07:48:11] local.INFO: Found personal access token {"token_id":176,"user_id":76,"revoked":null} 
[2026-05-23 07:48:11] local.INFO: User authenticated via bearer token {"user_id":76,"user_email":"freelancezahedtesting@gmail.com"} 
[2026-05-23 07:48:11] local.INFO: Returning campaigns for user {"user_id":76,"campaign_count":0,"statuses":[]} 
[2026-05-23 07:48:41] local.INFO: ParseBearerToken middleware invoked {"path":"/api/v2/campaign","method":"GET","has_auth_header":true,"auth_header_preview":"Bearer 176|tvOdAVPlpdhBhLoAtuW...","is_bearer":true} 
[2026-05-23 07:48:41] local.INFO: Extracted bearer token {"token_preview":"176|tvOdAV...","token_length":52} 
[2026-05-23 07:48:41] local.INFO: Found personal access token {"token_id":176,"user_id":76,"revoked":null} 
[2026-05-23 07:48:41] local.INFO: User authenticated via bearer token {"user_id":76,"user_email":"freelancezahedtesting@gmail.com"} 
[2026-05-23 07:48:41] local.INFO: Returning campaigns for user {"user_id":76,"campaign_count":0,"statuses":[]} 
[2026-05-23 07:49:11] local.INFO: ParseBearerToken middleware invoked {"path":"/api/v2/campaign","method":"GET","has_auth_header":true,"auth_header_preview":"Bearer 176|tvOdAVPlpdhBhLoAtuW...","is_bearer":true} 
[2026-05-23 07:49:11] local.INFO: Extracted bearer token {"token_preview":"176|tvOdAV...","token_length":52} 
[2026-05-23 07:49:11] local.INFO: Found personal access token {"token_id":176,"user_id":76,"revoked":null} 
[2026-05-23 07:49:11] local.INFO: User authenticated via bearer token {"user_id":76,"user_email":"freelancezahedtesting@gmail.com"} 
[2026-05-23 07:49:11] local.INFO: Returning campaigns for user {"user_id":76,"campaign_count":0,"statuses":[]} 
[2026-05-23 07:49:41] local.INFO: ParseBearerToken middleware invoked {"path":"/api/v2/campaign","method":"GET","has_auth_header":true,"auth_header_preview":"Bearer 176|tvOdAVPlpdhBhLoAtuW...","is_bearer":true} 
[2026-05-23 07:49:41] local.INFO: Extracted bearer token {"token_preview":"176|tvOdAV...","token_length":52} 
[2026-05-23 07:49:41] local.INFO: Found personal access token {"token_id":176,"user_id":76,"revoked":null} 
[2026-05-23 07:49:41] local.INFO: User authenticated via bearer token {"user_id":76,"user_email":"freelancezahedtesting@gmail.com"} 
[2026-05-23 07:49:41] local.INFO: Returning campaigns for user {"user_id":76,"campaign_count":0,"statuses":[]} 
[2026-05-23 07:50:11] local.INFO: ParseBearerToken middleware invoked {"path":"/api/v2/campaign","method":"GET","has_auth_header":true,"auth_header_preview":"Bearer 176|tvOdAVPlpdhBhLoAtuW...","is_bearer":true} 
[2026-05-23 07:50:11] local.INFO: Extracted bearer token {"token_preview":"176|tvOdAV...","token_length":52} 
[2026-05-23 07:50:11] local.INFO: Found personal access token {"token_id":176,"user_id":76,"revoked":null} 
[2026-05-23 07:50:11] local.INFO: User authenticated via bearer token {"user_id":76,"user_email":"freelancezahedtesting@gmail.com"} 
[2026-05-23 07:50:11] local.INFO: Returning campaigns for user {"user_id":76,"campaign_count":0,"statuses":[]} 
[2026-05-23 07:50:40] local.INFO: ParseBearerToken middleware invoked {"path":"/api/v2/campaign","method":"GET","has_auth_header":true,"auth_header_preview":"Bearer 176|tvOdAVPlpdhBhLoAtuW...","is_bearer":true} 
[2026-05-23 07:50:40] local.INFO: Extracted bearer token {"token_preview":"176|tvOdAV...","token_length":52} 
[2026-05-23 07:50:40] local.INFO: Found personal access token {"token_id":176,"user_id":76,"revoked":null} 
[2026-05-23 07:50:40] local.INFO: User authenticated via bearer token {"user_id":76,"user_email":"freelancezahedtesting@gmail.com"} 
[2026-05-23 07:50:40] local.INFO: Returning campaigns for user {"user_id":76,"campaign_count":0,"statuses":[]} 
[2026-05-23 07:51:11] local.INFO: ParseBearerToken middleware invoked {"path":"/api/v2/campaign","method":"GET","has_auth_header":true,"auth_header_preview":"Bearer 176|tvOdAVPlpdhBhLoAtuW...","is_bearer":true} 
[2026-05-23 07:51:11] local.INFO: Extracted bearer token {"token_preview":"176|tvOdAV...","token_length":52} 
[2026-05-23 07:51:11] local.INFO: Found personal access token {"token_id":176,"user_id":76,"revoked":null} 
[2026-05-23 07:51:11] local.INFO: User authenticated via bearer token {"user_id":76,"user_email":"freelancezahedtesting@gmail.com"} 
[2026-05-23 07:51:11] local.INFO: Returning campaigns for user {"user_id":76,"campaign_count":0,"statuses":[]} 
[2026-05-23 07:51:41] local.INFO: ParseBearerToken middleware invoked {"path":"/api/v2/campaign","method":"GET","has_auth_header":true,"auth_header_preview":"Bearer 176|tvOdAVPlpdhBhLoAtuW...","is_bearer":true} 
[2026-05-23 07:51:41] local.INFO: Extracted bearer token {"token_preview":"176|tvOdAV...","token_length":52} 
[2026-05-23 07:51:41] local.INFO: Found personal access token {"token_id":176,"user_id":76,"revoked":null} 
[2026-05-23 07:51:41] local.INFO: User authenticated via bearer token {"user_id":76,"user_email":"freelancezahedtesting@gmail.com"} 
[2026-05-23 07:51:41] local.INFO: Returning campaigns for user {"user_id":76,"campaign_count":0,"statuses":[]} 
[2026-05-23 07:52:11] local.INFO: ParseBearerToken middleware invoked {"path":"/api/v2/campaign","method":"GET","has_auth_header":true,"auth_header_preview":"Bearer 176|tvOdAVPlpdhBhLoAtuW...","is_bearer":true} 
[2026-05-23 07:52:11] local.INFO: Extracted bearer token {"token_preview":"176|tvOdAV...","token_length":52} 
[2026-05-23 07:52:11] local.INFO: Found personal access token {"token_id":176,"user_id":76,"revoked":null} 
[2026-05-23 07:52:11] local.INFO: User authenticated via bearer token {"user_id":76,"user_email":"freelancezahedtesting@gmail.com"} 
[2026-05-23 07:52:11] local.INFO: Returning campaigns for user {"user_id":76,"campaign_count":0,"statuses":[]} 
[2026-05-23 07:52:40] local.INFO: ParseBearerToken middleware invoked {"path":"/api/v2/campaign","method":"GET","has_auth_header":true,"auth_header_preview":"Bearer 176|tvOdAVPlpdhBhLoAtuW...","is_bearer":true} 
[2026-05-23 07:52:40] local.INFO: Extracted bearer token {"token_preview":"176|tvOdAV...","token_length":52} 
[2026-05-23 07:52:40] local.INFO: Found personal access token {"token_id":176,"user_id":76,"revoked":null} 
[2026-05-23 07:52:40] local.INFO: User authenticated via bearer token {"user_id":76,"user_email":"freelancezahedtesting@gmail.com"} 
[2026-05-23 07:52:40] local.INFO: Returning campaigns for user {"user_id":76,"campaign_count":0,"statuses":[]} 
[2026-05-23 07:53:10] local.INFO: ParseBearerToken middleware invoked {"path":"/api/v2/campaign","method":"GET","has_auth_header":true,"auth_header_preview":"Bearer 176|tvOdAVPlpdhBhLoAtuW...","is_bearer":true} 
[2026-05-23 07:53:10] local.INFO: Extracted bearer token {"token_preview":"176|tvOdAV...","token_length":52} 
[2026-05-23 07:53:10] local.INFO: Found personal access token {"token_id":176,"user_id":76,"revoked":null} 
[2026-05-23 07:53:10] local.INFO: User authenticated via bearer token {"user_id":76,"user_email":"freelancezahedtesting@gmail.com"} 
[2026-05-23 07:53:10] local.INFO: Returning campaigns for user {"user_id":76,"campaign_count":0,"statuses":[]} 
[2026-05-23 07:53:40] local.INFO: ParseBearerToken middleware invoked {"path":"/api/v2/campaign","method":"GET","has_auth_header":true,"auth_header_preview":"Bearer 176|tvOdAVPlpdhBhLoAtuW...","is_bearer":true} 
[2026-05-23 07:53:40] local.INFO: Extracted bearer token {"token_preview":"176|tvOdAV...","token_length":52} 
[2026-05-23 07:53:40] local.INFO: Found personal access token {"token_id":176,"user_id":76,"revoked":null} 
[2026-05-23 07:53:40] local.INFO: User authenticated via bearer token {"user_id":76,"user_email":"freelancezahedtesting@gmail.com"} 
[2026-05-23 07:53:41] local.INFO: Returning campaigns for user {"user_id":76,"campaign_count":0,"statuses":[]} 
[2026-05-23 07:54:10] local.INFO: ParseBearerToken middleware invoked {"path":"/api/v2/campaign","method":"GET","has_auth_header":true,"auth_header_preview":"Bearer 176|tvOdAVPlpdhBhLoAtuW...","is_bearer":true} 
[2026-05-23 07:54:10] local.INFO: Extracted bearer token {"token_preview":"176|tvOdAV...","token_length":52} 
[2026-05-23 07:54:10] local.INFO: Found personal access token {"token_id":176,"user_id":76,"revoked":null} 
[2026-05-23 07:54:11] local.INFO: User authenticated via bearer token {"user_id":76,"user_email":"freelancezahedtesting@gmail.com"} 
[2026-05-23 07:54:11] local.INFO: Returning campaigns for user {"user_id":76,"campaign_count":0,"statuses":[]} 
[2026-05-23 07:54:41] local.INFO: ParseBearerToken middleware invoked {"path":"/api/v2/campaign","method":"GET","has_auth_header":true,"auth_header_preview":"Bearer 176|tvOdAVPlpdhBhLoAtuW...","is_bearer":true} 
[2026-05-23 07:54:41] local.INFO: Extracted bearer token {"token_preview":"176|tvOdAV...","token_length":52} 
[2026-05-23 07:54:41] local.INFO: Found personal access token {"token_id":176,"user_id":76,"revoked":null} 
[2026-05-23 07:54:41] local.INFO: User authenticated via bearer token {"user_id":76,"user_email":"freelancezahedtesting@gmail.com"} 
[2026-05-23 07:54:41] local.INFO: Returning campaigns for user {"user_id":76,"campaign_count":0,"statuses":[]} 
[2026-05-23 07:55:11] local.INFO: ParseBearerToken middleware invoked {"path":"/api/v2/campaign","method":"GET","has_auth_header":true,"auth_header_preview":"Bearer 176|tvOdAVPlpdhBhLoAtuW...","is_bearer":true} 
[2026-05-23 07:55:11] local.INFO: Extracted bearer token {"token_preview":"176|tvOdAV...","token_length":52} 
[2026-05-23 07:55:11] local.INFO: Found personal access token {"token_id":176,"user_id":76,"revoked":null} 
[2026-05-23 07:55:11] local.INFO: User authenticated via bearer token {"user_id":76,"user_email":"freelancezahedtesting@gmail.com"} 
[2026-05-23 07:55:11] local.INFO: Returning campaigns for user {"user_id":76,"campaign_count":0,"statuses":[]} 
[2026-05-23 07:55:41] local.INFO: ParseBearerToken middleware invoked {"path":"/api/v2/campaign","method":"GET","has_auth_header":true,"auth_header_preview":"Bearer 176|tvOdAVPlpdhBhLoAtuW...","is_bearer":true} 
[2026-05-23 07:55:41] local.INFO: Extracted bearer token {"token_preview":"176|tvOdAV...","token_length":52} 
[2026-05-23 07:55:41] local.INFO: Found personal access token {"token_id":176,"user_id":76,"revoked":null} 
[2026-05-23 07:55:41] local.INFO: User authenticated via bearer token {"user_id":76,"user_email":"freelancezahedtesting@gmail.com"} 
[2026-05-23 07:55:41] local.INFO: Returning campaigns for user {"user_id":76,"campaign_count":0,"statuses":[]} 
[2026-05-23 07:56:11] local.INFO: ParseBearerToken middleware invoked {"path":"/api/v2/campaign","method":"GET","has_auth_header":true,"auth_header_preview":"Bearer 176|tvOdAVPlpdhBhLoAtuW...","is_bearer":true} 
[2026-05-23 07:56:11] local.INFO: Extracted bearer token {"token_preview":"176|tvOdAV...","token_length":52} 
[2026-05-23 07:56:11] local.INFO: Found personal access token {"token_id":176,"user_id":76,"revoked":null} 
[2026-05-23 07:56:11] local.INFO: User authenticated via bearer token {"user_id":76,"user_email":"freelancezahedtesting@gmail.com"} 
[2026-05-23 07:56:11] local.INFO: Returning campaigns for user {"user_id":76,"campaign_count":0,"statuses":[]} 
[2026-05-23 07:56:41] local.INFO: ParseBearerToken middleware invoked {"path":"/api/v2/campaign","method":"GET","has_auth_header":true,"auth_header_preview":"Bearer 176|tvOdAVPlpdhBhLoAtuW...","is_bearer":true} 
[2026-05-23 07:56:41] local.INFO: Extracted bearer token {"token_preview":"176|tvOdAV...","token_length":52} 
[2026-05-23 07:56:41] local.INFO: Found personal access token {"token_id":176,"user_id":76,"revoked":null} 
[2026-05-23 07:56:41] local.INFO: User authenticated via bearer token {"user_id":76,"user_email":"freelancezahedtesting@gmail.com"} 
[2026-05-23 07:56:41] local.INFO: Returning campaigns for user {"user_id":76,"campaign_count":0,"statuses":[]} 
[2026-05-23 07:57:11] local.INFO: ParseBearerToken middleware invoked {"path":"/api/v2/campaign","method":"GET","has_auth_header":true,"auth_header_preview":"Bearer 176|tvOdAVPlpdhBhLoAtuW...","is_bearer":true} 
[2026-05-23 07:57:11] local.INFO: Extracted bearer token {"token_preview":"176|tvOdAV...","token_length":52} 
[2026-05-23 07:57:11] local.INFO: Found personal access token {"token_id":176,"user_id":76,"revoked":null} 
[2026-05-23 07:57:11] local.INFO: User authenticated via bearer token {"user_id":76,"user_email":"freelancezahedtesting@gmail.com"} 
[2026-05-23 07:57:11] local.INFO: Returning campaigns for user {"user_id":76,"campaign_count":0,"statuses":[]} 
[2026-05-23 07:57:41] local.INFO: ParseBearerToken middleware invoked {"path":"/api/v2/campaign","method":"GET","has_auth_header":true,"auth_header_preview":"Bearer 176|tvOdAVPlpdhBhLoAtuW...","is_bearer":true} 
[2026-05-23 07:57:41] local.INFO: Extracted bearer token {"token_preview":"176|tvOdAV...","token_length":52} 
[2026-05-23 07:57:41] local.INFO: Found personal access token {"token_id":176,"user_id":76,"revoked":null} 
[2026-05-23 07:57:41] local.INFO: User authenticated via bearer token {"user_id":76,"user_email":"freelancezahedtesting@gmail.com"} 
[2026-05-23 07:57:41] local.INFO: Returning campaigns for user {"user_id":76,"campaign_count":0,"statuses":[]} 
[2026-05-23 07:58:10] local.INFO: ParseBearerToken middleware invoked {"path":"/api/v2/campaign","method":"GET","has_auth_header":true,"auth_header_preview":"Bearer 176|tvOdAVPlpdhBhLoAtuW...","is_bearer":true} 
[2026-05-23 07:58:10] local.INFO: Extracted bearer token {"token_preview":"176|tvOdAV...","token_length":52} 
[2026-05-23 07:58:10] local.INFO: Found personal access token {"token_id":176,"user_id":76,"revoked":null} 
[2026-05-23 07:58:10] local.INFO: User authenticated via bearer token {"user_id":76,"user_email":"freelancezahedtesting@gmail.com"} 
[2026-05-23 07:58:10] local.INFO: Returning campaigns for user {"user_id":76,"campaign_count":0,"statuses":[]} 
[2026-05-23 07:58:41] local.INFO: ParseBearerToken middleware invoked {"path":"/api/v2/campaign","method":"GET","has_auth_header":true,"auth_header_preview":"Bearer 176|tvOdAVPlpdhBhLoAtuW...","is_bearer":true} 
[2026-05-23 07:58:41] local.INFO: Extracted bearer token {"token_preview":"176|tvOdAV...","token_length":52} 
[2026-05-23 07:58:41] local.INFO: Found personal access token {"token_id":176,"user_id":76,"revoked":null} 
[2026-05-23 07:58:41] local.INFO: User authenticated via bearer token {"user_id":76,"user_email":"freelancezahedtesting@gmail.com"} 
[2026-05-23 07:58:41] local.INFO: Returning campaigns for user {"user_id":76,"campaign_count":0,"statuses":[]} 
[2026-05-23 07:59:10] local.INFO: ParseBearerToken middleware invoked {"path":"/api/v2/campaign","method":"GET","has_auth_header":true,"auth_header_preview":"Bearer 176|tvOdAVPlpdhBhLoAtuW...","is_bearer":true} 
[2026-05-23 07:59:10] local.INFO: Extracted bearer token {"token_preview":"176|tvOdAV...","token_length":52} 
[2026-05-23 07:59:10] local.INFO: Found personal access token {"token_id":176,"user_id":76,"revoked":null} 
[2026-05-23 07:59:10] local.INFO: User authenticated via bearer token {"user_id":76,"user_email":"freelancezahedtesting@gmail.com"} 
[2026-05-23 07:59:10] local.INFO: Returning campaigns for user {"user_id":76,"campaign_count":0,"statuses":[]} 
[2026-05-23 07:59:40] local.INFO: ParseBearerToken middleware invoked {"path":"/api/v2/campaign","method":"GET","has_auth_header":true,"auth_header_preview":"Bearer 176|tvOdAVPlpdhBhLoAtuW...","is_bearer":true} 
[2026-05-23 07:59:40] local.INFO: Extracted bearer token {"token_preview":"176|tvOdAV...","token_length":52} 
[2026-05-23 07:59:40] local.INFO: Found personal access token {"token_id":176,"user_id":76,"revoked":null} 
[2026-05-23 07:59:40] local.INFO: User authenticated via bearer token {"user_id":76,"user_email":"freelancezahedtesting@gmail.com"} 
[2026-05-23 07:59:40] local.INFO: Returning campaigns for user {"user_id":76,"campaign_count":0,"statuses":[]} 
[2026-05-23 08:00:11] local.INFO: ParseBearerToken middleware invoked {"path":"/api/v2/campaign","method":"GET","has_auth_header":true,"auth_header_preview":"Bearer 176|tvOdAVPlpdhBhLoAtuW...","is_bearer":true} 
[2026-05-23 08:00:11] local.INFO: Extracted bearer token {"token_preview":"176|tvOdAV...","token_length":52} 
[2026-05-23 08:00:11] local.INFO: Found personal access token {"token_id":176,"user_id":76,"revoked":null} 
[2026-05-23 08:00:11] local.INFO: User authenticated via bearer token {"user_id":76,"user_email":"freelancezahedtesting@gmail.com"} 
[2026-05-23 08:00:11] local.INFO: Returning campaigns for user {"user_id":76,"campaign_count":0,"statuses":[]} 
[2026-05-23 08:00:40] local.INFO: ParseBearerToken middleware invoked {"path":"/api/v2/campaign","method":"GET","has_auth_header":true,"auth_header_preview":"Bearer 176|tvOdAVPlpdhBhLoAtuW...","is_bearer":true} 
[2026-05-23 08:00:40] local.INFO: Extracted bearer token {"token_preview":"176|tvOdAV...","token_length":52} 
[2026-05-23 08:00:40] local.INFO: Found personal access token {"token_id":176,"user_id":76,"revoked":null} 
[2026-05-23 08:00:40] local.INFO: User authenticated via bearer token {"user_id":76,"user_email":"freelancezahedtesting@gmail.com"} 
[2026-05-23 08:00:40] local.INFO: Returning campaigns for user {"user_id":76,"campaign_count":0,"statuses":[]} 
[2026-05-23 08:01:11] local.INFO: ParseBearerToken middleware invoked {"path":"/api/v2/campaign","method":"GET","has_auth_header":true,"auth_header_preview":"Bearer 176|tvOdAVPlpdhBhLoAtuW...","is_bearer":true} 
[2026-05-23 08:01:11] local.INFO: Extracted bearer token {"token_preview":"176|tvOdAV...","token_length":52} 
[2026-05-23 08:01:11] local.INFO: Found personal access token {"token_id":176,"user_id":76,"revoked":null} 
[2026-05-23 08:01:11] local.INFO: User authenticated via bearer token {"user_id":76,"user_email":"freelancezahedtesting@gmail.com"} 
[2026-05-23 08:01:11] local.INFO: Returning campaigns for user {"user_id":76,"campaign_count":0,"statuses":[]} 
[2026-05-23 08:01:41] local.INFO: ParseBearerToken middleware invoked {"path":"/api/v2/campaign","method":"GET","has_auth_header":true,"auth_header_preview":"Bearer 176|tvOdAVPlpdhBhLoAtuW...","is_bearer":true} 
[2026-05-23 08:01:41] local.INFO: Extracted bearer token {"token_preview":"176|tvOdAV...","token_length":52} 
[2026-05-23 08:01:41] local.INFO: Found personal access token {"token_id":176,"user_id":76,"revoked":null} 
[2026-05-23 08:01:41] local.INFO: User authenticated via bearer token {"user_id":76,"user_email":"freelancezahedtesting@gmail.com"} 
[2026-05-23 08:01:41] local.INFO: Returning campaigns for user {"user_id":76,"campaign_count":0,"statuses":[]} 
[2026-05-23 08:02:10] local.INFO: ParseBearerToken middleware invoked {"path":"/api/v2/campaign","method":"GET","has_auth_header":true,"auth_header_preview":"Bearer 176|tvOdAVPlpdhBhLoAtuW...","is_bearer":true} 
[2026-05-23 08:02:10] local.INFO: Extracted bearer token {"token_preview":"176|tvOdAV...","token_length":52} 
[2026-05-23 08:02:10] local.INFO: Found personal access token {"token_id":176,"user_id":76,"revoked":null} 
[2026-05-23 08:02:10] local.INFO: User authenticated via bearer token {"user_id":76,"user_email":"freelancezahedtesting@gmail.com"} 
[2026-05-23 08:02:10] local.INFO: Returning campaigns for user {"user_id":76,"campaign_count":0,"statuses":[]} 
[2026-05-23 08:02:40] local.INFO: ParseBearerToken middleware invoked {"path":"/api/v2/campaign","method":"GET","has_auth_header":true,"auth_header_preview":"Bearer 176|tvOdAVPlpdhBhLoAtuW...","is_bearer":true} 
[2026-05-23 08:02:40] local.INFO: Extracted bearer token {"token_preview":"176|tvOdAV...","token_length":52} 
[2026-05-23 08:02:40] local.INFO: Found personal access token {"token_id":176,"user_id":76,"revoked":null} 
[2026-05-23 08:02:40] local.INFO: User authenticated via bearer token {"user_id":76,"user_email":"freelancezahedtesting@gmail.com"} 
[2026-05-23 08:02:40] local.INFO: Returning campaigns for user {"user_id":76,"campaign_count":0,"statuses":[]} 
[2026-05-23 08:03:10] local.INFO: ParseBearerToken middleware invoked {"path":"/api/v2/campaign","method":"GET","has_auth_header":true,"auth_header_preview":"Bearer 176|tvOdAVPlpdhBhLoAtuW...","is_bearer":true} 
[2026-05-23 08:03:10] local.INFO: Extracted bearer token {"token_preview":"176|tvOdAV...","token_length":52} 
[2026-05-23 08:03:10] local.INFO: Found personal access token {"token_id":176,"user_id":76,"revoked":null} 
[2026-05-23 08:03:11] local.INFO: User authenticated via bearer token {"user_id":76,"user_email":"freelancezahedtesting@gmail.com"} 
[2026-05-23 08:03:11] local.INFO: Returning campaigns for user {"user_id":76,"campaign_count":0,"statuses":[]} 
[2026-05-23 08:03:40] local.INFO: ParseBearerToken middleware invoked {"path":"/api/v2/campaign","method":"GET","has_auth_header":true,"auth_header_preview":"Bearer 176|tvOdAVPlpdhBhLoAtuW...","is_bearer":true} 
[2026-05-23 08:03:40] local.INFO: Extracted bearer token {"token_preview":"176|tvOdAV...","token_length":52} 
[2026-05-23 08:03:40] local.INFO: Found personal access token {"token_id":176,"user_id":76,"revoked":null} 
[2026-05-23 08:03:40] local.INFO: User authenticated via bearer token {"user_id":76,"user_email":"freelancezahedtesting@gmail.com"} 
[2026-05-23 08:03:40] local.INFO: Returning campaigns for user {"user_id":76,"campaign_count":0,"statuses":[]} 
[2026-05-23 08:04:11] local.INFO: ParseBearerToken middleware invoked {"path":"/api/v2/campaign","method":"GET","has_auth_header":true,"auth_header_preview":"Bearer 176|tvOdAVPlpdhBhLoAtuW...","is_bearer":true} 
[2026-05-23 08:04:11] local.INFO: Extracted bearer token {"token_preview":"176|tvOdAV...","token_length":52} 
[2026-05-23 08:04:11] local.INFO: Found personal access token {"token_id":176,"user_id":76,"revoked":null} 
[2026-05-23 08:04:11] local.INFO: User authenticated via bearer token {"user_id":76,"user_email":"freelancezahedtesting@gmail.com"} 
[2026-05-23 08:04:11] local.INFO: Returning campaigns for user {"user_id":76,"campaign_count":0,"statuses":[]} 
[2026-05-23 08:04:41] local.INFO: ParseBearerToken middleware invoked {"path":"/api/v2/campaign","method":"GET","has_auth_header":true,"auth_header_preview":"Bearer 176|tvOdAVPlpdhBhLoAtuW...","is_bearer":true} 
[2026-05-23 08:04:41] local.INFO: Extracted bearer token {"token_preview":"176|tvOdAV...","token_length":52} 
[2026-05-23 08:04:41] local.INFO: Found personal access token {"token_id":176,"user_id":76,"revoked":null} 
[2026-05-23 08:04:41] local.INFO: User authenticated via bearer token {"user_id":76,"user_email":"freelancezahedtesting@gmail.com"} 
[2026-05-23 08:04:41] local.INFO: Returning campaigns for user {"user_id":76,"campaign_count":0,"statuses":[]} 
[2026-05-23 08:05:11] local.INFO: ParseBearerToken middleware invoked {"path":"/api/v2/campaign","method":"GET","has_auth_header":true,"auth_header_preview":"Bearer 176|tvOdAVPlpdhBhLoAtuW...","is_bearer":true} 
[2026-05-23 08:05:11] local.INFO: Extracted bearer token {"token_preview":"176|tvOdAV...","token_length":52} 
[2026-05-23 08:05:11] local.INFO: Found personal access token {"token_id":176,"user_id":76,"revoked":null} 
[2026-05-23 08:05:11] local.INFO: User authenticated via bearer token {"user_id":76,"user_email":"freelancezahedtesting@gmail.com"} 
[2026-05-23 08:05:11] local.INFO: Returning campaigns for user {"user_id":76,"campaign_count":0,"statuses":[]} 
[2026-05-23 08:05:40] local.INFO: ParseBearerToken middleware invoked {"path":"/api/v2/campaign","method":"GET","has_auth_header":true,"auth_header_preview":"Bearer 176|tvOdAVPlpdhBhLoAtuW...","is_bearer":true} 
[2026-05-23 08:05:40] local.INFO: Extracted bearer token {"token_preview":"176|tvOdAV...","token_length":52} 
[2026-05-23 08:05:40] local.INFO: Found personal access token {"token_id":176,"user_id":76,"revoked":null} 
[2026-05-23 08:05:40] local.INFO: User authenticated via bearer token {"user_id":76,"user_email":"freelancezahedtesting@gmail.com"} 
[2026-05-23 08:05:41] local.INFO: Returning campaigns for user {"user_id":76,"campaign_count":0,"statuses":[]} 
[2026-05-23 08:06:10] local.INFO: ParseBearerToken middleware invoked {"path":"/api/v2/campaign","method":"GET","has_auth_header":true,"auth_header_preview":"Bearer 176|tvOdAVPlpdhBhLoAtuW...","is_bearer":true} 
[2026-05-23 08:06:10] local.INFO: Extracted bearer token {"token_preview":"176|tvOdAV...","token_length":52} 
[2026-05-23 08:06:10] local.INFO: Found personal access token {"token_id":176,"user_id":76,"revoked":null} 
[2026-05-23 08:06:10] local.INFO: User authenticated via bearer token {"user_id":76,"user_email":"freelancezahedtesting@gmail.com"} 
[2026-05-23 08:06:10] local.INFO: Returning campaigns for user {"user_id":76,"campaign_count":0,"statuses":[]} 
[2026-05-23 08:06:41] local.INFO: ParseBearerToken middleware invoked {"path":"/api/v2/campaign","method":"GET","has_auth_header":true,"auth_header_preview":"Bearer 176|tvOdAVPlpdhBhLoAtuW...","is_bearer":true} 
[2026-05-23 08:06:41] local.INFO: Extracted bearer token {"token_preview":"176|tvOdAV...","token_length":52} 
[2026-05-23 08:06:41] local.INFO: Found personal access token {"token_id":176,"user_id":76,"revoked":null} 
[2026-05-23 08:06:41] local.INFO: User authenticated via bearer token {"user_id":76,"user_email":"freelancezahedtesting@gmail.com"} 
[2026-05-23 08:06:41] local.INFO: Returning campaigns for user {"user_id":76,"campaign_count":0,"statuses":[]} 
[2026-05-23 08:07:11] local.INFO: ParseBearerToken middleware invoked {"path":"/api/v2/campaign","method":"GET","has_auth_header":true,"auth_header_preview":"Bearer 176|tvOdAVPlpdhBhLoAtuW...","is_bearer":true} 
[2026-05-23 08:07:11] local.INFO: Extracted bearer token {"token_preview":"176|tvOdAV...","token_length":52} 
[2026-05-23 08:07:11] local.INFO: Found personal access token {"token_id":176,"user_id":76,"revoked":null} 
[2026-05-23 08:07:11] local.INFO: User authenticated via bearer token {"user_id":76,"user_email":"freelancezahedtesting@gmail.com"} 
[2026-05-23 08:07:11] local.INFO: Returning campaigns for user {"user_id":76,"campaign_count":0,"statuses":[]} 
[2026-05-23 08:07:40] local.INFO: ParseBearerToken middleware invoked {"path":"/api/v2/campaign","method":"GET","has_auth_header":true,"auth_header_preview":"Bearer 176|tvOdAVPlpdhBhLoAtuW...","is_bearer":true} 
[2026-05-23 08:07:40] local.INFO: Extracted bearer token {"token_preview":"176|tvOdAV...","token_length":52} 
[2026-05-23 08:07:40] local.INFO: Found personal access token {"token_id":176,"user_id":76,"revoked":null} 
[2026-05-23 08:07:40] local.INFO: User authenticated via bearer token {"user_id":76,"user_email":"freelancezahedtesting@gmail.com"} 
[2026-05-23 08:07:40] local.INFO: Returning campaigns for user {"user_id":76,"campaign_count":0,"statuses":[]} 
[2026-05-23 08:08:10] local.INFO: ParseBearerToken middleware invoked {"path":"/api/v2/campaign","method":"GET","has_auth_header":true,"auth_header_preview":"Bearer 176|tvOdAVPlpdhBhLoAtuW...","is_bearer":true} 
[2026-05-23 08:08:10] local.INFO: Extracted bearer token {"token_preview":"176|tvOdAV...","token_length":52} 
[2026-05-23 08:08:10] local.INFO: Found personal access token {"token_id":176,"user_id":76,"revoked":null} 
[2026-05-23 08:08:10] local.INFO: User authenticated via bearer token {"user_id":76,"user_email":"freelancezahedtesting@gmail.com"} 
[2026-05-23 08:08:10] local.INFO: Returning campaigns for user {"user_id":76,"campaign_count":0,"statuses":[]} 
[2026-05-23 08:08:40] local.INFO: ParseBearerToken middleware invoked {"path":"/api/v2/campaign","method":"GET","has_auth_header":true,"auth_header_preview":"Bearer 176|tvOdAVPlpdhBhLoAtuW...","is_bearer":true} 
[2026-05-23 08:08:40] local.INFO: Extracted bearer token {"token_preview":"176|tvOdAV...","token_length":52} 
[2026-05-23 08:08:41] local.INFO: Found personal access token {"token_id":176,"user_id":76,"revoked":null} 
[2026-05-23 08:08:41] local.INFO: User authenticated via bearer token {"user_id":76,"user_email":"freelancezahedtesting@gmail.com"} 
[2026-05-23 08:08:41] local.INFO: Returning campaigns for user {"user_id":76,"campaign_count":0,"statuses":[]} 
[2026-05-23 08:09:10] local.INFO: ParseBearerToken middleware invoked {"path":"/api/v2/campaign","method":"GET","has_auth_header":true,"auth_header_preview":"Bearer 176|tvOdAVPlpdhBhLoAtuW...","is_bearer":true} 
[2026-05-23 08:09:10] local.INFO: Extracted bearer token {"token_preview":"176|tvOdAV...","token_length":52} 
[2026-05-23 08:09:10] local.INFO: Found personal access token {"token_id":176,"user_id":76,"revoked":null} 
[2026-05-23 08:09:11] local.INFO: User authenticated via bearer token {"user_id":76,"user_email":"freelancezahedtesting@gmail.com"} 
[2026-05-23 08:09:11] local.INFO: Returning campaigns for user {"user_id":76,"campaign_count":0,"statuses":[]} 
[2026-05-23 08:09:41] local.INFO: ParseBearerToken middleware invoked {"path":"/api/v2/campaign","method":"GET","has_auth_header":true,"auth_header_preview":"Bearer 176|tvOdAVPlpdhBhLoAtuW...","is_bearer":true} 
[2026-05-23 08:09:41] local.INFO: Extracted bearer token {"token_preview":"176|tvOdAV...","token_length":52} 
[2026-05-23 08:09:41] local.INFO: Found personal access token {"token_id":176,"user_id":76,"revoked":null} 
[2026-05-23 08:09:41] local.INFO: User authenticated via bearer token {"user_id":76,"user_email":"freelancezahedtesting@gmail.com"} 
[2026-05-23 08:09:41] local.INFO: Returning campaigns for user {"user_id":76,"campaign_count":0,"statuses":[]} 
[2026-05-23 08:10:10] local.INFO: ParseBearerToken middleware invoked {"path":"/api/v2/campaign","method":"GET","has_auth_header":true,"auth_header_preview":"Bearer 176|tvOdAVPlpdhBhLoAtuW...","is_bearer":true} 
[2026-05-23 08:10:10] local.INFO: Extracted bearer token {"token_preview":"176|tvOdAV...","token_length":52} 
[2026-05-23 08:10:10] local.INFO: Found personal access token {"token_id":176,"user_id":76,"revoked":null} 
[2026-05-23 08:10:10] local.INFO: User authenticated via bearer token {"user_id":76,"user_email":"freelancezahedtesting@gmail.com"} 
[2026-05-23 08:10:10] local.INFO: Returning campaigns for user {"user_id":76,"campaign_count":0,"statuses":[]} 
[2026-05-23 08:10:41] local.INFO: ParseBearerToken middleware invoked {"path":"/api/v2/campaign","method":"GET","has_auth_header":true,"auth_header_preview":"Bearer 176|tvOdAVPlpdhBhLoAtuW...","is_bearer":true} 
[2026-05-23 08:10:41] local.INFO: Extracted bearer token {"token_preview":"176|tvOdAV...","token_length":52} 
[2026-05-23 08:10:41] local.INFO: Found personal access token {"token_id":176,"user_id":76,"revoked":null} 
[2026-05-23 08:10:41] local.INFO: User authenticated via bearer token {"user_id":76,"user_email":"freelancezahedtesting@gmail.com"} 
[2026-05-23 08:10:41] local.INFO: Returning campaigns for user {"user_id":76,"campaign_count":0,"statuses":[]} 
[2026-05-23 08:11:10] local.INFO: ParseBearerToken middleware invoked {"path":"/api/v2/campaign","method":"GET","has_auth_header":true,"auth_header_preview":"Bearer 176|tvOdAVPlpdhBhLoAtuW...","is_bearer":true} 
[2026-05-23 08:11:10] local.INFO: Extracted bearer token {"token_preview":"176|tvOdAV...","token_length":52} 
[2026-05-23 08:11:10] local.INFO: Found personal access token {"token_id":176,"user_id":76,"revoked":null} 
[2026-05-23 08:11:10] local.INFO: User authenticated via bearer token {"user_id":76,"user_email":"freelancezahedtesting@gmail.com"} 
[2026-05-23 08:11:10] local.INFO: Returning campaigns for user {"user_id":76,"campaign_count":0,"statuses":[]} 
[2026-05-23 08:11:40] local.INFO: ParseBearerToken middleware invoked {"path":"/api/v2/campaign","method":"GET","has_auth_header":true,"auth_header_preview":"Bearer 176|tvOdAVPlpdhBhLoAtuW...","is_bearer":true} 
[2026-05-23 08:11:40] local.INFO: Extracted bearer token {"token_preview":"176|tvOdAV...","token_length":52} 
[2026-05-23 08:11:41] local.INFO: Found personal access token {"token_id":176,"user_id":76,"revoked":null} 
[2026-05-23 08:11:41] local.INFO: User authenticated via bearer token {"user_id":76,"user_email":"freelancezahedtesting@gmail.com"} 
[2026-05-23 08:11:41] local.INFO: Returning campaigns for user {"user_id":76,"campaign_count":0,"statuses":[]} 
[2026-05-23 08:12:11] local.INFO: ParseBearerToken middleware invoked {"path":"/api/v2/campaign","method":"GET","has_auth_header":true,"auth_header_preview":"Bearer 176|tvOdAVPlpdhBhLoAtuW...","is_bearer":true} 
[2026-05-23 08:12:11] local.INFO: Extracted bearer token {"token_preview":"176|tvOdAV...","token_length":52} 
[2026-05-23 08:12:11] local.INFO: Found personal access token {"token_id":176,"user_id":76,"revoked":null} 
[2026-05-23 08:12:11] local.INFO: User authenticated via bearer token {"user_id":76,"user_email":"freelancezahedtesting@gmail.com"} 
[2026-05-23 08:12:11] local.INFO: Returning campaigns for user {"user_id":76,"campaign_count":0,"statuses":[]} 
[2026-05-23 08:12:41] local.INFO: ParseBearerToken middleware invoked {"path":"/api/v2/campaign","method":"GET","has_auth_header":true,"auth_header_preview":"Bearer 176|tvOdAVPlpdhBhLoAtuW...","is_bearer":true} 
[2026-05-23 08:12:41] local.INFO: Extracted bearer token {"token_preview":"176|tvOdAV...","token_length":52} 
[2026-05-23 08:12:41] local.INFO: Found personal access token {"token_id":176,"user_id":76,"revoked":null} 
[2026-05-23 08:12:41] local.INFO: User authenticated via bearer token {"user_id":76,"user_email":"freelancezahedtesting@gmail.com"} 
[2026-05-23 08:12:41] local.INFO: Returning campaigns for user {"user_id":76,"campaign_count":0,"statuses":[]} 
[2026-05-23 08:13:11] local.INFO: ParseBearerToken middleware invoked {"path":"/api/v2/campaign","method":"GET","has_auth_header":true,"auth_header_preview":"Bearer 176|tvOdAVPlpdhBhLoAtuW...","is_bearer":true} 
[2026-05-23 08:13:11] local.INFO: Extracted bearer token {"token_preview":"176|tvOdAV...","token_length":52} 
[2026-05-23 08:13:11] local.INFO: Found personal access token {"token_id":176,"user_id":76,"revoked":null} 
[2026-05-23 08:13:11] local.INFO: User authenticated via bearer token {"user_id":76,"user_email":"freelancezahedtesting@gmail.com"} 
[2026-05-23 08:13:11] local.INFO: Returning campaigns for user {"user_id":76,"campaign_count":0,"statuses":[]} 
[2026-05-23 08:13:41] local.INFO: ParseBearerToken middleware invoked {"path":"/api/v2/campaign","method":"GET","has_auth_header":true,"auth_header_preview":"Bearer 176|tvOdAVPlpdhBhLoAtuW...","is_bearer":true} 
[2026-05-23 08:13:41] local.INFO: Extracted bearer token {"token_preview":"176|tvOdAV...","token_length":52} 
[2026-05-23 08:13:41] local.INFO: Found personal access token {"token_id":176,"user_id":76,"revoked":null} 
[2026-05-23 08:13:41] local.INFO: User authenticated via bearer token {"user_id":76,"user_email":"freelancezahedtesting@gmail.com"} 
[2026-05-23 08:13:41] local.INFO: Returning campaigns for user {"user_id":76,"campaign_count":0,"statuses":[]} 
[2026-05-23 08:14:10] local.INFO: ParseBearerToken middleware invoked {"path":"/api/v2/campaign","method":"GET","has_auth_header":true,"auth_header_preview":"Bearer 176|tvOdAVPlpdhBhLoAtuW...","is_bearer":true} 
[2026-05-23 08:14:10] local.INFO: Extracted bearer token {"token_preview":"176|tvOdAV...","token_length":52} 
[2026-05-23 08:14:10] local.INFO: Found personal access token {"token_id":176,"user_id":76,"revoked":null} 
[2026-05-23 08:14:10] local.INFO: User authenticated via bearer token {"user_id":76,"user_email":"freelancezahedtesting@gmail.com"} 
[2026-05-23 08:14:10] local.INFO: Returning campaigns for user {"user_id":76,"campaign_count":0,"statuses":[]} 
[2026-05-23 08:14:40] local.INFO: ParseBearerToken middleware invoked {"path":"/api/v2/campaign","method":"GET","has_auth_header":true,"auth_header_preview":"Bearer 176|tvOdAVPlpdhBhLoAtuW...","is_bearer":true} 
[2026-05-23 08:14:40] local.INFO: Extracted bearer token {"token_preview":"176|tvOdAV...","token_length":52} 
[2026-05-23 08:14:40] local.INFO: Found personal access token {"token_id":176,"user_id":76,"revoked":null} 
[2026-05-23 08:14:40] local.INFO: User authenticated via bearer token {"user_id":76,"user_email":"freelancezahedtesting@gmail.com"} 
[2026-05-23 08:14:40] local.INFO: Returning campaigns for user {"user_id":76,"campaign_count":0,"statuses":[]} 
[2026-05-23 08:15:11] local.INFO: ParseBearerToken middleware invoked {"path":"/api/v2/campaign","method":"GET","has_auth_header":true,"auth_header_preview":"Bearer 176|tvOdAVPlpdhBhLoAtuW...","is_bearer":true} 
[2026-05-23 08:15:11] local.INFO: Extracted bearer token {"token_preview":"176|tvOdAV...","token_length":52} 
[2026-05-23 08:15:11] local.INFO: Found personal access token {"token_id":176,"user_id":76,"revoked":null} 
[2026-05-23 08:15:11] local.INFO: User authenticated via bearer token {"user_id":76,"user_email":"freelancezahedtesting@gmail.com"} 
[2026-05-23 08:15:11] local.INFO: Returning campaigns for user {"user_id":76,"campaign_count":0,"statuses":[]} 
[2026-05-23 08:15:40] local.INFO: ParseBearerToken middleware invoked {"path":"/api/v2/campaign","method":"GET","has_auth_header":true,"auth_header_preview":"Bearer 176|tvOdAVPlpdhBhLoAtuW...","is_bearer":true} 
[2026-05-23 08:15:40] local.INFO: Extracted bearer token {"token_preview":"176|tvOdAV...","token_length":52} 
[2026-05-23 08:15:40] local.INFO: Found personal access token {"token_id":176,"user_id":76,"revoked":null} 
[2026-05-23 08:15:40] local.INFO: User authenticated via bearer token {"user_id":76,"user_email":"freelancezahedtesting@gmail.com"} 
[2026-05-23 08:15:41] local.INFO: Returning campaigns for user {"user_id":76,"campaign_count":0,"statuses":[]} 
[2026-05-23 08:16:11] local.INFO: ParseBearerToken middleware invoked {"path":"/api/v2/campaign","method":"GET","has_auth_header":true,"auth_header_preview":"Bearer 176|tvOdAVPlpdhBhLoAtuW...","is_bearer":true} 
[2026-05-23 08:16:11] local.INFO: Extracted bearer token {"token_preview":"176|tvOdAV...","token_length":52} 
[2026-05-23 08:16:11] local.INFO: Found personal access token {"token_id":176,"user_id":76,"revoked":null} 
[2026-05-23 08:16:11] local.INFO: User authenticated via bearer token {"user_id":76,"user_email":"freelancezahedtesting@gmail.com"} 
[2026-05-23 08:16:11] local.INFO: Returning campaigns for user {"user_id":76,"campaign_count":0,"statuses":[]} 
[2026-05-23 08:16:41] local.INFO: ParseBearerToken middleware invoked {"path":"/api/v2/campaign","method":"GET","has_auth_header":true,"auth_header_preview":"Bearer 176|tvOdAVPlpdhBhLoAtuW...","is_bearer":true} 
[2026-05-23 08:16:41] local.INFO: Extracted bearer token {"token_preview":"176|tvOdAV...","token_length":52} 
[2026-05-23 08:16:41] local.INFO: Found personal access token {"token_id":176,"user_id":76,"revoked":null} 
[2026-05-23 08:16:41] local.INFO: User authenticated via bearer token {"user_id":76,"user_email":"freelancezahedtesting@gmail.com"} 
[2026-05-23 08:16:41] local.INFO: Returning campaigns for user {"user_id":76,"campaign_count":0,"statuses":[]} 
[2026-05-23 08:17:11] local.INFO: ParseBearerToken middleware invoked {"path":"/api/v2/campaign","method":"GET","has_auth_header":true,"auth_header_preview":"Bearer 176|tvOdAVPlpdhBhLoAtuW...","is_bearer":true} 
[2026-05-23 08:17:11] local.INFO: Extracted bearer token {"token_preview":"176|tvOdAV...","token_length":52} 
[2026-05-23 08:17:11] local.INFO: Found personal access token {"token_id":176,"user_id":76,"revoked":null} 
[2026-05-23 08:17:11] local.INFO: User authenticated via bearer token {"user_id":76,"user_email":"freelancezahedtesting@gmail.com"} 
[2026-05-23 08:17:11] local.INFO: Returning campaigns for user {"user_id":76,"campaign_count":0,"statuses":[]} 
[2026-05-23 08:17:41] local.INFO: ParseBearerToken middleware invoked {"path":"/api/v2/campaign","method":"GET","has_auth_header":true,"auth_header_preview":"Bearer 176|tvOdAVPlpdhBhLoAtuW...","is_bearer":true} 
[2026-05-23 08:17:41] local.INFO: Extracted bearer token {"token_preview":"176|tvOdAV...","token_length":52} 
[2026-05-23 08:17:41] local.INFO: Found personal access token {"token_id":176,"user_id":76,"revoked":null} 
[2026-05-23 08:17:41] local.INFO: User authenticated via bearer token {"user_id":76,"user_email":"freelancezahedtesting@gmail.com"} 
[2026-05-23 08:17:41] local.INFO: Returning campaigns for user {"user_id":76,"campaign_count":0,"statuses":[]} 
[2026-05-23 08:18:10] local.INFO: ParseBearerToken middleware invoked {"path":"/api/v2/campaign","method":"GET","has_auth_header":true,"auth_header_preview":"Bearer 176|tvOdAVPlpdhBhLoAtuW...","is_bearer":true} 
[2026-05-23 08:18:10] local.INFO: Extracted bearer token {"token_preview":"176|tvOdAV...","token_length":52} 
[2026-05-23 08:18:10] local.INFO: Found personal access token {"token_id":176,"user_id":76,"revoked":null} 
[2026-05-23 08:18:10] local.INFO: User authenticated via bearer token {"user_id":76,"user_email":"freelancezahedtesting@gmail.com"} 
[2026-05-23 08:18:10] local.INFO: Returning campaigns for user {"user_id":76,"campaign_count":0,"statuses":[]} 
[2026-05-23 08:18:41] local.INFO: ParseBearerToken middleware invoked {"path":"/api/v2/campaign","method":"GET","has_auth_header":true,"auth_header_preview":"Bearer 176|tvOdAVPlpdhBhLoAtuW...","is_bearer":true} 
[2026-05-23 08:18:41] local.INFO: Extracted bearer token {"token_preview":"176|tvOdAV...","token_length":52} 
[2026-05-23 08:18:41] local.INFO: Found personal access token {"token_id":176,"user_id":76,"revoked":null} 
[2026-05-23 08:18:41] local.INFO: User authenticated via bearer token {"user_id":76,"user_email":"freelancezahedtesting@gmail.com"} 
[2026-05-23 08:18:41] local.INFO: Returning campaigns for user {"user_id":76,"campaign_count":0,"statuses":[]} 
[2026-05-23 08:19:11] local.INFO: ParseBearerToken middleware invoked {"path":"/api/v2/campaign","method":"GET","has_auth_header":true,"auth_header_preview":"Bearer 176|tvOdAVPlpdhBhLoAtuW...","is_bearer":true} 
[2026-05-23 08:19:11] local.INFO: Extracted bearer token {"token_preview":"176|tvOdAV...","token_length":52} 
[2026-05-23 08:19:11] local.INFO: Found personal access token {"token_id":176,"user_id":76,"revoked":null} 
[2026-05-23 08:19:11] local.INFO: User authenticated via bearer token {"user_id":76,"user_email":"freelancezahedtesting@gmail.com"} 
[2026-05-23 08:19:11] local.INFO: Returning campaigns for user {"user_id":76,"campaign_count":0,"statuses":[]} 
[2026-05-23 08:19:41] local.INFO: ParseBearerToken middleware invoked {"path":"/api/v2/campaign","method":"GET","has_auth_header":true,"auth_header_preview":"Bearer 176|tvOdAVPlpdhBhLoAtuW...","is_bearer":true} 
[2026-05-23 08:19:41] local.INFO: Extracted bearer token {"token_preview":"176|tvOdAV...","token_length":52} 
[2026-05-23 08:19:41] local.INFO: Found personal access token {"token_id":176,"user_id":76,"revoked":null} 
[2026-05-23 08:19:41] local.INFO: User authenticated via bearer token {"user_id":76,"user_email":"freelancezahedtesting@gmail.com"} 
[2026-05-23 08:19:41] local.INFO: Returning campaigns for user {"user_id":76,"campaign_count":0,"statuses":[]} 
[2026-05-23 08:20:11] local.INFO: ParseBearerToken middleware invoked {"path":"/api/v2/campaign","method":"GET","has_auth_header":true,"auth_header_preview":"Bearer 176|tvOdAVPlpdhBhLoAtuW...","is_bearer":true} 
[2026-05-23 08:20:11] local.INFO: Extracted bearer token {"token_preview":"176|tvOdAV...","token_length":52} 
[2026-05-23 08:20:11] local.INFO: Found personal access token {"token_id":176,"user_id":76,"revoked":null} 
[2026-05-23 08:20:11] local.INFO: User authenticated via bearer token {"user_id":76,"user_email":"freelancezahedtesting@gmail.com"} 
[2026-05-23 08:20:11] local.INFO: Returning campaigns for user {"user_id":76,"campaign_count":0,"statuses":[]} 
[2026-05-23 08:20:41] local.INFO: ParseBearerToken middleware invoked {"path":"/api/v2/campaign","method":"GET","has_auth_header":true,"auth_header_preview":"Bearer 176|tvOdAVPlpdhBhLoAtuW...","is_bearer":true} 
[2026-05-23 08:20:41] local.INFO: Extracted bearer token {"token_preview":"176|tvOdAV...","token_length":52} 
[2026-05-23 08:20:41] local.INFO: Found personal access token {"token_id":176,"user_id":76,"revoked":null} 
[2026-05-23 08:20:41] local.INFO: User authenticated via bearer token {"user_id":76,"user_email":"freelancezahedtesting@gmail.com"} 
[2026-05-23 08:20:41] local.INFO: Returning campaigns for user {"user_id":76,"campaign_count":0,"statuses":[]} 
[2026-05-23 08:21:11] local.INFO: ParseBearerToken middleware invoked {"path":"/api/v2/campaign","method":"GET","has_auth_header":true,"auth_header_preview":"Bearer 176|tvOdAVPlpdhBhLoAtuW...","is_bearer":true} 
[2026-05-23 08:21:11] local.INFO: Extracted bearer token {"token_preview":"176|tvOdAV...","token_length":52} 
[2026-05-23 08:21:11] local.INFO: Found personal access token {"token_id":176,"user_id":76,"revoked":null} 
[2026-05-23 08:21:11] local.INFO: User authenticated via bearer token {"user_id":76,"user_email":"freelancezahedtesting@gmail.com"} 
[2026-05-23 08:21:11] local.INFO: Returning campaigns for user {"user_id":76,"campaign_count":0,"statuses":[]} 
[2026-05-23 08:21:41] local.INFO: ParseBearerToken middleware invoked {"path":"/api/v2/campaign","method":"GET","has_auth_header":true,"auth_header_preview":"Bearer 176|tvOdAVPlpdhBhLoAtuW...","is_bearer":true} 
[2026-05-23 08:21:41] local.INFO: Extracted bearer token {"token_preview":"176|tvOdAV...","token_length":52} 
[2026-05-23 08:21:41] local.INFO: Found personal access token {"token_id":176,"user_id":76,"revoked":null} 
[2026-05-23 08:21:41] local.INFO: User authenticated via bearer token {"user_id":76,"user_email":"freelancezahedtesting@gmail.com"} 
[2026-05-23 08:21:41] local.INFO: Returning campaigns for user {"user_id":76,"campaign_count":0,"statuses":[]} 
[2026-05-23 08:22:11] local.INFO: ParseBearerToken middleware invoked {"path":"/api/v2/campaign","method":"GET","has_auth_header":true,"auth_header_preview":"Bearer 176|tvOdAVPlpdhBhLoAtuW...","is_bearer":true} 
[2026-05-23 08:22:11] local.INFO: Extracted bearer token {"token_preview":"176|tvOdAV...","token_length":52} 
[2026-05-23 08:22:11] local.INFO: Found personal access token {"token_id":176,"user_id":76,"revoked":null} 
[2026-05-23 08:22:11] local.INFO: User authenticated via bearer token {"user_id":76,"user_email":"freelancezahedtesting@gmail.com"} 
[2026-05-23 08:22:11] local.INFO: Returning campaigns for user {"user_id":76,"campaign_count":0,"statuses":[]} 
[2026-05-23 08:22:41] local.INFO: ParseBearerToken middleware invoked {"path":"/api/v2/campaign","method":"GET","has_auth_header":true,"auth_header_preview":"Bearer 176|tvOdAVPlpdhBhLoAtuW...","is_bearer":true} 
[2026-05-23 08:22:41] local.INFO: Extracted bearer token {"token_preview":"176|tvOdAV...","token_length":52} 
[2026-05-23 08:22:41] local.INFO: Found personal access token {"token_id":176,"user_id":76,"revoked":null} 
[2026-05-23 08:22:41] local.INFO: User authenticated via bearer token {"user_id":76,"user_email":"freelancezahedtesting@gmail.com"} 
[2026-05-23 08:22:41] local.INFO: Returning campaigns for user {"user_id":76,"campaign_count":0,"statuses":[]} 
[2026-05-23 08:23:11] local.INFO: ParseBearerToken middleware invoked {"path":"/api/v2/campaign","method":"GET","has_auth_header":true,"auth_header_preview":"Bearer 176|tvOdAVPlpdhBhLoAtuW...","is_bearer":true} 
[2026-05-23 08:23:11] local.INFO: Extracted bearer token {"token_preview":"176|tvOdAV...","token_length":52} 
[2026-05-23 08:23:11] local.INFO: Found personal access token {"token_id":176,"user_id":76,"revoked":null} 
[2026-05-23 08:23:11] local.INFO: User authenticated via bearer token {"user_id":76,"user_email":"freelancezahedtesting@gmail.com"} 
[2026-05-23 08:23:11] local.INFO: Returning campaigns for user {"user_id":76,"campaign_count":0,"statuses":[]} 
[2026-05-23 08:23:41] local.INFO: ParseBearerToken middleware invoked {"path":"/api/v2/campaign","method":"GET","has_auth_header":true,"auth_header_preview":"Bearer 176|tvOdAVPlpdhBhLoAtuW...","is_bearer":true} 
[2026-05-23 08:23:41] local.INFO: Extracted bearer token {"token_preview":"176|tvOdAV...","token_length":52} 
[2026-05-23 08:23:41] local.INFO: Found personal access token {"token_id":176,"user_id":76,"revoked":null} 
[2026-05-23 08:23:41] local.INFO: User authenticated via bearer token {"user_id":76,"user_email":"freelancezahedtesting@gmail.com"} 
[2026-05-23 08:23:41] local.INFO: Returning campaigns for user {"user_id":76,"campaign_count":0,"statuses":[]} 
[2026-05-23 08:24:11] local.INFO: ParseBearerToken middleware invoked {"path":"/api/v2/campaign","method":"GET","has_auth_header":true,"auth_header_preview":"Bearer 176|tvOdAVPlpdhBhLoAtuW...","is_bearer":true} 
[2026-05-23 08:24:11] local.INFO: Extracted bearer token {"token_preview":"176|tvOdAV...","token_length":52} 
[2026-05-23 08:24:11] local.INFO: Found personal access token {"token_id":176,"user_id":76,"revoked":null} 
[2026-05-23 08:24:11] local.INFO: User authenticated via bearer token {"user_id":76,"user_email":"freelancezahedtesting@gmail.com"} 
[2026-05-23 08:24:11] local.INFO: Returning campaigns for user {"user_id":76,"campaign_count":0,"statuses":[]} 
[2026-05-23 08:24:43] local.INFO: ParseBearerToken middleware invoked {"path":"/api/v2/campaign","method":"GET","has_auth_header":true,"auth_header_preview":"Bearer 176|tvOdAVPlpdhBhLoAtuW...","is_bearer":true} 
[2026-05-23 08:24:43] local.INFO: Extracted bearer token {"token_preview":"176|tvOdAV...","token_length":52} 
[2026-05-23 08:24:43] local.INFO: Found personal access token {"token_id":176,"user_id":76,"revoked":null} 
[2026-05-23 08:24:43] local.INFO: User authenticated via bearer token {"user_id":76,"user_email":"freelancezahedtesting@gmail.com"} 
[2026-05-23 08:24:43] local.INFO: Returning campaigns for user {"user_id":76,"campaign_count":0,"statuses":[]} 
[2026-05-23 08:25:10] local.INFO: ParseBearerToken middleware invoked {"path":"/api/v2/campaign","method":"GET","has_auth_header":true,"auth_header_preview":"Bearer 176|tvOdAVPlpdhBhLoAtuW...","is_bearer":true} 
[2026-05-23 08:25:10] local.INFO: Extracted bearer token {"token_preview":"176|tvOdAV...","token_length":52} 
[2026-05-23 08:25:10] local.INFO: Found personal access token {"token_id":176,"user_id":76,"revoked":null} 
[2026-05-23 08:25:10] local.INFO: User authenticated via bearer token {"user_id":76,"user_email":"freelancezahedtesting@gmail.com"} 
[2026-05-23 08:25:10] local.INFO: Returning campaigns for user {"user_id":76,"campaign_count":0,"statuses":[]} 
[2026-05-23 08:25:40] local.INFO: ParseBearerToken middleware invoked {"path":"/api/v2/campaign","method":"GET","has_auth_header":true,"auth_header_preview":"Bearer 176|tvOdAVPlpdhBhLoAtuW...","is_bearer":true} 
[2026-05-23 08:25:40] local.INFO: Extracted bearer token {"token_preview":"176|tvOdAV...","token_length":52} 
[2026-05-23 08:25:40] local.INFO: Found personal access token {"token_id":176,"user_id":76,"revoked":null} 
[2026-05-23 08:25:40] local.INFO: User authenticated via bearer token {"user_id":76,"user_email":"freelancezahedtesting@gmail.com"} 
[2026-05-23 08:25:40] local.INFO: Returning campaigns for user {"user_id":76,"campaign_count":0,"statuses":[]} 
[2026-05-23 08:26:11] local.INFO: ParseBearerToken middleware invoked {"path":"/api/v2/campaign","method":"GET","has_auth_header":true,"auth_header_preview":"Bearer 176|tvOdAVPlpdhBhLoAtuW...","is_bearer":true} 
[2026-05-23 08:26:11] local.INFO: Extracted bearer token {"token_preview":"176|tvOdAV...","token_length":52} 
[2026-05-23 08:26:11] local.INFO: Found personal access token {"token_id":176,"user_id":76,"revoked":null} 
[2026-05-23 08:26:11] local.INFO: User authenticated via bearer token {"user_id":76,"user_email":"freelancezahedtesting@gmail.com"} 
[2026-05-23 08:26:11] local.INFO: Returning campaigns for user {"user_id":76,"campaign_count":0,"statuses":[]} 
[2026-05-23 08:26:41] local.INFO: ParseBearerToken middleware invoked {"path":"/api/v2/campaign","method":"GET","has_auth_header":true,"auth_header_preview":"Bearer 176|tvOdAVPlpdhBhLoAtuW...","is_bearer":true} 
[2026-05-23 08:26:41] local.INFO: Extracted bearer token {"token_preview":"176|tvOdAV...","token_length":52} 
[2026-05-23 08:26:41] local.INFO: Found personal access token {"token_id":176,"user_id":76,"revoked":null} 
[2026-05-23 08:26:41] local.INFO: User authenticated via bearer token {"user_id":76,"user_email":"freelancezahedtesting@gmail.com"} 
[2026-05-23 08:26:41] local.INFO: Returning campaigns for user {"user_id":76,"campaign_count":0,"statuses":[]} 
[2026-05-23 08:27:11] local.INFO: ParseBearerToken middleware invoked {"path":"/api/v2/campaign","method":"GET","has_auth_header":true,"auth_header_preview":"Bearer 176|tvOdAVPlpdhBhLoAtuW...","is_bearer":true} 
[2026-05-23 08:27:11] local.INFO: Extracted bearer token {"token_preview":"176|tvOdAV...","token_length":52} 
[2026-05-23 08:27:11] local.INFO: Found personal access token {"token_id":176,"user_id":76,"revoked":null} 
[2026-05-23 08:27:11] local.INFO: User authenticated via bearer token {"user_id":76,"user_email":"freelancezahedtesting@gmail.com"} 
[2026-05-23 08:27:11] local.INFO: Returning campaigns for user {"user_id":76,"campaign_count":0,"statuses":[]} 
[2026-05-23 08:27:41] local.INFO: ParseBearerToken middleware invoked {"path":"/api/v2/campaign","method":"GET","has_auth_header":true,"auth_header_preview":"Bearer 176|tvOdAVPlpdhBhLoAtuW...","is_bearer":true} 
[2026-05-23 08:27:41] local.INFO: Extracted bearer token {"token_preview":"176|tvOdAV...","token_length":52} 
[2026-05-23 08:27:41] local.INFO: Found personal access token {"token_id":176,"user_id":76,"revoked":null} 
[2026-05-23 08:27:41] local.INFO: User authenticated via bearer token {"user_id":76,"user_email":"freelancezahedtesting@gmail.com"} 
[2026-05-23 08:27:41] local.INFO: Returning campaigns for user {"user_id":76,"campaign_count":0,"statuses":[]} 
[2026-05-23 08:28:11] local.INFO: ParseBearerToken middleware invoked {"path":"/api/v2/campaign","method":"GET","has_auth_header":true,"auth_header_preview":"Bearer 176|tvOdAVPlpdhBhLoAtuW...","is_bearer":true} 
[2026-05-23 08:28:11] local.INFO: Extracted bearer token {"token_preview":"176|tvOdAV...","token_length":52} 
[2026-05-23 08:28:11] local.INFO: Found personal access token {"token_id":176,"user_id":76,"revoked":null} 
[2026-05-23 08:28:11] local.INFO: User authenticated via bearer token {"user_id":76,"user_email":"freelancezahedtesting@gmail.com"} 
[2026-05-23 08:28:11] local.INFO: Returning campaigns for user {"user_id":76,"campaign_count":0,"statuses":[]} 
[2026-05-23 08:28:40] local.INFO: ParseBearerToken middleware invoked {"path":"/api/v2/campaign","method":"GET","has_auth_header":true,"auth_header_preview":"Bearer 176|tvOdAVPlpdhBhLoAtuW...","is_bearer":true} 
[2026-05-23 08:28:40] local.INFO: Extracted bearer token {"token_preview":"176|tvOdAV...","token_length":52} 
[2026-05-23 08:28:40] local.INFO: Found personal access token {"token_id":176,"user_id":76,"revoked":null} 
[2026-05-23 08:28:40] local.INFO: User authenticated via bearer token {"user_id":76,"user_email":"freelancezahedtesting@gmail.com"} 
[2026-05-23 08:28:40] local.INFO: Returning campaigns for user {"user_id":76,"campaign_count":0,"statuses":[]} 
[2026-05-23 08:29:11] local.INFO: ParseBearerToken middleware invoked {"path":"/api/v2/campaign","method":"GET","has_auth_header":true,"auth_header_preview":"Bearer 176|tvOdAVPlpdhBhLoAtuW...","is_bearer":true} 
[2026-05-23 08:29:11] local.INFO: Extracted bearer token {"token_preview":"176|tvOdAV...","token_length":52} 
[2026-05-23 08:29:11] local.INFO: Found personal access token {"token_id":176,"user_id":76,"revoked":null} 
[2026-05-23 08:29:11] local.INFO: User authenticated via bearer token {"user_id":76,"user_email":"freelancezahedtesting@gmail.com"} 
[2026-05-23 08:29:11] local.INFO: Returning campaigns for user {"user_id":76,"campaign_count":0,"statuses":[]} 
[2026-05-23 08:29:40] local.INFO: ParseBearerToken middleware invoked {"path":"/api/v2/campaign","method":"GET","has_auth_header":true,"auth_header_preview":"Bearer 176|tvOdAVPlpdhBhLoAtuW...","is_bearer":true} 
[2026-05-23 08:29:40] local.INFO: Extracted bearer token {"token_preview":"176|tvOdAV...","token_length":52} 
[2026-05-23 08:29:40] local.INFO: Found personal access token {"token_id":176,"user_id":76,"revoked":null} 
[2026-05-23 08:29:40] local.INFO: User authenticated via bearer token {"user_id":76,"user_email":"freelancezahedtesting@gmail.com"} 
[2026-05-23 08:29:40] local.INFO: Returning campaigns for user {"user_id":76,"campaign_count":0,"statuses":[]} 
[2026-05-23 08:30:11] local.INFO: ParseBearerToken middleware invoked {"path":"/api/v2/campaign","method":"GET","has_auth_header":true,"auth_header_preview":"Bearer 176|tvOdAVPlpdhBhLoAtuW...","is_bearer":true} 
[2026-05-23 08:30:11] local.INFO: Extracted bearer token {"token_preview":"176|tvOdAV...","token_length":52} 
[2026-05-23 08:30:11] local.INFO: Found personal access token {"token_id":176,"user_id":76,"revoked":null} 
[2026-05-23 08:30:11] local.INFO: User authenticated via bearer token {"user_id":76,"user_email":"freelancezahedtesting@gmail.com"} 
[2026-05-23 08:30:11] local.INFO: Returning campaigns for user {"user_id":76,"campaign_count":0,"statuses":[]} 
[2026-05-23 08:30:41] local.INFO: ParseBearerToken middleware invoked {"path":"/api/v2/campaign","method":"GET","has_auth_header":true,"auth_header_preview":"Bearer 176|tvOdAVPlpdhBhLoAtuW...","is_bearer":true} 
[2026-05-23 08:30:41] local.INFO: Extracted bearer token {"token_preview":"176|tvOdAV...","token_length":52} 
[2026-05-23 08:30:41] local.INFO: Found personal access token {"token_id":176,"user_id":76,"revoked":null} 
[2026-05-23 08:30:41] local.INFO: User authenticated via bearer token {"user_id":76,"user_email":"freelancezahedtesting@gmail.com"} 
[2026-05-23 08:30:41] local.INFO: Returning campaigns for user {"user_id":76,"campaign_count":0,"statuses":[]} 
[2026-05-23 08:31:11] local.INFO: ParseBearerToken middleware invoked {"path":"/api/v2/campaign","method":"GET","has_auth_header":true,"auth_header_preview":"Bearer 176|tvOdAVPlpdhBhLoAtuW...","is_bearer":true} 
[2026-05-23 08:31:11] local.INFO: Extracted bearer token {"token_preview":"176|tvOdAV...","token_length":52} 
[2026-05-23 08:31:11] local.INFO: Found personal access token {"token_id":176,"user_id":76,"revoked":null} 
[2026-05-23 08:31:11] local.INFO: User authenticated via bearer token {"user_id":76,"user_email":"freelancezahedtesting@gmail.com"} 
[2026-05-23 08:31:11] local.INFO: Returning campaigns for user {"user_id":76,"campaign_count":0,"statuses":[]} 
[2026-05-23 08:31:41] local.INFO: ParseBearerToken middleware invoked {"path":"/api/v2/campaign","method":"GET","has_auth_header":true,"auth_header_preview":"Bearer 176|tvOdAVPlpdhBhLoAtuW...","is_bearer":true} 
[2026-05-23 08:31:41] local.INFO: Extracted bearer token {"token_preview":"176|tvOdAV...","token_length":52} 
[2026-05-23 08:31:41] local.INFO: Found personal access token {"token_id":176,"user_id":76,"revoked":null} 
[2026-05-23 08:31:41] local.INFO: User authenticated via bearer token {"user_id":76,"user_email":"freelancezahedtesting@gmail.com"} 
[2026-05-23 08:31:41] local.INFO: Returning campaigns for user {"user_id":76,"campaign_count":0,"statuses":[]} 
[2026-05-23 08:32:10] local.INFO: ParseBearerToken middleware invoked {"path":"/api/v2/campaign","method":"GET","has_auth_header":true,"auth_header_preview":"Bearer 176|tvOdAVPlpdhBhLoAtuW...","is_bearer":true} 
[2026-05-23 08:32:10] local.INFO: Extracted bearer token {"token_preview":"176|tvOdAV...","token_length":52} 
[2026-05-23 08:32:10] local.INFO: Found personal access token {"token_id":176,"user_id":76,"revoked":null} 
[2026-05-23 08:32:10] local.INFO: User authenticated via bearer token {"user_id":76,"user_email":"freelancezahedtesting@gmail.com"} 
[2026-05-23 08:32:10] local.INFO: Returning campaigns for user {"user_id":76,"campaign_count":0,"statuses":[]} 
[2026-05-23 08:32:41] local.INFO: ParseBearerToken middleware invoked {"path":"/api/v2/campaign","method":"GET","has_auth_header":true,"auth_header_preview":"Bearer 176|tvOdAVPlpdhBhLoAtuW...","is_bearer":true} 
[2026-05-23 08:32:41] local.INFO: Extracted bearer token {"token_preview":"176|tvOdAV...","token_length":52} 
[2026-05-23 08:32:41] local.INFO: Found personal access token {"token_id":176,"user_id":76,"revoked":null} 
[2026-05-23 08:32:41] local.INFO: User authenticated via bearer token {"user_id":76,"user_email":"freelancezahedtesting@gmail.com"} 
[2026-05-23 08:32:41] local.INFO: Returning campaigns for user {"user_id":76,"campaign_count":0,"statuses":[]} 
[2026-05-23 08:33:11] local.INFO: ParseBearerToken middleware invoked {"path":"/api/v2/campaign","method":"GET","has_auth_header":true,"auth_header_preview":"Bearer 176|tvOdAVPlpdhBhLoAtuW...","is_bearer":true} 
[2026-05-23 08:33:11] local.INFO: Extracted bearer token {"token_preview":"176|tvOdAV...","token_length":52} 
[2026-05-23 08:33:11] local.INFO: Found personal access token {"token_id":176,"user_id":76,"revoked":null} 
[2026-05-23 08:33:11] local.INFO: User authenticated via bearer token {"user_id":76,"user_email":"freelancezahedtesting@gmail.com"} 
[2026-05-23 08:33:11] local.INFO: Returning campaigns for user {"user_id":76,"campaign_count":0,"statuses":[]} 
[2026-05-23 08:33:40] local.INFO: ParseBearerToken middleware invoked {"path":"/api/v2/campaign","method":"GET","has_auth_header":true,"auth_header_preview":"Bearer 176|tvOdAVPlpdhBhLoAtuW...","is_bearer":true} 
[2026-05-23 08:33:40] local.INFO: Extracted bearer token {"token_preview":"176|tvOdAV...","token_length":52} 
[2026-05-23 08:33:40] local.INFO: Found personal access token {"token_id":176,"user_id":76,"revoked":null} 
[2026-05-23 08:33:40] local.INFO: User authenticated via bearer token {"user_id":76,"user_email":"freelancezahedtesting@gmail.com"} 
[2026-05-23 08:33:40] local.INFO: Returning campaigns for user {"user_id":76,"campaign_count":0,"statuses":[]} 
[2026-05-23 08:34:11] local.INFO: ParseBearerToken middleware invoked {"path":"/api/v2/campaign","method":"GET","has_auth_header":true,"auth_header_preview":"Bearer 176|tvOdAVPlpdhBhLoAtuW...","is_bearer":true} 
[2026-05-23 08:34:11] local.INFO: Extracted bearer token {"token_preview":"176|tvOdAV...","token_length":52} 
[2026-05-23 08:34:11] local.INFO: Found personal access token {"token_id":176,"user_id":76,"revoked":null} 
[2026-05-23 08:34:11] local.INFO: User authenticated via bearer token {"user_id":76,"user_email":"freelancezahedtesting@gmail.com"} 
[2026-05-23 08:34:11] local.INFO: Returning campaigns for user {"user_id":76,"campaign_count":0,"statuses":[]} 
[2026-05-23 08:34:40] local.INFO: ParseBearerToken middleware invoked {"path":"/api/v2/campaign","method":"GET","has_auth_header":true,"auth_header_preview":"Bearer 176|tvOdAVPlpdhBhLoAtuW...","is_bearer":true} 
[2026-05-23 08:34:40] local.INFO: Extracted bearer token {"token_preview":"176|tvOdAV...","token_length":52} 
[2026-05-23 08:34:40] local.INFO: Found personal access token {"token_id":176,"user_id":76,"revoked":null} 
[2026-05-23 08:34:40] local.INFO: User authenticated via bearer token {"user_id":76,"user_email":"freelancezahedtesting@gmail.com"} 
[2026-05-23 08:34:40] local.INFO: Returning campaigns for user {"user_id":76,"campaign_count":0,"statuses":[]} 
[2026-05-23 08:35:10] local.INFO: ParseBearerToken middleware invoked {"path":"/api/v2/campaign","method":"GET","has_auth_header":true,"auth_header_preview":"Bearer 176|tvOdAVPlpdhBhLoAtuW...","is_bearer":true} 
[2026-05-23 08:35:10] local.INFO: Extracted bearer token {"token_preview":"176|tvOdAV...","token_length":52} 
[2026-05-23 08:35:10] local.INFO: Found personal access token {"token_id":176,"user_id":76,"revoked":null} 
[2026-05-23 08:35:10] local.INFO: User authenticated via bearer token {"user_id":76,"user_email":"freelancezahedtesting@gmail.com"} 
[2026-05-23 08:35:10] local.INFO: Returning campaigns for user {"user_id":76,"campaign_count":0,"statuses":[]} 
[2026-05-23 08:35:41] local.INFO: ParseBearerToken middleware invoked {"path":"/api/v2/campaign","method":"GET","has_auth_header":true,"auth_header_preview":"Bearer 176|tvOdAVPlpdhBhLoAtuW...","is_bearer":true} 
[2026-05-23 08:35:41] local.INFO: Extracted bearer token {"token_preview":"176|tvOdAV...","token_length":52} 
[2026-05-23 08:35:41] local.INFO: Found personal access token {"token_id":176,"user_id":76,"revoked":null} 
[2026-05-23 08:35:41] local.INFO: User authenticated via bearer token {"user_id":76,"user_email":"freelancezahedtesting@gmail.com"} 
[2026-05-23 08:35:41] local.INFO: Returning campaigns for user {"user_id":76,"campaign_count":0,"statuses":[]} 
[2026-05-23 08:36:10] local.INFO: ParseBearerToken middleware invoked {"path":"/api/v2/campaign","method":"GET","has_auth_header":true,"auth_header_preview":"Bearer 176|tvOdAVPlpdhBhLoAtuW...","is_bearer":true} 
[2026-05-23 08:36:10] local.INFO: Extracted bearer token {"token_preview":"176|tvOdAV...","token_length":52} 
[2026-05-23 08:36:11] local.INFO: Found personal access token {"token_id":176,"user_id":76,"revoked":null} 
[2026-05-23 08:36:11] local.INFO: User authenticated via bearer token {"user_id":76,"user_email":"freelancezahedtesting@gmail.com"} 
[2026-05-23 08:36:11] local.INFO: Returning campaigns for user {"user_id":76,"campaign_count":0,"statuses":[]} 
[2026-05-23 08:36:41] local.INFO: ParseBearerToken middleware invoked {"path":"/api/v2/campaign","method":"GET","has_auth_header":true,"auth_header_preview":"Bearer 176|tvOdAVPlpdhBhLoAtuW...","is_bearer":true} 
[2026-05-23 08:36:41] local.INFO: Extracted bearer token {"token_preview":"176|tvOdAV...","token_length":52} 
[2026-05-23 08:36:41] local.INFO: Found personal access token {"token_id":176,"user_id":76,"revoked":null} 
[2026-05-23 08:36:41] local.INFO: User authenticated via bearer token {"user_id":76,"user_email":"freelancezahedtesting@gmail.com"} 
[2026-05-23 08:36:41] local.INFO: Returning campaigns for user {"user_id":76,"campaign_count":0,"statuses":[]} 
[2026-05-23 08:37:11] local.INFO: ParseBearerToken middleware invoked {"path":"/api/v2/campaign","method":"GET","has_auth_header":true,"auth_header_preview":"Bearer 176|tvOdAVPlpdhBhLoAtuW...","is_bearer":true} 
[2026-05-23 08:37:11] local.INFO: Extracted bearer token {"token_preview":"176|tvOdAV...","token_length":52} 
[2026-05-23 08:37:11] local.INFO: Found personal access token {"token_id":176,"user_id":76,"revoked":null} 
[2026-05-23 08:37:11] local.INFO: User authenticated via bearer token {"user_id":76,"user_email":"freelancezahedtesting@gmail.com"} 
[2026-05-23 08:37:11] local.INFO: Returning campaigns for user {"user_id":76,"campaign_count":0,"statuses":[]} 
[2026-05-23 08:37:40] local.INFO: ParseBearerToken middleware invoked {"path":"/api/v2/campaign","method":"GET","has_auth_header":true,"auth_header_preview":"Bearer 176|tvOdAVPlpdhBhLoAtuW...","is_bearer":true} 
[2026-05-23 08:37:40] local.INFO: Extracted bearer token {"token_preview":"176|tvOdAV...","token_length":52} 
[2026-05-23 08:37:40] local.INFO: Found personal access token {"token_id":176,"user_id":76,"revoked":null} 
[2026-05-23 08:37:40] local.INFO: User authenticated via bearer token {"user_id":76,"user_email":"freelancezahedtesting@gmail.com"} 
[2026-05-23 08:37:40] local.INFO: Returning campaigns for user {"user_id":76,"campaign_count":0,"statuses":[]} 
[2026-05-23 08:38:10] local.INFO: ParseBearerToken middleware invoked {"path":"/api/v2/campaign","method":"GET","has_auth_header":true,"auth_header_preview":"Bearer 176|tvOdAVPlpdhBhLoAtuW...","is_bearer":true} 
[2026-05-23 08:38:10] local.INFO: Extracted bearer token {"token_preview":"176|tvOdAV...","token_length":52} 
[2026-05-23 08:38:10] local.INFO: Found personal access token {"token_id":176,"user_id":76,"revoked":null} 
[2026-05-23 08:38:10] local.INFO: User authenticated via bearer token {"user_id":76,"user_email":"freelancezahedtesting@gmail.com"} 
[2026-05-23 08:38:10] local.INFO: Returning campaigns for user {"user_id":76,"campaign_count":0,"statuses":[]} 
[2026-05-23 08:38:40] local.INFO: ParseBearerToken middleware invoked {"path":"/api/v2/campaign","method":"GET","has_auth_header":true,"auth_header_preview":"Bearer 176|tvOdAVPlpdhBhLoAtuW...","is_bearer":true} 
[2026-05-23 08:38:40] local.INFO: Extracted bearer token {"token_preview":"176|tvOdAV...","token_length":52} 
[2026-05-23 08:38:40] local.INFO: Found personal access token {"token_id":176,"user_id":76,"revoked":null} 
[2026-05-23 08:38:40] local.INFO: User authenticated via bearer token {"user_id":76,"user_email":"freelancezahedtesting@gmail.com"} 
[2026-05-23 08:38:40] local.INFO: Returning campaigns for user {"user_id":76,"campaign_count":0,"statuses":[]} 
[2026-05-23 08:39:11] local.INFO: ParseBearerToken middleware invoked {"path":"/api/v2/campaign","method":"GET","has_auth_header":true,"auth_header_preview":"Bearer 176|tvOdAVPlpdhBhLoAtuW...","is_bearer":true} 
[2026-05-23 08:39:11] local.INFO: Extracted bearer token {"token_preview":"176|tvOdAV...","token_length":52} 
[2026-05-23 08:39:11] local.INFO: Found personal access token {"token_id":176,"user_id":76,"revoked":null} 
[2026-05-23 08:39:11] local.INFO: User authenticated via bearer token {"user_id":76,"user_email":"freelancezahedtesting@gmail.com"} 
[2026-05-23 08:39:11] local.INFO: Returning campaigns for user {"user_id":76,"campaign_count":0,"statuses":[]} 
[2026-05-23 08:39:41] local.INFO: ParseBearerToken middleware invoked {"path":"/api/v2/campaign","method":"GET","has_auth_header":true,"auth_header_preview":"Bearer 176|tvOdAVPlpdhBhLoAtuW...","is_bearer":true} 
[2026-05-23 08:39:41] local.INFO: Extracted bearer token {"token_preview":"176|tvOdAV...","token_length":52} 
[2026-05-23 08:39:41] local.INFO: Found personal access token {"token_id":176,"user_id":76,"revoked":null} 
[2026-05-23 08:39:41] local.INFO: User authenticated via bearer token {"user_id":76,"user_email":"freelancezahedtesting@gmail.com"} 
[2026-05-23 08:39:41] local.INFO: Returning campaigns for user {"user_id":76,"campaign_count":0,"statuses":[]} 
[2026-05-23 08:40:11] local.INFO: ParseBearerToken middleware invoked {"path":"/api/v2/campaign","method":"GET","has_auth_header":true,"auth_header_preview":"Bearer 176|tvOdAVPlpdhBhLoAtuW...","is_bearer":true} 
[2026-05-23 08:40:11] local.INFO: Extracted bearer token {"token_preview":"176|tvOdAV...","token_length":52} 
[2026-05-23 08:40:11] local.INFO: Found personal access token {"token_id":176,"user_id":76,"revoked":null} 
[2026-05-23 08:40:11] local.INFO: User authenticated via bearer token {"user_id":76,"user_email":"freelancezahedtesting@gmail.com"} 
[2026-05-23 08:40:11] local.INFO: Returning campaigns for user {"user_id":76,"campaign_count":0,"statuses":[]} 
[2026-05-23 08:40:40] local.INFO: ParseBearerToken middleware invoked {"path":"/api/v2/campaign","method":"GET","has_auth_header":true,"auth_header_preview":"Bearer 176|tvOdAVPlpdhBhLoAtuW...","is_bearer":true} 
[2026-05-23 08:40:40] local.INFO: Extracted bearer token {"token_preview":"176|tvOdAV...","token_length":52} 
[2026-05-23 08:40:40] local.INFO: Found personal access token {"token_id":176,"user_id":76,"revoked":null} 
[2026-05-23 08:40:40] local.INFO: User authenticated via bearer token {"user_id":76,"user_email":"freelancezahedtesting@gmail.com"} 
[2026-05-23 08:40:41] local.INFO: Returning campaigns for user {"user_id":76,"campaign_count":0,"statuses":[]} 
[2026-05-23 08:41:11] local.INFO: ParseBearerToken middleware invoked {"path":"/api/v2/campaign","method":"GET","has_auth_header":true,"auth_header_preview":"Bearer 176|tvOdAVPlpdhBhLoAtuW...","is_bearer":true} 
[2026-05-23 08:41:11] local.INFO: Extracted bearer token {"token_preview":"176|tvOdAV...","token_length":52} 
[2026-05-23 08:41:11] local.INFO: Found personal access token {"token_id":176,"user_id":76,"revoked":null} 
[2026-05-23 08:41:11] local.INFO: User authenticated via bearer token {"user_id":76,"user_email":"freelancezahedtesting@gmail.com"} 
[2026-05-23 08:41:11] local.INFO: Returning campaigns for user {"user_id":76,"campaign_count":0,"statuses":[]} 
[2026-05-23 08:41:40] local.INFO: ParseBearerToken middleware invoked {"path":"/api/v2/campaign","method":"GET","has_auth_header":true,"auth_header_preview":"Bearer 176|tvOdAVPlpdhBhLoAtuW...","is_bearer":true} 
[2026-05-23 08:41:40] local.INFO: Extracted bearer token {"token_preview":"176|tvOdAV...","token_length":52} 
[2026-05-23 08:41:40] local.INFO: Found personal access token {"token_id":176,"user_id":76,"revoked":null} 
[2026-05-23 08:41:40] local.INFO: User authenticated via bearer token {"user_id":76,"user_email":"freelancezahedtesting@gmail.com"} 
[2026-05-23 08:41:40] local.INFO: Returning campaigns for user {"user_id":76,"campaign_count":0,"statuses":[]} 
[2026-05-23 08:42:11] local.INFO: ParseBearerToken middleware invoked {"path":"/api/v2/campaign","method":"GET","has_auth_header":true,"auth_header_preview":"Bearer 176|tvOdAVPlpdhBhLoAtuW...","is_bearer":true} 
[2026-05-23 08:42:11] local.INFO: Extracted bearer token {"token_preview":"176|tvOdAV...","token_length":52} 
[2026-05-23 08:42:11] local.INFO: Found personal access token {"token_id":176,"user_id":76,"revoked":null} 
[2026-05-23 08:42:11] local.INFO: User authenticated via bearer token {"user_id":76,"user_email":"freelancezahedtesting@gmail.com"} 
[2026-05-23 08:42:11] local.INFO: Returning campaigns for user {"user_id":76,"campaign_count":0,"statuses":[]} 
[2026-05-23 08:42:41] local.INFO: ParseBearerToken middleware invoked {"path":"/api/v2/campaign","method":"GET","has_auth_header":true,"auth_header_preview":"Bearer 176|tvOdAVPlpdhBhLoAtuW...","is_bearer":true} 
[2026-05-23 08:42:41] local.INFO: Extracted bearer token {"token_preview":"176|tvOdAV...","token_length":52} 
[2026-05-23 08:42:41] local.INFO: Found personal access token {"token_id":176,"user_id":76,"revoked":null} 
[2026-05-23 08:42:41] local.INFO: User authenticated via bearer token {"user_id":76,"user_email":"freelancezahedtesting@gmail.com"} 
[2026-05-23 08:42:41] local.INFO: Returning campaigns for user {"user_id":76,"campaign_count":0,"statuses":[]} 
[2026-05-23 08:43:10] local.INFO: ParseBearerToken middleware invoked {"path":"/api/v2/campaign","method":"GET","has_auth_header":true,"auth_header_preview":"Bearer 176|tvOdAVPlpdhBhLoAtuW...","is_bearer":true} 
[2026-05-23 08:43:10] local.INFO: Extracted bearer token {"token_preview":"176|tvOdAV...","token_length":52} 
[2026-05-23 08:43:10] local.INFO: Found personal access token {"token_id":176,"user_id":76,"revoked":null} 
[2026-05-23 08:43:10] local.INFO: User authenticated via bearer token {"user_id":76,"user_email":"freelancezahedtesting@gmail.com"} 
[2026-05-23 08:43:10] local.INFO: Returning campaigns for user {"user_id":76,"campaign_count":0,"statuses":[]} 
[2026-05-23 08:43:41] local.INFO: ParseBearerToken middleware invoked {"path":"/api/v2/campaign","method":"GET","has_auth_header":true,"auth_header_preview":"Bearer 176|tvOdAVPlpdhBhLoAtuW...","is_bearer":true} 
[2026-05-23 08:43:41] local.INFO: Extracted bearer token {"token_preview":"176|tvOdAV...","token_length":52} 
[2026-05-23 08:43:41] local.INFO: Found personal access token {"token_id":176,"user_id":76,"revoked":null} 
[2026-05-23 08:43:41] local.INFO: User authenticated via bearer token {"user_id":76,"user_email":"freelancezahedtesting@gmail.com"} 
[2026-05-23 08:43:41] local.INFO: Returning campaigns for user {"user_id":76,"campaign_count":0,"statuses":[]} 
[2026-05-23 08:44:11] local.INFO: ParseBearerToken middleware invoked {"path":"/api/v2/campaign","method":"GET","has_auth_header":true,"auth_header_preview":"Bearer 176|tvOdAVPlpdhBhLoAtuW...","is_bearer":true} 
[2026-05-23 08:44:11] local.INFO: Extracted bearer token {"token_preview":"176|tvOdAV...","token_length":52} 
[2026-05-23 08:44:11] local.INFO: Found personal access token {"token_id":176,"user_id":76,"revoked":null} 
[2026-05-23 08:44:11] local.INFO: User authenticated via bearer token {"user_id":76,"user_email":"freelancezahedtesting@gmail.com"} 
[2026-05-23 08:44:11] local.INFO: Returning campaigns for user {"user_id":76,"campaign_count":0,"statuses":[]} 
[2026-05-23 08:44:41] local.INFO: ParseBearerToken middleware invoked {"path":"/api/v2/campaign","method":"GET","has_auth_header":true,"auth_header_preview":"Bearer 176|tvOdAVPlpdhBhLoAtuW...","is_bearer":true} 
[2026-05-23 08:44:41] local.INFO: Extracted bearer token {"token_preview":"176|tvOdAV...","token_length":52} 
[2026-05-23 08:44:41] local.INFO: Found personal access token {"token_id":176,"user_id":76,"revoked":null} 
[2026-05-23 08:44:41] local.INFO: User authenticated via bearer token {"user_id":76,"user_email":"freelancezahedtesting@gmail.com"} 
[2026-05-23 08:44:41] local.INFO: Returning campaigns for user {"user_id":76,"campaign_count":0,"statuses":[]} 
[2026-05-23 08:45:11] local.INFO: ParseBearerToken middleware invoked {"path":"/api/v2/campaign","method":"GET","has_auth_header":true,"auth_header_preview":"Bearer 176|tvOdAVPlpdhBhLoAtuW...","is_bearer":true} 
[2026-05-23 08:45:11] local.INFO: Extracted bearer token {"token_preview":"176|tvOdAV...","token_length":52} 
[2026-05-23 08:45:11] local.INFO: Found personal access token {"token_id":176,"user_id":76,"revoked":null} 
[2026-05-23 08:45:11] local.INFO: User authenticated via bearer token {"user_id":76,"user_email":"freelancezahedtesting@gmail.com"} 
[2026-05-23 08:45:11] local.INFO: Returning campaigns for user {"user_id":76,"campaign_count":0,"statuses":[]} 
[2026-05-23 08:45:41] local.INFO: ParseBearerToken middleware invoked {"path":"/api/v2/campaign","method":"GET","has_auth_header":true,"auth_header_preview":"Bearer 176|tvOdAVPlpdhBhLoAtuW...","is_bearer":true} 
[2026-05-23 08:45:41] local.INFO: Extracted bearer token {"token_preview":"176|tvOdAV...","token_length":52} 
[2026-05-23 08:45:41] local.INFO: Found personal access token {"token_id":176,"user_id":76,"revoked":null} 
[2026-05-23 08:45:41] local.INFO: User authenticated via bearer token {"user_id":76,"user_email":"freelancezahedtesting@gmail.com"} 
[2026-05-23 08:45:41] local.INFO: Returning campaigns for user {"user_id":76,"campaign_count":0,"statuses":[]} 
[2026-05-23 08:46:11] local.INFO: ParseBearerToken middleware invoked {"path":"/api/v2/campaign","method":"GET","has_auth_header":true,"auth_header_preview":"Bearer 176|tvOdAVPlpdhBhLoAtuW...","is_bearer":true} 
[2026-05-23 08:46:11] local.INFO: Extracted bearer token {"token_preview":"176|tvOdAV...","token_length":52} 
[2026-05-23 08:46:11] local.INFO: Found personal access token {"token_id":176,"user_id":76,"revoked":null} 
[2026-05-23 08:46:11] local.INFO: User authenticated via bearer token {"user_id":76,"user_email":"freelancezahedtesting@gmail.com"} 
[2026-05-23 08:46:11] local.INFO: Returning campaigns for user {"user_id":76,"campaign_count":0,"statuses":[]} 
[2026-05-23 08:46:41] local.INFO: ParseBearerToken middleware invoked {"path":"/api/v2/campaign","method":"GET","has_auth_header":true,"auth_header_preview":"Bearer 176|tvOdAVPlpdhBhLoAtuW...","is_bearer":true} 
[2026-05-23 08:46:41] local.INFO: Extracted bearer token {"token_preview":"176|tvOdAV...","token_length":52} 
[2026-05-23 08:46:41] local.INFO: Found personal access token {"token_id":176,"user_id":76,"revoked":null} 
[2026-05-23 08:46:41] local.INFO: User authenticated via bearer token {"user_id":76,"user_email":"freelancezahedtesting@gmail.com"} 
[2026-05-23 08:46:41] local.INFO: Returning campaigns for user {"user_id":76,"campaign_count":0,"statuses":[]} 
[2026-05-23 08:47:11] local.INFO: ParseBearerToken middleware invoked {"path":"/api/v2/campaign","method":"GET","has_auth_header":true,"auth_header_preview":"Bearer 176|tvOdAVPlpdhBhLoAtuW...","is_bearer":true} 
[2026-05-23 08:47:11] local.INFO: Extracted bearer token {"token_preview":"176|tvOdAV...","token_length":52} 
[2026-05-23 08:47:11] local.INFO: Found personal access token {"token_id":176,"user_id":76,"revoked":null} 
[2026-05-23 08:47:11] local.INFO: User authenticated via bearer token {"user_id":76,"user_email":"freelancezahedtesting@gmail.com"} 
[2026-05-23 08:47:11] local.INFO: Returning campaigns for user {"user_id":76,"campaign_count":0,"statuses":[]} 
[2026-05-23 08:47:40] local.INFO: ParseBearerToken middleware invoked {"path":"/api/v2/campaign","method":"GET","has_auth_header":true,"auth_header_preview":"Bearer 176|tvOdAVPlpdhBhLoAtuW...","is_bearer":true} 
[2026-05-23 08:47:40] local.INFO: Extracted bearer token {"token_preview":"176|tvOdAV...","token_length":52} 
[2026-05-23 08:47:40] local.INFO: Found personal access token {"token_id":176,"user_id":76,"revoked":null} 
[2026-05-23 08:47:40] local.INFO: User authenticated via bearer token {"user_id":76,"user_email":"freelancezahedtesting@gmail.com"} 
[2026-05-23 08:47:40] local.INFO: Returning campaigns for user {"user_id":76,"campaign_count":0,"statuses":[]} 
[2026-05-23 08:48:11] local.INFO: ParseBearerToken middleware invoked {"path":"/api/v2/campaign","method":"GET","has_auth_header":true,"auth_header_preview":"Bearer 176|tvOdAVPlpdhBhLoAtuW...","is_bearer":true} 
[2026-05-23 08:48:11] local.INFO: Extracted bearer token {"token_preview":"176|tvOdAV...","token_length":52} 
[2026-05-23 08:48:11] local.INFO: Found personal access token {"token_id":176,"user_id":76,"revoked":null} 
[2026-05-23 08:48:11] local.INFO: User authenticated via bearer token {"user_id":76,"user_email":"freelancezahedtesting@gmail.com"} 
[2026-05-23 08:48:11] local.INFO: Returning campaigns for user {"user_id":76,"campaign_count":0,"statuses":[]} 
[2026-05-23 08:48:41] local.INFO: ParseBearerToken middleware invoked {"path":"/api/v2/campaign","method":"GET","has_auth_header":true,"auth_header_preview":"Bearer 176|tvOdAVPlpdhBhLoAtuW...","is_bearer":true} 
[2026-05-23 08:48:41] local.INFO: Extracted bearer token {"token_preview":"176|tvOdAV...","token_length":52} 
[2026-05-23 08:48:41] local.INFO: Found personal access token {"token_id":176,"user_id":76,"revoked":null} 
[2026-05-23 08:48:41] local.INFO: User authenticated via bearer token {"user_id":76,"user_email":"freelancezahedtesting@gmail.com"} 
[2026-05-23 08:48:41] local.INFO: Returning campaigns for user {"user_id":76,"campaign_count":0,"statuses":[]} 
[2026-05-23 08:49:11] local.INFO: ParseBearerToken middleware invoked {"path":"/api/v2/campaign","method":"GET","has_auth_header":true,"auth_header_preview":"Bearer 176|tvOdAVPlpdhBhLoAtuW...","is_bearer":true} 
[2026-05-23 08:49:11] local.INFO: Extracted bearer token {"token_preview":"176|tvOdAV...","token_length":52} 
[2026-05-23 08:49:11] local.INFO: Found personal access token {"token_id":176,"user_id":76,"revoked":null} 
[2026-05-23 08:49:11] local.INFO: User authenticated via bearer token {"user_id":76,"user_email":"freelancezahedtesting@gmail.com"} 
[2026-05-23 08:49:11] local.INFO: Returning campaigns for user {"user_id":76,"campaign_count":0,"statuses":[]} 
[2026-05-23 08:49:41] local.INFO: ParseBearerToken middleware invoked {"path":"/api/v2/campaign","method":"GET","has_auth_header":true,"auth_header_preview":"Bearer 176|tvOdAVPlpdhBhLoAtuW...","is_bearer":true} 
[2026-05-23 08:49:41] local.INFO: Extracted bearer token {"token_preview":"176|tvOdAV...","token_length":52} 
[2026-05-23 08:49:41] local.INFO: Found personal access token {"token_id":176,"user_id":76,"revoked":null} 
[2026-05-23 08:49:41] local.INFO: User authenticated via bearer token {"user_id":76,"user_email":"freelancezahedtesting@gmail.com"} 
[2026-05-23 08:49:41] local.INFO: Returning campaigns for user {"user_id":76,"campaign_count":0,"statuses":[]} 
[2026-05-23 08:50:10] local.INFO: ParseBearerToken middleware invoked {"path":"/api/v2/campaign","method":"GET","has_auth_header":true,"auth_header_preview":"Bearer 176|tvOdAVPlpdhBhLoAtuW...","is_bearer":true} 
[2026-05-23 08:50:10] local.INFO: Extracted bearer token {"token_preview":"176|tvOdAV...","token_length":52} 
[2026-05-23 08:50:10] local.INFO: Found personal access token {"token_id":176,"user_id":76,"revoked":null} 
[2026-05-23 08:50:10] local.INFO: User authenticated via bearer token {"user_id":76,"user_email":"freelancezahedtesting@gmail.com"} 
[2026-05-23 08:50:10] local.INFO: Returning campaigns for user {"user_id":76,"campaign_count":0,"statuses":[]} 
[2026-05-23 08:50:40] local.INFO: ParseBearerToken middleware invoked {"path":"/api/v2/campaign","method":"GET","has_auth_header":true,"auth_header_preview":"Bearer 176|tvOdAVPlpdhBhLoAtuW...","is_bearer":true} 
[2026-05-23 08:50:40] local.INFO: Extracted bearer token {"token_preview":"176|tvOdAV...","token_length":52} 
[2026-05-23 08:50:40] local.INFO: Found personal access token {"token_id":176,"user_id":76,"revoked":null} 
[2026-05-23 08:50:41] local.INFO: User authenticated via bearer token {"user_id":76,"user_email":"freelancezahedtesting@gmail.com"} 
[2026-05-23 08:50:41] local.INFO: Returning campaigns for user {"user_id":76,"campaign_count":0,"statuses":[]} 
[2026-05-23 08:51:11] local.INFO: ParseBearerToken middleware invoked {"path":"/api/v2/campaign","method":"GET","has_auth_header":true,"auth_header_preview":"Bearer 176|tvOdAVPlpdhBhLoAtuW...","is_bearer":true} 
[2026-05-23 08:51:11] local.INFO: Extracted bearer token {"token_preview":"176|tvOdAV...","token_length":52} 
[2026-05-23 08:51:11] local.INFO: Found personal access token {"token_id":176,"user_id":76,"revoked":null} 
[2026-05-23 08:51:11] local.INFO: User authenticated via bearer token {"user_id":76,"user_email":"freelancezahedtesting@gmail.com"} 
[2026-05-23 08:51:11] local.INFO: Returning campaigns for user {"user_id":76,"campaign_count":0,"statuses":[]} 
[2026-05-23 08:51:41] local.INFO: ParseBearerToken middleware invoked {"path":"/api/v2/campaign","method":"GET","has_auth_header":true,"auth_header_preview":"Bearer 176|tvOdAVPlpdhBhLoAtuW...","is_bearer":true} 
[2026-05-23 08:51:41] local.INFO: Extracted bearer token {"token_preview":"176|tvOdAV...","token_length":52} 
[2026-05-23 08:51:41] local.INFO: Found personal access token {"token_id":176,"user_id":76,"revoked":null} 
[2026-05-23 08:51:41] local.INFO: User authenticated via bearer token {"user_id":76,"user_email":"freelancezahedtesting@gmail.com"} 
[2026-05-23 08:51:41] local.INFO: Returning campaigns for user {"user_id":76,"campaign_count":0,"statuses":[]} 
[2026-05-23 08:52:11] local.INFO: ParseBearerToken middleware invoked {"path":"/api/v2/campaign","method":"GET","has_auth_header":true,"auth_header_preview":"Bearer 176|tvOdAVPlpdhBhLoAtuW...","is_bearer":true} 
[2026-05-23 08:52:11] local.INFO: Extracted bearer token {"token_preview":"176|tvOdAV...","token_length":52} 
[2026-05-23 08:52:11] local.INFO: Found personal access token {"token_id":176,"user_id":76,"revoked":null} 
[2026-05-23 08:52:11] local.INFO: User authenticated via bearer token {"user_id":76,"user_email":"freelancezahedtesting@gmail.com"} 
[2026-05-23 08:52:11] local.INFO: Returning campaigns for user {"user_id":76,"campaign_count":0,"statuses":[]} 
[2026-05-23 08:52:41] local.INFO: ParseBearerToken middleware invoked {"path":"/api/v2/campaign","method":"GET","has_auth_header":true,"auth_header_preview":"Bearer 176|tvOdAVPlpdhBhLoAtuW...","is_bearer":true} 
[2026-05-23 08:52:41] local.INFO: Extracted bearer token {"token_preview":"176|tvOdAV...","token_length":52} 
[2026-05-23 08:52:41] local.INFO: Found personal access token {"token_id":176,"user_id":76,"revoked":null} 
[2026-05-23 08:52:41] local.INFO: User authenticated via bearer token {"user_id":76,"user_email":"freelancezahedtesting@gmail.com"} 
[2026-05-23 08:52:41] local.INFO: Returning campaigns for user {"user_id":76,"campaign_count":0,"statuses":[]} 
[2026-05-23 08:53:11] local.INFO: ParseBearerToken middleware invoked {"path":"/api/v2/campaign","method":"GET","has_auth_header":true,"auth_header_preview":"Bearer 176|tvOdAVPlpdhBhLoAtuW...","is_bearer":true} 
[2026-05-23 08:53:11] local.INFO: Extracted bearer token {"token_preview":"176|tvOdAV...","token_length":52} 
[2026-05-23 08:53:11] local.INFO: Found personal access token {"token_id":176,"user_id":76,"revoked":null} 
[2026-05-23 08:53:11] local.INFO: User authenticated via bearer token {"user_id":76,"user_email":"freelancezahedtesting@gmail.com"} 
[2026-05-23 08:53:11] local.INFO: Returning campaigns for user {"user_id":76,"campaign_count":0,"statuses":[]} 
[2026-05-23 08:53:41] local.INFO: ParseBearerToken middleware invoked {"path":"/api/v2/campaign","method":"GET","has_auth_header":true,"auth_header_preview":"Bearer 176|tvOdAVPlpdhBhLoAtuW...","is_bearer":true} 
[2026-05-23 08:53:41] local.INFO: Extracted bearer token {"token_preview":"176|tvOdAV...","token_length":52} 
[2026-05-23 08:53:41] local.INFO: Found personal access token {"token_id":176,"user_id":76,"revoked":null} 
[2026-05-23 08:53:41] local.INFO: User authenticated via bearer token {"user_id":76,"user_email":"freelancezahedtesting@gmail.com"} 
[2026-05-23 08:53:41] local.INFO: Returning campaigns for user {"user_id":76,"campaign_count":0,"statuses":[]} 
[2026-05-23 08:54:10] local.INFO: ParseBearerToken middleware invoked {"path":"/api/v2/campaign","method":"GET","has_auth_header":true,"auth_header_preview":"Bearer 176|tvOdAVPlpdhBhLoAtuW...","is_bearer":true} 
[2026-05-23 08:54:10] local.INFO: Extracted bearer token {"token_preview":"176|tvOdAV...","token_length":52} 
[2026-05-23 08:54:10] local.INFO: Found personal access token {"token_id":176,"user_id":76,"revoked":null} 
[2026-05-23 08:54:10] local.INFO: User authenticated via bearer token {"user_id":76,"user_email":"freelancezahedtesting@gmail.com"} 
[2026-05-23 08:54:10] local.INFO: Returning campaigns for user {"user_id":76,"campaign_count":0,"statuses":[]} 
[2026-05-23 08:54:41] local.INFO: ParseBearerToken middleware invoked {"path":"/api/v2/campaign","method":"GET","has_auth_header":true,"auth_header_preview":"Bearer 176|tvOdAVPlpdhBhLoAtuW...","is_bearer":true} 
[2026-05-23 08:54:41] local.INFO: Extracted bearer token {"token_preview":"176|tvOdAV...","token_length":52} 
[2026-05-23 08:54:41] local.INFO: Found personal access token {"token_id":176,"user_id":76,"revoked":null} 
[2026-05-23 08:54:41] local.INFO: User authenticated via bearer token {"user_id":76,"user_email":"freelancezahedtesting@gmail.com"} 
[2026-05-23 08:54:41] local.INFO: Returning campaigns for user {"user_id":76,"campaign_count":0,"statuses":[]} 
[2026-05-23 08:55:11] local.INFO: ParseBearerToken middleware invoked {"path":"/api/v2/campaign","method":"GET","has_auth_header":true,"auth_header_preview":"Bearer 176|tvOdAVPlpdhBhLoAtuW...","is_bearer":true} 
[2026-05-23 08:55:11] local.INFO: Extracted bearer token {"token_preview":"176|tvOdAV...","token_length":52} 
[2026-05-23 08:55:11] local.INFO: Found personal access token {"token_id":176,"user_id":76,"revoked":null} 
[2026-05-23 08:55:11] local.INFO: User authenticated via bearer token {"user_id":76,"user_email":"freelancezahedtesting@gmail.com"} 
[2026-05-23 08:55:11] local.INFO: Returning campaigns for user {"user_id":76,"campaign_count":0,"statuses":[]} 
[2026-05-23 08:55:40] local.INFO: ParseBearerToken middleware invoked {"path":"/api/v2/campaign","method":"GET","has_auth_header":true,"auth_header_preview":"Bearer 176|tvOdAVPlpdhBhLoAtuW...","is_bearer":true} 
[2026-05-23 08:55:40] local.INFO: Extracted bearer token {"token_preview":"176|tvOdAV...","token_length":52} 
[2026-05-23 08:55:40] local.INFO: Found personal access token {"token_id":176,"user_id":76,"revoked":null} 
[2026-05-23 08:55:40] local.INFO: User authenticated via bearer token {"user_id":76,"user_email":"freelancezahedtesting@gmail.com"} 
[2026-05-23 08:55:40] local.INFO: Returning campaigns for user {"user_id":76,"campaign_count":0,"statuses":[]} 
[2026-05-23 08:56:10] local.INFO: ParseBearerToken middleware invoked {"path":"/api/v2/campaign","method":"GET","has_auth_header":true,"auth_header_preview":"Bearer 176|tvOdAVPlpdhBhLoAtuW...","is_bearer":true} 
[2026-05-23 08:56:10] local.INFO: Extracted bearer token {"token_preview":"176|tvOdAV...","token_length":52} 
[2026-05-23 08:56:10] local.INFO: Found personal access token {"token_id":176,"user_id":76,"revoked":null} 
[2026-05-23 08:56:11] local.INFO: User authenticated via bearer token {"user_id":76,"user_email":"freelancezahedtesting@gmail.com"} 
[2026-05-23 08:56:11] local.INFO: Returning campaigns for user {"user_id":76,"campaign_count":0,"statuses":[]} 
[2026-05-23 08:56:40] local.INFO: ParseBearerToken middleware invoked {"path":"/api/v2/campaign","method":"GET","has_auth_header":true,"auth_header_preview":"Bearer 176|tvOdAVPlpdhBhLoAtuW...","is_bearer":true} 
[2026-05-23 08:56:40] local.INFO: Extracted bearer token {"token_preview":"176|tvOdAV...","token_length":52} 
[2026-05-23 08:56:40] local.INFO: Found personal access token {"token_id":176,"user_id":76,"revoked":null} 
[2026-05-23 08:56:40] local.INFO: User authenticated via bearer token {"user_id":76,"user_email":"freelancezahedtesting@gmail.com"} 
[2026-05-23 08:56:40] local.INFO: Returning campaigns for user {"user_id":76,"campaign_count":0,"statuses":[]} 
[2026-05-23 08:57:11] local.INFO: ParseBearerToken middleware invoked {"path":"/api/v2/campaign","method":"GET","has_auth_header":true,"auth_header_preview":"Bearer 176|tvOdAVPlpdhBhLoAtuW...","is_bearer":true} 
[2026-05-23 08:57:11] local.INFO: Extracted bearer token {"token_preview":"176|tvOdAV...","token_length":52} 
[2026-05-23 08:57:11] local.INFO: Found personal access token {"token_id":176,"user_id":76,"revoked":null} 
[2026-05-23 08:57:11] local.INFO: User authenticated via bearer token {"user_id":76,"user_email":"freelancezahedtesting@gmail.com"} 
[2026-05-23 08:57:11] local.INFO: Returning campaigns for user {"user_id":76,"campaign_count":0,"statuses":[]} 
[2026-05-23 08:57:40] local.INFO: ParseBearerToken middleware invoked {"path":"/api/v2/campaign","method":"GET","has_auth_header":true,"auth_header_preview":"Bearer 176|tvOdAVPlpdhBhLoAtuW...","is_bearer":true} 
[2026-05-23 08:57:40] local.INFO: Extracted bearer token {"token_preview":"176|tvOdAV...","token_length":52} 
[2026-05-23 08:57:40] local.INFO: Found personal access token {"token_id":176,"user_id":76,"revoked":null} 
[2026-05-23 08:57:40] local.INFO: User authenticated via bearer token {"user_id":76,"user_email":"freelancezahedtesting@gmail.com"} 
[2026-05-23 08:57:40] local.INFO: Returning campaigns for user {"user_id":76,"campaign_count":0,"statuses":[]} 
[2026-05-23 08:58:11] local.INFO: ParseBearerToken middleware invoked {"path":"/api/v2/campaign","method":"GET","has_auth_header":true,"auth_header_preview":"Bearer 176|tvOdAVPlpdhBhLoAtuW...","is_bearer":true} 
[2026-05-23 08:58:11] local.INFO: Extracted bearer token {"token_preview":"176|tvOdAV...","token_length":52} 
[2026-05-23 08:58:11] local.INFO: Found personal access token {"token_id":176,"user_id":76,"revoked":null} 
[2026-05-23 08:58:11] local.INFO: User authenticated via bearer token {"user_id":76,"user_email":"freelancezahedtesting@gmail.com"} 
[2026-05-23 08:58:11] local.INFO: Returning campaigns for user {"user_id":76,"campaign_count":0,"statuses":[]} 
[2026-05-23 08:58:40] local.INFO: ParseBearerToken middleware invoked {"path":"/api/v2/campaign","method":"GET","has_auth_header":true,"auth_header_preview":"Bearer 176|tvOdAVPlpdhBhLoAtuW...","is_bearer":true} 
[2026-05-23 08:58:40] local.INFO: Extracted bearer token {"token_preview":"176|tvOdAV...","token_length":52} 
[2026-05-23 08:58:40] local.INFO: Found personal access token {"token_id":176,"user_id":76,"revoked":null} 
[2026-05-23 08:58:40] local.INFO: User authenticated via bearer token {"user_id":76,"user_email":"freelancezahedtesting@gmail.com"} 
[2026-05-23 08:58:40] local.INFO: Returning campaigns for user {"user_id":76,"campaign_count":0,"statuses":[]} 
[2026-05-23 08:59:11] local.INFO: ParseBearerToken middleware invoked {"path":"/api/v2/campaign","method":"GET","has_auth_header":true,"auth_header_preview":"Bearer 176|tvOdAVPlpdhBhLoAtuW...","is_bearer":true} 
[2026-05-23 08:59:11] local.INFO: Extracted bearer token {"token_preview":"176|tvOdAV...","token_length":52} 
[2026-05-23 08:59:11] local.INFO: Found personal access token {"token_id":176,"user_id":76,"revoked":null} 
[2026-05-23 08:59:11] local.INFO: User authenticated via bearer token {"user_id":76,"user_email":"freelancezahedtesting@gmail.com"} 
[2026-05-23 08:59:11] local.INFO: Returning campaigns for user {"user_id":76,"campaign_count":0,"statuses":[]} 
[2026-05-23 08:59:40] local.INFO: ParseBearerToken middleware invoked {"path":"/api/v2/campaign","method":"GET","has_auth_header":true,"auth_header_preview":"Bearer 176|tvOdAVPlpdhBhLoAtuW...","is_bearer":true} 
[2026-05-23 08:59:40] local.INFO: Extracted bearer token {"token_preview":"176|tvOdAV...","token_length":52} 
[2026-05-23 08:59:40] local.INFO: Found personal access token {"token_id":176,"user_id":76,"revoked":null} 
[2026-05-23 08:59:40] local.INFO: User authenticated via bearer token {"user_id":76,"user_email":"freelancezahedtesting@gmail.com"} 
[2026-05-23 08:59:40] local.INFO: Returning campaigns for user {"user_id":76,"campaign_count":0,"statuses":[]} 
[2026-05-23 09:00:10] local.INFO: ParseBearerToken middleware invoked {"path":"/api/v2/campaign","method":"GET","has_auth_header":true,"auth_header_preview":"Bearer 176|tvOdAVPlpdhBhLoAtuW...","is_bearer":true} 
[2026-05-23 09:00:10] local.INFO: Extracted bearer token {"token_preview":"176|tvOdAV...","token_length":52} 
[2026-05-23 09:00:10] local.INFO: Found personal access token {"token_id":176,"user_id":76,"revoked":null} 
[2026-05-23 09:00:10] local.INFO: User authenticated via bearer token {"user_id":76,"user_email":"freelancezahedtesting@gmail.com"} 
[2026-05-23 09:00:10] local.INFO: Returning campaigns for user {"user_id":76,"campaign_count":0,"statuses":[]} 
[2026-05-23 09:00:41] local.INFO: ParseBearerToken middleware invoked {"path":"/api/v2/campaign","method":"GET","has_auth_header":true,"auth_header_preview":"Bearer 176|tvOdAVPlpdhBhLoAtuW...","is_bearer":true} 
[2026-05-23 09:00:41] local.INFO: Extracted bearer token {"token_preview":"176|tvOdAV...","token_length":52} 
[2026-05-23 09:00:41] local.INFO: Found personal access token {"token_id":176,"user_id":76,"revoked":null} 
[2026-05-23 09:00:41] local.INFO: User authenticated via bearer token {"user_id":76,"user_email":"freelancezahedtesting@gmail.com"} 
[2026-05-23 09:00:41] local.INFO: Returning campaigns for user {"user_id":76,"campaign_count":0,"statuses":[]} 
[2026-05-23 09:01:11] local.INFO: ParseBearerToken middleware invoked {"path":"/api/v2/campaign","method":"GET","has_auth_header":true,"auth_header_preview":"Bearer 176|tvOdAVPlpdhBhLoAtuW...","is_bearer":true} 
[2026-05-23 09:01:11] local.INFO: Extracted bearer token {"token_preview":"176|tvOdAV...","token_length":52} 
[2026-05-23 09:01:11] local.INFO: Found personal access token {"token_id":176,"user_id":76,"revoked":null} 
[2026-05-23 09:01:11] local.INFO: User authenticated via bearer token {"user_id":76,"user_email":"freelancezahedtesting@gmail.com"} 
[2026-05-23 09:01:11] local.INFO: Returning campaigns for user {"user_id":76,"campaign_count":0,"statuses":[]} 
[2026-05-23 09:01:40] local.INFO: ParseBearerToken middleware invoked {"path":"/api/v2/campaign","method":"GET","has_auth_header":true,"auth_header_preview":"Bearer 176|tvOdAVPlpdhBhLoAtuW...","is_bearer":true} 
[2026-05-23 09:01:40] local.INFO: Extracted bearer token {"token_preview":"176|tvOdAV...","token_length":52} 
[2026-05-23 09:01:40] local.INFO: Found personal access token {"token_id":176,"user_id":76,"revoked":null} 
[2026-05-23 09:01:40] local.INFO: User authenticated via bearer token {"user_id":76,"user_email":"freelancezahedtesting@gmail.com"} 
[2026-05-23 09:01:41] local.INFO: Returning campaigns for user {"user_id":76,"campaign_count":0,"statuses":[]} 
[2026-05-23 09:02:11] local.INFO: ParseBearerToken middleware invoked {"path":"/api/v2/campaign","method":"GET","has_auth_header":true,"auth_header_preview":"Bearer 176|tvOdAVPlpdhBhLoAtuW...","is_bearer":true} 
[2026-05-23 09:02:11] local.INFO: Extracted bearer token {"token_preview":"176|tvOdAV...","token_length":52} 
[2026-05-23 09:02:11] local.INFO: Found personal access token {"token_id":176,"user_id":76,"revoked":null} 
[2026-05-23 09:02:11] local.INFO: User authenticated via bearer token {"user_id":76,"user_email":"freelancezahedtesting@gmail.com"} 
[2026-05-23 09:02:11] local.INFO: Returning campaigns for user {"user_id":76,"campaign_count":0,"statuses":[]} 
[2026-05-23 09:02:41] local.INFO: ParseBearerToken middleware invoked {"path":"/api/v2/campaign","method":"GET","has_auth_header":true,"auth_header_preview":"Bearer 176|tvOdAVPlpdhBhLoAtuW...","is_bearer":true} 
[2026-05-23 09:02:41] local.INFO: Extracted bearer token {"token_preview":"176|tvOdAV...","token_length":52} 
[2026-05-23 09:02:41] local.INFO: Found personal access token {"token_id":176,"user_id":76,"revoked":null} 
[2026-05-23 09:02:41] local.INFO: User authenticated via bearer token {"user_id":76,"user_email":"freelancezahedtesting@gmail.com"} 
[2026-05-23 09:02:41] local.INFO: Returning campaigns for user {"user_id":76,"campaign_count":0,"statuses":[]} 
[2026-05-23 09:03:11] local.INFO: ParseBearerToken middleware invoked {"path":"/api/v2/campaign","method":"GET","has_auth_header":true,"auth_header_preview":"Bearer 176|tvOdAVPlpdhBhLoAtuW...","is_bearer":true} 
[2026-05-23 09:03:11] local.INFO: Extracted bearer token {"token_preview":"176|tvOdAV...","token_length":52} 
[2026-05-23 09:03:11] local.INFO: Found personal access token {"token_id":176,"user_id":76,"revoked":null} 
[2026-05-23 09:03:11] local.INFO: User authenticated via bearer token {"user_id":76,"user_email":"freelancezahedtesting@gmail.com"} 
[2026-05-23 09:03:11] local.INFO: Returning campaigns for user {"user_id":76,"campaign_count":0,"statuses":[]} 
[2026-05-23 09:03:41] local.INFO: ParseBearerToken middleware invoked {"path":"/api/v2/campaign","method":"GET","has_auth_header":true,"auth_header_preview":"Bearer 176|tvOdAVPlpdhBhLoAtuW...","is_bearer":true} 
[2026-05-23 09:03:41] local.INFO: Extracted bearer token {"token_preview":"176|tvOdAV...","token_length":52} 
[2026-05-23 09:03:41] local.INFO: Found personal access token {"token_id":176,"user_id":76,"revoked":null} 
[2026-05-23 09:03:41] local.INFO: User authenticated via bearer token {"user_id":76,"user_email":"freelancezahedtesting@gmail.com"} 
[2026-05-23 09:03:41] local.INFO: Returning campaigns for user {"user_id":76,"campaign_count":0,"statuses":[]} 
[2026-05-23 09:04:11] local.INFO: ParseBearerToken middleware invoked {"path":"/api/v2/campaign","method":"GET","has_auth_header":true,"auth_header_preview":"Bearer 176|tvOdAVPlpdhBhLoAtuW...","is_bearer":true} 
[2026-05-23 09:04:11] local.INFO: Extracted bearer token {"token_preview":"176|tvOdAV...","token_length":52} 
[2026-05-23 09:04:11] local.INFO: Found personal access token {"token_id":176,"user_id":76,"revoked":null} 
[2026-05-23 09:04:11] local.INFO: User authenticated via bearer token {"user_id":76,"user_email":"freelancezahedtesting@gmail.com"} 
[2026-05-23 09:04:11] local.INFO: Returning campaigns for user {"user_id":76,"campaign_count":0,"statuses":[]} 
[2026-05-23 09:04:41] local.INFO: ParseBearerToken middleware invoked {"path":"/api/v2/campaign","method":"GET","has_auth_header":true,"auth_header_preview":"Bearer 176|tvOdAVPlpdhBhLoAtuW...","is_bearer":true} 
[2026-05-23 09:04:41] local.INFO: Extracted bearer token {"token_preview":"176|tvOdAV...","token_length":52} 
[2026-05-23 09:04:41] local.INFO: Found personal access token {"token_id":176,"user_id":76,"revoked":null} 
[2026-05-23 09:04:41] local.INFO: User authenticated via bearer token {"user_id":76,"user_email":"freelancezahedtesting@gmail.com"} 
[2026-05-23 09:04:41] local.INFO: Returning campaigns for user {"user_id":76,"campaign_count":0,"statuses":[]} 
[2026-05-23 09:05:11] local.INFO: ParseBearerToken middleware invoked {"path":"/api/v2/campaign","method":"GET","has_auth_header":true,"auth_header_preview":"Bearer 176|tvOdAVPlpdhBhLoAtuW...","is_bearer":true} 
[2026-05-23 09:05:11] local.INFO: Extracted bearer token {"token_preview":"176|tvOdAV...","token_length":52} 
[2026-05-23 09:05:11] local.INFO: Found personal access token {"token_id":176,"user_id":76,"revoked":null} 
[2026-05-23 09:05:11] local.INFO: User authenticated via bearer token {"user_id":76,"user_email":"freelancezahedtesting@gmail.com"} 
[2026-05-23 09:05:11] local.INFO: Returning campaigns for user {"user_id":76,"campaign_count":0,"statuses":[]} 
[2026-05-23 09:05:41] local.INFO: ParseBearerToken middleware invoked {"path":"/api/v2/campaign","method":"GET","has_auth_header":true,"auth_header_preview":"Bearer 176|tvOdAVPlpdhBhLoAtuW...","is_bearer":true} 
[2026-05-23 09:05:41] local.INFO: Extracted bearer token {"token_preview":"176|tvOdAV...","token_length":52} 
[2026-05-23 09:05:41] local.INFO: Found personal access token {"token_id":176,"user_id":76,"revoked":null} 
[2026-05-23 09:05:41] local.INFO: User authenticated via bearer token {"user_id":76,"user_email":"freelancezahedtesting@gmail.com"} 
[2026-05-23 09:05:41] local.INFO: Returning campaigns for user {"user_id":76,"campaign_count":0,"statuses":[]} 
[2026-05-23 09:06:11] local.INFO: ParseBearerToken middleware invoked {"path":"/api/v2/campaign","method":"GET","has_auth_header":true,"auth_header_preview":"Bearer 176|tvOdAVPlpdhBhLoAtuW...","is_bearer":true} 
[2026-05-23 09:06:11] local.INFO: Extracted bearer token {"token_preview":"176|tvOdAV...","token_length":52} 
[2026-05-23 09:06:11] local.INFO: Found personal access token {"token_id":176,"user_id":76,"revoked":null} 
[2026-05-23 09:06:11] local.INFO: User authenticated via bearer token {"user_id":76,"user_email":"freelancezahedtesting@gmail.com"} 
[2026-05-23 09:06:11] local.INFO: Returning campaigns for user {"user_id":76,"campaign_count":0,"statuses":[]} 
[2026-05-23 09:06:41] local.INFO: ParseBearerToken middleware invoked {"path":"/api/v2/campaign","method":"GET","has_auth_header":true,"auth_header_preview":"Bearer 176|tvOdAVPlpdhBhLoAtuW...","is_bearer":true} 
[2026-05-23 09:06:41] local.INFO: Extracted bearer token {"token_preview":"176|tvOdAV...","token_length":52} 
[2026-05-23 09:06:41] local.INFO: Found personal access token {"token_id":176,"user_id":76,"revoked":null} 
[2026-05-23 09:06:41] local.INFO: User authenticated via bearer token {"user_id":76,"user_email":"freelancezahedtesting@gmail.com"} 
[2026-05-23 09:06:41] local.INFO: Returning campaigns for user {"user_id":76,"campaign_count":0,"statuses":[]} 
[2026-05-23 09:07:10] local.INFO: ParseBearerToken middleware invoked {"path":"/api/v2/campaign","method":"GET","has_auth_header":true,"auth_header_preview":"Bearer 176|tvOdAVPlpdhBhLoAtuW...","is_bearer":true} 
[2026-05-23 09:07:10] local.INFO: Extracted bearer token {"token_preview":"176|tvOdAV...","token_length":52} 
[2026-05-23 09:07:10] local.INFO: Found personal access token {"token_id":176,"user_id":76,"revoked":null} 
[2026-05-23 09:07:10] local.INFO: User authenticated via bearer token {"user_id":76,"user_email":"freelancezahedtesting@gmail.com"} 
[2026-05-23 09:07:10] local.INFO: Returning campaigns for user {"user_id":76,"campaign_count":0,"statuses":[]} 
[2026-05-23 09:07:41] local.INFO: ParseBearerToken middleware invoked {"path":"/api/v2/campaign","method":"GET","has_auth_header":true,"auth_header_preview":"Bearer 176|tvOdAVPlpdhBhLoAtuW...","is_bearer":true} 
[2026-05-23 09:07:41] local.INFO: Extracted bearer token {"token_preview":"176|tvOdAV...","token_length":52} 
[2026-05-23 09:07:41] local.INFO: Found personal access token {"token_id":176,"user_id":76,"revoked":null} 
[2026-05-23 09:07:41] local.INFO: User authenticated via bearer token {"user_id":76,"user_email":"freelancezahedtesting@gmail.com"} 
[2026-05-23 09:07:41] local.INFO: Returning campaigns for user {"user_id":76,"campaign_count":0,"statuses":[]} 
[2026-05-23 09:08:11] local.INFO: ParseBearerToken middleware invoked {"path":"/api/v2/campaign","method":"GET","has_auth_header":true,"auth_header_preview":"Bearer 176|tvOdAVPlpdhBhLoAtuW...","is_bearer":true} 
[2026-05-23 09:08:11] local.INFO: Extracted bearer token {"token_preview":"176|tvOdAV...","token_length":52} 
[2026-05-23 09:08:11] local.INFO: Found personal access token {"token_id":176,"user_id":76,"revoked":null} 
[2026-05-23 09:08:11] local.INFO: User authenticated via bearer token {"user_id":76,"user_email":"freelancezahedtesting@gmail.com"} 
[2026-05-23 09:08:11] local.INFO: Returning campaigns for user {"user_id":76,"campaign_count":0,"statuses":[]} 
[2026-05-23 09:08:41] local.INFO: ParseBearerToken middleware invoked {"path":"/api/v2/campaign","method":"GET","has_auth_header":true,"auth_header_preview":"Bearer 176|tvOdAVPlpdhBhLoAtuW...","is_bearer":true} 
[2026-05-23 09:08:41] local.INFO: Extracted bearer token {"token_preview":"176|tvOdAV...","token_length":52} 
[2026-05-23 09:08:41] local.INFO: Found personal access token {"token_id":176,"user_id":76,"revoked":null} 
[2026-05-23 09:08:41] local.INFO: User authenticated via bearer token {"user_id":76,"user_email":"freelancezahedtesting@gmail.com"} 
[2026-05-23 09:08:41] local.INFO: Returning campaigns for user {"user_id":76,"campaign_count":0,"statuses":[]} 
[2026-05-23 09:09:10] local.INFO: ParseBearerToken middleware invoked {"path":"/api/v2/campaign","method":"GET","has_auth_header":true,"auth_header_preview":"Bearer 176|tvOdAVPlpdhBhLoAtuW...","is_bearer":true} 
[2026-05-23 09:09:10] local.INFO: Extracted bearer token {"token_preview":"176|tvOdAV...","token_length":52} 
[2026-05-23 09:09:10] local.INFO: Found personal access token {"token_id":176,"user_id":76,"revoked":null} 
[2026-05-23 09:09:11] local.INFO: User authenticated via bearer token {"user_id":76,"user_email":"freelancezahedtesting@gmail.com"} 
[2026-05-23 09:09:11] local.INFO: Returning campaigns for user {"user_id":76,"campaign_count":0,"statuses":[]} 
[2026-05-23 09:09:40] local.INFO: ParseBearerToken middleware invoked {"path":"/api/v2/campaign","method":"GET","has_auth_header":true,"auth_header_preview":"Bearer 176|tvOdAVPlpdhBhLoAtuW...","is_bearer":true} 
[2026-05-23 09:09:40] local.INFO: Extracted bearer token {"token_preview":"176|tvOdAV...","token_length":52} 
[2026-05-23 09:09:40] local.INFO: Found personal access token {"token_id":176,"user_id":76,"revoked":null} 
[2026-05-23 09:09:40] local.INFO: User authenticated via bearer token {"user_id":76,"user_email":"freelancezahedtesting@gmail.com"} 
[2026-05-23 09:09:40] local.INFO: Returning campaigns for user {"user_id":76,"campaign_count":0,"statuses":[]} 
[2026-05-23 09:10:11] local.INFO: ParseBearerToken middleware invoked {"path":"/api/v2/campaign","method":"GET","has_auth_header":true,"auth_header_preview":"Bearer 176|tvOdAVPlpdhBhLoAtuW...","is_bearer":true} 
[2026-05-23 09:10:11] local.INFO: Extracted bearer token {"token_preview":"176|tvOdAV...","token_length":52} 
[2026-05-23 09:10:11] local.INFO: Found personal access token {"token_id":176,"user_id":76,"revoked":null} 
[2026-05-23 09:10:11] local.INFO: User authenticated via bearer token {"user_id":76,"user_email":"freelancezahedtesting@gmail.com"} 
[2026-05-23 09:10:11] local.INFO: Returning campaigns for user {"user_id":76,"campaign_count":0,"statuses":[]} 
[2026-05-23 09:10:41] local.INFO: ParseBearerToken middleware invoked {"path":"/api/v2/campaign","method":"GET","has_auth_header":true,"auth_header_preview":"Bearer 176|tvOdAVPlpdhBhLoAtuW...","is_bearer":true} 
[2026-05-23 09:10:41] local.INFO: Extracted bearer token {"token_preview":"176|tvOdAV...","token_length":52} 
[2026-05-23 09:10:41] local.INFO: Found personal access token {"token_id":176,"user_id":76,"revoked":null} 
[2026-05-23 09:10:41] local.INFO: User authenticated via bearer token {"user_id":76,"user_email":"freelancezahedtesting@gmail.com"} 
[2026-05-23 09:10:41] local.INFO: Returning campaigns for user {"user_id":76,"campaign_count":0,"statuses":[]} 
[2026-05-23 09:11:11] local.INFO: ParseBearerToken middleware invoked {"path":"/api/v2/campaign","method":"GET","has_auth_header":true,"auth_header_preview":"Bearer 176|tvOdAVPlpdhBhLoAtuW...","is_bearer":true} 
[2026-05-23 09:11:11] local.INFO: Extracted bearer token {"token_preview":"176|tvOdAV...","token_length":52} 
[2026-05-23 09:11:11] local.INFO: Found personal access token {"token_id":176,"user_id":76,"revoked":null} 
[2026-05-23 09:11:11] local.INFO: User authenticated via bearer token {"user_id":76,"user_email":"freelancezahedtesting@gmail.com"} 
[2026-05-23 09:11:11] local.INFO: Returning campaigns for user {"user_id":76,"campaign_count":0,"statuses":[]} 
[2026-05-23 09:11:41] local.INFO: ParseBearerToken middleware invoked {"path":"/api/v2/campaign","method":"GET","has_auth_header":true,"auth_header_preview":"Bearer 176|tvOdAVPlpdhBhLoAtuW...","is_bearer":true} 
[2026-05-23 09:11:41] local.INFO: Extracted bearer token {"token_preview":"176|tvOdAV...","token_length":52} 
[2026-05-23 09:11:41] local.INFO: Found personal access token {"token_id":176,"user_id":76,"revoked":null} 
[2026-05-23 09:11:41] local.INFO: User authenticated via bearer token {"user_id":76,"user_email":"freelancezahedtesting@gmail.com"} 
[2026-05-23 09:11:41] local.INFO: Returning campaigns for user {"user_id":76,"campaign_count":0,"statuses":[]} 
[2026-05-23 09:12:11] local.INFO: ParseBearerToken middleware invoked {"path":"/api/v2/campaign","method":"GET","has_auth_header":true,"auth_header_preview":"Bearer 176|tvOdAVPlpdhBhLoAtuW...","is_bearer":true} 
[2026-05-23 09:12:11] local.INFO: Extracted bearer token {"token_preview":"176|tvOdAV...","token_length":52} 
[2026-05-23 09:12:11] local.INFO: Found personal access token {"token_id":176,"user_id":76,"revoked":null} 
[2026-05-23 09:12:11] local.INFO: User authenticated via bearer token {"user_id":76,"user_email":"freelancezahedtesting@gmail.com"} 
[2026-05-23 09:12:11] local.INFO: Returning campaigns for user {"user_id":76,"campaign_count":0,"statuses":[]} 
[2026-05-23 09:12:41] local.INFO: ParseBearerToken middleware invoked {"path":"/api/v2/campaign","method":"GET","has_auth_header":true,"auth_header_preview":"Bearer 176|tvOdAVPlpdhBhLoAtuW...","is_bearer":true} 
[2026-05-23 09:12:41] local.INFO: Extracted bearer token {"token_preview":"176|tvOdAV...","token_length":52} 
[2026-05-23 09:12:41] local.INFO: Found personal access token {"token_id":176,"user_id":76,"revoked":null} 
[2026-05-23 09:12:41] local.INFO: User authenticated via bearer token {"user_id":76,"user_email":"freelancezahedtesting@gmail.com"} 
[2026-05-23 09:12:41] local.INFO: Returning campaigns for user {"user_id":76,"campaign_count":0,"statuses":[]} 
[2026-05-23 09:13:11] local.INFO: ParseBearerToken middleware invoked {"path":"/api/v2/campaign","method":"GET","has_auth_header":true,"auth_header_preview":"Bearer 176|tvOdAVPlpdhBhLoAtuW...","is_bearer":true} 
[2026-05-23 09:13:11] local.INFO: Extracted bearer token {"token_preview":"176|tvOdAV...","token_length":52} 
[2026-05-23 09:13:11] local.INFO: Found personal access token {"token_id":176,"user_id":76,"revoked":null} 
[2026-05-23 09:13:11] local.INFO: User authenticated via bearer token {"user_id":76,"user_email":"freelancezahedtesting@gmail.com"} 
[2026-05-23 09:13:11] local.INFO: Returning campaigns for user {"user_id":76,"campaign_count":0,"statuses":[]} 
[2026-05-23 09:13:41] local.INFO: ParseBearerToken middleware invoked {"path":"/api/v2/campaign","method":"GET","has_auth_header":true,"auth_header_preview":"Bearer 176|tvOdAVPlpdhBhLoAtuW...","is_bearer":true} 
[2026-05-23 09:13:41] local.INFO: Extracted bearer token {"token_preview":"176|tvOdAV...","token_length":52} 
[2026-05-23 09:13:41] local.INFO: Found personal access token {"token_id":176,"user_id":76,"revoked":null} 
[2026-05-23 09:13:41] local.INFO: User authenticated via bearer token {"user_id":76,"user_email":"freelancezahedtesting@gmail.com"} 
[2026-05-23 09:13:41] local.INFO: Returning campaigns for user {"user_id":76,"campaign_count":0,"statuses":[]} 
[2026-05-23 09:14:11] local.INFO: ParseBearerToken middleware invoked {"path":"/api/v2/campaign","method":"GET","has_auth_header":true,"auth_header_preview":"Bearer 176|tvOdAVPlpdhBhLoAtuW...","is_bearer":true} 
[2026-05-23 09:14:11] local.INFO: Extracted bearer token {"token_preview":"176|tvOdAV...","token_length":52} 
[2026-05-23 09:14:11] local.INFO: Found personal access token {"token_id":176,"user_id":76,"revoked":null} 
[2026-05-23 09:14:11] local.INFO: User authenticated via bearer token {"user_id":76,"user_email":"freelancezahedtesting@gmail.com"} 
[2026-05-23 09:14:11] local.INFO: Returning campaigns for user {"user_id":76,"campaign_count":0,"statuses":[]} 
[2026-05-23 09:14:41] local.INFO: ParseBearerToken middleware invoked {"path":"/api/v2/campaign","method":"GET","has_auth_header":true,"auth_header_preview":"Bearer 176|tvOdAVPlpdhBhLoAtuW...","is_bearer":true} 
[2026-05-23 09:14:41] local.INFO: Extracted bearer token {"token_preview":"176|tvOdAV...","token_length":52} 
[2026-05-23 09:14:41] local.INFO: Found personal access token {"token_id":176,"user_id":76,"revoked":null} 
[2026-05-23 09:14:41] local.INFO: User authenticated via bearer token {"user_id":76,"user_email":"freelancezahedtesting@gmail.com"} 
[2026-05-23 09:14:41] local.INFO: Returning campaigns for user {"user_id":76,"campaign_count":0,"statuses":[]} 
[2026-05-23 09:15:11] local.INFO: ParseBearerToken middleware invoked {"path":"/api/v2/campaign","method":"GET","has_auth_header":true,"auth_header_preview":"Bearer 176|tvOdAVPlpdhBhLoAtuW...","is_bearer":true} 
[2026-05-23 09:15:11] local.INFO: Extracted bearer token {"token_preview":"176|tvOdAV...","token_length":52} 
[2026-05-23 09:15:11] local.INFO: Found personal access token {"token_id":176,"user_id":76,"revoked":null} 
[2026-05-23 09:15:11] local.INFO: User authenticated via bearer token {"user_id":76,"user_email":"freelancezahedtesting@gmail.com"} 
[2026-05-23 09:15:11] local.INFO: Returning campaigns for user {"user_id":76,"campaign_count":0,"statuses":[]} 
[2026-05-23 09:15:41] local.INFO: ParseBearerToken middleware invoked {"path":"/api/v2/campaign","method":"GET","has_auth_header":true,"auth_header_preview":"Bearer 176|tvOdAVPlpdhBhLoAtuW...","is_bearer":true} 
[2026-05-23 09:15:41] local.INFO: Extracted bearer token {"token_preview":"176|tvOdAV...","token_length":52} 
[2026-05-23 09:15:41] local.INFO: Found personal access token {"token_id":176,"user_id":76,"revoked":null} 
[2026-05-23 09:15:41] local.INFO: User authenticated via bearer token {"user_id":76,"user_email":"freelancezahedtesting@gmail.com"} 
[2026-05-23 09:15:41] local.INFO: Returning campaigns for user {"user_id":76,"campaign_count":0,"statuses":[]} 
[2026-05-23 09:16:11] local.INFO: ParseBearerToken middleware invoked {"path":"/api/v2/campaign","method":"GET","has_auth_header":true,"auth_header_preview":"Bearer 176|tvOdAVPlpdhBhLoAtuW...","is_bearer":true} 
[2026-05-23 09:16:11] local.INFO: Extracted bearer token {"token_preview":"176|tvOdAV...","token_length":52} 
[2026-05-23 09:16:11] local.INFO: Found personal access token {"token_id":176,"user_id":76,"revoked":null} 
[2026-05-23 09:16:11] local.INFO: User authenticated via bearer token {"user_id":76,"user_email":"freelancezahedtesting@gmail.com"} 
[2026-05-23 09:16:11] local.INFO: Returning campaigns for user {"user_id":76,"campaign_count":0,"statuses":[]} 
[2026-05-23 09:16:41] local.INFO: ParseBearerToken middleware invoked {"path":"/api/v2/campaign","method":"GET","has_auth_header":true,"auth_header_preview":"Bearer 176|tvOdAVPlpdhBhLoAtuW...","is_bearer":true} 
[2026-05-23 09:16:41] local.INFO: Extracted bearer token {"token_preview":"176|tvOdAV...","token_length":52} 
[2026-05-23 09:16:41] local.INFO: Found personal access token {"token_id":176,"user_id":76,"revoked":null} 
[2026-05-23 09:16:41] local.INFO: User authenticated via bearer token {"user_id":76,"user_email":"freelancezahedtesting@gmail.com"} 
[2026-05-23 09:16:41] local.INFO: Returning campaigns for user {"user_id":76,"campaign_count":0,"statuses":[]} 
[2026-05-23 09:17:11] local.INFO: ParseBearerToken middleware invoked {"path":"/api/v2/campaign","method":"GET","has_auth_header":true,"auth_header_preview":"Bearer 176|tvOdAVPlpdhBhLoAtuW...","is_bearer":true} 
[2026-05-23 09:17:11] local.INFO: Extracted bearer token {"token_preview":"176|tvOdAV...","token_length":52} 
[2026-05-23 09:17:11] local.INFO: Found personal access token {"token_id":176,"user_id":76,"revoked":null} 
[2026-05-23 09:17:11] local.INFO: User authenticated via bearer token {"user_id":76,"user_email":"freelancezahedtesting@gmail.com"} 
[2026-05-23 09:17:11] local.INFO: Returning campaigns for user {"user_id":76,"campaign_count":0,"statuses":[]} 
[2026-05-23 09:17:41] local.INFO: ParseBearerToken middleware invoked {"path":"/api/v2/campaign","method":"GET","has_auth_header":true,"auth_header_preview":"Bearer 176|tvOdAVPlpdhBhLoAtuW...","is_bearer":true} 
[2026-05-23 09:17:41] local.INFO: Extracted bearer token {"token_preview":"176|tvOdAV...","token_length":52} 
[2026-05-23 09:17:41] local.INFO: Found personal access token {"token_id":176,"user_id":76,"revoked":null} 
[2026-05-23 09:17:41] local.INFO: User authenticated via bearer token {"user_id":76,"user_email":"freelancezahedtesting@gmail.com"} 
[2026-05-23 09:17:41] local.INFO: Returning campaigns for user {"user_id":76,"campaign_count":0,"statuses":[]} 
[2026-05-23 09:18:11] local.INFO: ParseBearerToken middleware invoked {"path":"/api/v2/campaign","method":"GET","has_auth_header":true,"auth_header_preview":"Bearer 176|tvOdAVPlpdhBhLoAtuW...","is_bearer":true} 
[2026-05-23 09:18:11] local.INFO: Extracted bearer token {"token_preview":"176|tvOdAV...","token_length":52} 
[2026-05-23 09:18:11] local.INFO: Found personal access token {"token_id":176,"user_id":76,"revoked":null} 
[2026-05-23 09:18:11] local.INFO: User authenticated via bearer token {"user_id":76,"user_email":"freelancezahedtesting@gmail.com"} 
[2026-05-23 09:18:11] local.INFO: Returning campaigns for user {"user_id":76,"campaign_count":0,"statuses":[]} 
[2026-05-23 09:18:40] local.INFO: ParseBearerToken middleware invoked {"path":"/api/v2/campaign","method":"GET","has_auth_header":true,"auth_header_preview":"Bearer 176|tvOdAVPlpdhBhLoAtuW...","is_bearer":true} 
[2026-05-23 09:18:40] local.INFO: Extracted bearer token {"token_preview":"176|tvOdAV...","token_length":52} 
[2026-05-23 09:18:40] local.INFO: Found personal access token {"token_id":176,"user_id":76,"revoked":null} 
[2026-05-23 09:18:41] local.INFO: User authenticated via bearer token {"user_id":76,"user_email":"freelancezahedtesting@gmail.com"} 
[2026-05-23 09:18:41] local.INFO: Returning campaigns for user {"user_id":76,"campaign_count":0,"statuses":[]} 
[2026-05-23 09:19:10] local.INFO: ParseBearerToken middleware invoked {"path":"/api/v2/campaign","method":"GET","has_auth_header":true,"auth_header_preview":"Bearer 176|tvOdAVPlpdhBhLoAtuW...","is_bearer":true} 
[2026-05-23 09:19:10] local.INFO: Extracted bearer token {"token_preview":"176|tvOdAV...","token_length":52} 
[2026-05-23 09:19:10] local.INFO: Found personal access token {"token_id":176,"user_id":76,"revoked":null} 
[2026-05-23 09:19:10] local.INFO: User authenticated via bearer token {"user_id":76,"user_email":"freelancezahedtesting@gmail.com"} 
[2026-05-23 09:19:10] local.INFO: Returning campaigns for user {"user_id":76,"campaign_count":0,"statuses":[]} 
[2026-05-23 09:19:41] local.INFO: ParseBearerToken middleware invoked {"path":"/api/v2/campaign","method":"GET","has_auth_header":true,"auth_header_preview":"Bearer 176|tvOdAVPlpdhBhLoAtuW...","is_bearer":true} 
[2026-05-23 09:19:41] local.INFO: Extracted bearer token {"token_preview":"176|tvOdAV...","token_length":52} 
[2026-05-23 09:19:41] local.INFO: Found personal access token {"token_id":176,"user_id":76,"revoked":null} 
[2026-05-23 09:19:41] local.INFO: User authenticated via bearer token {"user_id":76,"user_email":"freelancezahedtesting@gmail.com"} 
[2026-05-23 09:19:41] local.INFO: Returning campaigns for user {"user_id":76,"campaign_count":0,"statuses":[]} 
[2026-05-23 09:20:11] local.INFO: ParseBearerToken middleware invoked {"path":"/api/v2/campaign","method":"GET","has_auth_header":true,"auth_header_preview":"Bearer 176|tvOdAVPlpdhBhLoAtuW...","is_bearer":true} 
[2026-05-23 09:20:11] local.INFO: Extracted bearer token {"token_preview":"176|tvOdAV...","token_length":52} 
[2026-05-23 09:20:11] local.INFO: Found personal access token {"token_id":176,"user_id":76,"revoked":null} 
[2026-05-23 09:20:11] local.INFO: User authenticated via bearer token {"user_id":76,"user_email":"freelancezahedtesting@gmail.com"} 
[2026-05-23 09:20:11] local.INFO: Returning campaigns for user {"user_id":76,"campaign_count":0,"statuses":[]} 
[2026-05-23 09:20:41] local.INFO: ParseBearerToken middleware invoked {"path":"/api/v2/campaign","method":"GET","has_auth_header":true,"auth_header_preview":"Bearer 176|tvOdAVPlpdhBhLoAtuW...","is_bearer":true} 
[2026-05-23 09:20:41] local.INFO: Extracted bearer token {"token_preview":"176|tvOdAV...","token_length":52} 
[2026-05-23 09:20:41] local.INFO: Found personal access token {"token_id":176,"user_id":76,"revoked":null} 
[2026-05-23 09:20:41] local.INFO: User authenticated via bearer token {"user_id":76,"user_email":"freelancezahedtesting@gmail.com"} 
[2026-05-23 09:20:41] local.INFO: Returning campaigns for user {"user_id":76,"campaign_count":0,"statuses":[]} 
[2026-05-23 09:21:10] local.INFO: ParseBearerToken middleware invoked {"path":"/api/v2/campaign","method":"GET","has_auth_header":true,"auth_header_preview":"Bearer 176|tvOdAVPlpdhBhLoAtuW...","is_bearer":true} 
[2026-05-23 09:21:10] local.INFO: Extracted bearer token {"token_preview":"176|tvOdAV...","token_length":52} 
[2026-05-23 09:21:10] local.INFO: Found personal access token {"token_id":176,"user_id":76,"revoked":null} 
[2026-05-23 09:21:10] local.INFO: User authenticated via bearer token {"user_id":76,"user_email":"freelancezahedtesting@gmail.com"} 
[2026-05-23 09:21:10] local.INFO: Returning campaigns for user {"user_id":76,"campaign_count":0,"statuses":[]} 
[2026-05-23 09:21:40] local.INFO: ParseBearerToken middleware invoked {"path":"/api/v2/campaign","method":"GET","has_auth_header":true,"auth_header_preview":"Bearer 176|tvOdAVPlpdhBhLoAtuW...","is_bearer":true} 
[2026-05-23 09:21:40] local.INFO: Extracted bearer token {"token_preview":"176|tvOdAV...","token_length":52} 
[2026-05-23 09:21:40] local.INFO: Found personal access token {"token_id":176,"user_id":76,"revoked":null} 
[2026-05-23 09:21:40] local.INFO: User authenticated via bearer token {"user_id":76,"user_email":"freelancezahedtesting@gmail.com"} 
[2026-05-23 09:21:40] local.INFO: Returning campaigns for user {"user_id":76,"campaign_count":0,"statuses":[]} 
[2026-05-23 09:22:11] local.INFO: ParseBearerToken middleware invoked {"path":"/api/v2/campaign","method":"GET","has_auth_header":true,"auth_header_preview":"Bearer 176|tvOdAVPlpdhBhLoAtuW...","is_bearer":true} 
[2026-05-23 09:22:11] local.INFO: Extracted bearer token {"token_preview":"176|tvOdAV...","token_length":52} 
[2026-05-23 09:22:11] local.INFO: Found personal access token {"token_id":176,"user_id":76,"revoked":null} 
[2026-05-23 09:22:11] local.INFO: User authenticated via bearer token {"user_id":76,"user_email":"freelancezahedtesting@gmail.com"} 
[2026-05-23 09:22:11] local.INFO: Returning campaigns for user {"user_id":76,"campaign_count":0,"statuses":[]} 
[2026-05-23 09:22:40] local.INFO: ParseBearerToken middleware invoked {"path":"/api/v2/campaign","method":"GET","has_auth_header":true,"auth_header_preview":"Bearer 176|tvOdAVPlpdhBhLoAtuW...","is_bearer":true} 
[2026-05-23 09:22:40] local.INFO: Extracted bearer token {"token_preview":"176|tvOdAV...","token_length":52} 
[2026-05-23 09:22:40] local.INFO: Found personal access token {"token_id":176,"user_id":76,"revoked":null} 
[2026-05-23 09:22:40] local.INFO: User authenticated via bearer token {"user_id":76,"user_email":"freelancezahedtesting@gmail.com"} 
[2026-05-23 09:22:40] local.INFO: Returning campaigns for user {"user_id":76,"campaign_count":0,"statuses":[]} 
[2026-05-23 09:23:11] local.INFO: ParseBearerToken middleware invoked {"path":"/api/v2/campaign","method":"GET","has_auth_header":true,"auth_header_preview":"Bearer 176|tvOdAVPlpdhBhLoAtuW...","is_bearer":true} 
[2026-05-23 09:23:11] local.INFO: Extracted bearer token {"token_preview":"176|tvOdAV...","token_length":52} 
[2026-05-23 09:23:11] local.INFO: Found personal access token {"token_id":176,"user_id":76,"revoked":null} 
[2026-05-23 09:23:11] local.INFO: User authenticated via bearer token {"user_id":76,"user_email":"freelancezahedtesting@gmail.com"} 
[2026-05-23 09:23:11] local.INFO: Returning campaigns for user {"user_id":76,"campaign_count":0,"statuses":[]} 
[2026-05-23 09:23:40] local.INFO: ParseBearerToken middleware invoked {"path":"/api/v2/campaign","method":"GET","has_auth_header":true,"auth_header_preview":"Bearer 176|tvOdAVPlpdhBhLoAtuW...","is_bearer":true} 
[2026-05-23 09:23:40] local.INFO: Extracted bearer token {"token_preview":"176|tvOdAV...","token_length":52} 
[2026-05-23 09:23:41] local.INFO: Found personal access token {"token_id":176,"user_id":76,"revoked":null} 
[2026-05-23 09:23:41] local.INFO: User authenticated via bearer token {"user_id":76,"user_email":"freelancezahedtesting@gmail.com"} 
[2026-05-23 09:23:41] local.INFO: Returning campaigns for user {"user_id":76,"campaign_count":0,"statuses":[]} 
[2026-05-23 09:24:11] local.INFO: ParseBearerToken middleware invoked {"path":"/api/v2/campaign","method":"GET","has_auth_header":true,"auth_header_preview":"Bearer 176|tvOdAVPlpdhBhLoAtuW...","is_bearer":true} 
[2026-05-23 09:24:11] local.INFO: Extracted bearer token {"token_preview":"176|tvOdAV...","token_length":52} 
[2026-05-23 09:24:11] local.INFO: Found personal access token {"token_id":176,"user_id":76,"revoked":null} 
[2026-05-23 09:24:11] local.INFO: User authenticated via bearer token {"user_id":76,"user_email":"freelancezahedtesting@gmail.com"} 
[2026-05-23 09:24:11] local.INFO: Returning campaigns for user {"user_id":76,"campaign_count":0,"statuses":[]} 
[2026-05-23 09:24:40] local.INFO: ParseBearerToken middleware invoked {"path":"/api/v2/campaign","method":"GET","has_auth_header":true,"auth_header_preview":"Bearer 176|tvOdAVPlpdhBhLoAtuW...","is_bearer":true} 
[2026-05-23 09:24:40] local.INFO: Extracted bearer token {"token_preview":"176|tvOdAV...","token_length":52} 
[2026-05-23 09:24:40] local.INFO: Found personal access token {"token_id":176,"user_id":76,"revoked":null} 
[2026-05-23 09:24:40] local.INFO: User authenticated via bearer token {"user_id":76,"user_email":"freelancezahedtesting@gmail.com"} 
[2026-05-23 09:24:41] local.INFO: Returning campaigns for user {"user_id":76,"campaign_count":0,"statuses":[]} 
[2026-05-23 09:25:10] local.INFO: ParseBearerToken middleware invoked {"path":"/api/v2/campaign","method":"GET","has_auth_header":true,"auth_header_preview":"Bearer 176|tvOdAVPlpdhBhLoAtuW...","is_bearer":true} 
[2026-05-23 09:25:10] local.INFO: Extracted bearer token {"token_preview":"176|tvOdAV...","token_length":52} 
[2026-05-23 09:25:10] local.INFO: Found personal access token {"token_id":176,"user_id":76,"revoked":null} 
[2026-05-23 09:25:10] local.INFO: User authenticated via bearer token {"user_id":76,"user_email":"freelancezahedtesting@gmail.com"} 
[2026-05-23 09:25:10] local.INFO: Returning campaigns for user {"user_id":76,"campaign_count":0,"statuses":[]} 
[2026-05-23 09:25:41] local.INFO: ParseBearerToken middleware invoked {"path":"/api/v2/campaign","method":"GET","has_auth_header":true,"auth_header_preview":"Bearer 176|tvOdAVPlpdhBhLoAtuW...","is_bearer":true} 
[2026-05-23 09:25:41] local.INFO: Extracted bearer token {"token_preview":"176|tvOdAV...","token_length":52} 
[2026-05-23 09:25:41] local.INFO: Found personal access token {"token_id":176,"user_id":76,"revoked":null} 
[2026-05-23 09:25:41] local.INFO: User authenticated via bearer token {"user_id":76,"user_email":"freelancezahedtesting@gmail.com"} 
[2026-05-23 09:25:41] local.INFO: Returning campaigns for user {"user_id":76,"campaign_count":0,"statuses":[]} 
[2026-05-23 09:26:11] local.INFO: ParseBearerToken middleware invoked {"path":"/api/v2/campaign","method":"GET","has_auth_header":true,"auth_header_preview":"Bearer 176|tvOdAVPlpdhBhLoAtuW...","is_bearer":true} 
[2026-05-23 09:26:11] local.INFO: Extracted bearer token {"token_preview":"176|tvOdAV...","token_length":52} 
[2026-05-23 09:26:11] local.INFO: Found personal access token {"token_id":176,"user_id":76,"revoked":null} 
[2026-05-23 09:26:11] local.INFO: User authenticated via bearer token {"user_id":76,"user_email":"freelancezahedtesting@gmail.com"} 
[2026-05-23 09:26:11] local.INFO: Returning campaigns for user {"user_id":76,"campaign_count":0,"statuses":[]} 
[2026-05-23 09:26:41] local.INFO: ParseBearerToken middleware invoked {"path":"/api/v2/campaign","method":"GET","has_auth_header":true,"auth_header_preview":"Bearer 176|tvOdAVPlpdhBhLoAtuW...","is_bearer":true} 
[2026-05-23 09:26:41] local.INFO: Extracted bearer token {"token_preview":"176|tvOdAV...","token_length":52} 
[2026-05-23 09:26:41] local.INFO: Found personal access token {"token_id":176,"user_id":76,"revoked":null} 
[2026-05-23 09:26:41] local.INFO: User authenticated via bearer token {"user_id":76,"user_email":"freelancezahedtesting@gmail.com"} 
[2026-05-23 09:26:41] local.INFO: Returning campaigns for user {"user_id":76,"campaign_count":0,"statuses":[]} 
[2026-05-23 09:27:11] local.INFO: ParseBearerToken middleware invoked {"path":"/api/v2/campaign","method":"GET","has_auth_header":true,"auth_header_preview":"Bearer 176|tvOdAVPlpdhBhLoAtuW...","is_bearer":true} 
[2026-05-23 09:27:11] local.INFO: Extracted bearer token {"token_preview":"176|tvOdAV...","token_length":52} 
[2026-05-23 09:27:11] local.INFO: Found personal access token {"token_id":176,"user_id":76,"revoked":null} 
[2026-05-23 09:27:11] local.INFO: User authenticated via bearer token {"user_id":76,"user_email":"freelancezahedtesting@gmail.com"} 
[2026-05-23 09:27:11] local.INFO: Returning campaigns for user {"user_id":76,"campaign_count":0,"statuses":[]} 
[2026-05-23 09:27:40] local.INFO: ParseBearerToken middleware invoked {"path":"/api/v2/campaign","method":"GET","has_auth_header":true,"auth_header_preview":"Bearer 176|tvOdAVPlpdhBhLoAtuW...","is_bearer":true} 
[2026-05-23 09:27:40] local.INFO: Extracted bearer token {"token_preview":"176|tvOdAV...","token_length":52} 
[2026-05-23 09:27:40] local.INFO: Found personal access token {"token_id":176,"user_id":76,"revoked":null} 
[2026-05-23 09:27:40] local.INFO: User authenticated via bearer token {"user_id":76,"user_email":"freelancezahedtesting@gmail.com"} 
[2026-05-23 09:27:40] local.INFO: Returning campaigns for user {"user_id":76,"campaign_count":0,"statuses":[]} 
[2026-05-23 09:28:11] local.INFO: ParseBearerToken middleware invoked {"path":"/api/v2/campaign","method":"GET","has_auth_header":true,"auth_header_preview":"Bearer 176|tvOdAVPlpdhBhLoAtuW...","is_bearer":true} 
[2026-05-23 09:28:11] local.INFO: Extracted bearer token {"token_preview":"176|tvOdAV...","token_length":52} 
[2026-05-23 09:28:11] local.INFO: Found personal access token {"token_id":176,"user_id":76,"revoked":null} 
[2026-05-23 09:28:11] local.INFO: User authenticated via bearer token {"user_id":76,"user_email":"freelancezahedtesting@gmail.com"} 
[2026-05-23 09:28:11] local.INFO: Returning campaigns for user {"user_id":76,"campaign_count":0,"statuses":[]} 
[2026-05-23 09:28:40] local.INFO: ParseBearerToken middleware invoked {"path":"/api/v2/campaign","method":"GET","has_auth_header":true,"auth_header_preview":"Bearer 176|tvOdAVPlpdhBhLoAtuW...","is_bearer":true} 
[2026-05-23 09:28:40] local.INFO: Extracted bearer token {"token_preview":"176|tvOdAV...","token_length":52} 
[2026-05-23 09:28:40] local.INFO: Found personal access token {"token_id":176,"user_id":76,"revoked":null} 
[2026-05-23 09:28:41] local.INFO: User authenticated via bearer token {"user_id":76,"user_email":"freelancezahedtesting@gmail.com"} 
[2026-05-23 09:28:41] local.INFO: Returning campaigns for user {"user_id":76,"campaign_count":0,"statuses":[]} 
[2026-05-23 09:29:10] local.INFO: ParseBearerToken middleware invoked {"path":"/api/v2/campaign","method":"GET","has_auth_header":true,"auth_header_preview":"Bearer 176|tvOdAVPlpdhBhLoAtuW...","is_bearer":true} 
[2026-05-23 09:29:10] local.INFO: Extracted bearer token {"token_preview":"176|tvOdAV...","token_length":52} 
[2026-05-23 09:29:10] local.INFO: Found personal access token {"token_id":176,"user_id":76,"revoked":null} 
[2026-05-23 09:29:10] local.INFO: User authenticated via bearer token {"user_id":76,"user_email":"freelancezahedtesting@gmail.com"} 
[2026-05-23 09:29:10] local.INFO: Returning campaigns for user {"user_id":76,"campaign_count":0,"statuses":[]} 
[2026-05-23 09:29:41] local.INFO: ParseBearerToken middleware invoked {"path":"/api/v2/campaign","method":"GET","has_auth_header":true,"auth_header_preview":"Bearer 176|tvOdAVPlpdhBhLoAtuW...","is_bearer":true} 
[2026-05-23 09:29:41] local.INFO: Extracted bearer token {"token_preview":"176|tvOdAV...","token_length":52} 
[2026-05-23 09:29:41] local.INFO: Found personal access token {"token_id":176,"user_id":76,"revoked":null} 
[2026-05-23 09:29:41] local.INFO: User authenticated via bearer token {"user_id":76,"user_email":"freelancezahedtesting@gmail.com"} 
[2026-05-23 09:29:41] local.INFO: Returning campaigns for user {"user_id":76,"campaign_count":0,"statuses":[]} 
[2026-05-23 09:30:10] local.INFO: ParseBearerToken middleware invoked {"path":"/api/v2/campaign","method":"GET","has_auth_header":true,"auth_header_preview":"Bearer 176|tvOdAVPlpdhBhLoAtuW...","is_bearer":true} 
[2026-05-23 09:30:10] local.INFO: Extracted bearer token {"token_preview":"176|tvOdAV...","token_length":52} 
[2026-05-23 09:30:10] local.INFO: Found personal access token {"token_id":176,"user_id":76,"revoked":null} 
[2026-05-23 09:30:11] local.INFO: User authenticated via bearer token {"user_id":76,"user_email":"freelancezahedtesting@gmail.com"} 
[2026-05-23 09:30:11] local.INFO: Returning campaigns for user {"user_id":76,"campaign_count":0,"statuses":[]} 
[2026-05-23 09:30:40] local.INFO: ParseBearerToken middleware invoked {"path":"/api/v2/campaign","method":"GET","has_auth_header":true,"auth_header_preview":"Bearer 176|tvOdAVPlpdhBhLoAtuW...","is_bearer":true} 
[2026-05-23 09:30:40] local.INFO: Extracted bearer token {"token_preview":"176|tvOdAV...","token_length":52} 
[2026-05-23 09:30:40] local.INFO: Found personal access token {"token_id":176,"user_id":76,"revoked":null} 
[2026-05-23 09:30:40] local.INFO: User authenticated via bearer token {"user_id":76,"user_email":"freelancezahedtesting@gmail.com"} 
[2026-05-23 09:30:40] local.INFO: Returning campaigns for user {"user_id":76,"campaign_count":0,"statuses":[]} 
[2026-05-23 09:31:11] local.INFO: ParseBearerToken middleware invoked {"path":"/api/v2/campaign","method":"GET","has_auth_header":true,"auth_header_preview":"Bearer 176|tvOdAVPlpdhBhLoAtuW...","is_bearer":true} 
[2026-05-23 09:31:11] local.INFO: Extracted bearer token {"token_preview":"176|tvOdAV...","token_length":52} 
[2026-05-23 09:31:11] local.INFO: Found personal access token {"token_id":176,"user_id":76,"revoked":null} 
[2026-05-23 09:31:11] local.INFO: User authenticated via bearer token {"user_id":76,"user_email":"freelancezahedtesting@gmail.com"} 
[2026-05-23 09:31:11] local.INFO: Returning campaigns for user {"user_id":76,"campaign_count":0,"statuses":[]} 
[2026-05-23 09:31:41] local.INFO: ParseBearerToken middleware invoked {"path":"/api/v2/campaign","method":"GET","has_auth_header":true,"auth_header_preview":"Bearer 176|tvOdAVPlpdhBhLoAtuW...","is_bearer":true} 
[2026-05-23 09:31:41] local.INFO: Extracted bearer token {"token_preview":"176|tvOdAV...","token_length":52} 
[2026-05-23 09:31:41] local.INFO: Found personal access token {"token_id":176,"user_id":76,"revoked":null} 
[2026-05-23 09:31:41] local.INFO: User authenticated via bearer token {"user_id":76,"user_email":"freelancezahedtesting@gmail.com"} 
[2026-05-23 09:31:41] local.INFO: Returning campaigns for user {"user_id":76,"campaign_count":0,"statuses":[]} 
[2026-05-23 09:32:11] local.INFO: ParseBearerToken middleware invoked {"path":"/api/v2/campaign","method":"GET","has_auth_header":true,"auth_header_preview":"Bearer 176|tvOdAVPlpdhBhLoAtuW...","is_bearer":true} 
[2026-05-23 09:32:11] local.INFO: Extracted bearer token {"token_preview":"176|tvOdAV...","token_length":52} 
[2026-05-23 09:32:11] local.INFO: Found personal access token {"token_id":176,"user_id":76,"revoked":null} 
[2026-05-23 09:32:11] local.INFO: User authenticated via bearer token {"user_id":76,"user_email":"freelancezahedtesting@gmail.com"} 
[2026-05-23 09:32:11] local.INFO: Returning campaigns for user {"user_id":76,"campaign_count":0,"statuses":[]} 
[2026-05-23 09:32:40] local.INFO: ParseBearerToken middleware invoked {"path":"/api/v2/campaign","method":"GET","has_auth_header":true,"auth_header_preview":"Bearer 176|tvOdAVPlpdhBhLoAtuW...","is_bearer":true} 
[2026-05-23 09:32:40] local.INFO: Extracted bearer token {"token_preview":"176|tvOdAV...","token_length":52} 
[2026-05-23 09:32:40] local.INFO: Found personal access token {"token_id":176,"user_id":76,"revoked":null} 
[2026-05-23 09:32:40] local.INFO: User authenticated via bearer token {"user_id":76,"user_email":"freelancezahedtesting@gmail.com"} 
[2026-05-23 09:32:41] local.INFO: Returning campaigns for user {"user_id":76,"campaign_count":0,"statuses":[]} 
[2026-05-23 09:33:11] local.INFO: ParseBearerToken middleware invoked {"path":"/api/v2/campaign","method":"GET","has_auth_header":true,"auth_header_preview":"Bearer 176|tvOdAVPlpdhBhLoAtuW...","is_bearer":true} 
[2026-05-23 09:33:11] local.INFO: Extracted bearer token {"token_preview":"176|tvOdAV...","token_length":52} 
[2026-05-23 09:33:11] local.INFO: Found personal access token {"token_id":176,"user_id":76,"revoked":null} 
[2026-05-23 09:33:11] local.INFO: User authenticated via bearer token {"user_id":76,"user_email":"freelancezahedtesting@gmail.com"} 
[2026-05-23 09:33:11] local.INFO: Returning campaigns for user {"user_id":76,"campaign_count":0,"statuses":[]} 
[2026-05-23 09:33:41] local.INFO: ParseBearerToken middleware invoked {"path":"/api/v2/campaign","method":"GET","has_auth_header":true,"auth_header_preview":"Bearer 176|tvOdAVPlpdhBhLoAtuW...","is_bearer":true} 
[2026-05-23 09:33:41] local.INFO: Extracted bearer token {"token_preview":"176|tvOdAV...","token_length":52} 
[2026-05-23 09:33:41] local.INFO: Found personal access token {"token_id":176,"user_id":76,"revoked":null} 
[2026-05-23 09:33:41] local.INFO: User authenticated via bearer token {"user_id":76,"user_email":"freelancezahedtesting@gmail.com"} 
[2026-05-23 09:33:41] local.INFO: Returning campaigns for user {"user_id":76,"campaign_count":0,"statuses":[]} 
[2026-05-23 09:34:11] local.INFO: ParseBearerToken middleware invoked {"path":"/api/v2/campaign","method":"GET","has_auth_header":true,"auth_header_preview":"Bearer 176|tvOdAVPlpdhBhLoAtuW...","is_bearer":true} 
[2026-05-23 09:34:11] local.INFO: Extracted bearer token {"token_preview":"176|tvOdAV...","token_length":52} 
[2026-05-23 09:34:11] local.INFO: Found personal access token {"token_id":176,"user_id":76,"revoked":null} 
[2026-05-23 09:34:11] local.INFO: User authenticated via bearer token {"user_id":76,"user_email":"freelancezahedtesting@gmail.com"} 
[2026-05-23 09:34:11] local.INFO: Returning campaigns for user {"user_id":76,"campaign_count":0,"statuses":[]} 
[2026-05-23 09:34:41] local.INFO: ParseBearerToken middleware invoked {"path":"/api/v2/campaign","method":"GET","has_auth_header":true,"auth_header_preview":"Bearer 176|tvOdAVPlpdhBhLoAtuW...","is_bearer":true} 
[2026-05-23 09:34:41] local.INFO: Extracted bearer token {"token_preview":"176|tvOdAV...","token_length":52} 
[2026-05-23 09:34:41] local.INFO: Found personal access token {"token_id":176,"user_id":76,"revoked":null} 
[2026-05-23 09:34:41] local.INFO: User authenticated via bearer token {"user_id":76,"user_email":"freelancezahedtesting@gmail.com"} 
[2026-05-23 09:34:41] local.INFO: Returning campaigns for user {"user_id":76,"campaign_count":0,"statuses":[]} 
[2026-05-23 09:35:11] local.INFO: ParseBearerToken middleware invoked {"path":"/api/v2/campaign","method":"GET","has_auth_header":true,"auth_header_preview":"Bearer 176|tvOdAVPlpdhBhLoAtuW...","is_bearer":true} 
[2026-05-23 09:35:11] local.INFO: Extracted bearer token {"token_preview":"176|tvOdAV...","token_length":52} 
[2026-05-23 09:35:11] local.INFO: Found personal access token {"token_id":176,"user_id":76,"revoked":null} 
[2026-05-23 09:35:11] local.INFO: User authenticated via bearer token {"user_id":76,"user_email":"freelancezahedtesting@gmail.com"} 
[2026-05-23 09:35:11] local.INFO: Returning campaigns for user {"user_id":76,"campaign_count":0,"statuses":[]} 
[2026-05-23 09:35:40] local.INFO: ParseBearerToken middleware invoked {"path":"/api/v2/campaign","method":"GET","has_auth_header":true,"auth_header_preview":"Bearer 176|tvOdAVPlpdhBhLoAtuW...","is_bearer":true} 
[2026-05-23 09:35:40] local.INFO: Extracted bearer token {"token_preview":"176|tvOdAV...","token_length":52} 
[2026-05-23 09:35:40] local.INFO: Found personal access token {"token_id":176,"user_id":76,"revoked":null} 
[2026-05-23 09:35:40] local.INFO: User authenticated via bearer token {"user_id":76,"user_email":"freelancezahedtesting@gmail.com"} 
[2026-05-23 09:35:40] local.INFO: Returning campaigns for user {"user_id":76,"campaign_count":0,"statuses":[]} 
[2026-05-23 09:36:10] local.INFO: ParseBearerToken middleware invoked {"path":"/api/v2/campaign","method":"GET","has_auth_header":true,"auth_header_preview":"Bearer 176|tvOdAVPlpdhBhLoAtuW...","is_bearer":true} 
[2026-05-23 09:36:10] local.INFO: Extracted bearer token {"token_preview":"176|tvOdAV...","token_length":52} 
[2026-05-23 09:36:10] local.INFO: Found personal access token {"token_id":176,"user_id":76,"revoked":null} 
[2026-05-23 09:36:10] local.INFO: User authenticated via bearer token {"user_id":76,"user_email":"freelancezahedtesting@gmail.com"} 
[2026-05-23 09:36:10] local.INFO: Returning campaigns for user {"user_id":76,"campaign_count":0,"statuses":[]} 
[2026-05-23 09:36:41] local.INFO: ParseBearerToken middleware invoked {"path":"/api/v2/campaign","method":"GET","has_auth_header":true,"auth_header_preview":"Bearer 176|tvOdAVPlpdhBhLoAtuW...","is_bearer":true} 
[2026-05-23 09:36:41] local.INFO: Extracted bearer token {"token_preview":"176|tvOdAV...","token_length":52} 
[2026-05-23 09:36:41] local.INFO: Found personal access token {"token_id":176,"user_id":76,"revoked":null} 
[2026-05-23 09:36:41] local.INFO: User authenticated via bearer token {"user_id":76,"user_email":"freelancezahedtesting@gmail.com"} 
[2026-05-23 09:36:41] local.INFO: Returning campaigns for user {"user_id":76,"campaign_count":0,"statuses":[]} 
[2026-05-23 09:37:11] local.INFO: ParseBearerToken middleware invoked {"path":"/api/v2/campaign","method":"GET","has_auth_header":true,"auth_header_preview":"Bearer 176|tvOdAVPlpdhBhLoAtuW...","is_bearer":true} 
[2026-05-23 09:37:11] local.INFO: Extracted bearer token {"token_preview":"176|tvOdAV...","token_length":52} 
[2026-05-23 09:37:11] local.INFO: Found personal access token {"token_id":176,"user_id":76,"revoked":null} 
[2026-05-23 09:37:11] local.INFO: User authenticated via bearer token {"user_id":76,"user_email":"freelancezahedtesting@gmail.com"} 
[2026-05-23 09:37:11] local.INFO: Returning campaigns for user {"user_id":76,"campaign_count":0,"statuses":[]} 
[2026-05-23 09:37:40] local.INFO: ParseBearerToken middleware invoked {"path":"/api/v2/campaign","method":"GET","has_auth_header":true,"auth_header_preview":"Bearer 176|tvOdAVPlpdhBhLoAtuW...","is_bearer":true} 
[2026-05-23 09:37:40] local.INFO: Extracted bearer token {"token_preview":"176|tvOdAV...","token_length":52} 
[2026-05-23 09:37:40] local.INFO: Found personal access token {"token_id":176,"user_id":76,"revoked":null} 
[2026-05-23 09:37:40] local.INFO: User authenticated via bearer token {"user_id":76,"user_email":"freelancezahedtesting@gmail.com"} 
[2026-05-23 09:37:40] local.INFO: Returning campaigns for user {"user_id":76,"campaign_count":0,"statuses":[]} 
[2026-05-23 09:38:10] local.INFO: ParseBearerToken middleware invoked {"path":"/api/v2/campaign","method":"GET","has_auth_header":true,"auth_header_preview":"Bearer 176|tvOdAVPlpdhBhLoAtuW...","is_bearer":true} 
[2026-05-23 09:38:10] local.INFO: Extracted bearer token {"token_preview":"176|tvOdAV...","token_length":52} 
[2026-05-23 09:38:10] local.INFO: Found personal access token {"token_id":176,"user_id":76,"revoked":null} 
[2026-05-23 09:38:11] local.INFO: User authenticated via bearer token {"user_id":76,"user_email":"freelancezahedtesting@gmail.com"} 
[2026-05-23 09:38:11] local.INFO: Returning campaigns for user {"user_id":76,"campaign_count":0,"statuses":[]} 
[2026-05-23 09:38:41] local.INFO: ParseBearerToken middleware invoked {"path":"/api/v2/campaign","method":"GET","has_auth_header":true,"auth_header_preview":"Bearer 176|tvOdAVPlpdhBhLoAtuW...","is_bearer":true} 
[2026-05-23 09:38:41] local.INFO: Extracted bearer token {"token_preview":"176|tvOdAV...","token_length":52} 
[2026-05-23 09:38:41] local.INFO: Found personal access token {"token_id":176,"user_id":76,"revoked":null} 
[2026-05-23 09:38:41] local.INFO: User authenticated via bearer token {"user_id":76,"user_email":"freelancezahedtesting@gmail.com"} 
[2026-05-23 09:38:41] local.INFO: Returning campaigns for user {"user_id":76,"campaign_count":0,"statuses":[]} 
[2026-05-23 09:39:11] local.INFO: ParseBearerToken middleware invoked {"path":"/api/v2/campaign","method":"GET","has_auth_header":true,"auth_header_preview":"Bearer 176|tvOdAVPlpdhBhLoAtuW...","is_bearer":true} 
[2026-05-23 09:39:11] local.INFO: Extracted bearer token {"token_preview":"176|tvOdAV...","token_length":52} 
[2026-05-23 09:39:11] local.INFO: Found personal access token {"token_id":176,"user_id":76,"revoked":null} 
[2026-05-23 09:39:11] local.INFO: User authenticated via bearer token {"user_id":76,"user_email":"freelancezahedtesting@gmail.com"} 
[2026-05-23 09:39:11] local.INFO: Returning campaigns for user {"user_id":76,"campaign_count":0,"statuses":[]} 
[2026-05-23 09:39:41] local.INFO: ParseBearerToken middleware invoked {"path":"/api/v2/campaign","method":"GET","has_auth_header":true,"auth_header_preview":"Bearer 176|tvOdAVPlpdhBhLoAtuW...","is_bearer":true} 
[2026-05-23 09:39:41] local.INFO: Extracted bearer token {"token_preview":"176|tvOdAV...","token_length":52} 
[2026-05-23 09:39:41] local.INFO: Found personal access token {"token_id":176,"user_id":76,"revoked":null} 
[2026-05-23 09:39:41] local.INFO: User authenticated via bearer token {"user_id":76,"user_email":"freelancezahedtesting@gmail.com"} 
[2026-05-23 09:39:41] local.INFO: Returning campaigns for user {"user_id":76,"campaign_count":0,"statuses":[]} 
[2026-05-23 09:40:11] local.INFO: ParseBearerToken middleware invoked {"path":"/api/v2/campaign","method":"GET","has_auth_header":true,"auth_header_preview":"Bearer 176|tvOdAVPlpdhBhLoAtuW...","is_bearer":true} 
[2026-05-23 09:40:11] local.INFO: Extracted bearer token {"token_preview":"176|tvOdAV...","token_length":52} 
[2026-05-23 09:40:11] local.INFO: Found personal access token {"token_id":176,"user_id":76,"revoked":null} 
[2026-05-23 09:40:11] local.INFO: User authenticated via bearer token {"user_id":76,"user_email":"freelancezahedtesting@gmail.com"} 
[2026-05-23 09:40:11] local.INFO: Returning campaigns for user {"user_id":76,"campaign_count":0,"statuses":[]} 
[2026-05-23 09:40:40] local.INFO: ParseBearerToken middleware invoked {"path":"/api/v2/campaign","method":"GET","has_auth_header":true,"auth_header_preview":"Bearer 176|tvOdAVPlpdhBhLoAtuW...","is_bearer":true} 
[2026-05-23 09:40:40] local.INFO: Extracted bearer token {"token_preview":"176|tvOdAV...","token_length":52} 
[2026-05-23 09:40:41] local.INFO: Found personal access token {"token_id":176,"user_id":76,"revoked":null} 
[2026-05-23 09:40:41] local.INFO: User authenticated via bearer token {"user_id":76,"user_email":"freelancezahedtesting@gmail.com"} 
[2026-05-23 09:40:41] local.INFO: Returning campaigns for user {"user_id":76,"campaign_count":0,"statuses":[]} 
[2026-05-23 09:41:11] local.INFO: ParseBearerToken middleware invoked {"path":"/api/v2/campaign","method":"GET","has_auth_header":true,"auth_header_preview":"Bearer 176|tvOdAVPlpdhBhLoAtuW...","is_bearer":true} 
[2026-05-23 09:41:11] local.INFO: Extracted bearer token {"token_preview":"176|tvOdAV...","token_length":52} 
[2026-05-23 09:41:11] local.INFO: Found personal access token {"token_id":176,"user_id":76,"revoked":null} 
[2026-05-23 09:41:11] local.INFO: User authenticated via bearer token {"user_id":76,"user_email":"freelancezahedtesting@gmail.com"} 
[2026-05-23 09:41:11] local.INFO: Returning campaigns for user {"user_id":76,"campaign_count":0,"statuses":[]} 
[2026-05-23 09:41:41] local.INFO: ParseBearerToken middleware invoked {"path":"/api/v2/campaign","method":"GET","has_auth_header":true,"auth_header_preview":"Bearer 176|tvOdAVPlpdhBhLoAtuW...","is_bearer":true} 
[2026-05-23 09:41:41] local.INFO: Extracted bearer token {"token_preview":"176|tvOdAV...","token_length":52} 
[2026-05-23 09:41:41] local.INFO: Found personal access token {"token_id":176,"user_id":76,"revoked":null} 
[2026-05-23 09:41:41] local.INFO: User authenticated via bearer token {"user_id":76,"user_email":"freelancezahedtesting@gmail.com"} 
[2026-05-23 09:41:41] local.INFO: Returning campaigns for user {"user_id":76,"campaign_count":0,"statuses":[]} 
[2026-05-23 09:42:11] local.INFO: ParseBearerToken middleware invoked {"path":"/api/v2/campaign","method":"GET","has_auth_header":true,"auth_header_preview":"Bearer 176|tvOdAVPlpdhBhLoAtuW...","is_bearer":true} 
[2026-05-23 09:42:11] local.INFO: Extracted bearer token {"token_preview":"176|tvOdAV...","token_length":52} 
[2026-05-23 09:42:11] local.INFO: Found personal access token {"token_id":176,"user_id":76,"revoked":null} 
[2026-05-23 09:42:11] local.INFO: User authenticated via bearer token {"user_id":76,"user_email":"freelancezahedtesting@gmail.com"} 
[2026-05-23 09:42:11] local.INFO: Returning campaigns for user {"user_id":76,"campaign_count":0,"statuses":[]} 
[2026-05-23 09:42:40] local.INFO: ParseBearerToken middleware invoked {"path":"/api/v2/campaign","method":"GET","has_auth_header":true,"auth_header_preview":"Bearer 176|tvOdAVPlpdhBhLoAtuW...","is_bearer":true} 
[2026-05-23 09:42:40] local.INFO: Extracted bearer token {"token_preview":"176|tvOdAV...","token_length":52} 
[2026-05-23 09:42:40] local.INFO: Found personal access token {"token_id":176,"user_id":76,"revoked":null} 
[2026-05-23 09:42:40] local.INFO: User authenticated via bearer token {"user_id":76,"user_email":"freelancezahedtesting@gmail.com"} 
[2026-05-23 09:42:40] local.INFO: Returning campaigns for user {"user_id":76,"campaign_count":0,"statuses":[]} 
[2026-05-23 09:43:11] local.INFO: ParseBearerToken middleware invoked {"path":"/api/v2/campaign","method":"GET","has_auth_header":true,"auth_header_preview":"Bearer 176|tvOdAVPlpdhBhLoAtuW...","is_bearer":true} 
[2026-05-23 09:43:11] local.INFO: Extracted bearer token {"token_preview":"176|tvOdAV...","token_length":52} 
[2026-05-23 09:43:11] local.INFO: Found personal access token {"token_id":176,"user_id":76,"revoked":null} 
[2026-05-23 09:43:11] local.INFO: User authenticated via bearer token {"user_id":76,"user_email":"freelancezahedtesting@gmail.com"} 
[2026-05-23 09:43:11] local.INFO: Returning campaigns for user {"user_id":76,"campaign_count":0,"statuses":[]} 
[2026-05-23 09:43:41] local.INFO: ParseBearerToken middleware invoked {"path":"/api/v2/campaign","method":"GET","has_auth_header":true,"auth_header_preview":"Bearer 176|tvOdAVPlpdhBhLoAtuW...","is_bearer":true} 
[2026-05-23 09:43:41] local.INFO: Extracted bearer token {"token_preview":"176|tvOdAV...","token_length":52} 
[2026-05-23 09:43:41] local.INFO: Found personal access token {"token_id":176,"user_id":76,"revoked":null} 
[2026-05-23 09:43:41] local.INFO: User authenticated via bearer token {"user_id":76,"user_email":"freelancezahedtesting@gmail.com"} 
[2026-05-23 09:43:41] local.INFO: Returning campaigns for user {"user_id":76,"campaign_count":0,"statuses":[]} 
[2026-05-23 09:44:11] local.INFO: ParseBearerToken middleware invoked {"path":"/api/v2/campaign","method":"GET","has_auth_header":true,"auth_header_preview":"Bearer 176|tvOdAVPlpdhBhLoAtuW...","is_bearer":true} 
[2026-05-23 09:44:11] local.INFO: Extracted bearer token {"token_preview":"176|tvOdAV...","token_length":52} 
[2026-05-23 09:44:11] local.INFO: Found personal access token {"token_id":176,"user_id":76,"revoked":null} 
[2026-05-23 09:44:11] local.INFO: User authenticated via bearer token {"user_id":76,"user_email":"freelancezahedtesting@gmail.com"} 
[2026-05-23 09:44:11] local.INFO: Returning campaigns for user {"user_id":76,"campaign_count":0,"statuses":[]} 
[2026-05-23 09:44:41] local.INFO: ParseBearerToken middleware invoked {"path":"/api/v2/campaign","method":"GET","has_auth_header":true,"auth_header_preview":"Bearer 176|tvOdAVPlpdhBhLoAtuW...","is_bearer":true} 
[2026-05-23 09:44:41] local.INFO: Extracted bearer token {"token_preview":"176|tvOdAV...","token_length":52} 
[2026-05-23 09:44:41] local.INFO: Found personal access token {"token_id":176,"user_id":76,"revoked":null} 
[2026-05-23 09:44:41] local.INFO: User authenticated via bearer token {"user_id":76,"user_email":"freelancezahedtesting@gmail.com"} 
[2026-05-23 09:44:41] local.INFO: Returning campaigns for user {"user_id":76,"campaign_count":0,"statuses":[]} 
[2026-05-23 09:45:11] local.INFO: ParseBearerToken middleware invoked {"path":"/api/v2/campaign","method":"GET","has_auth_header":true,"auth_header_preview":"Bearer 176|tvOdAVPlpdhBhLoAtuW...","is_bearer":true} 
[2026-05-23 09:45:11] local.INFO: Extracted bearer token {"token_preview":"176|tvOdAV...","token_length":52} 
[2026-05-23 09:45:11] local.INFO: Found personal access token {"token_id":176,"user_id":76,"revoked":null} 
[2026-05-23 09:45:11] local.INFO: User authenticated via bearer token {"user_id":76,"user_email":"freelancezahedtesting@gmail.com"} 
[2026-05-23 09:45:11] local.INFO: Returning campaigns for user {"user_id":76,"campaign_count":0,"statuses":[]} 
[2026-05-23 09:45:41] local.INFO: ParseBearerToken middleware invoked {"path":"/api/v2/campaign","method":"GET","has_auth_header":true,"auth_header_preview":"Bearer 176|tvOdAVPlpdhBhLoAtuW...","is_bearer":true} 
[2026-05-23 09:45:41] local.INFO: Extracted bearer token {"token_preview":"176|tvOdAV...","token_length":52} 
[2026-05-23 09:45:41] local.INFO: Found personal access token {"token_id":176,"user_id":76,"revoked":null} 
[2026-05-23 09:45:41] local.INFO: User authenticated via bearer token {"user_id":76,"user_email":"freelancezahedtesting@gmail.com"} 
[2026-05-23 09:45:41] local.INFO: Returning campaigns for user {"user_id":76,"campaign_count":0,"statuses":[]} 
[2026-05-23 09:46:11] local.INFO: ParseBearerToken middleware invoked {"path":"/api/v2/campaign","method":"GET","has_auth_header":true,"auth_header_preview":"Bearer 176|tvOdAVPlpdhBhLoAtuW...","is_bearer":true} 
[2026-05-23 09:46:11] local.INFO: Extracted bearer token {"token_preview":"176|tvOdAV...","token_length":52} 
[2026-05-23 09:46:11] local.INFO: Found personal access token {"token_id":176,"user_id":76,"revoked":null} 
[2026-05-23 09:46:11] local.INFO: User authenticated via bearer token {"user_id":76,"user_email":"freelancezahedtesting@gmail.com"} 
[2026-05-23 09:46:11] local.INFO: Returning campaigns for user {"user_id":76,"campaign_count":0,"statuses":[]} 
[2026-05-23 09:46:41] local.INFO: ParseBearerToken middleware invoked {"path":"/api/v2/campaign","method":"GET","has_auth_header":true,"auth_header_preview":"Bearer 176|tvOdAVPlpdhBhLoAtuW...","is_bearer":true} 
[2026-05-23 09:46:41] local.INFO: Extracted bearer token {"token_preview":"176|tvOdAV...","token_length":52} 
[2026-05-23 09:46:41] local.INFO: Found personal access token {"token_id":176,"user_id":76,"revoked":null} 
[2026-05-23 09:46:41] local.INFO: User authenticated via bearer token {"user_id":76,"user_email":"freelancezahedtesting@gmail.com"} 
[2026-05-23 09:46:41] local.INFO: Returning campaigns for user {"user_id":76,"campaign_count":0,"statuses":[]} 
[2026-05-23 09:47:10] local.INFO: ParseBearerToken middleware invoked {"path":"/api/v2/campaign","method":"GET","has_auth_header":true,"auth_header_preview":"Bearer 176|tvOdAVPlpdhBhLoAtuW...","is_bearer":true} 
[2026-05-23 09:47:10] local.INFO: Extracted bearer token {"token_preview":"176|tvOdAV...","token_length":52} 
[2026-05-23 09:47:10] local.INFO: Found personal access token {"token_id":176,"user_id":76,"revoked":null} 
[2026-05-23 09:47:10] local.INFO: User authenticated via bearer token {"user_id":76,"user_email":"freelancezahedtesting@gmail.com"} 
[2026-05-23 09:47:10] local.INFO: Returning campaigns for user {"user_id":76,"campaign_count":0,"statuses":[]} 
[2026-05-23 09:47:41] local.INFO: ParseBearerToken middleware invoked {"path":"/api/v2/campaign","method":"GET","has_auth_header":true,"auth_header_preview":"Bearer 176|tvOdAVPlpdhBhLoAtuW...","is_bearer":true} 
[2026-05-23 09:47:41] local.INFO: Extracted bearer token {"token_preview":"176|tvOdAV...","token_length":52} 
[2026-05-23 09:47:41] local.INFO: Found personal access token {"token_id":176,"user_id":76,"revoked":null} 
[2026-05-23 09:47:41] local.INFO: User authenticated via bearer token {"user_id":76,"user_email":"freelancezahedtesting@gmail.com"} 
[2026-05-23 09:47:41] local.INFO: Returning campaigns for user {"user_id":76,"campaign_count":0,"statuses":[]} 
[2026-05-23 09:48:11] local.INFO: ParseBearerToken middleware invoked {"path":"/api/v2/campaign","method":"GET","has_auth_header":true,"auth_header_preview":"Bearer 176|tvOdAVPlpdhBhLoAtuW...","is_bearer":true} 
[2026-05-23 09:48:11] local.INFO: Extracted bearer token {"token_preview":"176|tvOdAV...","token_length":52} 
[2026-05-23 09:48:11] local.INFO: Found personal access token {"token_id":176,"user_id":76,"revoked":null} 
[2026-05-23 09:48:11] local.INFO: User authenticated via bearer token {"user_id":76,"user_email":"freelancezahedtesting@gmail.com"} 
[2026-05-23 09:48:11] local.INFO: Returning campaigns for user {"user_id":76,"campaign_count":0,"statuses":[]} 
[2026-05-23 09:48:41] local.INFO: ParseBearerToken middleware invoked {"path":"/api/v2/campaign","method":"GET","has_auth_header":true,"auth_header_preview":"Bearer 176|tvOdAVPlpdhBhLoAtuW...","is_bearer":true} 
[2026-05-23 09:48:41] local.INFO: Extracted bearer token {"token_preview":"176|tvOdAV...","token_length":52} 
[2026-05-23 09:48:41] local.INFO: Found personal access token {"token_id":176,"user_id":76,"revoked":null} 
[2026-05-23 09:48:41] local.INFO: User authenticated via bearer token {"user_id":76,"user_email":"freelancezahedtesting@gmail.com"} 
[2026-05-23 09:48:41] local.INFO: Returning campaigns for user {"user_id":76,"campaign_count":0,"statuses":[]} 
[2026-05-23 09:49:11] local.INFO: ParseBearerToken middleware invoked {"path":"/api/v2/campaign","method":"GET","has_auth_header":true,"auth_header_preview":"Bearer 176|tvOdAVPlpdhBhLoAtuW...","is_bearer":true} 
[2026-05-23 09:49:11] local.INFO: Extracted bearer token {"token_preview":"176|tvOdAV...","token_length":52} 
[2026-05-23 09:49:11] local.INFO: Found personal access token {"token_id":176,"user_id":76,"revoked":null} 
[2026-05-23 09:49:11] local.INFO: User authenticated via bearer token {"user_id":76,"user_email":"freelancezahedtesting@gmail.com"} 
[2026-05-23 09:49:11] local.INFO: Returning campaigns for user {"user_id":76,"campaign_count":0,"statuses":[]} 
[2026-05-23 09:49:41] local.INFO: ParseBearerToken middleware invoked {"path":"/api/v2/campaign","method":"GET","has_auth_header":true,"auth_header_preview":"Bearer 176|tvOdAVPlpdhBhLoAtuW...","is_bearer":true} 
[2026-05-23 09:49:41] local.INFO: Extracted bearer token {"token_preview":"176|tvOdAV...","token_length":52} 
[2026-05-23 09:49:41] local.INFO: Found personal access token {"token_id":176,"user_id":76,"revoked":null} 
[2026-05-23 09:49:41] local.INFO: User authenticated via bearer token {"user_id":76,"user_email":"freelancezahedtesting@gmail.com"} 
[2026-05-23 09:49:41] local.INFO: Returning campaigns for user {"user_id":76,"campaign_count":0,"statuses":[]} 
[2026-05-23 09:50:11] local.INFO: ParseBearerToken middleware invoked {"path":"/api/v2/campaign","method":"GET","has_auth_header":true,"auth_header_preview":"Bearer 176|tvOdAVPlpdhBhLoAtuW...","is_bearer":true} 
[2026-05-23 09:50:11] local.INFO: Extracted bearer token {"token_preview":"176|tvOdAV...","token_length":52} 
[2026-05-23 09:50:11] local.INFO: Found personal access token {"token_id":176,"user_id":76,"revoked":null} 
[2026-05-23 09:50:11] local.INFO: User authenticated via bearer token {"user_id":76,"user_email":"freelancezahedtesting@gmail.com"} 
[2026-05-23 09:50:11] local.INFO: Returning campaigns for user {"user_id":76,"campaign_count":0,"statuses":[]} 
[2026-05-23 09:50:41] local.INFO: ParseBearerToken middleware invoked {"path":"/api/v2/campaign","method":"GET","has_auth_header":true,"auth_header_preview":"Bearer 176|tvOdAVPlpdhBhLoAtuW...","is_bearer":true} 
[2026-05-23 09:50:41] local.INFO: Extracted bearer token {"token_preview":"176|tvOdAV...","token_length":52} 
[2026-05-23 09:50:41] local.INFO: Found personal access token {"token_id":176,"user_id":76,"revoked":null} 
[2026-05-23 09:50:41] local.INFO: User authenticated via bearer token {"user_id":76,"user_email":"freelancezahedtesting@gmail.com"} 
[2026-05-23 09:50:41] local.INFO: Returning campaigns for user {"user_id":76,"campaign_count":0,"statuses":[]} 
[2026-05-23 09:51:11] local.INFO: ParseBearerToken middleware invoked {"path":"/api/v2/campaign","method":"GET","has_auth_header":true,"auth_header_preview":"Bearer 176|tvOdAVPlpdhBhLoAtuW...","is_bearer":true} 
[2026-05-23 09:51:11] local.INFO: Extracted bearer token {"token_preview":"176|tvOdAV...","token_length":52} 
[2026-05-23 09:51:11] local.INFO: Found personal access token {"token_id":176,"user_id":76,"revoked":null} 
[2026-05-23 09:51:11] local.INFO: User authenticated via bearer token {"user_id":76,"user_email":"freelancezahedtesting@gmail.com"} 
[2026-05-23 09:51:11] local.INFO: Returning campaigns for user {"user_id":76,"campaign_count":0,"statuses":[]} 
[2026-05-23 09:51:41] local.INFO: ParseBearerToken middleware invoked {"path":"/api/v2/campaign","method":"GET","has_auth_header":true,"auth_header_preview":"Bearer 176|tvOdAVPlpdhBhLoAtuW...","is_bearer":true} 
[2026-05-23 09:51:41] local.INFO: Extracted bearer token {"token_preview":"176|tvOdAV...","token_length":52} 
[2026-05-23 09:51:41] local.INFO: Found personal access token {"token_id":176,"user_id":76,"revoked":null} 
[2026-05-23 09:51:41] local.INFO: User authenticated via bearer token {"user_id":76,"user_email":"freelancezahedtesting@gmail.com"} 
[2026-05-23 09:51:41] local.INFO: Returning campaigns for user {"user_id":76,"campaign_count":0,"statuses":[]} 
[2026-05-23 09:52:11] local.INFO: ParseBearerToken middleware invoked {"path":"/api/v2/campaign","method":"GET","has_auth_header":true,"auth_header_preview":"Bearer 176|tvOdAVPlpdhBhLoAtuW...","is_bearer":true} 
[2026-05-23 09:52:11] local.INFO: Extracted bearer token {"token_preview":"176|tvOdAV...","token_length":52} 
[2026-05-23 09:52:11] local.INFO: Found personal access token {"token_id":176,"user_id":76,"revoked":null} 
[2026-05-23 09:52:11] local.INFO: User authenticated via bearer token {"user_id":76,"user_email":"freelancezahedtesting@gmail.com"} 
[2026-05-23 09:52:11] local.INFO: Returning campaigns for user {"user_id":76,"campaign_count":0,"statuses":[]} 
[2026-05-23 09:52:41] local.INFO: ParseBearerToken middleware invoked {"path":"/api/v2/campaign","method":"GET","has_auth_header":true,"auth_header_preview":"Bearer 176|tvOdAVPlpdhBhLoAtuW...","is_bearer":true} 
[2026-05-23 09:52:41] local.INFO: Extracted bearer token {"token_preview":"176|tvOdAV...","token_length":52} 
[2026-05-23 09:52:41] local.INFO: Found personal access token {"token_id":176,"user_id":76,"revoked":null} 
[2026-05-23 09:52:41] local.INFO: User authenticated via bearer token {"user_id":76,"user_email":"freelancezahedtesting@gmail.com"} 
[2026-05-23 09:52:41] local.INFO: Returning campaigns for user {"user_id":76,"campaign_count":0,"statuses":[]} 
[2026-05-23 09:53:11] local.INFO: ParseBearerToken middleware invoked {"path":"/api/v2/campaign","method":"GET","has_auth_header":true,"auth_header_preview":"Bearer 176|tvOdAVPlpdhBhLoAtuW...","is_bearer":true} 
[2026-05-23 09:53:11] local.INFO: Extracted bearer token {"token_preview":"176|tvOdAV...","token_length":52} 
[2026-05-23 09:53:11] local.INFO: Found personal access token {"token_id":176,"user_id":76,"revoked":null} 
[2026-05-23 09:53:11] local.INFO: User authenticated via bearer token {"user_id":76,"user_email":"freelancezahedtesting@gmail.com"} 
[2026-05-23 09:53:11] local.INFO: Returning campaigns for user {"user_id":76,"campaign_count":0,"statuses":[]} 
[2026-05-23 09:53:41] local.INFO: ParseBearerToken middleware invoked {"path":"/api/v2/campaign","method":"GET","has_auth_header":true,"auth_header_preview":"Bearer 176|tvOdAVPlpdhBhLoAtuW...","is_bearer":true} 
[2026-05-23 09:53:41] local.INFO: Extracted bearer token {"token_preview":"176|tvOdAV...","token_length":52} 
[2026-05-23 09:53:41] local.INFO: Found personal access token {"token_id":176,"user_id":76,"revoked":null} 
[2026-05-23 09:53:41] local.INFO: User authenticated via bearer token {"user_id":76,"user_email":"freelancezahedtesting@gmail.com"} 
[2026-05-23 09:53:41] local.INFO: Returning campaigns for user {"user_id":76,"campaign_count":0,"statuses":[]} 
[2026-05-23 09:54:11] local.INFO: ParseBearerToken middleware invoked {"path":"/api/v2/campaign","method":"GET","has_auth_header":true,"auth_header_preview":"Bearer 176|tvOdAVPlpdhBhLoAtuW...","is_bearer":true} 
[2026-05-23 09:54:11] local.INFO: Extracted bearer token {"token_preview":"176|tvOdAV...","token_length":52} 
[2026-05-23 09:54:11] local.INFO: Found personal access token {"token_id":176,"user_id":76,"revoked":null} 
[2026-05-23 09:54:11] local.INFO: User authenticated via bearer token {"user_id":76,"user_email":"freelancezahedtesting@gmail.com"} 
[2026-05-23 09:54:11] local.INFO: Returning campaigns for user {"user_id":76,"campaign_count":0,"statuses":[]} 
[2026-05-23 09:54:40] local.INFO: ParseBearerToken middleware invoked {"path":"/api/v2/campaign","method":"GET","has_auth_header":true,"auth_header_preview":"Bearer 176|tvOdAVPlpdhBhLoAtuW...","is_bearer":true} 
[2026-05-23 09:54:40] local.INFO: Extracted bearer token {"token_preview":"176|tvOdAV...","token_length":52} 
[2026-05-23 09:54:40] local.INFO: Found personal access token {"token_id":176,"user_id":76,"revoked":null} 
[2026-05-23 09:54:40] local.INFO: User authenticated via bearer token {"user_id":76,"user_email":"freelancezahedtesting@gmail.com"} 
[2026-05-23 09:54:40] local.INFO: Returning campaigns for user {"user_id":76,"campaign_count":0,"statuses":[]} 
[2026-05-23 09:55:11] local.INFO: ParseBearerToken middleware invoked {"path":"/api/v2/campaign","method":"GET","has_auth_header":true,"auth_header_preview":"Bearer 176|tvOdAVPlpdhBhLoAtuW...","is_bearer":true} 
[2026-05-23 09:55:11] local.INFO: Extracted bearer token {"token_preview":"176|tvOdAV...","token_length":52} 
[2026-05-23 09:55:11] local.INFO: Found personal access token {"token_id":176,"user_id":76,"revoked":null} 
[2026-05-23 09:55:11] local.INFO: User authenticated via bearer token {"user_id":76,"user_email":"freelancezahedtesting@gmail.com"} 
[2026-05-23 09:55:11] local.INFO: Returning campaigns for user {"user_id":76,"campaign_count":0,"statuses":[]} 
[2026-05-23 09:55:40] local.INFO: ParseBearerToken middleware invoked {"path":"/api/v2/campaign","method":"GET","has_auth_header":true,"auth_header_preview":"Bearer 176|tvOdAVPlpdhBhLoAtuW...","is_bearer":true} 
[2026-05-23 09:55:40] local.INFO: Extracted bearer token {"token_preview":"176|tvOdAV...","token_length":52} 
[2026-05-23 09:55:40] local.INFO: Found personal access token {"token_id":176,"user_id":76,"revoked":null} 
[2026-05-23 09:55:40] local.INFO: User authenticated via bearer token {"user_id":76,"user_email":"freelancezahedtesting@gmail.com"} 
[2026-05-23 09:55:40] local.INFO: Returning campaigns for user {"user_id":76,"campaign_count":0,"statuses":[]} 
[2026-05-23 09:56:11] local.INFO: ParseBearerToken middleware invoked {"path":"/api/v2/campaign","method":"GET","has_auth_header":true,"auth_header_preview":"Bearer 176|tvOdAVPlpdhBhLoAtuW...","is_bearer":true} 
[2026-05-23 09:56:11] local.INFO: Extracted bearer token {"token_preview":"176|tvOdAV...","token_length":52} 
[2026-05-23 09:56:11] local.INFO: Found personal access token {"token_id":176,"user_id":76,"revoked":null} 
[2026-05-23 09:56:11] local.INFO: User authenticated via bearer token {"user_id":76,"user_email":"freelancezahedtesting@gmail.com"} 
[2026-05-23 09:56:11] local.INFO: Returning campaigns for user {"user_id":76,"campaign_count":0,"statuses":[]} 
[2026-05-23 09:56:40] local.INFO: ParseBearerToken middleware invoked {"path":"/api/v2/campaign","method":"GET","has_auth_header":true,"auth_header_preview":"Bearer 176|tvOdAVPlpdhBhLoAtuW...","is_bearer":true} 
[2026-05-23 09:56:40] local.INFO: Extracted bearer token {"token_preview":"176|tvOdAV...","token_length":52} 
[2026-05-23 09:56:40] local.INFO: Found personal access token {"token_id":176,"user_id":76,"revoked":null} 
[2026-05-23 09:56:40] local.INFO: User authenticated via bearer token {"user_id":76,"user_email":"freelancezahedtesting@gmail.com"} 
[2026-05-23 09:56:40] local.INFO: Returning campaigns for user {"user_id":76,"campaign_count":0,"statuses":[]} 
[2026-05-23 09:57:11] local.INFO: ParseBearerToken middleware invoked {"path":"/api/v2/campaign","method":"GET","has_auth_header":true,"auth_header_preview":"Bearer 176|tvOdAVPlpdhBhLoAtuW...","is_bearer":true} 
[2026-05-23 09:57:11] local.INFO: Extracted bearer token {"token_preview":"176|tvOdAV...","token_length":52} 
[2026-05-23 09:57:11] local.INFO: Found personal access token {"token_id":176,"user_id":76,"revoked":null} 
[2026-05-23 09:57:11] local.INFO: User authenticated via bearer token {"user_id":76,"user_email":"freelancezahedtesting@gmail.com"} 
[2026-05-23 09:57:11] local.INFO: Returning campaigns for user {"user_id":76,"campaign_count":0,"statuses":[]} 
[2026-05-23 09:57:40] local.INFO: ParseBearerToken middleware invoked {"path":"/api/v2/campaign","method":"GET","has_auth_header":true,"auth_header_preview":"Bearer 176|tvOdAVPlpdhBhLoAtuW...","is_bearer":true} 
[2026-05-23 09:57:40] local.INFO: Extracted bearer token {"token_preview":"176|tvOdAV...","token_length":52} 
[2026-05-23 09:57:40] local.INFO: Found personal access token {"token_id":176,"user_id":76,"revoked":null} 
[2026-05-23 09:57:41] local.INFO: User authenticated via bearer token {"user_id":76,"user_email":"freelancezahedtesting@gmail.com"} 
[2026-05-23 09:57:41] local.INFO: Returning campaigns for user {"user_id":76,"campaign_count":0,"statuses":[]} 
[2026-05-23 09:58:11] local.INFO: ParseBearerToken middleware invoked {"path":"/api/v2/campaign","method":"GET","has_auth_header":true,"auth_header_preview":"Bearer 176|tvOdAVPlpdhBhLoAtuW...","is_bearer":true} 
[2026-05-23 09:58:11] local.INFO: Extracted bearer token {"token_preview":"176|tvOdAV...","token_length":52} 
[2026-05-23 09:58:11] local.INFO: Found personal access token {"token_id":176,"user_id":76,"revoked":null} 
[2026-05-23 09:58:11] local.INFO: User authenticated via bearer token {"user_id":76,"user_email":"freelancezahedtesting@gmail.com"} 
[2026-05-23 09:58:11] local.INFO: Returning campaigns for user {"user_id":76,"campaign_count":0,"statuses":[]} 
[2026-05-23 09:58:41] local.INFO: ParseBearerToken middleware invoked {"path":"/api/v2/campaign","method":"GET","has_auth_header":true,"auth_header_preview":"Bearer 176|tvOdAVPlpdhBhLoAtuW...","is_bearer":true} 
[2026-05-23 09:58:41] local.INFO: Extracted bearer token {"token_preview":"176|tvOdAV...","token_length":52} 
[2026-05-23 09:58:41] local.INFO: Found personal access token {"token_id":176,"user_id":76,"revoked":null} 
[2026-05-23 09:58:41] local.INFO: User authenticated via bearer token {"user_id":76,"user_email":"freelancezahedtesting@gmail.com"} 
[2026-05-23 09:58:41] local.INFO: Returning campaigns for user {"user_id":76,"campaign_count":0,"statuses":[]} 
[2026-05-23 09:59:10] local.INFO: ParseBearerToken middleware invoked {"path":"/api/v2/campaign","method":"GET","has_auth_header":true,"auth_header_preview":"Bearer 176|tvOdAVPlpdhBhLoAtuW...","is_bearer":true} 
[2026-05-23 09:59:10] local.INFO: Extracted bearer token {"token_preview":"176|tvOdAV...","token_length":52} 
[2026-05-23 09:59:10] local.INFO: Found personal access token {"token_id":176,"user_id":76,"revoked":null} 
[2026-05-23 09:59:10] local.INFO: User authenticated via bearer token {"user_id":76,"user_email":"freelancezahedtesting@gmail.com"} 
[2026-05-23 09:59:11] local.INFO: Returning campaigns for user {"user_id":76,"campaign_count":0,"statuses":[]} 
[2026-05-23 09:59:41] local.INFO: ParseBearerToken middleware invoked {"path":"/api/v2/campaign","method":"GET","has_auth_header":true,"auth_header_preview":"Bearer 176|tvOdAVPlpdhBhLoAtuW...","is_bearer":true} 
[2026-05-23 09:59:41] local.INFO: Extracted bearer token {"token_preview":"176|tvOdAV...","token_length":52} 
[2026-05-23 09:59:41] local.INFO: Found personal access token {"token_id":176,"user_id":76,"revoked":null} 
[2026-05-23 09:59:41] local.INFO: User authenticated via bearer token {"user_id":76,"user_email":"freelancezahedtesting@gmail.com"} 
[2026-05-23 09:59:41] local.INFO: Returning campaigns for user {"user_id":76,"campaign_count":0,"statuses":[]} 
[2026-05-23 10:00:11] local.INFO: ParseBearerToken middleware invoked {"path":"/api/v2/campaign","method":"GET","has_auth_header":true,"auth_header_preview":"Bearer 176|tvOdAVPlpdhBhLoAtuW...","is_bearer":true} 
[2026-05-23 10:00:11] local.INFO: Extracted bearer token {"token_preview":"176|tvOdAV...","token_length":52} 
[2026-05-23 10:00:11] local.INFO: Found personal access token {"token_id":176,"user_id":76,"revoked":null} 
[2026-05-23 10:00:11] local.INFO: User authenticated via bearer token {"user_id":76,"user_email":"freelancezahedtesting@gmail.com"} 
[2026-05-23 10:00:11] local.INFO: Returning campaigns for user {"user_id":76,"campaign_count":0,"statuses":[]} 
[2026-05-23 10:00:41] local.INFO: ParseBearerToken middleware invoked {"path":"/api/v2/campaign","method":"GET","has_auth_header":true,"auth_header_preview":"Bearer 176|tvOdAVPlpdhBhLoAtuW...","is_bearer":true} 
[2026-05-23 10:00:41] local.INFO: Extracted bearer token {"token_preview":"176|tvOdAV...","token_length":52} 
[2026-05-23 10:00:41] local.INFO: Found personal access token {"token_id":176,"user_id":76,"revoked":null} 
[2026-05-23 10:00:41] local.INFO: User authenticated via bearer token {"user_id":76,"user_email":"freelancezahedtesting@gmail.com"} 
[2026-05-23 10:00:41] local.INFO: Returning campaigns for user {"user_id":76,"campaign_count":0,"statuses":[]} 
[2026-05-23 10:01:11] local.INFO: ParseBearerToken middleware invoked {"path":"/api/v2/campaign","method":"GET","has_auth_header":true,"auth_header_preview":"Bearer 176|tvOdAVPlpdhBhLoAtuW...","is_bearer":true} 
[2026-05-23 10:01:11] local.INFO: Extracted bearer token {"token_preview":"176|tvOdAV...","token_length":52} 
[2026-05-23 10:01:11] local.INFO: Found personal access token {"token_id":176,"user_id":76,"revoked":null} 
[2026-05-23 10:01:11] local.INFO: User authenticated via bearer token {"user_id":76,"user_email":"freelancezahedtesting@gmail.com"} 
[2026-05-23 10:01:11] local.INFO: Returning campaigns for user {"user_id":76,"campaign_count":0,"statuses":[]} 
[2026-05-23 10:01:41] local.INFO: ParseBearerToken middleware invoked {"path":"/api/v2/campaign","method":"GET","has_auth_header":true,"auth_header_preview":"Bearer 176|tvOdAVPlpdhBhLoAtuW...","is_bearer":true} 
[2026-05-23 10:01:41] local.INFO: Extracted bearer token {"token_preview":"176|tvOdAV...","token_length":52} 
[2026-05-23 10:01:41] local.INFO: Found personal access token {"token_id":176,"user_id":76,"revoked":null} 
[2026-05-23 10:01:41] local.INFO: User authenticated via bearer token {"user_id":76,"user_email":"freelancezahedtesting@gmail.com"} 
[2026-05-23 10:01:41] local.INFO: Returning campaigns for user {"user_id":76,"campaign_count":0,"statuses":[]} 
[2026-05-23 10:02:11] local.INFO: ParseBearerToken middleware invoked {"path":"/api/v2/campaign","method":"GET","has_auth_header":true,"auth_header_preview":"Bearer 176|tvOdAVPlpdhBhLoAtuW...","is_bearer":true} 
[2026-05-23 10:02:11] local.INFO: Extracted bearer token {"token_preview":"176|tvOdAV...","token_length":52} 
[2026-05-23 10:02:11] local.INFO: Found personal access token {"token_id":176,"user_id":76,"revoked":null} 
[2026-05-23 10:02:11] local.INFO: User authenticated via bearer token {"user_id":76,"user_email":"freelancezahedtesting@gmail.com"} 
[2026-05-23 10:02:11] local.INFO: Returning campaigns for user {"user_id":76,"campaign_count":0,"statuses":[]} 
[2026-05-23 10:02:41] local.INFO: ParseBearerToken middleware invoked {"path":"/api/v2/campaign","method":"GET","has_auth_header":true,"auth_header_preview":"Bearer 176|tvOdAVPlpdhBhLoAtuW...","is_bearer":true} 
[2026-05-23 10:02:41] local.INFO: Extracted bearer token {"token_preview":"176|tvOdAV...","token_length":52} 
[2026-05-23 10:02:41] local.INFO: Found personal access token {"token_id":176,"user_id":76,"revoked":null} 
[2026-05-23 10:02:41] local.INFO: User authenticated via bearer token {"user_id":76,"user_email":"freelancezahedtesting@gmail.com"} 
[2026-05-23 10:02:41] local.INFO: Returning campaigns for user {"user_id":76,"campaign_count":0,"statuses":[]} 
[2026-05-23 10:03:11] local.INFO: ParseBearerToken middleware invoked {"path":"/api/v2/campaign","method":"GET","has_auth_header":true,"auth_header_preview":"Bearer 176|tvOdAVPlpdhBhLoAtuW...","is_bearer":true} 
[2026-05-23 10:03:11] local.INFO: Extracted bearer token {"token_preview":"176|tvOdAV...","token_length":52} 
[2026-05-23 10:03:11] local.INFO: Found personal access token {"token_id":176,"user_id":76,"revoked":null} 
[2026-05-23 10:03:11] local.INFO: User authenticated via bearer token {"user_id":76,"user_email":"freelancezahedtesting@gmail.com"} 
[2026-05-23 10:03:11] local.INFO: Returning campaigns for user {"user_id":76,"campaign_count":0,"statuses":[]} 
[2026-05-23 10:03:41] local.INFO: ParseBearerToken middleware invoked {"path":"/api/v2/campaign","method":"GET","has_auth_header":true,"auth_header_preview":"Bearer 176|tvOdAVPlpdhBhLoAtuW...","is_bearer":true} 
[2026-05-23 10:03:41] local.INFO: Extracted bearer token {"token_preview":"176|tvOdAV...","token_length":52} 
[2026-05-23 10:03:41] local.INFO: Found personal access token {"token_id":176,"user_id":76,"revoked":null} 
[2026-05-23 10:03:41] local.INFO: User authenticated via bearer token {"user_id":76,"user_email":"freelancezahedtesting@gmail.com"} 
[2026-05-23 10:03:41] local.INFO: Returning campaigns for user {"user_id":76,"campaign_count":0,"statuses":[]} 
[2026-05-23 10:04:10] local.INFO: ParseBearerToken middleware invoked {"path":"/api/v2/campaign","method":"GET","has_auth_header":true,"auth_header_preview":"Bearer 176|tvOdAVPlpdhBhLoAtuW...","is_bearer":true} 
[2026-05-23 10:04:10] local.INFO: Extracted bearer token {"token_preview":"176|tvOdAV...","token_length":52} 
[2026-05-23 10:04:10] local.INFO: Found personal access token {"token_id":176,"user_id":76,"revoked":null} 
[2026-05-23 10:04:10] local.INFO: User authenticated via bearer token {"user_id":76,"user_email":"freelancezahedtesting@gmail.com"} 
[2026-05-23 10:04:10] local.INFO: Returning campaigns for user {"user_id":76,"campaign_count":0,"statuses":[]} 
[2026-05-23 10:04:40] local.INFO: ParseBearerToken middleware invoked {"path":"/api/v2/campaign","method":"GET","has_auth_header":true,"auth_header_preview":"Bearer 176|tvOdAVPlpdhBhLoAtuW...","is_bearer":true} 
[2026-05-23 10:04:40] local.INFO: Extracted bearer token {"token_preview":"176|tvOdAV...","token_length":52} 
[2026-05-23 10:04:40] local.INFO: Found personal access token {"token_id":176,"user_id":76,"revoked":null} 
[2026-05-23 10:04:40] local.INFO: User authenticated via bearer token {"user_id":76,"user_email":"freelancezahedtesting@gmail.com"} 
[2026-05-23 10:04:40] local.INFO: Returning campaigns for user {"user_id":76,"campaign_count":0,"statuses":[]} 
[2026-05-23 10:05:11] local.INFO: ParseBearerToken middleware invoked {"path":"/api/v2/campaign","method":"GET","has_auth_header":true,"auth_header_preview":"Bearer 176|tvOdAVPlpdhBhLoAtuW...","is_bearer":true} 
[2026-05-23 10:05:11] local.INFO: Extracted bearer token {"token_preview":"176|tvOdAV...","token_length":52} 
[2026-05-23 10:05:11] local.INFO: Found personal access token {"token_id":176,"user_id":76,"revoked":null} 
[2026-05-23 10:05:11] local.INFO: User authenticated via bearer token {"user_id":76,"user_email":"freelancezahedtesting@gmail.com"} 
[2026-05-23 10:05:11] local.INFO: Returning campaigns for user {"user_id":76,"campaign_count":0,"statuses":[]} 
[2026-05-23 10:05:41] local.INFO: ParseBearerToken middleware invoked {"path":"/api/v2/campaign","method":"GET","has_auth_header":true,"auth_header_preview":"Bearer 176|tvOdAVPlpdhBhLoAtuW...","is_bearer":true} 
[2026-05-23 10:05:41] local.INFO: Extracted bearer token {"token_preview":"176|tvOdAV...","token_length":52} 
[2026-05-23 10:05:41] local.INFO: Found personal access token {"token_id":176,"user_id":76,"revoked":null} 
[2026-05-23 10:05:41] local.INFO: User authenticated via bearer token {"user_id":76,"user_email":"freelancezahedtesting@gmail.com"} 
[2026-05-23 10:05:41] local.INFO: Returning campaigns for user {"user_id":76,"campaign_count":0,"statuses":[]} 
[2026-05-23 10:06:11] local.INFO: ParseBearerToken middleware invoked {"path":"/api/v2/campaign","method":"GET","has_auth_header":true,"auth_header_preview":"Bearer 176|tvOdAVPlpdhBhLoAtuW...","is_bearer":true} 
[2026-05-23 10:06:11] local.INFO: Extracted bearer token {"token_preview":"176|tvOdAV...","token_length":52} 
[2026-05-23 10:06:11] local.INFO: Found personal access token {"token_id":176,"user_id":76,"revoked":null} 
[2026-05-23 10:06:11] local.INFO: User authenticated via bearer token {"user_id":76,"user_email":"freelancezahedtesting@gmail.com"} 
[2026-05-23 10:06:11] local.INFO: Returning campaigns for user {"user_id":76,"campaign_count":0,"statuses":[]} 
[2026-05-23 10:06:41] local.INFO: ParseBearerToken middleware invoked {"path":"/api/v2/campaign","method":"GET","has_auth_header":true,"auth_header_preview":"Bearer 176|tvOdAVPlpdhBhLoAtuW...","is_bearer":true} 
[2026-05-23 10:06:41] local.INFO: Extracted bearer token {"token_preview":"176|tvOdAV...","token_length":52} 
[2026-05-23 10:06:41] local.INFO: Found personal access token {"token_id":176,"user_id":76,"revoked":null} 
[2026-05-23 10:06:41] local.INFO: User authenticated via bearer token {"user_id":76,"user_email":"freelancezahedtesting@gmail.com"} 
[2026-05-23 10:06:41] local.INFO: Returning campaigns for user {"user_id":76,"campaign_count":0,"statuses":[]} 
[2026-05-23 10:07:11] local.INFO: ParseBearerToken middleware invoked {"path":"/api/v2/campaign","method":"GET","has_auth_header":true,"auth_header_preview":"Bearer 176|tvOdAVPlpdhBhLoAtuW...","is_bearer":true} 
[2026-05-23 10:07:11] local.INFO: Extracted bearer token {"token_preview":"176|tvOdAV...","token_length":52} 
[2026-05-23 10:07:11] local.INFO: Found personal access token {"token_id":176,"user_id":76,"revoked":null} 
[2026-05-23 10:07:11] local.INFO: User authenticated via bearer token {"user_id":76,"user_email":"freelancezahedtesting@gmail.com"} 
[2026-05-23 10:07:11] local.INFO: Returning campaigns for user {"user_id":76,"campaign_count":0,"statuses":[]} 
[2026-05-23 10:07:41] local.INFO: ParseBearerToken middleware invoked {"path":"/api/v2/campaign","method":"GET","has_auth_header":true,"auth_header_preview":"Bearer 176|tvOdAVPlpdhBhLoAtuW...","is_bearer":true} 
[2026-05-23 10:07:41] local.INFO: Extracted bearer token {"token_preview":"176|tvOdAV...","token_length":52} 
[2026-05-23 10:07:41] local.INFO: Found personal access token {"token_id":176,"user_id":76,"revoked":null} 
[2026-05-23 10:07:41] local.INFO: User authenticated via bearer token {"user_id":76,"user_email":"freelancezahedtesting@gmail.com"} 
[2026-05-23 10:07:41] local.INFO: Returning campaigns for user {"user_id":76,"campaign_count":0,"statuses":[]} 
[2026-05-23 10:08:11] local.INFO: ParseBearerToken middleware invoked {"path":"/api/v2/campaign","method":"GET","has_auth_header":true,"auth_header_preview":"Bearer 176|tvOdAVPlpdhBhLoAtuW...","is_bearer":true} 
[2026-05-23 10:08:11] local.INFO: Extracted bearer token {"token_preview":"176|tvOdAV...","token_length":52} 
[2026-05-23 10:08:11] local.INFO: Found personal access token {"token_id":176,"user_id":76,"revoked":null} 
[2026-05-23 10:08:11] local.INFO: User authenticated via bearer token {"user_id":76,"user_email":"freelancezahedtesting@gmail.com"} 
[2026-05-23 10:08:11] local.INFO: Returning campaigns for user {"user_id":76,"campaign_count":0,"statuses":[]} 
[2026-05-23 10:08:41] local.INFO: ParseBearerToken middleware invoked {"path":"/api/v2/campaign","method":"GET","has_auth_header":true,"auth_header_preview":"Bearer 176|tvOdAVPlpdhBhLoAtuW...","is_bearer":true} 
[2026-05-23 10:08:41] local.INFO: Extracted bearer token {"token_preview":"176|tvOdAV...","token_length":52} 
[2026-05-23 10:08:41] local.INFO: Found personal access token {"token_id":176,"user_id":76,"revoked":null} 
[2026-05-23 10:08:41] local.INFO: User authenticated via bearer token {"user_id":76,"user_email":"freelancezahedtesting@gmail.com"} 
[2026-05-23 10:08:41] local.INFO: Returning campaigns for user {"user_id":76,"campaign_count":0,"statuses":[]} 
[2026-05-23 10:09:10] local.INFO: ParseBearerToken middleware invoked {"path":"/api/v2/campaign","method":"GET","has_auth_header":true,"auth_header_preview":"Bearer 176|tvOdAVPlpdhBhLoAtuW...","is_bearer":true} 
[2026-05-23 10:09:10] local.INFO: Extracted bearer token {"token_preview":"176|tvOdAV...","token_length":52} 
[2026-05-23 10:09:10] local.INFO: Found personal access token {"token_id":176,"user_id":76,"revoked":null} 
[2026-05-23 10:09:10] local.INFO: User authenticated via bearer token {"user_id":76,"user_email":"freelancezahedtesting@gmail.com"} 
[2026-05-23 10:09:10] local.INFO: Returning campaigns for user {"user_id":76,"campaign_count":0,"statuses":[]} 
[2026-05-23 10:09:41] local.INFO: ParseBearerToken middleware invoked {"path":"/api/v2/campaign","method":"GET","has_auth_header":true,"auth_header_preview":"Bearer 176|tvOdAVPlpdhBhLoAtuW...","is_bearer":true} 
[2026-05-23 10:09:41] local.INFO: Extracted bearer token {"token_preview":"176|tvOdAV...","token_length":52} 
[2026-05-23 10:09:41] local.INFO: Found personal access token {"token_id":176,"user_id":76,"revoked":null} 
[2026-05-23 10:09:41] local.INFO: User authenticated via bearer token {"user_id":76,"user_email":"freelancezahedtesting@gmail.com"} 
[2026-05-23 10:09:41] local.INFO: Returning campaigns for user {"user_id":76,"campaign_count":0,"statuses":[]} 
[2026-05-23 10:10:11] local.INFO: ParseBearerToken middleware invoked {"path":"/api/v2/campaign","method":"GET","has_auth_header":true,"auth_header_preview":"Bearer 176|tvOdAVPlpdhBhLoAtuW...","is_bearer":true} 
[2026-05-23 10:10:11] local.INFO: Extracted bearer token {"token_preview":"176|tvOdAV...","token_length":52} 
[2026-05-23 10:10:11] local.INFO: Found personal access token {"token_id":176,"user_id":76,"revoked":null} 
[2026-05-23 10:10:11] local.INFO: User authenticated via bearer token {"user_id":76,"user_email":"freelancezahedtesting@gmail.com"} 
[2026-05-23 10:10:11] local.INFO: Returning campaigns for user {"user_id":76,"campaign_count":0,"statuses":[]} 
[2026-05-23 10:10:41] local.INFO: ParseBearerToken middleware invoked {"path":"/api/v2/campaign","method":"GET","has_auth_header":true,"auth_header_preview":"Bearer 176|tvOdAVPlpdhBhLoAtuW...","is_bearer":true} 
[2026-05-23 10:10:41] local.INFO: Extracted bearer token {"token_preview":"176|tvOdAV...","token_length":52} 
[2026-05-23 10:10:41] local.INFO: Found personal access token {"token_id":176,"user_id":76,"revoked":null} 
[2026-05-23 10:10:41] local.INFO: User authenticated via bearer token {"user_id":76,"user_email":"freelancezahedtesting@gmail.com"} 
[2026-05-23 10:10:41] local.INFO: Returning campaigns for user {"user_id":76,"campaign_count":0,"statuses":[]} 
[2026-05-23 10:11:11] local.INFO: ParseBearerToken middleware invoked {"path":"/api/v2/campaign","method":"GET","has_auth_header":true,"auth_header_preview":"Bearer 176|tvOdAVPlpdhBhLoAtuW...","is_bearer":true} 
[2026-05-23 10:11:11] local.INFO: Extracted bearer token {"token_preview":"176|tvOdAV...","token_length":52} 
[2026-05-23 10:11:11] local.INFO: Found personal access token {"token_id":176,"user_id":76,"revoked":null} 
[2026-05-23 10:11:11] local.INFO: User authenticated via bearer token {"user_id":76,"user_email":"freelancezahedtesting@gmail.com"} 
[2026-05-23 10:11:11] local.INFO: Returning campaigns for user {"user_id":76,"campaign_count":0,"statuses":[]} 
[2026-05-23 10:11:41] local.INFO: ParseBearerToken middleware invoked {"path":"/api/v2/campaign","method":"GET","has_auth_header":true,"auth_header_preview":"Bearer 176|tvOdAVPlpdhBhLoAtuW...","is_bearer":true} 
[2026-05-23 10:11:41] local.INFO: Extracted bearer token {"token_preview":"176|tvOdAV...","token_length":52} 
[2026-05-23 10:11:41] local.INFO: Found personal access token {"token_id":176,"user_id":76,"revoked":null} 
[2026-05-23 10:11:41] local.INFO: User authenticated via bearer token {"user_id":76,"user_email":"freelancezahedtesting@gmail.com"} 
[2026-05-23 10:11:41] local.INFO: Returning campaigns for user {"user_id":76,"campaign_count":0,"statuses":[]} 
[2026-05-23 10:12:10] local.INFO: ParseBearerToken middleware invoked {"path":"/api/v2/campaign","method":"GET","has_auth_header":true,"auth_header_preview":"Bearer 176|tvOdAVPlpdhBhLoAtuW...","is_bearer":true} 
[2026-05-23 10:12:10] local.INFO: Extracted bearer token {"token_preview":"176|tvOdAV...","token_length":52} 
[2026-05-23 10:12:10] local.INFO: Found personal access token {"token_id":176,"user_id":76,"revoked":null} 
[2026-05-23 10:12:10] local.INFO: User authenticated via bearer token {"user_id":76,"user_email":"freelancezahedtesting@gmail.com"} 
[2026-05-23 10:12:10] local.INFO: Returning campaigns for user {"user_id":76,"campaign_count":0,"statuses":[]} 
[2026-05-23 10:12:40] local.INFO: ParseBearerToken middleware invoked {"path":"/api/v2/campaign","method":"GET","has_auth_header":true,"auth_header_preview":"Bearer 176|tvOdAVPlpdhBhLoAtuW...","is_bearer":true} 
[2026-05-23 10:12:40] local.INFO: Extracted bearer token {"token_preview":"176|tvOdAV...","token_length":52} 
[2026-05-23 10:12:40] local.INFO: Found personal access token {"token_id":176,"user_id":76,"revoked":null} 
[2026-05-23 10:12:40] local.INFO: User authenticated via bearer token {"user_id":76,"user_email":"freelancezahedtesting@gmail.com"} 
[2026-05-23 10:12:40] local.INFO: Returning campaigns for user {"user_id":76,"campaign_count":0,"statuses":[]} 
[2026-05-23 10:13:10] local.INFO: ParseBearerToken middleware invoked {"path":"/api/v2/campaign","method":"GET","has_auth_header":true,"auth_header_preview":"Bearer 176|tvOdAVPlpdhBhLoAtuW...","is_bearer":true} 
[2026-05-23 10:13:10] local.INFO: Extracted bearer token {"token_preview":"176|tvOdAV...","token_length":52} 
[2026-05-23 10:13:10] local.INFO: Found personal access token {"token_id":176,"user_id":76,"revoked":null} 
[2026-05-23 10:13:10] local.INFO: User authenticated via bearer token {"user_id":76,"user_email":"freelancezahedtesting@gmail.com"} 
[2026-05-23 10:13:10] local.INFO: Returning campaigns for user {"user_id":76,"campaign_count":0,"statuses":[]} 
[2026-05-23 10:13:40] local.INFO: ParseBearerToken middleware invoked {"path":"/api/v2/campaign","method":"GET","has_auth_header":true,"auth_header_preview":"Bearer 176|tvOdAVPlpdhBhLoAtuW...","is_bearer":true} 
[2026-05-23 10:13:40] local.INFO: Extracted bearer token {"token_preview":"176|tvOdAV...","token_length":52} 
[2026-05-23 10:13:40] local.INFO: Found personal access token {"token_id":176,"user_id":76,"revoked":null} 
[2026-05-23 10:13:41] local.INFO: User authenticated via bearer token {"user_id":76,"user_email":"freelancezahedtesting@gmail.com"} 
[2026-05-23 10:13:41] local.INFO: Returning campaigns for user {"user_id":76,"campaign_count":0,"statuses":[]} 
[2026-05-23 10:14:11] local.INFO: ParseBearerToken middleware invoked {"path":"/api/v2/campaign","method":"GET","has_auth_header":true,"auth_header_preview":"Bearer 176|tvOdAVPlpdhBhLoAtuW...","is_bearer":true} 
[2026-05-23 10:14:11] local.INFO: Extracted bearer token {"token_preview":"176|tvOdAV...","token_length":52} 
[2026-05-23 10:14:11] local.INFO: Found personal access token {"token_id":176,"user_id":76,"revoked":null} 
[2026-05-23 10:14:11] local.INFO: User authenticated via bearer token {"user_id":76,"user_email":"freelancezahedtesting@gmail.com"} 
[2026-05-23 10:14:11] local.INFO: Returning campaigns for user {"user_id":76,"campaign_count":0,"statuses":[]} 
[2026-05-23 10:14:24] local.INFO: ParseBearerToken middleware invoked {"path":"/api/v2/campaign","method":"GET","has_auth_header":true,"auth_header_preview":"Bearer 176|tvOdAVPlpdhBhLoAtuW...","is_bearer":true} 
[2026-05-23 10:14:24] local.INFO: Extracted bearer token {"token_preview":"176|tvOdAV...","token_length":52} 
[2026-05-23 10:14:24] local.INFO: Found personal access token {"token_id":176,"user_id":76,"revoked":null} 
[2026-05-23 10:14:24] local.INFO: User authenticated via bearer token {"user_id":76,"user_email":"freelancezahedtesting@gmail.com"} 
[2026-05-23 10:14:24] local.INFO: Returning campaigns for user {"user_id":76,"campaign_count":0,"statuses":[]} 
[2026-05-23 10:14:24] local.INFO: ParseBearerToken middleware invoked {"path":"/api/v2/campaign","method":"GET","has_auth_header":true,"auth_header_preview":"Bearer 176|tvOdAVPlpdhBhLoAtuW...","is_bearer":true} 
[2026-05-23 10:14:24] local.INFO: Extracted bearer token {"token_preview":"176|tvOdAV...","token_length":52} 
[2026-05-23 10:14:24] local.INFO: Found personal access token {"token_id":176,"user_id":76,"revoked":null} 
[2026-05-23 10:14:24] local.INFO: User authenticated via bearer token {"user_id":76,"user_email":"freelancezahedtesting@gmail.com"} 
[2026-05-23 10:14:24] local.INFO: Returning campaigns for user {"user_id":76,"campaign_count":0,"statuses":[]} 
[2026-05-23 10:14:26] local.INFO: ParseBearerToken middleware invoked {"path":"/api/v2/campaign","method":"GET","has_auth_header":true,"auth_header_preview":"Bearer 176|tvOdAVPlpdhBhLoAtuW...","is_bearer":true} 
[2026-05-23 10:14:26] local.INFO: Extracted bearer token {"token_preview":"176|tvOdAV...","token_length":52} 
[2026-05-23 10:14:26] local.INFO: Found personal access token {"token_id":176,"user_id":76,"revoked":null} 
[2026-05-23 10:14:26] local.INFO: User authenticated via bearer token {"user_id":76,"user_email":"freelancezahedtesting@gmail.com"} 
[2026-05-23 10:14:26] local.INFO: Returning campaigns for user {"user_id":76,"campaign_count":0,"statuses":[]} 
[2026-05-23 10:14:26] local.INFO: ParseBearerToken middleware invoked {"path":"/api/v2/campaign","method":"GET","has_auth_header":true,"auth_header_preview":"Bearer 176|tvOdAVPlpdhBhLoAtuW...","is_bearer":true} 
[2026-05-23 10:14:26] local.INFO: Extracted bearer token {"token_preview":"176|tvOdAV...","token_length":52} 
[2026-05-23 10:14:26] local.INFO: Found personal access token {"token_id":176,"user_id":76,"revoked":null} 
[2026-05-23 10:14:26] local.INFO: User authenticated via bearer token {"user_id":76,"user_email":"freelancezahedtesting@gmail.com"} 
[2026-05-23 10:14:26] local.INFO: Returning campaigns for user {"user_id":76,"campaign_count":0,"statuses":[]} 
