[2026-05-19 03:22:23] local.DEBUG: reCAPTCHA enabled: false  
[2026-05-19 03:22:24] local.DEBUG: reCAPTCHA enabled: false  
[2026-05-19 03:22:26] local.INFO: ParseBearerToken middleware invoked {"path":"/api/v2/campaign","method":"GET","has_auth_header":true,"auth_header_preview":"Bearer 171|K7b9U4PgNUTaGbhtLCl...","is_bearer":true} 
[2026-05-19 03:22:26] local.INFO: Extracted bearer token {"token_preview":"171|K7b9U4...","token_length":52} 
[2026-05-19 03:22:26] local.INFO: Found personal access token {"token_id":171,"user_id":68,"revoked":null} 
[2026-05-19 03:22:26] local.INFO: User authenticated via bearer token {"user_id":68,"user_email":"freelancerzahedcreator@gmail.com"} 
[2026-05-19 03:22:26] local.INFO: Returning campaigns for user {"user_id":68,"campaign_count":4,"statuses":["draft","live","live","draft"]} 
[2026-05-19 03:22:27] local.INFO: ParseBearerToken middleware invoked {"path":"/api/v2/campaign","method":"GET","has_auth_header":true,"auth_header_preview":"Bearer 171|K7b9U4PgNUTaGbhtLCl...","is_bearer":true} 
[2026-05-19 03:22:27] local.INFO: Extracted bearer token {"token_preview":"171|K7b9U4...","token_length":52} 
[2026-05-19 03:22:27] local.INFO: Found personal access token {"token_id":171,"user_id":68,"revoked":null} 
[2026-05-19 03:22:27] local.INFO: User authenticated via bearer token {"user_id":68,"user_email":"freelancerzahedcreator@gmail.com"} 
[2026-05-19 03:22:27] local.INFO: Returning campaigns for user {"user_id":68,"campaign_count":4,"statuses":["draft","live","live","draft"]} 
[2026-05-19 03:22:33] local.INFO: ParseBearerToken middleware invoked {"path":"/api/v2/campaign","method":"GET","has_auth_header":true,"auth_header_preview":"Bearer 171|K7b9U4PgNUTaGbhtLCl...","is_bearer":true} 
[2026-05-19 03:22:33] local.INFO: Extracted bearer token {"token_preview":"171|K7b9U4...","token_length":52} 
[2026-05-19 03:22:33] local.INFO: Found personal access token {"token_id":171,"user_id":68,"revoked":null} 
[2026-05-19 03:22:33] local.INFO: User authenticated via bearer token {"user_id":68,"user_email":"freelancerzahedcreator@gmail.com"} 
[2026-05-19 03:22:33] local.INFO: Returning campaigns for user {"user_id":68,"campaign_count":4,"statuses":["draft","live","live","draft"]} 
[2026-05-19 03:22:34] local.INFO: ParseBearerToken middleware invoked {"path":"/api/v2/campaign","method":"GET","has_auth_header":true,"auth_header_preview":"Bearer 171|K7b9U4PgNUTaGbhtLCl...","is_bearer":true} 
[2026-05-19 03:22:34] local.INFO: Extracted bearer token {"token_preview":"171|K7b9U4...","token_length":52} 
[2026-05-19 03:22:34] local.INFO: Found personal access token {"token_id":171,"user_id":68,"revoked":null} 
[2026-05-19 03:22:34] local.INFO: User authenticated via bearer token {"user_id":68,"user_email":"freelancerzahedcreator@gmail.com"} 
[2026-05-19 03:22:34] local.INFO: Returning campaigns for user {"user_id":68,"campaign_count":4,"statuses":["draft","live","live","draft"]} 
[2026-05-19 03:22:42] local.INFO: ParseBearerToken middleware invoked {"path":"/api/v2/campaign","method":"GET","has_auth_header":true,"auth_header_preview":"Bearer 171|K7b9U4PgNUTaGbhtLCl...","is_bearer":true} 
[2026-05-19 03:22:42] local.INFO: Extracted bearer token {"token_preview":"171|K7b9U4...","token_length":52} 
[2026-05-19 03:22:42] local.INFO: Found personal access token {"token_id":171,"user_id":68,"revoked":null} 
[2026-05-19 03:22:42] local.INFO: User authenticated via bearer token {"user_id":68,"user_email":"freelancerzahedcreator@gmail.com"} 
[2026-05-19 03:22:42] local.INFO: Returning campaigns for user {"user_id":68,"campaign_count":4,"statuses":["draft","live","live","draft"]} 
[2026-05-19 03:22:43] local.INFO: ParseBearerToken middleware invoked {"path":"/api/v2/campaign","method":"GET","has_auth_header":true,"auth_header_preview":"Bearer 171|K7b9U4PgNUTaGbhtLCl...","is_bearer":true} 
[2026-05-19 03:22:43] local.INFO: Extracted bearer token {"token_preview":"171|K7b9U4...","token_length":52} 
[2026-05-19 03:22:43] local.INFO: Found personal access token {"token_id":171,"user_id":68,"revoked":null} 
[2026-05-19 03:22:43] local.INFO: User authenticated via bearer token {"user_id":68,"user_email":"freelancerzahedcreator@gmail.com"} 
[2026-05-19 03:22:43] local.INFO: Returning campaigns for user {"user_id":68,"campaign_count":4,"statuses":["draft","live","live","draft"]} 
[2026-05-19 03:23:12] local.INFO: ParseBearerToken middleware invoked {"path":"/api/v2/campaign","method":"GET","has_auth_header":true,"auth_header_preview":"Bearer 171|K7b9U4PgNUTaGbhtLCl...","is_bearer":true} 
[2026-05-19 03:23:12] local.INFO: Extracted bearer token {"token_preview":"171|K7b9U4...","token_length":52} 
[2026-05-19 03:23:12] local.INFO: Found personal access token {"token_id":171,"user_id":68,"revoked":null} 
[2026-05-19 03:23:12] local.INFO: User authenticated via bearer token {"user_id":68,"user_email":"freelancerzahedcreator@gmail.com"} 
[2026-05-19 03:23:12] local.INFO: Returning campaigns for user {"user_id":68,"campaign_count":4,"statuses":["draft","live","live","draft"]} 
[2026-05-19 03:23:36] local.INFO: ParseBearerToken middleware invoked {"path":"/api/v2/campaign","method":"GET","has_auth_header":true,"auth_header_preview":"Bearer 171|K7b9U4PgNUTaGbhtLCl...","is_bearer":true} 
[2026-05-19 03:23:36] local.INFO: Extracted bearer token {"token_preview":"171|K7b9U4...","token_length":52} 
[2026-05-19 03:23:36] local.INFO: Found personal access token {"token_id":171,"user_id":68,"revoked":null} 
[2026-05-19 03:23:36] local.INFO: User authenticated via bearer token {"user_id":68,"user_email":"freelancerzahedcreator@gmail.com"} 
[2026-05-19 03:23:36] local.INFO: Returning campaigns for user {"user_id":68,"campaign_count":4,"statuses":["draft","live","live","draft"]} 
[2026-05-19 03:23:37] local.INFO: ParseBearerToken middleware invoked {"path":"/api/v2/campaign","method":"GET","has_auth_header":true,"auth_header_preview":"Bearer 171|K7b9U4PgNUTaGbhtLCl...","is_bearer":true} 
[2026-05-19 03:23:37] local.INFO: Extracted bearer token {"token_preview":"171|K7b9U4...","token_length":52} 
[2026-05-19 03:23:37] local.INFO: Found personal access token {"token_id":171,"user_id":68,"revoked":null} 
[2026-05-19 03:23:37] local.INFO: User authenticated via bearer token {"user_id":68,"user_email":"freelancerzahedcreator@gmail.com"} 
[2026-05-19 03:23:37] local.INFO: Returning campaigns for user {"user_id":68,"campaign_count":4,"statuses":["draft","live","live","draft"]} 
[2026-05-19 03:23:50] local.INFO: ParseBearerToken middleware invoked {"path":"/api/v2/campaign","method":"GET","has_auth_header":true,"auth_header_preview":"Bearer 171|K7b9U4PgNUTaGbhtLCl...","is_bearer":true} 
[2026-05-19 03:23:50] local.INFO: Extracted bearer token {"token_preview":"171|K7b9U4...","token_length":52} 
[2026-05-19 03:23:50] local.INFO: Found personal access token {"token_id":171,"user_id":68,"revoked":null} 
[2026-05-19 03:23:50] local.INFO: User authenticated via bearer token {"user_id":68,"user_email":"freelancerzahedcreator@gmail.com"} 
[2026-05-19 03:23:50] local.INFO: Returning campaigns for user {"user_id":68,"campaign_count":4,"statuses":["draft","live","live","draft"]} 
[2026-05-19 03:23:51] local.INFO: ParseBearerToken middleware invoked {"path":"/api/v2/campaign","method":"GET","has_auth_header":true,"auth_header_preview":"Bearer 171|K7b9U4PgNUTaGbhtLCl...","is_bearer":true} 
[2026-05-19 03:23:51] local.INFO: Extracted bearer token {"token_preview":"171|K7b9U4...","token_length":52} 
[2026-05-19 03:23:51] local.INFO: Found personal access token {"token_id":171,"user_id":68,"revoked":null} 
[2026-05-19 03:23:51] local.INFO: User authenticated via bearer token {"user_id":68,"user_email":"freelancerzahedcreator@gmail.com"} 
[2026-05-19 03:23:51] local.INFO: Returning campaigns for user {"user_id":68,"campaign_count":4,"statuses":["draft","live","live","draft"]} 
[2026-05-19 03:24:18] local.INFO: ParseBearerToken middleware invoked {"path":"/api/v2/campaign","method":"GET","has_auth_header":true,"auth_header_preview":"Bearer 171|K7b9U4PgNUTaGbhtLCl...","is_bearer":true} 
[2026-05-19 03:24:18] local.INFO: Extracted bearer token {"token_preview":"171|K7b9U4...","token_length":52} 
[2026-05-19 03:24:18] local.INFO: Found personal access token {"token_id":171,"user_id":68,"revoked":null} 
[2026-05-19 03:24:18] local.INFO: User authenticated via bearer token {"user_id":68,"user_email":"freelancerzahedcreator@gmail.com"} 
[2026-05-19 03:24:18] local.INFO: Returning campaigns for user {"user_id":68,"campaign_count":4,"statuses":["draft","live","live","draft"]} 
[2026-05-19 03:24:25] local.INFO: ParseBearerToken middleware invoked {"path":"/api/v2/campaign","method":"GET","has_auth_header":true,"auth_header_preview":"Bearer 171|K7b9U4PgNUTaGbhtLCl...","is_bearer":true} 
[2026-05-19 03:24:25] local.INFO: Extracted bearer token {"token_preview":"171|K7b9U4...","token_length":52} 
[2026-05-19 03:24:25] local.INFO: Found personal access token {"token_id":171,"user_id":68,"revoked":null} 
[2026-05-19 03:24:25] local.INFO: User authenticated via bearer token {"user_id":68,"user_email":"freelancerzahedcreator@gmail.com"} 
[2026-05-19 03:24:25] local.INFO: Returning campaigns for user {"user_id":68,"campaign_count":4,"statuses":["draft","live","live","draft"]} 
[2026-05-19 03:24:25] local.INFO: ParseBearerToken middleware invoked {"path":"/api/v2/campaign","method":"GET","has_auth_header":true,"auth_header_preview":"Bearer 171|K7b9U4PgNUTaGbhtLCl...","is_bearer":true} 
[2026-05-19 03:24:25] local.INFO: Extracted bearer token {"token_preview":"171|K7b9U4...","token_length":52} 
[2026-05-19 03:24:25] local.INFO: Found personal access token {"token_id":171,"user_id":68,"revoked":null} 
[2026-05-19 03:24:25] local.INFO: User authenticated via bearer token {"user_id":68,"user_email":"freelancerzahedcreator@gmail.com"} 
[2026-05-19 03:24:25] local.INFO: Returning campaigns for user {"user_id":68,"campaign_count":4,"statuses":["draft","live","live","draft"]} 
[2026-05-19 03:56:20] local.INFO: ParseBearerToken middleware invoked {"path":"/api/v2/campaign","method":"POST","has_auth_header":true,"auth_header_preview":"Bearer 171|K7b9U4PgNUTaGbhtLCl...","is_bearer":true} 
[2026-05-19 03:56:20] local.INFO: Extracted bearer token {"token_preview":"171|K7b9U4...","token_length":52} 
[2026-05-19 03:56:20] local.INFO: Found personal access token {"token_id":171,"user_id":68,"revoked":null} 
[2026-05-19 03:56:20] local.INFO: User authenticated via bearer token {"user_id":68,"user_email":"freelancerzahedcreator@gmail.com"} 
[2026-05-19 03:56:20] local.INFO: Campaign store() called - Raw Request Data {"content_type":"application/json","request_keys":["title","description","funding_goal","product_name","product_description","materials","colors","sizes","projectDuration","upvote_goal","previous_sales","existing_inventory","manufacturer_restock","manufacturing_assistance","business_registration"],"has_files":false,"file_keys":[]} 
[2026-05-19 03:56:20] local.INFO: Campaign store() called with details {"method":"POST","path":"api/v2/campaign","has_auth_header":true,"auth_header_preview":"Bearer 171|K7b9U4PgNUTaGbhtLCl...","user_id":68,"user_email":"freelancerzahedcreator@gmail.com","is_authenticated":true} 
[2026-05-19 03:56:20] local.INFO: Campaign creation request received {"user_id":68,"request_keys":["title","description","funding_goal","product_name","product_description","materials","colors","sizes","projectDuration","upvote_goal","previous_sales","existing_inventory","manufacturer_restock","manufacturing_assistance","business_registration"],"title":"Describe the style, cut, and d","product_name":"Describe the style, cut, and d","description_length":1760,"materials_count":1,"colors_count":1,"sizes_count":4,"projectDuration":"12","upvote_goal":5000} 
[2026-05-19 03:56:20] local.INFO: Campaign created successfully {"campaign_id":101,"creator_id":17,"user_id":68} 
[2026-05-19 03:56:28] local.INFO: ParseBearerToken middleware invoked {"path":"/api/v2/campaign","method":"GET","has_auth_header":true,"auth_header_preview":"Bearer 171|K7b9U4PgNUTaGbhtLCl...","is_bearer":true} 
[2026-05-19 03:56:28] local.INFO: Extracted bearer token {"token_preview":"171|K7b9U4...","token_length":52} 
[2026-05-19 03:56:28] local.INFO: Found personal access token {"token_id":171,"user_id":68,"revoked":null} 
[2026-05-19 03:56:28] local.INFO: User authenticated via bearer token {"user_id":68,"user_email":"freelancerzahedcreator@gmail.com"} 
[2026-05-19 03:56:28] local.INFO: Returning campaigns for user {"user_id":68,"campaign_count":5,"statuses":["draft","draft","live","live","draft"]} 
[2026-05-19 03:56:29] local.INFO: ParseBearerToken middleware invoked {"path":"/api/v2/campaign","method":"GET","has_auth_header":true,"auth_header_preview":"Bearer 171|K7b9U4PgNUTaGbhtLCl...","is_bearer":true} 
[2026-05-19 03:56:29] local.INFO: Extracted bearer token {"token_preview":"171|K7b9U4...","token_length":52} 
[2026-05-19 03:56:29] local.INFO: Found personal access token {"token_id":171,"user_id":68,"revoked":null} 
[2026-05-19 03:56:29] local.INFO: User authenticated via bearer token {"user_id":68,"user_email":"freelancerzahedcreator@gmail.com"} 
[2026-05-19 03:56:29] local.INFO: Returning campaigns for user {"user_id":68,"campaign_count":5,"statuses":["draft","draft","live","live","draft"]} 
[2026-05-19 03:56:58] local.INFO: ParseBearerToken middleware invoked {"path":"/api/v2/campaign","method":"GET","has_auth_header":true,"auth_header_preview":"Bearer 171|K7b9U4PgNUTaGbhtLCl...","is_bearer":true} 
[2026-05-19 03:56:58] local.INFO: Extracted bearer token {"token_preview":"171|K7b9U4...","token_length":52} 
[2026-05-19 03:56:58] local.INFO: Found personal access token {"token_id":171,"user_id":68,"revoked":null} 
[2026-05-19 03:56:58] local.INFO: User authenticated via bearer token {"user_id":68,"user_email":"freelancerzahedcreator@gmail.com"} 
[2026-05-19 03:56:58] local.INFO: Returning campaigns for user {"user_id":68,"campaign_count":5,"statuses":["draft","draft","live","live","draft"]} 
[2026-05-19 04:01:26] local.INFO: ParseBearerToken middleware invoked {"path":"/api/v2/campaign","method":"POST","has_auth_header":true,"auth_header_preview":"Bearer 171|K7b9U4PgNUTaGbhtLCl...","is_bearer":true} 
[2026-05-19 04:01:26] local.INFO: Extracted bearer token {"token_preview":"171|K7b9U4...","token_length":52} 
[2026-05-19 04:01:26] local.INFO: Found personal access token {"token_id":171,"user_id":68,"revoked":null} 
[2026-05-19 04:01:26] local.INFO: User authenticated via bearer token {"user_id":68,"user_email":"freelancerzahedcreator@gmail.com"} 
[2026-05-19 04:01:26] local.INFO: Campaign store() called - Raw Request Data {"content_type":"application/json","request_keys":["title","description","funding_goal","product_name","product_description","materials","colors","sizes","projectDuration","upvote_goal","previous_sales","existing_inventory","manufacturer_restock","manufacturing_assistance","business_registration"],"has_files":false,"file_keys":[]} 
[2026-05-19 04:01:26] local.INFO: Campaign store() called with details {"method":"POST","path":"api/v2/campaign","has_auth_header":true,"auth_header_preview":"Bearer 171|K7b9U4PgNUTaGbhtLCl...","user_id":68,"user_email":"freelancerzahedcreator@gmail.com","is_authenticated":true} 
[2026-05-19 04:01:26] local.INFO: Campaign creation request received {"user_id":68,"request_keys":["title","description","funding_goal","product_name","product_description","materials","colors","sizes","projectDuration","upvote_goal","previous_sales","existing_inventory","manufacturer_restock","manufacturing_assistance","business_registration"],"title":"Describe the style, cut, and d","product_name":"Describe the style, cut, and d","description_length":431,"materials_count":1,"colors_count":1,"sizes_count":4,"projectDuration":14,"upvote_goal":5000} 
[2026-05-19 04:01:26] local.INFO: Campaign created successfully {"campaign_id":102,"creator_id":17,"user_id":68} 
[2026-05-19 04:13:04] local.INFO: ParseBearerToken middleware invoked {"path":"/api/v2/campaign","method":"POST","has_auth_header":true,"auth_header_preview":"Bearer 171|K7b9U4PgNUTaGbhtLCl...","is_bearer":true} 
[2026-05-19 04:13:04] local.INFO: Extracted bearer token {"token_preview":"171|K7b9U4...","token_length":52} 
[2026-05-19 04:13:04] local.INFO: Found personal access token {"token_id":171,"user_id":68,"revoked":null} 
[2026-05-19 04:13:04] local.INFO: User authenticated via bearer token {"user_id":68,"user_email":"freelancerzahedcreator@gmail.com"} 
[2026-05-19 04:13:04] local.INFO: Campaign store() called - Raw Request Data {"content_type":"application/json","request_keys":["title","description","funding_goal","product_name","product_description","materials","colors","sizes","projectDuration","upvote_goal","previous_sales","existing_inventory","manufacturer_restock","manufacturing_assistance","business_registration"],"has_files":false,"file_keys":[]} 
[2026-05-19 04:13:04] local.INFO: Campaign store() called with details {"method":"POST","path":"api/v2/campaign","has_auth_header":true,"auth_header_preview":"Bearer 171|K7b9U4PgNUTaGbhtLCl...","user_id":68,"user_email":"freelancerzahedcreator@gmail.com","is_authenticated":true} 
[2026-05-19 04:13:04] local.INFO: Campaign creation request received {"user_id":68,"request_keys":["title","description","funding_goal","product_name","product_description","materials","colors","sizes","projectDuration","upvote_goal","previous_sales","existing_inventory","manufacturer_restock","manufacturing_assistance","business_registration"],"title":"Describe the style, cut, and d","product_name":"Describe the style, cut, and d","description_length":232,"materials_count":1,"colors_count":1,"sizes_count":4,"projectDuration":14,"upvote_goal":5000} 
[2026-05-19 04:13:05] local.INFO: Campaign created successfully {"campaign_id":103,"creator_id":17,"user_id":68} 
[2026-05-19 04:13:06] local.INFO: ParseBearerToken middleware invoked {"path":"/api/v2/campaign/103/upload-files","method":"POST","has_auth_header":true,"auth_header_preview":"Bearer 171|K7b9U4PgNUTaGbhtLCl...","is_bearer":true} 
[2026-05-19 04:13:06] local.INFO: Extracted bearer token {"token_preview":"171|K7b9U4...","token_length":52} 
[2026-05-19 04:13:06] local.INFO: Found personal access token {"token_id":171,"user_id":68,"revoked":null} 
[2026-05-19 04:13:06] local.INFO: User authenticated via bearer token {"user_id":68,"user_email":"freelancerzahedcreator@gmail.com"} 
[2026-05-19 04:13:06] local.INFO: uploadFiles() method called {"campaign_id":"103","method":"POST","content_type":"multipart/form-data; boundary=----WebKitFormBoundaryLPQWB5lkt3PAABLF"} 
[2026-05-19 04:13:06] local.INFO: File upload request received {"campaign_id":"103","has_product_images":true,"has_tech_pack":false,"request_keys":["product_images"],"product_images_type":"array","all_files_info":{"product_images":{"key":"product_images","count":2,"type":"array","first_item":"Illuminate\\Http\\UploadedFile"}}} 
[2026-05-19 04:13:06] local.INFO: Checking all input and files {"campaign_id":"103","input_keys":["image_metadata","product_images"],"file_keys":["product_images"],"all_files_count":1} 
[2026-05-19 04:13:06] local.INFO: Product images received {"campaign_id":"103","is_array":true,"count":2,"first_item_type":"Illuminate\\Http\\UploadedFile"} 
[2026-05-19 04:13:06] local.INFO: Parsed image metadata {"campaign_id":"103","metadata_count":2,"metadata":[{"fileIndex":0,"type":"front","name":"Dashboard-Karbar-11-03-2025_04_39_PM.png","size":286970},{"fileIndex":1,"type":"back","name":"473989200_635690472362963_7135301606100493880_n.jpg","size":333884}]} 
[2026-05-19 04:13:06] local.INFO: Found images using product_images notation {"campaign_id":"103","count":2} 
[2026-05-19 04:13:06] local.INFO: Processing product images {"campaign_id":"103","image_count":2,"metadata_count":2,"files_found_in_allfiles":true} 
[2026-05-19 04:13:06] local.INFO: Image found in array {"campaign_id":"103","index":0,"name":"Dashboard-Karbar-11-03-2025_04_39_PM.png","size":286970,"valid":true} 
[2026-05-19 04:13:06] local.INFO: Image found in array {"campaign_id":"103","index":1,"name":"473989200_635690472362963_7135301606100493880_n.jpg","size":333884,"valid":true} 
[2026-05-19 04:13:06] local.INFO: Processing image {"campaign_id":"103","file_index":0,"type":"front","name":"Dashboard-Karbar-11-03-2025_04_39_PM.png","original_name":"Dashboard-Karbar-11-03-2025_04_39_PM.png","size":286970,"mime":"image/png"} 
[2026-05-19 04:13:06] local.INFO: About to store image file {"campaign_id":"103","type":"front","filename":"campaign_103_front_1779163986_6a0be3527f495.png","directory":"campaigns/products","original_name":"Dashboard-Karbar-11-03-2025_04_39_PM.png","size":286970,"mime":"image/png","extension":"png"} 
[2026-05-19 04:13:06] local.INFO: Starting file storage {"campaign_id":"103","original_name":"Dashboard-Karbar-11-03-2025_04_39_PM.png","size":286970,"mime":"image/png","temp_path":false} 
[2026-05-19 04:13:06] local.INFO: About to store file {"campaign_id":"103","destination":"D:\\laragon\\www\\mirrormefashion\\storage\\app\\public\\campaigns\\products\\campaign_103_front_1779163986_6a0be3527ff1e.png","file_size":286970} 
[2026-05-19 04:13:06] local.INFO: Temp file info {"temp_path":"C:\\Windows\\Temp\\php735B.tmp","exists":true,"readable":true,"size":286970} 
[2026-05-19 04:13:06] local.INFO: File copied successfully {"campaign_id":"103","destination":"D:\\laragon\\www\\mirrormefashion\\storage\\app\\public\\campaigns\\products\\campaign_103_front_1779163986_6a0be3527ff1e.png"} 
[2026-05-19 04:13:06] local.INFO: File copied successfully {"campaign_id":"103","storage_path":"campaigns/products/campaign_103_front_1779163986_6a0be3527ff1e.png","full_path":"D:\\laragon\\www\\mirrormefashion\\storage\\app\\public\\campaigns\\products\\campaign_103_front_1779163986_6a0be3527ff1e.png","file_exists":true,"file_size":286970} 
[2026-05-19 04:13:07] local.INFO: Processing image {"campaign_id":"103","file_index":1,"type":"back","name":"473989200_635690472362963_7135301606100493880_n.jpg","original_name":"473989200_635690472362963_7135301606100493880_n.jpg","size":333884,"mime":"image/jpeg"} 
[2026-05-19 04:13:07] local.INFO: About to store image file {"campaign_id":"103","type":"back","filename":"campaign_103_back_1779163987_6a0be353707ef.jpg","directory":"campaigns/products","original_name":"473989200_635690472362963_7135301606100493880_n.jpg","size":333884,"mime":"image/jpeg","extension":"jpg"} 
[2026-05-19 04:13:07] local.INFO: Starting file storage {"campaign_id":"103","original_name":"473989200_635690472362963_7135301606100493880_n.jpg","size":333884,"mime":"image/jpeg","temp_path":false} 
[2026-05-19 04:13:07] local.INFO: About to store file {"campaign_id":"103","destination":"D:\\laragon\\www\\mirrormefashion\\storage\\app\\public\\campaigns\\products\\campaign_103_back_1779163987_6a0be353710e0.jpg","file_size":333884} 
[2026-05-19 04:13:07] local.INFO: Temp file info {"temp_path":"C:\\Windows\\Temp\\php735C.tmp","exists":true,"readable":true,"size":333884} 
[2026-05-19 04:13:07] local.INFO: File copied successfully {"campaign_id":"103","destination":"D:\\laragon\\www\\mirrormefashion\\storage\\app\\public\\campaigns\\products\\campaign_103_back_1779163987_6a0be353710e0.jpg"} 
[2026-05-19 04:13:07] local.INFO: File copied successfully {"campaign_id":"103","storage_path":"campaigns/products/campaign_103_back_1779163987_6a0be353710e0.jpg","full_path":"D:\\laragon\\www\\mirrormefashion\\storage\\app\\public\\campaigns\\products\\campaign_103_back_1779163987_6a0be353710e0.jpg","file_exists":true,"file_size":333884} 
[2026-05-19 04:13:07] local.INFO: No tech pack in request {"campaign_id":"103"} 
[2026-05-19 04:13:07] local.INFO: Merged product images {"campaign_id":"103","existing_count":0,"new_count":2,"merged_count":2} 
[2026-05-19 04:13:13] local.INFO: ParseBearerToken middleware invoked {"path":"/api/v2/campaign","method":"GET","has_auth_header":true,"auth_header_preview":"Bearer 171|K7b9U4PgNUTaGbhtLCl...","is_bearer":true} 
[2026-05-19 04:13:13] local.INFO: Extracted bearer token {"token_preview":"171|K7b9U4...","token_length":52} 
[2026-05-19 04:13:13] local.INFO: Found personal access token {"token_id":171,"user_id":68,"revoked":null} 
[2026-05-19 04:13:13] local.INFO: User authenticated via bearer token {"user_id":68,"user_email":"freelancerzahedcreator@gmail.com"} 
[2026-05-19 04:13:14] local.INFO: Returning campaigns for user {"user_id":68,"campaign_count":7,"statuses":["draft","draft","draft","draft","live","live","draft"]} 
[2026-05-19 04:13:14] local.INFO: ParseBearerToken middleware invoked {"path":"/api/v2/campaign","method":"GET","has_auth_header":true,"auth_header_preview":"Bearer 171|K7b9U4PgNUTaGbhtLCl...","is_bearer":true} 
[2026-05-19 04:13:14] local.INFO: Extracted bearer token {"token_preview":"171|K7b9U4...","token_length":52} 
[2026-05-19 04:13:14] local.INFO: Found personal access token {"token_id":171,"user_id":68,"revoked":null} 
[2026-05-19 04:13:14] local.INFO: User authenticated via bearer token {"user_id":68,"user_email":"freelancerzahedcreator@gmail.com"} 
[2026-05-19 04:13:14] local.INFO: Returning campaigns for user {"user_id":68,"campaign_count":7,"statuses":["draft","draft","draft","draft","live","live","draft"]} 
[2026-05-19 04:17:08] local.INFO: ParseBearerToken middleware invoked {"path":"/api/v2/campaign","method":"POST","has_auth_header":true,"auth_header_preview":"Bearer 171|K7b9U4PgNUTaGbhtLCl...","is_bearer":true} 
[2026-05-19 04:17:08] local.INFO: Extracted bearer token {"token_preview":"171|K7b9U4...","token_length":52} 
[2026-05-19 04:17:08] local.INFO: Found personal access token {"token_id":171,"user_id":68,"revoked":null} 
[2026-05-19 04:17:08] local.INFO: User authenticated via bearer token {"user_id":68,"user_email":"freelancerzahedcreator@gmail.com"} 
[2026-05-19 04:17:08] local.INFO: Campaign store() called - Raw Request Data {"content_type":"application/json","request_keys":["title","description","funding_goal","product_name","product_description","materials","colors","sizes","projectDuration","upvote_goal","previous_sales","existing_inventory","manufacturer_restock","manufacturing_assistance","business_registration"],"has_files":false,"file_keys":[]} 
[2026-05-19 04:17:08] local.INFO: Campaign store() called with details {"method":"POST","path":"api/v2/campaign","has_auth_header":true,"auth_header_preview":"Bearer 171|K7b9U4PgNUTaGbhtLCl...","user_id":68,"user_email":"freelancerzahedcreator@gmail.com","is_authenticated":true} 
[2026-05-19 04:17:08] local.INFO: Campaign creation request received {"user_id":68,"request_keys":["title","description","funding_goal","product_name","product_description","materials","colors","sizes","projectDuration","upvote_goal","previous_sales","existing_inventory","manufacturer_restock","manufacturing_assistance","business_registration"],"title":"Describe the style, cut, and d","product_name":"Describe the style, cut, and d","description_length":232,"materials_count":1,"colors_count":1,"sizes_count":4,"projectDuration":14,"upvote_goal":5000} 
[2026-05-19 04:17:08] local.INFO: Campaign created successfully {"campaign_id":104,"creator_id":17,"user_id":68} 
[2026-05-19 04:17:09] local.INFO: ParseBearerToken middleware invoked {"path":"/api/v2/campaign/104/upload-files","method":"POST","has_auth_header":true,"auth_header_preview":"Bearer 171|K7b9U4PgNUTaGbhtLCl...","is_bearer":true} 
[2026-05-19 04:17:09] local.INFO: Extracted bearer token {"token_preview":"171|K7b9U4...","token_length":52} 
[2026-05-19 04:17:09] local.INFO: Found personal access token {"token_id":171,"user_id":68,"revoked":null} 
[2026-05-19 04:17:09] local.INFO: User authenticated via bearer token {"user_id":68,"user_email":"freelancerzahedcreator@gmail.com"} 
[2026-05-19 04:17:09] local.INFO: uploadFiles() method called {"campaign_id":"104","method":"POST","content_type":"multipart/form-data; boundary=----WebKitFormBoundaryuscfBONDz939mPyn"} 
[2026-05-19 04:17:09] local.INFO: File upload request received {"campaign_id":"104","has_product_images":true,"has_tech_pack":false,"request_keys":["product_images"],"product_images_type":"array","all_files_info":{"product_images":{"key":"product_images","count":4,"type":"array","first_item":"Illuminate\\Http\\UploadedFile"}}} 
[2026-05-19 04:17:09] local.INFO: Checking all input and files {"campaign_id":"104","input_keys":["image_metadata","product_images"],"file_keys":["product_images"],"all_files_count":1} 
[2026-05-19 04:17:09] local.INFO: Product images received {"campaign_id":"104","is_array":true,"count":4,"first_item_type":"Illuminate\\Http\\UploadedFile"} 
[2026-05-19 04:17:09] local.INFO: Parsed image metadata {"campaign_id":"104","metadata_count":4,"metadata":[{"fileIndex":0,"type":"front","name":"473989200_635690472362963_7135301606100493880_n.jpg","size":333884},{"fileIndex":1,"type":"back","name":"Dashboard-Karbar-11-03-2025_04_39_PM.png","size":286970},{"fileIndex":2,"type":"additional","name":"473989200_635690472362963_7135301606100493880_n.jpg","size":333884},{"fileIndex":3,"type":"additional","name":"Dashboard-Karbar-11-03-2025_04_39_PM.png","size":286970}]} 
[2026-05-19 04:17:09] local.INFO: Found images using product_images notation {"campaign_id":"104","count":4} 
[2026-05-19 04:17:09] local.INFO: Processing product images {"campaign_id":"104","image_count":4,"metadata_count":4,"files_found_in_allfiles":true} 
[2026-05-19 04:17:09] local.INFO: Image found in array {"campaign_id":"104","index":0,"name":"473989200_635690472362963_7135301606100493880_n.jpg","size":333884,"valid":true} 
[2026-05-19 04:17:09] local.INFO: Image found in array {"campaign_id":"104","index":1,"name":"Dashboard-Karbar-11-03-2025_04_39_PM.png","size":286970,"valid":true} 
[2026-05-19 04:17:09] local.INFO: Image found in array {"campaign_id":"104","index":2,"name":"473989200_635690472362963_7135301606100493880_n.jpg","size":333884,"valid":true} 
[2026-05-19 04:17:09] local.INFO: Image found in array {"campaign_id":"104","index":3,"name":"Dashboard-Karbar-11-03-2025_04_39_PM.png","size":286970,"valid":true} 
[2026-05-19 04:17:09] local.INFO: Processing image {"campaign_id":"104","file_index":0,"type":"front","name":"473989200_635690472362963_7135301606100493880_n.jpg","original_name":"473989200_635690472362963_7135301606100493880_n.jpg","size":333884,"mime":"image/jpeg"} 
[2026-05-19 04:17:09] local.INFO: About to store image file {"campaign_id":"104","type":"front","filename":"campaign_104_front_1779164229_6a0be44578a60.jpg","directory":"campaigns/products","original_name":"473989200_635690472362963_7135301606100493880_n.jpg","size":333884,"mime":"image/jpeg","extension":"jpg"} 
[2026-05-19 04:17:09] local.INFO: Starting file storage {"campaign_id":"104","original_name":"473989200_635690472362963_7135301606100493880_n.jpg","size":333884,"mime":"image/jpeg","temp_path":false} 
[2026-05-19 04:17:09] local.INFO: About to store file {"campaign_id":"104","destination":"D:\\laragon\\www\\mirrormefashion\\storage\\app\\public\\campaigns\\products\\campaign_104_front_1779164229_6a0be445795e0.jpg","file_size":333884} 
[2026-05-19 04:17:09] local.INFO: Temp file info {"temp_path":"C:\\Windows\\Temp\\php29EC.tmp","exists":true,"readable":true,"size":333884} 
[2026-05-19 04:17:09] local.INFO: File copied successfully {"campaign_id":"104","destination":"D:\\laragon\\www\\mirrormefashion\\storage\\app\\public\\campaigns\\products\\campaign_104_front_1779164229_6a0be445795e0.jpg"} 
[2026-05-19 04:17:09] local.INFO: File copied successfully {"campaign_id":"104","storage_path":"campaigns/products/campaign_104_front_1779164229_6a0be445795e0.jpg","full_path":"D:\\laragon\\www\\mirrormefashion\\storage\\app\\public\\campaigns\\products\\campaign_104_front_1779164229_6a0be445795e0.jpg","file_exists":true,"file_size":333884} 
[2026-05-19 04:17:09] local.INFO: Processing image {"campaign_id":"104","file_index":1,"type":"back","name":"Dashboard-Karbar-11-03-2025_04_39_PM.png","original_name":"Dashboard-Karbar-11-03-2025_04_39_PM.png","size":286970,"mime":"image/png"} 
[2026-05-19 04:17:09] local.INFO: About to store image file {"campaign_id":"104","type":"back","filename":"campaign_104_back_1779164229_6a0be4457e36b.png","directory":"campaigns/products","original_name":"Dashboard-Karbar-11-03-2025_04_39_PM.png","size":286970,"mime":"image/png","extension":"png"} 
[2026-05-19 04:17:09] local.INFO: Starting file storage {"campaign_id":"104","original_name":"Dashboard-Karbar-11-03-2025_04_39_PM.png","size":286970,"mime":"image/png","temp_path":false} 
[2026-05-19 04:17:09] local.INFO: About to store file {"campaign_id":"104","destination":"D:\\laragon\\www\\mirrormefashion\\storage\\app\\public\\campaigns\\products\\campaign_104_back_1779164229_6a0be4457eddf.png","file_size":286970} 
[2026-05-19 04:17:09] local.INFO: Temp file info {"temp_path":"C:\\Windows\\Temp\\php29ED.tmp","exists":true,"readable":true,"size":286970} 
[2026-05-19 04:17:09] local.INFO: File copied successfully {"campaign_id":"104","destination":"D:\\laragon\\www\\mirrormefashion\\storage\\app\\public\\campaigns\\products\\campaign_104_back_1779164229_6a0be4457eddf.png"} 
[2026-05-19 04:17:09] local.INFO: File copied successfully {"campaign_id":"104","storage_path":"campaigns/products/campaign_104_back_1779164229_6a0be4457eddf.png","full_path":"D:\\laragon\\www\\mirrormefashion\\storage\\app\\public\\campaigns\\products\\campaign_104_back_1779164229_6a0be4457eddf.png","file_exists":true,"file_size":286970} 
[2026-05-19 04:17:09] local.INFO: Processing image {"campaign_id":"104","file_index":2,"type":"additional","name":"473989200_635690472362963_7135301606100493880_n.jpg","original_name":"473989200_635690472362963_7135301606100493880_n.jpg","size":333884,"mime":"image/jpeg"} 
[2026-05-19 04:17:09] local.INFO: About to store image file {"campaign_id":"104","type":"additional","filename":"campaign_104_additional_1779164229_6a0be4458061e.jpg","directory":"campaigns/products","original_name":"473989200_635690472362963_7135301606100493880_n.jpg","size":333884,"mime":"image/jpeg","extension":"jpg"} 
[2026-05-19 04:17:09] local.INFO: Starting file storage {"campaign_id":"104","original_name":"473989200_635690472362963_7135301606100493880_n.jpg","size":333884,"mime":"image/jpeg","temp_path":false} 
[2026-05-19 04:17:09] local.INFO: About to store file {"campaign_id":"104","destination":"D:\\laragon\\www\\mirrormefashion\\storage\\app\\public\\campaigns\\products\\campaign_104_additional_1779164229_6a0be44581320.jpg","file_size":333884} 
[2026-05-19 04:17:09] local.INFO: Temp file info {"temp_path":"C:\\Windows\\Temp\\php29EE.tmp","exists":true,"readable":true,"size":333884} 
[2026-05-19 04:17:09] local.INFO: File copied successfully {"campaign_id":"104","destination":"D:\\laragon\\www\\mirrormefashion\\storage\\app\\public\\campaigns\\products\\campaign_104_additional_1779164229_6a0be44581320.jpg"} 
[2026-05-19 04:17:09] local.INFO: File copied successfully {"campaign_id":"104","storage_path":"campaigns/products/campaign_104_additional_1779164229_6a0be44581320.jpg","full_path":"D:\\laragon\\www\\mirrormefashion\\storage\\app\\public\\campaigns\\products\\campaign_104_additional_1779164229_6a0be44581320.jpg","file_exists":true,"file_size":333884} 
[2026-05-19 04:17:09] local.INFO: Processing image {"campaign_id":"104","file_index":3,"type":"additional","name":"Dashboard-Karbar-11-03-2025_04_39_PM.png","original_name":"Dashboard-Karbar-11-03-2025_04_39_PM.png","size":286970,"mime":"image/png"} 
[2026-05-19 04:17:09] local.INFO: About to store image file {"campaign_id":"104","type":"additional","filename":"campaign_104_additional_1779164229_6a0be445821d3.png","directory":"campaigns/products","original_name":"Dashboard-Karbar-11-03-2025_04_39_PM.png","size":286970,"mime":"image/png","extension":"png"} 
[2026-05-19 04:17:09] local.INFO: Starting file storage {"campaign_id":"104","original_name":"Dashboard-Karbar-11-03-2025_04_39_PM.png","size":286970,"mime":"image/png","temp_path":false} 
[2026-05-19 04:17:09] local.INFO: About to store file {"campaign_id":"104","destination":"D:\\laragon\\www\\mirrormefashion\\storage\\app\\public\\campaigns\\products\\campaign_104_additional_1779164229_6a0be44582c71.png","file_size":286970} 
[2026-05-19 04:17:09] local.INFO: Temp file info {"temp_path":"C:\\Windows\\Temp\\php29FF.tmp","exists":true,"readable":true,"size":286970} 
[2026-05-19 04:17:09] local.INFO: File copied successfully {"campaign_id":"104","destination":"D:\\laragon\\www\\mirrormefashion\\storage\\app\\public\\campaigns\\products\\campaign_104_additional_1779164229_6a0be44582c71.png"} 
[2026-05-19 04:17:09] local.INFO: File copied successfully {"campaign_id":"104","storage_path":"campaigns/products/campaign_104_additional_1779164229_6a0be44582c71.png","full_path":"D:\\laragon\\www\\mirrormefashion\\storage\\app\\public\\campaigns\\products\\campaign_104_additional_1779164229_6a0be44582c71.png","file_exists":true,"file_size":286970} 
[2026-05-19 04:17:09] local.INFO: No tech pack in request {"campaign_id":"104"} 
[2026-05-19 04:17:09] local.INFO: Merged product images {"campaign_id":"104","existing_count":0,"new_count":4,"merged_count":4} 
[2026-05-19 04:17:15] local.INFO: ParseBearerToken middleware invoked {"path":"/api/v2/campaign","method":"GET","has_auth_header":true,"auth_header_preview":"Bearer 171|K7b9U4PgNUTaGbhtLCl...","is_bearer":true} 
[2026-05-19 04:17:15] local.INFO: Extracted bearer token {"token_preview":"171|K7b9U4...","token_length":52} 
[2026-05-19 04:17:15] local.INFO: Found personal access token {"token_id":171,"user_id":68,"revoked":null} 
[2026-05-19 04:17:15] local.INFO: User authenticated via bearer token {"user_id":68,"user_email":"freelancerzahedcreator@gmail.com"} 
[2026-05-19 04:17:15] local.INFO: Returning campaigns for user {"user_id":68,"campaign_count":8,"statuses":["draft","draft","draft","draft","draft","live","live","draft"]} 
[2026-05-19 04:17:15] local.INFO: ParseBearerToken middleware invoked {"path":"/api/v2/campaign","method":"GET","has_auth_header":true,"auth_header_preview":"Bearer 171|K7b9U4PgNUTaGbhtLCl...","is_bearer":true} 
[2026-05-19 04:17:15] local.INFO: Extracted bearer token {"token_preview":"171|K7b9U4...","token_length":52} 
[2026-05-19 04:17:15] local.INFO: Found personal access token {"token_id":171,"user_id":68,"revoked":null} 
[2026-05-19 04:17:15] local.INFO: User authenticated via bearer token {"user_id":68,"user_email":"freelancerzahedcreator@gmail.com"} 
[2026-05-19 04:17:15] local.INFO: Returning campaigns for user {"user_id":68,"campaign_count":8,"statuses":["draft","draft","draft","draft","draft","live","live","draft"]} 
[2026-05-19 04:17:56] local.INFO: ParseBearerToken middleware invoked {"path":"/api/v2/campaign/104","method":"PUT","has_auth_header":true,"auth_header_preview":"Bearer 171|K7b9U4PgNUTaGbhtLCl...","is_bearer":true} 
[2026-05-19 04:17:56] local.INFO: Extracted bearer token {"token_preview":"171|K7b9U4...","token_length":52} 
[2026-05-19 04:17:56] local.INFO: Found personal access token {"token_id":171,"user_id":68,"revoked":null} 
[2026-05-19 04:17:56] local.INFO: User authenticated via bearer token {"user_id":68,"user_email":"freelancerzahedcreator@gmail.com"} 
[2026-05-19 04:17:56] local.INFO: Campaign update attempt {"campaign_id":"104","user_id":68,"request_all":{"title":"Describe the style, cut, and d","description":"Describe the style, cut, and design. E.g., \"Natural fit long sleeve henley women's top with an asymmetrical hemline\"Describe the style, cut, and design. E.g., \"Natural fit long sleeve henley women's top with an asymmetrical hemline\"","product_name":"Describe the style, cut, and d","product_description":"Describe the style, cut, and design. E.g., \"Natural fit long sleeve henley women's top with an asymmetrical hemline\"Describe the style, cut, and design. E.g., \"Natural fit long sleeve henley women's top with an asymmetrical hemline\"","materials":[{"name":"black","percentage":30}],"colors":["Black"],"sizes":[{"classification":"US 0 - 2 (Extra Small)","measurement":"23-56","sizeKey":"xs"},{"classification":"US 4 - 6 (Small)","measurement":"23-56","sizeKey":"s"},{"classification":"US 8 - 10 (Medium)","measurement":"23-56","sizeKey":"m"},{"classification":"US 12 (Large)","measurement":"23-56","sizeKey":"l"}],"projectDuration":14,"upvote_goal":5000,"previous_sales":[],"existing_inventory":["inventory_200_500"],"manufacturer_restock":["restock_14"],"manufacturing_assistance":[],"business_registration":["business_in_progress"],"status":"live"},"request_has_status":true,"status_value":"live","end_date_value":null} 
[2026-05-19 04:17:56] local.INFO: Campaign update data prepared {"campaign_id":"104","fields_to_update":["title","description","product_name","product_description","materials","colors","sizes","status","upvote_goal","previous_sales","existing_inventory","manufacturer_restock","manufacturing_assistance","business_registration"],"data":{"title":"Describe the style, cut, and d","description":"Describe the style, cut, and design. E.g., \"Natural fit long sleeve henley women's top with an asymmetrical hemline\"Describe the style, cut, and design. E.g., \"Natural fit long sleeve henley women's top with an asymmetrical hemline\"","product_name":"Describe the style, cut, and d","product_description":"Describe the style, cut, and design. E.g., \"Natural fit long sleeve henley women's top with an asymmetrical hemline\"Describe the style, cut, and design. E.g., \"Natural fit long sleeve henley women's top with an asymmetrical hemline\"","materials":[{"name":"black","percentage":30}],"colors":["Black"],"sizes":[{"classification":"US 0 - 2 (Extra Small)","measurement":"23-56","sizeKey":"xs"},{"classification":"US 4 - 6 (Small)","measurement":"23-56","sizeKey":"s"},{"classification":"US 8 - 10 (Medium)","measurement":"23-56","sizeKey":"m"},{"classification":"US 12 (Large)","measurement":"23-56","sizeKey":"l"}],"status":"live","upvote_goal":5000,"previous_sales":[],"existing_inventory":["inventory_200_500"],"manufacturer_restock":["restock_14"],"manufacturing_assistance":[],"business_registration":["business_in_progress"]},"current_status":"draft","new_status":"live"} 
[2026-05-19 04:17:56] local.INFO: Campaign updated successfully {"campaign_id":"104","user_id":68,"updated_status":"live"} 
[2026-05-19 04:17:57] local.INFO: ParseBearerToken middleware invoked {"path":"/api/v2/campaign","method":"GET","has_auth_header":true,"auth_header_preview":"Bearer 171|K7b9U4PgNUTaGbhtLCl...","is_bearer":true} 
[2026-05-19 04:17:57] local.INFO: Extracted bearer token {"token_preview":"171|K7b9U4...","token_length":52} 
[2026-05-19 04:17:57] local.INFO: Found personal access token {"token_id":171,"user_id":68,"revoked":null} 
[2026-05-19 04:17:57] local.INFO: User authenticated via bearer token {"user_id":68,"user_email":"freelancerzahedcreator@gmail.com"} 
[2026-05-19 04:17:57] local.INFO: Returning campaigns for user {"user_id":68,"campaign_count":8,"statuses":["live","draft","draft","draft","draft","live","live","draft"]} 
[2026-05-19 04:17:58] local.INFO: ParseBearerToken middleware invoked {"path":"/api/v2/campaign","method":"GET","has_auth_header":true,"auth_header_preview":"Bearer 171|K7b9U4PgNUTaGbhtLCl...","is_bearer":true} 
[2026-05-19 04:17:58] local.INFO: Extracted bearer token {"token_preview":"171|K7b9U4...","token_length":52} 
[2026-05-19 04:17:58] local.INFO: Found personal access token {"token_id":171,"user_id":68,"revoked":null} 
[2026-05-19 04:17:58] local.INFO: User authenticated via bearer token {"user_id":68,"user_email":"freelancerzahedcreator@gmail.com"} 
[2026-05-19 04:17:58] local.INFO: Returning campaigns for user {"user_id":68,"campaign_count":8,"statuses":["live","draft","draft","draft","draft","live","live","draft"]} 
[2026-05-19 04:18:18] local.INFO: ParseBearerToken middleware invoked {"path":"/api/v2/campaign","method":"GET","has_auth_header":true,"auth_header_preview":"Bearer 171|K7b9U4PgNUTaGbhtLCl...","is_bearer":true} 
[2026-05-19 04:18:18] local.INFO: Extracted bearer token {"token_preview":"171|K7b9U4...","token_length":52} 
[2026-05-19 04:18:18] local.INFO: Found personal access token {"token_id":171,"user_id":68,"revoked":null} 
[2026-05-19 04:18:18] local.INFO: User authenticated via bearer token {"user_id":68,"user_email":"freelancerzahedcreator@gmail.com"} 
[2026-05-19 04:18:18] local.INFO: Returning campaigns for user {"user_id":68,"campaign_count":8,"statuses":["live","draft","draft","draft","draft","live","live","draft"]} 
[2026-05-19 04:18:19] local.INFO: ParseBearerToken middleware invoked {"path":"/api/v2/campaign","method":"GET","has_auth_header":true,"auth_header_preview":"Bearer 171|K7b9U4PgNUTaGbhtLCl...","is_bearer":true} 
[2026-05-19 04:18:19] local.INFO: Extracted bearer token {"token_preview":"171|K7b9U4...","token_length":52} 
[2026-05-19 04:18:19] local.INFO: Found personal access token {"token_id":171,"user_id":68,"revoked":null} 
[2026-05-19 04:18:19] local.INFO: User authenticated via bearer token {"user_id":68,"user_email":"freelancerzahedcreator@gmail.com"} 
[2026-05-19 04:18:19] local.INFO: Returning campaigns for user {"user_id":68,"campaign_count":8,"statuses":["live","draft","draft","draft","draft","live","live","draft"]} 
[2026-05-19 04:23:08] local.INFO: ParseBearerToken middleware invoked {"path":"/api/v2/campaign","method":"POST","has_auth_header":true,"auth_header_preview":"Bearer 171|K7b9U4PgNUTaGbhtLCl...","is_bearer":true} 
[2026-05-19 04:23:08] local.INFO: Extracted bearer token {"token_preview":"171|K7b9U4...","token_length":52} 
[2026-05-19 04:23:08] local.INFO: Found personal access token {"token_id":171,"user_id":68,"revoked":null} 
[2026-05-19 04:23:08] local.INFO: User authenticated via bearer token {"user_id":68,"user_email":"freelancerzahedcreator@gmail.com"} 
[2026-05-19 04:23:08] local.INFO: Campaign store() called - Raw Request Data {"content_type":"application/json","request_keys":["title","description","funding_goal","product_name","product_description","materials","colors","sizes","projectDuration","upvote_goal","previous_sales","existing_inventory","manufacturer_restock","manufacturing_assistance","business_registration"],"has_files":false,"file_keys":[]} 
[2026-05-19 04:23:08] local.INFO: Campaign store() called with details {"method":"POST","path":"api/v2/campaign","has_auth_header":true,"auth_header_preview":"Bearer 171|K7b9U4PgNUTaGbhtLCl...","user_id":68,"user_email":"freelancerzahedcreator@gmail.com","is_authenticated":true} 
[2026-05-19 04:23:08] local.INFO: Campaign creation request received {"user_id":68,"request_keys":["title","description","funding_goal","product_name","product_description","materials","colors","sizes","projectDuration","upvote_goal","previous_sales","existing_inventory","manufacturer_restock","manufacturing_assistance","business_registration"],"title":"Describe the style, cut, and d","product_name":"Describe the style, cut, and d","description_length":1035,"materials_count":1,"colors_count":1,"sizes_count":4,"projectDuration":14,"upvote_goal":5000} 
[2026-05-19 04:23:08] local.INFO: Campaign created successfully {"campaign_id":105,"creator_id":17,"user_id":68} 
[2026-05-19 04:23:09] local.INFO: ParseBearerToken middleware invoked {"path":"/api/v2/campaign/105/upload-files","method":"POST","has_auth_header":true,"auth_header_preview":"Bearer 171|K7b9U4PgNUTaGbhtLCl...","is_bearer":true} 
[2026-05-19 04:23:09] local.INFO: Extracted bearer token {"token_preview":"171|K7b9U4...","token_length":52} 
[2026-05-19 04:23:09] local.INFO: Found personal access token {"token_id":171,"user_id":68,"revoked":null} 
[2026-05-19 04:23:09] local.INFO: User authenticated via bearer token {"user_id":68,"user_email":"freelancerzahedcreator@gmail.com"} 
[2026-05-19 04:23:09] local.INFO: uploadFiles() method called {"campaign_id":"105","method":"POST","content_type":"multipart/form-data; boundary=----WebKitFormBoundary6i6Qh8KXEBiLxuAi"} 
[2026-05-19 04:23:09] local.INFO: File upload request received {"campaign_id":"105","has_product_images":true,"has_tech_pack":false,"request_keys":["product_images"],"product_images_type":"array","all_files_info":{"product_images":{"key":"product_images","count":5,"type":"array","first_item":"Illuminate\\Http\\UploadedFile"}}} 
[2026-05-19 04:23:09] local.INFO: Checking all input and files {"campaign_id":"105","input_keys":["image_metadata","product_images"],"file_keys":["product_images"],"all_files_count":1} 
[2026-05-19 04:23:09] local.INFO: Product images received {"campaign_id":"105","is_array":true,"count":5,"first_item_type":"Illuminate\\Http\\UploadedFile"} 
[2026-05-19 04:23:09] local.INFO: Parsed image metadata {"campaign_id":"105","metadata_count":5,"metadata":[{"fileIndex":0,"type":"additional","name":"Dashboard-Karbar-11-03-2025_04_39_PM.png","size":286970},{"fileIndex":1,"type":"additional","name":"473989200_635690472362963_7135301606100493880_n.jpg","size":333884},{"fileIndex":2,"type":"additional","name":"dashboard-members (1).png","size":174262},{"fileIndex":3,"type":"front","name":"dashboard-members.png","size":174262},{"fileIndex":4,"type":"back","name":"dashboard-members.png","size":174262}]} 
[2026-05-19 04:23:09] local.INFO: Found images using product_images notation {"campaign_id":"105","count":5} 
[2026-05-19 04:23:09] local.INFO: Processing product images {"campaign_id":"105","image_count":5,"metadata_count":5,"files_found_in_allfiles":true} 
[2026-05-19 04:23:09] local.INFO: Image found in array {"campaign_id":"105","index":0,"name":"Dashboard-Karbar-11-03-2025_04_39_PM.png","size":286970,"valid":true} 
[2026-05-19 04:23:09] local.INFO: Image found in array {"campaign_id":"105","index":1,"name":"473989200_635690472362963_7135301606100493880_n.jpg","size":333884,"valid":true} 
[2026-05-19 04:23:09] local.INFO: Image found in array {"campaign_id":"105","index":2,"name":"dashboard-members (1).png","size":174262,"valid":true} 
[2026-05-19 04:23:09] local.INFO: Image found in array {"campaign_id":"105","index":3,"name":"dashboard-members.png","size":174262,"valid":true} 
[2026-05-19 04:23:09] local.INFO: Image found in array {"campaign_id":"105","index":4,"name":"dashboard-members.png","size":174262,"valid":true} 
[2026-05-19 04:23:09] local.INFO: Processing image {"campaign_id":"105","file_index":0,"type":"additional","name":"Dashboard-Karbar-11-03-2025_04_39_PM.png","original_name":"Dashboard-Karbar-11-03-2025_04_39_PM.png","size":286970,"mime":"image/png"} 
[2026-05-19 04:23:09] local.INFO: About to store image file {"campaign_id":"105","type":"additional","filename":"campaign_105_additional_1779164589_6a0be5add0433.png","directory":"campaigns/products","original_name":"Dashboard-Karbar-11-03-2025_04_39_PM.png","size":286970,"mime":"image/png","extension":"png"} 
[2026-05-19 04:23:09] local.INFO: Starting file storage {"campaign_id":"105","original_name":"Dashboard-Karbar-11-03-2025_04_39_PM.png","size":286970,"mime":"image/png","temp_path":false} 
[2026-05-19 04:23:09] local.INFO: About to store file {"campaign_id":"105","destination":"D:\\laragon\\www\\mirrormefashion\\storage\\app\\public\\campaigns\\products\\campaign_105_additional_1779164589_6a0be5add0f5a.png","file_size":286970} 
[2026-05-19 04:23:09] local.INFO: Temp file info {"temp_path":"C:\\Windows\\Temp\\phpA959.tmp","exists":true,"readable":true,"size":286970} 
[2026-05-19 04:23:09] local.INFO: File copied successfully {"campaign_id":"105","destination":"D:\\laragon\\www\\mirrormefashion\\storage\\app\\public\\campaigns\\products\\campaign_105_additional_1779164589_6a0be5add0f5a.png"} 
[2026-05-19 04:23:09] local.INFO: File copied successfully {"campaign_id":"105","storage_path":"campaigns/products/campaign_105_additional_1779164589_6a0be5add0f5a.png","full_path":"D:\\laragon\\www\\mirrormefashion\\storage\\app\\public\\campaigns\\products\\campaign_105_additional_1779164589_6a0be5add0f5a.png","file_exists":true,"file_size":286970} 
[2026-05-19 04:23:09] local.INFO: Processing image {"campaign_id":"105","file_index":1,"type":"additional","name":"473989200_635690472362963_7135301606100493880_n.jpg","original_name":"473989200_635690472362963_7135301606100493880_n.jpg","size":333884,"mime":"image/jpeg"} 
[2026-05-19 04:23:09] local.INFO: About to store image file {"campaign_id":"105","type":"additional","filename":"campaign_105_additional_1779164589_6a0be5add8ff2.jpg","directory":"campaigns/products","original_name":"473989200_635690472362963_7135301606100493880_n.jpg","size":333884,"mime":"image/jpeg","extension":"jpg"} 
[2026-05-19 04:23:09] local.INFO: Starting file storage {"campaign_id":"105","original_name":"473989200_635690472362963_7135301606100493880_n.jpg","size":333884,"mime":"image/jpeg","temp_path":false} 
[2026-05-19 04:23:09] local.INFO: About to store file {"campaign_id":"105","destination":"D:\\laragon\\www\\mirrormefashion\\storage\\app\\public\\campaigns\\products\\campaign_105_additional_1779164589_6a0be5add9934.jpg","file_size":333884} 
[2026-05-19 04:23:09] local.INFO: Temp file info {"temp_path":"C:\\Windows\\Temp\\phpA95A.tmp","exists":true,"readable":true,"size":333884} 
[2026-05-19 04:23:09] local.INFO: File copied successfully {"campaign_id":"105","destination":"D:\\laragon\\www\\mirrormefashion\\storage\\app\\public\\campaigns\\products\\campaign_105_additional_1779164589_6a0be5add9934.jpg"} 
[2026-05-19 04:23:09] local.INFO: File copied successfully {"campaign_id":"105","storage_path":"campaigns/products/campaign_105_additional_1779164589_6a0be5add9934.jpg","full_path":"D:\\laragon\\www\\mirrormefashion\\storage\\app\\public\\campaigns\\products\\campaign_105_additional_1779164589_6a0be5add9934.jpg","file_exists":true,"file_size":333884} 
[2026-05-19 04:23:09] local.INFO: Processing image {"campaign_id":"105","file_index":2,"type":"additional","name":"dashboard-members (1).png","original_name":"dashboard-members (1).png","size":174262,"mime":"image/png"} 
[2026-05-19 04:23:09] local.INFO: About to store image file {"campaign_id":"105","type":"additional","filename":"campaign_105_additional_1779164589_6a0be5adda86a.png","directory":"campaigns/products","original_name":"dashboard-members (1).png","size":174262,"mime":"image/png","extension":"png"} 
[2026-05-19 04:23:09] local.INFO: Starting file storage {"campaign_id":"105","original_name":"dashboard-members (1).png","size":174262,"mime":"image/png","temp_path":false} 
[2026-05-19 04:23:09] local.INFO: About to store file {"campaign_id":"105","destination":"D:\\laragon\\www\\mirrormefashion\\storage\\app\\public\\campaigns\\products\\campaign_105_additional_1779164589_6a0be5addbce4.png","file_size":174262} 
[2026-05-19 04:23:09] local.INFO: Temp file info {"temp_path":"C:\\Windows\\Temp\\phpA96B.tmp","exists":true,"readable":true,"size":174262} 
[2026-05-19 04:23:09] local.INFO: File copied successfully {"campaign_id":"105","destination":"D:\\laragon\\www\\mirrormefashion\\storage\\app\\public\\campaigns\\products\\campaign_105_additional_1779164589_6a0be5addbce4.png"} 
[2026-05-19 04:23:09] local.INFO: File copied successfully {"campaign_id":"105","storage_path":"campaigns/products/campaign_105_additional_1779164589_6a0be5addbce4.png","full_path":"D:\\laragon\\www\\mirrormefashion\\storage\\app\\public\\campaigns\\products\\campaign_105_additional_1779164589_6a0be5addbce4.png","file_exists":true,"file_size":174262} 
[2026-05-19 04:23:09] local.INFO: Processing image {"campaign_id":"105","file_index":3,"type":"front","name":"dashboard-members.png","original_name":"dashboard-members.png","size":174262,"mime":"image/png"} 
[2026-05-19 04:23:09] local.INFO: About to store image file {"campaign_id":"105","type":"front","filename":"campaign_105_front_1779164589_6a0be5addd30d.png","directory":"campaigns/products","original_name":"dashboard-members.png","size":174262,"mime":"image/png","extension":"png"} 
[2026-05-19 04:23:09] local.INFO: Starting file storage {"campaign_id":"105","original_name":"dashboard-members.png","size":174262,"mime":"image/png","temp_path":false} 
[2026-05-19 04:23:09] local.INFO: About to store file {"campaign_id":"105","destination":"D:\\laragon\\www\\mirrormefashion\\storage\\app\\public\\campaigns\\products\\campaign_105_front_1779164589_6a0be5adddc05.png","file_size":174262} 
[2026-05-19 04:23:09] local.INFO: Temp file info {"temp_path":"C:\\Windows\\Temp\\phpA96C.tmp","exists":true,"readable":true,"size":174262} 
[2026-05-19 04:23:09] local.INFO: File copied successfully {"campaign_id":"105","destination":"D:\\laragon\\www\\mirrormefashion\\storage\\app\\public\\campaigns\\products\\campaign_105_front_1779164589_6a0be5adddc05.png"} 
[2026-05-19 04:23:09] local.INFO: File copied successfully {"campaign_id":"105","storage_path":"campaigns/products/campaign_105_front_1779164589_6a0be5adddc05.png","full_path":"D:\\laragon\\www\\mirrormefashion\\storage\\app\\public\\campaigns\\products\\campaign_105_front_1779164589_6a0be5adddc05.png","file_exists":true,"file_size":174262} 
[2026-05-19 04:23:09] local.INFO: Processing image {"campaign_id":"105","file_index":4,"type":"back","name":"dashboard-members.png","original_name":"dashboard-members.png","size":174262,"mime":"image/png"} 
[2026-05-19 04:23:09] local.INFO: About to store image file {"campaign_id":"105","type":"back","filename":"campaign_105_back_1779164589_6a0be5addebde.png","directory":"campaigns/products","original_name":"dashboard-members.png","size":174262,"mime":"image/png","extension":"png"} 
[2026-05-19 04:23:09] local.INFO: Starting file storage {"campaign_id":"105","original_name":"dashboard-members.png","size":174262,"mime":"image/png","temp_path":false} 
[2026-05-19 04:23:09] local.INFO: About to store file {"campaign_id":"105","destination":"D:\\laragon\\www\\mirrormefashion\\storage\\app\\public\\campaigns\\products\\campaign_105_back_1779164589_6a0be5addfea8.png","file_size":174262} 
[2026-05-19 04:23:09] local.INFO: Temp file info {"temp_path":"C:\\Windows\\Temp\\phpA97D.tmp","exists":true,"readable":true,"size":174262} 
[2026-05-19 04:23:09] local.INFO: File copied successfully {"campaign_id":"105","destination":"D:\\laragon\\www\\mirrormefashion\\storage\\app\\public\\campaigns\\products\\campaign_105_back_1779164589_6a0be5addfea8.png"} 
[2026-05-19 04:23:09] local.INFO: File copied successfully {"campaign_id":"105","storage_path":"campaigns/products/campaign_105_back_1779164589_6a0be5addfea8.png","full_path":"D:\\laragon\\www\\mirrormefashion\\storage\\app\\public\\campaigns\\products\\campaign_105_back_1779164589_6a0be5addfea8.png","file_exists":true,"file_size":174262} 
[2026-05-19 04:23:09] local.INFO: No tech pack in request {"campaign_id":"105"} 
[2026-05-19 04:23:09] local.INFO: Merged product images {"campaign_id":"105","existing_count":0,"new_count":5,"merged_count":5} 
[2026-05-19 04:23:17] local.INFO: ParseBearerToken middleware invoked {"path":"/api/v2/campaign","method":"GET","has_auth_header":true,"auth_header_preview":"Bearer 171|K7b9U4PgNUTaGbhtLCl...","is_bearer":true} 
[2026-05-19 04:23:17] local.INFO: Extracted bearer token {"token_preview":"171|K7b9U4...","token_length":52} 
[2026-05-19 04:23:17] local.INFO: Found personal access token {"token_id":171,"user_id":68,"revoked":null} 
[2026-05-19 04:23:17] local.INFO: User authenticated via bearer token {"user_id":68,"user_email":"freelancerzahedcreator@gmail.com"} 
[2026-05-19 04:23:17] local.INFO: Returning campaigns for user {"user_id":68,"campaign_count":9,"statuses":["draft","live","draft","draft","draft","draft","live","live","draft"]} 
[2026-05-19 04:23:17] local.INFO: ParseBearerToken middleware invoked {"path":"/api/v2/campaign","method":"GET","has_auth_header":true,"auth_header_preview":"Bearer 171|K7b9U4PgNUTaGbhtLCl...","is_bearer":true} 
[2026-05-19 04:23:17] local.INFO: Extracted bearer token {"token_preview":"171|K7b9U4...","token_length":52} 
[2026-05-19 04:23:17] local.INFO: Found personal access token {"token_id":171,"user_id":68,"revoked":null} 
[2026-05-19 04:23:17] local.INFO: User authenticated via bearer token {"user_id":68,"user_email":"freelancerzahedcreator@gmail.com"} 
[2026-05-19 04:23:17] local.INFO: Returning campaigns for user {"user_id":68,"campaign_count":9,"statuses":["draft","live","draft","draft","draft","draft","live","live","draft"]} 
[2026-05-19 04:23:47] local.INFO: ParseBearerToken middleware invoked {"path":"/api/v2/campaign","method":"GET","has_auth_header":true,"auth_header_preview":"Bearer 171|K7b9U4PgNUTaGbhtLCl...","is_bearer":true} 
[2026-05-19 04:23:47] local.INFO: Extracted bearer token {"token_preview":"171|K7b9U4...","token_length":52} 
[2026-05-19 04:23:47] local.INFO: Found personal access token {"token_id":171,"user_id":68,"revoked":null} 
[2026-05-19 04:23:47] local.INFO: User authenticated via bearer token {"user_id":68,"user_email":"freelancerzahedcreator@gmail.com"} 
[2026-05-19 04:23:47] local.INFO: Returning campaigns for user {"user_id":68,"campaign_count":9,"statuses":["draft","live","draft","draft","draft","draft","live","live","draft"]} 
[2026-05-19 04:24:17] local.INFO: ParseBearerToken middleware invoked {"path":"/api/v2/campaign","method":"GET","has_auth_header":true,"auth_header_preview":"Bearer 171|K7b9U4PgNUTaGbhtLCl...","is_bearer":true} 
[2026-05-19 04:24:17] local.INFO: Extracted bearer token {"token_preview":"171|K7b9U4...","token_length":52} 
[2026-05-19 04:24:17] local.INFO: Found personal access token {"token_id":171,"user_id":68,"revoked":null} 
[2026-05-19 04:24:17] local.INFO: User authenticated via bearer token {"user_id":68,"user_email":"freelancerzahedcreator@gmail.com"} 
[2026-05-19 04:24:17] local.INFO: Returning campaigns for user {"user_id":68,"campaign_count":9,"statuses":["draft","live","draft","draft","draft","draft","live","live","draft"]} 
[2026-05-19 04:24:47] local.INFO: ParseBearerToken middleware invoked {"path":"/api/v2/campaign","method":"GET","has_auth_header":true,"auth_header_preview":"Bearer 171|K7b9U4PgNUTaGbhtLCl...","is_bearer":true} 
[2026-05-19 04:24:47] local.INFO: Extracted bearer token {"token_preview":"171|K7b9U4...","token_length":52} 
[2026-05-19 04:24:47] local.INFO: Found personal access token {"token_id":171,"user_id":68,"revoked":null} 
[2026-05-19 04:24:47] local.INFO: User authenticated via bearer token {"user_id":68,"user_email":"freelancerzahedcreator@gmail.com"} 
[2026-05-19 04:24:47] local.INFO: Returning campaigns for user {"user_id":68,"campaign_count":9,"statuses":["draft","live","draft","draft","draft","draft","live","live","draft"]} 
[2026-05-19 04:25:17] local.INFO: ParseBearerToken middleware invoked {"path":"/api/v2/campaign","method":"GET","has_auth_header":true,"auth_header_preview":"Bearer 171|K7b9U4PgNUTaGbhtLCl...","is_bearer":true} 
[2026-05-19 04:25:17] local.INFO: Extracted bearer token {"token_preview":"171|K7b9U4...","token_length":52} 
[2026-05-19 04:25:17] local.INFO: Found personal access token {"token_id":171,"user_id":68,"revoked":null} 
[2026-05-19 04:25:17] local.INFO: User authenticated via bearer token {"user_id":68,"user_email":"freelancerzahedcreator@gmail.com"} 
[2026-05-19 04:25:17] local.INFO: Returning campaigns for user {"user_id":68,"campaign_count":9,"statuses":["draft","live","draft","draft","draft","draft","live","live","draft"]} 
[2026-05-19 04:25:47] local.INFO: ParseBearerToken middleware invoked {"path":"/api/v2/campaign","method":"GET","has_auth_header":true,"auth_header_preview":"Bearer 171|K7b9U4PgNUTaGbhtLCl...","is_bearer":true} 
[2026-05-19 04:25:47] local.INFO: Extracted bearer token {"token_preview":"171|K7b9U4...","token_length":52} 
[2026-05-19 04:25:47] local.INFO: Found personal access token {"token_id":171,"user_id":68,"revoked":null} 
[2026-05-19 04:25:47] local.INFO: User authenticated via bearer token {"user_id":68,"user_email":"freelancerzahedcreator@gmail.com"} 
[2026-05-19 04:25:47] local.INFO: Returning campaigns for user {"user_id":68,"campaign_count":9,"statuses":["draft","live","draft","draft","draft","draft","live","live","draft"]} 
[2026-05-19 04:26:17] local.INFO: ParseBearerToken middleware invoked {"path":"/api/v2/campaign","method":"GET","has_auth_header":true,"auth_header_preview":"Bearer 171|K7b9U4PgNUTaGbhtLCl...","is_bearer":true} 
[2026-05-19 04:26:17] local.INFO: Extracted bearer token {"token_preview":"171|K7b9U4...","token_length":52} 
[2026-05-19 04:26:17] local.INFO: Found personal access token {"token_id":171,"user_id":68,"revoked":null} 
[2026-05-19 04:26:17] local.INFO: User authenticated via bearer token {"user_id":68,"user_email":"freelancerzahedcreator@gmail.com"} 
[2026-05-19 04:26:17] local.INFO: Returning campaigns for user {"user_id":68,"campaign_count":9,"statuses":["draft","live","draft","draft","draft","draft","live","live","draft"]} 
[2026-05-19 04:26:47] local.INFO: ParseBearerToken middleware invoked {"path":"/api/v2/campaign","method":"GET","has_auth_header":true,"auth_header_preview":"Bearer 171|K7b9U4PgNUTaGbhtLCl...","is_bearer":true} 
[2026-05-19 04:26:47] local.INFO: Extracted bearer token {"token_preview":"171|K7b9U4...","token_length":52} 
[2026-05-19 04:26:47] local.INFO: Found personal access token {"token_id":171,"user_id":68,"revoked":null} 
[2026-05-19 04:26:47] local.INFO: User authenticated via bearer token {"user_id":68,"user_email":"freelancerzahedcreator@gmail.com"} 
[2026-05-19 04:26:47] local.INFO: Returning campaigns for user {"user_id":68,"campaign_count":9,"statuses":["draft","live","draft","draft","draft","draft","live","live","draft"]} 
[2026-05-19 04:27:17] local.INFO: ParseBearerToken middleware invoked {"path":"/api/v2/campaign","method":"GET","has_auth_header":true,"auth_header_preview":"Bearer 171|K7b9U4PgNUTaGbhtLCl...","is_bearer":true} 
[2026-05-19 04:27:17] local.INFO: Extracted bearer token {"token_preview":"171|K7b9U4...","token_length":52} 
[2026-05-19 04:27:17] local.INFO: Found personal access token {"token_id":171,"user_id":68,"revoked":null} 
[2026-05-19 04:27:17] local.INFO: User authenticated via bearer token {"user_id":68,"user_email":"freelancerzahedcreator@gmail.com"} 
[2026-05-19 04:27:17] local.INFO: Returning campaigns for user {"user_id":68,"campaign_count":9,"statuses":["draft","live","draft","draft","draft","draft","live","live","draft"]} 
[2026-05-19 04:27:47] local.INFO: ParseBearerToken middleware invoked {"path":"/api/v2/campaign","method":"GET","has_auth_header":true,"auth_header_preview":"Bearer 171|K7b9U4PgNUTaGbhtLCl...","is_bearer":true} 
[2026-05-19 04:27:47] local.INFO: Extracted bearer token {"token_preview":"171|K7b9U4...","token_length":52} 
[2026-05-19 04:27:47] local.INFO: Found personal access token {"token_id":171,"user_id":68,"revoked":null} 
[2026-05-19 04:27:47] local.INFO: User authenticated via bearer token {"user_id":68,"user_email":"freelancerzahedcreator@gmail.com"} 
[2026-05-19 04:27:47] local.INFO: Returning campaigns for user {"user_id":68,"campaign_count":9,"statuses":["draft","live","draft","draft","draft","draft","live","live","draft"]} 
[2026-05-19 04:28:17] local.INFO: ParseBearerToken middleware invoked {"path":"/api/v2/campaign","method":"GET","has_auth_header":true,"auth_header_preview":"Bearer 171|K7b9U4PgNUTaGbhtLCl...","is_bearer":true} 
[2026-05-19 04:28:17] local.INFO: Extracted bearer token {"token_preview":"171|K7b9U4...","token_length":52} 
[2026-05-19 04:28:17] local.INFO: Found personal access token {"token_id":171,"user_id":68,"revoked":null} 
[2026-05-19 04:28:17] local.INFO: User authenticated via bearer token {"user_id":68,"user_email":"freelancerzahedcreator@gmail.com"} 
[2026-05-19 04:28:17] local.INFO: Returning campaigns for user {"user_id":68,"campaign_count":9,"statuses":["draft","live","draft","draft","draft","draft","live","live","draft"]} 
[2026-05-19 04:28:47] local.INFO: ParseBearerToken middleware invoked {"path":"/api/v2/campaign","method":"GET","has_auth_header":true,"auth_header_preview":"Bearer 171|K7b9U4PgNUTaGbhtLCl...","is_bearer":true} 
[2026-05-19 04:28:47] local.INFO: Extracted bearer token {"token_preview":"171|K7b9U4...","token_length":52} 
[2026-05-19 04:28:47] local.INFO: Found personal access token {"token_id":171,"user_id":68,"revoked":null} 
[2026-05-19 04:28:47] local.INFO: User authenticated via bearer token {"user_id":68,"user_email":"freelancerzahedcreator@gmail.com"} 
[2026-05-19 04:28:47] local.INFO: Returning campaigns for user {"user_id":68,"campaign_count":9,"statuses":["draft","live","draft","draft","draft","draft","live","live","draft"]} 
[2026-05-19 04:29:17] local.INFO: ParseBearerToken middleware invoked {"path":"/api/v2/campaign","method":"GET","has_auth_header":true,"auth_header_preview":"Bearer 171|K7b9U4PgNUTaGbhtLCl...","is_bearer":true} 
[2026-05-19 04:29:17] local.INFO: Extracted bearer token {"token_preview":"171|K7b9U4...","token_length":52} 
[2026-05-19 04:29:17] local.INFO: Found personal access token {"token_id":171,"user_id":68,"revoked":null} 
[2026-05-19 04:29:17] local.INFO: User authenticated via bearer token {"user_id":68,"user_email":"freelancerzahedcreator@gmail.com"} 
[2026-05-19 04:29:17] local.INFO: Returning campaigns for user {"user_id":68,"campaign_count":9,"statuses":["draft","live","draft","draft","draft","draft","live","live","draft"]} 
[2026-05-19 04:29:47] local.INFO: ParseBearerToken middleware invoked {"path":"/api/v2/campaign","method":"GET","has_auth_header":true,"auth_header_preview":"Bearer 171|K7b9U4PgNUTaGbhtLCl...","is_bearer":true} 
[2026-05-19 04:29:47] local.INFO: Extracted bearer token {"token_preview":"171|K7b9U4...","token_length":52} 
[2026-05-19 04:29:47] local.INFO: Found personal access token {"token_id":171,"user_id":68,"revoked":null} 
[2026-05-19 04:29:47] local.INFO: User authenticated via bearer token {"user_id":68,"user_email":"freelancerzahedcreator@gmail.com"} 
[2026-05-19 04:29:47] local.INFO: Returning campaigns for user {"user_id":68,"campaign_count":9,"statuses":["draft","live","draft","draft","draft","draft","live","live","draft"]} 
[2026-05-19 04:30:17] local.INFO: ParseBearerToken middleware invoked {"path":"/api/v2/campaign","method":"GET","has_auth_header":true,"auth_header_preview":"Bearer 171|K7b9U4PgNUTaGbhtLCl...","is_bearer":true} 
[2026-05-19 04:30:17] local.INFO: Extracted bearer token {"token_preview":"171|K7b9U4...","token_length":52} 
[2026-05-19 04:30:17] local.INFO: Found personal access token {"token_id":171,"user_id":68,"revoked":null} 
[2026-05-19 04:30:17] local.INFO: User authenticated via bearer token {"user_id":68,"user_email":"freelancerzahedcreator@gmail.com"} 
[2026-05-19 04:30:17] local.INFO: Returning campaigns for user {"user_id":68,"campaign_count":9,"statuses":["draft","live","draft","draft","draft","draft","live","live","draft"]} 
[2026-05-19 04:30:47] local.INFO: ParseBearerToken middleware invoked {"path":"/api/v2/campaign","method":"GET","has_auth_header":true,"auth_header_preview":"Bearer 171|K7b9U4PgNUTaGbhtLCl...","is_bearer":true} 
[2026-05-19 04:30:47] local.INFO: Extracted bearer token {"token_preview":"171|K7b9U4...","token_length":52} 
[2026-05-19 04:30:47] local.INFO: Found personal access token {"token_id":171,"user_id":68,"revoked":null} 
[2026-05-19 04:30:47] local.INFO: User authenticated via bearer token {"user_id":68,"user_email":"freelancerzahedcreator@gmail.com"} 
[2026-05-19 04:30:47] local.INFO: Returning campaigns for user {"user_id":68,"campaign_count":9,"statuses":["draft","live","draft","draft","draft","draft","live","live","draft"]} 
[2026-05-19 04:31:17] local.INFO: ParseBearerToken middleware invoked {"path":"/api/v2/campaign","method":"GET","has_auth_header":true,"auth_header_preview":"Bearer 171|K7b9U4PgNUTaGbhtLCl...","is_bearer":true} 
[2026-05-19 04:31:17] local.INFO: Extracted bearer token {"token_preview":"171|K7b9U4...","token_length":52} 
[2026-05-19 04:31:17] local.INFO: Found personal access token {"token_id":171,"user_id":68,"revoked":null} 
[2026-05-19 04:31:17] local.INFO: User authenticated via bearer token {"user_id":68,"user_email":"freelancerzahedcreator@gmail.com"} 
[2026-05-19 04:31:17] local.INFO: Returning campaigns for user {"user_id":68,"campaign_count":9,"statuses":["draft","live","draft","draft","draft","draft","live","live","draft"]} 
[2026-05-19 04:31:47] local.INFO: ParseBearerToken middleware invoked {"path":"/api/v2/campaign","method":"GET","has_auth_header":true,"auth_header_preview":"Bearer 171|K7b9U4PgNUTaGbhtLCl...","is_bearer":true} 
[2026-05-19 04:31:47] local.INFO: Extracted bearer token {"token_preview":"171|K7b9U4...","token_length":52} 
[2026-05-19 04:31:47] local.INFO: Found personal access token {"token_id":171,"user_id":68,"revoked":null} 
[2026-05-19 04:31:47] local.INFO: User authenticated via bearer token {"user_id":68,"user_email":"freelancerzahedcreator@gmail.com"} 
[2026-05-19 04:31:47] local.INFO: Returning campaigns for user {"user_id":68,"campaign_count":9,"statuses":["draft","live","draft","draft","draft","draft","live","live","draft"]} 
[2026-05-19 04:32:17] local.INFO: ParseBearerToken middleware invoked {"path":"/api/v2/campaign","method":"GET","has_auth_header":true,"auth_header_preview":"Bearer 171|K7b9U4PgNUTaGbhtLCl...","is_bearer":true} 
[2026-05-19 04:32:17] local.INFO: Extracted bearer token {"token_preview":"171|K7b9U4...","token_length":52} 
[2026-05-19 04:32:17] local.INFO: Found personal access token {"token_id":171,"user_id":68,"revoked":null} 
[2026-05-19 04:32:17] local.INFO: User authenticated via bearer token {"user_id":68,"user_email":"freelancerzahedcreator@gmail.com"} 
[2026-05-19 04:32:17] local.INFO: Returning campaigns for user {"user_id":68,"campaign_count":9,"statuses":["draft","live","draft","draft","draft","draft","live","live","draft"]} 
[2026-05-19 04:32:47] local.INFO: ParseBearerToken middleware invoked {"path":"/api/v2/campaign","method":"GET","has_auth_header":true,"auth_header_preview":"Bearer 171|K7b9U4PgNUTaGbhtLCl...","is_bearer":true} 
[2026-05-19 04:32:47] local.INFO: Extracted bearer token {"token_preview":"171|K7b9U4...","token_length":52} 
[2026-05-19 04:32:47] local.INFO: Found personal access token {"token_id":171,"user_id":68,"revoked":null} 
[2026-05-19 04:32:47] local.INFO: User authenticated via bearer token {"user_id":68,"user_email":"freelancerzahedcreator@gmail.com"} 
[2026-05-19 04:32:47] local.INFO: Returning campaigns for user {"user_id":68,"campaign_count":9,"statuses":["draft","live","draft","draft","draft","draft","live","live","draft"]} 
[2026-05-19 04:33:17] local.INFO: ParseBearerToken middleware invoked {"path":"/api/v2/campaign","method":"GET","has_auth_header":true,"auth_header_preview":"Bearer 171|K7b9U4PgNUTaGbhtLCl...","is_bearer":true} 
[2026-05-19 04:33:17] local.INFO: Extracted bearer token {"token_preview":"171|K7b9U4...","token_length":52} 
[2026-05-19 04:33:17] local.INFO: Found personal access token {"token_id":171,"user_id":68,"revoked":null} 
[2026-05-19 04:33:17] local.INFO: User authenticated via bearer token {"user_id":68,"user_email":"freelancerzahedcreator@gmail.com"} 
[2026-05-19 04:33:17] local.INFO: Returning campaigns for user {"user_id":68,"campaign_count":9,"statuses":["draft","live","draft","draft","draft","draft","live","live","draft"]} 
[2026-05-19 04:33:47] local.INFO: ParseBearerToken middleware invoked {"path":"/api/v2/campaign","method":"GET","has_auth_header":true,"auth_header_preview":"Bearer 171|K7b9U4PgNUTaGbhtLCl...","is_bearer":true} 
[2026-05-19 04:33:47] local.INFO: Extracted bearer token {"token_preview":"171|K7b9U4...","token_length":52} 
[2026-05-19 04:33:47] local.INFO: Found personal access token {"token_id":171,"user_id":68,"revoked":null} 
[2026-05-19 04:33:47] local.INFO: User authenticated via bearer token {"user_id":68,"user_email":"freelancerzahedcreator@gmail.com"} 
[2026-05-19 04:33:47] local.INFO: Returning campaigns for user {"user_id":68,"campaign_count":9,"statuses":["draft","live","draft","draft","draft","draft","live","live","draft"]} 
[2026-05-19 04:34:17] local.INFO: ParseBearerToken middleware invoked {"path":"/api/v2/campaign","method":"GET","has_auth_header":true,"auth_header_preview":"Bearer 171|K7b9U4PgNUTaGbhtLCl...","is_bearer":true} 
[2026-05-19 04:34:17] local.INFO: Extracted bearer token {"token_preview":"171|K7b9U4...","token_length":52} 
[2026-05-19 04:34:17] local.INFO: Found personal access token {"token_id":171,"user_id":68,"revoked":null} 
[2026-05-19 04:34:17] local.INFO: User authenticated via bearer token {"user_id":68,"user_email":"freelancerzahedcreator@gmail.com"} 
[2026-05-19 04:34:17] local.INFO: Returning campaigns for user {"user_id":68,"campaign_count":9,"statuses":["draft","live","draft","draft","draft","draft","live","live","draft"]} 
[2026-05-19 04:34:47] local.INFO: ParseBearerToken middleware invoked {"path":"/api/v2/campaign","method":"GET","has_auth_header":true,"auth_header_preview":"Bearer 171|K7b9U4PgNUTaGbhtLCl...","is_bearer":true} 
[2026-05-19 04:34:47] local.INFO: Extracted bearer token {"token_preview":"171|K7b9U4...","token_length":52} 
[2026-05-19 04:34:47] local.INFO: Found personal access token {"token_id":171,"user_id":68,"revoked":null} 
[2026-05-19 04:34:47] local.INFO: User authenticated via bearer token {"user_id":68,"user_email":"freelancerzahedcreator@gmail.com"} 
[2026-05-19 04:34:47] local.INFO: Returning campaigns for user {"user_id":68,"campaign_count":9,"statuses":["draft","live","draft","draft","draft","draft","live","live","draft"]} 
[2026-05-19 04:35:17] local.INFO: ParseBearerToken middleware invoked {"path":"/api/v2/campaign","method":"GET","has_auth_header":true,"auth_header_preview":"Bearer 171|K7b9U4PgNUTaGbhtLCl...","is_bearer":true} 
[2026-05-19 04:35:17] local.INFO: Extracted bearer token {"token_preview":"171|K7b9U4...","token_length":52} 
[2026-05-19 04:35:17] local.INFO: Found personal access token {"token_id":171,"user_id":68,"revoked":null} 
[2026-05-19 04:35:17] local.INFO: User authenticated via bearer token {"user_id":68,"user_email":"freelancerzahedcreator@gmail.com"} 
[2026-05-19 04:35:17] local.INFO: Returning campaigns for user {"user_id":68,"campaign_count":9,"statuses":["draft","live","draft","draft","draft","draft","live","live","draft"]} 
[2026-05-19 04:35:47] local.INFO: ParseBearerToken middleware invoked {"path":"/api/v2/campaign","method":"GET","has_auth_header":true,"auth_header_preview":"Bearer 171|K7b9U4PgNUTaGbhtLCl...","is_bearer":true} 
[2026-05-19 04:35:47] local.INFO: Extracted bearer token {"token_preview":"171|K7b9U4...","token_length":52} 
[2026-05-19 04:35:47] local.INFO: Found personal access token {"token_id":171,"user_id":68,"revoked":null} 
[2026-05-19 04:35:47] local.INFO: User authenticated via bearer token {"user_id":68,"user_email":"freelancerzahedcreator@gmail.com"} 
[2026-05-19 04:35:47] local.INFO: Returning campaigns for user {"user_id":68,"campaign_count":9,"statuses":["draft","live","draft","draft","draft","draft","live","live","draft"]} 
[2026-05-19 04:36:17] local.INFO: ParseBearerToken middleware invoked {"path":"/api/v2/campaign","method":"GET","has_auth_header":true,"auth_header_preview":"Bearer 171|K7b9U4PgNUTaGbhtLCl...","is_bearer":true} 
[2026-05-19 04:36:17] local.INFO: Extracted bearer token {"token_preview":"171|K7b9U4...","token_length":52} 
[2026-05-19 04:36:17] local.INFO: Found personal access token {"token_id":171,"user_id":68,"revoked":null} 
[2026-05-19 04:36:17] local.INFO: User authenticated via bearer token {"user_id":68,"user_email":"freelancerzahedcreator@gmail.com"} 
[2026-05-19 04:36:17] local.INFO: Returning campaigns for user {"user_id":68,"campaign_count":9,"statuses":["draft","live","draft","draft","draft","draft","live","live","draft"]} 
[2026-05-19 04:36:47] local.INFO: ParseBearerToken middleware invoked {"path":"/api/v2/campaign","method":"GET","has_auth_header":true,"auth_header_preview":"Bearer 171|K7b9U4PgNUTaGbhtLCl...","is_bearer":true} 
[2026-05-19 04:36:47] local.INFO: Extracted bearer token {"token_preview":"171|K7b9U4...","token_length":52} 
[2026-05-19 04:36:47] local.INFO: Found personal access token {"token_id":171,"user_id":68,"revoked":null} 
[2026-05-19 04:36:47] local.INFO: User authenticated via bearer token {"user_id":68,"user_email":"freelancerzahedcreator@gmail.com"} 
[2026-05-19 04:36:47] local.INFO: Returning campaigns for user {"user_id":68,"campaign_count":9,"statuses":["draft","live","draft","draft","draft","draft","live","live","draft"]} 
[2026-05-19 04:37:17] local.INFO: ParseBearerToken middleware invoked {"path":"/api/v2/campaign","method":"GET","has_auth_header":true,"auth_header_preview":"Bearer 171|K7b9U4PgNUTaGbhtLCl...","is_bearer":true} 
[2026-05-19 04:37:17] local.INFO: Extracted bearer token {"token_preview":"171|K7b9U4...","token_length":52} 
[2026-05-19 04:37:17] local.INFO: Found personal access token {"token_id":171,"user_id":68,"revoked":null} 
[2026-05-19 04:37:17] local.INFO: User authenticated via bearer token {"user_id":68,"user_email":"freelancerzahedcreator@gmail.com"} 
[2026-05-19 04:37:17] local.INFO: Returning campaigns for user {"user_id":68,"campaign_count":9,"statuses":["draft","live","draft","draft","draft","draft","live","live","draft"]} 
[2026-05-19 04:37:47] local.INFO: ParseBearerToken middleware invoked {"path":"/api/v2/campaign","method":"GET","has_auth_header":true,"auth_header_preview":"Bearer 171|K7b9U4PgNUTaGbhtLCl...","is_bearer":true} 
[2026-05-19 04:37:47] local.INFO: Extracted bearer token {"token_preview":"171|K7b9U4...","token_length":52} 
[2026-05-19 04:37:47] local.INFO: Found personal access token {"token_id":171,"user_id":68,"revoked":null} 
[2026-05-19 04:37:47] local.INFO: User authenticated via bearer token {"user_id":68,"user_email":"freelancerzahedcreator@gmail.com"} 
[2026-05-19 04:37:47] local.INFO: Returning campaigns for user {"user_id":68,"campaign_count":9,"statuses":["draft","live","draft","draft","draft","draft","live","live","draft"]} 
[2026-05-19 04:38:17] local.INFO: ParseBearerToken middleware invoked {"path":"/api/v2/campaign","method":"GET","has_auth_header":true,"auth_header_preview":"Bearer 171|K7b9U4PgNUTaGbhtLCl...","is_bearer":true} 
[2026-05-19 04:38:17] local.INFO: Extracted bearer token {"token_preview":"171|K7b9U4...","token_length":52} 
[2026-05-19 04:38:17] local.INFO: Found personal access token {"token_id":171,"user_id":68,"revoked":null} 
[2026-05-19 04:38:17] local.INFO: User authenticated via bearer token {"user_id":68,"user_email":"freelancerzahedcreator@gmail.com"} 
[2026-05-19 04:38:17] local.INFO: Returning campaigns for user {"user_id":68,"campaign_count":9,"statuses":["draft","live","draft","draft","draft","draft","live","live","draft"]} 
[2026-05-19 04:38:47] local.INFO: ParseBearerToken middleware invoked {"path":"/api/v2/campaign","method":"GET","has_auth_header":true,"auth_header_preview":"Bearer 171|K7b9U4PgNUTaGbhtLCl...","is_bearer":true} 
[2026-05-19 04:38:47] local.INFO: Extracted bearer token {"token_preview":"171|K7b9U4...","token_length":52} 
[2026-05-19 04:38:47] local.INFO: Found personal access token {"token_id":171,"user_id":68,"revoked":null} 
[2026-05-19 04:38:47] local.INFO: User authenticated via bearer token {"user_id":68,"user_email":"freelancerzahedcreator@gmail.com"} 
[2026-05-19 04:38:47] local.INFO: Returning campaigns for user {"user_id":68,"campaign_count":9,"statuses":["draft","live","draft","draft","draft","draft","live","live","draft"]} 
[2026-05-19 04:39:17] local.INFO: ParseBearerToken middleware invoked {"path":"/api/v2/campaign","method":"GET","has_auth_header":true,"auth_header_preview":"Bearer 171|K7b9U4PgNUTaGbhtLCl...","is_bearer":true} 
[2026-05-19 04:39:17] local.INFO: Extracted bearer token {"token_preview":"171|K7b9U4...","token_length":52} 
[2026-05-19 04:39:17] local.INFO: Found personal access token {"token_id":171,"user_id":68,"revoked":null} 
[2026-05-19 04:39:17] local.INFO: User authenticated via bearer token {"user_id":68,"user_email":"freelancerzahedcreator@gmail.com"} 
[2026-05-19 04:39:17] local.INFO: Returning campaigns for user {"user_id":68,"campaign_count":9,"statuses":["draft","live","draft","draft","draft","draft","live","live","draft"]} 
[2026-05-19 04:39:47] local.INFO: ParseBearerToken middleware invoked {"path":"/api/v2/campaign","method":"GET","has_auth_header":true,"auth_header_preview":"Bearer 171|K7b9U4PgNUTaGbhtLCl...","is_bearer":true} 
[2026-05-19 04:39:47] local.INFO: Extracted bearer token {"token_preview":"171|K7b9U4...","token_length":52} 
[2026-05-19 04:39:47] local.INFO: Found personal access token {"token_id":171,"user_id":68,"revoked":null} 
[2026-05-19 04:39:47] local.INFO: User authenticated via bearer token {"user_id":68,"user_email":"freelancerzahedcreator@gmail.com"} 
[2026-05-19 04:39:47] local.INFO: Returning campaigns for user {"user_id":68,"campaign_count":9,"statuses":["draft","live","draft","draft","draft","draft","live","live","draft"]} 
[2026-05-19 04:40:17] local.INFO: ParseBearerToken middleware invoked {"path":"/api/v2/campaign","method":"GET","has_auth_header":true,"auth_header_preview":"Bearer 171|K7b9U4PgNUTaGbhtLCl...","is_bearer":true} 
[2026-05-19 04:40:17] local.INFO: Extracted bearer token {"token_preview":"171|K7b9U4...","token_length":52} 
[2026-05-19 04:40:17] local.INFO: Found personal access token {"token_id":171,"user_id":68,"revoked":null} 
[2026-05-19 04:40:17] local.INFO: User authenticated via bearer token {"user_id":68,"user_email":"freelancerzahedcreator@gmail.com"} 
[2026-05-19 04:40:17] local.INFO: Returning campaigns for user {"user_id":68,"campaign_count":9,"statuses":["draft","live","draft","draft","draft","draft","live","live","draft"]} 
[2026-05-19 04:40:47] local.INFO: ParseBearerToken middleware invoked {"path":"/api/v2/campaign","method":"GET","has_auth_header":true,"auth_header_preview":"Bearer 171|K7b9U4PgNUTaGbhtLCl...","is_bearer":true} 
[2026-05-19 04:40:47] local.INFO: Extracted bearer token {"token_preview":"171|K7b9U4...","token_length":52} 
[2026-05-19 04:40:47] local.INFO: Found personal access token {"token_id":171,"user_id":68,"revoked":null} 
[2026-05-19 04:40:47] local.INFO: User authenticated via bearer token {"user_id":68,"user_email":"freelancerzahedcreator@gmail.com"} 
[2026-05-19 04:40:47] local.INFO: Returning campaigns for user {"user_id":68,"campaign_count":9,"statuses":["draft","live","draft","draft","draft","draft","live","live","draft"]} 
[2026-05-19 04:41:17] local.INFO: ParseBearerToken middleware invoked {"path":"/api/v2/campaign","method":"GET","has_auth_header":true,"auth_header_preview":"Bearer 171|K7b9U4PgNUTaGbhtLCl...","is_bearer":true} 
[2026-05-19 04:41:17] local.INFO: Extracted bearer token {"token_preview":"171|K7b9U4...","token_length":52} 
[2026-05-19 04:41:17] local.INFO: Found personal access token {"token_id":171,"user_id":68,"revoked":null} 
[2026-05-19 04:41:17] local.INFO: User authenticated via bearer token {"user_id":68,"user_email":"freelancerzahedcreator@gmail.com"} 
[2026-05-19 04:41:17] local.INFO: Returning campaigns for user {"user_id":68,"campaign_count":9,"statuses":["draft","live","draft","draft","draft","draft","live","live","draft"]} 
[2026-05-19 04:41:47] local.INFO: ParseBearerToken middleware invoked {"path":"/api/v2/campaign","method":"GET","has_auth_header":true,"auth_header_preview":"Bearer 171|K7b9U4PgNUTaGbhtLCl...","is_bearer":true} 
[2026-05-19 04:41:47] local.INFO: Extracted bearer token {"token_preview":"171|K7b9U4...","token_length":52} 
[2026-05-19 04:41:47] local.INFO: Found personal access token {"token_id":171,"user_id":68,"revoked":null} 
[2026-05-19 04:41:47] local.INFO: User authenticated via bearer token {"user_id":68,"user_email":"freelancerzahedcreator@gmail.com"} 
[2026-05-19 04:41:47] local.INFO: Returning campaigns for user {"user_id":68,"campaign_count":9,"statuses":["draft","live","draft","draft","draft","draft","live","live","draft"]} 
[2026-05-19 04:42:17] local.INFO: ParseBearerToken middleware invoked {"path":"/api/v2/campaign","method":"GET","has_auth_header":true,"auth_header_preview":"Bearer 171|K7b9U4PgNUTaGbhtLCl...","is_bearer":true} 
[2026-05-19 04:42:17] local.INFO: Extracted bearer token {"token_preview":"171|K7b9U4...","token_length":52} 
[2026-05-19 04:42:17] local.INFO: Found personal access token {"token_id":171,"user_id":68,"revoked":null} 
[2026-05-19 04:42:17] local.INFO: User authenticated via bearer token {"user_id":68,"user_email":"freelancerzahedcreator@gmail.com"} 
[2026-05-19 04:42:17] local.INFO: Returning campaigns for user {"user_id":68,"campaign_count":9,"statuses":["draft","live","draft","draft","draft","draft","live","live","draft"]} 
[2026-05-19 04:42:47] local.INFO: ParseBearerToken middleware invoked {"path":"/api/v2/campaign","method":"GET","has_auth_header":true,"auth_header_preview":"Bearer 171|K7b9U4PgNUTaGbhtLCl...","is_bearer":true} 
[2026-05-19 04:42:47] local.INFO: Extracted bearer token {"token_preview":"171|K7b9U4...","token_length":52} 
[2026-05-19 04:42:47] local.INFO: Found personal access token {"token_id":171,"user_id":68,"revoked":null} 
[2026-05-19 04:42:47] local.INFO: User authenticated via bearer token {"user_id":68,"user_email":"freelancerzahedcreator@gmail.com"} 
[2026-05-19 04:42:47] local.INFO: Returning campaigns for user {"user_id":68,"campaign_count":9,"statuses":["draft","live","draft","draft","draft","draft","live","live","draft"]} 
[2026-05-19 04:43:17] local.INFO: ParseBearerToken middleware invoked {"path":"/api/v2/campaign","method":"GET","has_auth_header":true,"auth_header_preview":"Bearer 171|K7b9U4PgNUTaGbhtLCl...","is_bearer":true} 
[2026-05-19 04:43:17] local.INFO: Extracted bearer token {"token_preview":"171|K7b9U4...","token_length":52} 
[2026-05-19 04:43:17] local.INFO: Found personal access token {"token_id":171,"user_id":68,"revoked":null} 
[2026-05-19 04:43:17] local.INFO: User authenticated via bearer token {"user_id":68,"user_email":"freelancerzahedcreator@gmail.com"} 
[2026-05-19 04:43:17] local.INFO: Returning campaigns for user {"user_id":68,"campaign_count":9,"statuses":["draft","live","draft","draft","draft","draft","live","live","draft"]} 
[2026-05-19 04:43:47] local.INFO: ParseBearerToken middleware invoked {"path":"/api/v2/campaign","method":"GET","has_auth_header":true,"auth_header_preview":"Bearer 171|K7b9U4PgNUTaGbhtLCl...","is_bearer":true} 
[2026-05-19 04:43:47] local.INFO: Extracted bearer token {"token_preview":"171|K7b9U4...","token_length":52} 
[2026-05-19 04:43:47] local.INFO: Found personal access token {"token_id":171,"user_id":68,"revoked":null} 
[2026-05-19 04:43:47] local.INFO: User authenticated via bearer token {"user_id":68,"user_email":"freelancerzahedcreator@gmail.com"} 
[2026-05-19 04:43:47] local.INFO: Returning campaigns for user {"user_id":68,"campaign_count":9,"statuses":["draft","live","draft","draft","draft","draft","live","live","draft"]} 
[2026-05-19 04:44:17] local.INFO: ParseBearerToken middleware invoked {"path":"/api/v2/campaign","method":"GET","has_auth_header":true,"auth_header_preview":"Bearer 171|K7b9U4PgNUTaGbhtLCl...","is_bearer":true} 
[2026-05-19 04:44:17] local.INFO: Extracted bearer token {"token_preview":"171|K7b9U4...","token_length":52} 
[2026-05-19 04:44:17] local.INFO: Found personal access token {"token_id":171,"user_id":68,"revoked":null} 
[2026-05-19 04:44:17] local.INFO: User authenticated via bearer token {"user_id":68,"user_email":"freelancerzahedcreator@gmail.com"} 
[2026-05-19 04:44:17] local.INFO: Returning campaigns for user {"user_id":68,"campaign_count":9,"statuses":["draft","live","draft","draft","draft","draft","live","live","draft"]} 
[2026-05-19 04:44:47] local.INFO: ParseBearerToken middleware invoked {"path":"/api/v2/campaign","method":"GET","has_auth_header":true,"auth_header_preview":"Bearer 171|K7b9U4PgNUTaGbhtLCl...","is_bearer":true} 
[2026-05-19 04:44:47] local.INFO: Extracted bearer token {"token_preview":"171|K7b9U4...","token_length":52} 
[2026-05-19 04:44:47] local.INFO: Found personal access token {"token_id":171,"user_id":68,"revoked":null} 
[2026-05-19 04:44:47] local.INFO: User authenticated via bearer token {"user_id":68,"user_email":"freelancerzahedcreator@gmail.com"} 
[2026-05-19 04:44:47] local.INFO: Returning campaigns for user {"user_id":68,"campaign_count":9,"statuses":["draft","live","draft","draft","draft","draft","live","live","draft"]} 
[2026-05-19 04:45:17] local.INFO: ParseBearerToken middleware invoked {"path":"/api/v2/campaign","method":"GET","has_auth_header":true,"auth_header_preview":"Bearer 171|K7b9U4PgNUTaGbhtLCl...","is_bearer":true} 
[2026-05-19 04:45:17] local.INFO: Extracted bearer token {"token_preview":"171|K7b9U4...","token_length":52} 
[2026-05-19 04:45:17] local.INFO: Found personal access token {"token_id":171,"user_id":68,"revoked":null} 
[2026-05-19 04:45:17] local.INFO: User authenticated via bearer token {"user_id":68,"user_email":"freelancerzahedcreator@gmail.com"} 
[2026-05-19 04:45:17] local.INFO: Returning campaigns for user {"user_id":68,"campaign_count":9,"statuses":["draft","live","draft","draft","draft","draft","live","live","draft"]} 
[2026-05-19 04:45:47] local.INFO: ParseBearerToken middleware invoked {"path":"/api/v2/campaign","method":"GET","has_auth_header":true,"auth_header_preview":"Bearer 171|K7b9U4PgNUTaGbhtLCl...","is_bearer":true} 
[2026-05-19 04:45:47] local.INFO: Extracted bearer token {"token_preview":"171|K7b9U4...","token_length":52} 
[2026-05-19 04:45:47] local.INFO: Found personal access token {"token_id":171,"user_id":68,"revoked":null} 
[2026-05-19 04:45:47] local.INFO: User authenticated via bearer token {"user_id":68,"user_email":"freelancerzahedcreator@gmail.com"} 
[2026-05-19 04:45:47] local.INFO: Returning campaigns for user {"user_id":68,"campaign_count":9,"statuses":["draft","live","draft","draft","draft","draft","live","live","draft"]} 
[2026-05-19 04:46:17] local.INFO: ParseBearerToken middleware invoked {"path":"/api/v2/campaign","method":"GET","has_auth_header":true,"auth_header_preview":"Bearer 171|K7b9U4PgNUTaGbhtLCl...","is_bearer":true} 
[2026-05-19 04:46:17] local.INFO: Extracted bearer token {"token_preview":"171|K7b9U4...","token_length":52} 
[2026-05-19 04:46:17] local.INFO: Found personal access token {"token_id":171,"user_id":68,"revoked":null} 
[2026-05-19 04:46:17] local.INFO: User authenticated via bearer token {"user_id":68,"user_email":"freelancerzahedcreator@gmail.com"} 
[2026-05-19 04:46:17] local.INFO: Returning campaigns for user {"user_id":68,"campaign_count":9,"statuses":["draft","live","draft","draft","draft","draft","live","live","draft"]} 
[2026-05-19 04:46:47] local.INFO: ParseBearerToken middleware invoked {"path":"/api/v2/campaign","method":"GET","has_auth_header":true,"auth_header_preview":"Bearer 171|K7b9U4PgNUTaGbhtLCl...","is_bearer":true} 
[2026-05-19 04:46:47] local.INFO: Extracted bearer token {"token_preview":"171|K7b9U4...","token_length":52} 
[2026-05-19 04:46:47] local.INFO: Found personal access token {"token_id":171,"user_id":68,"revoked":null} 
[2026-05-19 04:46:47] local.INFO: User authenticated via bearer token {"user_id":68,"user_email":"freelancerzahedcreator@gmail.com"} 
[2026-05-19 04:46:47] local.INFO: Returning campaigns for user {"user_id":68,"campaign_count":9,"statuses":["draft","live","draft","draft","draft","draft","live","live","draft"]} 
[2026-05-19 04:47:17] local.INFO: ParseBearerToken middleware invoked {"path":"/api/v2/campaign","method":"GET","has_auth_header":true,"auth_header_preview":"Bearer 171|K7b9U4PgNUTaGbhtLCl...","is_bearer":true} 
[2026-05-19 04:47:17] local.INFO: Extracted bearer token {"token_preview":"171|K7b9U4...","token_length":52} 
[2026-05-19 04:47:17] local.INFO: Found personal access token {"token_id":171,"user_id":68,"revoked":null} 
[2026-05-19 04:47:17] local.INFO: User authenticated via bearer token {"user_id":68,"user_email":"freelancerzahedcreator@gmail.com"} 
[2026-05-19 04:47:17] local.INFO: Returning campaigns for user {"user_id":68,"campaign_count":9,"statuses":["draft","live","draft","draft","draft","draft","live","live","draft"]} 
[2026-05-19 04:47:47] local.INFO: ParseBearerToken middleware invoked {"path":"/api/v2/campaign","method":"GET","has_auth_header":true,"auth_header_preview":"Bearer 171|K7b9U4PgNUTaGbhtLCl...","is_bearer":true} 
[2026-05-19 04:47:47] local.INFO: Extracted bearer token {"token_preview":"171|K7b9U4...","token_length":52} 
[2026-05-19 04:47:47] local.INFO: Found personal access token {"token_id":171,"user_id":68,"revoked":null} 
[2026-05-19 04:47:47] local.INFO: User authenticated via bearer token {"user_id":68,"user_email":"freelancerzahedcreator@gmail.com"} 
[2026-05-19 04:47:47] local.INFO: Returning campaigns for user {"user_id":68,"campaign_count":9,"statuses":["draft","live","draft","draft","draft","draft","live","live","draft"]} 
[2026-05-19 04:48:17] local.INFO: ParseBearerToken middleware invoked {"path":"/api/v2/campaign","method":"GET","has_auth_header":true,"auth_header_preview":"Bearer 171|K7b9U4PgNUTaGbhtLCl...","is_bearer":true} 
[2026-05-19 04:48:17] local.INFO: Extracted bearer token {"token_preview":"171|K7b9U4...","token_length":52} 
[2026-05-19 04:48:17] local.INFO: Found personal access token {"token_id":171,"user_id":68,"revoked":null} 
[2026-05-19 04:48:17] local.INFO: User authenticated via bearer token {"user_id":68,"user_email":"freelancerzahedcreator@gmail.com"} 
[2026-05-19 04:48:17] local.INFO: Returning campaigns for user {"user_id":68,"campaign_count":9,"statuses":["draft","live","draft","draft","draft","draft","live","live","draft"]} 
[2026-05-19 04:48:47] local.INFO: ParseBearerToken middleware invoked {"path":"/api/v2/campaign","method":"GET","has_auth_header":true,"auth_header_preview":"Bearer 171|K7b9U4PgNUTaGbhtLCl...","is_bearer":true} 
[2026-05-19 04:48:47] local.INFO: Extracted bearer token {"token_preview":"171|K7b9U4...","token_length":52} 
[2026-05-19 04:48:47] local.INFO: Found personal access token {"token_id":171,"user_id":68,"revoked":null} 
[2026-05-19 04:48:47] local.INFO: User authenticated via bearer token {"user_id":68,"user_email":"freelancerzahedcreator@gmail.com"} 
[2026-05-19 04:48:47] local.INFO: Returning campaigns for user {"user_id":68,"campaign_count":9,"statuses":["draft","live","draft","draft","draft","draft","live","live","draft"]} 
[2026-05-19 04:49:17] local.INFO: ParseBearerToken middleware invoked {"path":"/api/v2/campaign","method":"GET","has_auth_header":true,"auth_header_preview":"Bearer 171|K7b9U4PgNUTaGbhtLCl...","is_bearer":true} 
[2026-05-19 04:49:17] local.INFO: Extracted bearer token {"token_preview":"171|K7b9U4...","token_length":52} 
[2026-05-19 04:49:17] local.INFO: Found personal access token {"token_id":171,"user_id":68,"revoked":null} 
[2026-05-19 04:49:17] local.INFO: User authenticated via bearer token {"user_id":68,"user_email":"freelancerzahedcreator@gmail.com"} 
[2026-05-19 04:49:17] local.INFO: Returning campaigns for user {"user_id":68,"campaign_count":9,"statuses":["draft","live","draft","draft","draft","draft","live","live","draft"]} 
[2026-05-19 04:49:47] local.INFO: ParseBearerToken middleware invoked {"path":"/api/v2/campaign","method":"GET","has_auth_header":true,"auth_header_preview":"Bearer 171|K7b9U4PgNUTaGbhtLCl...","is_bearer":true} 
[2026-05-19 04:49:47] local.INFO: Extracted bearer token {"token_preview":"171|K7b9U4...","token_length":52} 
[2026-05-19 04:49:47] local.INFO: Found personal access token {"token_id":171,"user_id":68,"revoked":null} 
[2026-05-19 04:49:47] local.INFO: User authenticated via bearer token {"user_id":68,"user_email":"freelancerzahedcreator@gmail.com"} 
[2026-05-19 04:49:47] local.INFO: Returning campaigns for user {"user_id":68,"campaign_count":9,"statuses":["draft","live","draft","draft","draft","draft","live","live","draft"]} 
[2026-05-19 04:50:17] local.INFO: ParseBearerToken middleware invoked {"path":"/api/v2/campaign","method":"GET","has_auth_header":true,"auth_header_preview":"Bearer 171|K7b9U4PgNUTaGbhtLCl...","is_bearer":true} 
[2026-05-19 04:50:17] local.INFO: Extracted bearer token {"token_preview":"171|K7b9U4...","token_length":52} 
[2026-05-19 04:50:17] local.INFO: Found personal access token {"token_id":171,"user_id":68,"revoked":null} 
[2026-05-19 04:50:17] local.INFO: User authenticated via bearer token {"user_id":68,"user_email":"freelancerzahedcreator@gmail.com"} 
[2026-05-19 04:50:17] local.INFO: Returning campaigns for user {"user_id":68,"campaign_count":9,"statuses":["draft","live","draft","draft","draft","draft","live","live","draft"]} 
[2026-05-19 04:50:47] local.INFO: ParseBearerToken middleware invoked {"path":"/api/v2/campaign","method":"GET","has_auth_header":true,"auth_header_preview":"Bearer 171|K7b9U4PgNUTaGbhtLCl...","is_bearer":true} 
[2026-05-19 04:50:47] local.INFO: Extracted bearer token {"token_preview":"171|K7b9U4...","token_length":52} 
[2026-05-19 04:50:47] local.INFO: Found personal access token {"token_id":171,"user_id":68,"revoked":null} 
[2026-05-19 04:50:47] local.INFO: User authenticated via bearer token {"user_id":68,"user_email":"freelancerzahedcreator@gmail.com"} 
[2026-05-19 04:50:47] local.INFO: Returning campaigns for user {"user_id":68,"campaign_count":9,"statuses":["draft","live","draft","draft","draft","draft","live","live","draft"]} 
[2026-05-19 04:51:17] local.INFO: ParseBearerToken middleware invoked {"path":"/api/v2/campaign","method":"GET","has_auth_header":true,"auth_header_preview":"Bearer 171|K7b9U4PgNUTaGbhtLCl...","is_bearer":true} 
[2026-05-19 04:51:17] local.INFO: Extracted bearer token {"token_preview":"171|K7b9U4...","token_length":52} 
[2026-05-19 04:51:17] local.INFO: Found personal access token {"token_id":171,"user_id":68,"revoked":null} 
[2026-05-19 04:51:17] local.INFO: User authenticated via bearer token {"user_id":68,"user_email":"freelancerzahedcreator@gmail.com"} 
[2026-05-19 04:51:17] local.INFO: Returning campaigns for user {"user_id":68,"campaign_count":9,"statuses":["draft","live","draft","draft","draft","draft","live","live","draft"]} 
[2026-05-19 04:51:47] local.INFO: ParseBearerToken middleware invoked {"path":"/api/v2/campaign","method":"GET","has_auth_header":true,"auth_header_preview":"Bearer 171|K7b9U4PgNUTaGbhtLCl...","is_bearer":true} 
[2026-05-19 04:51:47] local.INFO: Extracted bearer token {"token_preview":"171|K7b9U4...","token_length":52} 
[2026-05-19 04:51:47] local.INFO: Found personal access token {"token_id":171,"user_id":68,"revoked":null} 
[2026-05-19 04:51:47] local.INFO: User authenticated via bearer token {"user_id":68,"user_email":"freelancerzahedcreator@gmail.com"} 
[2026-05-19 04:51:47] local.INFO: Returning campaigns for user {"user_id":68,"campaign_count":9,"statuses":["draft","live","draft","draft","draft","draft","live","live","draft"]} 
[2026-05-19 04:52:17] local.INFO: ParseBearerToken middleware invoked {"path":"/api/v2/campaign","method":"GET","has_auth_header":true,"auth_header_preview":"Bearer 171|K7b9U4PgNUTaGbhtLCl...","is_bearer":true} 
[2026-05-19 04:52:17] local.INFO: Extracted bearer token {"token_preview":"171|K7b9U4...","token_length":52} 
[2026-05-19 04:52:17] local.INFO: Found personal access token {"token_id":171,"user_id":68,"revoked":null} 
[2026-05-19 04:52:17] local.INFO: User authenticated via bearer token {"user_id":68,"user_email":"freelancerzahedcreator@gmail.com"} 
[2026-05-19 04:52:17] local.INFO: Returning campaigns for user {"user_id":68,"campaign_count":9,"statuses":["draft","live","draft","draft","draft","draft","live","live","draft"]} 
[2026-05-19 04:52:47] local.INFO: ParseBearerToken middleware invoked {"path":"/api/v2/campaign","method":"GET","has_auth_header":true,"auth_header_preview":"Bearer 171|K7b9U4PgNUTaGbhtLCl...","is_bearer":true} 
[2026-05-19 04:52:47] local.INFO: Extracted bearer token {"token_preview":"171|K7b9U4...","token_length":52} 
[2026-05-19 04:52:47] local.INFO: Found personal access token {"token_id":171,"user_id":68,"revoked":null} 
[2026-05-19 04:52:47] local.INFO: User authenticated via bearer token {"user_id":68,"user_email":"freelancerzahedcreator@gmail.com"} 
[2026-05-19 04:52:47] local.INFO: Returning campaigns for user {"user_id":68,"campaign_count":9,"statuses":["draft","live","draft","draft","draft","draft","live","live","draft"]} 
[2026-05-19 04:53:17] local.INFO: ParseBearerToken middleware invoked {"path":"/api/v2/campaign","method":"GET","has_auth_header":true,"auth_header_preview":"Bearer 171|K7b9U4PgNUTaGbhtLCl...","is_bearer":true} 
[2026-05-19 04:53:17] local.INFO: Extracted bearer token {"token_preview":"171|K7b9U4...","token_length":52} 
[2026-05-19 04:53:17] local.INFO: Found personal access token {"token_id":171,"user_id":68,"revoked":null} 
[2026-05-19 04:53:17] local.INFO: User authenticated via bearer token {"user_id":68,"user_email":"freelancerzahedcreator@gmail.com"} 
[2026-05-19 04:53:17] local.INFO: Returning campaigns for user {"user_id":68,"campaign_count":9,"statuses":["draft","live","draft","draft","draft","draft","live","live","draft"]} 
[2026-05-19 04:53:47] local.INFO: ParseBearerToken middleware invoked {"path":"/api/v2/campaign","method":"GET","has_auth_header":true,"auth_header_preview":"Bearer 171|K7b9U4PgNUTaGbhtLCl...","is_bearer":true} 
[2026-05-19 04:53:47] local.INFO: Extracted bearer token {"token_preview":"171|K7b9U4...","token_length":52} 
[2026-05-19 04:53:47] local.INFO: Found personal access token {"token_id":171,"user_id":68,"revoked":null} 
[2026-05-19 04:53:47] local.INFO: User authenticated via bearer token {"user_id":68,"user_email":"freelancerzahedcreator@gmail.com"} 
[2026-05-19 04:53:47] local.INFO: Returning campaigns for user {"user_id":68,"campaign_count":9,"statuses":["draft","live","draft","draft","draft","draft","live","live","draft"]} 
[2026-05-19 04:54:17] local.INFO: ParseBearerToken middleware invoked {"path":"/api/v2/campaign","method":"GET","has_auth_header":true,"auth_header_preview":"Bearer 171|K7b9U4PgNUTaGbhtLCl...","is_bearer":true} 
[2026-05-19 04:54:17] local.INFO: Extracted bearer token {"token_preview":"171|K7b9U4...","token_length":52} 
[2026-05-19 04:54:17] local.INFO: Found personal access token {"token_id":171,"user_id":68,"revoked":null} 
[2026-05-19 04:54:17] local.INFO: User authenticated via bearer token {"user_id":68,"user_email":"freelancerzahedcreator@gmail.com"} 
[2026-05-19 04:54:17] local.INFO: Returning campaigns for user {"user_id":68,"campaign_count":9,"statuses":["draft","live","draft","draft","draft","draft","live","live","draft"]} 
[2026-05-19 04:54:47] local.INFO: ParseBearerToken middleware invoked {"path":"/api/v2/campaign","method":"GET","has_auth_header":true,"auth_header_preview":"Bearer 171|K7b9U4PgNUTaGbhtLCl...","is_bearer":true} 
[2026-05-19 04:54:47] local.INFO: Extracted bearer token {"token_preview":"171|K7b9U4...","token_length":52} 
[2026-05-19 04:54:47] local.INFO: Found personal access token {"token_id":171,"user_id":68,"revoked":null} 
[2026-05-19 04:54:47] local.INFO: User authenticated via bearer token {"user_id":68,"user_email":"freelancerzahedcreator@gmail.com"} 
[2026-05-19 04:54:47] local.INFO: Returning campaigns for user {"user_id":68,"campaign_count":9,"statuses":["draft","live","draft","draft","draft","draft","live","live","draft"]} 
[2026-05-19 04:55:17] local.INFO: ParseBearerToken middleware invoked {"path":"/api/v2/campaign","method":"GET","has_auth_header":true,"auth_header_preview":"Bearer 171|K7b9U4PgNUTaGbhtLCl...","is_bearer":true} 
[2026-05-19 04:55:17] local.INFO: Extracted bearer token {"token_preview":"171|K7b9U4...","token_length":52} 
[2026-05-19 04:55:17] local.INFO: Found personal access token {"token_id":171,"user_id":68,"revoked":null} 
[2026-05-19 04:55:17] local.INFO: User authenticated via bearer token {"user_id":68,"user_email":"freelancerzahedcreator@gmail.com"} 
[2026-05-19 04:55:17] local.INFO: Returning campaigns for user {"user_id":68,"campaign_count":9,"statuses":["draft","live","draft","draft","draft","draft","live","live","draft"]} 
[2026-05-19 04:55:47] local.INFO: ParseBearerToken middleware invoked {"path":"/api/v2/campaign","method":"GET","has_auth_header":true,"auth_header_preview":"Bearer 171|K7b9U4PgNUTaGbhtLCl...","is_bearer":true} 
[2026-05-19 04:55:47] local.INFO: Extracted bearer token {"token_preview":"171|K7b9U4...","token_length":52} 
[2026-05-19 04:55:47] local.INFO: Found personal access token {"token_id":171,"user_id":68,"revoked":null} 
[2026-05-19 04:55:47] local.INFO: User authenticated via bearer token {"user_id":68,"user_email":"freelancerzahedcreator@gmail.com"} 
[2026-05-19 04:55:47] local.INFO: Returning campaigns for user {"user_id":68,"campaign_count":9,"statuses":["draft","live","draft","draft","draft","draft","live","live","draft"]} 
[2026-05-19 04:56:17] local.INFO: ParseBearerToken middleware invoked {"path":"/api/v2/campaign","method":"GET","has_auth_header":true,"auth_header_preview":"Bearer 171|K7b9U4PgNUTaGbhtLCl...","is_bearer":true} 
[2026-05-19 04:56:17] local.INFO: Extracted bearer token {"token_preview":"171|K7b9U4...","token_length":52} 
[2026-05-19 04:56:17] local.INFO: Found personal access token {"token_id":171,"user_id":68,"revoked":null} 
[2026-05-19 04:56:17] local.INFO: User authenticated via bearer token {"user_id":68,"user_email":"freelancerzahedcreator@gmail.com"} 
[2026-05-19 04:56:17] local.INFO: Returning campaigns for user {"user_id":68,"campaign_count":9,"statuses":["draft","live","draft","draft","draft","draft","live","live","draft"]} 
[2026-05-19 04:56:47] local.INFO: ParseBearerToken middleware invoked {"path":"/api/v2/campaign","method":"GET","has_auth_header":true,"auth_header_preview":"Bearer 171|K7b9U4PgNUTaGbhtLCl...","is_bearer":true} 
[2026-05-19 04:56:47] local.INFO: Extracted bearer token {"token_preview":"171|K7b9U4...","token_length":52} 
[2026-05-19 04:56:47] local.INFO: Found personal access token {"token_id":171,"user_id":68,"revoked":null} 
[2026-05-19 04:56:47] local.INFO: User authenticated via bearer token {"user_id":68,"user_email":"freelancerzahedcreator@gmail.com"} 
[2026-05-19 04:56:47] local.INFO: Returning campaigns for user {"user_id":68,"campaign_count":9,"statuses":["draft","live","draft","draft","draft","draft","live","live","draft"]} 
[2026-05-19 04:57:17] local.INFO: ParseBearerToken middleware invoked {"path":"/api/v2/campaign","method":"GET","has_auth_header":true,"auth_header_preview":"Bearer 171|K7b9U4PgNUTaGbhtLCl...","is_bearer":true} 
[2026-05-19 04:57:17] local.INFO: Extracted bearer token {"token_preview":"171|K7b9U4...","token_length":52} 
[2026-05-19 04:57:17] local.INFO: Found personal access token {"token_id":171,"user_id":68,"revoked":null} 
[2026-05-19 04:57:17] local.INFO: User authenticated via bearer token {"user_id":68,"user_email":"freelancerzahedcreator@gmail.com"} 
[2026-05-19 04:57:17] local.INFO: Returning campaigns for user {"user_id":68,"campaign_count":9,"statuses":["draft","live","draft","draft","draft","draft","live","live","draft"]} 
[2026-05-19 04:57:47] local.INFO: ParseBearerToken middleware invoked {"path":"/api/v2/campaign","method":"GET","has_auth_header":true,"auth_header_preview":"Bearer 171|K7b9U4PgNUTaGbhtLCl...","is_bearer":true} 
[2026-05-19 04:57:47] local.INFO: Extracted bearer token {"token_preview":"171|K7b9U4...","token_length":52} 
[2026-05-19 04:57:47] local.INFO: Found personal access token {"token_id":171,"user_id":68,"revoked":null} 
[2026-05-19 04:57:47] local.INFO: User authenticated via bearer token {"user_id":68,"user_email":"freelancerzahedcreator@gmail.com"} 
[2026-05-19 04:57:47] local.INFO: Returning campaigns for user {"user_id":68,"campaign_count":9,"statuses":["draft","live","draft","draft","draft","draft","live","live","draft"]} 
[2026-05-19 04:58:17] local.INFO: ParseBearerToken middleware invoked {"path":"/api/v2/campaign","method":"GET","has_auth_header":true,"auth_header_preview":"Bearer 171|K7b9U4PgNUTaGbhtLCl...","is_bearer":true} 
[2026-05-19 04:58:17] local.INFO: Extracted bearer token {"token_preview":"171|K7b9U4...","token_length":52} 
[2026-05-19 04:58:17] local.INFO: Found personal access token {"token_id":171,"user_id":68,"revoked":null} 
[2026-05-19 04:58:17] local.INFO: User authenticated via bearer token {"user_id":68,"user_email":"freelancerzahedcreator@gmail.com"} 
[2026-05-19 04:58:17] local.INFO: Returning campaigns for user {"user_id":68,"campaign_count":9,"statuses":["draft","live","draft","draft","draft","draft","live","live","draft"]} 
[2026-05-19 04:58:47] local.INFO: ParseBearerToken middleware invoked {"path":"/api/v2/campaign","method":"GET","has_auth_header":true,"auth_header_preview":"Bearer 171|K7b9U4PgNUTaGbhtLCl...","is_bearer":true} 
[2026-05-19 04:58:47] local.INFO: Extracted bearer token {"token_preview":"171|K7b9U4...","token_length":52} 
[2026-05-19 04:58:47] local.INFO: Found personal access token {"token_id":171,"user_id":68,"revoked":null} 
[2026-05-19 04:58:47] local.INFO: User authenticated via bearer token {"user_id":68,"user_email":"freelancerzahedcreator@gmail.com"} 
[2026-05-19 04:58:47] local.INFO: Returning campaigns for user {"user_id":68,"campaign_count":9,"statuses":["draft","live","draft","draft","draft","draft","live","live","draft"]} 
[2026-05-19 04:59:17] local.INFO: ParseBearerToken middleware invoked {"path":"/api/v2/campaign","method":"GET","has_auth_header":true,"auth_header_preview":"Bearer 171|K7b9U4PgNUTaGbhtLCl...","is_bearer":true} 
[2026-05-19 04:59:17] local.INFO: Extracted bearer token {"token_preview":"171|K7b9U4...","token_length":52} 
[2026-05-19 04:59:17] local.INFO: Found personal access token {"token_id":171,"user_id":68,"revoked":null} 
[2026-05-19 04:59:17] local.INFO: User authenticated via bearer token {"user_id":68,"user_email":"freelancerzahedcreator@gmail.com"} 
[2026-05-19 04:59:17] local.INFO: Returning campaigns for user {"user_id":68,"campaign_count":9,"statuses":["draft","live","draft","draft","draft","draft","live","live","draft"]} 
[2026-05-19 04:59:47] local.INFO: ParseBearerToken middleware invoked {"path":"/api/v2/campaign","method":"GET","has_auth_header":true,"auth_header_preview":"Bearer 171|K7b9U4PgNUTaGbhtLCl...","is_bearer":true} 
[2026-05-19 04:59:47] local.INFO: Extracted bearer token {"token_preview":"171|K7b9U4...","token_length":52} 
[2026-05-19 04:59:47] local.INFO: Found personal access token {"token_id":171,"user_id":68,"revoked":null} 
[2026-05-19 04:59:47] local.INFO: User authenticated via bearer token {"user_id":68,"user_email":"freelancerzahedcreator@gmail.com"} 
[2026-05-19 04:59:47] local.INFO: Returning campaigns for user {"user_id":68,"campaign_count":9,"statuses":["draft","live","draft","draft","draft","draft","live","live","draft"]} 
[2026-05-19 05:00:17] local.INFO: ParseBearerToken middleware invoked {"path":"/api/v2/campaign","method":"GET","has_auth_header":true,"auth_header_preview":"Bearer 171|K7b9U4PgNUTaGbhtLCl...","is_bearer":true} 
[2026-05-19 05:00:17] local.INFO: Extracted bearer token {"token_preview":"171|K7b9U4...","token_length":52} 
[2026-05-19 05:00:17] local.INFO: Found personal access token {"token_id":171,"user_id":68,"revoked":null} 
[2026-05-19 05:00:17] local.INFO: User authenticated via bearer token {"user_id":68,"user_email":"freelancerzahedcreator@gmail.com"} 
[2026-05-19 05:00:17] local.INFO: Returning campaigns for user {"user_id":68,"campaign_count":9,"statuses":["draft","live","draft","draft","draft","draft","live","live","draft"]} 
[2026-05-19 05:00:47] local.INFO: ParseBearerToken middleware invoked {"path":"/api/v2/campaign","method":"GET","has_auth_header":true,"auth_header_preview":"Bearer 171|K7b9U4PgNUTaGbhtLCl...","is_bearer":true} 
[2026-05-19 05:00:47] local.INFO: Extracted bearer token {"token_preview":"171|K7b9U4...","token_length":52} 
[2026-05-19 05:00:47] local.INFO: Found personal access token {"token_id":171,"user_id":68,"revoked":null} 
[2026-05-19 05:00:47] local.INFO: User authenticated via bearer token {"user_id":68,"user_email":"freelancerzahedcreator@gmail.com"} 
[2026-05-19 05:00:47] local.INFO: Returning campaigns for user {"user_id":68,"campaign_count":9,"statuses":["draft","live","draft","draft","draft","draft","live","live","draft"]} 
[2026-05-19 05:01:17] local.INFO: ParseBearerToken middleware invoked {"path":"/api/v2/campaign","method":"GET","has_auth_header":true,"auth_header_preview":"Bearer 171|K7b9U4PgNUTaGbhtLCl...","is_bearer":true} 
[2026-05-19 05:01:17] local.INFO: Extracted bearer token {"token_preview":"171|K7b9U4...","token_length":52} 
[2026-05-19 05:01:17] local.INFO: Found personal access token {"token_id":171,"user_id":68,"revoked":null} 
[2026-05-19 05:01:17] local.INFO: User authenticated via bearer token {"user_id":68,"user_email":"freelancerzahedcreator@gmail.com"} 
[2026-05-19 05:01:17] local.INFO: Returning campaigns for user {"user_id":68,"campaign_count":9,"statuses":["draft","live","draft","draft","draft","draft","live","live","draft"]} 
[2026-05-19 05:01:47] local.INFO: ParseBearerToken middleware invoked {"path":"/api/v2/campaign","method":"GET","has_auth_header":true,"auth_header_preview":"Bearer 171|K7b9U4PgNUTaGbhtLCl...","is_bearer":true} 
[2026-05-19 05:01:47] local.INFO: Extracted bearer token {"token_preview":"171|K7b9U4...","token_length":52} 
[2026-05-19 05:01:47] local.INFO: Found personal access token {"token_id":171,"user_id":68,"revoked":null} 
[2026-05-19 05:01:47] local.INFO: User authenticated via bearer token {"user_id":68,"user_email":"freelancerzahedcreator@gmail.com"} 
[2026-05-19 05:01:47] local.INFO: Returning campaigns for user {"user_id":68,"campaign_count":9,"statuses":["draft","live","draft","draft","draft","draft","live","live","draft"]} 
[2026-05-19 05:02:17] local.INFO: ParseBearerToken middleware invoked {"path":"/api/v2/campaign","method":"GET","has_auth_header":true,"auth_header_preview":"Bearer 171|K7b9U4PgNUTaGbhtLCl...","is_bearer":true} 
[2026-05-19 05:02:17] local.INFO: Extracted bearer token {"token_preview":"171|K7b9U4...","token_length":52} 
[2026-05-19 05:02:17] local.INFO: Found personal access token {"token_id":171,"user_id":68,"revoked":null} 
[2026-05-19 05:02:17] local.INFO: User authenticated via bearer token {"user_id":68,"user_email":"freelancerzahedcreator@gmail.com"} 
[2026-05-19 05:02:17] local.INFO: Returning campaigns for user {"user_id":68,"campaign_count":9,"statuses":["draft","live","draft","draft","draft","draft","live","live","draft"]} 
[2026-05-19 05:02:47] local.INFO: ParseBearerToken middleware invoked {"path":"/api/v2/campaign","method":"GET","has_auth_header":true,"auth_header_preview":"Bearer 171|K7b9U4PgNUTaGbhtLCl...","is_bearer":true} 
[2026-05-19 05:02:47] local.INFO: Extracted bearer token {"token_preview":"171|K7b9U4...","token_length":52} 
[2026-05-19 05:02:47] local.INFO: Found personal access token {"token_id":171,"user_id":68,"revoked":null} 
[2026-05-19 05:02:47] local.INFO: User authenticated via bearer token {"user_id":68,"user_email":"freelancerzahedcreator@gmail.com"} 
[2026-05-19 05:02:47] local.INFO: Returning campaigns for user {"user_id":68,"campaign_count":9,"statuses":["draft","live","draft","draft","draft","draft","live","live","draft"]} 
[2026-05-19 05:03:17] local.INFO: ParseBearerToken middleware invoked {"path":"/api/v2/campaign","method":"GET","has_auth_header":true,"auth_header_preview":"Bearer 171|K7b9U4PgNUTaGbhtLCl...","is_bearer":true} 
[2026-05-19 05:03:17] local.INFO: Extracted bearer token {"token_preview":"171|K7b9U4...","token_length":52} 
[2026-05-19 05:03:17] local.INFO: Found personal access token {"token_id":171,"user_id":68,"revoked":null} 
[2026-05-19 05:03:17] local.INFO: User authenticated via bearer token {"user_id":68,"user_email":"freelancerzahedcreator@gmail.com"} 
[2026-05-19 05:03:17] local.INFO: Returning campaigns for user {"user_id":68,"campaign_count":9,"statuses":["draft","live","draft","draft","draft","draft","live","live","draft"]} 
[2026-05-19 05:03:47] local.INFO: ParseBearerToken middleware invoked {"path":"/api/v2/campaign","method":"GET","has_auth_header":true,"auth_header_preview":"Bearer 171|K7b9U4PgNUTaGbhtLCl...","is_bearer":true} 
[2026-05-19 05:03:47] local.INFO: Extracted bearer token {"token_preview":"171|K7b9U4...","token_length":52} 
[2026-05-19 05:03:47] local.INFO: Found personal access token {"token_id":171,"user_id":68,"revoked":null} 
[2026-05-19 05:03:47] local.INFO: User authenticated via bearer token {"user_id":68,"user_email":"freelancerzahedcreator@gmail.com"} 
[2026-05-19 05:03:47] local.INFO: Returning campaigns for user {"user_id":68,"campaign_count":9,"statuses":["draft","live","draft","draft","draft","draft","live","live","draft"]} 
[2026-05-19 05:04:17] local.INFO: ParseBearerToken middleware invoked {"path":"/api/v2/campaign","method":"GET","has_auth_header":true,"auth_header_preview":"Bearer 171|K7b9U4PgNUTaGbhtLCl...","is_bearer":true} 
[2026-05-19 05:04:17] local.INFO: Extracted bearer token {"token_preview":"171|K7b9U4...","token_length":52} 
[2026-05-19 05:04:17] local.INFO: Found personal access token {"token_id":171,"user_id":68,"revoked":null} 
[2026-05-19 05:04:17] local.INFO: User authenticated via bearer token {"user_id":68,"user_email":"freelancerzahedcreator@gmail.com"} 
[2026-05-19 05:04:17] local.INFO: Returning campaigns for user {"user_id":68,"campaign_count":9,"statuses":["draft","live","draft","draft","draft","draft","live","live","draft"]} 
[2026-05-19 05:04:47] local.INFO: ParseBearerToken middleware invoked {"path":"/api/v2/campaign","method":"GET","has_auth_header":true,"auth_header_preview":"Bearer 171|K7b9U4PgNUTaGbhtLCl...","is_bearer":true} 
[2026-05-19 05:04:47] local.INFO: Extracted bearer token {"token_preview":"171|K7b9U4...","token_length":52} 
[2026-05-19 05:04:47] local.INFO: Found personal access token {"token_id":171,"user_id":68,"revoked":null} 
[2026-05-19 05:04:47] local.INFO: User authenticated via bearer token {"user_id":68,"user_email":"freelancerzahedcreator@gmail.com"} 
[2026-05-19 05:04:47] local.INFO: Returning campaigns for user {"user_id":68,"campaign_count":9,"statuses":["draft","live","draft","draft","draft","draft","live","live","draft"]} 
[2026-05-19 05:05:17] local.INFO: ParseBearerToken middleware invoked {"path":"/api/v2/campaign","method":"GET","has_auth_header":true,"auth_header_preview":"Bearer 171|K7b9U4PgNUTaGbhtLCl...","is_bearer":true} 
[2026-05-19 05:05:17] local.INFO: Extracted bearer token {"token_preview":"171|K7b9U4...","token_length":52} 
[2026-05-19 05:05:17] local.INFO: Found personal access token {"token_id":171,"user_id":68,"revoked":null} 
[2026-05-19 05:05:17] local.INFO: User authenticated via bearer token {"user_id":68,"user_email":"freelancerzahedcreator@gmail.com"} 
[2026-05-19 05:05:17] local.INFO: Returning campaigns for user {"user_id":68,"campaign_count":9,"statuses":["draft","live","draft","draft","draft","draft","live","live","draft"]} 
[2026-05-19 05:05:47] local.INFO: ParseBearerToken middleware invoked {"path":"/api/v2/campaign","method":"GET","has_auth_header":true,"auth_header_preview":"Bearer 171|K7b9U4PgNUTaGbhtLCl...","is_bearer":true} 
[2026-05-19 05:05:47] local.INFO: Extracted bearer token {"token_preview":"171|K7b9U4...","token_length":52} 
[2026-05-19 05:05:47] local.INFO: Found personal access token {"token_id":171,"user_id":68,"revoked":null} 
[2026-05-19 05:05:47] local.INFO: User authenticated via bearer token {"user_id":68,"user_email":"freelancerzahedcreator@gmail.com"} 
[2026-05-19 05:05:47] local.INFO: Returning campaigns for user {"user_id":68,"campaign_count":9,"statuses":["draft","live","draft","draft","draft","draft","live","live","draft"]} 
[2026-05-19 05:06:17] local.INFO: ParseBearerToken middleware invoked {"path":"/api/v2/campaign","method":"GET","has_auth_header":true,"auth_header_preview":"Bearer 171|K7b9U4PgNUTaGbhtLCl...","is_bearer":true} 
[2026-05-19 05:06:17] local.INFO: Extracted bearer token {"token_preview":"171|K7b9U4...","token_length":52} 
[2026-05-19 05:06:17] local.INFO: Found personal access token {"token_id":171,"user_id":68,"revoked":null} 
[2026-05-19 05:06:17] local.INFO: User authenticated via bearer token {"user_id":68,"user_email":"freelancerzahedcreator@gmail.com"} 
[2026-05-19 05:06:17] local.INFO: Returning campaigns for user {"user_id":68,"campaign_count":9,"statuses":["draft","live","draft","draft","draft","draft","live","live","draft"]} 
[2026-05-19 05:06:47] local.INFO: ParseBearerToken middleware invoked {"path":"/api/v2/campaign","method":"GET","has_auth_header":true,"auth_header_preview":"Bearer 171|K7b9U4PgNUTaGbhtLCl...","is_bearer":true} 
[2026-05-19 05:06:47] local.INFO: Extracted bearer token {"token_preview":"171|K7b9U4...","token_length":52} 
[2026-05-19 05:06:47] local.INFO: Found personal access token {"token_id":171,"user_id":68,"revoked":null} 
[2026-05-19 05:06:47] local.INFO: User authenticated via bearer token {"user_id":68,"user_email":"freelancerzahedcreator@gmail.com"} 
[2026-05-19 05:06:47] local.INFO: Returning campaigns for user {"user_id":68,"campaign_count":9,"statuses":["draft","live","draft","draft","draft","draft","live","live","draft"]} 
[2026-05-19 05:07:17] local.INFO: ParseBearerToken middleware invoked {"path":"/api/v2/campaign","method":"GET","has_auth_header":true,"auth_header_preview":"Bearer 171|K7b9U4PgNUTaGbhtLCl...","is_bearer":true} 
[2026-05-19 05:07:17] local.INFO: Extracted bearer token {"token_preview":"171|K7b9U4...","token_length":52} 
[2026-05-19 05:07:17] local.INFO: Found personal access token {"token_id":171,"user_id":68,"revoked":null} 
[2026-05-19 05:07:17] local.INFO: User authenticated via bearer token {"user_id":68,"user_email":"freelancerzahedcreator@gmail.com"} 
[2026-05-19 05:07:17] local.INFO: Returning campaigns for user {"user_id":68,"campaign_count":9,"statuses":["draft","live","draft","draft","draft","draft","live","live","draft"]} 
[2026-05-19 05:07:47] local.INFO: ParseBearerToken middleware invoked {"path":"/api/v2/campaign","method":"GET","has_auth_header":true,"auth_header_preview":"Bearer 171|K7b9U4PgNUTaGbhtLCl...","is_bearer":true} 
[2026-05-19 05:07:47] local.INFO: Extracted bearer token {"token_preview":"171|K7b9U4...","token_length":52} 
[2026-05-19 05:07:47] local.INFO: Found personal access token {"token_id":171,"user_id":68,"revoked":null} 
[2026-05-19 05:07:47] local.INFO: User authenticated via bearer token {"user_id":68,"user_email":"freelancerzahedcreator@gmail.com"} 
[2026-05-19 05:07:47] local.INFO: Returning campaigns for user {"user_id":68,"campaign_count":9,"statuses":["draft","live","draft","draft","draft","draft","live","live","draft"]} 
[2026-05-19 05:08:17] local.INFO: ParseBearerToken middleware invoked {"path":"/api/v2/campaign","method":"GET","has_auth_header":true,"auth_header_preview":"Bearer 171|K7b9U4PgNUTaGbhtLCl...","is_bearer":true} 
[2026-05-19 05:08:17] local.INFO: Extracted bearer token {"token_preview":"171|K7b9U4...","token_length":52} 
[2026-05-19 05:08:17] local.INFO: Found personal access token {"token_id":171,"user_id":68,"revoked":null} 
[2026-05-19 05:08:17] local.INFO: User authenticated via bearer token {"user_id":68,"user_email":"freelancerzahedcreator@gmail.com"} 
[2026-05-19 05:08:17] local.INFO: Returning campaigns for user {"user_id":68,"campaign_count":9,"statuses":["draft","live","draft","draft","draft","draft","live","live","draft"]} 
[2026-05-19 05:08:47] local.INFO: ParseBearerToken middleware invoked {"path":"/api/v2/campaign","method":"GET","has_auth_header":true,"auth_header_preview":"Bearer 171|K7b9U4PgNUTaGbhtLCl...","is_bearer":true} 
[2026-05-19 05:08:47] local.INFO: Extracted bearer token {"token_preview":"171|K7b9U4...","token_length":52} 
[2026-05-19 05:08:47] local.INFO: Found personal access token {"token_id":171,"user_id":68,"revoked":null} 
[2026-05-19 05:08:47] local.INFO: User authenticated via bearer token {"user_id":68,"user_email":"freelancerzahedcreator@gmail.com"} 
[2026-05-19 05:08:47] local.INFO: Returning campaigns for user {"user_id":68,"campaign_count":9,"statuses":["draft","live","draft","draft","draft","draft","live","live","draft"]} 
[2026-05-19 05:09:17] local.INFO: ParseBearerToken middleware invoked {"path":"/api/v2/campaign","method":"GET","has_auth_header":true,"auth_header_preview":"Bearer 171|K7b9U4PgNUTaGbhtLCl...","is_bearer":true} 
[2026-05-19 05:09:17] local.INFO: Extracted bearer token {"token_preview":"171|K7b9U4...","token_length":52} 
[2026-05-19 05:09:17] local.INFO: Found personal access token {"token_id":171,"user_id":68,"revoked":null} 
[2026-05-19 05:09:17] local.INFO: User authenticated via bearer token {"user_id":68,"user_email":"freelancerzahedcreator@gmail.com"} 
[2026-05-19 05:09:17] local.INFO: Returning campaigns for user {"user_id":68,"campaign_count":9,"statuses":["draft","live","draft","draft","draft","draft","live","live","draft"]} 
[2026-05-19 05:09:47] local.INFO: ParseBearerToken middleware invoked {"path":"/api/v2/campaign","method":"GET","has_auth_header":true,"auth_header_preview":"Bearer 171|K7b9U4PgNUTaGbhtLCl...","is_bearer":true} 
[2026-05-19 05:09:47] local.INFO: Extracted bearer token {"token_preview":"171|K7b9U4...","token_length":52} 
[2026-05-19 05:09:47] local.INFO: Found personal access token {"token_id":171,"user_id":68,"revoked":null} 
[2026-05-19 05:09:47] local.INFO: User authenticated via bearer token {"user_id":68,"user_email":"freelancerzahedcreator@gmail.com"} 
[2026-05-19 05:09:47] local.INFO: Returning campaigns for user {"user_id":68,"campaign_count":9,"statuses":["draft","live","draft","draft","draft","draft","live","live","draft"]} 
[2026-05-19 05:10:17] local.INFO: ParseBearerToken middleware invoked {"path":"/api/v2/campaign","method":"GET","has_auth_header":true,"auth_header_preview":"Bearer 171|K7b9U4PgNUTaGbhtLCl...","is_bearer":true} 
[2026-05-19 05:10:17] local.INFO: Extracted bearer token {"token_preview":"171|K7b9U4...","token_length":52} 
[2026-05-19 05:10:17] local.INFO: Found personal access token {"token_id":171,"user_id":68,"revoked":null} 
[2026-05-19 05:10:17] local.INFO: User authenticated via bearer token {"user_id":68,"user_email":"freelancerzahedcreator@gmail.com"} 
[2026-05-19 05:10:17] local.INFO: Returning campaigns for user {"user_id":68,"campaign_count":9,"statuses":["draft","live","draft","draft","draft","draft","live","live","draft"]} 
[2026-05-19 05:10:47] local.INFO: ParseBearerToken middleware invoked {"path":"/api/v2/campaign","method":"GET","has_auth_header":true,"auth_header_preview":"Bearer 171|K7b9U4PgNUTaGbhtLCl...","is_bearer":true} 
[2026-05-19 05:10:47] local.INFO: Extracted bearer token {"token_preview":"171|K7b9U4...","token_length":52} 
[2026-05-19 05:10:47] local.INFO: Found personal access token {"token_id":171,"user_id":68,"revoked":null} 
[2026-05-19 05:10:47] local.INFO: User authenticated via bearer token {"user_id":68,"user_email":"freelancerzahedcreator@gmail.com"} 
[2026-05-19 05:10:47] local.INFO: Returning campaigns for user {"user_id":68,"campaign_count":9,"statuses":["draft","live","draft","draft","draft","draft","live","live","draft"]} 
[2026-05-19 05:11:17] local.INFO: ParseBearerToken middleware invoked {"path":"/api/v2/campaign","method":"GET","has_auth_header":true,"auth_header_preview":"Bearer 171|K7b9U4PgNUTaGbhtLCl...","is_bearer":true} 
[2026-05-19 05:11:17] local.INFO: Extracted bearer token {"token_preview":"171|K7b9U4...","token_length":52} 
[2026-05-19 05:11:17] local.INFO: Found personal access token {"token_id":171,"user_id":68,"revoked":null} 
[2026-05-19 05:11:17] local.INFO: User authenticated via bearer token {"user_id":68,"user_email":"freelancerzahedcreator@gmail.com"} 
[2026-05-19 05:11:17] local.INFO: Returning campaigns for user {"user_id":68,"campaign_count":9,"statuses":["draft","live","draft","draft","draft","draft","live","live","draft"]} 
[2026-05-19 05:11:47] local.INFO: ParseBearerToken middleware invoked {"path":"/api/v2/campaign","method":"GET","has_auth_header":true,"auth_header_preview":"Bearer 171|K7b9U4PgNUTaGbhtLCl...","is_bearer":true} 
[2026-05-19 05:11:47] local.INFO: Extracted bearer token {"token_preview":"171|K7b9U4...","token_length":52} 
[2026-05-19 05:11:47] local.INFO: Found personal access token {"token_id":171,"user_id":68,"revoked":null} 
[2026-05-19 05:11:47] local.INFO: User authenticated via bearer token {"user_id":68,"user_email":"freelancerzahedcreator@gmail.com"} 
[2026-05-19 05:11:47] local.INFO: Returning campaigns for user {"user_id":68,"campaign_count":9,"statuses":["draft","live","draft","draft","draft","draft","live","live","draft"]} 
[2026-05-19 05:12:17] local.INFO: ParseBearerToken middleware invoked {"path":"/api/v2/campaign","method":"GET","has_auth_header":true,"auth_header_preview":"Bearer 171|K7b9U4PgNUTaGbhtLCl...","is_bearer":true} 
[2026-05-19 05:12:17] local.INFO: Extracted bearer token {"token_preview":"171|K7b9U4...","token_length":52} 
[2026-05-19 05:12:17] local.INFO: Found personal access token {"token_id":171,"user_id":68,"revoked":null} 
[2026-05-19 05:12:17] local.INFO: User authenticated via bearer token {"user_id":68,"user_email":"freelancerzahedcreator@gmail.com"} 
[2026-05-19 05:12:17] local.INFO: Returning campaigns for user {"user_id":68,"campaign_count":9,"statuses":["draft","live","draft","draft","draft","draft","live","live","draft"]} 
[2026-05-19 05:12:47] local.INFO: ParseBearerToken middleware invoked {"path":"/api/v2/campaign","method":"GET","has_auth_header":true,"auth_header_preview":"Bearer 171|K7b9U4PgNUTaGbhtLCl...","is_bearer":true} 
[2026-05-19 05:12:47] local.INFO: Extracted bearer token {"token_preview":"171|K7b9U4...","token_length":52} 
[2026-05-19 05:12:47] local.INFO: Found personal access token {"token_id":171,"user_id":68,"revoked":null} 
[2026-05-19 05:12:47] local.INFO: User authenticated via bearer token {"user_id":68,"user_email":"freelancerzahedcreator@gmail.com"} 
[2026-05-19 05:12:47] local.INFO: Returning campaigns for user {"user_id":68,"campaign_count":9,"statuses":["draft","live","draft","draft","draft","draft","live","live","draft"]} 
[2026-05-19 05:13:17] local.INFO: ParseBearerToken middleware invoked {"path":"/api/v2/campaign","method":"GET","has_auth_header":true,"auth_header_preview":"Bearer 171|K7b9U4PgNUTaGbhtLCl...","is_bearer":true} 
[2026-05-19 05:13:17] local.INFO: Extracted bearer token {"token_preview":"171|K7b9U4...","token_length":52} 
[2026-05-19 05:13:17] local.INFO: Found personal access token {"token_id":171,"user_id":68,"revoked":null} 
[2026-05-19 05:13:17] local.INFO: User authenticated via bearer token {"user_id":68,"user_email":"freelancerzahedcreator@gmail.com"} 
[2026-05-19 05:13:17] local.INFO: Returning campaigns for user {"user_id":68,"campaign_count":9,"statuses":["draft","live","draft","draft","draft","draft","live","live","draft"]} 
[2026-05-19 05:13:47] local.INFO: ParseBearerToken middleware invoked {"path":"/api/v2/campaign","method":"GET","has_auth_header":true,"auth_header_preview":"Bearer 171|K7b9U4PgNUTaGbhtLCl...","is_bearer":true} 
[2026-05-19 05:13:47] local.INFO: Extracted bearer token {"token_preview":"171|K7b9U4...","token_length":52} 
[2026-05-19 05:13:47] local.INFO: Found personal access token {"token_id":171,"user_id":68,"revoked":null} 
[2026-05-19 05:13:47] local.INFO: User authenticated via bearer token {"user_id":68,"user_email":"freelancerzahedcreator@gmail.com"} 
[2026-05-19 05:13:47] local.INFO: Returning campaigns for user {"user_id":68,"campaign_count":9,"statuses":["draft","live","draft","draft","draft","draft","live","live","draft"]} 
[2026-05-19 05:14:17] local.INFO: ParseBearerToken middleware invoked {"path":"/api/v2/campaign","method":"GET","has_auth_header":true,"auth_header_preview":"Bearer 171|K7b9U4PgNUTaGbhtLCl...","is_bearer":true} 
[2026-05-19 05:14:17] local.INFO: Extracted bearer token {"token_preview":"171|K7b9U4...","token_length":52} 
[2026-05-19 05:14:17] local.INFO: Found personal access token {"token_id":171,"user_id":68,"revoked":null} 
[2026-05-19 05:14:17] local.INFO: User authenticated via bearer token {"user_id":68,"user_email":"freelancerzahedcreator@gmail.com"} 
[2026-05-19 05:14:17] local.INFO: Returning campaigns for user {"user_id":68,"campaign_count":9,"statuses":["draft","live","draft","draft","draft","draft","live","live","draft"]} 
[2026-05-19 05:14:47] local.INFO: ParseBearerToken middleware invoked {"path":"/api/v2/campaign","method":"GET","has_auth_header":true,"auth_header_preview":"Bearer 171|K7b9U4PgNUTaGbhtLCl...","is_bearer":true} 
[2026-05-19 05:14:47] local.INFO: Extracted bearer token {"token_preview":"171|K7b9U4...","token_length":52} 
[2026-05-19 05:14:47] local.INFO: Found personal access token {"token_id":171,"user_id":68,"revoked":null} 
[2026-05-19 05:14:47] local.INFO: User authenticated via bearer token {"user_id":68,"user_email":"freelancerzahedcreator@gmail.com"} 
[2026-05-19 05:14:47] local.INFO: Returning campaigns for user {"user_id":68,"campaign_count":9,"statuses":["draft","live","draft","draft","draft","draft","live","live","draft"]} 
[2026-05-19 05:15:17] local.INFO: ParseBearerToken middleware invoked {"path":"/api/v2/campaign","method":"GET","has_auth_header":true,"auth_header_preview":"Bearer 171|K7b9U4PgNUTaGbhtLCl...","is_bearer":true} 
[2026-05-19 05:15:17] local.INFO: Extracted bearer token {"token_preview":"171|K7b9U4...","token_length":52} 
[2026-05-19 05:15:17] local.INFO: Found personal access token {"token_id":171,"user_id":68,"revoked":null} 
[2026-05-19 05:15:17] local.INFO: User authenticated via bearer token {"user_id":68,"user_email":"freelancerzahedcreator@gmail.com"} 
[2026-05-19 05:15:17] local.INFO: Returning campaigns for user {"user_id":68,"campaign_count":9,"statuses":["draft","live","draft","draft","draft","draft","live","live","draft"]} 
[2026-05-19 05:15:47] local.INFO: ParseBearerToken middleware invoked {"path":"/api/v2/campaign","method":"GET","has_auth_header":true,"auth_header_preview":"Bearer 171|K7b9U4PgNUTaGbhtLCl...","is_bearer":true} 
[2026-05-19 05:15:47] local.INFO: Extracted bearer token {"token_preview":"171|K7b9U4...","token_length":52} 
[2026-05-19 05:15:47] local.INFO: Found personal access token {"token_id":171,"user_id":68,"revoked":null} 
[2026-05-19 05:15:47] local.INFO: User authenticated via bearer token {"user_id":68,"user_email":"freelancerzahedcreator@gmail.com"} 
[2026-05-19 05:15:47] local.INFO: Returning campaigns for user {"user_id":68,"campaign_count":9,"statuses":["draft","live","draft","draft","draft","draft","live","live","draft"]} 
[2026-05-19 05:16:17] local.INFO: ParseBearerToken middleware invoked {"path":"/api/v2/campaign","method":"GET","has_auth_header":true,"auth_header_preview":"Bearer 171|K7b9U4PgNUTaGbhtLCl...","is_bearer":true} 
[2026-05-19 05:16:17] local.INFO: Extracted bearer token {"token_preview":"171|K7b9U4...","token_length":52} 
[2026-05-19 05:16:17] local.INFO: Found personal access token {"token_id":171,"user_id":68,"revoked":null} 
[2026-05-19 05:16:17] local.INFO: User authenticated via bearer token {"user_id":68,"user_email":"freelancerzahedcreator@gmail.com"} 
[2026-05-19 05:16:17] local.INFO: Returning campaigns for user {"user_id":68,"campaign_count":9,"statuses":["draft","live","draft","draft","draft","draft","live","live","draft"]} 
[2026-05-19 05:16:47] local.INFO: ParseBearerToken middleware invoked {"path":"/api/v2/campaign","method":"GET","has_auth_header":true,"auth_header_preview":"Bearer 171|K7b9U4PgNUTaGbhtLCl...","is_bearer":true} 
[2026-05-19 05:16:47] local.INFO: Extracted bearer token {"token_preview":"171|K7b9U4...","token_length":52} 
[2026-05-19 05:16:47] local.INFO: Found personal access token {"token_id":171,"user_id":68,"revoked":null} 
[2026-05-19 05:16:47] local.INFO: User authenticated via bearer token {"user_id":68,"user_email":"freelancerzahedcreator@gmail.com"} 
[2026-05-19 05:16:47] local.INFO: Returning campaigns for user {"user_id":68,"campaign_count":9,"statuses":["draft","live","draft","draft","draft","draft","live","live","draft"]} 
[2026-05-19 05:17:17] local.INFO: ParseBearerToken middleware invoked {"path":"/api/v2/campaign","method":"GET","has_auth_header":true,"auth_header_preview":"Bearer 171|K7b9U4PgNUTaGbhtLCl...","is_bearer":true} 
[2026-05-19 05:17:17] local.INFO: Extracted bearer token {"token_preview":"171|K7b9U4...","token_length":52} 
[2026-05-19 05:17:17] local.INFO: Found personal access token {"token_id":171,"user_id":68,"revoked":null} 
[2026-05-19 05:17:17] local.INFO: User authenticated via bearer token {"user_id":68,"user_email":"freelancerzahedcreator@gmail.com"} 
[2026-05-19 05:17:17] local.INFO: Returning campaigns for user {"user_id":68,"campaign_count":9,"statuses":["draft","live","draft","draft","draft","draft","live","live","draft"]} 
[2026-05-19 05:17:47] local.INFO: ParseBearerToken middleware invoked {"path":"/api/v2/campaign","method":"GET","has_auth_header":true,"auth_header_preview":"Bearer 171|K7b9U4PgNUTaGbhtLCl...","is_bearer":true} 
[2026-05-19 05:17:47] local.INFO: Extracted bearer token {"token_preview":"171|K7b9U4...","token_length":52} 
[2026-05-19 05:17:47] local.INFO: Found personal access token {"token_id":171,"user_id":68,"revoked":null} 
[2026-05-19 05:17:47] local.INFO: User authenticated via bearer token {"user_id":68,"user_email":"freelancerzahedcreator@gmail.com"} 
[2026-05-19 05:17:47] local.INFO: Returning campaigns for user {"user_id":68,"campaign_count":9,"statuses":["draft","live","draft","draft","draft","draft","live","live","draft"]} 
[2026-05-19 05:18:17] local.INFO: ParseBearerToken middleware invoked {"path":"/api/v2/campaign","method":"GET","has_auth_header":true,"auth_header_preview":"Bearer 171|K7b9U4PgNUTaGbhtLCl...","is_bearer":true} 
[2026-05-19 05:18:17] local.INFO: Extracted bearer token {"token_preview":"171|K7b9U4...","token_length":52} 
[2026-05-19 05:18:17] local.INFO: Found personal access token {"token_id":171,"user_id":68,"revoked":null} 
[2026-05-19 05:18:17] local.INFO: User authenticated via bearer token {"user_id":68,"user_email":"freelancerzahedcreator@gmail.com"} 
[2026-05-19 05:18:17] local.INFO: Returning campaigns for user {"user_id":68,"campaign_count":9,"statuses":["draft","live","draft","draft","draft","draft","live","live","draft"]} 
[2026-05-19 05:18:47] local.INFO: ParseBearerToken middleware invoked {"path":"/api/v2/campaign","method":"GET","has_auth_header":true,"auth_header_preview":"Bearer 171|K7b9U4PgNUTaGbhtLCl...","is_bearer":true} 
[2026-05-19 05:18:47] local.INFO: Extracted bearer token {"token_preview":"171|K7b9U4...","token_length":52} 
[2026-05-19 05:18:47] local.INFO: Found personal access token {"token_id":171,"user_id":68,"revoked":null} 
[2026-05-19 05:18:47] local.INFO: User authenticated via bearer token {"user_id":68,"user_email":"freelancerzahedcreator@gmail.com"} 
[2026-05-19 05:18:47] local.INFO: Returning campaigns for user {"user_id":68,"campaign_count":9,"statuses":["draft","live","draft","draft","draft","draft","live","live","draft"]} 
[2026-05-19 05:19:17] local.INFO: ParseBearerToken middleware invoked {"path":"/api/v2/campaign","method":"GET","has_auth_header":true,"auth_header_preview":"Bearer 171|K7b9U4PgNUTaGbhtLCl...","is_bearer":true} 
[2026-05-19 05:19:17] local.INFO: Extracted bearer token {"token_preview":"171|K7b9U4...","token_length":52} 
[2026-05-19 05:19:17] local.INFO: Found personal access token {"token_id":171,"user_id":68,"revoked":null} 
[2026-05-19 05:19:17] local.INFO: User authenticated via bearer token {"user_id":68,"user_email":"freelancerzahedcreator@gmail.com"} 
[2026-05-19 05:19:17] local.INFO: Returning campaigns for user {"user_id":68,"campaign_count":9,"statuses":["draft","live","draft","draft","draft","draft","live","live","draft"]} 
[2026-05-19 05:42:57] local.INFO: ParseBearerToken middleware invoked {"path":"/api/v2/campaign","method":"GET","has_auth_header":true,"auth_header_preview":"Bearer 171|K7b9U4PgNUTaGbhtLCl...","is_bearer":true} 
[2026-05-19 05:42:57] local.INFO: Extracted bearer token {"token_preview":"171|K7b9U4...","token_length":52} 
[2026-05-19 05:42:57] local.INFO: Found personal access token {"token_id":171,"user_id":68,"revoked":null} 
[2026-05-19 05:42:57] local.INFO: User authenticated via bearer token {"user_id":68,"user_email":"freelancerzahedcreator@gmail.com"} 
[2026-05-19 05:42:57] local.INFO: Returning campaigns for user {"user_id":68,"campaign_count":9,"statuses":["draft","live","draft","draft","draft","draft","live","live","draft"]} 
[2026-05-19 05:42:58] local.INFO: ParseBearerToken middleware invoked {"path":"/api/v2/campaign","method":"GET","has_auth_header":true,"auth_header_preview":"Bearer 171|K7b9U4PgNUTaGbhtLCl...","is_bearer":true} 
[2026-05-19 05:42:58] local.INFO: Extracted bearer token {"token_preview":"171|K7b9U4...","token_length":52} 
[2026-05-19 05:42:58] local.INFO: Found personal access token {"token_id":171,"user_id":68,"revoked":null} 
[2026-05-19 05:42:58] local.INFO: User authenticated via bearer token {"user_id":68,"user_email":"freelancerzahedcreator@gmail.com"} 
[2026-05-19 05:42:58] local.INFO: Returning campaigns for user {"user_id":68,"campaign_count":9,"statuses":["draft","live","draft","draft","draft","draft","live","live","draft"]} 
[2026-05-19 05:43:27] local.INFO: ParseBearerToken middleware invoked {"path":"/api/v2/campaign","method":"GET","has_auth_header":true,"auth_header_preview":"Bearer 171|K7b9U4PgNUTaGbhtLCl...","is_bearer":true} 
[2026-05-19 05:43:27] local.INFO: Extracted bearer token {"token_preview":"171|K7b9U4...","token_length":52} 
[2026-05-19 05:43:27] local.INFO: Found personal access token {"token_id":171,"user_id":68,"revoked":null} 
[2026-05-19 05:43:27] local.INFO: User authenticated via bearer token {"user_id":68,"user_email":"freelancerzahedcreator@gmail.com"} 
[2026-05-19 05:43:27] local.INFO: Returning campaigns for user {"user_id":68,"campaign_count":9,"statuses":["draft","live","draft","draft","draft","draft","live","live","draft"]} 
[2026-05-19 05:43:40] local.INFO: ParseBearerToken middleware invoked {"path":"/api/v2/campaign","method":"GET","has_auth_header":true,"auth_header_preview":"Bearer 171|K7b9U4PgNUTaGbhtLCl...","is_bearer":true} 
[2026-05-19 05:43:40] local.INFO: Extracted bearer token {"token_preview":"171|K7b9U4...","token_length":52} 
[2026-05-19 05:43:40] local.INFO: Found personal access token {"token_id":171,"user_id":68,"revoked":null} 
[2026-05-19 05:43:40] local.INFO: User authenticated via bearer token {"user_id":68,"user_email":"freelancerzahedcreator@gmail.com"} 
[2026-05-19 05:43:40] local.INFO: Returning campaigns for user {"user_id":68,"campaign_count":9,"statuses":["draft","live","draft","draft","draft","draft","live","live","draft"]} 
[2026-05-19 05:43:41] local.INFO: ParseBearerToken middleware invoked {"path":"/api/v2/campaign","method":"GET","has_auth_header":true,"auth_header_preview":"Bearer 171|K7b9U4PgNUTaGbhtLCl...","is_bearer":true} 
[2026-05-19 05:43:41] local.INFO: Extracted bearer token {"token_preview":"171|K7b9U4...","token_length":52} 
[2026-05-19 05:43:41] local.INFO: Found personal access token {"token_id":171,"user_id":68,"revoked":null} 
[2026-05-19 05:43:41] local.INFO: User authenticated via bearer token {"user_id":68,"user_email":"freelancerzahedcreator@gmail.com"} 
[2026-05-19 05:43:41] local.INFO: Returning campaigns for user {"user_id":68,"campaign_count":9,"statuses":["draft","live","draft","draft","draft","draft","live","live","draft"]} 
[2026-05-19 05:44:10] local.INFO: ParseBearerToken middleware invoked {"path":"/api/v2/campaign","method":"GET","has_auth_header":true,"auth_header_preview":"Bearer 171|K7b9U4PgNUTaGbhtLCl...","is_bearer":true} 
[2026-05-19 05:44:10] local.INFO: Extracted bearer token {"token_preview":"171|K7b9U4...","token_length":52} 
[2026-05-19 05:44:10] local.INFO: Found personal access token {"token_id":171,"user_id":68,"revoked":null} 
[2026-05-19 05:44:10] local.INFO: User authenticated via bearer token {"user_id":68,"user_email":"freelancerzahedcreator@gmail.com"} 
[2026-05-19 05:44:10] local.INFO: Returning campaigns for user {"user_id":68,"campaign_count":9,"statuses":["draft","live","draft","draft","draft","draft","live","live","draft"]} 
[2026-05-19 05:44:14] local.INFO: ParseBearerToken middleware invoked {"path":"/api/v2/campaign","method":"GET","has_auth_header":true,"auth_header_preview":"Bearer 171|K7b9U4PgNUTaGbhtLCl...","is_bearer":true} 
[2026-05-19 05:44:14] local.INFO: Extracted bearer token {"token_preview":"171|K7b9U4...","token_length":52} 
[2026-05-19 05:44:14] local.INFO: Found personal access token {"token_id":171,"user_id":68,"revoked":null} 
[2026-05-19 05:44:14] local.INFO: User authenticated via bearer token {"user_id":68,"user_email":"freelancerzahedcreator@gmail.com"} 
[2026-05-19 05:44:14] local.INFO: Returning campaigns for user {"user_id":68,"campaign_count":9,"statuses":["draft","live","draft","draft","draft","draft","live","live","draft"]} 
[2026-05-19 05:44:15] local.INFO: ParseBearerToken middleware invoked {"path":"/api/v2/campaign","method":"GET","has_auth_header":true,"auth_header_preview":"Bearer 171|K7b9U4PgNUTaGbhtLCl...","is_bearer":true} 
[2026-05-19 05:44:15] local.INFO: Extracted bearer token {"token_preview":"171|K7b9U4...","token_length":52} 
[2026-05-19 05:44:15] local.INFO: Found personal access token {"token_id":171,"user_id":68,"revoked":null} 
[2026-05-19 05:44:15] local.INFO: User authenticated via bearer token {"user_id":68,"user_email":"freelancerzahedcreator@gmail.com"} 
[2026-05-19 05:44:15] local.INFO: Returning campaigns for user {"user_id":68,"campaign_count":9,"statuses":["draft","live","draft","draft","draft","draft","live","live","draft"]} 
[2026-05-19 05:44:44] local.INFO: ParseBearerToken middleware invoked {"path":"/api/v2/campaign","method":"GET","has_auth_header":true,"auth_header_preview":"Bearer 171|K7b9U4PgNUTaGbhtLCl...","is_bearer":true} 
[2026-05-19 05:44:44] local.INFO: Extracted bearer token {"token_preview":"171|K7b9U4...","token_length":52} 
[2026-05-19 05:44:44] local.INFO: Found personal access token {"token_id":171,"user_id":68,"revoked":null} 
[2026-05-19 05:44:44] local.INFO: User authenticated via bearer token {"user_id":68,"user_email":"freelancerzahedcreator@gmail.com"} 
[2026-05-19 05:44:44] local.INFO: Returning campaigns for user {"user_id":68,"campaign_count":9,"statuses":["draft","live","draft","draft","draft","draft","live","live","draft"]} 
[2026-05-19 05:44:48] local.INFO: ParseBearerToken middleware invoked {"path":"/api/v2/campaign","method":"GET","has_auth_header":true,"auth_header_preview":"Bearer 171|K7b9U4PgNUTaGbhtLCl...","is_bearer":true} 
[2026-05-19 05:44:48] local.INFO: Extracted bearer token {"token_preview":"171|K7b9U4...","token_length":52} 
[2026-05-19 05:44:48] local.INFO: Found personal access token {"token_id":171,"user_id":68,"revoked":null} 
[2026-05-19 05:44:48] local.INFO: User authenticated via bearer token {"user_id":68,"user_email":"freelancerzahedcreator@gmail.com"} 
[2026-05-19 05:44:48] local.INFO: Returning campaigns for user {"user_id":68,"campaign_count":9,"statuses":["draft","live","draft","draft","draft","draft","live","live","draft"]} 
[2026-05-19 05:44:48] local.INFO: ParseBearerToken middleware invoked {"path":"/api/v2/campaign","method":"GET","has_auth_header":true,"auth_header_preview":"Bearer 171|K7b9U4PgNUTaGbhtLCl...","is_bearer":true} 
[2026-05-19 05:44:48] local.INFO: Extracted bearer token {"token_preview":"171|K7b9U4...","token_length":52} 
[2026-05-19 05:44:48] local.INFO: Found personal access token {"token_id":171,"user_id":68,"revoked":null} 
[2026-05-19 05:44:48] local.INFO: User authenticated via bearer token {"user_id":68,"user_email":"freelancerzahedcreator@gmail.com"} 
[2026-05-19 05:44:48] local.INFO: Returning campaigns for user {"user_id":68,"campaign_count":9,"statuses":["draft","live","draft","draft","draft","draft","live","live","draft"]} 
[2026-05-19 05:44:56] local.INFO: ParseBearerToken middleware invoked {"path":"/api/v2/campaign","method":"GET","has_auth_header":true,"auth_header_preview":"Bearer 171|K7b9U4PgNUTaGbhtLCl...","is_bearer":true} 
[2026-05-19 05:44:56] local.INFO: Extracted bearer token {"token_preview":"171|K7b9U4...","token_length":52} 
[2026-05-19 05:44:56] local.INFO: Found personal access token {"token_id":171,"user_id":68,"revoked":null} 
[2026-05-19 05:44:56] local.INFO: User authenticated via bearer token {"user_id":68,"user_email":"freelancerzahedcreator@gmail.com"} 
[2026-05-19 05:44:56] local.INFO: Returning campaigns for user {"user_id":68,"campaign_count":9,"statuses":["draft","live","draft","draft","draft","draft","live","live","draft"]} 
[2026-05-19 05:44:57] local.INFO: ParseBearerToken middleware invoked {"path":"/api/v2/campaign","method":"GET","has_auth_header":true,"auth_header_preview":"Bearer 171|K7b9U4PgNUTaGbhtLCl...","is_bearer":true} 
[2026-05-19 05:44:57] local.INFO: Extracted bearer token {"token_preview":"171|K7b9U4...","token_length":52} 
[2026-05-19 05:44:57] local.INFO: Found personal access token {"token_id":171,"user_id":68,"revoked":null} 
[2026-05-19 05:44:57] local.INFO: User authenticated via bearer token {"user_id":68,"user_email":"freelancerzahedcreator@gmail.com"} 
[2026-05-19 05:44:57] local.INFO: Returning campaigns for user {"user_id":68,"campaign_count":9,"statuses":["draft","live","draft","draft","draft","draft","live","live","draft"]} 
[2026-05-19 05:44:58] local.INFO: ParseBearerToken middleware invoked {"path":"/api/v2/campaign","method":"GET","has_auth_header":true,"auth_header_preview":"Bearer 171|K7b9U4PgNUTaGbhtLCl...","is_bearer":true} 
[2026-05-19 05:44:58] local.INFO: Extracted bearer token {"token_preview":"171|K7b9U4...","token_length":52} 
[2026-05-19 05:44:58] local.INFO: Found personal access token {"token_id":171,"user_id":68,"revoked":null} 
[2026-05-19 05:44:58] local.INFO: User authenticated via bearer token {"user_id":68,"user_email":"freelancerzahedcreator@gmail.com"} 
[2026-05-19 05:44:58] local.INFO: Returning campaigns for user {"user_id":68,"campaign_count":9,"statuses":["draft","live","draft","draft","draft","draft","live","live","draft"]} 
[2026-05-19 05:44:59] local.INFO: ParseBearerToken middleware invoked {"path":"/api/v2/campaign","method":"GET","has_auth_header":true,"auth_header_preview":"Bearer 171|K7b9U4PgNUTaGbhtLCl...","is_bearer":true} 
[2026-05-19 05:44:59] local.INFO: Extracted bearer token {"token_preview":"171|K7b9U4...","token_length":52} 
[2026-05-19 05:44:59] local.INFO: Found personal access token {"token_id":171,"user_id":68,"revoked":null} 
[2026-05-19 05:44:59] local.INFO: User authenticated via bearer token {"user_id":68,"user_email":"freelancerzahedcreator@gmail.com"} 
[2026-05-19 05:44:59] local.INFO: Returning campaigns for user {"user_id":68,"campaign_count":9,"statuses":["draft","live","draft","draft","draft","draft","live","live","draft"]} 
[2026-05-19 05:45:29] local.INFO: ParseBearerToken middleware invoked {"path":"/api/v2/campaign","method":"GET","has_auth_header":true,"auth_header_preview":"Bearer 171|K7b9U4PgNUTaGbhtLCl...","is_bearer":true} 
[2026-05-19 05:45:29] local.INFO: Extracted bearer token {"token_preview":"171|K7b9U4...","token_length":52} 
[2026-05-19 05:45:29] local.INFO: Found personal access token {"token_id":171,"user_id":68,"revoked":null} 
[2026-05-19 05:45:29] local.INFO: User authenticated via bearer token {"user_id":68,"user_email":"freelancerzahedcreator@gmail.com"} 
[2026-05-19 05:45:29] local.INFO: Returning campaigns for user {"user_id":68,"campaign_count":9,"statuses":["draft","live","draft","draft","draft","draft","live","live","draft"]} 
[2026-05-19 05:45:59] local.INFO: ParseBearerToken middleware invoked {"path":"/api/v2/campaign","method":"GET","has_auth_header":true,"auth_header_preview":"Bearer 171|K7b9U4PgNUTaGbhtLCl...","is_bearer":true} 
[2026-05-19 05:45:59] local.INFO: Extracted bearer token {"token_preview":"171|K7b9U4...","token_length":52} 
[2026-05-19 05:45:59] local.INFO: Found personal access token {"token_id":171,"user_id":68,"revoked":null} 
[2026-05-19 05:45:59] local.INFO: User authenticated via bearer token {"user_id":68,"user_email":"freelancerzahedcreator@gmail.com"} 
[2026-05-19 05:45:59] local.INFO: Returning campaigns for user {"user_id":68,"campaign_count":9,"statuses":["draft","live","draft","draft","draft","draft","live","live","draft"]} 
[2026-05-19 05:46:29] local.INFO: ParseBearerToken middleware invoked {"path":"/api/v2/campaign","method":"GET","has_auth_header":true,"auth_header_preview":"Bearer 171|K7b9U4PgNUTaGbhtLCl...","is_bearer":true} 
[2026-05-19 05:46:29] local.INFO: Extracted bearer token {"token_preview":"171|K7b9U4...","token_length":52} 
[2026-05-19 05:46:29] local.INFO: Found personal access token {"token_id":171,"user_id":68,"revoked":null} 
[2026-05-19 05:46:29] local.INFO: User authenticated via bearer token {"user_id":68,"user_email":"freelancerzahedcreator@gmail.com"} 
[2026-05-19 05:46:29] local.INFO: Returning campaigns for user {"user_id":68,"campaign_count":9,"statuses":["draft","live","draft","draft","draft","draft","live","live","draft"]} 
[2026-05-19 05:46:45] local.INFO: ParseBearerToken middleware invoked {"path":"/api/v2/campaign","method":"GET","has_auth_header":true,"auth_header_preview":"Bearer 171|K7b9U4PgNUTaGbhtLCl...","is_bearer":true} 
[2026-05-19 05:46:45] local.INFO: Extracted bearer token {"token_preview":"171|K7b9U4...","token_length":52} 
[2026-05-19 05:46:45] local.INFO: Found personal access token {"token_id":171,"user_id":68,"revoked":null} 
[2026-05-19 05:46:45] local.INFO: User authenticated via bearer token {"user_id":68,"user_email":"freelancerzahedcreator@gmail.com"} 
[2026-05-19 05:46:45] local.INFO: Returning campaigns for user {"user_id":68,"campaign_count":9,"statuses":["draft","live","draft","draft","draft","draft","live","live","draft"]} 
[2026-05-19 05:46:46] local.INFO: ParseBearerToken middleware invoked {"path":"/api/v2/campaign","method":"GET","has_auth_header":true,"auth_header_preview":"Bearer 171|K7b9U4PgNUTaGbhtLCl...","is_bearer":true} 
[2026-05-19 05:46:46] local.INFO: Extracted bearer token {"token_preview":"171|K7b9U4...","token_length":52} 
[2026-05-19 05:46:46] local.INFO: Found personal access token {"token_id":171,"user_id":68,"revoked":null} 
[2026-05-19 05:46:46] local.INFO: User authenticated via bearer token {"user_id":68,"user_email":"freelancerzahedcreator@gmail.com"} 
[2026-05-19 05:46:46] local.INFO: Returning campaigns for user {"user_id":68,"campaign_count":9,"statuses":["draft","live","draft","draft","draft","draft","live","live","draft"]} 
[2026-05-19 05:47:15] local.INFO: ParseBearerToken middleware invoked {"path":"/api/v2/campaign","method":"GET","has_auth_header":true,"auth_header_preview":"Bearer 171|K7b9U4PgNUTaGbhtLCl...","is_bearer":true} 
[2026-05-19 05:47:15] local.INFO: Extracted bearer token {"token_preview":"171|K7b9U4...","token_length":52} 
[2026-05-19 05:47:15] local.INFO: Found personal access token {"token_id":171,"user_id":68,"revoked":null} 
[2026-05-19 05:47:15] local.INFO: User authenticated via bearer token {"user_id":68,"user_email":"freelancerzahedcreator@gmail.com"} 
[2026-05-19 05:47:15] local.INFO: Returning campaigns for user {"user_id":68,"campaign_count":9,"statuses":["draft","live","draft","draft","draft","draft","live","live","draft"]} 
[2026-05-19 05:47:45] local.INFO: ParseBearerToken middleware invoked {"path":"/api/v2/campaign","method":"GET","has_auth_header":true,"auth_header_preview":"Bearer 171|K7b9U4PgNUTaGbhtLCl...","is_bearer":true} 
[2026-05-19 05:47:45] local.INFO: Extracted bearer token {"token_preview":"171|K7b9U4...","token_length":52} 
[2026-05-19 05:47:45] local.INFO: Found personal access token {"token_id":171,"user_id":68,"revoked":null} 
[2026-05-19 05:47:45] local.INFO: User authenticated via bearer token {"user_id":68,"user_email":"freelancerzahedcreator@gmail.com"} 
[2026-05-19 05:47:45] local.INFO: Returning campaigns for user {"user_id":68,"campaign_count":9,"statuses":["draft","live","draft","draft","draft","draft","live","live","draft"]} 
[2026-05-19 05:48:15] local.INFO: ParseBearerToken middleware invoked {"path":"/api/v2/campaign","method":"GET","has_auth_header":true,"auth_header_preview":"Bearer 171|K7b9U4PgNUTaGbhtLCl...","is_bearer":true} 
[2026-05-19 05:48:15] local.INFO: Extracted bearer token {"token_preview":"171|K7b9U4...","token_length":52} 
[2026-05-19 05:48:15] local.INFO: Found personal access token {"token_id":171,"user_id":68,"revoked":null} 
[2026-05-19 05:48:15] local.INFO: User authenticated via bearer token {"user_id":68,"user_email":"freelancerzahedcreator@gmail.com"} 
[2026-05-19 05:48:15] local.INFO: Returning campaigns for user {"user_id":68,"campaign_count":9,"statuses":["draft","live","draft","draft","draft","draft","live","live","draft"]} 
[2026-05-19 05:48:45] local.INFO: ParseBearerToken middleware invoked {"path":"/api/v2/campaign","method":"GET","has_auth_header":true,"auth_header_preview":"Bearer 171|K7b9U4PgNUTaGbhtLCl...","is_bearer":true} 
[2026-05-19 05:48:45] local.INFO: Extracted bearer token {"token_preview":"171|K7b9U4...","token_length":52} 
[2026-05-19 05:48:45] local.INFO: Found personal access token {"token_id":171,"user_id":68,"revoked":null} 
[2026-05-19 05:48:45] local.INFO: User authenticated via bearer token {"user_id":68,"user_email":"freelancerzahedcreator@gmail.com"} 
[2026-05-19 05:48:45] local.INFO: Returning campaigns for user {"user_id":68,"campaign_count":9,"statuses":["draft","live","draft","draft","draft","draft","live","live","draft"]} 
[2026-05-19 05:49:15] local.INFO: ParseBearerToken middleware invoked {"path":"/api/v2/campaign","method":"GET","has_auth_header":true,"auth_header_preview":"Bearer 171|K7b9U4PgNUTaGbhtLCl...","is_bearer":true} 
[2026-05-19 05:49:15] local.INFO: Extracted bearer token {"token_preview":"171|K7b9U4...","token_length":52} 
[2026-05-19 05:49:15] local.INFO: Found personal access token {"token_id":171,"user_id":68,"revoked":null} 
[2026-05-19 05:49:15] local.INFO: User authenticated via bearer token {"user_id":68,"user_email":"freelancerzahedcreator@gmail.com"} 
[2026-05-19 05:49:15] local.INFO: Returning campaigns for user {"user_id":68,"campaign_count":9,"statuses":["draft","live","draft","draft","draft","draft","live","live","draft"]} 
[2026-05-19 05:49:45] local.INFO: ParseBearerToken middleware invoked {"path":"/api/v2/campaign","method":"GET","has_auth_header":true,"auth_header_preview":"Bearer 171|K7b9U4PgNUTaGbhtLCl...","is_bearer":true} 
[2026-05-19 05:49:45] local.INFO: Extracted bearer token {"token_preview":"171|K7b9U4...","token_length":52} 
[2026-05-19 05:49:45] local.INFO: Found personal access token {"token_id":171,"user_id":68,"revoked":null} 
[2026-05-19 05:49:45] local.INFO: User authenticated via bearer token {"user_id":68,"user_email":"freelancerzahedcreator@gmail.com"} 
[2026-05-19 05:49:45] local.INFO: Returning campaigns for user {"user_id":68,"campaign_count":9,"statuses":["draft","live","draft","draft","draft","draft","live","live","draft"]} 
[2026-05-19 05:50:16] local.INFO: ParseBearerToken middleware invoked {"path":"/api/v2/campaign","method":"GET","has_auth_header":true,"auth_header_preview":"Bearer 171|K7b9U4PgNUTaGbhtLCl...","is_bearer":true} 
[2026-05-19 05:50:16] local.INFO: Extracted bearer token {"token_preview":"171|K7b9U4...","token_length":52} 
[2026-05-19 05:50:16] local.INFO: Found personal access token {"token_id":171,"user_id":68,"revoked":null} 
[2026-05-19 05:50:16] local.INFO: User authenticated via bearer token {"user_id":68,"user_email":"freelancerzahedcreator@gmail.com"} 
[2026-05-19 05:50:16] local.INFO: Returning campaigns for user {"user_id":68,"campaign_count":9,"statuses":["draft","live","draft","draft","draft","draft","live","live","draft"]} 
[2026-05-19 05:50:45] local.INFO: ParseBearerToken middleware invoked {"path":"/api/v2/campaign","method":"GET","has_auth_header":true,"auth_header_preview":"Bearer 171|K7b9U4PgNUTaGbhtLCl...","is_bearer":true} 
[2026-05-19 05:50:45] local.INFO: Extracted bearer token {"token_preview":"171|K7b9U4...","token_length":52} 
[2026-05-19 05:50:45] local.INFO: Found personal access token {"token_id":171,"user_id":68,"revoked":null} 
[2026-05-19 05:50:45] local.INFO: User authenticated via bearer token {"user_id":68,"user_email":"freelancerzahedcreator@gmail.com"} 
[2026-05-19 05:50:45] local.INFO: Returning campaigns for user {"user_id":68,"campaign_count":9,"statuses":["draft","live","draft","draft","draft","draft","live","live","draft"]} 
[2026-05-19 05:51:16] local.INFO: ParseBearerToken middleware invoked {"path":"/api/v2/campaign","method":"GET","has_auth_header":true,"auth_header_preview":"Bearer 171|K7b9U4PgNUTaGbhtLCl...","is_bearer":true} 
[2026-05-19 05:51:16] local.INFO: Extracted bearer token {"token_preview":"171|K7b9U4...","token_length":52} 
[2026-05-19 05:51:16] local.INFO: Found personal access token {"token_id":171,"user_id":68,"revoked":null} 
[2026-05-19 05:51:16] local.INFO: User authenticated via bearer token {"user_id":68,"user_email":"freelancerzahedcreator@gmail.com"} 
[2026-05-19 05:51:16] local.INFO: Returning campaigns for user {"user_id":68,"campaign_count":9,"statuses":["draft","live","draft","draft","draft","draft","live","live","draft"]} 
[2026-05-19 05:51:45] local.INFO: ParseBearerToken middleware invoked {"path":"/api/v2/campaign","method":"GET","has_auth_header":true,"auth_header_preview":"Bearer 171|K7b9U4PgNUTaGbhtLCl...","is_bearer":true} 
[2026-05-19 05:51:45] local.INFO: Extracted bearer token {"token_preview":"171|K7b9U4...","token_length":52} 
[2026-05-19 05:51:45] local.INFO: Found personal access token {"token_id":171,"user_id":68,"revoked":null} 
[2026-05-19 05:51:45] local.INFO: User authenticated via bearer token {"user_id":68,"user_email":"freelancerzahedcreator@gmail.com"} 
[2026-05-19 05:51:45] local.INFO: Returning campaigns for user {"user_id":68,"campaign_count":9,"statuses":["draft","live","draft","draft","draft","draft","live","live","draft"]} 
[2026-05-19 05:52:15] local.INFO: ParseBearerToken middleware invoked {"path":"/api/v2/campaign","method":"GET","has_auth_header":true,"auth_header_preview":"Bearer 171|K7b9U4PgNUTaGbhtLCl...","is_bearer":true} 
[2026-05-19 05:52:15] local.INFO: Extracted bearer token {"token_preview":"171|K7b9U4...","token_length":52} 
[2026-05-19 05:52:15] local.INFO: Found personal access token {"token_id":171,"user_id":68,"revoked":null} 
[2026-05-19 05:52:15] local.INFO: User authenticated via bearer token {"user_id":68,"user_email":"freelancerzahedcreator@gmail.com"} 
[2026-05-19 05:52:15] local.INFO: Returning campaigns for user {"user_id":68,"campaign_count":9,"statuses":["draft","live","draft","draft","draft","draft","live","live","draft"]} 
[2026-05-19 05:52:45] local.INFO: ParseBearerToken middleware invoked {"path":"/api/v2/campaign","method":"GET","has_auth_header":true,"auth_header_preview":"Bearer 171|K7b9U4PgNUTaGbhtLCl...","is_bearer":true} 
[2026-05-19 05:52:45] local.INFO: Extracted bearer token {"token_preview":"171|K7b9U4...","token_length":52} 
[2026-05-19 05:52:45] local.INFO: Found personal access token {"token_id":171,"user_id":68,"revoked":null} 
[2026-05-19 05:52:45] local.INFO: User authenticated via bearer token {"user_id":68,"user_email":"freelancerzahedcreator@gmail.com"} 
[2026-05-19 05:52:45] local.INFO: Returning campaigns for user {"user_id":68,"campaign_count":9,"statuses":["draft","live","draft","draft","draft","draft","live","live","draft"]} 
[2026-05-19 05:53:15] local.INFO: ParseBearerToken middleware invoked {"path":"/api/v2/campaign","method":"GET","has_auth_header":true,"auth_header_preview":"Bearer 171|K7b9U4PgNUTaGbhtLCl...","is_bearer":true} 
[2026-05-19 05:53:15] local.INFO: Extracted bearer token {"token_preview":"171|K7b9U4...","token_length":52} 
[2026-05-19 05:53:15] local.INFO: Found personal access token {"token_id":171,"user_id":68,"revoked":null} 
[2026-05-19 05:53:15] local.INFO: User authenticated via bearer token {"user_id":68,"user_email":"freelancerzahedcreator@gmail.com"} 
[2026-05-19 05:53:15] local.INFO: Returning campaigns for user {"user_id":68,"campaign_count":9,"statuses":["draft","live","draft","draft","draft","draft","live","live","draft"]} 
[2026-05-19 05:53:42] local.INFO: ParseBearerToken middleware invoked {"path":"/api/v2/campaign","method":"GET","has_auth_header":true,"auth_header_preview":"Bearer 171|K7b9U4PgNUTaGbhtLCl...","is_bearer":true} 
[2026-05-19 05:53:42] local.INFO: Extracted bearer token {"token_preview":"171|K7b9U4...","token_length":52} 
[2026-05-19 05:53:42] local.INFO: Found personal access token {"token_id":171,"user_id":68,"revoked":null} 
[2026-05-19 05:53:42] local.INFO: User authenticated via bearer token {"user_id":68,"user_email":"freelancerzahedcreator@gmail.com"} 
[2026-05-19 05:53:42] local.INFO: Returning campaigns for user {"user_id":68,"campaign_count":9,"statuses":["draft","live","draft","draft","draft","draft","live","live","draft"]} 
[2026-05-19 05:53:43] local.INFO: ParseBearerToken middleware invoked {"path":"/api/v2/campaign","method":"GET","has_auth_header":true,"auth_header_preview":"Bearer 171|K7b9U4PgNUTaGbhtLCl...","is_bearer":true} 
[2026-05-19 05:53:43] local.INFO: Extracted bearer token {"token_preview":"171|K7b9U4...","token_length":52} 
[2026-05-19 05:53:43] local.INFO: Found personal access token {"token_id":171,"user_id":68,"revoked":null} 
[2026-05-19 05:53:43] local.INFO: User authenticated via bearer token {"user_id":68,"user_email":"freelancerzahedcreator@gmail.com"} 
[2026-05-19 05:53:43] local.INFO: Returning campaigns for user {"user_id":68,"campaign_count":9,"statuses":["draft","live","draft","draft","draft","draft","live","live","draft"]} 
[2026-05-19 05:53:48] local.INFO: ParseBearerToken middleware invoked {"path":"/api/v2/campaign","method":"GET","has_auth_header":true,"auth_header_preview":"Bearer 171|K7b9U4PgNUTaGbhtLCl...","is_bearer":true} 
[2026-05-19 05:53:48] local.INFO: Extracted bearer token {"token_preview":"171|K7b9U4...","token_length":52} 
[2026-05-19 05:53:48] local.INFO: Found personal access token {"token_id":171,"user_id":68,"revoked":null} 
[2026-05-19 05:53:48] local.INFO: User authenticated via bearer token {"user_id":68,"user_email":"freelancerzahedcreator@gmail.com"} 
[2026-05-19 05:53:48] local.INFO: Returning campaigns for user {"user_id":68,"campaign_count":9,"statuses":["draft","live","draft","draft","draft","draft","live","live","draft"]} 
[2026-05-19 05:53:49] local.INFO: ParseBearerToken middleware invoked {"path":"/api/v2/campaign","method":"GET","has_auth_header":true,"auth_header_preview":"Bearer 171|K7b9U4PgNUTaGbhtLCl...","is_bearer":true} 
[2026-05-19 05:53:49] local.INFO: Extracted bearer token {"token_preview":"171|K7b9U4...","token_length":52} 
[2026-05-19 05:53:49] local.INFO: Found personal access token {"token_id":171,"user_id":68,"revoked":null} 
[2026-05-19 05:53:49] local.INFO: User authenticated via bearer token {"user_id":68,"user_email":"freelancerzahedcreator@gmail.com"} 
[2026-05-19 05:53:49] local.INFO: Returning campaigns for user {"user_id":68,"campaign_count":9,"statuses":["draft","live","draft","draft","draft","draft","live","live","draft"]} 
[2026-05-19 05:56:01] local.DEBUG: reCAPTCHA enabled: false  
[2026-05-19 05:56:02] local.DEBUG: reCAPTCHA enabled: false  
[2026-05-19 05:56:03] local.DEBUG: reCAPTCHA enabled: false  
[2026-05-19 05:56:03] local.DEBUG: reCAPTCHA enabled: false  
[2026-05-19 05:58:43] local.DEBUG: reCAPTCHA enabled: false  
[2026-05-19 05:58:43] local.DEBUG: reCAPTCHA enabled: false  
[2026-05-19 05:58:44] local.DEBUG: reCAPTCHA enabled: false  
[2026-05-19 05:58:44] local.DEBUG: reCAPTCHA enabled: false  
[2026-05-19 06:01:44] local.DEBUG: reCAPTCHA enabled: false  
[2026-05-19 06:01:45] local.DEBUG: reCAPTCHA enabled: false  
[2026-05-19 06:01:45] local.DEBUG: reCAPTCHA enabled: false  
[2026-05-19 06:01:46] local.DEBUG: reCAPTCHA enabled: false  
[2026-05-19 06:02:57] local.INFO: ParseBearerToken middleware invoked {"path":"/api/v2/campaign","method":"GET","has_auth_header":true,"auth_header_preview":"Bearer 171|K7b9U4PgNUTaGbhtLCl...","is_bearer":true} 
[2026-05-19 06:02:57] local.INFO: Extracted bearer token {"token_preview":"171|K7b9U4...","token_length":52} 
[2026-05-19 06:02:57] local.INFO: Found personal access token {"token_id":171,"user_id":68,"revoked":null} 
[2026-05-19 06:02:57] local.INFO: User authenticated via bearer token {"user_id":68,"user_email":"freelancerzahedcreator@gmail.com"} 
[2026-05-19 06:02:57] local.INFO: Returning campaigns for user {"user_id":68,"campaign_count":9,"statuses":["draft","live","draft","draft","draft","draft","live","live","draft"]} 
[2026-05-19 06:02:57] local.INFO: ParseBearerToken middleware invoked {"path":"/api/v2/campaign","method":"GET","has_auth_header":true,"auth_header_preview":"Bearer 171|K7b9U4PgNUTaGbhtLCl...","is_bearer":true} 
[2026-05-19 06:02:57] local.INFO: Extracted bearer token {"token_preview":"171|K7b9U4...","token_length":52} 
[2026-05-19 06:02:57] local.INFO: Found personal access token {"token_id":171,"user_id":68,"revoked":null} 
[2026-05-19 06:02:57] local.INFO: User authenticated via bearer token {"user_id":68,"user_email":"freelancerzahedcreator@gmail.com"} 
[2026-05-19 06:02:57] local.INFO: Returning campaigns for user {"user_id":68,"campaign_count":9,"statuses":["draft","live","draft","draft","draft","draft","live","live","draft"]} 
[2026-05-19 06:03:00] local.INFO: ParseBearerToken middleware invoked {"path":"/api/v2/campaign","method":"GET","has_auth_header":true,"auth_header_preview":"Bearer 171|K7b9U4PgNUTaGbhtLCl...","is_bearer":true} 
[2026-05-19 06:03:00] local.INFO: Extracted bearer token {"token_preview":"171|K7b9U4...","token_length":52} 
[2026-05-19 06:03:00] local.INFO: Found personal access token {"token_id":171,"user_id":68,"revoked":null} 
[2026-05-19 06:03:00] local.INFO: User authenticated via bearer token {"user_id":68,"user_email":"freelancerzahedcreator@gmail.com"} 
[2026-05-19 06:03:00] local.INFO: Returning campaigns for user {"user_id":68,"campaign_count":9,"statuses":["draft","live","draft","draft","draft","draft","live","live","draft"]} 
[2026-05-19 06:03:01] local.INFO: ParseBearerToken middleware invoked {"path":"/api/v2/campaign","method":"GET","has_auth_header":true,"auth_header_preview":"Bearer 171|K7b9U4PgNUTaGbhtLCl...","is_bearer":true} 
[2026-05-19 06:03:01] local.INFO: Extracted bearer token {"token_preview":"171|K7b9U4...","token_length":52} 
[2026-05-19 06:03:01] local.INFO: Found personal access token {"token_id":171,"user_id":68,"revoked":null} 
[2026-05-19 06:03:01] local.INFO: User authenticated via bearer token {"user_id":68,"user_email":"freelancerzahedcreator@gmail.com"} 
[2026-05-19 06:03:01] local.INFO: Returning campaigns for user {"user_id":68,"campaign_count":9,"statuses":["draft","live","draft","draft","draft","draft","live","live","draft"]} 
[2026-05-19 06:03:12] local.INFO: ParseBearerToken middleware invoked {"path":"/api/v2/campaign","method":"GET","has_auth_header":true,"auth_header_preview":"Bearer 171|K7b9U4PgNUTaGbhtLCl...","is_bearer":true} 
[2026-05-19 06:03:12] local.INFO: Extracted bearer token {"token_preview":"171|K7b9U4...","token_length":52} 
[2026-05-19 06:03:12] local.INFO: Found personal access token {"token_id":171,"user_id":68,"revoked":null} 
[2026-05-19 06:03:12] local.INFO: User authenticated via bearer token {"user_id":68,"user_email":"freelancerzahedcreator@gmail.com"} 
[2026-05-19 06:03:12] local.INFO: Returning campaigns for user {"user_id":68,"campaign_count":9,"statuses":["draft","live","draft","draft","draft","draft","live","live","draft"]} 
[2026-05-19 06:03:12] local.INFO: ParseBearerToken middleware invoked {"path":"/api/v2/campaign","method":"GET","has_auth_header":true,"auth_header_preview":"Bearer 171|K7b9U4PgNUTaGbhtLCl...","is_bearer":true} 
[2026-05-19 06:03:12] local.INFO: Extracted bearer token {"token_preview":"171|K7b9U4...","token_length":52} 
[2026-05-19 06:03:12] local.INFO: Found personal access token {"token_id":171,"user_id":68,"revoked":null} 
[2026-05-19 06:03:12] local.INFO: User authenticated via bearer token {"user_id":68,"user_email":"freelancerzahedcreator@gmail.com"} 
[2026-05-19 06:03:12] local.INFO: Returning campaigns for user {"user_id":68,"campaign_count":9,"statuses":["draft","live","draft","draft","draft","draft","live","live","draft"]} 
[2026-05-19 06:03:22] local.INFO: ParseBearerToken middleware invoked {"path":"/api/v2/campaign","method":"GET","has_auth_header":true,"auth_header_preview":"Bearer 171|K7b9U4PgNUTaGbhtLCl...","is_bearer":true} 
[2026-05-19 06:03:22] local.INFO: Extracted bearer token {"token_preview":"171|K7b9U4...","token_length":52} 
[2026-05-19 06:03:22] local.INFO: Found personal access token {"token_id":171,"user_id":68,"revoked":null} 
[2026-05-19 06:03:22] local.INFO: User authenticated via bearer token {"user_id":68,"user_email":"freelancerzahedcreator@gmail.com"} 
[2026-05-19 06:03:22] local.INFO: Returning campaigns for user {"user_id":68,"campaign_count":9,"statuses":["draft","live","draft","draft","draft","draft","live","live","draft"]} 
[2026-05-19 06:03:23] local.INFO: ParseBearerToken middleware invoked {"path":"/api/v2/campaign","method":"GET","has_auth_header":true,"auth_header_preview":"Bearer 171|K7b9U4PgNUTaGbhtLCl...","is_bearer":true} 
[2026-05-19 06:03:23] local.INFO: Extracted bearer token {"token_preview":"171|K7b9U4...","token_length":52} 
[2026-05-19 06:03:23] local.INFO: Found personal access token {"token_id":171,"user_id":68,"revoked":null} 
[2026-05-19 06:03:23] local.INFO: User authenticated via bearer token {"user_id":68,"user_email":"freelancerzahedcreator@gmail.com"} 
[2026-05-19 06:03:23] local.INFO: Returning campaigns for user {"user_id":68,"campaign_count":9,"statuses":["draft","live","draft","draft","draft","draft","live","live","draft"]} 
[2026-05-19 13:18:45] local.INFO: ParseBearerToken middleware invoked {"path":"/api/v2/campaign","method":"GET","has_auth_header":true,"auth_header_preview":"Bearer 171|K7b9U4PgNUTaGbhtLCl...","is_bearer":true} 
[2026-05-19 13:18:45] local.INFO: Extracted bearer token {"token_preview":"171|K7b9U4...","token_length":52} 
[2026-05-19 13:18:45] local.INFO: Found personal access token {"token_id":171,"user_id":68,"revoked":null} 
[2026-05-19 13:18:45] local.INFO: User authenticated via bearer token {"user_id":68,"user_email":"freelancerzahedcreator@gmail.com"} 
[2026-05-19 13:18:45] local.INFO: Returning campaigns for user {"user_id":68,"campaign_count":9,"statuses":["draft","live","draft","draft","draft","draft","live","live","draft"]} 
[2026-05-19 13:18:46] local.INFO: ParseBearerToken middleware invoked {"path":"/api/v2/campaign","method":"GET","has_auth_header":true,"auth_header_preview":"Bearer 171|K7b9U4PgNUTaGbhtLCl...","is_bearer":true} 
[2026-05-19 13:18:46] local.INFO: Extracted bearer token {"token_preview":"171|K7b9U4...","token_length":52} 
[2026-05-19 13:18:46] local.INFO: Found personal access token {"token_id":171,"user_id":68,"revoked":null} 
[2026-05-19 13:18:46] local.INFO: User authenticated via bearer token {"user_id":68,"user_email":"freelancerzahedcreator@gmail.com"} 
[2026-05-19 13:18:46] local.INFO: Returning campaigns for user {"user_id":68,"campaign_count":9,"statuses":["draft","live","draft","draft","draft","draft","live","live","draft"]} 
[2026-05-19 13:18:52] local.INFO: ParseBearerToken middleware invoked {"path":"/api/v2/campaign","method":"GET","has_auth_header":true,"auth_header_preview":"Bearer 171|K7b9U4PgNUTaGbhtLCl...","is_bearer":true} 
[2026-05-19 13:18:52] local.INFO: Extracted bearer token {"token_preview":"171|K7b9U4...","token_length":52} 
[2026-05-19 13:18:52] local.INFO: Found personal access token {"token_id":171,"user_id":68,"revoked":null} 
[2026-05-19 13:18:52] local.INFO: User authenticated via bearer token {"user_id":68,"user_email":"freelancerzahedcreator@gmail.com"} 
[2026-05-19 13:18:52] local.INFO: Returning campaigns for user {"user_id":68,"campaign_count":9,"statuses":["draft","live","draft","draft","draft","draft","live","live","draft"]} 
[2026-05-19 13:18:53] local.INFO: ParseBearerToken middleware invoked {"path":"/api/v2/campaign","method":"GET","has_auth_header":true,"auth_header_preview":"Bearer 171|K7b9U4PgNUTaGbhtLCl...","is_bearer":true} 
[2026-05-19 13:18:53] local.INFO: Extracted bearer token {"token_preview":"171|K7b9U4...","token_length":52} 
[2026-05-19 13:18:53] local.INFO: Found personal access token {"token_id":171,"user_id":68,"revoked":null} 
[2026-05-19 13:18:53] local.INFO: User authenticated via bearer token {"user_id":68,"user_email":"freelancerzahedcreator@gmail.com"} 
[2026-05-19 13:18:53] local.INFO: Returning campaigns for user {"user_id":68,"campaign_count":9,"statuses":["draft","live","draft","draft","draft","draft","live","live","draft"]} 
[2026-05-19 13:19:06] local.INFO: ParseBearerToken middleware invoked {"path":"/api/v2/campaign","method":"GET","has_auth_header":true,"auth_header_preview":"Bearer 171|K7b9U4PgNUTaGbhtLCl...","is_bearer":true} 
[2026-05-19 13:19:06] local.INFO: Extracted bearer token {"token_preview":"171|K7b9U4...","token_length":52} 
[2026-05-19 13:19:06] local.INFO: Found personal access token {"token_id":171,"user_id":68,"revoked":null} 
[2026-05-19 13:19:06] local.INFO: User authenticated via bearer token {"user_id":68,"user_email":"freelancerzahedcreator@gmail.com"} 
[2026-05-19 13:19:06] local.INFO: Returning campaigns for user {"user_id":68,"campaign_count":9,"statuses":["draft","live","draft","draft","draft","draft","live","live","draft"]} 
[2026-05-19 13:19:06] local.INFO: ParseBearerToken middleware invoked {"path":"/api/v2/campaign","method":"GET","has_auth_header":true,"auth_header_preview":"Bearer 171|K7b9U4PgNUTaGbhtLCl...","is_bearer":true} 
[2026-05-19 13:19:06] local.INFO: Extracted bearer token {"token_preview":"171|K7b9U4...","token_length":52} 
[2026-05-19 13:19:06] local.INFO: Found personal access token {"token_id":171,"user_id":68,"revoked":null} 
[2026-05-19 13:19:06] local.INFO: User authenticated via bearer token {"user_id":68,"user_email":"freelancerzahedcreator@gmail.com"} 
[2026-05-19 13:19:06] local.INFO: Returning campaigns for user {"user_id":68,"campaign_count":9,"statuses":["draft","live","draft","draft","draft","draft","live","live","draft"]} 
[2026-05-19 13:19:30] local.INFO: ParseBearerToken middleware invoked {"path":"/api/v2/campaign","method":"GET","has_auth_header":true,"auth_header_preview":"Bearer 171|K7b9U4PgNUTaGbhtLCl...","is_bearer":true} 
[2026-05-19 13:19:30] local.INFO: Extracted bearer token {"token_preview":"171|K7b9U4...","token_length":52} 
[2026-05-19 13:19:30] local.INFO: Found personal access token {"token_id":171,"user_id":68,"revoked":null} 
[2026-05-19 13:19:30] local.INFO: User authenticated via bearer token {"user_id":68,"user_email":"freelancerzahedcreator@gmail.com"} 
[2026-05-19 13:19:30] local.INFO: Returning campaigns for user {"user_id":68,"campaign_count":9,"statuses":["draft","live","draft","draft","draft","draft","live","live","draft"]} 
[2026-05-19 13:19:31] local.INFO: ParseBearerToken middleware invoked {"path":"/api/v2/campaign","method":"GET","has_auth_header":true,"auth_header_preview":"Bearer 171|K7b9U4PgNUTaGbhtLCl...","is_bearer":true} 
[2026-05-19 13:19:31] local.INFO: Extracted bearer token {"token_preview":"171|K7b9U4...","token_length":52} 
[2026-05-19 13:19:31] local.INFO: Found personal access token {"token_id":171,"user_id":68,"revoked":null} 
[2026-05-19 13:19:31] local.INFO: User authenticated via bearer token {"user_id":68,"user_email":"freelancerzahedcreator@gmail.com"} 
[2026-05-19 13:19:31] local.INFO: Returning campaigns for user {"user_id":68,"campaign_count":9,"statuses":["draft","live","draft","draft","draft","draft","live","live","draft"]} 
[2026-05-19 13:19:59] local.INFO: ParseBearerToken middleware invoked {"path":"/api/v2/campaign","method":"GET","has_auth_header":true,"auth_header_preview":"Bearer 171|K7b9U4PgNUTaGbhtLCl...","is_bearer":true} 
[2026-05-19 13:19:59] local.INFO: Extracted bearer token {"token_preview":"171|K7b9U4...","token_length":52} 
[2026-05-19 13:19:59] local.INFO: Found personal access token {"token_id":171,"user_id":68,"revoked":null} 
[2026-05-19 13:19:59] local.INFO: User authenticated via bearer token {"user_id":68,"user_email":"freelancerzahedcreator@gmail.com"} 
[2026-05-19 13:19:59] local.INFO: Returning campaigns for user {"user_id":68,"campaign_count":9,"statuses":["draft","live","draft","draft","draft","draft","live","live","draft"]} 
[2026-05-19 13:20:29] local.INFO: ParseBearerToken middleware invoked {"path":"/api/v2/campaign","method":"GET","has_auth_header":true,"auth_header_preview":"Bearer 171|K7b9U4PgNUTaGbhtLCl...","is_bearer":true} 
[2026-05-19 13:20:29] local.INFO: Extracted bearer token {"token_preview":"171|K7b9U4...","token_length":52} 
[2026-05-19 13:20:29] local.INFO: Found personal access token {"token_id":171,"user_id":68,"revoked":null} 
[2026-05-19 13:20:29] local.INFO: User authenticated via bearer token {"user_id":68,"user_email":"freelancerzahedcreator@gmail.com"} 
[2026-05-19 13:20:29] local.INFO: Returning campaigns for user {"user_id":68,"campaign_count":9,"statuses":["draft","live","draft","draft","draft","draft","live","live","draft"]} 
[2026-05-19 13:20:59] local.INFO: ParseBearerToken middleware invoked {"path":"/api/v2/campaign","method":"GET","has_auth_header":true,"auth_header_preview":"Bearer 171|K7b9U4PgNUTaGbhtLCl...","is_bearer":true} 
[2026-05-19 13:20:59] local.INFO: Extracted bearer token {"token_preview":"171|K7b9U4...","token_length":52} 
[2026-05-19 13:20:59] local.INFO: Found personal access token {"token_id":171,"user_id":68,"revoked":null} 
[2026-05-19 13:20:59] local.INFO: User authenticated via bearer token {"user_id":68,"user_email":"freelancerzahedcreator@gmail.com"} 
[2026-05-19 13:20:59] local.INFO: Returning campaigns for user {"user_id":68,"campaign_count":9,"statuses":["draft","live","draft","draft","draft","draft","live","live","draft"]} 
[2026-05-19 13:21:29] local.INFO: ParseBearerToken middleware invoked {"path":"/api/v2/campaign","method":"GET","has_auth_header":true,"auth_header_preview":"Bearer 171|K7b9U4PgNUTaGbhtLCl...","is_bearer":true} 
[2026-05-19 13:21:29] local.INFO: Extracted bearer token {"token_preview":"171|K7b9U4...","token_length":52} 
[2026-05-19 13:21:29] local.INFO: Found personal access token {"token_id":171,"user_id":68,"revoked":null} 
[2026-05-19 13:21:29] local.INFO: User authenticated via bearer token {"user_id":68,"user_email":"freelancerzahedcreator@gmail.com"} 
[2026-05-19 13:21:29] local.INFO: Returning campaigns for user {"user_id":68,"campaign_count":9,"statuses":["draft","live","draft","draft","draft","draft","live","live","draft"]} 
[2026-05-19 13:21:59] local.INFO: ParseBearerToken middleware invoked {"path":"/api/v2/campaign","method":"GET","has_auth_header":true,"auth_header_preview":"Bearer 171|K7b9U4PgNUTaGbhtLCl...","is_bearer":true} 
[2026-05-19 13:21:59] local.INFO: Extracted bearer token {"token_preview":"171|K7b9U4...","token_length":52} 
[2026-05-19 13:21:59] local.INFO: Found personal access token {"token_id":171,"user_id":68,"revoked":null} 
[2026-05-19 13:21:59] local.INFO: User authenticated via bearer token {"user_id":68,"user_email":"freelancerzahedcreator@gmail.com"} 
[2026-05-19 13:21:59] local.INFO: Returning campaigns for user {"user_id":68,"campaign_count":9,"statuses":["draft","live","draft","draft","draft","draft","live","live","draft"]} 
[2026-05-19 13:22:29] local.INFO: ParseBearerToken middleware invoked {"path":"/api/v2/campaign","method":"GET","has_auth_header":true,"auth_header_preview":"Bearer 171|K7b9U4PgNUTaGbhtLCl...","is_bearer":true} 
[2026-05-19 13:22:29] local.INFO: Extracted bearer token {"token_preview":"171|K7b9U4...","token_length":52} 
[2026-05-19 13:22:29] local.INFO: Found personal access token {"token_id":171,"user_id":68,"revoked":null} 
[2026-05-19 13:22:29] local.INFO: User authenticated via bearer token {"user_id":68,"user_email":"freelancerzahedcreator@gmail.com"} 
[2026-05-19 13:22:29] local.INFO: Returning campaigns for user {"user_id":68,"campaign_count":9,"statuses":["draft","live","draft","draft","draft","draft","live","live","draft"]} 
[2026-05-19 13:22:59] local.INFO: ParseBearerToken middleware invoked {"path":"/api/v2/campaign","method":"GET","has_auth_header":true,"auth_header_preview":"Bearer 171|K7b9U4PgNUTaGbhtLCl...","is_bearer":true} 
[2026-05-19 13:22:59] local.INFO: Extracted bearer token {"token_preview":"171|K7b9U4...","token_length":52} 
[2026-05-19 13:22:59] local.INFO: Found personal access token {"token_id":171,"user_id":68,"revoked":null} 
[2026-05-19 13:22:59] local.INFO: User authenticated via bearer token {"user_id":68,"user_email":"freelancerzahedcreator@gmail.com"} 
[2026-05-19 13:22:59] local.INFO: Returning campaigns for user {"user_id":68,"campaign_count":9,"statuses":["draft","live","draft","draft","draft","draft","live","live","draft"]} 
[2026-05-19 13:23:29] local.INFO: ParseBearerToken middleware invoked {"path":"/api/v2/campaign","method":"GET","has_auth_header":true,"auth_header_preview":"Bearer 171|K7b9U4PgNUTaGbhtLCl...","is_bearer":true} 
[2026-05-19 13:23:29] local.INFO: Extracted bearer token {"token_preview":"171|K7b9U4...","token_length":52} 
[2026-05-19 13:23:29] local.INFO: Found personal access token {"token_id":171,"user_id":68,"revoked":null} 
[2026-05-19 13:23:29] local.INFO: User authenticated via bearer token {"user_id":68,"user_email":"freelancerzahedcreator@gmail.com"} 
[2026-05-19 13:23:29] local.INFO: Returning campaigns for user {"user_id":68,"campaign_count":9,"statuses":["draft","live","draft","draft","draft","draft","live","live","draft"]} 
[2026-05-19 13:23:59] local.INFO: ParseBearerToken middleware invoked {"path":"/api/v2/campaign","method":"GET","has_auth_header":true,"auth_header_preview":"Bearer 171|K7b9U4PgNUTaGbhtLCl...","is_bearer":true} 
[2026-05-19 13:23:59] local.INFO: Extracted bearer token {"token_preview":"171|K7b9U4...","token_length":52} 
[2026-05-19 13:23:59] local.INFO: Found personal access token {"token_id":171,"user_id":68,"revoked":null} 
[2026-05-19 13:23:59] local.INFO: User authenticated via bearer token {"user_id":68,"user_email":"freelancerzahedcreator@gmail.com"} 
[2026-05-19 13:23:59] local.INFO: Returning campaigns for user {"user_id":68,"campaign_count":9,"statuses":["draft","live","draft","draft","draft","draft","live","live","draft"]} 
[2026-05-19 13:24:29] local.INFO: ParseBearerToken middleware invoked {"path":"/api/v2/campaign","method":"GET","has_auth_header":true,"auth_header_preview":"Bearer 171|K7b9U4PgNUTaGbhtLCl...","is_bearer":true} 
[2026-05-19 13:24:29] local.INFO: Extracted bearer token {"token_preview":"171|K7b9U4...","token_length":52} 
[2026-05-19 13:24:29] local.INFO: Found personal access token {"token_id":171,"user_id":68,"revoked":null} 
[2026-05-19 13:24:29] local.INFO: User authenticated via bearer token {"user_id":68,"user_email":"freelancerzahedcreator@gmail.com"} 
[2026-05-19 13:24:30] local.INFO: Returning campaigns for user {"user_id":68,"campaign_count":9,"statuses":["draft","live","draft","draft","draft","draft","live","live","draft"]} 
[2026-05-19 13:24:38] local.INFO: ParseBearerToken middleware invoked {"path":"/api/v2/campaign","method":"GET","has_auth_header":true,"auth_header_preview":"Bearer 171|K7b9U4PgNUTaGbhtLCl...","is_bearer":true} 
[2026-05-19 13:24:38] local.INFO: Extracted bearer token {"token_preview":"171|K7b9U4...","token_length":52} 
[2026-05-19 13:24:38] local.INFO: Found personal access token {"token_id":171,"user_id":68,"revoked":null} 
[2026-05-19 13:24:38] local.INFO: User authenticated via bearer token {"user_id":68,"user_email":"freelancerzahedcreator@gmail.com"} 
[2026-05-19 13:24:38] local.INFO: Returning campaigns for user {"user_id":68,"campaign_count":9,"statuses":["draft","live","draft","draft","draft","draft","live","live","draft"]} 
[2026-05-19 13:24:38] local.INFO: ParseBearerToken middleware invoked {"path":"/api/v2/campaign","method":"GET","has_auth_header":true,"auth_header_preview":"Bearer 171|K7b9U4PgNUTaGbhtLCl...","is_bearer":true} 
[2026-05-19 13:24:38] local.INFO: Extracted bearer token {"token_preview":"171|K7b9U4...","token_length":52} 
[2026-05-19 13:24:38] local.INFO: Found personal access token {"token_id":171,"user_id":68,"revoked":null} 
[2026-05-19 13:24:38] local.INFO: User authenticated via bearer token {"user_id":68,"user_email":"freelancerzahedcreator@gmail.com"} 
[2026-05-19 13:24:38] local.INFO: Returning campaigns for user {"user_id":68,"campaign_count":9,"statuses":["draft","live","draft","draft","draft","draft","live","live","draft"]} 
[2026-05-19 13:25:19] local.INFO: ParseBearerToken middleware invoked {"path":"/api/v2/campaign","method":"GET","has_auth_header":true,"auth_header_preview":"Bearer 171|K7b9U4PgNUTaGbhtLCl...","is_bearer":true} 
[2026-05-19 13:25:19] local.INFO: Extracted bearer token {"token_preview":"171|K7b9U4...","token_length":52} 
[2026-05-19 13:25:19] local.INFO: Found personal access token {"token_id":171,"user_id":68,"revoked":null} 
[2026-05-19 13:25:19] local.INFO: User authenticated via bearer token {"user_id":68,"user_email":"freelancerzahedcreator@gmail.com"} 
[2026-05-19 13:25:19] local.INFO: Returning campaigns for user {"user_id":68,"campaign_count":9,"statuses":["draft","live","draft","draft","draft","draft","live","live","draft"]} 
[2026-05-19 13:25:20] local.INFO: ParseBearerToken middleware invoked {"path":"/api/v2/campaign","method":"GET","has_auth_header":true,"auth_header_preview":"Bearer 171|K7b9U4PgNUTaGbhtLCl...","is_bearer":true} 
[2026-05-19 13:25:20] local.INFO: Extracted bearer token {"token_preview":"171|K7b9U4...","token_length":52} 
[2026-05-19 13:25:20] local.INFO: Found personal access token {"token_id":171,"user_id":68,"revoked":null} 
[2026-05-19 13:25:20] local.INFO: User authenticated via bearer token {"user_id":68,"user_email":"freelancerzahedcreator@gmail.com"} 
[2026-05-19 13:25:20] local.INFO: Returning campaigns for user {"user_id":68,"campaign_count":9,"statuses":["draft","live","draft","draft","draft","draft","live","live","draft"]} 
[2026-05-19 13:25:49] local.INFO: ParseBearerToken middleware invoked {"path":"/api/v2/campaign","method":"GET","has_auth_header":true,"auth_header_preview":"Bearer 171|K7b9U4PgNUTaGbhtLCl...","is_bearer":true} 
[2026-05-19 13:25:49] local.INFO: Extracted bearer token {"token_preview":"171|K7b9U4...","token_length":52} 
[2026-05-19 13:25:49] local.INFO: Found personal access token {"token_id":171,"user_id":68,"revoked":null} 
[2026-05-19 13:25:49] local.INFO: User authenticated via bearer token {"user_id":68,"user_email":"freelancerzahedcreator@gmail.com"} 
[2026-05-19 13:25:49] local.INFO: Returning campaigns for user {"user_id":68,"campaign_count":9,"statuses":["draft","live","draft","draft","draft","draft","live","live","draft"]} 
[2026-05-19 13:26:19] local.INFO: ParseBearerToken middleware invoked {"path":"/api/v2/campaign","method":"GET","has_auth_header":true,"auth_header_preview":"Bearer 171|K7b9U4PgNUTaGbhtLCl...","is_bearer":true} 
[2026-05-19 13:26:19] local.INFO: Extracted bearer token {"token_preview":"171|K7b9U4...","token_length":52} 
[2026-05-19 13:26:19] local.INFO: Found personal access token {"token_id":171,"user_id":68,"revoked":null} 
[2026-05-19 13:26:19] local.INFO: User authenticated via bearer token {"user_id":68,"user_email":"freelancerzahedcreator@gmail.com"} 
[2026-05-19 13:26:19] local.INFO: Returning campaigns for user {"user_id":68,"campaign_count":9,"statuses":["draft","live","draft","draft","draft","draft","live","live","draft"]} 
[2026-05-19 13:26:49] local.INFO: ParseBearerToken middleware invoked {"path":"/api/v2/campaign","method":"GET","has_auth_header":true,"auth_header_preview":"Bearer 171|K7b9U4PgNUTaGbhtLCl...","is_bearer":true} 
[2026-05-19 13:26:49] local.INFO: Extracted bearer token {"token_preview":"171|K7b9U4...","token_length":52} 
[2026-05-19 13:26:49] local.INFO: Found personal access token {"token_id":171,"user_id":68,"revoked":null} 
[2026-05-19 13:26:49] local.INFO: User authenticated via bearer token {"user_id":68,"user_email":"freelancerzahedcreator@gmail.com"} 
[2026-05-19 13:26:49] local.INFO: Returning campaigns for user {"user_id":68,"campaign_count":9,"statuses":["draft","live","draft","draft","draft","draft","live","live","draft"]} 
[2026-05-19 13:27:19] local.INFO: ParseBearerToken middleware invoked {"path":"/api/v2/campaign","method":"GET","has_auth_header":true,"auth_header_preview":"Bearer 171|K7b9U4PgNUTaGbhtLCl...","is_bearer":true} 
[2026-05-19 13:27:19] local.INFO: Extracted bearer token {"token_preview":"171|K7b9U4...","token_length":52} 
[2026-05-19 13:27:19] local.INFO: Found personal access token {"token_id":171,"user_id":68,"revoked":null} 
[2026-05-19 13:27:19] local.INFO: User authenticated via bearer token {"user_id":68,"user_email":"freelancerzahedcreator@gmail.com"} 
[2026-05-19 13:27:19] local.INFO: Returning campaigns for user {"user_id":68,"campaign_count":9,"statuses":["draft","live","draft","draft","draft","draft","live","live","draft"]} 
[2026-05-19 13:27:49] local.INFO: ParseBearerToken middleware invoked {"path":"/api/v2/campaign","method":"GET","has_auth_header":true,"auth_header_preview":"Bearer 171|K7b9U4PgNUTaGbhtLCl...","is_bearer":true} 
[2026-05-19 13:27:49] local.INFO: Extracted bearer token {"token_preview":"171|K7b9U4...","token_length":52} 
[2026-05-19 13:27:49] local.INFO: Found personal access token {"token_id":171,"user_id":68,"revoked":null} 
[2026-05-19 13:27:49] local.INFO: User authenticated via bearer token {"user_id":68,"user_email":"freelancerzahedcreator@gmail.com"} 
[2026-05-19 13:27:49] local.INFO: Returning campaigns for user {"user_id":68,"campaign_count":9,"statuses":["draft","live","draft","draft","draft","draft","live","live","draft"]} 
[2026-05-19 13:28:19] local.INFO: ParseBearerToken middleware invoked {"path":"/api/v2/campaign","method":"GET","has_auth_header":true,"auth_header_preview":"Bearer 171|K7b9U4PgNUTaGbhtLCl...","is_bearer":true} 
[2026-05-19 13:28:19] local.INFO: Extracted bearer token {"token_preview":"171|K7b9U4...","token_length":52} 
[2026-05-19 13:28:19] local.INFO: Found personal access token {"token_id":171,"user_id":68,"revoked":null} 
[2026-05-19 13:28:19] local.INFO: User authenticated via bearer token {"user_id":68,"user_email":"freelancerzahedcreator@gmail.com"} 
[2026-05-19 13:28:19] local.INFO: Returning campaigns for user {"user_id":68,"campaign_count":9,"statuses":["draft","live","draft","draft","draft","draft","live","live","draft"]} 
[2026-05-19 13:28:49] local.INFO: ParseBearerToken middleware invoked {"path":"/api/v2/campaign","method":"GET","has_auth_header":true,"auth_header_preview":"Bearer 171|K7b9U4PgNUTaGbhtLCl...","is_bearer":true} 
[2026-05-19 13:28:49] local.INFO: Extracted bearer token {"token_preview":"171|K7b9U4...","token_length":52} 
[2026-05-19 13:28:49] local.INFO: Found personal access token {"token_id":171,"user_id":68,"revoked":null} 
[2026-05-19 13:28:49] local.INFO: User authenticated via bearer token {"user_id":68,"user_email":"freelancerzahedcreator@gmail.com"} 
[2026-05-19 13:28:49] local.INFO: Returning campaigns for user {"user_id":68,"campaign_count":9,"statuses":["draft","live","draft","draft","draft","draft","live","live","draft"]} 
[2026-05-19 13:29:19] local.INFO: ParseBearerToken middleware invoked {"path":"/api/v2/campaign","method":"GET","has_auth_header":true,"auth_header_preview":"Bearer 171|K7b9U4PgNUTaGbhtLCl...","is_bearer":true} 
[2026-05-19 13:29:19] local.INFO: Extracted bearer token {"token_preview":"171|K7b9U4...","token_length":52} 
[2026-05-19 13:29:19] local.INFO: Found personal access token {"token_id":171,"user_id":68,"revoked":null} 
[2026-05-19 13:29:19] local.INFO: User authenticated via bearer token {"user_id":68,"user_email":"freelancerzahedcreator@gmail.com"} 
[2026-05-19 13:29:19] local.INFO: Returning campaigns for user {"user_id":68,"campaign_count":9,"statuses":["draft","live","draft","draft","draft","draft","live","live","draft"]} 
[2026-05-19 13:29:29] local.INFO: ParseBearerToken middleware invoked {"path":"/api/v2/campaign","method":"GET","has_auth_header":true,"auth_header_preview":"Bearer 171|K7b9U4PgNUTaGbhtLCl...","is_bearer":true} 
[2026-05-19 13:29:29] local.INFO: Extracted bearer token {"token_preview":"171|K7b9U4...","token_length":52} 
[2026-05-19 13:29:29] local.INFO: Found personal access token {"token_id":171,"user_id":68,"revoked":null} 
[2026-05-19 13:29:29] local.INFO: User authenticated via bearer token {"user_id":68,"user_email":"freelancerzahedcreator@gmail.com"} 
[2026-05-19 13:29:29] local.INFO: Returning campaigns for user {"user_id":68,"campaign_count":9,"statuses":["draft","live","draft","draft","draft","draft","live","live","draft"]} 
[2026-05-19 13:29:31] local.INFO: ParseBearerToken middleware invoked {"path":"/api/v2/campaign","method":"GET","has_auth_header":true,"auth_header_preview":"Bearer 171|K7b9U4PgNUTaGbhtLCl...","is_bearer":true} 
[2026-05-19 13:29:31] local.INFO: Extracted bearer token {"token_preview":"171|K7b9U4...","token_length":52} 
[2026-05-19 13:29:31] local.INFO: Found personal access token {"token_id":171,"user_id":68,"revoked":null} 
[2026-05-19 13:29:31] local.INFO: User authenticated via bearer token {"user_id":68,"user_email":"freelancerzahedcreator@gmail.com"} 
[2026-05-19 13:29:31] local.INFO: Returning campaigns for user {"user_id":68,"campaign_count":9,"statuses":["draft","live","draft","draft","draft","draft","live","live","draft"]} 
[2026-05-19 13:29:32] local.INFO: ParseBearerToken middleware invoked {"path":"/api/v2/campaign","method":"GET","has_auth_header":true,"auth_header_preview":"Bearer 171|K7b9U4PgNUTaGbhtLCl...","is_bearer":true} 
[2026-05-19 13:29:32] local.INFO: Extracted bearer token {"token_preview":"171|K7b9U4...","token_length":52} 
[2026-05-19 13:29:32] local.INFO: Found personal access token {"token_id":171,"user_id":68,"revoked":null} 
[2026-05-19 13:29:32] local.INFO: User authenticated via bearer token {"user_id":68,"user_email":"freelancerzahedcreator@gmail.com"} 
[2026-05-19 13:29:32] local.INFO: Returning campaigns for user {"user_id":68,"campaign_count":9,"statuses":["draft","live","draft","draft","draft","draft","live","live","draft"]} 
[2026-05-19 13:29:33] local.INFO: ParseBearerToken middleware invoked {"path":"/api/v2/campaign","method":"GET","has_auth_header":true,"auth_header_preview":"Bearer 171|K7b9U4PgNUTaGbhtLCl...","is_bearer":true} 
[2026-05-19 13:29:33] local.INFO: Extracted bearer token {"token_preview":"171|K7b9U4...","token_length":52} 
[2026-05-19 13:29:33] local.INFO: Found personal access token {"token_id":171,"user_id":68,"revoked":null} 
[2026-05-19 13:29:33] local.INFO: User authenticated via bearer token {"user_id":68,"user_email":"freelancerzahedcreator@gmail.com"} 
[2026-05-19 13:29:33] local.INFO: Returning campaigns for user {"user_id":68,"campaign_count":9,"statuses":["draft","live","draft","draft","draft","draft","live","live","draft"]} 
[2026-05-19 13:30:02] local.INFO: ParseBearerToken middleware invoked {"path":"/api/v2/campaign","method":"GET","has_auth_header":true,"auth_header_preview":"Bearer 171|K7b9U4PgNUTaGbhtLCl...","is_bearer":true} 
[2026-05-19 13:30:02] local.INFO: Extracted bearer token {"token_preview":"171|K7b9U4...","token_length":52} 
[2026-05-19 13:30:02] local.INFO: Found personal access token {"token_id":171,"user_id":68,"revoked":null} 
[2026-05-19 13:30:02] local.INFO: User authenticated via bearer token {"user_id":68,"user_email":"freelancerzahedcreator@gmail.com"} 
[2026-05-19 13:30:02] local.INFO: Returning campaigns for user {"user_id":68,"campaign_count":9,"statuses":["draft","live","draft","draft","draft","draft","live","live","draft"]} 
[2026-05-19 13:30:32] local.INFO: ParseBearerToken middleware invoked {"path":"/api/v2/campaign","method":"GET","has_auth_header":true,"auth_header_preview":"Bearer 171|K7b9U4PgNUTaGbhtLCl...","is_bearer":true} 
[2026-05-19 13:30:32] local.INFO: Extracted bearer token {"token_preview":"171|K7b9U4...","token_length":52} 
[2026-05-19 13:30:32] local.INFO: Found personal access token {"token_id":171,"user_id":68,"revoked":null} 
[2026-05-19 13:30:32] local.INFO: User authenticated via bearer token {"user_id":68,"user_email":"freelancerzahedcreator@gmail.com"} 
[2026-05-19 13:30:32] local.INFO: Returning campaigns for user {"user_id":68,"campaign_count":9,"statuses":["draft","live","draft","draft","draft","draft","live","live","draft"]} 
[2026-05-19 13:31:02] local.INFO: ParseBearerToken middleware invoked {"path":"/api/v2/campaign","method":"GET","has_auth_header":true,"auth_header_preview":"Bearer 171|K7b9U4PgNUTaGbhtLCl...","is_bearer":true} 
[2026-05-19 13:31:02] local.INFO: Extracted bearer token {"token_preview":"171|K7b9U4...","token_length":52} 
[2026-05-19 13:31:02] local.INFO: Found personal access token {"token_id":171,"user_id":68,"revoked":null} 
[2026-05-19 13:31:02] local.INFO: User authenticated via bearer token {"user_id":68,"user_email":"freelancerzahedcreator@gmail.com"} 
[2026-05-19 13:31:02] local.INFO: Returning campaigns for user {"user_id":68,"campaign_count":9,"statuses":["draft","live","draft","draft","draft","draft","live","live","draft"]} 
[2026-05-19 13:31:33] local.INFO: ParseBearerToken middleware invoked {"path":"/api/v2/campaign","method":"GET","has_auth_header":true,"auth_header_preview":"Bearer 171|K7b9U4PgNUTaGbhtLCl...","is_bearer":true} 
[2026-05-19 13:31:33] local.INFO: Extracted bearer token {"token_preview":"171|K7b9U4...","token_length":52} 
[2026-05-19 13:31:33] local.INFO: Found personal access token {"token_id":171,"user_id":68,"revoked":null} 
[2026-05-19 13:31:33] local.INFO: User authenticated via bearer token {"user_id":68,"user_email":"freelancerzahedcreator@gmail.com"} 
[2026-05-19 13:31:33] local.INFO: Returning campaigns for user {"user_id":68,"campaign_count":9,"statuses":["draft","live","draft","draft","draft","draft","live","live","draft"]} 
[2026-05-19 13:32:03] local.INFO: ParseBearerToken middleware invoked {"path":"/api/v2/campaign","method":"GET","has_auth_header":true,"auth_header_preview":"Bearer 171|K7b9U4PgNUTaGbhtLCl...","is_bearer":true} 
[2026-05-19 13:32:03] local.INFO: Extracted bearer token {"token_preview":"171|K7b9U4...","token_length":52} 
[2026-05-19 13:32:03] local.INFO: Found personal access token {"token_id":171,"user_id":68,"revoked":null} 
[2026-05-19 13:32:03] local.INFO: User authenticated via bearer token {"user_id":68,"user_email":"freelancerzahedcreator@gmail.com"} 
[2026-05-19 13:32:03] local.INFO: Returning campaigns for user {"user_id":68,"campaign_count":9,"statuses":["draft","live","draft","draft","draft","draft","live","live","draft"]} 
[2026-05-19 13:32:32] local.INFO: ParseBearerToken middleware invoked {"path":"/api/v2/campaign","method":"GET","has_auth_header":true,"auth_header_preview":"Bearer 171|K7b9U4PgNUTaGbhtLCl...","is_bearer":true} 
[2026-05-19 13:32:32] local.INFO: Extracted bearer token {"token_preview":"171|K7b9U4...","token_length":52} 
[2026-05-19 13:32:32] local.INFO: Found personal access token {"token_id":171,"user_id":68,"revoked":null} 
[2026-05-19 13:32:32] local.INFO: User authenticated via bearer token {"user_id":68,"user_email":"freelancerzahedcreator@gmail.com"} 
[2026-05-19 13:32:32] local.INFO: Returning campaigns for user {"user_id":68,"campaign_count":9,"statuses":["draft","live","draft","draft","draft","draft","live","live","draft"]} 
[2026-05-19 13:33:02] local.INFO: ParseBearerToken middleware invoked {"path":"/api/v2/campaign","method":"GET","has_auth_header":true,"auth_header_preview":"Bearer 171|K7b9U4PgNUTaGbhtLCl...","is_bearer":true} 
[2026-05-19 13:33:02] local.INFO: Extracted bearer token {"token_preview":"171|K7b9U4...","token_length":52} 
[2026-05-19 13:33:02] local.INFO: Found personal access token {"token_id":171,"user_id":68,"revoked":null} 
[2026-05-19 13:33:02] local.INFO: User authenticated via bearer token {"user_id":68,"user_email":"freelancerzahedcreator@gmail.com"} 
[2026-05-19 13:33:02] local.INFO: Returning campaigns for user {"user_id":68,"campaign_count":9,"statuses":["draft","live","draft","draft","draft","draft","live","live","draft"]} 
[2026-05-19 13:33:33] local.INFO: ParseBearerToken middleware invoked {"path":"/api/v2/campaign","method":"GET","has_auth_header":true,"auth_header_preview":"Bearer 171|K7b9U4PgNUTaGbhtLCl...","is_bearer":true} 
[2026-05-19 13:33:33] local.INFO: Extracted bearer token {"token_preview":"171|K7b9U4...","token_length":52} 
[2026-05-19 13:33:33] local.INFO: Found personal access token {"token_id":171,"user_id":68,"revoked":null} 
[2026-05-19 13:33:33] local.INFO: User authenticated via bearer token {"user_id":68,"user_email":"freelancerzahedcreator@gmail.com"} 
[2026-05-19 13:33:33] local.INFO: Returning campaigns for user {"user_id":68,"campaign_count":9,"statuses":["draft","live","draft","draft","draft","draft","live","live","draft"]} 
[2026-05-19 13:34:02] local.INFO: ParseBearerToken middleware invoked {"path":"/api/v2/campaign","method":"GET","has_auth_header":true,"auth_header_preview":"Bearer 171|K7b9U4PgNUTaGbhtLCl...","is_bearer":true} 
[2026-05-19 13:34:02] local.INFO: Extracted bearer token {"token_preview":"171|K7b9U4...","token_length":52} 
[2026-05-19 13:34:02] local.INFO: Found personal access token {"token_id":171,"user_id":68,"revoked":null} 
[2026-05-19 13:34:02] local.INFO: User authenticated via bearer token {"user_id":68,"user_email":"freelancerzahedcreator@gmail.com"} 
[2026-05-19 13:34:02] local.INFO: Returning campaigns for user {"user_id":68,"campaign_count":9,"statuses":["draft","live","draft","draft","draft","draft","live","live","draft"]} 
[2026-05-19 13:34:32] local.INFO: ParseBearerToken middleware invoked {"path":"/api/v2/campaign","method":"GET","has_auth_header":true,"auth_header_preview":"Bearer 171|K7b9U4PgNUTaGbhtLCl...","is_bearer":true} 
[2026-05-19 13:34:32] local.INFO: Extracted bearer token {"token_preview":"171|K7b9U4...","token_length":52} 
[2026-05-19 13:34:32] local.INFO: Found personal access token {"token_id":171,"user_id":68,"revoked":null} 
[2026-05-19 13:34:32] local.INFO: User authenticated via bearer token {"user_id":68,"user_email":"freelancerzahedcreator@gmail.com"} 
[2026-05-19 13:34:32] local.INFO: Returning campaigns for user {"user_id":68,"campaign_count":9,"statuses":["draft","live","draft","draft","draft","draft","live","live","draft"]} 
[2026-05-19 13:35:02] local.INFO: ParseBearerToken middleware invoked {"path":"/api/v2/campaign","method":"GET","has_auth_header":true,"auth_header_preview":"Bearer 171|K7b9U4PgNUTaGbhtLCl...","is_bearer":true} 
[2026-05-19 13:35:02] local.INFO: Extracted bearer token {"token_preview":"171|K7b9U4...","token_length":52} 
[2026-05-19 13:35:02] local.INFO: Found personal access token {"token_id":171,"user_id":68,"revoked":null} 
[2026-05-19 13:35:02] local.INFO: User authenticated via bearer token {"user_id":68,"user_email":"freelancerzahedcreator@gmail.com"} 
[2026-05-19 13:35:02] local.INFO: Returning campaigns for user {"user_id":68,"campaign_count":9,"statuses":["draft","live","draft","draft","draft","draft","live","live","draft"]} 
[2026-05-19 13:35:32] local.INFO: ParseBearerToken middleware invoked {"path":"/api/v2/campaign","method":"GET","has_auth_header":true,"auth_header_preview":"Bearer 171|K7b9U4PgNUTaGbhtLCl...","is_bearer":true} 
[2026-05-19 13:35:32] local.INFO: Extracted bearer token {"token_preview":"171|K7b9U4...","token_length":52} 
[2026-05-19 13:35:32] local.INFO: Found personal access token {"token_id":171,"user_id":68,"revoked":null} 
[2026-05-19 13:35:32] local.INFO: User authenticated via bearer token {"user_id":68,"user_email":"freelancerzahedcreator@gmail.com"} 
[2026-05-19 13:35:32] local.INFO: Returning campaigns for user {"user_id":68,"campaign_count":9,"statuses":["draft","live","draft","draft","draft","draft","live","live","draft"]} 
[2026-05-19 13:36:02] local.INFO: ParseBearerToken middleware invoked {"path":"/api/v2/campaign","method":"GET","has_auth_header":true,"auth_header_preview":"Bearer 171|K7b9U4PgNUTaGbhtLCl...","is_bearer":true} 
[2026-05-19 13:36:02] local.INFO: Extracted bearer token {"token_preview":"171|K7b9U4...","token_length":52} 
[2026-05-19 13:36:02] local.INFO: Found personal access token {"token_id":171,"user_id":68,"revoked":null} 
[2026-05-19 13:36:02] local.INFO: User authenticated via bearer token {"user_id":68,"user_email":"freelancerzahedcreator@gmail.com"} 
[2026-05-19 13:36:02] local.INFO: Returning campaigns for user {"user_id":68,"campaign_count":9,"statuses":["draft","live","draft","draft","draft","draft","live","live","draft"]} 
[2026-05-19 13:36:32] local.INFO: ParseBearerToken middleware invoked {"path":"/api/v2/campaign","method":"GET","has_auth_header":true,"auth_header_preview":"Bearer 171|K7b9U4PgNUTaGbhtLCl...","is_bearer":true} 
[2026-05-19 13:36:32] local.INFO: Extracted bearer token {"token_preview":"171|K7b9U4...","token_length":52} 
[2026-05-19 13:36:32] local.INFO: Found personal access token {"token_id":171,"user_id":68,"revoked":null} 
[2026-05-19 13:36:32] local.INFO: User authenticated via bearer token {"user_id":68,"user_email":"freelancerzahedcreator@gmail.com"} 
[2026-05-19 13:36:32] local.INFO: Returning campaigns for user {"user_id":68,"campaign_count":9,"statuses":["draft","live","draft","draft","draft","draft","live","live","draft"]} 
[2026-05-19 13:37:03] local.INFO: ParseBearerToken middleware invoked {"path":"/api/v2/campaign","method":"GET","has_auth_header":true,"auth_header_preview":"Bearer 171|K7b9U4PgNUTaGbhtLCl...","is_bearer":true} 
[2026-05-19 13:37:03] local.INFO: Extracted bearer token {"token_preview":"171|K7b9U4...","token_length":52} 
[2026-05-19 13:37:03] local.INFO: Found personal access token {"token_id":171,"user_id":68,"revoked":null} 
[2026-05-19 13:37:03] local.INFO: User authenticated via bearer token {"user_id":68,"user_email":"freelancerzahedcreator@gmail.com"} 
[2026-05-19 13:37:03] local.INFO: Returning campaigns for user {"user_id":68,"campaign_count":9,"statuses":["draft","live","draft","draft","draft","draft","live","live","draft"]} 
[2026-05-19 13:37:32] local.INFO: ParseBearerToken middleware invoked {"path":"/api/v2/campaign","method":"GET","has_auth_header":true,"auth_header_preview":"Bearer 171|K7b9U4PgNUTaGbhtLCl...","is_bearer":true} 
[2026-05-19 13:37:32] local.INFO: Extracted bearer token {"token_preview":"171|K7b9U4...","token_length":52} 
[2026-05-19 13:37:32] local.INFO: Found personal access token {"token_id":171,"user_id":68,"revoked":null} 
[2026-05-19 13:37:32] local.INFO: User authenticated via bearer token {"user_id":68,"user_email":"freelancerzahedcreator@gmail.com"} 
[2026-05-19 13:37:32] local.INFO: Returning campaigns for user {"user_id":68,"campaign_count":9,"statuses":["draft","live","draft","draft","draft","draft","live","live","draft"]} 
[2026-05-19 13:38:02] local.INFO: ParseBearerToken middleware invoked {"path":"/api/v2/campaign","method":"GET","has_auth_header":true,"auth_header_preview":"Bearer 171|K7b9U4PgNUTaGbhtLCl...","is_bearer":true} 
[2026-05-19 13:38:02] local.INFO: Extracted bearer token {"token_preview":"171|K7b9U4...","token_length":52} 
[2026-05-19 13:38:02] local.INFO: Found personal access token {"token_id":171,"user_id":68,"revoked":null} 
[2026-05-19 13:38:02] local.INFO: User authenticated via bearer token {"user_id":68,"user_email":"freelancerzahedcreator@gmail.com"} 
[2026-05-19 13:38:02] local.INFO: Returning campaigns for user {"user_id":68,"campaign_count":9,"statuses":["draft","live","draft","draft","draft","draft","live","live","draft"]} 
[2026-05-19 13:38:33] local.INFO: ParseBearerToken middleware invoked {"path":"/api/v2/campaign","method":"GET","has_auth_header":true,"auth_header_preview":"Bearer 171|K7b9U4PgNUTaGbhtLCl...","is_bearer":true} 
[2026-05-19 13:38:33] local.INFO: Extracted bearer token {"token_preview":"171|K7b9U4...","token_length":52} 
[2026-05-19 13:38:33] local.INFO: Found personal access token {"token_id":171,"user_id":68,"revoked":null} 
[2026-05-19 13:38:33] local.INFO: User authenticated via bearer token {"user_id":68,"user_email":"freelancerzahedcreator@gmail.com"} 
[2026-05-19 13:38:33] local.INFO: Returning campaigns for user {"user_id":68,"campaign_count":9,"statuses":["draft","live","draft","draft","draft","draft","live","live","draft"]} 
[2026-05-19 13:39:02] local.INFO: ParseBearerToken middleware invoked {"path":"/api/v2/campaign","method":"GET","has_auth_header":true,"auth_header_preview":"Bearer 171|K7b9U4PgNUTaGbhtLCl...","is_bearer":true} 
[2026-05-19 13:39:02] local.INFO: Extracted bearer token {"token_preview":"171|K7b9U4...","token_length":52} 
[2026-05-19 13:39:02] local.INFO: Found personal access token {"token_id":171,"user_id":68,"revoked":null} 
[2026-05-19 13:39:02] local.INFO: User authenticated via bearer token {"user_id":68,"user_email":"freelancerzahedcreator@gmail.com"} 
[2026-05-19 13:39:02] local.INFO: Returning campaigns for user {"user_id":68,"campaign_count":9,"statuses":["draft","live","draft","draft","draft","draft","live","live","draft"]} 
[2026-05-19 13:39:32] local.INFO: ParseBearerToken middleware invoked {"path":"/api/v2/campaign","method":"GET","has_auth_header":true,"auth_header_preview":"Bearer 171|K7b9U4PgNUTaGbhtLCl...","is_bearer":true} 
[2026-05-19 13:39:32] local.INFO: Extracted bearer token {"token_preview":"171|K7b9U4...","token_length":52} 
[2026-05-19 13:39:32] local.INFO: Found personal access token {"token_id":171,"user_id":68,"revoked":null} 
[2026-05-19 13:39:32] local.INFO: User authenticated via bearer token {"user_id":68,"user_email":"freelancerzahedcreator@gmail.com"} 
[2026-05-19 13:39:32] local.INFO: Returning campaigns for user {"user_id":68,"campaign_count":9,"statuses":["draft","live","draft","draft","draft","draft","live","live","draft"]} 
[2026-05-19 13:40:02] local.INFO: ParseBearerToken middleware invoked {"path":"/api/v2/campaign","method":"GET","has_auth_header":true,"auth_header_preview":"Bearer 171|K7b9U4PgNUTaGbhtLCl...","is_bearer":true} 
[2026-05-19 13:40:02] local.INFO: Extracted bearer token {"token_preview":"171|K7b9U4...","token_length":52} 
[2026-05-19 13:40:02] local.INFO: Found personal access token {"token_id":171,"user_id":68,"revoked":null} 
[2026-05-19 13:40:02] local.INFO: User authenticated via bearer token {"user_id":68,"user_email":"freelancerzahedcreator@gmail.com"} 
[2026-05-19 13:40:02] local.INFO: Returning campaigns for user {"user_id":68,"campaign_count":9,"statuses":["draft","live","draft","draft","draft","draft","live","live","draft"]} 
[2026-05-19 13:40:32] local.INFO: ParseBearerToken middleware invoked {"path":"/api/v2/campaign","method":"GET","has_auth_header":true,"auth_header_preview":"Bearer 171|K7b9U4PgNUTaGbhtLCl...","is_bearer":true} 
[2026-05-19 13:40:32] local.INFO: Extracted bearer token {"token_preview":"171|K7b9U4...","token_length":52} 
[2026-05-19 13:40:32] local.INFO: Found personal access token {"token_id":171,"user_id":68,"revoked":null} 
[2026-05-19 13:40:32] local.INFO: User authenticated via bearer token {"user_id":68,"user_email":"freelancerzahedcreator@gmail.com"} 
[2026-05-19 13:40:32] local.INFO: Returning campaigns for user {"user_id":68,"campaign_count":9,"statuses":["draft","live","draft","draft","draft","draft","live","live","draft"]} 
[2026-05-19 13:41:03] local.INFO: ParseBearerToken middleware invoked {"path":"/api/v2/campaign","method":"GET","has_auth_header":true,"auth_header_preview":"Bearer 171|K7b9U4PgNUTaGbhtLCl...","is_bearer":true} 
[2026-05-19 13:41:03] local.INFO: Extracted bearer token {"token_preview":"171|K7b9U4...","token_length":52} 
[2026-05-19 13:41:03] local.INFO: Found personal access token {"token_id":171,"user_id":68,"revoked":null} 
[2026-05-19 13:41:03] local.INFO: User authenticated via bearer token {"user_id":68,"user_email":"freelancerzahedcreator@gmail.com"} 
[2026-05-19 13:41:03] local.INFO: Returning campaigns for user {"user_id":68,"campaign_count":9,"statuses":["draft","live","draft","draft","draft","draft","live","live","draft"]} 
[2026-05-19 13:41:32] local.INFO: ParseBearerToken middleware invoked {"path":"/api/v2/campaign","method":"GET","has_auth_header":true,"auth_header_preview":"Bearer 171|K7b9U4PgNUTaGbhtLCl...","is_bearer":true} 
[2026-05-19 13:41:32] local.INFO: Extracted bearer token {"token_preview":"171|K7b9U4...","token_length":52} 
[2026-05-19 13:41:32] local.INFO: Found personal access token {"token_id":171,"user_id":68,"revoked":null} 
[2026-05-19 13:41:32] local.INFO: User authenticated via bearer token {"user_id":68,"user_email":"freelancerzahedcreator@gmail.com"} 
[2026-05-19 13:41:32] local.INFO: Returning campaigns for user {"user_id":68,"campaign_count":9,"statuses":["draft","live","draft","draft","draft","draft","live","live","draft"]} 
[2026-05-19 13:42:02] local.INFO: ParseBearerToken middleware invoked {"path":"/api/v2/campaign","method":"GET","has_auth_header":true,"auth_header_preview":"Bearer 171|K7b9U4PgNUTaGbhtLCl...","is_bearer":true} 
[2026-05-19 13:42:02] local.INFO: Extracted bearer token {"token_preview":"171|K7b9U4...","token_length":52} 
[2026-05-19 13:42:02] local.INFO: Found personal access token {"token_id":171,"user_id":68,"revoked":null} 
[2026-05-19 13:42:02] local.INFO: User authenticated via bearer token {"user_id":68,"user_email":"freelancerzahedcreator@gmail.com"} 
[2026-05-19 13:42:02] local.INFO: Returning campaigns for user {"user_id":68,"campaign_count":9,"statuses":["draft","live","draft","draft","draft","draft","live","live","draft"]} 
[2026-05-19 13:42:32] local.INFO: ParseBearerToken middleware invoked {"path":"/api/v2/campaign","method":"GET","has_auth_header":true,"auth_header_preview":"Bearer 171|K7b9U4PgNUTaGbhtLCl...","is_bearer":true} 
[2026-05-19 13:42:32] local.INFO: Extracted bearer token {"token_preview":"171|K7b9U4...","token_length":52} 
[2026-05-19 13:42:32] local.INFO: Found personal access token {"token_id":171,"user_id":68,"revoked":null} 
[2026-05-19 13:42:32] local.INFO: User authenticated via bearer token {"user_id":68,"user_email":"freelancerzahedcreator@gmail.com"} 
[2026-05-19 13:42:32] local.INFO: Returning campaigns for user {"user_id":68,"campaign_count":9,"statuses":["draft","live","draft","draft","draft","draft","live","live","draft"]} 
[2026-05-19 13:43:02] local.INFO: ParseBearerToken middleware invoked {"path":"/api/v2/campaign","method":"GET","has_auth_header":true,"auth_header_preview":"Bearer 171|K7b9U4PgNUTaGbhtLCl...","is_bearer":true} 
[2026-05-19 13:43:02] local.INFO: Extracted bearer token {"token_preview":"171|K7b9U4...","token_length":52} 
[2026-05-19 13:43:02] local.INFO: Found personal access token {"token_id":171,"user_id":68,"revoked":null} 
[2026-05-19 13:43:03] local.INFO: User authenticated via bearer token {"user_id":68,"user_email":"freelancerzahedcreator@gmail.com"} 
[2026-05-19 13:43:03] local.INFO: Returning campaigns for user {"user_id":68,"campaign_count":9,"statuses":["draft","live","draft","draft","draft","draft","live","live","draft"]} 
[2026-05-19 13:43:33] local.INFO: ParseBearerToken middleware invoked {"path":"/api/v2/campaign","method":"GET","has_auth_header":true,"auth_header_preview":"Bearer 171|K7b9U4PgNUTaGbhtLCl...","is_bearer":true} 
[2026-05-19 13:43:33] local.INFO: Extracted bearer token {"token_preview":"171|K7b9U4...","token_length":52} 
[2026-05-19 13:43:33] local.INFO: Found personal access token {"token_id":171,"user_id":68,"revoked":null} 
[2026-05-19 13:43:33] local.INFO: User authenticated via bearer token {"user_id":68,"user_email":"freelancerzahedcreator@gmail.com"} 
[2026-05-19 13:43:33] local.INFO: Returning campaigns for user {"user_id":68,"campaign_count":9,"statuses":["draft","live","draft","draft","draft","draft","live","live","draft"]} 
[2026-05-19 13:44:02] local.INFO: ParseBearerToken middleware invoked {"path":"/api/v2/campaign","method":"GET","has_auth_header":true,"auth_header_preview":"Bearer 171|K7b9U4PgNUTaGbhtLCl...","is_bearer":true} 
[2026-05-19 13:44:02] local.INFO: Extracted bearer token {"token_preview":"171|K7b9U4...","token_length":52} 
[2026-05-19 13:44:02] local.INFO: Found personal access token {"token_id":171,"user_id":68,"revoked":null} 
[2026-05-19 13:44:02] local.INFO: User authenticated via bearer token {"user_id":68,"user_email":"freelancerzahedcreator@gmail.com"} 
[2026-05-19 13:44:02] local.INFO: Returning campaigns for user {"user_id":68,"campaign_count":9,"statuses":["draft","live","draft","draft","draft","draft","live","live","draft"]} 
[2026-05-19 13:44:33] local.INFO: ParseBearerToken middleware invoked {"path":"/api/v2/campaign","method":"GET","has_auth_header":true,"auth_header_preview":"Bearer 171|K7b9U4PgNUTaGbhtLCl...","is_bearer":true} 
[2026-05-19 13:44:33] local.INFO: Extracted bearer token {"token_preview":"171|K7b9U4...","token_length":52} 
[2026-05-19 13:44:33] local.INFO: Found personal access token {"token_id":171,"user_id":68,"revoked":null} 
[2026-05-19 13:44:33] local.INFO: User authenticated via bearer token {"user_id":68,"user_email":"freelancerzahedcreator@gmail.com"} 
[2026-05-19 13:44:33] local.INFO: Returning campaigns for user {"user_id":68,"campaign_count":9,"statuses":["draft","live","draft","draft","draft","draft","live","live","draft"]} 
[2026-05-19 13:45:02] local.INFO: ParseBearerToken middleware invoked {"path":"/api/v2/campaign","method":"GET","has_auth_header":true,"auth_header_preview":"Bearer 171|K7b9U4PgNUTaGbhtLCl...","is_bearer":true} 
[2026-05-19 13:45:02] local.INFO: Extracted bearer token {"token_preview":"171|K7b9U4...","token_length":52} 
[2026-05-19 13:45:02] local.INFO: Found personal access token {"token_id":171,"user_id":68,"revoked":null} 
[2026-05-19 13:45:02] local.INFO: User authenticated via bearer token {"user_id":68,"user_email":"freelancerzahedcreator@gmail.com"} 
[2026-05-19 13:45:02] local.INFO: Returning campaigns for user {"user_id":68,"campaign_count":9,"statuses":["draft","live","draft","draft","draft","draft","live","live","draft"]} 
[2026-05-19 13:45:32] local.INFO: ParseBearerToken middleware invoked {"path":"/api/v2/campaign","method":"GET","has_auth_header":true,"auth_header_preview":"Bearer 171|K7b9U4PgNUTaGbhtLCl...","is_bearer":true} 
[2026-05-19 13:45:32] local.INFO: Extracted bearer token {"token_preview":"171|K7b9U4...","token_length":52} 
[2026-05-19 13:45:32] local.INFO: Found personal access token {"token_id":171,"user_id":68,"revoked":null} 
[2026-05-19 13:45:32] local.INFO: User authenticated via bearer token {"user_id":68,"user_email":"freelancerzahedcreator@gmail.com"} 
[2026-05-19 13:45:32] local.INFO: Returning campaigns for user {"user_id":68,"campaign_count":9,"statuses":["draft","live","draft","draft","draft","draft","live","live","draft"]} 
[2026-05-19 13:46:02] local.INFO: ParseBearerToken middleware invoked {"path":"/api/v2/campaign","method":"GET","has_auth_header":true,"auth_header_preview":"Bearer 171|K7b9U4PgNUTaGbhtLCl...","is_bearer":true} 
[2026-05-19 13:46:02] local.INFO: Extracted bearer token {"token_preview":"171|K7b9U4...","token_length":52} 
[2026-05-19 13:46:02] local.INFO: Found personal access token {"token_id":171,"user_id":68,"revoked":null} 
[2026-05-19 13:46:02] local.INFO: User authenticated via bearer token {"user_id":68,"user_email":"freelancerzahedcreator@gmail.com"} 
[2026-05-19 13:46:02] local.INFO: Returning campaigns for user {"user_id":68,"campaign_count":9,"statuses":["draft","live","draft","draft","draft","draft","live","live","draft"]} 
[2026-05-19 13:46:32] local.INFO: ParseBearerToken middleware invoked {"path":"/api/v2/campaign","method":"GET","has_auth_header":true,"auth_header_preview":"Bearer 171|K7b9U4PgNUTaGbhtLCl...","is_bearer":true} 
[2026-05-19 13:46:32] local.INFO: Extracted bearer token {"token_preview":"171|K7b9U4...","token_length":52} 
[2026-05-19 13:46:32] local.INFO: Found personal access token {"token_id":171,"user_id":68,"revoked":null} 
[2026-05-19 13:46:32] local.INFO: User authenticated via bearer token {"user_id":68,"user_email":"freelancerzahedcreator@gmail.com"} 
[2026-05-19 13:46:32] local.INFO: Returning campaigns for user {"user_id":68,"campaign_count":9,"statuses":["draft","live","draft","draft","draft","draft","live","live","draft"]} 
[2026-05-19 13:47:02] local.INFO: ParseBearerToken middleware invoked {"path":"/api/v2/campaign","method":"GET","has_auth_header":true,"auth_header_preview":"Bearer 171|K7b9U4PgNUTaGbhtLCl...","is_bearer":true} 
[2026-05-19 13:47:02] local.INFO: Extracted bearer token {"token_preview":"171|K7b9U4...","token_length":52} 
[2026-05-19 13:47:02] local.INFO: Found personal access token {"token_id":171,"user_id":68,"revoked":null} 
[2026-05-19 13:47:02] local.INFO: User authenticated via bearer token {"user_id":68,"user_email":"freelancerzahedcreator@gmail.com"} 
[2026-05-19 13:47:02] local.INFO: Returning campaigns for user {"user_id":68,"campaign_count":9,"statuses":["draft","live","draft","draft","draft","draft","live","live","draft"]} 
[2026-05-19 13:47:32] local.INFO: ParseBearerToken middleware invoked {"path":"/api/v2/campaign","method":"GET","has_auth_header":true,"auth_header_preview":"Bearer 171|K7b9U4PgNUTaGbhtLCl...","is_bearer":true} 
[2026-05-19 13:47:32] local.INFO: Extracted bearer token {"token_preview":"171|K7b9U4...","token_length":52} 
[2026-05-19 13:47:32] local.INFO: Found personal access token {"token_id":171,"user_id":68,"revoked":null} 
[2026-05-19 13:47:32] local.INFO: User authenticated via bearer token {"user_id":68,"user_email":"freelancerzahedcreator@gmail.com"} 
[2026-05-19 13:47:32] local.INFO: Returning campaigns for user {"user_id":68,"campaign_count":9,"statuses":["draft","live","draft","draft","draft","draft","live","live","draft"]} 
[2026-05-19 13:48:02] local.INFO: ParseBearerToken middleware invoked {"path":"/api/v2/campaign","method":"GET","has_auth_header":true,"auth_header_preview":"Bearer 171|K7b9U4PgNUTaGbhtLCl...","is_bearer":true} 
[2026-05-19 13:48:02] local.INFO: Extracted bearer token {"token_preview":"171|K7b9U4...","token_length":52} 
[2026-05-19 13:48:02] local.INFO: Found personal access token {"token_id":171,"user_id":68,"revoked":null} 
[2026-05-19 13:48:02] local.INFO: User authenticated via bearer token {"user_id":68,"user_email":"freelancerzahedcreator@gmail.com"} 
[2026-05-19 13:48:02] local.INFO: Returning campaigns for user {"user_id":68,"campaign_count":9,"statuses":["draft","live","draft","draft","draft","draft","live","live","draft"]} 
[2026-05-19 13:48:33] local.INFO: ParseBearerToken middleware invoked {"path":"/api/v2/campaign","method":"GET","has_auth_header":true,"auth_header_preview":"Bearer 171|K7b9U4PgNUTaGbhtLCl...","is_bearer":true} 
[2026-05-19 13:48:33] local.INFO: Extracted bearer token {"token_preview":"171|K7b9U4...","token_length":52} 
[2026-05-19 13:48:33] local.INFO: Found personal access token {"token_id":171,"user_id":68,"revoked":null} 
[2026-05-19 13:48:33] local.INFO: User authenticated via bearer token {"user_id":68,"user_email":"freelancerzahedcreator@gmail.com"} 
[2026-05-19 13:48:33] local.INFO: Returning campaigns for user {"user_id":68,"campaign_count":9,"statuses":["draft","live","draft","draft","draft","draft","live","live","draft"]} 
[2026-05-19 13:49:02] local.INFO: ParseBearerToken middleware invoked {"path":"/api/v2/campaign","method":"GET","has_auth_header":true,"auth_header_preview":"Bearer 171|K7b9U4PgNUTaGbhtLCl...","is_bearer":true} 
[2026-05-19 13:49:02] local.INFO: Extracted bearer token {"token_preview":"171|K7b9U4...","token_length":52} 
[2026-05-19 13:49:02] local.INFO: Found personal access token {"token_id":171,"user_id":68,"revoked":null} 
[2026-05-19 13:49:02] local.INFO: User authenticated via bearer token {"user_id":68,"user_email":"freelancerzahedcreator@gmail.com"} 
[2026-05-19 13:49:02] local.INFO: Returning campaigns for user {"user_id":68,"campaign_count":9,"statuses":["draft","live","draft","draft","draft","draft","live","live","draft"]} 
[2026-05-19 13:49:32] local.INFO: ParseBearerToken middleware invoked {"path":"/api/v2/campaign","method":"GET","has_auth_header":true,"auth_header_preview":"Bearer 171|K7b9U4PgNUTaGbhtLCl...","is_bearer":true} 
[2026-05-19 13:49:32] local.INFO: Extracted bearer token {"token_preview":"171|K7b9U4...","token_length":52} 
[2026-05-19 13:49:32] local.INFO: Found personal access token {"token_id":171,"user_id":68,"revoked":null} 
[2026-05-19 13:49:32] local.INFO: User authenticated via bearer token {"user_id":68,"user_email":"freelancerzahedcreator@gmail.com"} 
[2026-05-19 13:49:32] local.INFO: Returning campaigns for user {"user_id":68,"campaign_count":9,"statuses":["draft","live","draft","draft","draft","draft","live","live","draft"]} 
[2026-05-19 13:50:02] local.INFO: ParseBearerToken middleware invoked {"path":"/api/v2/campaign","method":"GET","has_auth_header":true,"auth_header_preview":"Bearer 171|K7b9U4PgNUTaGbhtLCl...","is_bearer":true} 
[2026-05-19 13:50:02] local.INFO: Extracted bearer token {"token_preview":"171|K7b9U4...","token_length":52} 
[2026-05-19 13:50:02] local.INFO: Found personal access token {"token_id":171,"user_id":68,"revoked":null} 
[2026-05-19 13:50:02] local.INFO: User authenticated via bearer token {"user_id":68,"user_email":"freelancerzahedcreator@gmail.com"} 
[2026-05-19 13:50:02] local.INFO: Returning campaigns for user {"user_id":68,"campaign_count":9,"statuses":["draft","live","draft","draft","draft","draft","live","live","draft"]} 
[2026-05-19 13:50:32] local.INFO: ParseBearerToken middleware invoked {"path":"/api/v2/campaign","method":"GET","has_auth_header":true,"auth_header_preview":"Bearer 171|K7b9U4PgNUTaGbhtLCl...","is_bearer":true} 
[2026-05-19 13:50:32] local.INFO: Extracted bearer token {"token_preview":"171|K7b9U4...","token_length":52} 
[2026-05-19 13:50:32] local.INFO: Found personal access token {"token_id":171,"user_id":68,"revoked":null} 
[2026-05-19 13:50:32] local.INFO: User authenticated via bearer token {"user_id":68,"user_email":"freelancerzahedcreator@gmail.com"} 
[2026-05-19 13:50:32] local.INFO: Returning campaigns for user {"user_id":68,"campaign_count":9,"statuses":["draft","live","draft","draft","draft","draft","live","live","draft"]} 
[2026-05-19 13:51:02] local.INFO: ParseBearerToken middleware invoked {"path":"/api/v2/campaign","method":"GET","has_auth_header":true,"auth_header_preview":"Bearer 171|K7b9U4PgNUTaGbhtLCl...","is_bearer":true} 
[2026-05-19 13:51:02] local.INFO: Extracted bearer token {"token_preview":"171|K7b9U4...","token_length":52} 
[2026-05-19 13:51:02] local.INFO: Found personal access token {"token_id":171,"user_id":68,"revoked":null} 
[2026-05-19 13:51:02] local.INFO: User authenticated via bearer token {"user_id":68,"user_email":"freelancerzahedcreator@gmail.com"} 
[2026-05-19 13:51:02] local.INFO: Returning campaigns for user {"user_id":68,"campaign_count":9,"statuses":["draft","live","draft","draft","draft","draft","live","live","draft"]} 
[2026-05-19 13:51:32] local.INFO: ParseBearerToken middleware invoked {"path":"/api/v2/campaign","method":"GET","has_auth_header":true,"auth_header_preview":"Bearer 171|K7b9U4PgNUTaGbhtLCl...","is_bearer":true} 
[2026-05-19 13:51:32] local.INFO: Extracted bearer token {"token_preview":"171|K7b9U4...","token_length":52} 
[2026-05-19 13:51:32] local.INFO: Found personal access token {"token_id":171,"user_id":68,"revoked":null} 
[2026-05-19 13:51:32] local.INFO: User authenticated via bearer token {"user_id":68,"user_email":"freelancerzahedcreator@gmail.com"} 
[2026-05-19 13:51:32] local.INFO: Returning campaigns for user {"user_id":68,"campaign_count":9,"statuses":["draft","live","draft","draft","draft","draft","live","live","draft"]} 
[2026-05-19 13:52:02] local.INFO: ParseBearerToken middleware invoked {"path":"/api/v2/campaign","method":"GET","has_auth_header":true,"auth_header_preview":"Bearer 171|K7b9U4PgNUTaGbhtLCl...","is_bearer":true} 
[2026-05-19 13:52:02] local.INFO: Extracted bearer token {"token_preview":"171|K7b9U4...","token_length":52} 
[2026-05-19 13:52:02] local.INFO: Found personal access token {"token_id":171,"user_id":68,"revoked":null} 
[2026-05-19 13:52:02] local.INFO: User authenticated via bearer token {"user_id":68,"user_email":"freelancerzahedcreator@gmail.com"} 
[2026-05-19 13:52:02] local.INFO: Returning campaigns for user {"user_id":68,"campaign_count":9,"statuses":["draft","live","draft","draft","draft","draft","live","live","draft"]} 
[2026-05-19 13:52:32] local.INFO: ParseBearerToken middleware invoked {"path":"/api/v2/campaign","method":"GET","has_auth_header":true,"auth_header_preview":"Bearer 171|K7b9U4PgNUTaGbhtLCl...","is_bearer":true} 
[2026-05-19 13:52:32] local.INFO: Extracted bearer token {"token_preview":"171|K7b9U4...","token_length":52} 
[2026-05-19 13:52:32] local.INFO: Found personal access token {"token_id":171,"user_id":68,"revoked":null} 
[2026-05-19 13:52:32] local.INFO: User authenticated via bearer token {"user_id":68,"user_email":"freelancerzahedcreator@gmail.com"} 
[2026-05-19 13:52:32] local.INFO: Returning campaigns for user {"user_id":68,"campaign_count":9,"statuses":["draft","live","draft","draft","draft","draft","live","live","draft"]} 
[2026-05-19 13:53:02] local.INFO: ParseBearerToken middleware invoked {"path":"/api/v2/campaign","method":"GET","has_auth_header":true,"auth_header_preview":"Bearer 171|K7b9U4PgNUTaGbhtLCl...","is_bearer":true} 
[2026-05-19 13:53:02] local.INFO: Extracted bearer token {"token_preview":"171|K7b9U4...","token_length":52} 
[2026-05-19 13:53:02] local.INFO: Found personal access token {"token_id":171,"user_id":68,"revoked":null} 
[2026-05-19 13:53:02] local.INFO: User authenticated via bearer token {"user_id":68,"user_email":"freelancerzahedcreator@gmail.com"} 
[2026-05-19 13:53:02] local.INFO: Returning campaigns for user {"user_id":68,"campaign_count":9,"statuses":["draft","live","draft","draft","draft","draft","live","live","draft"]} 
[2026-05-19 13:53:33] local.INFO: ParseBearerToken middleware invoked {"path":"/api/v2/campaign","method":"GET","has_auth_header":true,"auth_header_preview":"Bearer 171|K7b9U4PgNUTaGbhtLCl...","is_bearer":true} 
[2026-05-19 13:53:33] local.INFO: Extracted bearer token {"token_preview":"171|K7b9U4...","token_length":52} 
[2026-05-19 13:53:33] local.INFO: Found personal access token {"token_id":171,"user_id":68,"revoked":null} 
[2026-05-19 13:53:33] local.INFO: User authenticated via bearer token {"user_id":68,"user_email":"freelancerzahedcreator@gmail.com"} 
[2026-05-19 13:53:33] local.INFO: Returning campaigns for user {"user_id":68,"campaign_count":9,"statuses":["draft","live","draft","draft","draft","draft","live","live","draft"]} 
[2026-05-19 13:54:02] local.INFO: ParseBearerToken middleware invoked {"path":"/api/v2/campaign","method":"GET","has_auth_header":true,"auth_header_preview":"Bearer 171|K7b9U4PgNUTaGbhtLCl...","is_bearer":true} 
[2026-05-19 13:54:02] local.INFO: Extracted bearer token {"token_preview":"171|K7b9U4...","token_length":52} 
[2026-05-19 13:54:02] local.INFO: Found personal access token {"token_id":171,"user_id":68,"revoked":null} 
[2026-05-19 13:54:02] local.INFO: User authenticated via bearer token {"user_id":68,"user_email":"freelancerzahedcreator@gmail.com"} 
[2026-05-19 13:54:02] local.INFO: Returning campaigns for user {"user_id":68,"campaign_count":9,"statuses":["draft","live","draft","draft","draft","draft","live","live","draft"]} 
[2026-05-19 13:54:32] local.INFO: ParseBearerToken middleware invoked {"path":"/api/v2/campaign","method":"GET","has_auth_header":true,"auth_header_preview":"Bearer 171|K7b9U4PgNUTaGbhtLCl...","is_bearer":true} 
[2026-05-19 13:54:32] local.INFO: Extracted bearer token {"token_preview":"171|K7b9U4...","token_length":52} 
[2026-05-19 13:54:32] local.INFO: Found personal access token {"token_id":171,"user_id":68,"revoked":null} 
[2026-05-19 13:54:32] local.INFO: User authenticated via bearer token {"user_id":68,"user_email":"freelancerzahedcreator@gmail.com"} 
[2026-05-19 13:54:33] local.INFO: Returning campaigns for user {"user_id":68,"campaign_count":9,"statuses":["draft","live","draft","draft","draft","draft","live","live","draft"]} 
[2026-05-19 13:55:02] local.INFO: ParseBearerToken middleware invoked {"path":"/api/v2/campaign","method":"GET","has_auth_header":true,"auth_header_preview":"Bearer 171|K7b9U4PgNUTaGbhtLCl...","is_bearer":true} 
[2026-05-19 13:55:02] local.INFO: Extracted bearer token {"token_preview":"171|K7b9U4...","token_length":52} 
[2026-05-19 13:55:02] local.INFO: Found personal access token {"token_id":171,"user_id":68,"revoked":null} 
[2026-05-19 13:55:02] local.INFO: User authenticated via bearer token {"user_id":68,"user_email":"freelancerzahedcreator@gmail.com"} 
[2026-05-19 13:55:02] local.INFO: Returning campaigns for user {"user_id":68,"campaign_count":9,"statuses":["draft","live","draft","draft","draft","draft","live","live","draft"]} 
[2026-05-19 13:55:32] local.INFO: ParseBearerToken middleware invoked {"path":"/api/v2/campaign","method":"GET","has_auth_header":true,"auth_header_preview":"Bearer 171|K7b9U4PgNUTaGbhtLCl...","is_bearer":true} 
[2026-05-19 13:55:32] local.INFO: Extracted bearer token {"token_preview":"171|K7b9U4...","token_length":52} 
[2026-05-19 13:55:32] local.INFO: Found personal access token {"token_id":171,"user_id":68,"revoked":null} 
[2026-05-19 13:55:32] local.INFO: User authenticated via bearer token {"user_id":68,"user_email":"freelancerzahedcreator@gmail.com"} 
[2026-05-19 13:55:32] local.INFO: Returning campaigns for user {"user_id":68,"campaign_count":9,"statuses":["draft","live","draft","draft","draft","draft","live","live","draft"]} 
[2026-05-19 13:56:02] local.INFO: ParseBearerToken middleware invoked {"path":"/api/v2/campaign","method":"GET","has_auth_header":true,"auth_header_preview":"Bearer 171|K7b9U4PgNUTaGbhtLCl...","is_bearer":true} 
[2026-05-19 13:56:02] local.INFO: Extracted bearer token {"token_preview":"171|K7b9U4...","token_length":52} 
[2026-05-19 13:56:02] local.INFO: Found personal access token {"token_id":171,"user_id":68,"revoked":null} 
[2026-05-19 13:56:02] local.INFO: User authenticated via bearer token {"user_id":68,"user_email":"freelancerzahedcreator@gmail.com"} 
[2026-05-19 13:56:02] local.INFO: Returning campaigns for user {"user_id":68,"campaign_count":9,"statuses":["draft","live","draft","draft","draft","draft","live","live","draft"]} 
[2026-05-19 13:56:32] local.INFO: ParseBearerToken middleware invoked {"path":"/api/v2/campaign","method":"GET","has_auth_header":true,"auth_header_preview":"Bearer 171|K7b9U4PgNUTaGbhtLCl...","is_bearer":true} 
[2026-05-19 13:56:32] local.INFO: Extracted bearer token {"token_preview":"171|K7b9U4...","token_length":52} 
[2026-05-19 13:56:32] local.INFO: Found personal access token {"token_id":171,"user_id":68,"revoked":null} 
[2026-05-19 13:56:32] local.INFO: User authenticated via bearer token {"user_id":68,"user_email":"freelancerzahedcreator@gmail.com"} 
[2026-05-19 13:56:32] local.INFO: Returning campaigns for user {"user_id":68,"campaign_count":9,"statuses":["draft","live","draft","draft","draft","draft","live","live","draft"]} 
[2026-05-19 13:57:03] local.INFO: ParseBearerToken middleware invoked {"path":"/api/v2/campaign","method":"GET","has_auth_header":true,"auth_header_preview":"Bearer 171|K7b9U4PgNUTaGbhtLCl...","is_bearer":true} 
[2026-05-19 13:57:03] local.INFO: Extracted bearer token {"token_preview":"171|K7b9U4...","token_length":52} 
[2026-05-19 13:57:03] local.INFO: Found personal access token {"token_id":171,"user_id":68,"revoked":null} 
[2026-05-19 13:57:03] local.INFO: User authenticated via bearer token {"user_id":68,"user_email":"freelancerzahedcreator@gmail.com"} 
[2026-05-19 13:57:03] local.INFO: Returning campaigns for user {"user_id":68,"campaign_count":9,"statuses":["draft","live","draft","draft","draft","draft","live","live","draft"]} 
[2026-05-19 13:57:32] local.INFO: ParseBearerToken middleware invoked {"path":"/api/v2/campaign","method":"GET","has_auth_header":true,"auth_header_preview":"Bearer 171|K7b9U4PgNUTaGbhtLCl...","is_bearer":true} 
[2026-05-19 13:57:32] local.INFO: Extracted bearer token {"token_preview":"171|K7b9U4...","token_length":52} 
[2026-05-19 13:57:32] local.INFO: Found personal access token {"token_id":171,"user_id":68,"revoked":null} 
[2026-05-19 13:57:32] local.INFO: User authenticated via bearer token {"user_id":68,"user_email":"freelancerzahedcreator@gmail.com"} 
[2026-05-19 13:57:32] local.INFO: Returning campaigns for user {"user_id":68,"campaign_count":9,"statuses":["draft","live","draft","draft","draft","draft","live","live","draft"]} 
[2026-05-19 13:58:02] local.INFO: ParseBearerToken middleware invoked {"path":"/api/v2/campaign","method":"GET","has_auth_header":true,"auth_header_preview":"Bearer 171|K7b9U4PgNUTaGbhtLCl...","is_bearer":true} 
[2026-05-19 13:58:02] local.INFO: Extracted bearer token {"token_preview":"171|K7b9U4...","token_length":52} 
[2026-05-19 13:58:02] local.INFO: Found personal access token {"token_id":171,"user_id":68,"revoked":null} 
[2026-05-19 13:58:02] local.INFO: User authenticated via bearer token {"user_id":68,"user_email":"freelancerzahedcreator@gmail.com"} 
[2026-05-19 13:58:02] local.INFO: Returning campaigns for user {"user_id":68,"campaign_count":9,"statuses":["draft","live","draft","draft","draft","draft","live","live","draft"]} 
[2026-05-19 13:58:33] local.INFO: ParseBearerToken middleware invoked {"path":"/api/v2/campaign","method":"GET","has_auth_header":true,"auth_header_preview":"Bearer 171|K7b9U4PgNUTaGbhtLCl...","is_bearer":true} 
[2026-05-19 13:58:33] local.INFO: Extracted bearer token {"token_preview":"171|K7b9U4...","token_length":52} 
[2026-05-19 13:58:33] local.INFO: Found personal access token {"token_id":171,"user_id":68,"revoked":null} 
[2026-05-19 13:58:33] local.INFO: User authenticated via bearer token {"user_id":68,"user_email":"freelancerzahedcreator@gmail.com"} 
[2026-05-19 13:58:33] local.INFO: Returning campaigns for user {"user_id":68,"campaign_count":9,"statuses":["draft","live","draft","draft","draft","draft","live","live","draft"]} 
[2026-05-19 13:59:02] local.INFO: ParseBearerToken middleware invoked {"path":"/api/v2/campaign","method":"GET","has_auth_header":true,"auth_header_preview":"Bearer 171|K7b9U4PgNUTaGbhtLCl...","is_bearer":true} 
[2026-05-19 13:59:02] local.INFO: Extracted bearer token {"token_preview":"171|K7b9U4...","token_length":52} 
[2026-05-19 13:59:02] local.INFO: Found personal access token {"token_id":171,"user_id":68,"revoked":null} 
[2026-05-19 13:59:02] local.INFO: User authenticated via bearer token {"user_id":68,"user_email":"freelancerzahedcreator@gmail.com"} 
[2026-05-19 13:59:02] local.INFO: Returning campaigns for user {"user_id":68,"campaign_count":9,"statuses":["draft","live","draft","draft","draft","draft","live","live","draft"]} 
[2026-05-19 13:59:33] local.INFO: ParseBearerToken middleware invoked {"path":"/api/v2/campaign","method":"GET","has_auth_header":true,"auth_header_preview":"Bearer 171|K7b9U4PgNUTaGbhtLCl...","is_bearer":true} 
[2026-05-19 13:59:33] local.INFO: Extracted bearer token {"token_preview":"171|K7b9U4...","token_length":52} 
[2026-05-19 13:59:33] local.INFO: Found personal access token {"token_id":171,"user_id":68,"revoked":null} 
[2026-05-19 13:59:33] local.INFO: User authenticated via bearer token {"user_id":68,"user_email":"freelancerzahedcreator@gmail.com"} 
[2026-05-19 13:59:33] local.INFO: Returning campaigns for user {"user_id":68,"campaign_count":9,"statuses":["draft","live","draft","draft","draft","draft","live","live","draft"]} 
[2026-05-19 14:00:02] local.INFO: ParseBearerToken middleware invoked {"path":"/api/v2/campaign","method":"GET","has_auth_header":true,"auth_header_preview":"Bearer 171|K7b9U4PgNUTaGbhtLCl...","is_bearer":true} 
[2026-05-19 14:00:02] local.INFO: Extracted bearer token {"token_preview":"171|K7b9U4...","token_length":52} 
[2026-05-19 14:00:02] local.INFO: Found personal access token {"token_id":171,"user_id":68,"revoked":null} 
[2026-05-19 14:00:02] local.INFO: User authenticated via bearer token {"user_id":68,"user_email":"freelancerzahedcreator@gmail.com"} 
[2026-05-19 14:00:02] local.INFO: Returning campaigns for user {"user_id":68,"campaign_count":9,"statuses":["draft","live","draft","draft","draft","draft","live","live","draft"]} 
[2026-05-19 14:00:32] local.INFO: ParseBearerToken middleware invoked {"path":"/api/v2/campaign","method":"GET","has_auth_header":true,"auth_header_preview":"Bearer 171|K7b9U4PgNUTaGbhtLCl...","is_bearer":true} 
[2026-05-19 14:00:32] local.INFO: Extracted bearer token {"token_preview":"171|K7b9U4...","token_length":52} 
[2026-05-19 14:00:32] local.INFO: Found personal access token {"token_id":171,"user_id":68,"revoked":null} 
[2026-05-19 14:00:32] local.INFO: User authenticated via bearer token {"user_id":68,"user_email":"freelancerzahedcreator@gmail.com"} 
[2026-05-19 14:00:32] local.INFO: Returning campaigns for user {"user_id":68,"campaign_count":9,"statuses":["draft","live","draft","draft","draft","draft","live","live","draft"]} 
[2026-05-19 14:01:02] local.INFO: ParseBearerToken middleware invoked {"path":"/api/v2/campaign","method":"GET","has_auth_header":true,"auth_header_preview":"Bearer 171|K7b9U4PgNUTaGbhtLCl...","is_bearer":true} 
[2026-05-19 14:01:02] local.INFO: Extracted bearer token {"token_preview":"171|K7b9U4...","token_length":52} 
[2026-05-19 14:01:02] local.INFO: Found personal access token {"token_id":171,"user_id":68,"revoked":null} 
[2026-05-19 14:01:02] local.INFO: User authenticated via bearer token {"user_id":68,"user_email":"freelancerzahedcreator@gmail.com"} 
[2026-05-19 14:01:02] local.INFO: Returning campaigns for user {"user_id":68,"campaign_count":9,"statuses":["draft","live","draft","draft","draft","draft","live","live","draft"]} 
[2026-05-19 14:01:32] local.INFO: ParseBearerToken middleware invoked {"path":"/api/v2/campaign","method":"GET","has_auth_header":true,"auth_header_preview":"Bearer 171|K7b9U4PgNUTaGbhtLCl...","is_bearer":true} 
[2026-05-19 14:01:32] local.INFO: Extracted bearer token {"token_preview":"171|K7b9U4...","token_length":52} 
[2026-05-19 14:01:32] local.INFO: Found personal access token {"token_id":171,"user_id":68,"revoked":null} 
[2026-05-19 14:01:32] local.INFO: User authenticated via bearer token {"user_id":68,"user_email":"freelancerzahedcreator@gmail.com"} 
[2026-05-19 14:01:32] local.INFO: Returning campaigns for user {"user_id":68,"campaign_count":9,"statuses":["draft","live","draft","draft","draft","draft","live","live","draft"]} 
[2026-05-19 14:02:02] local.INFO: ParseBearerToken middleware invoked {"path":"/api/v2/campaign","method":"GET","has_auth_header":true,"auth_header_preview":"Bearer 171|K7b9U4PgNUTaGbhtLCl...","is_bearer":true} 
[2026-05-19 14:02:02] local.INFO: Extracted bearer token {"token_preview":"171|K7b9U4...","token_length":52} 
[2026-05-19 14:02:02] local.INFO: Found personal access token {"token_id":171,"user_id":68,"revoked":null} 
[2026-05-19 14:02:02] local.INFO: User authenticated via bearer token {"user_id":68,"user_email":"freelancerzahedcreator@gmail.com"} 
[2026-05-19 14:02:02] local.INFO: Returning campaigns for user {"user_id":68,"campaign_count":9,"statuses":["draft","live","draft","draft","draft","draft","live","live","draft"]} 
[2026-05-19 14:02:32] local.INFO: ParseBearerToken middleware invoked {"path":"/api/v2/campaign","method":"GET","has_auth_header":true,"auth_header_preview":"Bearer 171|K7b9U4PgNUTaGbhtLCl...","is_bearer":true} 
[2026-05-19 14:02:32] local.INFO: Extracted bearer token {"token_preview":"171|K7b9U4...","token_length":52} 
[2026-05-19 14:02:32] local.INFO: Found personal access token {"token_id":171,"user_id":68,"revoked":null} 
[2026-05-19 14:02:32] local.INFO: User authenticated via bearer token {"user_id":68,"user_email":"freelancerzahedcreator@gmail.com"} 
[2026-05-19 14:02:32] local.INFO: Returning campaigns for user {"user_id":68,"campaign_count":9,"statuses":["draft","live","draft","draft","draft","draft","live","live","draft"]} 
[2026-05-19 14:03:02] local.INFO: ParseBearerToken middleware invoked {"path":"/api/v2/campaign","method":"GET","has_auth_header":true,"auth_header_preview":"Bearer 171|K7b9U4PgNUTaGbhtLCl...","is_bearer":true} 
[2026-05-19 14:03:02] local.INFO: Extracted bearer token {"token_preview":"171|K7b9U4...","token_length":52} 
[2026-05-19 14:03:02] local.INFO: Found personal access token {"token_id":171,"user_id":68,"revoked":null} 
[2026-05-19 14:03:02] local.INFO: User authenticated via bearer token {"user_id":68,"user_email":"freelancerzahedcreator@gmail.com"} 
[2026-05-19 14:03:02] local.INFO: Returning campaigns for user {"user_id":68,"campaign_count":9,"statuses":["draft","live","draft","draft","draft","draft","live","live","draft"]} 
[2026-05-19 14:03:33] local.INFO: ParseBearerToken middleware invoked {"path":"/api/v2/campaign","method":"GET","has_auth_header":true,"auth_header_preview":"Bearer 171|K7b9U4PgNUTaGbhtLCl...","is_bearer":true} 
[2026-05-19 14:03:33] local.INFO: Extracted bearer token {"token_preview":"171|K7b9U4...","token_length":52} 
[2026-05-19 14:03:33] local.INFO: Found personal access token {"token_id":171,"user_id":68,"revoked":null} 
[2026-05-19 14:03:33] local.INFO: User authenticated via bearer token {"user_id":68,"user_email":"freelancerzahedcreator@gmail.com"} 
[2026-05-19 14:03:33] local.INFO: Returning campaigns for user {"user_id":68,"campaign_count":9,"statuses":["draft","live","draft","draft","draft","draft","live","live","draft"]} 
[2026-05-19 14:04:02] local.INFO: ParseBearerToken middleware invoked {"path":"/api/v2/campaign","method":"GET","has_auth_header":true,"auth_header_preview":"Bearer 171|K7b9U4PgNUTaGbhtLCl...","is_bearer":true} 
[2026-05-19 14:04:02] local.INFO: Extracted bearer token {"token_preview":"171|K7b9U4...","token_length":52} 
[2026-05-19 14:04:02] local.INFO: Found personal access token {"token_id":171,"user_id":68,"revoked":null} 
[2026-05-19 14:04:02] local.INFO: User authenticated via bearer token {"user_id":68,"user_email":"freelancerzahedcreator@gmail.com"} 
[2026-05-19 14:04:02] local.INFO: Returning campaigns for user {"user_id":68,"campaign_count":9,"statuses":["draft","live","draft","draft","draft","draft","live","live","draft"]} 
[2026-05-19 14:04:32] local.INFO: ParseBearerToken middleware invoked {"path":"/api/v2/campaign","method":"GET","has_auth_header":true,"auth_header_preview":"Bearer 171|K7b9U4PgNUTaGbhtLCl...","is_bearer":true} 
[2026-05-19 14:04:32] local.INFO: Extracted bearer token {"token_preview":"171|K7b9U4...","token_length":52} 
[2026-05-19 14:04:32] local.INFO: Found personal access token {"token_id":171,"user_id":68,"revoked":null} 
[2026-05-19 14:04:32] local.INFO: User authenticated via bearer token {"user_id":68,"user_email":"freelancerzahedcreator@gmail.com"} 
[2026-05-19 14:04:33] local.INFO: Returning campaigns for user {"user_id":68,"campaign_count":9,"statuses":["draft","live","draft","draft","draft","draft","live","live","draft"]} 
[2026-05-19 14:05:02] local.INFO: ParseBearerToken middleware invoked {"path":"/api/v2/campaign","method":"GET","has_auth_header":true,"auth_header_preview":"Bearer 171|K7b9U4PgNUTaGbhtLCl...","is_bearer":true} 
[2026-05-19 14:05:02] local.INFO: Extracted bearer token {"token_preview":"171|K7b9U4...","token_length":52} 
[2026-05-19 14:05:02] local.INFO: Found personal access token {"token_id":171,"user_id":68,"revoked":null} 
[2026-05-19 14:05:02] local.INFO: User authenticated via bearer token {"user_id":68,"user_email":"freelancerzahedcreator@gmail.com"} 
[2026-05-19 14:05:02] local.INFO: Returning campaigns for user {"user_id":68,"campaign_count":9,"statuses":["draft","live","draft","draft","draft","draft","live","live","draft"]} 
[2026-05-19 14:05:32] local.INFO: ParseBearerToken middleware invoked {"path":"/api/v2/campaign","method":"GET","has_auth_header":true,"auth_header_preview":"Bearer 171|K7b9U4PgNUTaGbhtLCl...","is_bearer":true} 
[2026-05-19 14:05:32] local.INFO: Extracted bearer token {"token_preview":"171|K7b9U4...","token_length":52} 
[2026-05-19 14:05:32] local.INFO: Found personal access token {"token_id":171,"user_id":68,"revoked":null} 
[2026-05-19 14:05:32] local.INFO: User authenticated via bearer token {"user_id":68,"user_email":"freelancerzahedcreator@gmail.com"} 
[2026-05-19 14:05:32] local.INFO: Returning campaigns for user {"user_id":68,"campaign_count":9,"statuses":["draft","live","draft","draft","draft","draft","live","live","draft"]} 
[2026-05-19 14:06:02] local.INFO: ParseBearerToken middleware invoked {"path":"/api/v2/campaign","method":"GET","has_auth_header":true,"auth_header_preview":"Bearer 171|K7b9U4PgNUTaGbhtLCl...","is_bearer":true} 
[2026-05-19 14:06:02] local.INFO: Extracted bearer token {"token_preview":"171|K7b9U4...","token_length":52} 
[2026-05-19 14:06:02] local.INFO: Found personal access token {"token_id":171,"user_id":68,"revoked":null} 
[2026-05-19 14:06:02] local.INFO: User authenticated via bearer token {"user_id":68,"user_email":"freelancerzahedcreator@gmail.com"} 
[2026-05-19 14:06:02] local.INFO: Returning campaigns for user {"user_id":68,"campaign_count":9,"statuses":["draft","live","draft","draft","draft","draft","live","live","draft"]} 
[2026-05-19 14:06:32] local.INFO: ParseBearerToken middleware invoked {"path":"/api/v2/campaign","method":"GET","has_auth_header":true,"auth_header_preview":"Bearer 171|K7b9U4PgNUTaGbhtLCl...","is_bearer":true} 
[2026-05-19 14:06:32] local.INFO: Extracted bearer token {"token_preview":"171|K7b9U4...","token_length":52} 
[2026-05-19 14:06:32] local.INFO: Found personal access token {"token_id":171,"user_id":68,"revoked":null} 
[2026-05-19 14:06:32] local.INFO: User authenticated via bearer token {"user_id":68,"user_email":"freelancerzahedcreator@gmail.com"} 
[2026-05-19 14:06:32] local.INFO: Returning campaigns for user {"user_id":68,"campaign_count":9,"statuses":["draft","live","draft","draft","draft","draft","live","live","draft"]} 
[2026-05-19 14:07:03] local.INFO: ParseBearerToken middleware invoked {"path":"/api/v2/campaign","method":"GET","has_auth_header":true,"auth_header_preview":"Bearer 171|K7b9U4PgNUTaGbhtLCl...","is_bearer":true} 
[2026-05-19 14:07:03] local.INFO: Extracted bearer token {"token_preview":"171|K7b9U4...","token_length":52} 
[2026-05-19 14:07:03] local.INFO: Found personal access token {"token_id":171,"user_id":68,"revoked":null} 
[2026-05-19 14:07:03] local.INFO: User authenticated via bearer token {"user_id":68,"user_email":"freelancerzahedcreator@gmail.com"} 
[2026-05-19 14:07:03] local.INFO: Returning campaigns for user {"user_id":68,"campaign_count":9,"statuses":["draft","live","draft","draft","draft","draft","live","live","draft"]} 
[2026-05-19 14:07:33] local.INFO: ParseBearerToken middleware invoked {"path":"/api/v2/campaign","method":"GET","has_auth_header":true,"auth_header_preview":"Bearer 171|K7b9U4PgNUTaGbhtLCl...","is_bearer":true} 
[2026-05-19 14:07:33] local.INFO: Extracted bearer token {"token_preview":"171|K7b9U4...","token_length":52} 
[2026-05-19 14:07:33] local.INFO: Found personal access token {"token_id":171,"user_id":68,"revoked":null} 
[2026-05-19 14:07:33] local.INFO: User authenticated via bearer token {"user_id":68,"user_email":"freelancerzahedcreator@gmail.com"} 
[2026-05-19 14:07:33] local.INFO: Returning campaigns for user {"user_id":68,"campaign_count":9,"statuses":["draft","live","draft","draft","draft","draft","live","live","draft"]} 
[2026-05-19 14:08:02] local.INFO: ParseBearerToken middleware invoked {"path":"/api/v2/campaign","method":"GET","has_auth_header":true,"auth_header_preview":"Bearer 171|K7b9U4PgNUTaGbhtLCl...","is_bearer":true} 
[2026-05-19 14:08:02] local.INFO: Extracted bearer token {"token_preview":"171|K7b9U4...","token_length":52} 
[2026-05-19 14:08:02] local.INFO: Found personal access token {"token_id":171,"user_id":68,"revoked":null} 
[2026-05-19 14:08:02] local.INFO: User authenticated via bearer token {"user_id":68,"user_email":"freelancerzahedcreator@gmail.com"} 
[2026-05-19 14:08:02] local.INFO: Returning campaigns for user {"user_id":68,"campaign_count":9,"statuses":["draft","live","draft","draft","draft","draft","live","live","draft"]} 
[2026-05-19 14:08:33] local.INFO: ParseBearerToken middleware invoked {"path":"/api/v2/campaign","method":"GET","has_auth_header":true,"auth_header_preview":"Bearer 171|K7b9U4PgNUTaGbhtLCl...","is_bearer":true} 
[2026-05-19 14:08:33] local.INFO: Extracted bearer token {"token_preview":"171|K7b9U4...","token_length":52} 
[2026-05-19 14:08:33] local.INFO: Found personal access token {"token_id":171,"user_id":68,"revoked":null} 
[2026-05-19 14:08:33] local.INFO: User authenticated via bearer token {"user_id":68,"user_email":"freelancerzahedcreator@gmail.com"} 
[2026-05-19 14:08:33] local.INFO: Returning campaigns for user {"user_id":68,"campaign_count":9,"statuses":["draft","live","draft","draft","draft","draft","live","live","draft"]} 
[2026-05-19 14:09:02] local.INFO: ParseBearerToken middleware invoked {"path":"/api/v2/campaign","method":"GET","has_auth_header":true,"auth_header_preview":"Bearer 171|K7b9U4PgNUTaGbhtLCl...","is_bearer":true} 
[2026-05-19 14:09:02] local.INFO: Extracted bearer token {"token_preview":"171|K7b9U4...","token_length":52} 
[2026-05-19 14:09:02] local.INFO: Found personal access token {"token_id":171,"user_id":68,"revoked":null} 
[2026-05-19 14:09:02] local.INFO: User authenticated via bearer token {"user_id":68,"user_email":"freelancerzahedcreator@gmail.com"} 
[2026-05-19 14:09:02] local.INFO: Returning campaigns for user {"user_id":68,"campaign_count":9,"statuses":["draft","live","draft","draft","draft","draft","live","live","draft"]} 
[2026-05-19 14:09:02] local.INFO: ParseBearerToken middleware invoked {"path":"/api/v2/campaign","method":"GET","has_auth_header":true,"auth_header_preview":"Bearer 171|K7b9U4PgNUTaGbhtLCl...","is_bearer":true} 
[2026-05-19 14:09:02] local.INFO: Extracted bearer token {"token_preview":"171|K7b9U4...","token_length":52} 
[2026-05-19 14:09:02] local.INFO: Found personal access token {"token_id":171,"user_id":68,"revoked":null} 
[2026-05-19 14:09:02] local.INFO: User authenticated via bearer token {"user_id":68,"user_email":"freelancerzahedcreator@gmail.com"} 
[2026-05-19 14:09:02] local.INFO: Returning campaigns for user {"user_id":68,"campaign_count":9,"statuses":["draft","live","draft","draft","draft","draft","live","live","draft"]} 
[2026-05-19 14:09:33] local.INFO: ParseBearerToken middleware invoked {"path":"/api/v2/campaign","method":"GET","has_auth_header":true,"auth_header_preview":"Bearer 171|K7b9U4PgNUTaGbhtLCl...","is_bearer":true} 
[2026-05-19 14:09:33] local.INFO: Extracted bearer token {"token_preview":"171|K7b9U4...","token_length":52} 
[2026-05-19 14:09:33] local.INFO: Found personal access token {"token_id":171,"user_id":68,"revoked":null} 
[2026-05-19 14:09:33] local.INFO: User authenticated via bearer token {"user_id":68,"user_email":"freelancerzahedcreator@gmail.com"} 
[2026-05-19 14:09:33] local.INFO: Returning campaigns for user {"user_id":68,"campaign_count":9,"statuses":["draft","live","draft","draft","draft","draft","live","live","draft"]} 
[2026-05-19 14:09:34] local.INFO: ParseBearerToken middleware invoked {"path":"/api/v2/campaign","method":"GET","has_auth_header":true,"auth_header_preview":"Bearer 171|K7b9U4PgNUTaGbhtLCl...","is_bearer":true} 
[2026-05-19 14:09:34] local.INFO: Extracted bearer token {"token_preview":"171|K7b9U4...","token_length":52} 
[2026-05-19 14:09:34] local.INFO: Found personal access token {"token_id":171,"user_id":68,"revoked":null} 
[2026-05-19 14:09:34] local.INFO: User authenticated via bearer token {"user_id":68,"user_email":"freelancerzahedcreator@gmail.com"} 
[2026-05-19 14:09:34] local.INFO: Returning campaigns for user {"user_id":68,"campaign_count":9,"statuses":["draft","live","draft","draft","draft","draft","live","live","draft"]} 
[2026-05-19 14:09:51] local.INFO: ParseBearerToken middleware invoked {"path":"/api/v2/campaign","method":"GET","has_auth_header":true,"auth_header_preview":"Bearer 171|K7b9U4PgNUTaGbhtLCl...","is_bearer":true} 
[2026-05-19 14:09:51] local.INFO: Extracted bearer token {"token_preview":"171|K7b9U4...","token_length":52} 
[2026-05-19 14:09:51] local.INFO: Found personal access token {"token_id":171,"user_id":68,"revoked":null} 
[2026-05-19 14:09:51] local.INFO: User authenticated via bearer token {"user_id":68,"user_email":"freelancerzahedcreator@gmail.com"} 
[2026-05-19 14:09:51] local.INFO: Returning campaigns for user {"user_id":68,"campaign_count":9,"statuses":["draft","live","draft","draft","draft","draft","live","live","draft"]} 
[2026-05-19 14:09:52] local.INFO: ParseBearerToken middleware invoked {"path":"/api/v2/campaign","method":"GET","has_auth_header":true,"auth_header_preview":"Bearer 171|K7b9U4PgNUTaGbhtLCl...","is_bearer":true} 
[2026-05-19 14:09:52] local.INFO: Extracted bearer token {"token_preview":"171|K7b9U4...","token_length":52} 
[2026-05-19 14:09:52] local.INFO: Found personal access token {"token_id":171,"user_id":68,"revoked":null} 
[2026-05-19 14:09:52] local.INFO: User authenticated via bearer token {"user_id":68,"user_email":"freelancerzahedcreator@gmail.com"} 
[2026-05-19 14:09:52] local.INFO: Returning campaigns for user {"user_id":68,"campaign_count":9,"statuses":["draft","live","draft","draft","draft","draft","live","live","draft"]} 
[2026-05-19 14:10:04] local.INFO: ParseBearerToken middleware invoked {"path":"/api/v2/campaign","method":"GET","has_auth_header":true,"auth_header_preview":"Bearer 171|K7b9U4PgNUTaGbhtLCl...","is_bearer":true} 
[2026-05-19 14:10:04] local.INFO: Extracted bearer token {"token_preview":"171|K7b9U4...","token_length":52} 
[2026-05-19 14:10:04] local.INFO: Found personal access token {"token_id":171,"user_id":68,"revoked":null} 
[2026-05-19 14:10:04] local.INFO: User authenticated via bearer token {"user_id":68,"user_email":"freelancerzahedcreator@gmail.com"} 
[2026-05-19 14:10:04] local.INFO: Returning campaigns for user {"user_id":68,"campaign_count":9,"statuses":["draft","live","draft","draft","draft","draft","live","live","draft"]} 
[2026-05-19 14:10:05] local.INFO: ParseBearerToken middleware invoked {"path":"/api/v2/campaign","method":"GET","has_auth_header":true,"auth_header_preview":"Bearer 171|K7b9U4PgNUTaGbhtLCl...","is_bearer":true} 
[2026-05-19 14:10:05] local.INFO: Extracted bearer token {"token_preview":"171|K7b9U4...","token_length":52} 
[2026-05-19 14:10:05] local.INFO: Found personal access token {"token_id":171,"user_id":68,"revoked":null} 
[2026-05-19 14:10:05] local.INFO: User authenticated via bearer token {"user_id":68,"user_email":"freelancerzahedcreator@gmail.com"} 
[2026-05-19 14:10:05] local.INFO: Returning campaigns for user {"user_id":68,"campaign_count":9,"statuses":["draft","live","draft","draft","draft","draft","live","live","draft"]} 
[2026-05-19 14:10:17] local.INFO: ParseBearerToken middleware invoked {"path":"/api/v2/campaign","method":"GET","has_auth_header":true,"auth_header_preview":"Bearer 171|K7b9U4PgNUTaGbhtLCl...","is_bearer":true} 
[2026-05-19 14:10:17] local.INFO: Extracted bearer token {"token_preview":"171|K7b9U4...","token_length":52} 
[2026-05-19 14:10:17] local.INFO: Found personal access token {"token_id":171,"user_id":68,"revoked":null} 
[2026-05-19 14:10:17] local.INFO: User authenticated via bearer token {"user_id":68,"user_email":"freelancerzahedcreator@gmail.com"} 
[2026-05-19 14:10:17] local.INFO: Returning campaigns for user {"user_id":68,"campaign_count":9,"statuses":["draft","live","draft","draft","draft","draft","live","live","draft"]} 
[2026-05-19 14:10:18] local.INFO: ParseBearerToken middleware invoked {"path":"/api/v2/campaign","method":"GET","has_auth_header":true,"auth_header_preview":"Bearer 171|K7b9U4PgNUTaGbhtLCl...","is_bearer":true} 
[2026-05-19 14:10:18] local.INFO: Extracted bearer token {"token_preview":"171|K7b9U4...","token_length":52} 
[2026-05-19 14:10:18] local.INFO: Found personal access token {"token_id":171,"user_id":68,"revoked":null} 
[2026-05-19 14:10:18] local.INFO: User authenticated via bearer token {"user_id":68,"user_email":"freelancerzahedcreator@gmail.com"} 
[2026-05-19 14:10:18] local.INFO: Returning campaigns for user {"user_id":68,"campaign_count":9,"statuses":["draft","live","draft","draft","draft","draft","live","live","draft"]} 
[2026-05-19 14:10:35] local.INFO: ParseBearerToken middleware invoked {"path":"/api/v2/campaign","method":"GET","has_auth_header":true,"auth_header_preview":"Bearer 171|K7b9U4PgNUTaGbhtLCl...","is_bearer":true} 
[2026-05-19 14:10:35] local.INFO: Extracted bearer token {"token_preview":"171|K7b9U4...","token_length":52} 
[2026-05-19 14:10:35] local.INFO: Found personal access token {"token_id":171,"user_id":68,"revoked":null} 
[2026-05-19 14:10:35] local.INFO: User authenticated via bearer token {"user_id":68,"user_email":"freelancerzahedcreator@gmail.com"} 
[2026-05-19 14:10:35] local.INFO: Returning campaigns for user {"user_id":68,"campaign_count":9,"statuses":["draft","live","draft","draft","draft","draft","live","live","draft"]} 
[2026-05-19 14:10:35] local.INFO: ParseBearerToken middleware invoked {"path":"/api/v2/campaign","method":"GET","has_auth_header":true,"auth_header_preview":"Bearer 171|K7b9U4PgNUTaGbhtLCl...","is_bearer":true} 
[2026-05-19 14:10:35] local.INFO: Extracted bearer token {"token_preview":"171|K7b9U4...","token_length":52} 
[2026-05-19 14:10:35] local.INFO: Found personal access token {"token_id":171,"user_id":68,"revoked":null} 
[2026-05-19 14:10:35] local.INFO: User authenticated via bearer token {"user_id":68,"user_email":"freelancerzahedcreator@gmail.com"} 
[2026-05-19 14:10:35] local.INFO: Returning campaigns for user {"user_id":68,"campaign_count":9,"statuses":["draft","live","draft","draft","draft","draft","live","live","draft"]} 
[2026-05-19 14:11:04] local.INFO: ParseBearerToken middleware invoked {"path":"/api/v2/campaign","method":"GET","has_auth_header":true,"auth_header_preview":"Bearer 171|K7b9U4PgNUTaGbhtLCl...","is_bearer":true} 
[2026-05-19 14:11:04] local.INFO: Extracted bearer token {"token_preview":"171|K7b9U4...","token_length":52} 
[2026-05-19 14:11:04] local.INFO: Found personal access token {"token_id":171,"user_id":68,"revoked":null} 
[2026-05-19 14:11:04] local.INFO: User authenticated via bearer token {"user_id":68,"user_email":"freelancerzahedcreator@gmail.com"} 
[2026-05-19 14:11:04] local.INFO: Returning campaigns for user {"user_id":68,"campaign_count":9,"statuses":["draft","live","draft","draft","draft","draft","live","live","draft"]} 
[2026-05-19 14:11:24] local.INFO: ParseBearerToken middleware invoked {"path":"/api/v2/campaign","method":"GET","has_auth_header":true,"auth_header_preview":"Bearer 171|K7b9U4PgNUTaGbhtLCl...","is_bearer":true} 
[2026-05-19 14:11:24] local.INFO: Extracted bearer token {"token_preview":"171|K7b9U4...","token_length":52} 
[2026-05-19 14:11:24] local.INFO: Found personal access token {"token_id":171,"user_id":68,"revoked":null} 
[2026-05-19 14:11:24] local.INFO: User authenticated via bearer token {"user_id":68,"user_email":"freelancerzahedcreator@gmail.com"} 
[2026-05-19 14:11:24] local.INFO: Returning campaigns for user {"user_id":68,"campaign_count":9,"statuses":["draft","live","draft","draft","draft","draft","live","live","draft"]} 
[2026-05-19 14:11:25] local.INFO: ParseBearerToken middleware invoked {"path":"/api/v2/campaign","method":"GET","has_auth_header":true,"auth_header_preview":"Bearer 171|K7b9U4PgNUTaGbhtLCl...","is_bearer":true} 
[2026-05-19 14:11:25] local.INFO: Extracted bearer token {"token_preview":"171|K7b9U4...","token_length":52} 
[2026-05-19 14:11:25] local.INFO: Found personal access token {"token_id":171,"user_id":68,"revoked":null} 
[2026-05-19 14:11:25] local.INFO: User authenticated via bearer token {"user_id":68,"user_email":"freelancerzahedcreator@gmail.com"} 
[2026-05-19 14:11:25] local.INFO: Returning campaigns for user {"user_id":68,"campaign_count":9,"statuses":["draft","live","draft","draft","draft","draft","live","live","draft"]} 
[2026-05-19 14:11:30] local.INFO: ParseBearerToken middleware invoked {"path":"/api/v2/campaign","method":"GET","has_auth_header":true,"auth_header_preview":"Bearer 171|K7b9U4PgNUTaGbhtLCl...","is_bearer":true} 
[2026-05-19 14:11:30] local.INFO: Extracted bearer token {"token_preview":"171|K7b9U4...","token_length":52} 
[2026-05-19 14:11:30] local.INFO: Found personal access token {"token_id":171,"user_id":68,"revoked":null} 
[2026-05-19 14:11:30] local.INFO: User authenticated via bearer token {"user_id":68,"user_email":"freelancerzahedcreator@gmail.com"} 
[2026-05-19 14:11:30] local.INFO: Returning campaigns for user {"user_id":68,"campaign_count":9,"statuses":["draft","live","draft","draft","draft","draft","live","live","draft"]} 
[2026-05-19 14:11:31] local.INFO: ParseBearerToken middleware invoked {"path":"/api/v2/campaign","method":"GET","has_auth_header":true,"auth_header_preview":"Bearer 171|K7b9U4PgNUTaGbhtLCl...","is_bearer":true} 
[2026-05-19 14:11:31] local.INFO: Extracted bearer token {"token_preview":"171|K7b9U4...","token_length":52} 
[2026-05-19 14:11:31] local.INFO: Found personal access token {"token_id":171,"user_id":68,"revoked":null} 
[2026-05-19 14:11:31] local.INFO: User authenticated via bearer token {"user_id":68,"user_email":"freelancerzahedcreator@gmail.com"} 
[2026-05-19 14:11:31] local.INFO: Returning campaigns for user {"user_id":68,"campaign_count":9,"statuses":["draft","live","draft","draft","draft","draft","live","live","draft"]} 
[2026-05-19 14:12:00] local.INFO: ParseBearerToken middleware invoked {"path":"/api/v2/campaign","method":"GET","has_auth_header":true,"auth_header_preview":"Bearer 171|K7b9U4PgNUTaGbhtLCl...","is_bearer":true} 
[2026-05-19 14:12:00] local.INFO: Extracted bearer token {"token_preview":"171|K7b9U4...","token_length":52} 
[2026-05-19 14:12:00] local.INFO: Found personal access token {"token_id":171,"user_id":68,"revoked":null} 
[2026-05-19 14:12:00] local.INFO: User authenticated via bearer token {"user_id":68,"user_email":"freelancerzahedcreator@gmail.com"} 
[2026-05-19 14:12:00] local.INFO: Returning campaigns for user {"user_id":68,"campaign_count":9,"statuses":["draft","live","draft","draft","draft","draft","live","live","draft"]} 
[2026-05-19 14:12:30] local.INFO: ParseBearerToken middleware invoked {"path":"/api/v2/campaign","method":"GET","has_auth_header":true,"auth_header_preview":"Bearer 171|K7b9U4PgNUTaGbhtLCl...","is_bearer":true} 
[2026-05-19 14:12:30] local.INFO: Extracted bearer token {"token_preview":"171|K7b9U4...","token_length":52} 
[2026-05-19 14:12:30] local.INFO: Found personal access token {"token_id":171,"user_id":68,"revoked":null} 
[2026-05-19 14:12:30] local.INFO: User authenticated via bearer token {"user_id":68,"user_email":"freelancerzahedcreator@gmail.com"} 
[2026-05-19 14:12:30] local.INFO: Returning campaigns for user {"user_id":68,"campaign_count":9,"statuses":["draft","live","draft","draft","draft","draft","live","live","draft"]} 
[2026-05-19 14:13:00] local.INFO: ParseBearerToken middleware invoked {"path":"/api/v2/campaign","method":"GET","has_auth_header":true,"auth_header_preview":"Bearer 171|K7b9U4PgNUTaGbhtLCl...","is_bearer":true} 
[2026-05-19 14:13:00] local.INFO: Extracted bearer token {"token_preview":"171|K7b9U4...","token_length":52} 
[2026-05-19 14:13:00] local.INFO: Found personal access token {"token_id":171,"user_id":68,"revoked":null} 
[2026-05-19 14:13:00] local.INFO: User authenticated via bearer token {"user_id":68,"user_email":"freelancerzahedcreator@gmail.com"} 
[2026-05-19 14:13:00] local.INFO: Returning campaigns for user {"user_id":68,"campaign_count":9,"statuses":["draft","live","draft","draft","draft","draft","live","live","draft"]} 
[2026-05-19 14:13:31] local.INFO: ParseBearerToken middleware invoked {"path":"/api/v2/campaign","method":"GET","has_auth_header":true,"auth_header_preview":"Bearer 171|K7b9U4PgNUTaGbhtLCl...","is_bearer":true} 
[2026-05-19 14:13:31] local.INFO: Extracted bearer token {"token_preview":"171|K7b9U4...","token_length":52} 
[2026-05-19 14:13:31] local.INFO: Found personal access token {"token_id":171,"user_id":68,"revoked":null} 
[2026-05-19 14:13:31] local.INFO: User authenticated via bearer token {"user_id":68,"user_email":"freelancerzahedcreator@gmail.com"} 
[2026-05-19 14:13:31] local.INFO: Returning campaigns for user {"user_id":68,"campaign_count":9,"statuses":["draft","live","draft","draft","draft","draft","live","live","draft"]} 
[2026-05-19 14:13:35] local.INFO: ParseBearerToken middleware invoked {"path":"/api/v2/campaign","method":"GET","has_auth_header":true,"auth_header_preview":"Bearer 171|K7b9U4PgNUTaGbhtLCl...","is_bearer":true} 
[2026-05-19 14:13:35] local.INFO: Extracted bearer token {"token_preview":"171|K7b9U4...","token_length":52} 
[2026-05-19 14:13:35] local.INFO: Found personal access token {"token_id":171,"user_id":68,"revoked":null} 
[2026-05-19 14:13:35] local.INFO: User authenticated via bearer token {"user_id":68,"user_email":"freelancerzahedcreator@gmail.com"} 
[2026-05-19 14:13:35] local.INFO: Returning campaigns for user {"user_id":68,"campaign_count":9,"statuses":["draft","live","draft","draft","draft","draft","live","live","draft"]} 
[2026-05-19 14:13:36] local.INFO: ParseBearerToken middleware invoked {"path":"/api/v2/campaign","method":"GET","has_auth_header":true,"auth_header_preview":"Bearer 171|K7b9U4PgNUTaGbhtLCl...","is_bearer":true} 
[2026-05-19 14:13:36] local.INFO: Extracted bearer token {"token_preview":"171|K7b9U4...","token_length":52} 
[2026-05-19 14:13:36] local.INFO: Found personal access token {"token_id":171,"user_id":68,"revoked":null} 
[2026-05-19 14:13:36] local.INFO: User authenticated via bearer token {"user_id":68,"user_email":"freelancerzahedcreator@gmail.com"} 
[2026-05-19 14:13:36] local.INFO: Returning campaigns for user {"user_id":68,"campaign_count":9,"statuses":["draft","live","draft","draft","draft","draft","live","live","draft"]} 
[2026-05-19 14:14:04] local.INFO: ParseBearerToken middleware invoked {"path":"/api/v2/campaign","method":"GET","has_auth_header":true,"auth_header_preview":"Bearer 171|K7b9U4PgNUTaGbhtLCl...","is_bearer":true} 
[2026-05-19 14:14:04] local.INFO: Extracted bearer token {"token_preview":"171|K7b9U4...","token_length":52} 
[2026-05-19 14:14:04] local.INFO: Found personal access token {"token_id":171,"user_id":68,"revoked":null} 
[2026-05-19 14:14:04] local.INFO: User authenticated via bearer token {"user_id":68,"user_email":"freelancerzahedcreator@gmail.com"} 
[2026-05-19 14:14:04] local.INFO: Returning campaigns for user {"user_id":68,"campaign_count":9,"statuses":["draft","live","draft","draft","draft","draft","live","live","draft"]} 
[2026-05-19 14:14:05] local.INFO: ParseBearerToken middleware invoked {"path":"/api/v2/campaign","method":"GET","has_auth_header":true,"auth_header_preview":"Bearer 171|K7b9U4PgNUTaGbhtLCl...","is_bearer":true} 
[2026-05-19 14:14:05] local.INFO: Extracted bearer token {"token_preview":"171|K7b9U4...","token_length":52} 
[2026-05-19 14:14:05] local.INFO: Found personal access token {"token_id":171,"user_id":68,"revoked":null} 
[2026-05-19 14:14:05] local.INFO: User authenticated via bearer token {"user_id":68,"user_email":"freelancerzahedcreator@gmail.com"} 
[2026-05-19 14:14:05] local.INFO: Returning campaigns for user {"user_id":68,"campaign_count":9,"statuses":["draft","live","draft","draft","draft","draft","live","live","draft"]} 
[2026-05-19 14:14:14] local.INFO: ParseBearerToken middleware invoked {"path":"/api/v2/campaign","method":"GET","has_auth_header":true,"auth_header_preview":"Bearer 171|K7b9U4PgNUTaGbhtLCl...","is_bearer":true} 
[2026-05-19 14:14:14] local.INFO: Extracted bearer token {"token_preview":"171|K7b9U4...","token_length":52} 
[2026-05-19 14:14:14] local.INFO: Found personal access token {"token_id":171,"user_id":68,"revoked":null} 
[2026-05-19 14:14:14] local.INFO: User authenticated via bearer token {"user_id":68,"user_email":"freelancerzahedcreator@gmail.com"} 
[2026-05-19 14:14:14] local.INFO: Returning campaigns for user {"user_id":68,"campaign_count":9,"statuses":["draft","live","draft","draft","draft","draft","live","live","draft"]} 
[2026-05-19 14:14:15] local.INFO: ParseBearerToken middleware invoked {"path":"/api/v2/campaign","method":"GET","has_auth_header":true,"auth_header_preview":"Bearer 171|K7b9U4PgNUTaGbhtLCl...","is_bearer":true} 
[2026-05-19 14:14:15] local.INFO: Extracted bearer token {"token_preview":"171|K7b9U4...","token_length":52} 
[2026-05-19 14:14:15] local.INFO: Found personal access token {"token_id":171,"user_id":68,"revoked":null} 
[2026-05-19 14:14:15] local.INFO: User authenticated via bearer token {"user_id":68,"user_email":"freelancerzahedcreator@gmail.com"} 
[2026-05-19 14:14:15] local.INFO: Returning campaigns for user {"user_id":68,"campaign_count":9,"statuses":["draft","live","draft","draft","draft","draft","live","live","draft"]} 
[2026-05-19 14:15:42] local.INFO: ParseBearerToken middleware invoked {"path":"/api/v2/campaign","method":"GET","has_auth_header":true,"auth_header_preview":"Bearer 171|K7b9U4PgNUTaGbhtLCl...","is_bearer":true} 
[2026-05-19 14:15:42] local.INFO: Extracted bearer token {"token_preview":"171|K7b9U4...","token_length":52} 
[2026-05-19 14:15:42] local.INFO: Found personal access token {"token_id":171,"user_id":68,"revoked":null} 
[2026-05-19 14:15:42] local.INFO: User authenticated via bearer token {"user_id":68,"user_email":"freelancerzahedcreator@gmail.com"} 
[2026-05-19 14:15:42] local.INFO: Returning campaigns for user {"user_id":68,"campaign_count":9,"statuses":["draft","live","draft","draft","draft","draft","live","live","draft"]} 
[2026-05-19 14:15:43] local.INFO: ParseBearerToken middleware invoked {"path":"/api/v2/campaign","method":"GET","has_auth_header":true,"auth_header_preview":"Bearer 171|K7b9U4PgNUTaGbhtLCl...","is_bearer":true} 
[2026-05-19 14:15:43] local.INFO: Extracted bearer token {"token_preview":"171|K7b9U4...","token_length":52} 
[2026-05-19 14:15:43] local.INFO: Found personal access token {"token_id":171,"user_id":68,"revoked":null} 
[2026-05-19 14:15:43] local.INFO: User authenticated via bearer token {"user_id":68,"user_email":"freelancerzahedcreator@gmail.com"} 
[2026-05-19 14:15:43] local.INFO: Returning campaigns for user {"user_id":68,"campaign_count":9,"statuses":["draft","live","draft","draft","draft","draft","live","live","draft"]} 
[2026-05-19 14:15:51] local.INFO: ParseBearerToken middleware invoked {"path":"/api/v2/campaign","method":"GET","has_auth_header":true,"auth_header_preview":"Bearer 171|K7b9U4PgNUTaGbhtLCl...","is_bearer":true} 
[2026-05-19 14:15:51] local.INFO: Extracted bearer token {"token_preview":"171|K7b9U4...","token_length":52} 
[2026-05-19 14:15:51] local.INFO: Found personal access token {"token_id":171,"user_id":68,"revoked":null} 
[2026-05-19 14:15:51] local.INFO: User authenticated via bearer token {"user_id":68,"user_email":"freelancerzahedcreator@gmail.com"} 
[2026-05-19 14:15:51] local.INFO: Returning campaigns for user {"user_id":68,"campaign_count":9,"statuses":["draft","live","draft","draft","draft","draft","live","live","draft"]} 
[2026-05-19 14:15:51] local.INFO: ParseBearerToken middleware invoked {"path":"/api/v2/campaign","method":"GET","has_auth_header":true,"auth_header_preview":"Bearer 171|K7b9U4PgNUTaGbhtLCl...","is_bearer":true} 
[2026-05-19 14:15:51] local.INFO: Extracted bearer token {"token_preview":"171|K7b9U4...","token_length":52} 
[2026-05-19 14:15:51] local.INFO: Found personal access token {"token_id":171,"user_id":68,"revoked":null} 
[2026-05-19 14:15:51] local.INFO: User authenticated via bearer token {"user_id":68,"user_email":"freelancerzahedcreator@gmail.com"} 
[2026-05-19 14:15:52] local.INFO: Returning campaigns for user {"user_id":68,"campaign_count":9,"statuses":["draft","live","draft","draft","draft","draft","live","live","draft"]} 
[2026-05-19 14:15:53] local.INFO: ParseBearerToken middleware invoked {"path":"/api/v2/campaign","method":"GET","has_auth_header":true,"auth_header_preview":"Bearer 171|K7b9U4PgNUTaGbhtLCl...","is_bearer":true} 
[2026-05-19 14:15:53] local.INFO: Extracted bearer token {"token_preview":"171|K7b9U4...","token_length":52} 
[2026-05-19 14:15:53] local.INFO: Found personal access token {"token_id":171,"user_id":68,"revoked":null} 
[2026-05-19 14:15:53] local.INFO: User authenticated via bearer token {"user_id":68,"user_email":"freelancerzahedcreator@gmail.com"} 
[2026-05-19 14:15:53] local.INFO: Returning campaigns for user {"user_id":68,"campaign_count":9,"statuses":["draft","live","draft","draft","draft","draft","live","live","draft"]} 
[2026-05-19 14:15:54] local.INFO: ParseBearerToken middleware invoked {"path":"/api/v2/campaign","method":"GET","has_auth_header":true,"auth_header_preview":"Bearer 171|K7b9U4PgNUTaGbhtLCl...","is_bearer":true} 
[2026-05-19 14:15:54] local.INFO: Extracted bearer token {"token_preview":"171|K7b9U4...","token_length":52} 
[2026-05-19 14:15:54] local.INFO: Found personal access token {"token_id":171,"user_id":68,"revoked":null} 
[2026-05-19 14:15:54] local.INFO: User authenticated via bearer token {"user_id":68,"user_email":"freelancerzahedcreator@gmail.com"} 
[2026-05-19 14:15:54] local.INFO: Returning campaigns for user {"user_id":68,"campaign_count":9,"statuses":["draft","live","draft","draft","draft","draft","live","live","draft"]} 
[2026-05-19 14:15:57] local.INFO: ParseBearerToken middleware invoked {"path":"/api/v2/campaign","method":"GET","has_auth_header":true,"auth_header_preview":"Bearer 171|K7b9U4PgNUTaGbhtLCl...","is_bearer":true} 
[2026-05-19 14:15:57] local.INFO: Extracted bearer token {"token_preview":"171|K7b9U4...","token_length":52} 
[2026-05-19 14:15:57] local.INFO: Found personal access token {"token_id":171,"user_id":68,"revoked":null} 
[2026-05-19 14:15:57] local.INFO: User authenticated via bearer token {"user_id":68,"user_email":"freelancerzahedcreator@gmail.com"} 
[2026-05-19 14:15:57] local.INFO: Returning campaigns for user {"user_id":68,"campaign_count":9,"statuses":["draft","live","draft","draft","draft","draft","live","live","draft"]} 
[2026-05-19 14:15:58] local.INFO: ParseBearerToken middleware invoked {"path":"/api/v2/campaign","method":"GET","has_auth_header":true,"auth_header_preview":"Bearer 171|K7b9U4PgNUTaGbhtLCl...","is_bearer":true} 
[2026-05-19 14:15:58] local.INFO: Extracted bearer token {"token_preview":"171|K7b9U4...","token_length":52} 
[2026-05-19 14:15:58] local.INFO: Found personal access token {"token_id":171,"user_id":68,"revoked":null} 
[2026-05-19 14:15:58] local.INFO: User authenticated via bearer token {"user_id":68,"user_email":"freelancerzahedcreator@gmail.com"} 
[2026-05-19 14:15:58] local.INFO: Returning campaigns for user {"user_id":68,"campaign_count":9,"statuses":["draft","live","draft","draft","draft","draft","live","live","draft"]} 
[2026-05-19 14:16:00] local.INFO: ParseBearerToken middleware invoked {"path":"/api/v2/campaign","method":"GET","has_auth_header":true,"auth_header_preview":"Bearer 171|K7b9U4PgNUTaGbhtLCl...","is_bearer":true} 
[2026-05-19 14:16:00] local.INFO: Extracted bearer token {"token_preview":"171|K7b9U4...","token_length":52} 
[2026-05-19 14:16:00] local.INFO: Found personal access token {"token_id":171,"user_id":68,"revoked":null} 
[2026-05-19 14:16:00] local.INFO: User authenticated via bearer token {"user_id":68,"user_email":"freelancerzahedcreator@gmail.com"} 
[2026-05-19 14:16:00] local.INFO: Returning campaigns for user {"user_id":68,"campaign_count":9,"statuses":["draft","live","draft","draft","draft","draft","live","live","draft"]} 
[2026-05-19 14:16:01] local.INFO: ParseBearerToken middleware invoked {"path":"/api/v2/campaign","method":"GET","has_auth_header":true,"auth_header_preview":"Bearer 171|K7b9U4PgNUTaGbhtLCl...","is_bearer":true} 
[2026-05-19 14:16:01] local.INFO: Extracted bearer token {"token_preview":"171|K7b9U4...","token_length":52} 
[2026-05-19 14:16:01] local.INFO: Found personal access token {"token_id":171,"user_id":68,"revoked":null} 
[2026-05-19 14:16:01] local.INFO: User authenticated via bearer token {"user_id":68,"user_email":"freelancerzahedcreator@gmail.com"} 
[2026-05-19 14:16:01] local.INFO: Returning campaigns for user {"user_id":68,"campaign_count":9,"statuses":["draft","live","draft","draft","draft","draft","live","live","draft"]} 
[2026-05-19 14:16:17] local.INFO: ParseBearerToken middleware invoked {"path":"/api/v2/campaign","method":"GET","has_auth_header":true,"auth_header_preview":"Bearer 171|K7b9U4PgNUTaGbhtLCl...","is_bearer":true} 
[2026-05-19 14:16:17] local.INFO: Extracted bearer token {"token_preview":"171|K7b9U4...","token_length":52} 
[2026-05-19 14:16:17] local.INFO: Found personal access token {"token_id":171,"user_id":68,"revoked":null} 
[2026-05-19 14:16:17] local.INFO: User authenticated via bearer token {"user_id":68,"user_email":"freelancerzahedcreator@gmail.com"} 
[2026-05-19 14:16:17] local.INFO: Returning campaigns for user {"user_id":68,"campaign_count":9,"statuses":["draft","live","draft","draft","draft","draft","live","live","draft"]} 
[2026-05-19 14:16:18] local.INFO: ParseBearerToken middleware invoked {"path":"/api/v2/campaign","method":"GET","has_auth_header":true,"auth_header_preview":"Bearer 171|K7b9U4PgNUTaGbhtLCl...","is_bearer":true} 
[2026-05-19 14:16:18] local.INFO: Extracted bearer token {"token_preview":"171|K7b9U4...","token_length":52} 
[2026-05-19 14:16:18] local.INFO: Found personal access token {"token_id":171,"user_id":68,"revoked":null} 
[2026-05-19 14:16:18] local.INFO: User authenticated via bearer token {"user_id":68,"user_email":"freelancerzahedcreator@gmail.com"} 
[2026-05-19 14:16:18] local.INFO: Returning campaigns for user {"user_id":68,"campaign_count":9,"statuses":["draft","live","draft","draft","draft","draft","live","live","draft"]} 
[2026-05-19 14:16:21] local.INFO: ParseBearerToken middleware invoked {"path":"/api/v2/campaign","method":"GET","has_auth_header":true,"auth_header_preview":"Bearer 171|K7b9U4PgNUTaGbhtLCl...","is_bearer":true} 
[2026-05-19 14:16:21] local.INFO: Extracted bearer token {"token_preview":"171|K7b9U4...","token_length":52} 
[2026-05-19 14:16:21] local.INFO: Found personal access token {"token_id":171,"user_id":68,"revoked":null} 
[2026-05-19 14:16:21] local.INFO: User authenticated via bearer token {"user_id":68,"user_email":"freelancerzahedcreator@gmail.com"} 
[2026-05-19 14:16:21] local.INFO: Returning campaigns for user {"user_id":68,"campaign_count":9,"statuses":["draft","live","draft","draft","draft","draft","live","live","draft"]} 
[2026-05-19 14:16:21] local.INFO: ParseBearerToken middleware invoked {"path":"/api/v2/campaign","method":"GET","has_auth_header":true,"auth_header_preview":"Bearer 171|K7b9U4PgNUTaGbhtLCl...","is_bearer":true} 
[2026-05-19 14:16:21] local.INFO: Extracted bearer token {"token_preview":"171|K7b9U4...","token_length":52} 
[2026-05-19 14:16:21] local.INFO: Found personal access token {"token_id":171,"user_id":68,"revoked":null} 
[2026-05-19 14:16:21] local.INFO: User authenticated via bearer token {"user_id":68,"user_email":"freelancerzahedcreator@gmail.com"} 
[2026-05-19 14:16:21] local.INFO: Returning campaigns for user {"user_id":68,"campaign_count":9,"statuses":["draft","live","draft","draft","draft","draft","live","live","draft"]} 
[2026-05-19 14:16:26] local.INFO: ParseBearerToken middleware invoked {"path":"/api/v2/campaign","method":"GET","has_auth_header":true,"auth_header_preview":"Bearer 171|K7b9U4PgNUTaGbhtLCl...","is_bearer":true} 
[2026-05-19 14:16:26] local.INFO: Extracted bearer token {"token_preview":"171|K7b9U4...","token_length":52} 
[2026-05-19 14:16:26] local.INFO: Found personal access token {"token_id":171,"user_id":68,"revoked":null} 
[2026-05-19 14:16:26] local.INFO: User authenticated via bearer token {"user_id":68,"user_email":"freelancerzahedcreator@gmail.com"} 
[2026-05-19 14:16:26] local.INFO: Returning campaigns for user {"user_id":68,"campaign_count":9,"statuses":["draft","live","draft","draft","draft","draft","live","live","draft"]} 
[2026-05-19 14:16:27] local.INFO: ParseBearerToken middleware invoked {"path":"/api/v2/campaign","method":"GET","has_auth_header":true,"auth_header_preview":"Bearer 171|K7b9U4PgNUTaGbhtLCl...","is_bearer":true} 
[2026-05-19 14:16:27] local.INFO: Extracted bearer token {"token_preview":"171|K7b9U4...","token_length":52} 
[2026-05-19 14:16:27] local.INFO: Found personal access token {"token_id":171,"user_id":68,"revoked":null} 
[2026-05-19 14:16:27] local.INFO: User authenticated via bearer token {"user_id":68,"user_email":"freelancerzahedcreator@gmail.com"} 
[2026-05-19 14:16:27] local.INFO: Returning campaigns for user {"user_id":68,"campaign_count":9,"statuses":["draft","live","draft","draft","draft","draft","live","live","draft"]} 
[2026-05-19 14:16:45] local.INFO: ParseBearerToken middleware invoked {"path":"/api/v2/campaign","method":"GET","has_auth_header":true,"auth_header_preview":"Bearer 171|K7b9U4PgNUTaGbhtLCl...","is_bearer":true} 
[2026-05-19 14:16:45] local.INFO: Extracted bearer token {"token_preview":"171|K7b9U4...","token_length":52} 
[2026-05-19 14:16:45] local.INFO: Found personal access token {"token_id":171,"user_id":68,"revoked":null} 
[2026-05-19 14:16:45] local.INFO: User authenticated via bearer token {"user_id":68,"user_email":"freelancerzahedcreator@gmail.com"} 
[2026-05-19 14:16:45] local.INFO: Returning campaigns for user {"user_id":68,"campaign_count":9,"statuses":["draft","live","draft","draft","draft","draft","live","live","draft"]} 
[2026-05-19 14:16:46] local.INFO: ParseBearerToken middleware invoked {"path":"/api/v2/campaign","method":"GET","has_auth_header":true,"auth_header_preview":"Bearer 171|K7b9U4PgNUTaGbhtLCl...","is_bearer":true} 
[2026-05-19 14:16:46] local.INFO: Extracted bearer token {"token_preview":"171|K7b9U4...","token_length":52} 
[2026-05-19 14:16:46] local.INFO: Found personal access token {"token_id":171,"user_id":68,"revoked":null} 
[2026-05-19 14:16:46] local.INFO: User authenticated via bearer token {"user_id":68,"user_email":"freelancerzahedcreator@gmail.com"} 
[2026-05-19 14:16:46] local.INFO: Returning campaigns for user {"user_id":68,"campaign_count":9,"statuses":["draft","live","draft","draft","draft","draft","live","live","draft"]} 
[2026-05-19 14:17:14] local.INFO: ParseBearerToken middleware invoked {"path":"/api/v2/campaign","method":"GET","has_auth_header":true,"auth_header_preview":"Bearer 171|K7b9U4PgNUTaGbhtLCl...","is_bearer":true} 
[2026-05-19 14:17:14] local.INFO: Extracted bearer token {"token_preview":"171|K7b9U4...","token_length":52} 
[2026-05-19 14:17:14] local.INFO: Found personal access token {"token_id":171,"user_id":68,"revoked":null} 
[2026-05-19 14:17:14] local.INFO: User authenticated via bearer token {"user_id":68,"user_email":"freelancerzahedcreator@gmail.com"} 
[2026-05-19 14:17:14] local.INFO: Returning campaigns for user {"user_id":68,"campaign_count":9,"statuses":["draft","live","draft","draft","draft","draft","live","live","draft"]} 
[2026-05-19 14:17:14] local.INFO: ParseBearerToken middleware invoked {"path":"/api/v2/campaign","method":"GET","has_auth_header":true,"auth_header_preview":"Bearer 171|K7b9U4PgNUTaGbhtLCl...","is_bearer":true} 
[2026-05-19 14:17:14] local.INFO: Extracted bearer token {"token_preview":"171|K7b9U4...","token_length":52} 
[2026-05-19 14:17:14] local.INFO: Found personal access token {"token_id":171,"user_id":68,"revoked":null} 
[2026-05-19 14:17:14] local.INFO: User authenticated via bearer token {"user_id":68,"user_email":"freelancerzahedcreator@gmail.com"} 
[2026-05-19 14:17:14] local.INFO: Returning campaigns for user {"user_id":68,"campaign_count":9,"statuses":["draft","live","draft","draft","draft","draft","live","live","draft"]} 
[2026-05-19 14:17:30] local.INFO: ParseBearerToken middleware invoked {"path":"/api/v2/campaign","method":"GET","has_auth_header":true,"auth_header_preview":"Bearer 171|K7b9U4PgNUTaGbhtLCl...","is_bearer":true} 
[2026-05-19 14:17:30] local.INFO: Extracted bearer token {"token_preview":"171|K7b9U4...","token_length":52} 
[2026-05-19 14:17:30] local.INFO: Found personal access token {"token_id":171,"user_id":68,"revoked":null} 
[2026-05-19 14:17:30] local.INFO: User authenticated via bearer token {"user_id":68,"user_email":"freelancerzahedcreator@gmail.com"} 
[2026-05-19 14:17:30] local.INFO: Returning campaigns for user {"user_id":68,"campaign_count":9,"statuses":["draft","live","draft","draft","draft","draft","live","live","draft"]} 
[2026-05-19 14:17:31] local.INFO: ParseBearerToken middleware invoked {"path":"/api/v2/campaign","method":"GET","has_auth_header":true,"auth_header_preview":"Bearer 171|K7b9U4PgNUTaGbhtLCl...","is_bearer":true} 
[2026-05-19 14:17:31] local.INFO: Extracted bearer token {"token_preview":"171|K7b9U4...","token_length":52} 
[2026-05-19 14:17:31] local.INFO: Found personal access token {"token_id":171,"user_id":68,"revoked":null} 
[2026-05-19 14:17:31] local.INFO: User authenticated via bearer token {"user_id":68,"user_email":"freelancerzahedcreator@gmail.com"} 
[2026-05-19 14:17:31] local.INFO: Returning campaigns for user {"user_id":68,"campaign_count":9,"statuses":["draft","live","draft","draft","draft","draft","live","live","draft"]} 
[2026-05-19 14:17:54] local.INFO: ParseBearerToken middleware invoked {"path":"/api/v2/campaign","method":"GET","has_auth_header":true,"auth_header_preview":"Bearer 171|K7b9U4PgNUTaGbhtLCl...","is_bearer":true} 
[2026-05-19 14:17:54] local.INFO: Extracted bearer token {"token_preview":"171|K7b9U4...","token_length":52} 
[2026-05-19 14:17:54] local.INFO: Found personal access token {"token_id":171,"user_id":68,"revoked":null} 
[2026-05-19 14:17:54] local.INFO: User authenticated via bearer token {"user_id":68,"user_email":"freelancerzahedcreator@gmail.com"} 
[2026-05-19 14:17:54] local.INFO: Returning campaigns for user {"user_id":68,"campaign_count":9,"statuses":["draft","live","draft","draft","draft","draft","live","live","draft"]} 
[2026-05-19 14:17:55] local.INFO: ParseBearerToken middleware invoked {"path":"/api/v2/campaign","method":"GET","has_auth_header":true,"auth_header_preview":"Bearer 171|K7b9U4PgNUTaGbhtLCl...","is_bearer":true} 
[2026-05-19 14:17:55] local.INFO: Extracted bearer token {"token_preview":"171|K7b9U4...","token_length":52} 
[2026-05-19 14:17:55] local.INFO: Found personal access token {"token_id":171,"user_id":68,"revoked":null} 
[2026-05-19 14:17:55] local.INFO: User authenticated via bearer token {"user_id":68,"user_email":"freelancerzahedcreator@gmail.com"} 
[2026-05-19 14:17:55] local.INFO: Returning campaigns for user {"user_id":68,"campaign_count":9,"statuses":["draft","live","draft","draft","draft","draft","live","live","draft"]} 
[2026-05-19 14:18:22] local.INFO: ParseBearerToken middleware invoked {"path":"/api/v2/campaign","method":"GET","has_auth_header":true,"auth_header_preview":"Bearer 171|K7b9U4PgNUTaGbhtLCl...","is_bearer":true} 
[2026-05-19 14:18:22] local.INFO: Extracted bearer token {"token_preview":"171|K7b9U4...","token_length":52} 
[2026-05-19 14:18:22] local.INFO: Found personal access token {"token_id":171,"user_id":68,"revoked":null} 
[2026-05-19 14:18:22] local.INFO: User authenticated via bearer token {"user_id":68,"user_email":"freelancerzahedcreator@gmail.com"} 
[2026-05-19 14:18:22] local.INFO: Returning campaigns for user {"user_id":68,"campaign_count":9,"statuses":["draft","live","draft","draft","draft","draft","live","live","draft"]} 
[2026-05-19 14:18:22] local.INFO: ParseBearerToken middleware invoked {"path":"/api/v2/campaign","method":"GET","has_auth_header":true,"auth_header_preview":"Bearer 171|K7b9U4PgNUTaGbhtLCl...","is_bearer":true} 
[2026-05-19 14:18:22] local.INFO: Extracted bearer token {"token_preview":"171|K7b9U4...","token_length":52} 
[2026-05-19 14:18:22] local.INFO: Found personal access token {"token_id":171,"user_id":68,"revoked":null} 
[2026-05-19 14:18:22] local.INFO: User authenticated via bearer token {"user_id":68,"user_email":"freelancerzahedcreator@gmail.com"} 
[2026-05-19 14:18:22] local.INFO: Returning campaigns for user {"user_id":68,"campaign_count":9,"statuses":["draft","live","draft","draft","draft","draft","live","live","draft"]} 
[2026-05-19 14:18:24] local.INFO: ParseBearerToken middleware invoked {"path":"/api/v2/campaign","method":"GET","has_auth_header":true,"auth_header_preview":"Bearer 171|K7b9U4PgNUTaGbhtLCl...","is_bearer":true} 
[2026-05-19 14:18:24] local.INFO: Extracted bearer token {"token_preview":"171|K7b9U4...","token_length":52} 
[2026-05-19 14:18:24] local.INFO: Found personal access token {"token_id":171,"user_id":68,"revoked":null} 
[2026-05-19 14:18:24] local.INFO: User authenticated via bearer token {"user_id":68,"user_email":"freelancerzahedcreator@gmail.com"} 
[2026-05-19 14:18:24] local.INFO: Returning campaigns for user {"user_id":68,"campaign_count":9,"statuses":["draft","live","draft","draft","draft","draft","live","live","draft"]} 
[2026-05-19 14:18:24] local.INFO: ParseBearerToken middleware invoked {"path":"/api/v2/campaign","method":"GET","has_auth_header":true,"auth_header_preview":"Bearer 171|K7b9U4PgNUTaGbhtLCl...","is_bearer":true} 
[2026-05-19 14:18:24] local.INFO: Extracted bearer token {"token_preview":"171|K7b9U4...","token_length":52} 
[2026-05-19 14:18:24] local.INFO: Found personal access token {"token_id":171,"user_id":68,"revoked":null} 
[2026-05-19 14:18:24] local.INFO: User authenticated via bearer token {"user_id":68,"user_email":"freelancerzahedcreator@gmail.com"} 
[2026-05-19 14:18:24] local.INFO: Returning campaigns for user {"user_id":68,"campaign_count":9,"statuses":["draft","live","draft","draft","draft","draft","live","live","draft"]} 
[2026-05-19 14:18:47] local.INFO: ParseBearerToken middleware invoked {"path":"/api/v2/campaign","method":"GET","has_auth_header":true,"auth_header_preview":"Bearer 171|K7b9U4PgNUTaGbhtLCl...","is_bearer":true} 
[2026-05-19 14:18:47] local.INFO: Extracted bearer token {"token_preview":"171|K7b9U4...","token_length":52} 
[2026-05-19 14:18:47] local.INFO: Found personal access token {"token_id":171,"user_id":68,"revoked":null} 
[2026-05-19 14:18:47] local.INFO: User authenticated via bearer token {"user_id":68,"user_email":"freelancerzahedcreator@gmail.com"} 
[2026-05-19 14:18:47] local.INFO: Returning campaigns for user {"user_id":68,"campaign_count":9,"statuses":["draft","live","draft","draft","draft","draft","live","live","draft"]} 
[2026-05-19 14:18:47] local.INFO: ParseBearerToken middleware invoked {"path":"/api/v2/campaign","method":"GET","has_auth_header":true,"auth_header_preview":"Bearer 171|K7b9U4PgNUTaGbhtLCl...","is_bearer":true} 
[2026-05-19 14:18:47] local.INFO: Extracted bearer token {"token_preview":"171|K7b9U4...","token_length":52} 
[2026-05-19 14:18:47] local.INFO: Found personal access token {"token_id":171,"user_id":68,"revoked":null} 
[2026-05-19 14:18:47] local.INFO: User authenticated via bearer token {"user_id":68,"user_email":"freelancerzahedcreator@gmail.com"} 
[2026-05-19 14:18:47] local.INFO: Returning campaigns for user {"user_id":68,"campaign_count":9,"statuses":["draft","live","draft","draft","draft","draft","live","live","draft"]} 
[2026-05-19 14:18:48] local.INFO: ParseBearerToken middleware invoked {"path":"/api/v2/campaign","method":"GET","has_auth_header":true,"auth_header_preview":"Bearer 171|K7b9U4PgNUTaGbhtLCl...","is_bearer":true} 
[2026-05-19 14:18:48] local.INFO: Extracted bearer token {"token_preview":"171|K7b9U4...","token_length":52} 
[2026-05-19 14:18:48] local.INFO: Found personal access token {"token_id":171,"user_id":68,"revoked":null} 
[2026-05-19 14:18:48] local.INFO: User authenticated via bearer token {"user_id":68,"user_email":"freelancerzahedcreator@gmail.com"} 
[2026-05-19 14:18:48] local.INFO: Returning campaigns for user {"user_id":68,"campaign_count":9,"statuses":["draft","live","draft","draft","draft","draft","live","live","draft"]} 
[2026-05-19 14:18:49] local.INFO: ParseBearerToken middleware invoked {"path":"/api/v2/campaign","method":"GET","has_auth_header":true,"auth_header_preview":"Bearer 171|K7b9U4PgNUTaGbhtLCl...","is_bearer":true} 
[2026-05-19 14:18:49] local.INFO: Extracted bearer token {"token_preview":"171|K7b9U4...","token_length":52} 
[2026-05-19 14:18:49] local.INFO: Found personal access token {"token_id":171,"user_id":68,"revoked":null} 
[2026-05-19 14:18:49] local.INFO: User authenticated via bearer token {"user_id":68,"user_email":"freelancerzahedcreator@gmail.com"} 
[2026-05-19 14:18:49] local.INFO: Returning campaigns for user {"user_id":68,"campaign_count":9,"statuses":["draft","live","draft","draft","draft","draft","live","live","draft"]} 
[2026-05-19 14:19:19] local.INFO: ParseBearerToken middleware invoked {"path":"/api/v2/campaign","method":"GET","has_auth_header":true,"auth_header_preview":"Bearer 171|K7b9U4PgNUTaGbhtLCl...","is_bearer":true} 
[2026-05-19 14:19:19] local.INFO: Extracted bearer token {"token_preview":"171|K7b9U4...","token_length":52} 
[2026-05-19 14:19:19] local.INFO: Found personal access token {"token_id":171,"user_id":68,"revoked":null} 
[2026-05-19 14:19:19] local.INFO: User authenticated via bearer token {"user_id":68,"user_email":"freelancerzahedcreator@gmail.com"} 
[2026-05-19 14:19:19] local.INFO: Returning campaigns for user {"user_id":68,"campaign_count":9,"statuses":["draft","live","draft","draft","draft","draft","live","live","draft"]} 
[2026-05-19 14:19:49] local.INFO: ParseBearerToken middleware invoked {"path":"/api/v2/campaign","method":"GET","has_auth_header":true,"auth_header_preview":"Bearer 171|K7b9U4PgNUTaGbhtLCl...","is_bearer":true} 
[2026-05-19 14:19:49] local.INFO: Extracted bearer token {"token_preview":"171|K7b9U4...","token_length":52} 
[2026-05-19 14:19:49] local.INFO: Found personal access token {"token_id":171,"user_id":68,"revoked":null} 
[2026-05-19 14:19:49] local.INFO: User authenticated via bearer token {"user_id":68,"user_email":"freelancerzahedcreator@gmail.com"} 
[2026-05-19 14:19:49] local.INFO: Returning campaigns for user {"user_id":68,"campaign_count":9,"statuses":["draft","live","draft","draft","draft","draft","live","live","draft"]} 
[2026-05-19 14:20:19] local.INFO: ParseBearerToken middleware invoked {"path":"/api/v2/campaign","method":"GET","has_auth_header":true,"auth_header_preview":"Bearer 171|K7b9U4PgNUTaGbhtLCl...","is_bearer":true} 
[2026-05-19 14:20:19] local.INFO: Extracted bearer token {"token_preview":"171|K7b9U4...","token_length":52} 
[2026-05-19 14:20:19] local.INFO: Found personal access token {"token_id":171,"user_id":68,"revoked":null} 
[2026-05-19 14:20:19] local.INFO: User authenticated via bearer token {"user_id":68,"user_email":"freelancerzahedcreator@gmail.com"} 
[2026-05-19 14:20:19] local.INFO: Returning campaigns for user {"user_id":68,"campaign_count":9,"statuses":["draft","live","draft","draft","draft","draft","live","live","draft"]} 
[2026-05-19 14:20:49] local.INFO: ParseBearerToken middleware invoked {"path":"/api/v2/campaign","method":"GET","has_auth_header":true,"auth_header_preview":"Bearer 171|K7b9U4PgNUTaGbhtLCl...","is_bearer":true} 
[2026-05-19 14:20:49] local.INFO: Extracted bearer token {"token_preview":"171|K7b9U4...","token_length":52} 
[2026-05-19 14:20:49] local.INFO: Found personal access token {"token_id":171,"user_id":68,"revoked":null} 
[2026-05-19 14:20:49] local.INFO: User authenticated via bearer token {"user_id":68,"user_email":"freelancerzahedcreator@gmail.com"} 
[2026-05-19 14:20:49] local.INFO: Returning campaigns for user {"user_id":68,"campaign_count":9,"statuses":["draft","live","draft","draft","draft","draft","live","live","draft"]} 
[2026-05-19 14:21:19] local.INFO: ParseBearerToken middleware invoked {"path":"/api/v2/campaign","method":"GET","has_auth_header":true,"auth_header_preview":"Bearer 171|K7b9U4PgNUTaGbhtLCl...","is_bearer":true} 
[2026-05-19 14:21:19] local.INFO: Extracted bearer token {"token_preview":"171|K7b9U4...","token_length":52} 
[2026-05-19 14:21:19] local.INFO: Found personal access token {"token_id":171,"user_id":68,"revoked":null} 
[2026-05-19 14:21:19] local.INFO: User authenticated via bearer token {"user_id":68,"user_email":"freelancerzahedcreator@gmail.com"} 
[2026-05-19 14:21:19] local.INFO: Returning campaigns for user {"user_id":68,"campaign_count":9,"statuses":["draft","live","draft","draft","draft","draft","live","live","draft"]} 
[2026-05-19 14:21:49] local.INFO: ParseBearerToken middleware invoked {"path":"/api/v2/campaign","method":"GET","has_auth_header":true,"auth_header_preview":"Bearer 171|K7b9U4PgNUTaGbhtLCl...","is_bearer":true} 
[2026-05-19 14:21:49] local.INFO: Extracted bearer token {"token_preview":"171|K7b9U4...","token_length":52} 
[2026-05-19 14:21:49] local.INFO: Found personal access token {"token_id":171,"user_id":68,"revoked":null} 
[2026-05-19 14:21:49] local.INFO: User authenticated via bearer token {"user_id":68,"user_email":"freelancerzahedcreator@gmail.com"} 
[2026-05-19 14:21:49] local.INFO: Returning campaigns for user {"user_id":68,"campaign_count":9,"statuses":["draft","live","draft","draft","draft","draft","live","live","draft"]} 
[2026-05-19 14:22:19] local.INFO: ParseBearerToken middleware invoked {"path":"/api/v2/campaign","method":"GET","has_auth_header":true,"auth_header_preview":"Bearer 171|K7b9U4PgNUTaGbhtLCl...","is_bearer":true} 
[2026-05-19 14:22:19] local.INFO: Extracted bearer token {"token_preview":"171|K7b9U4...","token_length":52} 
[2026-05-19 14:22:19] local.INFO: Found personal access token {"token_id":171,"user_id":68,"revoked":null} 
[2026-05-19 14:22:19] local.INFO: User authenticated via bearer token {"user_id":68,"user_email":"freelancerzahedcreator@gmail.com"} 
[2026-05-19 14:22:19] local.INFO: Returning campaigns for user {"user_id":68,"campaign_count":9,"statuses":["draft","live","draft","draft","draft","draft","live","live","draft"]} 
[2026-05-19 14:22:49] local.INFO: ParseBearerToken middleware invoked {"path":"/api/v2/campaign","method":"GET","has_auth_header":true,"auth_header_preview":"Bearer 171|K7b9U4PgNUTaGbhtLCl...","is_bearer":true} 
[2026-05-19 14:22:49] local.INFO: Extracted bearer token {"token_preview":"171|K7b9U4...","token_length":52} 
[2026-05-19 14:22:49] local.INFO: Found personal access token {"token_id":171,"user_id":68,"revoked":null} 
[2026-05-19 14:22:49] local.INFO: User authenticated via bearer token {"user_id":68,"user_email":"freelancerzahedcreator@gmail.com"} 
[2026-05-19 14:22:49] local.INFO: Returning campaigns for user {"user_id":68,"campaign_count":9,"statuses":["draft","live","draft","draft","draft","draft","live","live","draft"]} 
[2026-05-19 14:23:19] local.INFO: ParseBearerToken middleware invoked {"path":"/api/v2/campaign","method":"GET","has_auth_header":true,"auth_header_preview":"Bearer 171|K7b9U4PgNUTaGbhtLCl...","is_bearer":true} 
[2026-05-19 14:23:19] local.INFO: Extracted bearer token {"token_preview":"171|K7b9U4...","token_length":52} 
[2026-05-19 14:23:19] local.INFO: Found personal access token {"token_id":171,"user_id":68,"revoked":null} 
[2026-05-19 14:23:19] local.INFO: User authenticated via bearer token {"user_id":68,"user_email":"freelancerzahedcreator@gmail.com"} 
[2026-05-19 14:23:19] local.INFO: Returning campaigns for user {"user_id":68,"campaign_count":9,"statuses":["draft","live","draft","draft","draft","draft","live","live","draft"]} 
[2026-05-19 14:23:49] local.INFO: ParseBearerToken middleware invoked {"path":"/api/v2/campaign","method":"GET","has_auth_header":true,"auth_header_preview":"Bearer 171|K7b9U4PgNUTaGbhtLCl...","is_bearer":true} 
[2026-05-19 14:23:49] local.INFO: Extracted bearer token {"token_preview":"171|K7b9U4...","token_length":52} 
[2026-05-19 14:23:49] local.INFO: Found personal access token {"token_id":171,"user_id":68,"revoked":null} 
[2026-05-19 14:23:49] local.INFO: User authenticated via bearer token {"user_id":68,"user_email":"freelancerzahedcreator@gmail.com"} 
[2026-05-19 14:23:49] local.INFO: Returning campaigns for user {"user_id":68,"campaign_count":9,"statuses":["draft","live","draft","draft","draft","draft","live","live","draft"]} 
[2026-05-19 14:24:19] local.INFO: ParseBearerToken middleware invoked {"path":"/api/v2/campaign","method":"GET","has_auth_header":true,"auth_header_preview":"Bearer 171|K7b9U4PgNUTaGbhtLCl...","is_bearer":true} 
[2026-05-19 14:24:19] local.INFO: Extracted bearer token {"token_preview":"171|K7b9U4...","token_length":52} 
[2026-05-19 14:24:19] local.INFO: Found personal access token {"token_id":171,"user_id":68,"revoked":null} 
[2026-05-19 14:24:19] local.INFO: User authenticated via bearer token {"user_id":68,"user_email":"freelancerzahedcreator@gmail.com"} 
[2026-05-19 14:24:19] local.INFO: Returning campaigns for user {"user_id":68,"campaign_count":9,"statuses":["draft","live","draft","draft","draft","draft","live","live","draft"]} 
[2026-05-19 14:24:49] local.INFO: ParseBearerToken middleware invoked {"path":"/api/v2/campaign","method":"GET","has_auth_header":true,"auth_header_preview":"Bearer 171|K7b9U4PgNUTaGbhtLCl...","is_bearer":true} 
[2026-05-19 14:24:49] local.INFO: Extracted bearer token {"token_preview":"171|K7b9U4...","token_length":52} 
[2026-05-19 14:24:49] local.INFO: Found personal access token {"token_id":171,"user_id":68,"revoked":null} 
[2026-05-19 14:24:49] local.INFO: User authenticated via bearer token {"user_id":68,"user_email":"freelancerzahedcreator@gmail.com"} 
[2026-05-19 14:24:49] local.INFO: Returning campaigns for user {"user_id":68,"campaign_count":9,"statuses":["draft","live","draft","draft","draft","draft","live","live","draft"]} 
