[2026-05-27 09:57:16] local.INFO: ParseBearerToken middleware invoked {"path":"/api/v2/campaign","method":"GET","has_auth_header":true,"auth_header_preview":"Bearer 184|WzS1fRpUkwpvk7n2Qfj...","is_bearer":true} 
[2026-05-27 09:57:16] local.INFO: Extracted bearer token {"token_preview":"184|WzS1fR...","token_length":52} 
[2026-05-27 09:57:16] local.INFO: Found personal access token {"token_id":184,"user_id":78,"revoked":null} 
[2026-05-27 09:57:16] local.INFO: User authenticated via bearer token {"user_id":78,"user_email":"hisabkori.info@gmail.com"} 
[2026-05-27 09:57:16] local.INFO: Returning campaigns for user {"user_id":78,"campaign_count":0,"statuses":[]} 
[2026-05-27 09:57:17] local.INFO: ParseBearerToken middleware invoked {"path":"/api/v2/campaign","method":"GET","has_auth_header":true,"auth_header_preview":"Bearer 184|WzS1fRpUkwpvk7n2Qfj...","is_bearer":true} 
[2026-05-27 09:57:17] local.INFO: Extracted bearer token {"token_preview":"184|WzS1fR...","token_length":52} 
[2026-05-27 09:57:17] local.INFO: Found personal access token {"token_id":184,"user_id":78,"revoked":null} 
[2026-05-27 09:57:17] local.INFO: User authenticated via bearer token {"user_id":78,"user_email":"hisabkori.info@gmail.com"} 
[2026-05-27 09:57:17] local.INFO: Returning campaigns for user {"user_id":78,"campaign_count":0,"statuses":[]} 
[2026-05-27 09:58:10] local.INFO: ParseBearerToken middleware invoked {"path":"/api/v2/campaign","method":"GET","has_auth_header":true,"auth_header_preview":"Bearer 186|SbotUqDLlDv9spKwTap...","is_bearer":true} 
[2026-05-27 09:58:10] local.INFO: Extracted bearer token {"token_preview":"186|SbotUq...","token_length":52} 
[2026-05-27 09:58:10] local.INFO: Found personal access token {"token_id":186,"user_id":78,"revoked":null} 
[2026-05-27 09:58:10] local.INFO: User authenticated via bearer token {"user_id":78,"user_email":"hisabkori.info@gmail.com"} 
[2026-05-27 09:58:10] local.INFO: Returning campaigns for user {"user_id":78,"campaign_count":0,"statuses":[]} 
[2026-05-27 09:58:11] local.INFO: ParseBearerToken middleware invoked {"path":"/api/v2/campaign","method":"GET","has_auth_header":true,"auth_header_preview":"Bearer 186|SbotUqDLlDv9spKwTap...","is_bearer":true} 
[2026-05-27 09:58:11] local.INFO: Extracted bearer token {"token_preview":"186|SbotUq...","token_length":52} 
[2026-05-27 09:58:11] local.INFO: Found personal access token {"token_id":186,"user_id":78,"revoked":null} 
[2026-05-27 09:58:11] local.INFO: User authenticated via bearer token {"user_id":78,"user_email":"hisabkori.info@gmail.com"} 
[2026-05-27 09:58:11] local.INFO: Returning campaigns for user {"user_id":78,"campaign_count":0,"statuses":[]} 
[2026-05-27 09:58:40] local.INFO: ParseBearerToken middleware invoked {"path":"/api/v2/campaign","method":"GET","has_auth_header":true,"auth_header_preview":"Bearer 188|xAyFFXlA6pJ7og36Mzd...","is_bearer":true} 
[2026-05-27 09:58:40] local.INFO: Extracted bearer token {"token_preview":"188|xAyFFX...","token_length":52} 
[2026-05-27 09:58:40] local.INFO: Found personal access token {"token_id":188,"user_id":78,"revoked":null} 
[2026-05-27 09:58:40] local.INFO: User authenticated via bearer token {"user_id":78,"user_email":"hisabkori.info@gmail.com"} 
[2026-05-27 09:58:40] local.INFO: Returning campaigns for user {"user_id":78,"campaign_count":0,"statuses":[]} 
[2026-05-27 09:58:41] local.INFO: ParseBearerToken middleware invoked {"path":"/api/v2/campaign","method":"GET","has_auth_header":true,"auth_header_preview":"Bearer 188|xAyFFXlA6pJ7og36Mzd...","is_bearer":true} 
[2026-05-27 09:58:41] local.INFO: Extracted bearer token {"token_preview":"188|xAyFFX...","token_length":52} 
[2026-05-27 09:58:41] local.INFO: Found personal access token {"token_id":188,"user_id":78,"revoked":null} 
[2026-05-27 09:58:41] local.INFO: User authenticated via bearer token {"user_id":78,"user_email":"hisabkori.info@gmail.com"} 
[2026-05-27 09:58:41] local.INFO: Returning campaigns for user {"user_id":78,"campaign_count":0,"statuses":[]} 
[2026-05-27 09:58:59] local.INFO: ParseBearerToken middleware invoked {"path":"/api/v2/pledge/user","method":"GET","has_auth_header":true,"auth_header_preview":"Bearer 188|xAyFFXlA6pJ7og36Mzd...","is_bearer":true} 
[2026-05-27 09:58:59] local.INFO: Extracted bearer token {"token_preview":"188|xAyFFX...","token_length":52} 
[2026-05-27 09:58:59] local.INFO: Found personal access token {"token_id":188,"user_id":78,"revoked":null} 
[2026-05-27 09:58:59] local.INFO: User authenticated via bearer token {"user_id":78,"user_email":"hisabkori.info@gmail.com"} 
[2026-05-27 09:58:59] local.INFO: ParseBearerToken middleware invoked {"path":"/api/v2/pledge/user","method":"GET","has_auth_header":true,"auth_header_preview":"Bearer 188|xAyFFXlA6pJ7og36Mzd...","is_bearer":true} 
[2026-05-27 09:58:59] local.INFO: Extracted bearer token {"token_preview":"188|xAyFFX...","token_length":52} 
[2026-05-27 09:58:59] local.INFO: Found personal access token {"token_id":188,"user_id":78,"revoked":null} 
[2026-05-27 09:58:59] local.INFO: User authenticated via bearer token {"user_id":78,"user_email":"hisabkori.info@gmail.com"} 
[2026-05-27 10:03:25] local.INFO: ParseBearerToken middleware invoked {"path":"/api/v2/pledge/user","method":"GET","has_auth_header":true,"auth_header_preview":"Bearer 189|emRhXvfZWJtSBy4QAYZ...","is_bearer":true} 
[2026-05-27 10:03:25] local.INFO: Extracted bearer token {"token_preview":"189|emRhXv...","token_length":52} 
[2026-05-27 10:03:25] local.INFO: Found personal access token {"token_id":189,"user_id":78,"revoked":null} 
[2026-05-27 10:03:25] local.INFO: User authenticated via bearer token {"user_id":78,"user_email":"hisabkori.info@gmail.com"} 
[2026-05-27 10:03:25] local.INFO: ParseBearerToken middleware invoked {"path":"/api/v2/pledge/user","method":"GET","has_auth_header":true,"auth_header_preview":"Bearer 189|emRhXvfZWJtSBy4QAYZ...","is_bearer":true} 
[2026-05-27 10:03:25] local.INFO: Extracted bearer token {"token_preview":"189|emRhXv...","token_length":52} 
[2026-05-27 10:03:25] local.INFO: Found personal access token {"token_id":189,"user_id":78,"revoked":null} 
[2026-05-27 10:03:25] local.INFO: User authenticated via bearer token {"user_id":78,"user_email":"hisabkori.info@gmail.com"} 
[2026-05-27 10:06:12] local.INFO: ParseBearerToken middleware invoked {"path":"/api/v2/pledge/user","method":"GET","has_auth_header":true,"auth_header_preview":"Bearer 188|xAyFFXlA6pJ7og36Mzd...","is_bearer":true} 
[2026-05-27 10:06:12] local.INFO: Extracted bearer token {"token_preview":"188|xAyFFX...","token_length":52} 
[2026-05-27 10:06:12] local.INFO: Found personal access token {"token_id":188,"user_id":78,"revoked":null} 
[2026-05-27 10:06:12] local.INFO: User authenticated via bearer token {"user_id":78,"user_email":"hisabkori.info@gmail.com"} 
[2026-05-27 10:06:15] local.INFO: ParseBearerToken middleware invoked {"path":"/api/v2/pledge/user","method":"GET","has_auth_header":true,"auth_header_preview":"Bearer 188|xAyFFXlA6pJ7og36Mzd...","is_bearer":true} 
[2026-05-27 10:06:15] local.INFO: Extracted bearer token {"token_preview":"188|xAyFFX...","token_length":52} 
[2026-05-27 10:06:15] local.INFO: Found personal access token {"token_id":188,"user_id":78,"revoked":null} 
[2026-05-27 10:06:15] local.INFO: User authenticated via bearer token {"user_id":78,"user_email":"hisabkori.info@gmail.com"} 
[2026-05-27 10:09:01] local.INFO: ParseBearerToken middleware invoked {"path":"/api/v2/pledge/user","method":"GET","has_auth_header":true,"auth_header_preview":"Bearer 191|lusk3AcqWwZvGuR70dr...","is_bearer":true} 
[2026-05-27 10:09:01] local.INFO: Extracted bearer token {"token_preview":"191|lusk3A...","token_length":52} 
[2026-05-27 10:09:01] local.INFO: Found personal access token {"token_id":191,"user_id":78,"revoked":null} 
[2026-05-27 10:09:01] local.INFO: User authenticated via bearer token {"user_id":78,"user_email":"hisabkori.info@gmail.com"} 
[2026-05-27 10:09:03] local.INFO: ParseBearerToken middleware invoked {"path":"/api/v2/pledge/user","method":"GET","has_auth_header":true,"auth_header_preview":"Bearer 191|lusk3AcqWwZvGuR70dr...","is_bearer":true} 
[2026-05-27 10:09:03] local.INFO: Extracted bearer token {"token_preview":"191|lusk3A...","token_length":52} 
[2026-05-27 10:09:03] local.INFO: Found personal access token {"token_id":191,"user_id":78,"revoked":null} 
[2026-05-27 10:09:03] local.INFO: User authenticated via bearer token {"user_id":78,"user_email":"hisabkori.info@gmail.com"} 
[2026-05-27 10:13:17] local.INFO: ParseBearerToken middleware invoked {"path":"/api/v2/pledge/user","method":"GET","has_auth_header":true,"auth_header_preview":"Bearer 193|UkypgySC22HGMF2KoZL...","is_bearer":true} 
[2026-05-27 10:13:17] local.INFO: Extracted bearer token {"token_preview":"193|Ukypgy...","token_length":52} 
[2026-05-27 10:13:17] local.INFO: Found personal access token {"token_id":193,"user_id":78,"revoked":null} 
[2026-05-27 10:13:17] local.INFO: User authenticated via bearer token {"user_id":78,"user_email":"hisabkori.info@gmail.com"} 
[2026-05-27 10:13:18] local.INFO: ParseBearerToken middleware invoked {"path":"/api/v2/pledge/user","method":"GET","has_auth_header":true,"auth_header_preview":"Bearer 193|UkypgySC22HGMF2KoZL...","is_bearer":true} 
[2026-05-27 10:13:18] local.INFO: Extracted bearer token {"token_preview":"193|Ukypgy...","token_length":52} 
[2026-05-27 10:13:18] local.INFO: Found personal access token {"token_id":193,"user_id":78,"revoked":null} 
[2026-05-27 10:13:18] local.INFO: User authenticated via bearer token {"user_id":78,"user_email":"hisabkori.info@gmail.com"} 
[2026-05-27 10:15:25] local.INFO: ParseBearerToken middleware invoked {"path":"/api/v2/pledge/user","method":"GET","has_auth_header":true,"auth_header_preview":"Bearer 194|q0oXgCaIspnO7ujzYZP...","is_bearer":true} 
[2026-05-27 10:15:25] local.INFO: Extracted bearer token {"token_preview":"188|xAyFFX...","token_length":52} 
[2026-05-27 10:15:25] local.INFO: Extracted bearer token {"token_preview":"194|q0oXgC...","token_length":52} 
[2026-05-27 10:15:25] local.INFO: Found personal access token {"token_id":194,"user_id":78,"revoked":null} 
[2026-05-27 10:15:25] local.INFO: User authenticated via bearer token {"user_id":78,"user_email":"hisabkori.info@gmail.com"} 
[2026-05-27 10:15:25] local.INFO: User authenticated via bearer token {"user_id":78,"user_email":"hisabkori.info@gmail.com"} 
[2026-05-27 10:15:26] local.INFO: ParseBearerToken middleware invoked {"path":"/api/v2/pledge/user","method":"GET","has_auth_header":true,"auth_header_preview":"Bearer 194|q0oXgCaIspnO7ujzYZP...","is_bearer":true} 
[2026-05-27 10:15:26] local.INFO: Extracted bearer token {"token_preview":"194|q0oXgC...","token_length":52} 
[2026-05-27 10:15:26] local.INFO: Found personal access token {"token_id":194,"user_id":78,"revoked":null} 
[2026-05-27 10:15:26] local.INFO: User authenticated via bearer token {"user_id":78,"user_email":"hisabkori.info@gmail.com"} 
[2026-05-27 10:15:26] local.INFO: ParseBearerToken middleware invoked {"path":"/api/v2/pledge/user","method":"GET","has_auth_header":true,"auth_header_preview":"Bearer 188|xAyFFXlA6pJ7og36Mzd...","is_bearer":true} 
[2026-05-27 10:15:26] local.INFO: Extracted bearer token {"token_preview":"188|xAyFFX...","token_length":52} 
[2026-05-27 10:15:26] local.INFO: Found personal access token {"token_id":188,"user_id":78,"revoked":null} 
[2026-05-27 10:15:26] local.INFO: User authenticated via bearer token {"user_id":78,"user_email":"hisabkori.info@gmail.com"} 
[2026-05-27 10:17:00] local.ERROR: Out of memory (allocated 20971520 bytes) (tried to allocate 20480 bytes) {"exception":"[object] (Symfony\\Component\\ErrorHandler\\Error\\FatalError(code: 0): Out of memory (allocated 20971520 bytes) (tried to allocate 20480 bytes) at D:\\laragon\\www\\mirrormefashion\\vendor\\laravel\\framework\\src\\Illuminate\\Database\\Schema\\Grammars\\MySqlGrammar.php:590)
[stacktrace]
#0 {main}
"} 
[2026-05-27 10:17:04] local.INFO: ParseBearerToken middleware invoked {"path":"/api/v2/pledge/user","method":"GET","has_auth_header":true,"auth_header_preview":"Bearer 194|q0oXgCaIspnO7ujzYZP...","is_bearer":true} 
[2026-05-27 10:17:04] local.INFO: Extracted bearer token {"token_preview":"194|q0oXgC...","token_length":52} 
[2026-05-27 10:17:04] local.INFO: Found personal access token {"token_id":194,"user_id":78,"revoked":null} 
[2026-05-27 10:17:04] local.INFO: User authenticated via bearer token {"user_id":78,"user_email":"hisabkori.info@gmail.com"} 
[2026-05-27 10:17:09] local.INFO: ParseBearerToken middleware invoked {"path":"/api/v2/pledge/user","method":"GET","has_auth_header":true,"auth_header_preview":"Bearer 194|q0oXgCaIspnO7ujzYZP...","is_bearer":true} 
[2026-05-27 10:17:09] local.INFO: Extracted bearer token {"token_preview":"194|q0oXgC...","token_length":52} 
[2026-05-27 10:17:09] local.INFO: Found personal access token {"token_id":194,"user_id":78,"revoked":null} 
[2026-05-27 10:17:09] local.INFO: User authenticated via bearer token {"user_id":78,"user_email":"hisabkori.info@gmail.com"} 
[2026-05-27 10:21:47] local.INFO: ParseBearerToken middleware invoked {"path":"/api/v2/pledge/user","method":"GET","has_auth_header":true,"auth_header_preview":"Bearer 188|xAyFFXlA6pJ7og36Mzd...","is_bearer":true} 
[2026-05-27 10:21:47] local.INFO: Extracted bearer token {"token_preview":"188|xAyFFX...","token_length":52} 
[2026-05-27 10:21:47] local.INFO: Found personal access token {"token_id":188,"user_id":78,"revoked":null} 
[2026-05-27 10:21:47] local.INFO: User authenticated via bearer token {"user_id":78,"user_email":"hisabkori.info@gmail.com"} 
[2026-05-27 10:21:47] local.INFO: ParseBearerToken middleware invoked {"path":"/api/v2/pledge/user","method":"GET","has_auth_header":true,"auth_header_preview":"Bearer 188|xAyFFXlA6pJ7og36Mzd...","is_bearer":true} 
[2026-05-27 10:21:47] local.INFO: Extracted bearer token {"token_preview":"188|xAyFFX...","token_length":52} 
[2026-05-27 10:21:47] local.INFO: Found personal access token {"token_id":188,"user_id":78,"revoked":null} 
[2026-05-27 10:21:47] local.INFO: User authenticated via bearer token {"user_id":78,"user_email":"hisabkori.info@gmail.com"} 
[2026-05-27 10:22:33] local.INFO: ParseBearerToken middleware invoked {"path":"/api/v2/pledge/user","method":"GET","has_auth_header":true,"auth_header_preview":"Bearer 195|hx15XiuVqawjk0HB50z...","is_bearer":true} 
[2026-05-27 10:22:33] local.INFO: Extracted bearer token {"token_preview":"195|hx15Xi...","token_length":52} 
[2026-05-27 10:22:33] local.INFO: Found personal access token {"token_id":195,"user_id":78,"revoked":null} 
[2026-05-27 10:22:33] local.INFO: User authenticated via bearer token {"user_id":78,"user_email":"hisabkori.info@gmail.com"} 
[2026-05-27 10:22:33] local.INFO: ParseBearerToken middleware invoked {"path":"/api/v2/pledge/user","method":"GET","has_auth_header":true,"auth_header_preview":"Bearer 195|hx15XiuVqawjk0HB50z...","is_bearer":true} 
[2026-05-27 10:22:33] local.INFO: Extracted bearer token {"token_preview":"195|hx15Xi...","token_length":52} 
[2026-05-27 10:22:33] local.INFO: Found personal access token {"token_id":195,"user_id":78,"revoked":null} 
[2026-05-27 10:22:33] local.INFO: User authenticated via bearer token {"user_id":78,"user_email":"hisabkori.info@gmail.com"} 
[2026-05-27 10:23:48] local.INFO: ParseBearerToken middleware invoked {"path":"/api/v2/pledge/user","method":"GET","has_auth_header":true,"auth_header_preview":"Bearer 196|EN11s8GMkJPzR3xJFEJ...","is_bearer":true} 
[2026-05-27 10:23:48] local.INFO: Extracted bearer token {"token_preview":"196|EN11s8...","token_length":52} 
[2026-05-27 10:23:48] local.INFO: Found personal access token {"token_id":196,"user_id":78,"revoked":null} 
[2026-05-27 10:23:48] local.INFO: User authenticated via bearer token {"user_id":78,"user_email":"hisabkori.info@gmail.com"} 
[2026-05-27 10:23:49] local.INFO: ParseBearerToken middleware invoked {"path":"/api/v2/pledge/user","method":"GET","has_auth_header":true,"auth_header_preview":"Bearer 196|EN11s8GMkJPzR3xJFEJ...","is_bearer":true} 
[2026-05-27 10:23:49] local.INFO: Extracted bearer token {"token_preview":"196|EN11s8...","token_length":52} 
[2026-05-27 10:23:49] local.INFO: Found personal access token {"token_id":196,"user_id":78,"revoked":null} 
[2026-05-27 10:23:49] local.INFO: User authenticated via bearer token {"user_id":78,"user_email":"hisabkori.info@gmail.com"} 
[2026-05-27 10:25:33] local.DEBUG: reCAPTCHA enabled: false  
[2026-05-27 10:25:36] local.DEBUG: reCAPTCHA enabled: false  
[2026-05-27 10:25:37] local.DEBUG: reCAPTCHA enabled: false  
[2026-05-27 10:25:38] local.DEBUG: reCAPTCHA enabled: false  
[2026-05-27 10:26:18] local.WARNING: Creator registration validation failed {"errors":{"Illuminate\\Support\\MessageBag":{"email":["The email has already been taken."]}}} 
[2026-05-27 11:59:01] local.INFO: User created during signup {"user_id":79,"user_type":"backer","role":"backer"} 
[2026-05-27 11:59:02] local.INFO: User registered {"user_id":79,"user_type":"backer"} 
[2026-05-27 11:59:04] local.ERROR: Welcome email failed: View [emails.welcome] not found.  
[2026-05-27 12:06:02] local.INFO: User created during signup {"user_id":80,"user_type":"backer","role":"backer"} 
[2026-05-27 12:06:02] local.INFO: User registered {"user_id":80,"user_type":"backer"} 
[2026-05-27 12:06:02] local.ERROR: Welcome email failed: View [emails.welcome] not found.  
[2026-05-27 12:09:04] local.INFO: User created during signup {"user_id":81,"user_type":"backer","role":"backer"} 
[2026-05-27 12:09:04] local.INFO: User registered {"user_id":81,"user_type":"backer"} 
[2026-05-27 12:09:04] local.ERROR: Welcome email failed: View [emails.welcome] not found.  
[2026-05-27 12:10:30] local.INFO: ParseBearerToken middleware invoked {"path":"/api/v2/pledge/user","method":"GET","has_auth_header":true,"auth_header_preview":"Bearer 199|QVRpj4BwXwNrTBEXtz9...","is_bearer":true} 
[2026-05-27 12:10:30] local.INFO: Extracted bearer token {"token_preview":"199|QVRpj4...","token_length":52} 
[2026-05-27 12:10:30] local.INFO: Found personal access token {"token_id":199,"user_id":81,"revoked":null} 
[2026-05-27 12:10:30] local.INFO: User authenticated via bearer token {"user_id":81,"user_email":"sarahjohnson@example.com"} 
[2026-05-27 12:10:31] local.INFO: ParseBearerToken middleware invoked {"path":"/api/v2/pledge/user","method":"GET","has_auth_header":true,"auth_header_preview":"Bearer 199|QVRpj4BwXwNrTBEXtz9...","is_bearer":true} 
[2026-05-27 12:10:31] local.INFO: Extracted bearer token {"token_preview":"199|QVRpj4...","token_length":52} 
[2026-05-27 12:10:31] local.INFO: Found personal access token {"token_id":199,"user_id":81,"revoked":null} 
[2026-05-27 12:10:31] local.INFO: User authenticated via bearer token {"user_id":81,"user_email":"sarahjohnson@example.com"} 
[2026-05-27 12:13:55] local.INFO: User created for creator registration {"user_id":82,"email":"emmadesigner@example.com"} 
[2026-05-27 12:13:55] local.INFO: Creator profile created {"user_id":82,"creator_id":23} 
[2026-05-27 12:13:55] local.INFO: Creator registered successfully {"user_id":82,"creator_id":23,"email":"emmadesigner@example.com"} 
[2026-05-27 12:14:02] local.INFO: ParseBearerToken middleware invoked {"path":"/api/v2/campaign","method":"GET","has_auth_header":true,"auth_header_preview":"Bearer 200|77cHU4PJJLVMbsndnt3...","is_bearer":true} 
[2026-05-27 12:14:02] local.INFO: Extracted bearer token {"token_preview":"200|77cHU4...","token_length":52} 
[2026-05-27 12:14:02] local.INFO: Found personal access token {"token_id":200,"user_id":82,"revoked":null} 
[2026-05-27 12:14:02] local.INFO: User authenticated via bearer token {"user_id":82,"user_email":"emmadesigner@example.com"} 
[2026-05-27 12:14:02] local.INFO: Returning campaigns for user {"user_id":82,"campaign_count":0,"statuses":[]} 
[2026-05-27 12:14:04] local.INFO: ParseBearerToken middleware invoked {"path":"/api/v2/campaign","method":"GET","has_auth_header":true,"auth_header_preview":"Bearer 200|77cHU4PJJLVMbsndnt3...","is_bearer":true} 
[2026-05-27 12:14:04] local.INFO: Extracted bearer token {"token_preview":"200|77cHU4...","token_length":52} 
[2026-05-27 12:14:04] local.INFO: Found personal access token {"token_id":200,"user_id":82,"revoked":null} 
[2026-05-27 12:14:04] local.INFO: User authenticated via bearer token {"user_id":82,"user_email":"emmadesigner@example.com"} 
[2026-05-27 12:14:05] local.INFO: Returning campaigns for user {"user_id":82,"campaign_count":0,"statuses":[]} 
[2026-05-27 12:14:33] local.INFO: ParseBearerToken middleware invoked {"path":"/api/v2/campaign","method":"GET","has_auth_header":true,"auth_header_preview":"Bearer 200|77cHU4PJJLVMbsndnt3...","is_bearer":true} 
[2026-05-27 12:14:33] local.INFO: Extracted bearer token {"token_preview":"200|77cHU4...","token_length":52} 
[2026-05-27 12:14:33] local.INFO: Found personal access token {"token_id":200,"user_id":82,"revoked":null} 
[2026-05-27 12:14:33] local.INFO: User authenticated via bearer token {"user_id":82,"user_email":"emmadesigner@example.com"} 
[2026-05-27 12:14:33] local.INFO: Returning campaigns for user {"user_id":82,"campaign_count":0,"statuses":[]} 
[2026-05-27 12:14:35] local.INFO: ParseBearerToken middleware invoked {"path":"/api/v2/campaign","method":"GET","has_auth_header":true,"auth_header_preview":"Bearer 200|77cHU4PJJLVMbsndnt3...","is_bearer":true} 
[2026-05-27 12:14:35] local.INFO: Extracted bearer token {"token_preview":"200|77cHU4...","token_length":52} 
[2026-05-27 12:14:35] local.INFO: Found personal access token {"token_id":200,"user_id":82,"revoked":null} 
[2026-05-27 12:14:35] local.INFO: User authenticated via bearer token {"user_id":82,"user_email":"emmadesigner@example.com"} 
[2026-05-27 12:14:35] local.INFO: Returning campaigns for user {"user_id":82,"campaign_count":0,"statuses":[]} 
[2026-05-27 12:14:46] local.INFO: ParseBearerToken middleware invoked {"path":"/api/v2/campaign","method":"GET","has_auth_header":true,"auth_header_preview":"Bearer 200|77cHU4PJJLVMbsndnt3...","is_bearer":true} 
[2026-05-27 12:14:46] local.INFO: Extracted bearer token {"token_preview":"200|77cHU4...","token_length":52} 
[2026-05-27 12:14:46] local.INFO: Found personal access token {"token_id":200,"user_id":82,"revoked":null} 
[2026-05-27 12:14:46] local.INFO: User authenticated via bearer token {"user_id":82,"user_email":"emmadesigner@example.com"} 
[2026-05-27 12:14:46] local.INFO: Returning campaigns for user {"user_id":82,"campaign_count":0,"statuses":[]} 
[2026-05-27 12:15:16] local.INFO: ParseBearerToken middleware invoked {"path":"/api/v2/campaign","method":"GET","has_auth_header":true,"auth_header_preview":"Bearer 200|77cHU4PJJLVMbsndnt3...","is_bearer":true} 
[2026-05-27 12:15:16] local.INFO: Extracted bearer token {"token_preview":"200|77cHU4...","token_length":52} 
[2026-05-27 12:15:16] local.INFO: Found personal access token {"token_id":200,"user_id":82,"revoked":null} 
[2026-05-27 12:15:16] local.INFO: User authenticated via bearer token {"user_id":82,"user_email":"emmadesigner@example.com"} 
[2026-05-27 12:15:16] local.INFO: Returning campaigns for user {"user_id":82,"campaign_count":0,"statuses":[]} 
[2026-05-27 12:15:47] local.INFO: ParseBearerToken middleware invoked {"path":"/api/v2/campaign","method":"GET","has_auth_header":true,"auth_header_preview":"Bearer 200|77cHU4PJJLVMbsndnt3...","is_bearer":true} 
[2026-05-27 12:15:47] local.INFO: Extracted bearer token {"token_preview":"200|77cHU4...","token_length":52} 
[2026-05-27 12:15:47] local.INFO: Found personal access token {"token_id":200,"user_id":82,"revoked":null} 
[2026-05-27 12:15:47] local.INFO: User authenticated via bearer token {"user_id":82,"user_email":"emmadesigner@example.com"} 
[2026-05-27 12:15:47] local.INFO: Returning campaigns for user {"user_id":82,"campaign_count":0,"statuses":[]} 
[2026-05-27 12:15:58] local.INFO: ParseBearerToken middleware invoked {"path":"/api/v2/campaign","method":"GET","has_auth_header":true,"auth_header_preview":"Bearer 200|77cHU4PJJLVMbsndnt3...","is_bearer":true} 
[2026-05-27 12:15:58] local.INFO: Extracted bearer token {"token_preview":"200|77cHU4...","token_length":52} 
[2026-05-27 12:15:58] local.INFO: Found personal access token {"token_id":200,"user_id":82,"revoked":null} 
[2026-05-27 12:15:58] local.INFO: User authenticated via bearer token {"user_id":82,"user_email":"emmadesigner@example.com"} 
[2026-05-27 12:15:58] local.INFO: Returning campaigns for user {"user_id":82,"campaign_count":0,"statuses":[]} 
[2026-05-27 12:15:59] local.INFO: ParseBearerToken middleware invoked {"path":"/api/v2/campaign","method":"GET","has_auth_header":true,"auth_header_preview":"Bearer 200|77cHU4PJJLVMbsndnt3...","is_bearer":true} 
[2026-05-27 12:15:59] local.INFO: Extracted bearer token {"token_preview":"200|77cHU4...","token_length":52} 
[2026-05-27 12:15:59] local.INFO: Found personal access token {"token_id":200,"user_id":82,"revoked":null} 
[2026-05-27 12:15:59] local.INFO: User authenticated via bearer token {"user_id":82,"user_email":"emmadesigner@example.com"} 
[2026-05-27 12:15:59] local.INFO: Returning campaigns for user {"user_id":82,"campaign_count":0,"statuses":[]} 
[2026-05-27 12:16:22] local.INFO: ParseBearerToken middleware invoked {"path":"/api/v2/campaign","method":"GET","has_auth_header":true,"auth_header_preview":"Bearer 200|77cHU4PJJLVMbsndnt3...","is_bearer":true} 
[2026-05-27 12:16:22] local.INFO: Extracted bearer token {"token_preview":"200|77cHU4...","token_length":52} 
[2026-05-27 12:16:22] local.INFO: Found personal access token {"token_id":200,"user_id":82,"revoked":null} 
[2026-05-27 12:16:22] local.INFO: User authenticated via bearer token {"user_id":82,"user_email":"emmadesigner@example.com"} 
[2026-05-27 12:16:23] local.INFO: Returning campaigns for user {"user_id":82,"campaign_count":0,"statuses":[]} 
[2026-05-27 12:16:25] local.INFO: ParseBearerToken middleware invoked {"path":"/api/v2/campaign","method":"GET","has_auth_header":true,"auth_header_preview":"Bearer 200|77cHU4PJJLVMbsndnt3...","is_bearer":true} 
[2026-05-27 12:16:25] local.INFO: Extracted bearer token {"token_preview":"200|77cHU4...","token_length":52} 
[2026-05-27 12:16:25] local.INFO: Found personal access token {"token_id":200,"user_id":82,"revoked":null} 
[2026-05-27 12:16:25] local.INFO: User authenticated via bearer token {"user_id":82,"user_email":"emmadesigner@example.com"} 
[2026-05-27 12:16:25] local.INFO: Returning campaigns for user {"user_id":82,"campaign_count":0,"statuses":[]} 
[2026-05-27 12:16:53] local.INFO: ParseBearerToken middleware invoked {"path":"/api/v2/campaign","method":"GET","has_auth_header":true,"auth_header_preview":"Bearer 200|77cHU4PJJLVMbsndnt3...","is_bearer":true} 
[2026-05-27 12:16:53] local.INFO: Extracted bearer token {"token_preview":"200|77cHU4...","token_length":52} 
[2026-05-27 12:16:53] local.INFO: Found personal access token {"token_id":200,"user_id":82,"revoked":null} 
[2026-05-27 12:16:53] local.INFO: User authenticated via bearer token {"user_id":82,"user_email":"emmadesigner@example.com"} 
[2026-05-27 12:16:53] local.INFO: Returning campaigns for user {"user_id":82,"campaign_count":0,"statuses":[]} 
[2026-05-27 12:17:22] local.INFO: ParseBearerToken middleware invoked {"path":"/api/v2/campaign","method":"GET","has_auth_header":true,"auth_header_preview":"Bearer 200|77cHU4PJJLVMbsndnt3...","is_bearer":true} 
[2026-05-27 12:17:22] local.INFO: Extracted bearer token {"token_preview":"200|77cHU4...","token_length":52} 
[2026-05-27 12:17:22] local.INFO: Found personal access token {"token_id":200,"user_id":82,"revoked":null} 
[2026-05-27 12:17:22] local.INFO: User authenticated via bearer token {"user_id":82,"user_email":"emmadesigner@example.com"} 
[2026-05-27 12:17:23] local.INFO: Returning campaigns for user {"user_id":82,"campaign_count":0,"statuses":[]} 
[2026-05-27 12:17:48] local.INFO: ParseBearerToken middleware invoked {"path":"/api/v2/campaign","method":"GET","has_auth_header":true,"auth_header_preview":"Bearer 200|77cHU4PJJLVMbsndnt3...","is_bearer":true} 
[2026-05-27 12:17:48] local.INFO: Extracted bearer token {"token_preview":"200|77cHU4...","token_length":52} 
[2026-05-27 12:17:48] local.INFO: Found personal access token {"token_id":200,"user_id":82,"revoked":null} 
[2026-05-27 12:17:48] local.INFO: User authenticated via bearer token {"user_id":82,"user_email":"emmadesigner@example.com"} 
[2026-05-27 12:17:48] local.INFO: Returning campaigns for user {"user_id":82,"campaign_count":0,"statuses":[]} 
[2026-05-27 12:20:42] local.INFO: ParseBearerToken middleware invoked {"path":"/api/v2/campaign","method":"POST","has_auth_header":true,"auth_header_preview":"Bearer 200|77cHU4PJJLVMbsndnt3...","is_bearer":true} 
[2026-05-27 12:20:42] local.INFO: Extracted bearer token {"token_preview":"200|77cHU4...","token_length":52} 
[2026-05-27 12:20:42] local.INFO: Found personal access token {"token_id":200,"user_id":82,"revoked":null} 
[2026-05-27 12:20:42] local.INFO: User authenticated via bearer token {"user_id":82,"user_email":"emmadesigner@example.com"} 
[2026-05-27 12:20:42] local.INFO: Campaign store() called - Raw Request Data {"content_type":"application/json","request_keys":["title","description","funding_goal","product_name","product_description","materials","colors","sizes","projectDuration","upvote_goal","previous_sales","existing_inventory","manufacturer_restock","manufacturing_assistance","business_registration"],"has_files":false,"file_keys":[]} 
[2026-05-27 12:20:42] local.INFO: Campaign store() called with details {"method":"POST","path":"api/v2/campaign","has_auth_header":true,"auth_header_preview":"Bearer 200|77cHU4PJJLVMbsndnt3...","user_id":82,"user_email":"emmadesigner@example.com","is_authenticated":true} 
[2026-05-27 12:20:42] local.INFO: Campaign creation request received {"user_id":82,"request_keys":["title","description","funding_goal","product_name","product_description","materials","colors","sizes","projectDuration","upvote_goal","previous_sales","existing_inventory","manufacturer_restock","manufacturing_assistance","business_registration"],"title":"Describe the style, cut, and d","product_name":"Describe the style, cut, and d","description_length":234,"materials_count":1,"colors_count":1,"sizes_count":4,"projectDuration":"13","upvote_goal":5000} 
[2026-05-27 12:20:42] local.INFO: Campaign created successfully {"campaign_id":107,"creator_id":23,"user_id":82} 
[2026-05-27 12:20:45] local.INFO: ParseBearerToken middleware invoked {"path":"/api/v2/campaign/107/upload-files","method":"POST","has_auth_header":true,"auth_header_preview":"Bearer 200|77cHU4PJJLVMbsndnt3...","is_bearer":true} 
[2026-05-27 12:20:45] local.INFO: Extracted bearer token {"token_preview":"200|77cHU4...","token_length":52} 
[2026-05-27 12:20:45] local.INFO: Found personal access token {"token_id":200,"user_id":82,"revoked":null} 
[2026-05-27 12:20:45] local.INFO: User authenticated via bearer token {"user_id":82,"user_email":"emmadesigner@example.com"} 
[2026-05-27 12:20:45] local.INFO: uploadFiles() method called {"campaign_id":"107","method":"POST","content_type":"multipart/form-data; boundary=----WebKitFormBoundaryvbyeXRA4y7AQNp7c"} 
[2026-05-27 12:20:45] local.INFO: File upload request received {"campaign_id":"107","has_product_images":true,"has_tech_pack":false,"request_keys":["product_images"],"product_images_type":"array","all_files_info":{"product_images":{"key":"product_images","count":3,"type":"array","first_item":"Illuminate\\Http\\UploadedFile"}}} 
[2026-05-27 12:20:45] local.INFO: Checking all input and files {"campaign_id":"107","input_keys":["image_metadata","product_images"],"file_keys":["product_images"],"all_files_count":1} 
[2026-05-27 12:20:45] local.INFO: Product images received {"campaign_id":"107","is_array":true,"count":3,"first_item_type":"Illuminate\\Http\\UploadedFile"} 
[2026-05-27 12:20:45] local.INFO: Parsed image metadata {"campaign_id":"107","metadata_count":3,"metadata":[{"fileIndex":0,"type":"front","name":"473989200_635690472362963_7135301606100493880_n.jpg","size":333884},{"fileIndex":1,"type":"back","name":"Dashboard-Karbar-11-03-2025_04_39_PM.png","size":286970},{"fileIndex":2,"type":"additional","name":"Dashboard-Karbar-11-03-2025_04_39_PM.png","size":286970}]} 
[2026-05-27 12:20:45] local.INFO: Found images using product_images notation {"campaign_id":"107","count":3} 
[2026-05-27 12:20:45] local.INFO: Processing product images {"campaign_id":"107","image_count":3,"metadata_count":3,"files_found_in_allfiles":true} 
[2026-05-27 12:20:45] local.INFO: Image found in array {"campaign_id":"107","index":0,"name":"473989200_635690472362963_7135301606100493880_n.jpg","size":333884,"valid":true} 
[2026-05-27 12:20:45] local.INFO: Image found in array {"campaign_id":"107","index":1,"name":"Dashboard-Karbar-11-03-2025_04_39_PM.png","size":286970,"valid":true} 
[2026-05-27 12:20:45] local.INFO: Image found in array {"campaign_id":"107","index":2,"name":"Dashboard-Karbar-11-03-2025_04_39_PM.png","size":286970,"valid":true} 
[2026-05-27 12:20:45] local.INFO: Processing image {"campaign_id":"107","file_index":0,"type":"front","name":"473989200_635690472362963_7135301606100493880_n.jpg","original_name":"473989200_635690472362963_7135301606100493880_n.jpg","size":333884,"mime":"image/jpeg"} 
[2026-05-27 12:20:45] local.INFO: About to store image file {"campaign_id":"107","type":"front","filename":"campaign_107_front_1779884445_6a16e19d9cb07.jpg","directory":"campaigns/products","original_name":"473989200_635690472362963_7135301606100493880_n.jpg","size":333884,"mime":"image/jpeg","extension":"jpg"} 
[2026-05-27 12:20:45] local.INFO: Starting file storage {"campaign_id":"107","original_name":"473989200_635690472362963_7135301606100493880_n.jpg","size":333884,"mime":"image/jpeg","temp_path":false} 
[2026-05-27 12:20:45] local.INFO: About to store file {"campaign_id":"107","destination":"D:\\laragon\\www\\mirrormefashion\\storage\\app\\public\\campaigns\\products\\campaign_107_front_1779884445_6a16e19d9d9c4.jpg","file_size":333884} 
[2026-05-27 12:20:45] local.INFO: Temp file info {"temp_path":"C:\\Windows\\Temp\\phpC3DE.tmp","exists":true,"readable":true,"size":333884} 
[2026-05-27 12:20:45] local.INFO: File copied successfully {"campaign_id":"107","destination":"D:\\laragon\\www\\mirrormefashion\\storage\\app\\public\\campaigns\\products\\campaign_107_front_1779884445_6a16e19d9d9c4.jpg"} 
[2026-05-27 12:20:45] local.INFO: File copied successfully {"campaign_id":"107","storage_path":"campaigns/products/campaign_107_front_1779884445_6a16e19d9d9c4.jpg","full_path":"D:\\laragon\\www\\mirrormefashion\\storage\\app\\public\\campaigns\\products\\campaign_107_front_1779884445_6a16e19d9d9c4.jpg","file_exists":true,"file_size":333884} 
[2026-05-27 12:20:47] local.INFO: Processing image {"campaign_id":"107","file_index":1,"type":"back","name":"Dashboard-Karbar-11-03-2025_04_39_PM.png","original_name":"Dashboard-Karbar-11-03-2025_04_39_PM.png","size":286970,"mime":"image/png"} 
[2026-05-27 12:20:47] local.INFO: About to store image file {"campaign_id":"107","type":"back","filename":"campaign_107_back_1779884447_6a16e19f0ee2f.png","directory":"campaigns/products","original_name":"Dashboard-Karbar-11-03-2025_04_39_PM.png","size":286970,"mime":"image/png","extension":"png"} 
[2026-05-27 12:20:47] local.INFO: Starting file storage {"campaign_id":"107","original_name":"Dashboard-Karbar-11-03-2025_04_39_PM.png","size":286970,"mime":"image/png","temp_path":false} 
[2026-05-27 12:20:47] local.INFO: About to store file {"campaign_id":"107","destination":"D:\\laragon\\www\\mirrormefashion\\storage\\app\\public\\campaigns\\products\\campaign_107_back_1779884447_6a16e19f0fcf8.png","file_size":286970} 
[2026-05-27 12:20:47] local.INFO: Temp file info {"temp_path":"C:\\Windows\\Temp\\phpC41E.tmp","exists":true,"readable":true,"size":286970} 
[2026-05-27 12:20:47] local.INFO: File copied successfully {"campaign_id":"107","destination":"D:\\laragon\\www\\mirrormefashion\\storage\\app\\public\\campaigns\\products\\campaign_107_back_1779884447_6a16e19f0fcf8.png"} 
[2026-05-27 12:20:47] local.INFO: File copied successfully {"campaign_id":"107","storage_path":"campaigns/products/campaign_107_back_1779884447_6a16e19f0fcf8.png","full_path":"D:\\laragon\\www\\mirrormefashion\\storage\\app\\public\\campaigns\\products\\campaign_107_back_1779884447_6a16e19f0fcf8.png","file_exists":true,"file_size":286970} 
[2026-05-27 12:20:47] local.INFO: Processing image {"campaign_id":"107","file_index":2,"type":"additional","name":"Dashboard-Karbar-11-03-2025_04_39_PM.png","original_name":"Dashboard-Karbar-11-03-2025_04_39_PM.png","size":286970,"mime":"image/png"} 
[2026-05-27 12:20:47] local.INFO: About to store image file {"campaign_id":"107","type":"additional","filename":"campaign_107_additional_1779884447_6a16e19f119f8.png","directory":"campaigns/products","original_name":"Dashboard-Karbar-11-03-2025_04_39_PM.png","size":286970,"mime":"image/png","extension":"png"} 
[2026-05-27 12:20:47] local.INFO: Starting file storage {"campaign_id":"107","original_name":"Dashboard-Karbar-11-03-2025_04_39_PM.png","size":286970,"mime":"image/png","temp_path":false} 
[2026-05-27 12:20:47] local.INFO: About to store file {"campaign_id":"107","destination":"D:\\laragon\\www\\mirrormefashion\\storage\\app\\public\\campaigns\\products\\campaign_107_additional_1779884447_6a16e19f13226.png","file_size":286970} 
[2026-05-27 12:20:47] local.INFO: Temp file info {"temp_path":"C:\\Windows\\Temp\\phpC44D.tmp","exists":true,"readable":true,"size":286970} 
[2026-05-27 12:20:47] local.INFO: File copied successfully {"campaign_id":"107","destination":"D:\\laragon\\www\\mirrormefashion\\storage\\app\\public\\campaigns\\products\\campaign_107_additional_1779884447_6a16e19f13226.png"} 
[2026-05-27 12:20:47] local.INFO: File copied successfully {"campaign_id":"107","storage_path":"campaigns/products/campaign_107_additional_1779884447_6a16e19f13226.png","full_path":"D:\\laragon\\www\\mirrormefashion\\storage\\app\\public\\campaigns\\products\\campaign_107_additional_1779884447_6a16e19f13226.png","file_exists":true,"file_size":286970} 
[2026-05-27 12:20:47] local.INFO: No tech pack in request {"campaign_id":"107"} 
[2026-05-27 12:20:47] local.INFO: Merged product images {"campaign_id":"107","existing_count":0,"new_count":3,"merged_count":3} 
[2026-05-27 12:20:57] local.INFO: ParseBearerToken middleware invoked {"path":"/api/v2/campaign","method":"GET","has_auth_header":true,"auth_header_preview":"Bearer 200|77cHU4PJJLVMbsndnt3...","is_bearer":true} 
[2026-05-27 12:20:57] local.INFO: Extracted bearer token {"token_preview":"200|77cHU4...","token_length":52} 
[2026-05-27 12:20:57] local.INFO: Found personal access token {"token_id":200,"user_id":82,"revoked":null} 
[2026-05-27 12:20:57] local.INFO: User authenticated via bearer token {"user_id":82,"user_email":"emmadesigner@example.com"} 
[2026-05-27 12:20:57] local.INFO: Returning campaigns for user {"user_id":82,"campaign_count":1,"statuses":["draft"]} 
[2026-05-27 12:20:58] local.INFO: ParseBearerToken middleware invoked {"path":"/api/v2/campaign","method":"GET","has_auth_header":true,"auth_header_preview":"Bearer 200|77cHU4PJJLVMbsndnt3...","is_bearer":true} 
[2026-05-27 12:20:58] local.INFO: Extracted bearer token {"token_preview":"200|77cHU4...","token_length":52} 
[2026-05-27 12:20:58] local.INFO: Found personal access token {"token_id":200,"user_id":82,"revoked":null} 
[2026-05-27 12:20:58] local.INFO: User authenticated via bearer token {"user_id":82,"user_email":"emmadesigner@example.com"} 
[2026-05-27 12:20:58] local.INFO: Returning campaigns for user {"user_id":82,"campaign_count":1,"statuses":["draft"]} 
[2026-05-27 12:21:20] local.INFO: ParseBearerToken middleware invoked {"path":"/api/v2/campaign","method":"GET","has_auth_header":true,"auth_header_preview":"Bearer 200|77cHU4PJJLVMbsndnt3...","is_bearer":true} 
[2026-05-27 12:21:20] local.INFO: Extracted bearer token {"token_preview":"200|77cHU4...","token_length":52} 
[2026-05-27 12:21:20] local.INFO: Found personal access token {"token_id":200,"user_id":82,"revoked":null} 
[2026-05-27 12:21:20] local.INFO: User authenticated via bearer token {"user_id":82,"user_email":"emmadesigner@example.com"} 
[2026-05-27 12:21:20] local.INFO: Returning campaigns for user {"user_id":82,"campaign_count":1,"statuses":["draft"]} 
[2026-05-27 12:21:21] local.INFO: ParseBearerToken middleware invoked {"path":"/api/v2/campaign","method":"GET","has_auth_header":true,"auth_header_preview":"Bearer 200|77cHU4PJJLVMbsndnt3...","is_bearer":true} 
[2026-05-27 12:21:21] local.INFO: Extracted bearer token {"token_preview":"200|77cHU4...","token_length":52} 
[2026-05-27 12:21:21] local.INFO: Found personal access token {"token_id":200,"user_id":82,"revoked":null} 
[2026-05-27 12:21:21] local.INFO: User authenticated via bearer token {"user_id":82,"user_email":"emmadesigner@example.com"} 
[2026-05-27 12:21:21] local.INFO: Returning campaigns for user {"user_id":82,"campaign_count":1,"statuses":["draft"]} 
[2026-05-27 12:21:36] local.INFO: ParseBearerToken middleware invoked {"path":"/api/v2/campaign/107/launch","method":"POST","has_auth_header":true,"auth_header_preview":"Bearer 200|77cHU4PJJLVMbsndnt3...","is_bearer":true} 
[2026-05-27 12:21:36] local.INFO: Extracted bearer token {"token_preview":"200|77cHU4...","token_length":52} 
[2026-05-27 12:21:36] local.INFO: Found personal access token {"token_id":200,"user_id":82,"revoked":null} 
[2026-05-27 12:21:36] local.INFO: User authenticated via bearer token {"user_id":82,"user_email":"emmadesigner@example.com"} 
[2026-05-27 12:21:36] local.INFO: Campaign launch attempt {"campaign_id":"107","current_status":"draft","user_id":82} 
[2026-05-27 12:21:36] local.INFO: Updating campaign status {"campaign_id":"107","from_status":"draft","to_status":"live"} 
[2026-05-27 12:21:36] local.INFO: Campaign launched successfully {"campaign_id":"107","status_after_update":"live","user_id":82} 
[2026-05-27 12:21:39] local.INFO: ParseBearerToken middleware invoked {"path":"/api/v2/campaign","method":"GET","has_auth_header":true,"auth_header_preview":"Bearer 200|77cHU4PJJLVMbsndnt3...","is_bearer":true} 
[2026-05-27 12:21:39] local.INFO: Extracted bearer token {"token_preview":"200|77cHU4...","token_length":52} 
[2026-05-27 12:21:39] local.INFO: Found personal access token {"token_id":200,"user_id":82,"revoked":null} 
[2026-05-27 12:21:39] local.INFO: User authenticated via bearer token {"user_id":82,"user_email":"emmadesigner@example.com"} 
[2026-05-27 12:21:39] local.INFO: Returning campaigns for user {"user_id":82,"campaign_count":1,"statuses":["live"]} 
[2026-05-27 12:21:47] local.INFO: ParseBearerToken middleware invoked {"path":"/api/v2/campaign","method":"GET","has_auth_header":true,"auth_header_preview":"Bearer 200|77cHU4PJJLVMbsndnt3...","is_bearer":true} 
[2026-05-27 12:21:47] local.INFO: Extracted bearer token {"token_preview":"200|77cHU4...","token_length":52} 
[2026-05-27 12:21:47] local.INFO: Found personal access token {"token_id":200,"user_id":82,"revoked":null} 
[2026-05-27 12:21:47] local.INFO: User authenticated via bearer token {"user_id":82,"user_email":"emmadesigner@example.com"} 
[2026-05-27 12:21:47] local.INFO: Returning campaigns for user {"user_id":82,"campaign_count":1,"statuses":["live"]} 
[2026-05-27 12:22:34] local.INFO: ParseBearerToken middleware invoked {"path":"/api/v2/campaign","method":"GET","has_auth_header":true,"auth_header_preview":"Bearer 200|77cHU4PJJLVMbsndnt3...","is_bearer":true} 
[2026-05-27 12:22:34] local.INFO: Extracted bearer token {"token_preview":"200|77cHU4...","token_length":52} 
[2026-05-27 12:22:34] local.INFO: Found personal access token {"token_id":200,"user_id":82,"revoked":null} 
[2026-05-27 12:22:34] local.INFO: User authenticated via bearer token {"user_id":82,"user_email":"emmadesigner@example.com"} 
[2026-05-27 12:22:34] local.INFO: Returning campaigns for user {"user_id":82,"campaign_count":1,"statuses":["live"]} 
[2026-05-27 12:22:55] local.INFO: ParseBearerToken middleware invoked {"path":"/api/v2/campaign","method":"GET","has_auth_header":true,"auth_header_preview":"Bearer 200|77cHU4PJJLVMbsndnt3...","is_bearer":true} 
[2026-05-27 12:22:55] local.INFO: Extracted bearer token {"token_preview":"200|77cHU4...","token_length":52} 
[2026-05-27 12:22:55] local.INFO: Found personal access token {"token_id":200,"user_id":82,"revoked":null} 
[2026-05-27 12:22:55] local.INFO: User authenticated via bearer token {"user_id":82,"user_email":"emmadesigner@example.com"} 
[2026-05-27 12:22:55] local.INFO: Returning campaigns for user {"user_id":82,"campaign_count":1,"statuses":["live"]} 
[2026-05-27 12:22:58] local.INFO: ParseBearerToken middleware invoked {"path":"/api/v2/campaign","method":"GET","has_auth_header":true,"auth_header_preview":"Bearer 200|77cHU4PJJLVMbsndnt3...","is_bearer":true} 
[2026-05-27 12:22:58] local.INFO: Extracted bearer token {"token_preview":"200|77cHU4...","token_length":52} 
[2026-05-27 12:22:58] local.INFO: Found personal access token {"token_id":200,"user_id":82,"revoked":null} 
[2026-05-27 12:22:58] local.INFO: User authenticated via bearer token {"user_id":82,"user_email":"emmadesigner@example.com"} 
[2026-05-27 12:22:58] local.INFO: Returning campaigns for user {"user_id":82,"campaign_count":1,"statuses":["live"]} 
[2026-05-27 12:23:10] local.INFO: ParseBearerToken middleware invoked {"path":"/api/v2/campaign","method":"GET","has_auth_header":true,"auth_header_preview":"Bearer 200|77cHU4PJJLVMbsndnt3...","is_bearer":true} 
[2026-05-27 12:23:10] local.INFO: Extracted bearer token {"token_preview":"200|77cHU4...","token_length":52} 
[2026-05-27 12:23:10] local.INFO: Found personal access token {"token_id":200,"user_id":82,"revoked":null} 
[2026-05-27 12:23:10] local.INFO: User authenticated via bearer token {"user_id":82,"user_email":"emmadesigner@example.com"} 
[2026-05-27 12:23:10] local.INFO: Returning campaigns for user {"user_id":82,"campaign_count":1,"statuses":["live"]} 
[2026-05-27 12:24:03] local.INFO: ParseBearerToken middleware invoked {"path":"/api/v2/campaign","method":"GET","has_auth_header":true,"auth_header_preview":"Bearer 200|77cHU4PJJLVMbsndnt3...","is_bearer":true} 
[2026-05-27 12:24:03] local.INFO: Extracted bearer token {"token_preview":"200|77cHU4...","token_length":52} 
[2026-05-27 12:24:03] local.INFO: Found personal access token {"token_id":200,"user_id":82,"revoked":null} 
[2026-05-27 12:24:03] local.INFO: User authenticated via bearer token {"user_id":82,"user_email":"emmadesigner@example.com"} 
[2026-05-27 12:24:04] local.INFO: Returning campaigns for user {"user_id":82,"campaign_count":1,"statuses":["live"]} 
[2026-05-27 12:24:18] local.INFO: ParseBearerToken middleware invoked {"path":"/api/v2/campaign","method":"GET","has_auth_header":true,"auth_header_preview":"Bearer 200|77cHU4PJJLVMbsndnt3...","is_bearer":true} 
[2026-05-27 12:24:18] local.INFO: Extracted bearer token {"token_preview":"200|77cHU4...","token_length":52} 
[2026-05-27 12:24:18] local.INFO: Found personal access token {"token_id":200,"user_id":82,"revoked":null} 
[2026-05-27 12:24:18] local.INFO: User authenticated via bearer token {"user_id":82,"user_email":"emmadesigner@example.com"} 
[2026-05-27 12:24:18] local.INFO: Returning campaigns for user {"user_id":82,"campaign_count":1,"statuses":["live"]} 
[2026-05-27 12:24:19] local.INFO: ParseBearerToken middleware invoked {"path":"/api/v2/campaign","method":"GET","has_auth_header":true,"auth_header_preview":"Bearer 200|77cHU4PJJLVMbsndnt3...","is_bearer":true} 
[2026-05-27 12:24:19] local.INFO: Extracted bearer token {"token_preview":"200|77cHU4...","token_length":52} 
[2026-05-27 12:24:19] local.INFO: Found personal access token {"token_id":200,"user_id":82,"revoked":null} 
[2026-05-27 12:24:19] local.INFO: User authenticated via bearer token {"user_id":82,"user_email":"emmadesigner@example.com"} 
[2026-05-27 12:24:19] local.INFO: Returning campaigns for user {"user_id":82,"campaign_count":1,"statuses":["live"]} 
[2026-05-27 12:24:31] local.INFO: ParseBearerToken middleware invoked {"path":"/api/v2/campaign","method":"GET","has_auth_header":true,"auth_header_preview":"Bearer 200|77cHU4PJJLVMbsndnt3...","is_bearer":true} 
[2026-05-27 12:24:31] local.INFO: Extracted bearer token {"token_preview":"200|77cHU4...","token_length":52} 
[2026-05-27 12:24:31] local.INFO: Found personal access token {"token_id":200,"user_id":82,"revoked":null} 
[2026-05-27 12:24:31] local.INFO: User authenticated via bearer token {"user_id":82,"user_email":"emmadesigner@example.com"} 
[2026-05-27 12:24:31] local.INFO: Returning campaigns for user {"user_id":82,"campaign_count":1,"statuses":["live"]} 
[2026-05-27 12:25:01] local.INFO: ParseBearerToken middleware invoked {"path":"/api/v2/campaign","method":"GET","has_auth_header":true,"auth_header_preview":"Bearer 200|77cHU4PJJLVMbsndnt3...","is_bearer":true} 
[2026-05-27 12:25:01] local.INFO: Extracted bearer token {"token_preview":"200|77cHU4...","token_length":52} 
[2026-05-27 12:25:01] local.INFO: Found personal access token {"token_id":200,"user_id":82,"revoked":null} 
[2026-05-27 12:25:01] local.INFO: User authenticated via bearer token {"user_id":82,"user_email":"emmadesigner@example.com"} 
[2026-05-27 12:25:01] local.INFO: Returning campaigns for user {"user_id":82,"campaign_count":1,"statuses":["live"]} 
[2026-05-27 12:25:31] local.INFO: ParseBearerToken middleware invoked {"path":"/api/v2/campaign","method":"GET","has_auth_header":true,"auth_header_preview":"Bearer 200|77cHU4PJJLVMbsndnt3...","is_bearer":true} 
[2026-05-27 12:25:31] local.INFO: Extracted bearer token {"token_preview":"200|77cHU4...","token_length":52} 
[2026-05-27 12:25:31] local.INFO: Found personal access token {"token_id":200,"user_id":82,"revoked":null} 
[2026-05-27 12:25:31] local.INFO: User authenticated via bearer token {"user_id":82,"user_email":"emmadesigner@example.com"} 
[2026-05-27 12:25:31] local.INFO: Returning campaigns for user {"user_id":82,"campaign_count":1,"statuses":["live"]} 
[2026-05-27 12:26:48] local.INFO: ParseBearerToken middleware invoked {"path":"/api/v2/campaign","method":"GET","has_auth_header":true,"auth_header_preview":"Bearer 200|77cHU4PJJLVMbsndnt3...","is_bearer":true} 
[2026-05-27 12:26:48] local.INFO: Extracted bearer token {"token_preview":"200|77cHU4...","token_length":52} 
[2026-05-27 12:26:48] local.INFO: Found personal access token {"token_id":200,"user_id":82,"revoked":null} 
[2026-05-27 12:26:48] local.INFO: User authenticated via bearer token {"user_id":82,"user_email":"emmadesigner@example.com"} 
[2026-05-27 12:26:49] local.INFO: Returning campaigns for user {"user_id":82,"campaign_count":1,"statuses":["live"]} 
[2026-05-27 12:27:13] local.INFO: ParseBearerToken middleware invoked {"path":"/api/v2/campaign","method":"GET","has_auth_header":true,"auth_header_preview":"Bearer 200|77cHU4PJJLVMbsndnt3...","is_bearer":true} 
[2026-05-27 12:27:13] local.INFO: Extracted bearer token {"token_preview":"200|77cHU4...","token_length":52} 
[2026-05-27 12:27:13] local.INFO: Found personal access token {"token_id":200,"user_id":82,"revoked":null} 
[2026-05-27 12:27:13] local.INFO: User authenticated via bearer token {"user_id":82,"user_email":"emmadesigner@example.com"} 
[2026-05-27 12:27:14] local.INFO: Returning campaigns for user {"user_id":82,"campaign_count":1,"statuses":["live"]} 
[2026-05-27 12:27:17] local.INFO: ParseBearerToken middleware invoked {"path":"/api/v2/campaign","method":"GET","has_auth_header":true,"auth_header_preview":"Bearer 200|77cHU4PJJLVMbsndnt3...","is_bearer":true} 
[2026-05-27 12:27:17] local.INFO: Extracted bearer token {"token_preview":"200|77cHU4...","token_length":52} 
[2026-05-27 12:27:17] local.INFO: Found personal access token {"token_id":200,"user_id":82,"revoked":null} 
[2026-05-27 12:27:17] local.INFO: User authenticated via bearer token {"user_id":82,"user_email":"emmadesigner@example.com"} 
[2026-05-27 12:27:17] local.INFO: Returning campaigns for user {"user_id":82,"campaign_count":1,"statuses":["live"]} 
[2026-05-27 12:27:23] local.INFO: ParseBearerToken middleware invoked {"path":"/api/v2/campaign","method":"GET","has_auth_header":true,"auth_header_preview":"Bearer 200|77cHU4PJJLVMbsndnt3...","is_bearer":true} 
[2026-05-27 12:27:23] local.INFO: Extracted bearer token {"token_preview":"200|77cHU4...","token_length":52} 
[2026-05-27 12:27:23] local.INFO: Found personal access token {"token_id":200,"user_id":82,"revoked":null} 
[2026-05-27 12:27:23] local.INFO: User authenticated via bearer token {"user_id":82,"user_email":"emmadesigner@example.com"} 
[2026-05-27 12:27:23] local.INFO: Returning campaigns for user {"user_id":82,"campaign_count":1,"statuses":["live"]} 
[2026-05-27 12:27:24] local.INFO: ParseBearerToken middleware invoked {"path":"/api/v2/campaign","method":"GET","has_auth_header":true,"auth_header_preview":"Bearer 200|77cHU4PJJLVMbsndnt3...","is_bearer":true} 
[2026-05-27 12:27:24] local.INFO: Extracted bearer token {"token_preview":"200|77cHU4...","token_length":52} 
[2026-05-27 12:27:24] local.INFO: Found personal access token {"token_id":200,"user_id":82,"revoked":null} 
[2026-05-27 12:27:24] local.INFO: User authenticated via bearer token {"user_id":82,"user_email":"emmadesigner@example.com"} 
[2026-05-27 12:27:24] local.INFO: Returning campaigns for user {"user_id":82,"campaign_count":1,"statuses":["live"]} 
[2026-05-27 12:27:26] local.INFO: ParseBearerToken middleware invoked {"path":"/api/v2/campaign","method":"GET","has_auth_header":true,"auth_header_preview":"Bearer 200|77cHU4PJJLVMbsndnt3...","is_bearer":true} 
[2026-05-27 12:27:26] local.INFO: Extracted bearer token {"token_preview":"200|77cHU4...","token_length":52} 
[2026-05-27 12:27:26] local.INFO: Found personal access token {"token_id":200,"user_id":82,"revoked":null} 
[2026-05-27 12:27:26] local.INFO: User authenticated via bearer token {"user_id":82,"user_email":"emmadesigner@example.com"} 
[2026-05-27 12:27:26] local.INFO: Returning campaigns for user {"user_id":82,"campaign_count":1,"statuses":["live"]} 
[2026-05-27 12:27:28] local.INFO: ParseBearerToken middleware invoked {"path":"/api/v2/campaign","method":"GET","has_auth_header":true,"auth_header_preview":"Bearer 200|77cHU4PJJLVMbsndnt3...","is_bearer":true} 
[2026-05-27 12:27:28] local.INFO: Extracted bearer token {"token_preview":"200|77cHU4...","token_length":52} 
[2026-05-27 12:27:28] local.INFO: Found personal access token {"token_id":200,"user_id":82,"revoked":null} 
[2026-05-27 12:27:28] local.INFO: User authenticated via bearer token {"user_id":82,"user_email":"emmadesigner@example.com"} 
[2026-05-27 12:27:28] local.INFO: Returning campaigns for user {"user_id":82,"campaign_count":1,"statuses":["live"]} 
[2026-05-27 12:28:05] local.INFO: ParseBearerToken middleware invoked {"path":"/api/v2/campaign","method":"GET","has_auth_header":true,"auth_header_preview":"Bearer 200|77cHU4PJJLVMbsndnt3...","is_bearer":true} 
[2026-05-27 12:28:05] local.INFO: Extracted bearer token {"token_preview":"200|77cHU4...","token_length":52} 
[2026-05-27 12:28:05] local.INFO: Found personal access token {"token_id":200,"user_id":82,"revoked":null} 
[2026-05-27 12:28:05] local.INFO: User authenticated via bearer token {"user_id":82,"user_email":"emmadesigner@example.com"} 
[2026-05-27 12:28:06] local.INFO: Returning campaigns for user {"user_id":82,"campaign_count":1,"statuses":["live"]} 
[2026-05-27 12:28:50] local.INFO: ParseBearerToken middleware invoked {"path":"/api/v2/campaign","method":"GET","has_auth_header":true,"auth_header_preview":"Bearer 200|77cHU4PJJLVMbsndnt3...","is_bearer":true} 
[2026-05-27 12:28:50] local.INFO: Extracted bearer token {"token_preview":"200|77cHU4...","token_length":52} 
[2026-05-27 12:28:50] local.INFO: Found personal access token {"token_id":200,"user_id":82,"revoked":null} 
[2026-05-27 12:28:50] local.INFO: User authenticated via bearer token {"user_id":82,"user_email":"emmadesigner@example.com"} 
[2026-05-27 12:28:50] local.INFO: Returning campaigns for user {"user_id":82,"campaign_count":1,"statuses":["live"]} 
[2026-05-27 12:28:52] local.INFO: ParseBearerToken middleware invoked {"path":"/api/v2/campaign","method":"GET","has_auth_header":true,"auth_header_preview":"Bearer 200|77cHU4PJJLVMbsndnt3...","is_bearer":true} 
[2026-05-27 12:28:52] local.INFO: Extracted bearer token {"token_preview":"200|77cHU4...","token_length":52} 
[2026-05-27 12:28:52] local.INFO: Found personal access token {"token_id":200,"user_id":82,"revoked":null} 
[2026-05-27 12:28:52] local.INFO: User authenticated via bearer token {"user_id":82,"user_email":"emmadesigner@example.com"} 
[2026-05-27 12:28:52] local.INFO: Returning campaigns for user {"user_id":82,"campaign_count":1,"statuses":["live"]} 
[2026-05-27 12:28:55] local.INFO: ParseBearerToken middleware invoked {"path":"/api/v2/campaign","method":"GET","has_auth_header":true,"auth_header_preview":"Bearer 200|77cHU4PJJLVMbsndnt3...","is_bearer":true} 
[2026-05-27 12:28:55] local.INFO: Extracted bearer token {"token_preview":"200|77cHU4...","token_length":52} 
[2026-05-27 12:28:55] local.INFO: Found personal access token {"token_id":200,"user_id":82,"revoked":null} 
[2026-05-27 12:28:55] local.INFO: User authenticated via bearer token {"user_id":82,"user_email":"emmadesigner@example.com"} 
[2026-05-27 12:28:55] local.INFO: Returning campaigns for user {"user_id":82,"campaign_count":1,"statuses":["live"]} 
[2026-05-27 12:28:58] local.INFO: ParseBearerToken middleware invoked {"path":"/api/v2/campaign","method":"GET","has_auth_header":true,"auth_header_preview":"Bearer 200|77cHU4PJJLVMbsndnt3...","is_bearer":true} 
[2026-05-27 12:28:58] local.INFO: Extracted bearer token {"token_preview":"200|77cHU4...","token_length":52} 
[2026-05-27 12:28:58] local.INFO: Found personal access token {"token_id":200,"user_id":82,"revoked":null} 
[2026-05-27 12:28:58] local.INFO: User authenticated via bearer token {"user_id":82,"user_email":"emmadesigner@example.com"} 
[2026-05-27 12:28:58] local.INFO: Returning campaigns for user {"user_id":82,"campaign_count":1,"statuses":["live"]} 
[2026-05-27 12:29:03] local.INFO: ParseBearerToken middleware invoked {"path":"/api/v2/campaign","method":"GET","has_auth_header":true,"auth_header_preview":"Bearer 200|77cHU4PJJLVMbsndnt3...","is_bearer":true} 
[2026-05-27 12:29:03] local.INFO: Extracted bearer token {"token_preview":"200|77cHU4...","token_length":52} 
[2026-05-27 12:29:03] local.INFO: Found personal access token {"token_id":200,"user_id":82,"revoked":null} 
[2026-05-27 12:29:03] local.INFO: User authenticated via bearer token {"user_id":82,"user_email":"emmadesigner@example.com"} 
[2026-05-27 12:29:03] local.INFO: Returning campaigns for user {"user_id":82,"campaign_count":1,"statuses":["live"]} 
[2026-05-27 12:29:15] local.INFO: ParseBearerToken middleware invoked {"path":"/api/v2/campaign","method":"GET","has_auth_header":true,"auth_header_preview":"Bearer 200|77cHU4PJJLVMbsndnt3...","is_bearer":true} 
[2026-05-27 12:29:15] local.INFO: Extracted bearer token {"token_preview":"200|77cHU4...","token_length":52} 
[2026-05-27 12:29:16] local.INFO: Found personal access token {"token_id":200,"user_id":82,"revoked":null} 
[2026-05-27 12:29:16] local.INFO: User authenticated via bearer token {"user_id":82,"user_email":"emmadesigner@example.com"} 
[2026-05-27 12:29:16] local.INFO: Returning campaigns for user {"user_id":82,"campaign_count":1,"statuses":["live"]} 
[2026-05-27 12:29:18] local.INFO: ParseBearerToken middleware invoked {"path":"/api/v2/campaign","method":"GET","has_auth_header":true,"auth_header_preview":"Bearer 200|77cHU4PJJLVMbsndnt3...","is_bearer":true} 
[2026-05-27 12:29:19] local.INFO: Extracted bearer token {"token_preview":"200|77cHU4...","token_length":52} 
[2026-05-27 12:29:19] local.INFO: Found personal access token {"token_id":200,"user_id":82,"revoked":null} 
[2026-05-27 12:29:19] local.INFO: User authenticated via bearer token {"user_id":82,"user_email":"emmadesigner@example.com"} 
[2026-05-27 12:29:19] local.INFO: Returning campaigns for user {"user_id":82,"campaign_count":1,"statuses":["live"]} 
[2026-05-27 12:29:51] local.INFO: ParseBearerToken middleware invoked {"path":"/api/v2/campaign","method":"GET","has_auth_header":true,"auth_header_preview":"Bearer 200|77cHU4PJJLVMbsndnt3...","is_bearer":true} 
[2026-05-27 12:29:51] local.INFO: Extracted bearer token {"token_preview":"200|77cHU4...","token_length":52} 
[2026-05-27 12:29:51] local.INFO: Found personal access token {"token_id":200,"user_id":82,"revoked":null} 
[2026-05-27 12:29:51] local.INFO: User authenticated via bearer token {"user_id":82,"user_email":"emmadesigner@example.com"} 
[2026-05-27 12:29:51] local.INFO: Returning campaigns for user {"user_id":82,"campaign_count":1,"statuses":["live"]} 
[2026-05-27 12:29:56] local.INFO: ParseBearerToken middleware invoked {"path":"/api/v2/campaign","method":"GET","has_auth_header":true,"auth_header_preview":"Bearer 200|77cHU4PJJLVMbsndnt3...","is_bearer":true} 
[2026-05-27 12:29:56] local.INFO: Extracted bearer token {"token_preview":"200|77cHU4...","token_length":52} 
[2026-05-27 12:29:56] local.INFO: Found personal access token {"token_id":200,"user_id":82,"revoked":null} 
[2026-05-27 12:29:56] local.INFO: User authenticated via bearer token {"user_id":82,"user_email":"emmadesigner@example.com"} 
[2026-05-27 12:29:56] local.INFO: Returning campaigns for user {"user_id":82,"campaign_count":1,"statuses":["live"]} 
[2026-05-27 12:30:17] local.INFO: ParseBearerToken middleware invoked {"path":"/api/v2/campaign","method":"GET","has_auth_header":true,"auth_header_preview":"Bearer 200|77cHU4PJJLVMbsndnt3...","is_bearer":true} 
[2026-05-27 12:30:17] local.INFO: Extracted bearer token {"token_preview":"200|77cHU4...","token_length":52} 
[2026-05-27 12:30:17] local.INFO: Found personal access token {"token_id":200,"user_id":82,"revoked":null} 
[2026-05-27 12:30:17] local.INFO: User authenticated via bearer token {"user_id":82,"user_email":"emmadesigner@example.com"} 
[2026-05-27 12:30:18] local.INFO: Returning campaigns for user {"user_id":82,"campaign_count":1,"statuses":["live"]} 
[2026-05-27 12:30:51] local.INFO: ParseBearerToken middleware invoked {"path":"/api/v2/campaign","method":"GET","has_auth_header":true,"auth_header_preview":"Bearer 200|77cHU4PJJLVMbsndnt3...","is_bearer":true} 
[2026-05-27 12:30:51] local.INFO: Extracted bearer token {"token_preview":"200|77cHU4...","token_length":52} 
[2026-05-27 12:30:51] local.INFO: Found personal access token {"token_id":200,"user_id":82,"revoked":null} 
[2026-05-27 12:30:51] local.INFO: User authenticated via bearer token {"user_id":82,"user_email":"emmadesigner@example.com"} 
[2026-05-27 12:30:51] local.INFO: Returning campaigns for user {"user_id":82,"campaign_count":1,"statuses":["live"]} 
[2026-05-27 12:30:59] local.INFO: ParseBearerToken middleware invoked {"path":"/api/v2/campaign","method":"GET","has_auth_header":true,"auth_header_preview":"Bearer 200|77cHU4PJJLVMbsndnt3...","is_bearer":true} 
[2026-05-27 12:30:59] local.INFO: Extracted bearer token {"token_preview":"200|77cHU4...","token_length":52} 
[2026-05-27 12:30:59] local.INFO: Found personal access token {"token_id":200,"user_id":82,"revoked":null} 
[2026-05-27 12:31:00] local.INFO: User authenticated via bearer token {"user_id":82,"user_email":"emmadesigner@example.com"} 
[2026-05-27 12:31:00] local.INFO: Returning campaigns for user {"user_id":82,"campaign_count":1,"statuses":["live"]} 
[2026-05-27 12:31:06] local.INFO: ParseBearerToken middleware invoked {"path":"/api/v2/campaign","method":"GET","has_auth_header":true,"auth_header_preview":"Bearer 200|77cHU4PJJLVMbsndnt3...","is_bearer":true} 
[2026-05-27 12:31:06] local.INFO: Extracted bearer token {"token_preview":"200|77cHU4...","token_length":52} 
[2026-05-27 12:31:06] local.INFO: Found personal access token {"token_id":200,"user_id":82,"revoked":null} 
[2026-05-27 12:31:06] local.INFO: User authenticated via bearer token {"user_id":82,"user_email":"emmadesigner@example.com"} 
[2026-05-27 12:31:07] local.INFO: Returning campaigns for user {"user_id":82,"campaign_count":1,"statuses":["live"]} 
[2026-05-27 12:31:14] local.INFO: ParseBearerToken middleware invoked {"path":"/api/v2/campaign","method":"GET","has_auth_header":true,"auth_header_preview":"Bearer 200|77cHU4PJJLVMbsndnt3...","is_bearer":true} 
[2026-05-27 12:31:14] local.INFO: Extracted bearer token {"token_preview":"200|77cHU4...","token_length":52} 
[2026-05-27 12:31:14] local.INFO: Found personal access token {"token_id":200,"user_id":82,"revoked":null} 
[2026-05-27 12:31:14] local.INFO: User authenticated via bearer token {"user_id":82,"user_email":"emmadesigner@example.com"} 
[2026-05-27 12:31:15] local.INFO: Returning campaigns for user {"user_id":82,"campaign_count":1,"statuses":["live"]} 
[2026-05-27 12:31:26] local.INFO: ParseBearerToken middleware invoked {"path":"/api/v2/campaign","method":"GET","has_auth_header":true,"auth_header_preview":"Bearer 200|77cHU4PJJLVMbsndnt3...","is_bearer":true} 
[2026-05-27 12:31:26] local.INFO: Extracted bearer token {"token_preview":"200|77cHU4...","token_length":52} 
[2026-05-27 12:31:26] local.INFO: Found personal access token {"token_id":200,"user_id":82,"revoked":null} 
[2026-05-27 12:31:26] local.INFO: User authenticated via bearer token {"user_id":82,"user_email":"emmadesigner@example.com"} 
[2026-05-27 12:31:26] local.INFO: Returning campaigns for user {"user_id":82,"campaign_count":1,"statuses":["live"]} 
[2026-05-27 12:31:47] local.INFO: ParseBearerToken middleware invoked {"path":"/api/v2/campaign","method":"GET","has_auth_header":true,"auth_header_preview":"Bearer 200|77cHU4PJJLVMbsndnt3...","is_bearer":true} 
[2026-05-27 12:31:48] local.INFO: Extracted bearer token {"token_preview":"200|77cHU4...","token_length":52} 
[2026-05-27 12:31:48] local.INFO: Found personal access token {"token_id":200,"user_id":82,"revoked":null} 
[2026-05-27 12:31:48] local.INFO: User authenticated via bearer token {"user_id":82,"user_email":"emmadesigner@example.com"} 
[2026-05-27 12:31:48] local.INFO: Returning campaigns for user {"user_id":82,"campaign_count":1,"statuses":["live"]} 
[2026-05-27 12:31:51] local.INFO: ParseBearerToken middleware invoked {"path":"/api/v2/campaign","method":"GET","has_auth_header":true,"auth_header_preview":"Bearer 200|77cHU4PJJLVMbsndnt3...","is_bearer":true} 
[2026-05-27 12:31:51] local.INFO: Extracted bearer token {"token_preview":"200|77cHU4...","token_length":52} 
[2026-05-27 12:31:51] local.INFO: Found personal access token {"token_id":200,"user_id":82,"revoked":null} 
[2026-05-27 12:31:51] local.INFO: User authenticated via bearer token {"user_id":82,"user_email":"emmadesigner@example.com"} 
[2026-05-27 12:31:51] local.INFO: Returning campaigns for user {"user_id":82,"campaign_count":1,"statuses":["live"]} 
[2026-05-27 12:32:08] local.INFO: ParseBearerToken middleware invoked {"path":"/api/v2/campaign","method":"GET","has_auth_header":true,"auth_header_preview":"Bearer 200|77cHU4PJJLVMbsndnt3...","is_bearer":true} 
[2026-05-27 12:32:08] local.INFO: Extracted bearer token {"token_preview":"200|77cHU4...","token_length":52} 
[2026-05-27 12:32:08] local.INFO: Found personal access token {"token_id":200,"user_id":82,"revoked":null} 
[2026-05-27 12:32:08] local.INFO: User authenticated via bearer token {"user_id":82,"user_email":"emmadesigner@example.com"} 
[2026-05-27 12:32:08] local.INFO: Returning campaigns for user {"user_id":82,"campaign_count":1,"statuses":["live"]} 
[2026-05-27 12:32:10] local.INFO: ParseBearerToken middleware invoked {"path":"/api/v2/campaign","method":"GET","has_auth_header":true,"auth_header_preview":"Bearer 200|77cHU4PJJLVMbsndnt3...","is_bearer":true} 
[2026-05-27 12:32:10] local.INFO: Extracted bearer token {"token_preview":"200|77cHU4...","token_length":52} 
[2026-05-27 12:32:10] local.INFO: Found personal access token {"token_id":200,"user_id":82,"revoked":null} 
[2026-05-27 12:32:10] local.INFO: User authenticated via bearer token {"user_id":82,"user_email":"emmadesigner@example.com"} 
[2026-05-27 12:32:10] local.INFO: Returning campaigns for user {"user_id":82,"campaign_count":1,"statuses":["live"]} 
[2026-05-27 12:32:40] local.INFO: ParseBearerToken middleware invoked {"path":"/api/v2/campaign","method":"GET","has_auth_header":true,"auth_header_preview":"Bearer 200|77cHU4PJJLVMbsndnt3...","is_bearer":true} 
[2026-05-27 12:32:40] local.INFO: Extracted bearer token {"token_preview":"200|77cHU4...","token_length":52} 
[2026-05-27 12:32:40] local.INFO: Found personal access token {"token_id":200,"user_id":82,"revoked":null} 
[2026-05-27 12:32:40] local.INFO: User authenticated via bearer token {"user_id":82,"user_email":"emmadesigner@example.com"} 
[2026-05-27 12:32:40] local.INFO: Returning campaigns for user {"user_id":82,"campaign_count":1,"statuses":["live"]} 
[2026-05-27 12:32:45] local.INFO: ParseBearerToken middleware invoked {"path":"/api/v2/campaign","method":"GET","has_auth_header":true,"auth_header_preview":"Bearer 200|77cHU4PJJLVMbsndnt3...","is_bearer":true} 
[2026-05-27 12:32:45] local.INFO: Extracted bearer token {"token_preview":"200|77cHU4...","token_length":52} 
[2026-05-27 12:32:45] local.INFO: Found personal access token {"token_id":200,"user_id":82,"revoked":null} 
[2026-05-27 12:32:45] local.INFO: User authenticated via bearer token {"user_id":82,"user_email":"emmadesigner@example.com"} 
[2026-05-27 12:32:45] local.INFO: Returning campaigns for user {"user_id":82,"campaign_count":1,"statuses":["live"]} 
[2026-05-27 12:33:08] local.INFO: ParseBearerToken middleware invoked {"path":"/api/v2/campaign","method":"GET","has_auth_header":true,"auth_header_preview":"Bearer 200|77cHU4PJJLVMbsndnt3...","is_bearer":true} 
[2026-05-27 12:33:08] local.INFO: Extracted bearer token {"token_preview":"200|77cHU4...","token_length":52} 
[2026-05-27 12:33:08] local.INFO: Found personal access token {"token_id":200,"user_id":82,"revoked":null} 
[2026-05-27 12:33:08] local.INFO: User authenticated via bearer token {"user_id":82,"user_email":"emmadesigner@example.com"} 
[2026-05-27 12:33:08] local.INFO: Returning campaigns for user {"user_id":82,"campaign_count":1,"statuses":["live"]} 
[2026-05-27 12:33:13] local.INFO: ParseBearerToken middleware invoked {"path":"/api/v2/campaign","method":"GET","has_auth_header":true,"auth_header_preview":"Bearer 200|77cHU4PJJLVMbsndnt3...","is_bearer":true} 
[2026-05-27 12:33:13] local.INFO: Extracted bearer token {"token_preview":"200|77cHU4...","token_length":52} 
[2026-05-27 12:33:13] local.INFO: Found personal access token {"token_id":200,"user_id":82,"revoked":null} 
[2026-05-27 12:33:13] local.INFO: User authenticated via bearer token {"user_id":82,"user_email":"emmadesigner@example.com"} 
[2026-05-27 12:33:13] local.INFO: Returning campaigns for user {"user_id":82,"campaign_count":1,"statuses":["live"]} 
[2026-05-27 12:33:38] local.INFO: ParseBearerToken middleware invoked {"path":"/api/v2/campaign","method":"GET","has_auth_header":true,"auth_header_preview":"Bearer 200|77cHU4PJJLVMbsndnt3...","is_bearer":true} 
[2026-05-27 12:33:38] local.INFO: Extracted bearer token {"token_preview":"200|77cHU4...","token_length":52} 
[2026-05-27 12:33:38] local.INFO: Found personal access token {"token_id":200,"user_id":82,"revoked":null} 
[2026-05-27 12:33:38] local.INFO: User authenticated via bearer token {"user_id":82,"user_email":"emmadesigner@example.com"} 
[2026-05-27 12:33:38] local.INFO: Returning campaigns for user {"user_id":82,"campaign_count":1,"statuses":["live"]} 
[2026-05-27 12:33:43] local.INFO: ParseBearerToken middleware invoked {"path":"/api/v2/campaign","method":"GET","has_auth_header":true,"auth_header_preview":"Bearer 200|77cHU4PJJLVMbsndnt3...","is_bearer":true} 
[2026-05-27 12:33:43] local.INFO: Extracted bearer token {"token_preview":"200|77cHU4...","token_length":52} 
[2026-05-27 12:33:43] local.INFO: Found personal access token {"token_id":200,"user_id":82,"revoked":null} 
[2026-05-27 12:33:43] local.INFO: User authenticated via bearer token {"user_id":82,"user_email":"emmadesigner@example.com"} 
[2026-05-27 12:33:43] local.INFO: Returning campaigns for user {"user_id":82,"campaign_count":1,"statuses":["live"]} 
[2026-05-27 12:34:08] local.INFO: ParseBearerToken middleware invoked {"path":"/api/v2/campaign","method":"GET","has_auth_header":true,"auth_header_preview":"Bearer 200|77cHU4PJJLVMbsndnt3...","is_bearer":true} 
[2026-05-27 12:34:08] local.INFO: Extracted bearer token {"token_preview":"200|77cHU4...","token_length":52} 
[2026-05-27 12:34:08] local.INFO: Found personal access token {"token_id":200,"user_id":82,"revoked":null} 
[2026-05-27 12:34:08] local.INFO: User authenticated via bearer token {"user_id":82,"user_email":"emmadesigner@example.com"} 
[2026-05-27 12:34:08] local.INFO: Returning campaigns for user {"user_id":82,"campaign_count":1,"statuses":["live"]} 
[2026-05-27 12:34:11] local.INFO: ParseBearerToken middleware invoked {"path":"/api/v2/campaign","method":"GET","has_auth_header":true,"auth_header_preview":"Bearer 200|77cHU4PJJLVMbsndnt3...","is_bearer":true} 
[2026-05-27 12:34:11] local.INFO: Extracted bearer token {"token_preview":"200|77cHU4...","token_length":52} 
[2026-05-27 12:34:11] local.INFO: Found personal access token {"token_id":200,"user_id":82,"revoked":null} 
[2026-05-27 12:34:11] local.INFO: User authenticated via bearer token {"user_id":82,"user_email":"emmadesigner@example.com"} 
[2026-05-27 12:34:11] local.INFO: Returning campaigns for user {"user_id":82,"campaign_count":1,"statuses":["live"]} 
[2026-05-27 12:34:36] local.INFO: ParseBearerToken middleware invoked {"path":"/api/v2/campaign","method":"GET","has_auth_header":true,"auth_header_preview":"Bearer 200|77cHU4PJJLVMbsndnt3...","is_bearer":true} 
[2026-05-27 12:34:36] local.INFO: Extracted bearer token {"token_preview":"200|77cHU4...","token_length":52} 
[2026-05-27 12:34:36] local.INFO: Found personal access token {"token_id":200,"user_id":82,"revoked":null} 
[2026-05-27 12:34:36] local.INFO: User authenticated via bearer token {"user_id":82,"user_email":"emmadesigner@example.com"} 
[2026-05-27 12:34:36] local.INFO: Returning campaigns for user {"user_id":82,"campaign_count":1,"statuses":["live"]} 
[2026-05-27 12:34:37] local.INFO: ParseBearerToken middleware invoked {"path":"/api/v2/campaign","method":"GET","has_auth_header":true,"auth_header_preview":"Bearer 200|77cHU4PJJLVMbsndnt3...","is_bearer":true} 
[2026-05-27 12:34:37] local.INFO: Extracted bearer token {"token_preview":"200|77cHU4...","token_length":52} 
[2026-05-27 12:34:37] local.INFO: Found personal access token {"token_id":200,"user_id":82,"revoked":null} 
[2026-05-27 12:34:37] local.INFO: User authenticated via bearer token {"user_id":82,"user_email":"emmadesigner@example.com"} 
[2026-05-27 12:34:37] local.INFO: Returning campaigns for user {"user_id":82,"campaign_count":1,"statuses":["live"]} 
[2026-05-27 12:35:14] local.INFO: ParseBearerToken middleware invoked {"path":"/api/v2/campaign","method":"GET","has_auth_header":true,"auth_header_preview":"Bearer 200|77cHU4PJJLVMbsndnt3...","is_bearer":true} 
[2026-05-27 12:35:14] local.INFO: Extracted bearer token {"token_preview":"200|77cHU4...","token_length":52} 
[2026-05-27 12:35:14] local.INFO: Found personal access token {"token_id":200,"user_id":82,"revoked":null} 
[2026-05-27 12:35:14] local.INFO: User authenticated via bearer token {"user_id":82,"user_email":"emmadesigner@example.com"} 
[2026-05-27 12:35:14] local.INFO: Returning campaigns for user {"user_id":82,"campaign_count":1,"statuses":["live"]} 
[2026-05-27 12:35:19] local.INFO: ParseBearerToken middleware invoked {"path":"/api/v2/campaign","method":"GET","has_auth_header":true,"auth_header_preview":"Bearer 200|77cHU4PJJLVMbsndnt3...","is_bearer":true} 
[2026-05-27 12:35:19] local.INFO: Extracted bearer token {"token_preview":"200|77cHU4...","token_length":52} 
[2026-05-27 12:35:19] local.INFO: Found personal access token {"token_id":200,"user_id":82,"revoked":null} 
[2026-05-27 12:35:19] local.INFO: User authenticated via bearer token {"user_id":82,"user_email":"emmadesigner@example.com"} 
[2026-05-27 12:35:19] local.INFO: Returning campaigns for user {"user_id":82,"campaign_count":1,"statuses":["live"]} 
[2026-05-27 12:35:37] local.INFO: ParseBearerToken middleware invoked {"path":"/api/v2/campaign","method":"GET","has_auth_header":true,"auth_header_preview":"Bearer 200|77cHU4PJJLVMbsndnt3...","is_bearer":true} 
[2026-05-27 12:35:37] local.INFO: Extracted bearer token {"token_preview":"200|77cHU4...","token_length":52} 
[2026-05-27 12:35:37] local.INFO: Found personal access token {"token_id":200,"user_id":82,"revoked":null} 
[2026-05-27 12:35:37] local.INFO: User authenticated via bearer token {"user_id":82,"user_email":"emmadesigner@example.com"} 
[2026-05-27 12:35:37] local.INFO: Returning campaigns for user {"user_id":82,"campaign_count":1,"statuses":["live"]} 
[2026-05-27 12:35:38] local.INFO: ParseBearerToken middleware invoked {"path":"/api/v2/campaign","method":"GET","has_auth_header":true,"auth_header_preview":"Bearer 200|77cHU4PJJLVMbsndnt3...","is_bearer":true} 
[2026-05-27 12:35:38] local.INFO: Extracted bearer token {"token_preview":"200|77cHU4...","token_length":52} 
[2026-05-27 12:35:38] local.INFO: Found personal access token {"token_id":200,"user_id":82,"revoked":null} 
[2026-05-27 12:35:38] local.INFO: User authenticated via bearer token {"user_id":82,"user_email":"emmadesigner@example.com"} 
[2026-05-27 12:35:38] local.INFO: Returning campaigns for user {"user_id":82,"campaign_count":1,"statuses":["live"]} 
[2026-05-27 12:36:07] local.INFO: ParseBearerToken middleware invoked {"path":"/api/v2/campaign","method":"GET","has_auth_header":true,"auth_header_preview":"Bearer 200|77cHU4PJJLVMbsndnt3...","is_bearer":true} 
[2026-05-27 12:36:07] local.INFO: Extracted bearer token {"token_preview":"200|77cHU4...","token_length":52} 
[2026-05-27 12:36:07] local.INFO: Found personal access token {"token_id":200,"user_id":82,"revoked":null} 
[2026-05-27 12:36:07] local.INFO: User authenticated via bearer token {"user_id":82,"user_email":"emmadesigner@example.com"} 
[2026-05-27 12:36:07] local.INFO: Returning campaigns for user {"user_id":82,"campaign_count":1,"statuses":["live"]} 
[2026-05-27 12:36:08] local.INFO: ParseBearerToken middleware invoked {"path":"/api/v2/campaign","method":"GET","has_auth_header":true,"auth_header_preview":"Bearer 200|77cHU4PJJLVMbsndnt3...","is_bearer":true} 
[2026-05-27 12:36:08] local.INFO: Extracted bearer token {"token_preview":"200|77cHU4...","token_length":52} 
[2026-05-27 12:36:08] local.INFO: Found personal access token {"token_id":200,"user_id":82,"revoked":null} 
[2026-05-27 12:36:08] local.INFO: User authenticated via bearer token {"user_id":82,"user_email":"emmadesigner@example.com"} 
[2026-05-27 12:36:08] local.INFO: Returning campaigns for user {"user_id":82,"campaign_count":1,"statuses":["live"]} 
[2026-05-27 12:36:36] local.INFO: ParseBearerToken middleware invoked {"path":"/api/v2/campaign","method":"GET","has_auth_header":true,"auth_header_preview":"Bearer 200|77cHU4PJJLVMbsndnt3...","is_bearer":true} 
[2026-05-27 12:36:36] local.INFO: Extracted bearer token {"token_preview":"200|77cHU4...","token_length":52} 
[2026-05-27 12:36:36] local.INFO: Found personal access token {"token_id":200,"user_id":82,"revoked":null} 
[2026-05-27 12:36:36] local.INFO: User authenticated via bearer token {"user_id":82,"user_email":"emmadesigner@example.com"} 
[2026-05-27 12:36:36] local.INFO: Returning campaigns for user {"user_id":82,"campaign_count":1,"statuses":["live"]} 
[2026-05-27 12:36:38] local.INFO: ParseBearerToken middleware invoked {"path":"/api/v2/campaign","method":"GET","has_auth_header":true,"auth_header_preview":"Bearer 200|77cHU4PJJLVMbsndnt3...","is_bearer":true} 
[2026-05-27 12:36:38] local.INFO: Extracted bearer token {"token_preview":"200|77cHU4...","token_length":52} 
[2026-05-27 12:36:38] local.INFO: Found personal access token {"token_id":200,"user_id":82,"revoked":null} 
[2026-05-27 12:36:38] local.INFO: User authenticated via bearer token {"user_id":82,"user_email":"emmadesigner@example.com"} 
[2026-05-27 12:36:38] local.INFO: Returning campaigns for user {"user_id":82,"campaign_count":1,"statuses":["live"]} 
[2026-05-27 12:37:08] local.INFO: ParseBearerToken middleware invoked {"path":"/api/v2/campaign","method":"GET","has_auth_header":true,"auth_header_preview":"Bearer 200|77cHU4PJJLVMbsndnt3...","is_bearer":true} 
[2026-05-27 12:37:08] local.INFO: Extracted bearer token {"token_preview":"200|77cHU4...","token_length":52} 
[2026-05-27 12:37:08] local.INFO: Found personal access token {"token_id":200,"user_id":82,"revoked":null} 
[2026-05-27 12:37:08] local.INFO: User authenticated via bearer token {"user_id":82,"user_email":"emmadesigner@example.com"} 
[2026-05-27 12:37:08] local.INFO: Returning campaigns for user {"user_id":82,"campaign_count":1,"statuses":["live"]} 
[2026-05-27 12:37:09] local.INFO: ParseBearerToken middleware invoked {"path":"/api/v2/campaign","method":"GET","has_auth_header":true,"auth_header_preview":"Bearer 200|77cHU4PJJLVMbsndnt3...","is_bearer":true} 
[2026-05-27 12:37:09] local.INFO: Extracted bearer token {"token_preview":"200|77cHU4...","token_length":52} 
[2026-05-27 12:37:09] local.INFO: Found personal access token {"token_id":200,"user_id":82,"revoked":null} 
[2026-05-27 12:37:09] local.INFO: User authenticated via bearer token {"user_id":82,"user_email":"emmadesigner@example.com"} 
[2026-05-27 12:37:09] local.INFO: Returning campaigns for user {"user_id":82,"campaign_count":1,"statuses":["live"]} 
[2026-05-27 12:37:36] local.INFO: ParseBearerToken middleware invoked {"path":"/api/v2/campaign","method":"GET","has_auth_header":true,"auth_header_preview":"Bearer 200|77cHU4PJJLVMbsndnt3...","is_bearer":true} 
[2026-05-27 12:37:36] local.INFO: Extracted bearer token {"token_preview":"200|77cHU4...","token_length":52} 
[2026-05-27 12:37:36] local.INFO: Found personal access token {"token_id":200,"user_id":82,"revoked":null} 
[2026-05-27 12:37:36] local.INFO: User authenticated via bearer token {"user_id":82,"user_email":"emmadesigner@example.com"} 
[2026-05-27 12:37:36] local.INFO: Returning campaigns for user {"user_id":82,"campaign_count":1,"statuses":["live"]} 
[2026-05-27 12:37:37] local.INFO: ParseBearerToken middleware invoked {"path":"/api/v2/campaign","method":"GET","has_auth_header":true,"auth_header_preview":"Bearer 200|77cHU4PJJLVMbsndnt3...","is_bearer":true} 
[2026-05-27 12:37:37] local.INFO: Extracted bearer token {"token_preview":"200|77cHU4...","token_length":52} 
[2026-05-27 12:37:37] local.INFO: Found personal access token {"token_id":200,"user_id":82,"revoked":null} 
[2026-05-27 12:37:37] local.INFO: User authenticated via bearer token {"user_id":82,"user_email":"emmadesigner@example.com"} 
[2026-05-27 12:37:37] local.INFO: Returning campaigns for user {"user_id":82,"campaign_count":1,"statuses":["live"]} 
[2026-05-27 12:38:08] local.INFO: ParseBearerToken middleware invoked {"path":"/api/v2/campaign","method":"GET","has_auth_header":true,"auth_header_preview":"Bearer 200|77cHU4PJJLVMbsndnt3...","is_bearer":true} 
[2026-05-27 12:38:08] local.INFO: Extracted bearer token {"token_preview":"200|77cHU4...","token_length":52} 
[2026-05-27 12:38:08] local.INFO: Found personal access token {"token_id":200,"user_id":82,"revoked":null} 
[2026-05-27 12:38:08] local.INFO: User authenticated via bearer token {"user_id":82,"user_email":"emmadesigner@example.com"} 
[2026-05-27 12:38:09] local.INFO: Returning campaigns for user {"user_id":82,"campaign_count":1,"statuses":["live"]} 
[2026-05-27 12:38:12] local.INFO: ParseBearerToken middleware invoked {"path":"/api/v2/campaign","method":"GET","has_auth_header":true,"auth_header_preview":"Bearer 200|77cHU4PJJLVMbsndnt3...","is_bearer":true} 
[2026-05-27 12:38:12] local.INFO: Extracted bearer token {"token_preview":"200|77cHU4...","token_length":52} 
[2026-05-27 12:38:12] local.INFO: Found personal access token {"token_id":200,"user_id":82,"revoked":null} 
[2026-05-27 12:38:12] local.INFO: User authenticated via bearer token {"user_id":82,"user_email":"emmadesigner@example.com"} 
[2026-05-27 12:38:12] local.INFO: Returning campaigns for user {"user_id":82,"campaign_count":1,"statuses":["live"]} 
[2026-05-27 12:38:36] local.INFO: ParseBearerToken middleware invoked {"path":"/api/v2/campaign","method":"GET","has_auth_header":true,"auth_header_preview":"Bearer 200|77cHU4PJJLVMbsndnt3...","is_bearer":true} 
[2026-05-27 12:38:36] local.INFO: Extracted bearer token {"token_preview":"200|77cHU4...","token_length":52} 
[2026-05-27 12:38:36] local.INFO: Found personal access token {"token_id":200,"user_id":82,"revoked":null} 
[2026-05-27 12:38:36] local.INFO: User authenticated via bearer token {"user_id":82,"user_email":"emmadesigner@example.com"} 
[2026-05-27 12:38:36] local.INFO: Returning campaigns for user {"user_id":82,"campaign_count":1,"statuses":["live"]} 
[2026-05-27 12:38:37] local.INFO: ParseBearerToken middleware invoked {"path":"/api/v2/campaign","method":"GET","has_auth_header":true,"auth_header_preview":"Bearer 200|77cHU4PJJLVMbsndnt3...","is_bearer":true} 
[2026-05-27 12:38:37] local.INFO: Extracted bearer token {"token_preview":"200|77cHU4...","token_length":52} 
[2026-05-27 12:38:37] local.INFO: Found personal access token {"token_id":200,"user_id":82,"revoked":null} 
[2026-05-27 12:38:37] local.INFO: User authenticated via bearer token {"user_id":82,"user_email":"emmadesigner@example.com"} 
[2026-05-27 12:38:37] local.INFO: Returning campaigns for user {"user_id":82,"campaign_count":1,"statuses":["live"]} 
[2026-05-27 12:39:17] local.INFO: ParseBearerToken middleware invoked {"path":"/api/v2/campaign","method":"GET","has_auth_header":true,"auth_header_preview":"Bearer 200|77cHU4PJJLVMbsndnt3...","is_bearer":true} 
[2026-05-27 12:39:17] local.INFO: Extracted bearer token {"token_preview":"200|77cHU4...","token_length":52} 
[2026-05-27 12:39:17] local.INFO: Found personal access token {"token_id":200,"user_id":82,"revoked":null} 
[2026-05-27 12:39:17] local.INFO: User authenticated via bearer token {"user_id":82,"user_email":"emmadesigner@example.com"} 
[2026-05-27 12:39:17] local.INFO: Returning campaigns for user {"user_id":82,"campaign_count":1,"statuses":["live"]} 
[2026-05-27 12:39:18] local.INFO: ParseBearerToken middleware invoked {"path":"/api/v2/campaign","method":"GET","has_auth_header":true,"auth_header_preview":"Bearer 200|77cHU4PJJLVMbsndnt3...","is_bearer":true} 
[2026-05-27 12:39:18] local.INFO: Extracted bearer token {"token_preview":"200|77cHU4...","token_length":52} 
[2026-05-27 12:39:18] local.INFO: Found personal access token {"token_id":200,"user_id":82,"revoked":null} 
[2026-05-27 12:39:18] local.INFO: User authenticated via bearer token {"user_id":82,"user_email":"emmadesigner@example.com"} 
[2026-05-27 12:39:18] local.INFO: Returning campaigns for user {"user_id":82,"campaign_count":1,"statuses":["live"]} 
[2026-05-27 12:39:35] local.INFO: ParseBearerToken middleware invoked {"path":"/api/v2/campaign","method":"GET","has_auth_header":true,"auth_header_preview":"Bearer 200|77cHU4PJJLVMbsndnt3...","is_bearer":true} 
[2026-05-27 12:39:35] local.INFO: Extracted bearer token {"token_preview":"200|77cHU4...","token_length":52} 
[2026-05-27 12:39:35] local.INFO: Found personal access token {"token_id":200,"user_id":82,"revoked":null} 
[2026-05-27 12:39:35] local.INFO: User authenticated via bearer token {"user_id":82,"user_email":"emmadesigner@example.com"} 
[2026-05-27 12:39:35] local.INFO: Returning campaigns for user {"user_id":82,"campaign_count":1,"statuses":["live"]} 
[2026-05-27 12:39:37] local.INFO: ParseBearerToken middleware invoked {"path":"/api/v2/campaign","method":"GET","has_auth_header":true,"auth_header_preview":"Bearer 200|77cHU4PJJLVMbsndnt3...","is_bearer":true} 
[2026-05-27 12:39:37] local.INFO: Extracted bearer token {"token_preview":"200|77cHU4...","token_length":52} 
[2026-05-27 12:39:37] local.INFO: Found personal access token {"token_id":200,"user_id":82,"revoked":null} 
[2026-05-27 12:39:37] local.INFO: User authenticated via bearer token {"user_id":82,"user_email":"emmadesigner@example.com"} 
[2026-05-27 12:39:37] local.INFO: Returning campaigns for user {"user_id":82,"campaign_count":1,"statuses":["live"]} 
[2026-05-27 12:40:06] local.INFO: ParseBearerToken middleware invoked {"path":"/api/v2/campaign","method":"GET","has_auth_header":true,"auth_header_preview":"Bearer 200|77cHU4PJJLVMbsndnt3...","is_bearer":true} 
[2026-05-27 12:40:06] local.INFO: Extracted bearer token {"token_preview":"200|77cHU4...","token_length":52} 
[2026-05-27 12:40:06] local.INFO: Found personal access token {"token_id":200,"user_id":82,"revoked":null} 
[2026-05-27 12:40:06] local.INFO: User authenticated via bearer token {"user_id":82,"user_email":"emmadesigner@example.com"} 
[2026-05-27 12:40:06] local.INFO: Returning campaigns for user {"user_id":82,"campaign_count":1,"statuses":["live"]} 
[2026-05-27 12:40:08] local.INFO: ParseBearerToken middleware invoked {"path":"/api/v2/campaign","method":"GET","has_auth_header":true,"auth_header_preview":"Bearer 200|77cHU4PJJLVMbsndnt3...","is_bearer":true} 
[2026-05-27 12:40:08] local.INFO: Extracted bearer token {"token_preview":"200|77cHU4...","token_length":52} 
[2026-05-27 12:40:08] local.INFO: Found personal access token {"token_id":200,"user_id":82,"revoked":null} 
[2026-05-27 12:40:08] local.INFO: User authenticated via bearer token {"user_id":82,"user_email":"emmadesigner@example.com"} 
[2026-05-27 12:40:08] local.INFO: Returning campaigns for user {"user_id":82,"campaign_count":1,"statuses":["live"]} 
[2026-05-27 12:40:35] local.INFO: ParseBearerToken middleware invoked {"path":"/api/v2/campaign","method":"GET","has_auth_header":true,"auth_header_preview":"Bearer 200|77cHU4PJJLVMbsndnt3...","is_bearer":true} 
[2026-05-27 12:40:35] local.INFO: Extracted bearer token {"token_preview":"200|77cHU4...","token_length":52} 
[2026-05-27 12:40:35] local.INFO: Found personal access token {"token_id":200,"user_id":82,"revoked":null} 
[2026-05-27 12:40:35] local.INFO: User authenticated via bearer token {"user_id":82,"user_email":"emmadesigner@example.com"} 
[2026-05-27 12:40:35] local.INFO: Returning campaigns for user {"user_id":82,"campaign_count":1,"statuses":["live"]} 
[2026-05-27 12:40:36] local.INFO: ParseBearerToken middleware invoked {"path":"/api/v2/campaign","method":"GET","has_auth_header":true,"auth_header_preview":"Bearer 200|77cHU4PJJLVMbsndnt3...","is_bearer":true} 
[2026-05-27 12:40:36] local.INFO: Extracted bearer token {"token_preview":"200|77cHU4...","token_length":52} 
[2026-05-27 12:40:36] local.INFO: Found personal access token {"token_id":200,"user_id":82,"revoked":null} 
[2026-05-27 12:40:36] local.INFO: User authenticated via bearer token {"user_id":82,"user_email":"emmadesigner@example.com"} 
[2026-05-27 12:40:36] local.INFO: Returning campaigns for user {"user_id":82,"campaign_count":1,"statuses":["live"]} 
[2026-05-27 12:41:06] local.INFO: ParseBearerToken middleware invoked {"path":"/api/v2/campaign","method":"GET","has_auth_header":true,"auth_header_preview":"Bearer 200|77cHU4PJJLVMbsndnt3...","is_bearer":true} 
[2026-05-27 12:41:06] local.INFO: Extracted bearer token {"token_preview":"200|77cHU4...","token_length":52} 
[2026-05-27 12:41:06] local.INFO: Found personal access token {"token_id":200,"user_id":82,"revoked":null} 
[2026-05-27 12:41:06] local.INFO: User authenticated via bearer token {"user_id":82,"user_email":"emmadesigner@example.com"} 
[2026-05-27 12:41:06] local.INFO: Returning campaigns for user {"user_id":82,"campaign_count":1,"statuses":["live"]} 
[2026-05-27 12:41:07] local.INFO: ParseBearerToken middleware invoked {"path":"/api/v2/campaign","method":"GET","has_auth_header":true,"auth_header_preview":"Bearer 200|77cHU4PJJLVMbsndnt3...","is_bearer":true} 
[2026-05-27 12:41:07] local.INFO: Extracted bearer token {"token_preview":"200|77cHU4...","token_length":52} 
[2026-05-27 12:41:07] local.INFO: Found personal access token {"token_id":200,"user_id":82,"revoked":null} 
[2026-05-27 12:41:07] local.INFO: User authenticated via bearer token {"user_id":82,"user_email":"emmadesigner@example.com"} 
[2026-05-27 12:41:07] local.INFO: Returning campaigns for user {"user_id":82,"campaign_count":1,"statuses":["live"]} 
[2026-05-27 12:41:37] local.INFO: ParseBearerToken middleware invoked {"path":"/api/v2/campaign","method":"GET","has_auth_header":true,"auth_header_preview":"Bearer 200|77cHU4PJJLVMbsndnt3...","is_bearer":true} 
[2026-05-27 12:41:37] local.INFO: Extracted bearer token {"token_preview":"200|77cHU4...","token_length":52} 
[2026-05-27 12:41:37] local.INFO: Found personal access token {"token_id":200,"user_id":82,"revoked":null} 
[2026-05-27 12:41:37] local.INFO: User authenticated via bearer token {"user_id":82,"user_email":"emmadesigner@example.com"} 
[2026-05-27 12:41:37] local.INFO: Returning campaigns for user {"user_id":82,"campaign_count":1,"statuses":["live"]} 
[2026-05-27 12:41:39] local.INFO: ParseBearerToken middleware invoked {"path":"/api/v2/campaign","method":"GET","has_auth_header":true,"auth_header_preview":"Bearer 200|77cHU4PJJLVMbsndnt3...","is_bearer":true} 
[2026-05-27 12:41:39] local.INFO: Extracted bearer token {"token_preview":"200|77cHU4...","token_length":52} 
[2026-05-27 12:41:39] local.INFO: Found personal access token {"token_id":200,"user_id":82,"revoked":null} 
[2026-05-27 12:41:39] local.INFO: User authenticated via bearer token {"user_id":82,"user_email":"emmadesigner@example.com"} 
[2026-05-27 12:41:39] local.INFO: Returning campaigns for user {"user_id":82,"campaign_count":1,"statuses":["live"]} 
[2026-05-27 12:42:06] local.INFO: ParseBearerToken middleware invoked {"path":"/api/v2/campaign","method":"GET","has_auth_header":true,"auth_header_preview":"Bearer 200|77cHU4PJJLVMbsndnt3...","is_bearer":true} 
[2026-05-27 12:42:06] local.INFO: Extracted bearer token {"token_preview":"200|77cHU4...","token_length":52} 
[2026-05-27 12:42:06] local.INFO: Found personal access token {"token_id":200,"user_id":82,"revoked":null} 
[2026-05-27 12:42:06] local.INFO: User authenticated via bearer token {"user_id":82,"user_email":"emmadesigner@example.com"} 
[2026-05-27 12:42:06] local.INFO: Returning campaigns for user {"user_id":82,"campaign_count":1,"statuses":["live"]} 
[2026-05-27 12:42:07] local.INFO: ParseBearerToken middleware invoked {"path":"/api/v2/campaign","method":"GET","has_auth_header":true,"auth_header_preview":"Bearer 200|77cHU4PJJLVMbsndnt3...","is_bearer":true} 
[2026-05-27 12:42:07] local.INFO: Extracted bearer token {"token_preview":"200|77cHU4...","token_length":52} 
[2026-05-27 12:42:07] local.INFO: Found personal access token {"token_id":200,"user_id":82,"revoked":null} 
[2026-05-27 12:42:07] local.INFO: User authenticated via bearer token {"user_id":82,"user_email":"emmadesigner@example.com"} 
[2026-05-27 12:42:07] local.INFO: Returning campaigns for user {"user_id":82,"campaign_count":1,"statuses":["live"]} 
[2026-05-27 12:42:36] local.INFO: ParseBearerToken middleware invoked {"path":"/api/v2/campaign","method":"GET","has_auth_header":true,"auth_header_preview":"Bearer 200|77cHU4PJJLVMbsndnt3...","is_bearer":true} 
[2026-05-27 12:42:36] local.INFO: Extracted bearer token {"token_preview":"200|77cHU4...","token_length":52} 
[2026-05-27 12:42:36] local.INFO: Found personal access token {"token_id":200,"user_id":82,"revoked":null} 
[2026-05-27 12:42:36] local.INFO: User authenticated via bearer token {"user_id":82,"user_email":"emmadesigner@example.com"} 
[2026-05-27 12:42:36] local.INFO: Returning campaigns for user {"user_id":82,"campaign_count":1,"statuses":["live"]} 
[2026-05-27 12:42:37] local.INFO: ParseBearerToken middleware invoked {"path":"/api/v2/campaign","method":"GET","has_auth_header":true,"auth_header_preview":"Bearer 200|77cHU4PJJLVMbsndnt3...","is_bearer":true} 
[2026-05-27 12:42:37] local.INFO: Extracted bearer token {"token_preview":"200|77cHU4...","token_length":52} 
[2026-05-27 12:42:37] local.INFO: Found personal access token {"token_id":200,"user_id":82,"revoked":null} 
[2026-05-27 12:42:37] local.INFO: User authenticated via bearer token {"user_id":82,"user_email":"emmadesigner@example.com"} 
[2026-05-27 12:42:37] local.INFO: Returning campaigns for user {"user_id":82,"campaign_count":1,"statuses":["live"]} 
[2026-05-27 12:43:06] local.INFO: ParseBearerToken middleware invoked {"path":"/api/v2/campaign","method":"GET","has_auth_header":true,"auth_header_preview":"Bearer 200|77cHU4PJJLVMbsndnt3...","is_bearer":true} 
[2026-05-27 12:43:06] local.INFO: Extracted bearer token {"token_preview":"200|77cHU4...","token_length":52} 
[2026-05-27 12:43:06] local.INFO: Found personal access token {"token_id":200,"user_id":82,"revoked":null} 
[2026-05-27 12:43:06] local.INFO: User authenticated via bearer token {"user_id":82,"user_email":"emmadesigner@example.com"} 
[2026-05-27 12:43:06] local.INFO: Returning campaigns for user {"user_id":82,"campaign_count":1,"statuses":["live"]} 
[2026-05-27 12:43:08] local.INFO: ParseBearerToken middleware invoked {"path":"/api/v2/campaign","method":"GET","has_auth_header":true,"auth_header_preview":"Bearer 200|77cHU4PJJLVMbsndnt3...","is_bearer":true} 
[2026-05-27 12:43:08] local.INFO: Extracted bearer token {"token_preview":"200|77cHU4...","token_length":52} 
[2026-05-27 12:43:08] local.INFO: Found personal access token {"token_id":200,"user_id":82,"revoked":null} 
[2026-05-27 12:43:08] local.INFO: User authenticated via bearer token {"user_id":82,"user_email":"emmadesigner@example.com"} 
[2026-05-27 12:43:08] local.INFO: Returning campaigns for user {"user_id":82,"campaign_count":1,"statuses":["live"]} 
[2026-05-27 12:43:35] local.INFO: ParseBearerToken middleware invoked {"path":"/api/v2/campaign","method":"GET","has_auth_header":true,"auth_header_preview":"Bearer 200|77cHU4PJJLVMbsndnt3...","is_bearer":true} 
[2026-05-27 12:43:35] local.INFO: Extracted bearer token {"token_preview":"200|77cHU4...","token_length":52} 
[2026-05-27 12:43:35] local.INFO: Found personal access token {"token_id":200,"user_id":82,"revoked":null} 
[2026-05-27 12:43:35] local.INFO: User authenticated via bearer token {"user_id":82,"user_email":"emmadesigner@example.com"} 
[2026-05-27 12:43:35] local.INFO: Returning campaigns for user {"user_id":82,"campaign_count":1,"statuses":["live"]} 
[2026-05-27 12:43:37] local.INFO: ParseBearerToken middleware invoked {"path":"/api/v2/campaign","method":"GET","has_auth_header":true,"auth_header_preview":"Bearer 200|77cHU4PJJLVMbsndnt3...","is_bearer":true} 
[2026-05-27 12:43:37] local.INFO: Extracted bearer token {"token_preview":"200|77cHU4...","token_length":52} 
[2026-05-27 12:43:37] local.INFO: Found personal access token {"token_id":200,"user_id":82,"revoked":null} 
[2026-05-27 12:43:37] local.INFO: User authenticated via bearer token {"user_id":82,"user_email":"emmadesigner@example.com"} 
[2026-05-27 12:43:37] local.INFO: Returning campaigns for user {"user_id":82,"campaign_count":1,"statuses":["live"]} 
[2026-05-27 12:44:06] local.INFO: ParseBearerToken middleware invoked {"path":"/api/v2/campaign","method":"GET","has_auth_header":true,"auth_header_preview":"Bearer 200|77cHU4PJJLVMbsndnt3...","is_bearer":true} 
[2026-05-27 12:44:06] local.INFO: Extracted bearer token {"token_preview":"200|77cHU4...","token_length":52} 
[2026-05-27 12:44:06] local.INFO: Found personal access token {"token_id":200,"user_id":82,"revoked":null} 
[2026-05-27 12:44:06] local.INFO: User authenticated via bearer token {"user_id":82,"user_email":"emmadesigner@example.com"} 
[2026-05-27 12:44:06] local.INFO: Returning campaigns for user {"user_id":82,"campaign_count":1,"statuses":["live"]} 
[2026-05-27 12:44:08] local.INFO: ParseBearerToken middleware invoked {"path":"/api/v2/campaign","method":"GET","has_auth_header":true,"auth_header_preview":"Bearer 200|77cHU4PJJLVMbsndnt3...","is_bearer":true} 
[2026-05-27 12:44:08] local.INFO: Extracted bearer token {"token_preview":"200|77cHU4...","token_length":52} 
[2026-05-27 12:44:08] local.INFO: Found personal access token {"token_id":200,"user_id":82,"revoked":null} 
[2026-05-27 12:44:08] local.INFO: User authenticated via bearer token {"user_id":82,"user_email":"emmadesigner@example.com"} 
[2026-05-27 12:44:08] local.INFO: Returning campaigns for user {"user_id":82,"campaign_count":1,"statuses":["live"]} 
[2026-05-27 12:44:37] local.INFO: ParseBearerToken middleware invoked {"path":"/api/v2/campaign","method":"GET","has_auth_header":true,"auth_header_preview":"Bearer 200|77cHU4PJJLVMbsndnt3...","is_bearer":true} 
[2026-05-27 12:44:37] local.INFO: Extracted bearer token {"token_preview":"200|77cHU4...","token_length":52} 
[2026-05-27 12:44:37] local.INFO: Found personal access token {"token_id":200,"user_id":82,"revoked":null} 
[2026-05-27 12:44:37] local.INFO: User authenticated via bearer token {"user_id":82,"user_email":"emmadesigner@example.com"} 
[2026-05-27 12:44:37] local.INFO: Returning campaigns for user {"user_id":82,"campaign_count":1,"statuses":["live"]} 
[2026-05-27 12:44:38] local.INFO: ParseBearerToken middleware invoked {"path":"/api/v2/campaign","method":"GET","has_auth_header":true,"auth_header_preview":"Bearer 200|77cHU4PJJLVMbsndnt3...","is_bearer":true} 
[2026-05-27 12:44:38] local.INFO: Extracted bearer token {"token_preview":"200|77cHU4...","token_length":52} 
[2026-05-27 12:44:38] local.INFO: Found personal access token {"token_id":200,"user_id":82,"revoked":null} 
[2026-05-27 12:44:38] local.INFO: User authenticated via bearer token {"user_id":82,"user_email":"emmadesigner@example.com"} 
[2026-05-27 12:44:38] local.INFO: Returning campaigns for user {"user_id":82,"campaign_count":1,"statuses":["live"]} 
[2026-05-27 12:45:07] local.INFO: ParseBearerToken middleware invoked {"path":"/api/v2/campaign","method":"GET","has_auth_header":true,"auth_header_preview":"Bearer 200|77cHU4PJJLVMbsndnt3...","is_bearer":true} 
[2026-05-27 12:45:07] local.INFO: Extracted bearer token {"token_preview":"200|77cHU4...","token_length":52} 
[2026-05-27 12:45:07] local.INFO: Found personal access token {"token_id":200,"user_id":82,"revoked":null} 
[2026-05-27 12:45:07] local.INFO: User authenticated via bearer token {"user_id":82,"user_email":"emmadesigner@example.com"} 
[2026-05-27 12:45:07] local.INFO: Returning campaigns for user {"user_id":82,"campaign_count":1,"statuses":["live"]} 
[2026-05-27 12:45:10] local.INFO: ParseBearerToken middleware invoked {"path":"/api/v2/campaign","method":"GET","has_auth_header":true,"auth_header_preview":"Bearer 200|77cHU4PJJLVMbsndnt3...","is_bearer":true} 
[2026-05-27 12:45:10] local.INFO: Extracted bearer token {"token_preview":"200|77cHU4...","token_length":52} 
[2026-05-27 12:45:10] local.INFO: Found personal access token {"token_id":200,"user_id":82,"revoked":null} 
[2026-05-27 12:45:10] local.INFO: User authenticated via bearer token {"user_id":82,"user_email":"emmadesigner@example.com"} 
[2026-05-27 12:45:10] local.INFO: Returning campaigns for user {"user_id":82,"campaign_count":1,"statuses":["live"]} 
[2026-05-27 12:45:37] local.INFO: ParseBearerToken middleware invoked {"path":"/api/v2/campaign","method":"GET","has_auth_header":true,"auth_header_preview":"Bearer 200|77cHU4PJJLVMbsndnt3...","is_bearer":true} 
[2026-05-27 12:45:37] local.INFO: Extracted bearer token {"token_preview":"200|77cHU4...","token_length":52} 
[2026-05-27 12:45:37] local.INFO: Found personal access token {"token_id":200,"user_id":82,"revoked":null} 
[2026-05-27 12:45:37] local.INFO: User authenticated via bearer token {"user_id":82,"user_email":"emmadesigner@example.com"} 
[2026-05-27 12:45:37] local.INFO: Returning campaigns for user {"user_id":82,"campaign_count":1,"statuses":["live"]} 
[2026-05-27 12:45:38] local.INFO: ParseBearerToken middleware invoked {"path":"/api/v2/campaign","method":"GET","has_auth_header":true,"auth_header_preview":"Bearer 200|77cHU4PJJLVMbsndnt3...","is_bearer":true} 
[2026-05-27 12:45:38] local.INFO: Extracted bearer token {"token_preview":"200|77cHU4...","token_length":52} 
[2026-05-27 12:45:38] local.INFO: Found personal access token {"token_id":200,"user_id":82,"revoked":null} 
[2026-05-27 12:45:38] local.INFO: User authenticated via bearer token {"user_id":82,"user_email":"emmadesigner@example.com"} 
[2026-05-27 12:45:38] local.INFO: Returning campaigns for user {"user_id":82,"campaign_count":1,"statuses":["live"]} 
[2026-05-27 12:46:06] local.INFO: ParseBearerToken middleware invoked {"path":"/api/v2/campaign","method":"GET","has_auth_header":true,"auth_header_preview":"Bearer 200|77cHU4PJJLVMbsndnt3...","is_bearer":true} 
[2026-05-27 12:46:06] local.INFO: Extracted bearer token {"token_preview":"200|77cHU4...","token_length":52} 
[2026-05-27 12:46:06] local.INFO: Found personal access token {"token_id":200,"user_id":82,"revoked":null} 
[2026-05-27 12:46:06] local.INFO: User authenticated via bearer token {"user_id":82,"user_email":"emmadesigner@example.com"} 
[2026-05-27 12:46:06] local.INFO: Returning campaigns for user {"user_id":82,"campaign_count":1,"statuses":["live"]} 
[2026-05-27 12:46:07] local.INFO: ParseBearerToken middleware invoked {"path":"/api/v2/campaign","method":"GET","has_auth_header":true,"auth_header_preview":"Bearer 200|77cHU4PJJLVMbsndnt3...","is_bearer":true} 
[2026-05-27 12:46:07] local.INFO: Extracted bearer token {"token_preview":"200|77cHU4...","token_length":52} 
[2026-05-27 12:46:07] local.INFO: Found personal access token {"token_id":200,"user_id":82,"revoked":null} 
[2026-05-27 12:46:07] local.INFO: User authenticated via bearer token {"user_id":82,"user_email":"emmadesigner@example.com"} 
[2026-05-27 12:46:07] local.INFO: Returning campaigns for user {"user_id":82,"campaign_count":1,"statuses":["live"]} 
[2026-05-27 12:46:36] local.INFO: ParseBearerToken middleware invoked {"path":"/api/v2/campaign","method":"GET","has_auth_header":true,"auth_header_preview":"Bearer 200|77cHU4PJJLVMbsndnt3...","is_bearer":true} 
[2026-05-27 12:46:36] local.INFO: Extracted bearer token {"token_preview":"200|77cHU4...","token_length":52} 
[2026-05-27 12:46:36] local.INFO: Found personal access token {"token_id":200,"user_id":82,"revoked":null} 
[2026-05-27 12:46:36] local.INFO: User authenticated via bearer token {"user_id":82,"user_email":"emmadesigner@example.com"} 
[2026-05-27 12:46:36] local.INFO: Returning campaigns for user {"user_id":82,"campaign_count":1,"statuses":["live"]} 
[2026-05-27 12:46:37] local.INFO: ParseBearerToken middleware invoked {"path":"/api/v2/campaign","method":"GET","has_auth_header":true,"auth_header_preview":"Bearer 200|77cHU4PJJLVMbsndnt3...","is_bearer":true} 
[2026-05-27 12:46:37] local.INFO: Extracted bearer token {"token_preview":"200|77cHU4...","token_length":52} 
[2026-05-27 12:46:37] local.INFO: Found personal access token {"token_id":200,"user_id":82,"revoked":null} 
[2026-05-27 12:46:37] local.INFO: User authenticated via bearer token {"user_id":82,"user_email":"emmadesigner@example.com"} 
[2026-05-27 12:46:37] local.INFO: Returning campaigns for user {"user_id":82,"campaign_count":1,"statuses":["live"]} 
[2026-05-27 12:47:06] local.INFO: ParseBearerToken middleware invoked {"path":"/api/v2/campaign","method":"GET","has_auth_header":true,"auth_header_preview":"Bearer 200|77cHU4PJJLVMbsndnt3...","is_bearer":true} 
[2026-05-27 12:47:06] local.INFO: Extracted bearer token {"token_preview":"200|77cHU4...","token_length":52} 
[2026-05-27 12:47:06] local.INFO: Found personal access token {"token_id":200,"user_id":82,"revoked":null} 
[2026-05-27 12:47:06] local.INFO: User authenticated via bearer token {"user_id":82,"user_email":"emmadesigner@example.com"} 
[2026-05-27 12:47:06] local.INFO: Returning campaigns for user {"user_id":82,"campaign_count":1,"statuses":["live"]} 
[2026-05-27 12:47:07] local.INFO: ParseBearerToken middleware invoked {"path":"/api/v2/campaign","method":"GET","has_auth_header":true,"auth_header_preview":"Bearer 200|77cHU4PJJLVMbsndnt3...","is_bearer":true} 
[2026-05-27 12:47:07] local.INFO: Extracted bearer token {"token_preview":"200|77cHU4...","token_length":52} 
[2026-05-27 12:47:07] local.INFO: Found personal access token {"token_id":200,"user_id":82,"revoked":null} 
[2026-05-27 12:47:07] local.INFO: User authenticated via bearer token {"user_id":82,"user_email":"emmadesigner@example.com"} 
[2026-05-27 12:47:07] local.INFO: Returning campaigns for user {"user_id":82,"campaign_count":1,"statuses":["live"]} 
[2026-05-27 12:47:36] local.INFO: ParseBearerToken middleware invoked {"path":"/api/v2/campaign","method":"GET","has_auth_header":true,"auth_header_preview":"Bearer 200|77cHU4PJJLVMbsndnt3...","is_bearer":true} 
[2026-05-27 12:47:36] local.INFO: Extracted bearer token {"token_preview":"200|77cHU4...","token_length":52} 
[2026-05-27 12:47:36] local.INFO: Found personal access token {"token_id":200,"user_id":82,"revoked":null} 
[2026-05-27 12:47:36] local.INFO: User authenticated via bearer token {"user_id":82,"user_email":"emmadesigner@example.com"} 
[2026-05-27 12:47:36] local.INFO: Returning campaigns for user {"user_id":82,"campaign_count":1,"statuses":["live"]} 
[2026-05-27 12:47:37] local.INFO: ParseBearerToken middleware invoked {"path":"/api/v2/campaign","method":"GET","has_auth_header":true,"auth_header_preview":"Bearer 200|77cHU4PJJLVMbsndnt3...","is_bearer":true} 
[2026-05-27 12:47:37] local.INFO: Extracted bearer token {"token_preview":"200|77cHU4...","token_length":52} 
[2026-05-27 12:47:37] local.INFO: Found personal access token {"token_id":200,"user_id":82,"revoked":null} 
[2026-05-27 12:47:37] local.INFO: User authenticated via bearer token {"user_id":82,"user_email":"emmadesigner@example.com"} 
[2026-05-27 12:47:37] local.INFO: Returning campaigns for user {"user_id":82,"campaign_count":1,"statuses":["live"]} 
[2026-05-27 12:48:06] local.INFO: ParseBearerToken middleware invoked {"path":"/api/v2/campaign","method":"GET","has_auth_header":true,"auth_header_preview":"Bearer 200|77cHU4PJJLVMbsndnt3...","is_bearer":true} 
[2026-05-27 12:48:06] local.INFO: Extracted bearer token {"token_preview":"200|77cHU4...","token_length":52} 
[2026-05-27 12:48:06] local.INFO: Found personal access token {"token_id":200,"user_id":82,"revoked":null} 
[2026-05-27 12:48:06] local.INFO: User authenticated via bearer token {"user_id":82,"user_email":"emmadesigner@example.com"} 
[2026-05-27 12:48:06] local.INFO: Returning campaigns for user {"user_id":82,"campaign_count":1,"statuses":["live"]} 
[2026-05-27 12:48:08] local.INFO: ParseBearerToken middleware invoked {"path":"/api/v2/campaign","method":"GET","has_auth_header":true,"auth_header_preview":"Bearer 200|77cHU4PJJLVMbsndnt3...","is_bearer":true} 
[2026-05-27 12:48:08] local.INFO: Extracted bearer token {"token_preview":"200|77cHU4...","token_length":52} 
[2026-05-27 12:48:08] local.INFO: Found personal access token {"token_id":200,"user_id":82,"revoked":null} 
[2026-05-27 12:48:08] local.INFO: User authenticated via bearer token {"user_id":82,"user_email":"emmadesigner@example.com"} 
[2026-05-27 12:48:08] local.INFO: Returning campaigns for user {"user_id":82,"campaign_count":1,"statuses":["live"]} 
[2026-05-27 12:48:36] local.INFO: ParseBearerToken middleware invoked {"path":"/api/v2/campaign","method":"GET","has_auth_header":true,"auth_header_preview":"Bearer 200|77cHU4PJJLVMbsndnt3...","is_bearer":true} 
[2026-05-27 12:48:36] local.INFO: Extracted bearer token {"token_preview":"200|77cHU4...","token_length":52} 
[2026-05-27 12:48:36] local.INFO: Found personal access token {"token_id":200,"user_id":82,"revoked":null} 
[2026-05-27 12:48:36] local.INFO: User authenticated via bearer token {"user_id":82,"user_email":"emmadesigner@example.com"} 
[2026-05-27 12:48:36] local.INFO: Returning campaigns for user {"user_id":82,"campaign_count":1,"statuses":["live"]} 
[2026-05-27 12:48:37] local.INFO: ParseBearerToken middleware invoked {"path":"/api/v2/campaign","method":"GET","has_auth_header":true,"auth_header_preview":"Bearer 200|77cHU4PJJLVMbsndnt3...","is_bearer":true} 
[2026-05-27 12:48:37] local.INFO: Extracted bearer token {"token_preview":"200|77cHU4...","token_length":52} 
[2026-05-27 12:48:37] local.INFO: Found personal access token {"token_id":200,"user_id":82,"revoked":null} 
[2026-05-27 12:48:37] local.INFO: User authenticated via bearer token {"user_id":82,"user_email":"emmadesigner@example.com"} 
[2026-05-27 12:48:37] local.INFO: Returning campaigns for user {"user_id":82,"campaign_count":1,"statuses":["live"]} 
[2026-05-27 12:49:18] local.INFO: ParseBearerToken middleware invoked {"path":"/api/v2/campaign","method":"GET","has_auth_header":true,"auth_header_preview":"Bearer 200|77cHU4PJJLVMbsndnt3...","is_bearer":true} 
[2026-05-27 12:49:18] local.INFO: Extracted bearer token {"token_preview":"200|77cHU4...","token_length":52} 
[2026-05-27 12:49:18] local.INFO: Found personal access token {"token_id":200,"user_id":82,"revoked":null} 
[2026-05-27 12:49:18] local.INFO: User authenticated via bearer token {"user_id":82,"user_email":"emmadesigner@example.com"} 
[2026-05-27 12:49:18] local.INFO: Returning campaigns for user {"user_id":82,"campaign_count":1,"statuses":["live"]} 
[2026-05-27 12:49:20] local.INFO: ParseBearerToken middleware invoked {"path":"/api/v2/campaign","method":"GET","has_auth_header":true,"auth_header_preview":"Bearer 200|77cHU4PJJLVMbsndnt3...","is_bearer":true} 
[2026-05-27 12:49:20] local.INFO: Extracted bearer token {"token_preview":"200|77cHU4...","token_length":52} 
[2026-05-27 12:49:20] local.INFO: Found personal access token {"token_id":200,"user_id":82,"revoked":null} 
[2026-05-27 12:49:20] local.INFO: User authenticated via bearer token {"user_id":82,"user_email":"emmadesigner@example.com"} 
[2026-05-27 12:49:20] local.INFO: Returning campaigns for user {"user_id":82,"campaign_count":1,"statuses":["live"]} 
[2026-05-27 12:49:36] local.INFO: ParseBearerToken middleware invoked {"path":"/api/v2/campaign","method":"GET","has_auth_header":true,"auth_header_preview":"Bearer 200|77cHU4PJJLVMbsndnt3...","is_bearer":true} 
[2026-05-27 12:49:36] local.INFO: Extracted bearer token {"token_preview":"200|77cHU4...","token_length":52} 
[2026-05-27 12:49:36] local.INFO: Found personal access token {"token_id":200,"user_id":82,"revoked":null} 
[2026-05-27 12:49:36] local.INFO: User authenticated via bearer token {"user_id":82,"user_email":"emmadesigner@example.com"} 
[2026-05-27 12:49:36] local.INFO: Returning campaigns for user {"user_id":82,"campaign_count":1,"statuses":["live"]} 
[2026-05-27 12:49:36] local.INFO: ParseBearerToken middleware invoked {"path":"/api/v2/campaign","method":"GET","has_auth_header":true,"auth_header_preview":"Bearer 200|77cHU4PJJLVMbsndnt3...","is_bearer":true} 
[2026-05-27 12:49:36] local.INFO: Extracted bearer token {"token_preview":"200|77cHU4...","token_length":52} 
[2026-05-27 12:49:36] local.INFO: Found personal access token {"token_id":200,"user_id":82,"revoked":null} 
[2026-05-27 12:49:36] local.INFO: User authenticated via bearer token {"user_id":82,"user_email":"emmadesigner@example.com"} 
[2026-05-27 12:49:36] local.INFO: Returning campaigns for user {"user_id":82,"campaign_count":1,"statuses":["live"]} 
[2026-05-27 12:50:06] local.INFO: ParseBearerToken middleware invoked {"path":"/api/v2/campaign","method":"GET","has_auth_header":true,"auth_header_preview":"Bearer 200|77cHU4PJJLVMbsndnt3...","is_bearer":true} 
[2026-05-27 12:50:06] local.INFO: Extracted bearer token {"token_preview":"200|77cHU4...","token_length":52} 
[2026-05-27 12:50:06] local.INFO: Found personal access token {"token_id":200,"user_id":82,"revoked":null} 
[2026-05-27 12:50:06] local.INFO: User authenticated via bearer token {"user_id":82,"user_email":"emmadesigner@example.com"} 
[2026-05-27 12:50:06] local.INFO: Returning campaigns for user {"user_id":82,"campaign_count":1,"statuses":["live"]} 
[2026-05-27 12:50:08] local.INFO: ParseBearerToken middleware invoked {"path":"/api/v2/campaign","method":"GET","has_auth_header":true,"auth_header_preview":"Bearer 200|77cHU4PJJLVMbsndnt3...","is_bearer":true} 
[2026-05-27 12:50:08] local.INFO: Extracted bearer token {"token_preview":"200|77cHU4...","token_length":52} 
[2026-05-27 12:50:08] local.INFO: Found personal access token {"token_id":200,"user_id":82,"revoked":null} 
[2026-05-27 12:50:08] local.INFO: User authenticated via bearer token {"user_id":82,"user_email":"emmadesigner@example.com"} 
[2026-05-27 12:50:08] local.INFO: Returning campaigns for user {"user_id":82,"campaign_count":1,"statuses":["live"]} 
[2026-05-27 12:50:37] local.INFO: ParseBearerToken middleware invoked {"path":"/api/v2/campaign","method":"GET","has_auth_header":true,"auth_header_preview":"Bearer 200|77cHU4PJJLVMbsndnt3...","is_bearer":true} 
[2026-05-27 12:50:37] local.INFO: Extracted bearer token {"token_preview":"200|77cHU4...","token_length":52} 
[2026-05-27 12:50:37] local.INFO: Found personal access token {"token_id":200,"user_id":82,"revoked":null} 
[2026-05-27 12:50:37] local.INFO: User authenticated via bearer token {"user_id":82,"user_email":"emmadesigner@example.com"} 
[2026-05-27 12:50:37] local.INFO: Returning campaigns for user {"user_id":82,"campaign_count":1,"statuses":["live"]} 
[2026-05-27 12:50:39] local.INFO: ParseBearerToken middleware invoked {"path":"/api/v2/campaign","method":"GET","has_auth_header":true,"auth_header_preview":"Bearer 200|77cHU4PJJLVMbsndnt3...","is_bearer":true} 
[2026-05-27 12:50:39] local.INFO: Extracted bearer token {"token_preview":"200|77cHU4...","token_length":52} 
[2026-05-27 12:50:39] local.INFO: Found personal access token {"token_id":200,"user_id":82,"revoked":null} 
[2026-05-27 12:50:39] local.INFO: User authenticated via bearer token {"user_id":82,"user_email":"emmadesigner@example.com"} 
[2026-05-27 12:50:39] local.INFO: Returning campaigns for user {"user_id":82,"campaign_count":1,"statuses":["live"]} 
[2026-05-27 12:51:08] local.INFO: ParseBearerToken middleware invoked {"path":"/api/v2/campaign","method":"GET","has_auth_header":true,"auth_header_preview":"Bearer 200|77cHU4PJJLVMbsndnt3...","is_bearer":true} 
[2026-05-27 12:51:08] local.INFO: Extracted bearer token {"token_preview":"200|77cHU4...","token_length":52} 
[2026-05-27 12:51:08] local.INFO: Found personal access token {"token_id":200,"user_id":82,"revoked":null} 
[2026-05-27 12:51:08] local.INFO: User authenticated via bearer token {"user_id":82,"user_email":"emmadesigner@example.com"} 
[2026-05-27 12:51:08] local.INFO: Returning campaigns for user {"user_id":82,"campaign_count":1,"statuses":["live"]} 
[2026-05-27 12:51:10] local.INFO: ParseBearerToken middleware invoked {"path":"/api/v2/campaign","method":"GET","has_auth_header":true,"auth_header_preview":"Bearer 200|77cHU4PJJLVMbsndnt3...","is_bearer":true} 
[2026-05-27 12:51:10] local.INFO: Extracted bearer token {"token_preview":"200|77cHU4...","token_length":52} 
[2026-05-27 12:51:10] local.INFO: Found personal access token {"token_id":200,"user_id":82,"revoked":null} 
[2026-05-27 12:51:10] local.INFO: User authenticated via bearer token {"user_id":82,"user_email":"emmadesigner@example.com"} 
[2026-05-27 12:51:10] local.INFO: Returning campaigns for user {"user_id":82,"campaign_count":1,"statuses":["live"]} 
[2026-05-27 12:51:40] local.INFO: ParseBearerToken middleware invoked {"path":"/api/v2/campaign","method":"GET","has_auth_header":true,"auth_header_preview":"Bearer 200|77cHU4PJJLVMbsndnt3...","is_bearer":true} 
[2026-05-27 12:51:40] local.INFO: Extracted bearer token {"token_preview":"200|77cHU4...","token_length":52} 
[2026-05-27 12:51:40] local.INFO: Found personal access token {"token_id":200,"user_id":82,"revoked":null} 
[2026-05-27 12:51:40] local.INFO: User authenticated via bearer token {"user_id":82,"user_email":"emmadesigner@example.com"} 
[2026-05-27 12:51:40] local.INFO: Returning campaigns for user {"user_id":82,"campaign_count":1,"statuses":["live"]} 
[2026-05-27 12:51:44] local.INFO: ParseBearerToken middleware invoked {"path":"/api/v2/campaign","method":"GET","has_auth_header":true,"auth_header_preview":"Bearer 200|77cHU4PJJLVMbsndnt3...","is_bearer":true} 
[2026-05-27 12:51:44] local.INFO: Extracted bearer token {"token_preview":"200|77cHU4...","token_length":52} 
[2026-05-27 12:51:44] local.INFO: Found personal access token {"token_id":200,"user_id":82,"revoked":null} 
[2026-05-27 12:51:44] local.INFO: User authenticated via bearer token {"user_id":82,"user_email":"emmadesigner@example.com"} 
[2026-05-27 12:51:44] local.INFO: Returning campaigns for user {"user_id":82,"campaign_count":1,"statuses":["live"]} 
[2026-05-27 12:52:10] local.INFO: ParseBearerToken middleware invoked {"path":"/api/v2/campaign","method":"GET","has_auth_header":true,"auth_header_preview":"Bearer 200|77cHU4PJJLVMbsndnt3...","is_bearer":true} 
[2026-05-27 12:52:10] local.INFO: Extracted bearer token {"token_preview":"200|77cHU4...","token_length":52} 
[2026-05-27 12:52:10] local.INFO: Found personal access token {"token_id":200,"user_id":82,"revoked":null} 
[2026-05-27 12:52:10] local.INFO: User authenticated via bearer token {"user_id":82,"user_email":"emmadesigner@example.com"} 
[2026-05-27 12:52:10] local.INFO: Returning campaigns for user {"user_id":82,"campaign_count":1,"statuses":["live"]} 
[2026-05-27 12:52:37] local.INFO: ParseBearerToken middleware invoked {"path":"/api/v2/campaign","method":"GET","has_auth_header":true,"auth_header_preview":"Bearer 200|77cHU4PJJLVMbsndnt3...","is_bearer":true} 
[2026-05-27 12:52:37] local.INFO: Extracted bearer token {"token_preview":"200|77cHU4...","token_length":52} 
[2026-05-27 12:52:37] local.INFO: Found personal access token {"token_id":200,"user_id":82,"revoked":null} 
[2026-05-27 12:52:37] local.INFO: User authenticated via bearer token {"user_id":82,"user_email":"emmadesigner@example.com"} 
[2026-05-27 12:52:37] local.INFO: Returning campaigns for user {"user_id":82,"campaign_count":1,"statuses":["live"]} 
[2026-05-27 12:52:44] local.INFO: ParseBearerToken middleware invoked {"path":"/api/v2/campaign","method":"GET","has_auth_header":true,"auth_header_preview":"Bearer 200|77cHU4PJJLVMbsndnt3...","is_bearer":true} 
[2026-05-27 12:52:44] local.INFO: Extracted bearer token {"token_preview":"200|77cHU4...","token_length":52} 
[2026-05-27 12:52:44] local.INFO: Found personal access token {"token_id":200,"user_id":82,"revoked":null} 
[2026-05-27 12:52:44] local.INFO: User authenticated via bearer token {"user_id":82,"user_email":"emmadesigner@example.com"} 
[2026-05-27 12:52:44] local.INFO: Returning campaigns for user {"user_id":82,"campaign_count":1,"statuses":["live"]} 
[2026-05-27 12:52:46] local.INFO: ParseBearerToken middleware invoked {"path":"/api/v2/campaign","method":"GET","has_auth_header":true,"auth_header_preview":"Bearer 200|77cHU4PJJLVMbsndnt3...","is_bearer":true} 
[2026-05-27 12:52:46] local.INFO: Extracted bearer token {"token_preview":"200|77cHU4...","token_length":52} 
[2026-05-27 12:52:46] local.INFO: Found personal access token {"token_id":200,"user_id":82,"revoked":null} 
[2026-05-27 12:52:46] local.INFO: User authenticated via bearer token {"user_id":82,"user_email":"emmadesigner@example.com"} 
[2026-05-27 12:52:46] local.INFO: Returning campaigns for user {"user_id":82,"campaign_count":1,"statuses":["live"]} 
[2026-05-27 12:53:07] local.INFO: ParseBearerToken middleware invoked {"path":"/api/v2/campaign","method":"GET","has_auth_header":true,"auth_header_preview":"Bearer 200|77cHU4PJJLVMbsndnt3...","is_bearer":true} 
[2026-05-27 12:53:07] local.INFO: Extracted bearer token {"token_preview":"200|77cHU4...","token_length":52} 
[2026-05-27 12:53:07] local.INFO: Found personal access token {"token_id":200,"user_id":82,"revoked":null} 
[2026-05-27 12:53:07] local.INFO: User authenticated via bearer token {"user_id":82,"user_email":"emmadesigner@example.com"} 
[2026-05-27 12:53:07] local.INFO: Returning campaigns for user {"user_id":82,"campaign_count":1,"statuses":["live"]} 
[2026-05-27 12:53:08] local.INFO: ParseBearerToken middleware invoked {"path":"/api/v2/campaign","method":"GET","has_auth_header":true,"auth_header_preview":"Bearer 200|77cHU4PJJLVMbsndnt3...","is_bearer":true} 
[2026-05-27 12:53:08] local.INFO: Extracted bearer token {"token_preview":"200|77cHU4...","token_length":52} 
[2026-05-27 12:53:08] local.INFO: Found personal access token {"token_id":200,"user_id":82,"revoked":null} 
[2026-05-27 12:53:08] local.INFO: User authenticated via bearer token {"user_id":82,"user_email":"emmadesigner@example.com"} 
[2026-05-27 12:53:08] local.INFO: Returning campaigns for user {"user_id":82,"campaign_count":1,"statuses":["live"]} 
[2026-05-27 12:53:35] local.INFO: ParseBearerToken middleware invoked {"path":"/api/v2/campaign","method":"GET","has_auth_header":true,"auth_header_preview":"Bearer 200|77cHU4PJJLVMbsndnt3...","is_bearer":true} 
[2026-05-27 12:53:35] local.INFO: Extracted bearer token {"token_preview":"200|77cHU4...","token_length":52} 
[2026-05-27 12:53:35] local.INFO: Found personal access token {"token_id":200,"user_id":82,"revoked":null} 
[2026-05-27 12:53:35] local.INFO: User authenticated via bearer token {"user_id":82,"user_email":"emmadesigner@example.com"} 
[2026-05-27 12:53:35] local.INFO: Returning campaigns for user {"user_id":82,"campaign_count":1,"statuses":["live"]} 
[2026-05-27 12:53:36] local.INFO: ParseBearerToken middleware invoked {"path":"/api/v2/campaign","method":"GET","has_auth_header":true,"auth_header_preview":"Bearer 200|77cHU4PJJLVMbsndnt3...","is_bearer":true} 
[2026-05-27 12:53:36] local.INFO: Extracted bearer token {"token_preview":"200|77cHU4...","token_length":52} 
[2026-05-27 12:53:36] local.INFO: Found personal access token {"token_id":200,"user_id":82,"revoked":null} 
[2026-05-27 12:53:36] local.INFO: User authenticated via bearer token {"user_id":82,"user_email":"emmadesigner@example.com"} 
[2026-05-27 12:53:36] local.INFO: Returning campaigns for user {"user_id":82,"campaign_count":1,"statuses":["live"]} 
[2026-05-27 12:54:08] local.INFO: ParseBearerToken middleware invoked {"path":"/api/v2/campaign","method":"GET","has_auth_header":true,"auth_header_preview":"Bearer 200|77cHU4PJJLVMbsndnt3...","is_bearer":true} 
[2026-05-27 12:54:08] local.INFO: Extracted bearer token {"token_preview":"200|77cHU4...","token_length":52} 
[2026-05-27 12:54:08] local.INFO: Found personal access token {"token_id":200,"user_id":82,"revoked":null} 
[2026-05-27 12:54:08] local.INFO: User authenticated via bearer token {"user_id":82,"user_email":"emmadesigner@example.com"} 
[2026-05-27 12:54:08] local.INFO: Returning campaigns for user {"user_id":82,"campaign_count":1,"statuses":["live"]} 
[2026-05-27 12:54:10] local.INFO: ParseBearerToken middleware invoked {"path":"/api/v2/campaign","method":"GET","has_auth_header":true,"auth_header_preview":"Bearer 200|77cHU4PJJLVMbsndnt3...","is_bearer":true} 
[2026-05-27 12:54:10] local.INFO: Extracted bearer token {"token_preview":"200|77cHU4...","token_length":52} 
[2026-05-27 12:54:10] local.INFO: Found personal access token {"token_id":200,"user_id":82,"revoked":null} 
[2026-05-27 12:54:10] local.INFO: User authenticated via bearer token {"user_id":82,"user_email":"emmadesigner@example.com"} 
[2026-05-27 12:54:11] local.INFO: Returning campaigns for user {"user_id":82,"campaign_count":1,"statuses":["live"]} 
[2026-05-27 12:54:35] local.INFO: ParseBearerToken middleware invoked {"path":"/api/v2/campaign","method":"GET","has_auth_header":true,"auth_header_preview":"Bearer 200|77cHU4PJJLVMbsndnt3...","is_bearer":true} 
[2026-05-27 12:54:35] local.INFO: Extracted bearer token {"token_preview":"200|77cHU4...","token_length":52} 
[2026-05-27 12:54:35] local.INFO: Found personal access token {"token_id":200,"user_id":82,"revoked":null} 
[2026-05-27 12:54:35] local.INFO: User authenticated via bearer token {"user_id":82,"user_email":"emmadesigner@example.com"} 
[2026-05-27 12:54:35] local.INFO: Returning campaigns for user {"user_id":82,"campaign_count":1,"statuses":["live"]} 
[2026-05-27 12:54:37] local.INFO: ParseBearerToken middleware invoked {"path":"/api/v2/campaign","method":"GET","has_auth_header":true,"auth_header_preview":"Bearer 200|77cHU4PJJLVMbsndnt3...","is_bearer":true} 
[2026-05-27 12:54:37] local.INFO: Extracted bearer token {"token_preview":"200|77cHU4...","token_length":52} 
[2026-05-27 12:54:37] local.INFO: Found personal access token {"token_id":200,"user_id":82,"revoked":null} 
[2026-05-27 12:54:37] local.INFO: User authenticated via bearer token {"user_id":82,"user_email":"emmadesigner@example.com"} 
[2026-05-27 12:54:37] local.INFO: Returning campaigns for user {"user_id":82,"campaign_count":1,"statuses":["live"]} 
[2026-05-27 12:55:06] local.INFO: ParseBearerToken middleware invoked {"path":"/api/v2/campaign","method":"GET","has_auth_header":true,"auth_header_preview":"Bearer 200|77cHU4PJJLVMbsndnt3...","is_bearer":true} 
[2026-05-27 12:55:06] local.INFO: Extracted bearer token {"token_preview":"200|77cHU4...","token_length":52} 
[2026-05-27 12:55:06] local.INFO: Found personal access token {"token_id":200,"user_id":82,"revoked":null} 
[2026-05-27 12:55:06] local.INFO: User authenticated via bearer token {"user_id":82,"user_email":"emmadesigner@example.com"} 
[2026-05-27 12:55:06] local.INFO: Returning campaigns for user {"user_id":82,"campaign_count":1,"statuses":["live"]} 
[2026-05-27 12:55:07] local.INFO: ParseBearerToken middleware invoked {"path":"/api/v2/campaign","method":"GET","has_auth_header":true,"auth_header_preview":"Bearer 200|77cHU4PJJLVMbsndnt3...","is_bearer":true} 
[2026-05-27 12:55:07] local.INFO: Extracted bearer token {"token_preview":"200|77cHU4...","token_length":52} 
[2026-05-27 12:55:07] local.INFO: Found personal access token {"token_id":200,"user_id":82,"revoked":null} 
[2026-05-27 12:55:07] local.INFO: User authenticated via bearer token {"user_id":82,"user_email":"emmadesigner@example.com"} 
[2026-05-27 12:55:07] local.INFO: Returning campaigns for user {"user_id":82,"campaign_count":1,"statuses":["live"]} 
[2026-05-27 12:55:36] local.INFO: ParseBearerToken middleware invoked {"path":"/api/v2/campaign","method":"GET","has_auth_header":true,"auth_header_preview":"Bearer 200|77cHU4PJJLVMbsndnt3...","is_bearer":true} 
[2026-05-27 12:55:36] local.INFO: Extracted bearer token {"token_preview":"200|77cHU4...","token_length":52} 
[2026-05-27 12:55:36] local.INFO: Found personal access token {"token_id":200,"user_id":82,"revoked":null} 
[2026-05-27 12:55:36] local.INFO: User authenticated via bearer token {"user_id":82,"user_email":"emmadesigner@example.com"} 
[2026-05-27 12:55:36] local.INFO: Returning campaigns for user {"user_id":82,"campaign_count":1,"statuses":["live"]} 
[2026-05-27 12:55:37] local.INFO: ParseBearerToken middleware invoked {"path":"/api/v2/campaign","method":"GET","has_auth_header":true,"auth_header_preview":"Bearer 200|77cHU4PJJLVMbsndnt3...","is_bearer":true} 
[2026-05-27 12:55:37] local.INFO: Extracted bearer token {"token_preview":"200|77cHU4...","token_length":52} 
[2026-05-27 12:55:37] local.INFO: Found personal access token {"token_id":200,"user_id":82,"revoked":null} 
[2026-05-27 12:55:37] local.INFO: User authenticated via bearer token {"user_id":82,"user_email":"emmadesigner@example.com"} 
[2026-05-27 12:55:37] local.INFO: Returning campaigns for user {"user_id":82,"campaign_count":1,"statuses":["live"]} 
[2026-05-27 12:56:05] local.INFO: ParseBearerToken middleware invoked {"path":"/api/v2/campaign","method":"GET","has_auth_header":true,"auth_header_preview":"Bearer 200|77cHU4PJJLVMbsndnt3...","is_bearer":true} 
[2026-05-27 12:56:06] local.INFO: Extracted bearer token {"token_preview":"200|77cHU4...","token_length":52} 
[2026-05-27 12:56:06] local.INFO: Found personal access token {"token_id":200,"user_id":82,"revoked":null} 
[2026-05-27 12:56:06] local.INFO: User authenticated via bearer token {"user_id":82,"user_email":"emmadesigner@example.com"} 
[2026-05-27 12:56:06] local.INFO: Returning campaigns for user {"user_id":82,"campaign_count":1,"statuses":["live"]} 
[2026-05-27 12:56:06] local.INFO: ParseBearerToken middleware invoked {"path":"/api/v2/campaign","method":"GET","has_auth_header":true,"auth_header_preview":"Bearer 200|77cHU4PJJLVMbsndnt3...","is_bearer":true} 
[2026-05-27 12:56:06] local.INFO: Extracted bearer token {"token_preview":"200|77cHU4...","token_length":52} 
[2026-05-27 12:56:06] local.INFO: Found personal access token {"token_id":200,"user_id":82,"revoked":null} 
[2026-05-27 12:56:06] local.INFO: User authenticated via bearer token {"user_id":82,"user_email":"emmadesigner@example.com"} 
[2026-05-27 12:56:06] local.INFO: Returning campaigns for user {"user_id":82,"campaign_count":1,"statuses":["live"]} 
[2026-05-27 12:56:36] local.INFO: ParseBearerToken middleware invoked {"path":"/api/v2/campaign","method":"GET","has_auth_header":true,"auth_header_preview":"Bearer 200|77cHU4PJJLVMbsndnt3...","is_bearer":true} 
[2026-05-27 12:56:36] local.INFO: Extracted bearer token {"token_preview":"200|77cHU4...","token_length":52} 
[2026-05-27 12:56:36] local.INFO: Found personal access token {"token_id":200,"user_id":82,"revoked":null} 
[2026-05-27 12:56:36] local.INFO: User authenticated via bearer token {"user_id":82,"user_email":"emmadesigner@example.com"} 
[2026-05-27 12:56:36] local.INFO: Returning campaigns for user {"user_id":82,"campaign_count":1,"statuses":["live"]} 
[2026-05-27 12:56:37] local.INFO: ParseBearerToken middleware invoked {"path":"/api/v2/campaign","method":"GET","has_auth_header":true,"auth_header_preview":"Bearer 200|77cHU4PJJLVMbsndnt3...","is_bearer":true} 
[2026-05-27 12:56:37] local.INFO: Extracted bearer token {"token_preview":"200|77cHU4...","token_length":52} 
[2026-05-27 12:56:37] local.INFO: Found personal access token {"token_id":200,"user_id":82,"revoked":null} 
[2026-05-27 12:56:37] local.INFO: User authenticated via bearer token {"user_id":82,"user_email":"emmadesigner@example.com"} 
[2026-05-27 12:56:37] local.INFO: Returning campaigns for user {"user_id":82,"campaign_count":1,"statuses":["live"]} 
[2026-05-27 12:57:05] local.INFO: ParseBearerToken middleware invoked {"path":"/api/v2/campaign","method":"GET","has_auth_header":true,"auth_header_preview":"Bearer 200|77cHU4PJJLVMbsndnt3...","is_bearer":true} 
[2026-05-27 12:57:05] local.INFO: Extracted bearer token {"token_preview":"200|77cHU4...","token_length":52} 
[2026-05-27 12:57:05] local.INFO: Found personal access token {"token_id":200,"user_id":82,"revoked":null} 
[2026-05-27 12:57:05] local.INFO: User authenticated via bearer token {"user_id":82,"user_email":"emmadesigner@example.com"} 
[2026-05-27 12:57:05] local.INFO: Returning campaigns for user {"user_id":82,"campaign_count":1,"statuses":["live"]} 
[2026-05-27 12:57:06] local.INFO: ParseBearerToken middleware invoked {"path":"/api/v2/campaign","method":"GET","has_auth_header":true,"auth_header_preview":"Bearer 200|77cHU4PJJLVMbsndnt3...","is_bearer":true} 
[2026-05-27 12:57:06] local.INFO: Extracted bearer token {"token_preview":"200|77cHU4...","token_length":52} 
[2026-05-27 12:57:06] local.INFO: Found personal access token {"token_id":200,"user_id":82,"revoked":null} 
[2026-05-27 12:57:06] local.INFO: User authenticated via bearer token {"user_id":82,"user_email":"emmadesigner@example.com"} 
[2026-05-27 12:57:06] local.INFO: Returning campaigns for user {"user_id":82,"campaign_count":1,"statuses":["live"]} 
[2026-05-27 12:57:35] local.INFO: ParseBearerToken middleware invoked {"path":"/api/v2/campaign","method":"GET","has_auth_header":true,"auth_header_preview":"Bearer 200|77cHU4PJJLVMbsndnt3...","is_bearer":true} 
[2026-05-27 12:57:35] local.INFO: Extracted bearer token {"token_preview":"200|77cHU4...","token_length":52} 
[2026-05-27 12:57:35] local.INFO: Found personal access token {"token_id":200,"user_id":82,"revoked":null} 
[2026-05-27 12:57:35] local.INFO: User authenticated via bearer token {"user_id":82,"user_email":"emmadesigner@example.com"} 
[2026-05-27 12:57:35] local.INFO: Returning campaigns for user {"user_id":82,"campaign_count":1,"statuses":["live"]} 
[2026-05-27 12:57:36] local.INFO: ParseBearerToken middleware invoked {"path":"/api/v2/campaign","method":"GET","has_auth_header":true,"auth_header_preview":"Bearer 200|77cHU4PJJLVMbsndnt3...","is_bearer":true} 
[2026-05-27 12:57:36] local.INFO: Extracted bearer token {"token_preview":"200|77cHU4...","token_length":52} 
[2026-05-27 12:57:36] local.INFO: Found personal access token {"token_id":200,"user_id":82,"revoked":null} 
[2026-05-27 12:57:36] local.INFO: User authenticated via bearer token {"user_id":82,"user_email":"emmadesigner@example.com"} 
[2026-05-27 12:57:36] local.INFO: Returning campaigns for user {"user_id":82,"campaign_count":1,"statuses":["live"]} 
[2026-05-27 12:58:05] local.INFO: ParseBearerToken middleware invoked {"path":"/api/v2/campaign","method":"GET","has_auth_header":true,"auth_header_preview":"Bearer 200|77cHU4PJJLVMbsndnt3...","is_bearer":true} 
[2026-05-27 12:58:05] local.INFO: Extracted bearer token {"token_preview":"200|77cHU4...","token_length":52} 
[2026-05-27 12:58:05] local.INFO: Found personal access token {"token_id":200,"user_id":82,"revoked":null} 
[2026-05-27 12:58:05] local.INFO: User authenticated via bearer token {"user_id":82,"user_email":"emmadesigner@example.com"} 
[2026-05-27 12:58:05] local.INFO: Returning campaigns for user {"user_id":82,"campaign_count":1,"statuses":["live"]} 
[2026-05-27 12:58:06] local.INFO: ParseBearerToken middleware invoked {"path":"/api/v2/campaign","method":"GET","has_auth_header":true,"auth_header_preview":"Bearer 200|77cHU4PJJLVMbsndnt3...","is_bearer":true} 
[2026-05-27 12:58:06] local.INFO: Extracted bearer token {"token_preview":"200|77cHU4...","token_length":52} 
[2026-05-27 12:58:06] local.INFO: Found personal access token {"token_id":200,"user_id":82,"revoked":null} 
[2026-05-27 12:58:06] local.INFO: User authenticated via bearer token {"user_id":82,"user_email":"emmadesigner@example.com"} 
[2026-05-27 12:58:06] local.INFO: Returning campaigns for user {"user_id":82,"campaign_count":1,"statuses":["live"]} 
[2026-05-27 12:58:35] local.INFO: ParseBearerToken middleware invoked {"path":"/api/v2/campaign","method":"GET","has_auth_header":true,"auth_header_preview":"Bearer 200|77cHU4PJJLVMbsndnt3...","is_bearer":true} 
[2026-05-27 12:58:35] local.INFO: Extracted bearer token {"token_preview":"200|77cHU4...","token_length":52} 
[2026-05-27 12:58:35] local.INFO: Found personal access token {"token_id":200,"user_id":82,"revoked":null} 
[2026-05-27 12:58:35] local.INFO: User authenticated via bearer token {"user_id":82,"user_email":"emmadesigner@example.com"} 
[2026-05-27 12:58:35] local.INFO: Returning campaigns for user {"user_id":82,"campaign_count":1,"statuses":["live"]} 
[2026-05-27 12:58:36] local.INFO: ParseBearerToken middleware invoked {"path":"/api/v2/campaign","method":"GET","has_auth_header":true,"auth_header_preview":"Bearer 200|77cHU4PJJLVMbsndnt3...","is_bearer":true} 
[2026-05-27 12:58:36] local.INFO: Extracted bearer token {"token_preview":"200|77cHU4...","token_length":52} 
[2026-05-27 12:58:36] local.INFO: Found personal access token {"token_id":200,"user_id":82,"revoked":null} 
[2026-05-27 12:58:36] local.INFO: User authenticated via bearer token {"user_id":82,"user_email":"emmadesigner@example.com"} 
[2026-05-27 12:58:36] local.INFO: Returning campaigns for user {"user_id":82,"campaign_count":1,"statuses":["live"]} 
[2026-05-27 12:59:09] local.INFO: ParseBearerToken middleware invoked {"path":"/api/v2/campaign","method":"GET","has_auth_header":true,"auth_header_preview":"Bearer 200|77cHU4PJJLVMbsndnt3...","is_bearer":true} 
[2026-05-27 12:59:09] local.INFO: Extracted bearer token {"token_preview":"200|77cHU4...","token_length":52} 
[2026-05-27 12:59:09] local.INFO: Found personal access token {"token_id":200,"user_id":82,"revoked":null} 
[2026-05-27 12:59:09] local.INFO: User authenticated via bearer token {"user_id":82,"user_email":"emmadesigner@example.com"} 
[2026-05-27 12:59:09] local.INFO: Returning campaigns for user {"user_id":82,"campaign_count":1,"statuses":["live"]} 
[2026-05-27 12:59:10] local.INFO: ParseBearerToken middleware invoked {"path":"/api/v2/campaign","method":"GET","has_auth_header":true,"auth_header_preview":"Bearer 200|77cHU4PJJLVMbsndnt3...","is_bearer":true} 
[2026-05-27 12:59:10] local.INFO: Extracted bearer token {"token_preview":"200|77cHU4...","token_length":52} 
[2026-05-27 12:59:10] local.INFO: Found personal access token {"token_id":200,"user_id":82,"revoked":null} 
[2026-05-27 12:59:10] local.INFO: User authenticated via bearer token {"user_id":82,"user_email":"emmadesigner@example.com"} 
[2026-05-27 12:59:10] local.INFO: Returning campaigns for user {"user_id":82,"campaign_count":1,"statuses":["live"]} 
[2026-05-27 12:59:35] local.INFO: ParseBearerToken middleware invoked {"path":"/api/v2/campaign","method":"GET","has_auth_header":true,"auth_header_preview":"Bearer 200|77cHU4PJJLVMbsndnt3...","is_bearer":true} 
[2026-05-27 12:59:35] local.INFO: Extracted bearer token {"token_preview":"200|77cHU4...","token_length":52} 
[2026-05-27 12:59:35] local.INFO: Found personal access token {"token_id":200,"user_id":82,"revoked":null} 
[2026-05-27 12:59:35] local.INFO: User authenticated via bearer token {"user_id":82,"user_email":"emmadesigner@example.com"} 
[2026-05-27 12:59:35] local.INFO: Returning campaigns for user {"user_id":82,"campaign_count":1,"statuses":["live"]} 
[2026-05-27 12:59:36] local.INFO: ParseBearerToken middleware invoked {"path":"/api/v2/campaign","method":"GET","has_auth_header":true,"auth_header_preview":"Bearer 200|77cHU4PJJLVMbsndnt3...","is_bearer":true} 
[2026-05-27 12:59:36] local.INFO: Extracted bearer token {"token_preview":"200|77cHU4...","token_length":52} 
[2026-05-27 12:59:36] local.INFO: Found personal access token {"token_id":200,"user_id":82,"revoked":null} 
[2026-05-27 12:59:36] local.INFO: User authenticated via bearer token {"user_id":82,"user_email":"emmadesigner@example.com"} 
[2026-05-27 12:59:37] local.INFO: Returning campaigns for user {"user_id":82,"campaign_count":1,"statuses":["live"]} 
[2026-05-27 13:00:05] local.INFO: ParseBearerToken middleware invoked {"path":"/api/v2/campaign","method":"GET","has_auth_header":true,"auth_header_preview":"Bearer 200|77cHU4PJJLVMbsndnt3...","is_bearer":true} 
[2026-05-27 13:00:05] local.INFO: Extracted bearer token {"token_preview":"200|77cHU4...","token_length":52} 
[2026-05-27 13:00:05] local.INFO: Found personal access token {"token_id":200,"user_id":82,"revoked":null} 
[2026-05-27 13:00:05] local.INFO: User authenticated via bearer token {"user_id":82,"user_email":"emmadesigner@example.com"} 
[2026-05-27 13:00:05] local.INFO: Returning campaigns for user {"user_id":82,"campaign_count":1,"statuses":["live"]} 
[2026-05-27 13:00:07] local.INFO: ParseBearerToken middleware invoked {"path":"/api/v2/campaign","method":"GET","has_auth_header":true,"auth_header_preview":"Bearer 200|77cHU4PJJLVMbsndnt3...","is_bearer":true} 
[2026-05-27 13:00:07] local.INFO: Extracted bearer token {"token_preview":"200|77cHU4...","token_length":52} 
[2026-05-27 13:00:07] local.INFO: Found personal access token {"token_id":200,"user_id":82,"revoked":null} 
[2026-05-27 13:00:07] local.INFO: User authenticated via bearer token {"user_id":82,"user_email":"emmadesigner@example.com"} 
[2026-05-27 13:00:07] local.INFO: Returning campaigns for user {"user_id":82,"campaign_count":1,"statuses":["live"]} 
[2026-05-27 13:00:38] local.INFO: ParseBearerToken middleware invoked {"path":"/api/v2/campaign","method":"GET","has_auth_header":true,"auth_header_preview":"Bearer 200|77cHU4PJJLVMbsndnt3...","is_bearer":true} 
[2026-05-27 13:00:38] local.INFO: Extracted bearer token {"token_preview":"200|77cHU4...","token_length":52} 
[2026-05-27 13:00:38] local.INFO: Found personal access token {"token_id":200,"user_id":82,"revoked":null} 
[2026-05-27 13:00:38] local.INFO: User authenticated via bearer token {"user_id":82,"user_email":"emmadesigner@example.com"} 
[2026-05-27 13:00:38] local.INFO: Returning campaigns for user {"user_id":82,"campaign_count":1,"statuses":["live"]} 
[2026-05-27 13:00:40] local.INFO: ParseBearerToken middleware invoked {"path":"/api/v2/campaign","method":"GET","has_auth_header":true,"auth_header_preview":"Bearer 200|77cHU4PJJLVMbsndnt3...","is_bearer":true} 
[2026-05-27 13:00:40] local.INFO: Extracted bearer token {"token_preview":"200|77cHU4...","token_length":52} 
[2026-05-27 13:00:40] local.INFO: Found personal access token {"token_id":200,"user_id":82,"revoked":null} 
[2026-05-27 13:00:40] local.INFO: User authenticated via bearer token {"user_id":82,"user_email":"emmadesigner@example.com"} 
[2026-05-27 13:00:41] local.INFO: Returning campaigns for user {"user_id":82,"campaign_count":1,"statuses":["live"]} 
[2026-05-27 13:01:06] local.INFO: ParseBearerToken middleware invoked {"path":"/api/v2/campaign","method":"GET","has_auth_header":true,"auth_header_preview":"Bearer 200|77cHU4PJJLVMbsndnt3...","is_bearer":true} 
[2026-05-27 13:01:06] local.INFO: Extracted bearer token {"token_preview":"200|77cHU4...","token_length":52} 
[2026-05-27 13:01:06] local.INFO: Found personal access token {"token_id":200,"user_id":82,"revoked":null} 
[2026-05-27 13:01:06] local.INFO: User authenticated via bearer token {"user_id":82,"user_email":"emmadesigner@example.com"} 
[2026-05-27 13:01:06] local.INFO: Returning campaigns for user {"user_id":82,"campaign_count":1,"statuses":["live"]} 
[2026-05-27 13:01:06] local.INFO: ParseBearerToken middleware invoked {"path":"/api/v2/campaign","method":"GET","has_auth_header":true,"auth_header_preview":"Bearer 200|77cHU4PJJLVMbsndnt3...","is_bearer":true} 
[2026-05-27 13:01:06] local.INFO: Extracted bearer token {"token_preview":"200|77cHU4...","token_length":52} 
[2026-05-27 13:01:06] local.INFO: Found personal access token {"token_id":200,"user_id":82,"revoked":null} 
[2026-05-27 13:01:06] local.INFO: User authenticated via bearer token {"user_id":82,"user_email":"emmadesigner@example.com"} 
[2026-05-27 13:01:06] local.INFO: Returning campaigns for user {"user_id":82,"campaign_count":1,"statuses":["live"]} 
[2026-05-27 13:01:36] local.INFO: ParseBearerToken middleware invoked {"path":"/api/v2/campaign","method":"GET","has_auth_header":true,"auth_header_preview":"Bearer 200|77cHU4PJJLVMbsndnt3...","is_bearer":true} 
[2026-05-27 13:01:36] local.INFO: Extracted bearer token {"token_preview":"200|77cHU4...","token_length":52} 
[2026-05-27 13:01:36] local.INFO: Found personal access token {"token_id":200,"user_id":82,"revoked":null} 
[2026-05-27 13:01:36] local.INFO: User authenticated via bearer token {"user_id":82,"user_email":"emmadesigner@example.com"} 
[2026-05-27 13:01:36] local.INFO: Returning campaigns for user {"user_id":82,"campaign_count":1,"statuses":["live"]} 
[2026-05-27 13:01:37] local.INFO: ParseBearerToken middleware invoked {"path":"/api/v2/campaign","method":"GET","has_auth_header":true,"auth_header_preview":"Bearer 200|77cHU4PJJLVMbsndnt3...","is_bearer":true} 
[2026-05-27 13:01:37] local.INFO: Extracted bearer token {"token_preview":"200|77cHU4...","token_length":52} 
[2026-05-27 13:01:37] local.INFO: Found personal access token {"token_id":200,"user_id":82,"revoked":null} 
[2026-05-27 13:01:37] local.INFO: User authenticated via bearer token {"user_id":82,"user_email":"emmadesigner@example.com"} 
[2026-05-27 13:01:37] local.INFO: Returning campaigns for user {"user_id":82,"campaign_count":1,"statuses":["live"]} 
[2026-05-27 13:02:05] local.INFO: ParseBearerToken middleware invoked {"path":"/api/v2/campaign","method":"GET","has_auth_header":true,"auth_header_preview":"Bearer 200|77cHU4PJJLVMbsndnt3...","is_bearer":true} 
[2026-05-27 13:02:05] local.INFO: Extracted bearer token {"token_preview":"200|77cHU4...","token_length":52} 
[2026-05-27 13:02:05] local.INFO: Found personal access token {"token_id":200,"user_id":82,"revoked":null} 
[2026-05-27 13:02:05] local.INFO: User authenticated via bearer token {"user_id":82,"user_email":"emmadesigner@example.com"} 
[2026-05-27 13:02:05] local.INFO: Returning campaigns for user {"user_id":82,"campaign_count":1,"statuses":["live"]} 
[2026-05-27 13:02:06] local.INFO: ParseBearerToken middleware invoked {"path":"/api/v2/campaign","method":"GET","has_auth_header":true,"auth_header_preview":"Bearer 200|77cHU4PJJLVMbsndnt3...","is_bearer":true} 
[2026-05-27 13:02:06] local.INFO: Extracted bearer token {"token_preview":"200|77cHU4...","token_length":52} 
[2026-05-27 13:02:06] local.INFO: Found personal access token {"token_id":200,"user_id":82,"revoked":null} 
[2026-05-27 13:02:06] local.INFO: User authenticated via bearer token {"user_id":82,"user_email":"emmadesigner@example.com"} 
[2026-05-27 13:02:06] local.INFO: Returning campaigns for user {"user_id":82,"campaign_count":1,"statuses":["live"]} 
[2026-05-27 13:02:36] local.INFO: ParseBearerToken middleware invoked {"path":"/api/v2/campaign","method":"GET","has_auth_header":true,"auth_header_preview":"Bearer 200|77cHU4PJJLVMbsndnt3...","is_bearer":true} 
[2026-05-27 13:02:36] local.INFO: Extracted bearer token {"token_preview":"200|77cHU4...","token_length":52} 
[2026-05-27 13:02:36] local.INFO: Found personal access token {"token_id":200,"user_id":82,"revoked":null} 
[2026-05-27 13:02:36] local.INFO: User authenticated via bearer token {"user_id":82,"user_email":"emmadesigner@example.com"} 
[2026-05-27 13:02:36] local.INFO: Returning campaigns for user {"user_id":82,"campaign_count":1,"statuses":["live"]} 
[2026-05-27 13:02:37] local.INFO: ParseBearerToken middleware invoked {"path":"/api/v2/campaign","method":"GET","has_auth_header":true,"auth_header_preview":"Bearer 200|77cHU4PJJLVMbsndnt3...","is_bearer":true} 
[2026-05-27 13:02:37] local.INFO: Extracted bearer token {"token_preview":"200|77cHU4...","token_length":52} 
[2026-05-27 13:02:37] local.INFO: Found personal access token {"token_id":200,"user_id":82,"revoked":null} 
[2026-05-27 13:02:37] local.INFO: User authenticated via bearer token {"user_id":82,"user_email":"emmadesigner@example.com"} 
[2026-05-27 13:02:37] local.INFO: Returning campaigns for user {"user_id":82,"campaign_count":1,"statuses":["live"]} 
[2026-05-27 13:03:05] local.INFO: ParseBearerToken middleware invoked {"path":"/api/v2/campaign","method":"GET","has_auth_header":true,"auth_header_preview":"Bearer 200|77cHU4PJJLVMbsndnt3...","is_bearer":true} 
[2026-05-27 13:03:05] local.INFO: Extracted bearer token {"token_preview":"200|77cHU4...","token_length":52} 
[2026-05-27 13:03:05] local.INFO: Found personal access token {"token_id":200,"user_id":82,"revoked":null} 
[2026-05-27 13:03:05] local.INFO: User authenticated via bearer token {"user_id":82,"user_email":"emmadesigner@example.com"} 
[2026-05-27 13:03:05] local.INFO: Returning campaigns for user {"user_id":82,"campaign_count":1,"statuses":["live"]} 
[2026-05-27 13:03:06] local.INFO: ParseBearerToken middleware invoked {"path":"/api/v2/campaign","method":"GET","has_auth_header":true,"auth_header_preview":"Bearer 200|77cHU4PJJLVMbsndnt3...","is_bearer":true} 
[2026-05-27 13:03:06] local.INFO: Extracted bearer token {"token_preview":"200|77cHU4...","token_length":52} 
[2026-05-27 13:03:06] local.INFO: Found personal access token {"token_id":200,"user_id":82,"revoked":null} 
[2026-05-27 13:03:06] local.INFO: User authenticated via bearer token {"user_id":82,"user_email":"emmadesigner@example.com"} 
[2026-05-27 13:03:06] local.INFO: Returning campaigns for user {"user_id":82,"campaign_count":1,"statuses":["live"]} 
[2026-05-27 13:03:46] local.INFO: ParseBearerToken middleware invoked {"path":"/api/v2/campaign","method":"GET","has_auth_header":true,"auth_header_preview":"Bearer 200|77cHU4PJJLVMbsndnt3...","is_bearer":true} 
[2026-05-27 13:03:46] local.INFO: Extracted bearer token {"token_preview":"200|77cHU4...","token_length":52} 
[2026-05-27 13:03:46] local.INFO: Found personal access token {"token_id":200,"user_id":82,"revoked":null} 
[2026-05-27 13:03:46] local.INFO: User authenticated via bearer token {"user_id":82,"user_email":"emmadesigner@example.com"} 
[2026-05-27 13:03:46] local.INFO: Returning campaigns for user {"user_id":82,"campaign_count":1,"statuses":["live"]} 
[2026-05-27 13:03:47] local.INFO: ParseBearerToken middleware invoked {"path":"/api/v2/campaign","method":"GET","has_auth_header":true,"auth_header_preview":"Bearer 200|77cHU4PJJLVMbsndnt3...","is_bearer":true} 
[2026-05-27 13:03:47] local.INFO: Extracted bearer token {"token_preview":"200|77cHU4...","token_length":52} 
[2026-05-27 13:03:47] local.INFO: Found personal access token {"token_id":200,"user_id":82,"revoked":null} 
[2026-05-27 13:03:47] local.INFO: User authenticated via bearer token {"user_id":82,"user_email":"emmadesigner@example.com"} 
[2026-05-27 13:03:47] local.INFO: Returning campaigns for user {"user_id":82,"campaign_count":1,"statuses":["live"]} 
[2026-05-27 13:04:07] local.INFO: ParseBearerToken middleware invoked {"path":"/api/v2/campaign","method":"GET","has_auth_header":true,"auth_header_preview":"Bearer 200|77cHU4PJJLVMbsndnt3...","is_bearer":true} 
[2026-05-27 13:04:07] local.INFO: Extracted bearer token {"token_preview":"200|77cHU4...","token_length":52} 
[2026-05-27 13:04:07] local.INFO: Found personal access token {"token_id":200,"user_id":82,"revoked":null} 
[2026-05-27 13:04:07] local.INFO: User authenticated via bearer token {"user_id":82,"user_email":"emmadesigner@example.com"} 
[2026-05-27 13:04:07] local.INFO: Returning campaigns for user {"user_id":82,"campaign_count":1,"statuses":["live"]} 
[2026-05-27 13:04:11] local.INFO: ParseBearerToken middleware invoked {"path":"/api/v2/campaign","method":"GET","has_auth_header":true,"auth_header_preview":"Bearer 200|77cHU4PJJLVMbsndnt3...","is_bearer":true} 
[2026-05-27 13:04:11] local.INFO: Extracted bearer token {"token_preview":"200|77cHU4...","token_length":52} 
[2026-05-27 13:04:11] local.INFO: Found personal access token {"token_id":200,"user_id":82,"revoked":null} 
[2026-05-27 13:04:11] local.INFO: User authenticated via bearer token {"user_id":82,"user_email":"emmadesigner@example.com"} 
[2026-05-27 13:04:11] local.INFO: Returning campaigns for user {"user_id":82,"campaign_count":1,"statuses":["live"]} 
[2026-05-27 13:04:36] local.INFO: ParseBearerToken middleware invoked {"path":"/api/v2/campaign","method":"GET","has_auth_header":true,"auth_header_preview":"Bearer 200|77cHU4PJJLVMbsndnt3...","is_bearer":true} 
[2026-05-27 13:04:36] local.INFO: Extracted bearer token {"token_preview":"200|77cHU4...","token_length":52} 
[2026-05-27 13:04:36] local.INFO: Found personal access token {"token_id":200,"user_id":82,"revoked":null} 
[2026-05-27 13:04:36] local.INFO: User authenticated via bearer token {"user_id":82,"user_email":"emmadesigner@example.com"} 
[2026-05-27 13:04:36] local.INFO: Returning campaigns for user {"user_id":82,"campaign_count":1,"statuses":["live"]} 
[2026-05-27 13:04:38] local.INFO: ParseBearerToken middleware invoked {"path":"/api/v2/campaign","method":"GET","has_auth_header":true,"auth_header_preview":"Bearer 200|77cHU4PJJLVMbsndnt3...","is_bearer":true} 
[2026-05-27 13:04:38] local.INFO: Extracted bearer token {"token_preview":"200|77cHU4...","token_length":52} 
[2026-05-27 13:04:38] local.INFO: Found personal access token {"token_id":200,"user_id":82,"revoked":null} 
[2026-05-27 13:04:38] local.INFO: User authenticated via bearer token {"user_id":82,"user_email":"emmadesigner@example.com"} 
[2026-05-27 13:04:38] local.INFO: Returning campaigns for user {"user_id":82,"campaign_count":1,"statuses":["live"]} 
[2026-05-27 13:05:06] local.INFO: ParseBearerToken middleware invoked {"path":"/api/v2/campaign","method":"GET","has_auth_header":true,"auth_header_preview":"Bearer 200|77cHU4PJJLVMbsndnt3...","is_bearer":true} 
[2026-05-27 13:05:06] local.INFO: Extracted bearer token {"token_preview":"200|77cHU4...","token_length":52} 
[2026-05-27 13:05:06] local.INFO: Found personal access token {"token_id":200,"user_id":82,"revoked":null} 
[2026-05-27 13:05:06] local.INFO: User authenticated via bearer token {"user_id":82,"user_email":"emmadesigner@example.com"} 
[2026-05-27 13:05:06] local.INFO: Returning campaigns for user {"user_id":82,"campaign_count":1,"statuses":["live"]} 
[2026-05-27 13:05:08] local.INFO: ParseBearerToken middleware invoked {"path":"/api/v2/campaign","method":"GET","has_auth_header":true,"auth_header_preview":"Bearer 200|77cHU4PJJLVMbsndnt3...","is_bearer":true} 
[2026-05-27 13:05:08] local.INFO: Extracted bearer token {"token_preview":"200|77cHU4...","token_length":52} 
[2026-05-27 13:05:08] local.INFO: Found personal access token {"token_id":200,"user_id":82,"revoked":null} 
[2026-05-27 13:05:08] local.INFO: User authenticated via bearer token {"user_id":82,"user_email":"emmadesigner@example.com"} 
[2026-05-27 13:05:08] local.INFO: Returning campaigns for user {"user_id":82,"campaign_count":1,"statuses":["live"]} 
[2026-05-27 13:05:38] local.INFO: ParseBearerToken middleware invoked {"path":"/api/v2/campaign","method":"GET","has_auth_header":true,"auth_header_preview":"Bearer 200|77cHU4PJJLVMbsndnt3...","is_bearer":true} 
[2026-05-27 13:05:38] local.INFO: Extracted bearer token {"token_preview":"200|77cHU4...","token_length":52} 
[2026-05-27 13:05:38] local.INFO: Found personal access token {"token_id":200,"user_id":82,"revoked":null} 
[2026-05-27 13:05:38] local.INFO: User authenticated via bearer token {"user_id":82,"user_email":"emmadesigner@example.com"} 
[2026-05-27 13:05:38] local.INFO: Returning campaigns for user {"user_id":82,"campaign_count":1,"statuses":["live"]} 
[2026-05-27 13:05:40] local.INFO: ParseBearerToken middleware invoked {"path":"/api/v2/campaign","method":"GET","has_auth_header":true,"auth_header_preview":"Bearer 200|77cHU4PJJLVMbsndnt3...","is_bearer":true} 
[2026-05-27 13:05:40] local.INFO: Extracted bearer token {"token_preview":"200|77cHU4...","token_length":52} 
[2026-05-27 13:05:40] local.INFO: Found personal access token {"token_id":200,"user_id":82,"revoked":null} 
[2026-05-27 13:05:40] local.INFO: User authenticated via bearer token {"user_id":82,"user_email":"emmadesigner@example.com"} 
[2026-05-27 13:05:40] local.INFO: Returning campaigns for user {"user_id":82,"campaign_count":1,"statuses":["live"]} 
[2026-05-27 13:06:05] local.INFO: ParseBearerToken middleware invoked {"path":"/api/v2/campaign","method":"GET","has_auth_header":true,"auth_header_preview":"Bearer 200|77cHU4PJJLVMbsndnt3...","is_bearer":true} 
[2026-05-27 13:06:05] local.INFO: Extracted bearer token {"token_preview":"200|77cHU4...","token_length":52} 
[2026-05-27 13:06:05] local.INFO: Found personal access token {"token_id":200,"user_id":82,"revoked":null} 
[2026-05-27 13:06:05] local.INFO: User authenticated via bearer token {"user_id":82,"user_email":"emmadesigner@example.com"} 
[2026-05-27 13:06:05] local.INFO: Returning campaigns for user {"user_id":82,"campaign_count":1,"statuses":["live"]} 
[2026-05-27 13:06:06] local.INFO: ParseBearerToken middleware invoked {"path":"/api/v2/campaign","method":"GET","has_auth_header":true,"auth_header_preview":"Bearer 200|77cHU4PJJLVMbsndnt3...","is_bearer":true} 
[2026-05-27 13:06:06] local.INFO: Extracted bearer token {"token_preview":"200|77cHU4...","token_length":52} 
[2026-05-27 13:06:06] local.INFO: Found personal access token {"token_id":200,"user_id":82,"revoked":null} 
[2026-05-27 13:06:06] local.INFO: User authenticated via bearer token {"user_id":82,"user_email":"emmadesigner@example.com"} 
[2026-05-27 13:06:06] local.INFO: Returning campaigns for user {"user_id":82,"campaign_count":1,"statuses":["live"]} 
[2026-05-27 13:06:35] local.INFO: ParseBearerToken middleware invoked {"path":"/api/v2/campaign","method":"GET","has_auth_header":true,"auth_header_preview":"Bearer 200|77cHU4PJJLVMbsndnt3...","is_bearer":true} 
[2026-05-27 13:06:35] local.INFO: Extracted bearer token {"token_preview":"200|77cHU4...","token_length":52} 
[2026-05-27 13:06:35] local.INFO: Found personal access token {"token_id":200,"user_id":82,"revoked":null} 
[2026-05-27 13:06:35] local.INFO: User authenticated via bearer token {"user_id":82,"user_email":"emmadesigner@example.com"} 
[2026-05-27 13:06:35] local.INFO: Returning campaigns for user {"user_id":82,"campaign_count":1,"statuses":["live"]} 
[2026-05-27 13:06:36] local.INFO: ParseBearerToken middleware invoked {"path":"/api/v2/campaign","method":"GET","has_auth_header":true,"auth_header_preview":"Bearer 200|77cHU4PJJLVMbsndnt3...","is_bearer":true} 
[2026-05-27 13:06:36] local.INFO: Extracted bearer token {"token_preview":"200|77cHU4...","token_length":52} 
[2026-05-27 13:06:36] local.INFO: Found personal access token {"token_id":200,"user_id":82,"revoked":null} 
[2026-05-27 13:06:36] local.INFO: User authenticated via bearer token {"user_id":82,"user_email":"emmadesigner@example.com"} 
[2026-05-27 13:06:36] local.INFO: Returning campaigns for user {"user_id":82,"campaign_count":1,"statuses":["live"]} 
[2026-05-27 13:07:05] local.INFO: ParseBearerToken middleware invoked {"path":"/api/v2/campaign","method":"GET","has_auth_header":true,"auth_header_preview":"Bearer 200|77cHU4PJJLVMbsndnt3...","is_bearer":true} 
[2026-05-27 13:07:05] local.INFO: Extracted bearer token {"token_preview":"200|77cHU4...","token_length":52} 
[2026-05-27 13:07:05] local.INFO: Found personal access token {"token_id":200,"user_id":82,"revoked":null} 
[2026-05-27 13:07:05] local.INFO: User authenticated via bearer token {"user_id":82,"user_email":"emmadesigner@example.com"} 
[2026-05-27 13:07:05] local.INFO: Returning campaigns for user {"user_id":82,"campaign_count":1,"statuses":["live"]} 
[2026-05-27 13:07:06] local.INFO: ParseBearerToken middleware invoked {"path":"/api/v2/campaign","method":"GET","has_auth_header":true,"auth_header_preview":"Bearer 200|77cHU4PJJLVMbsndnt3...","is_bearer":true} 
[2026-05-27 13:07:06] local.INFO: Extracted bearer token {"token_preview":"200|77cHU4...","token_length":52} 
[2026-05-27 13:07:06] local.INFO: Found personal access token {"token_id":200,"user_id":82,"revoked":null} 
[2026-05-27 13:07:06] local.INFO: User authenticated via bearer token {"user_id":82,"user_email":"emmadesigner@example.com"} 
[2026-05-27 13:07:06] local.INFO: Returning campaigns for user {"user_id":82,"campaign_count":1,"statuses":["live"]} 
[2026-05-27 13:07:37] local.INFO: ParseBearerToken middleware invoked {"path":"/api/v2/campaign","method":"GET","has_auth_header":true,"auth_header_preview":"Bearer 200|77cHU4PJJLVMbsndnt3...","is_bearer":true} 
[2026-05-27 13:07:37] local.INFO: Extracted bearer token {"token_preview":"200|77cHU4...","token_length":52} 
[2026-05-27 13:07:37] local.INFO: Found personal access token {"token_id":200,"user_id":82,"revoked":null} 
[2026-05-27 13:07:37] local.INFO: User authenticated via bearer token {"user_id":82,"user_email":"emmadesigner@example.com"} 
[2026-05-27 13:07:37] local.INFO: Returning campaigns for user {"user_id":82,"campaign_count":1,"statuses":["live"]} 
[2026-05-27 13:07:38] local.INFO: ParseBearerToken middleware invoked {"path":"/api/v2/campaign","method":"GET","has_auth_header":true,"auth_header_preview":"Bearer 200|77cHU4PJJLVMbsndnt3...","is_bearer":true} 
[2026-05-27 13:07:38] local.INFO: Extracted bearer token {"token_preview":"200|77cHU4...","token_length":52} 
[2026-05-27 13:07:38] local.INFO: Found personal access token {"token_id":200,"user_id":82,"revoked":null} 
[2026-05-27 13:07:38] local.INFO: User authenticated via bearer token {"user_id":82,"user_email":"emmadesigner@example.com"} 
[2026-05-27 13:07:38] local.INFO: Returning campaigns for user {"user_id":82,"campaign_count":1,"statuses":["live"]} 
[2026-05-27 13:08:07] local.INFO: ParseBearerToken middleware invoked {"path":"/api/v2/campaign","method":"GET","has_auth_header":true,"auth_header_preview":"Bearer 200|77cHU4PJJLVMbsndnt3...","is_bearer":true} 
[2026-05-27 13:08:07] local.INFO: Extracted bearer token {"token_preview":"200|77cHU4...","token_length":52} 
[2026-05-27 13:08:07] local.INFO: Found personal access token {"token_id":200,"user_id":82,"revoked":null} 
[2026-05-27 13:08:07] local.INFO: User authenticated via bearer token {"user_id":82,"user_email":"emmadesigner@example.com"} 
[2026-05-27 13:08:07] local.INFO: Returning campaigns for user {"user_id":82,"campaign_count":1,"statuses":["live"]} 
[2026-05-27 13:08:08] local.INFO: ParseBearerToken middleware invoked {"path":"/api/v2/campaign","method":"GET","has_auth_header":true,"auth_header_preview":"Bearer 200|77cHU4PJJLVMbsndnt3...","is_bearer":true} 
[2026-05-27 13:08:08] local.INFO: Extracted bearer token {"token_preview":"200|77cHU4...","token_length":52} 
[2026-05-27 13:08:08] local.INFO: Found personal access token {"token_id":200,"user_id":82,"revoked":null} 
[2026-05-27 13:08:08] local.INFO: User authenticated via bearer token {"user_id":82,"user_email":"emmadesigner@example.com"} 
[2026-05-27 13:08:08] local.INFO: Returning campaigns for user {"user_id":82,"campaign_count":1,"statuses":["live"]} 
[2026-05-27 13:08:37] local.INFO: ParseBearerToken middleware invoked {"path":"/api/v2/campaign","method":"GET","has_auth_header":true,"auth_header_preview":"Bearer 200|77cHU4PJJLVMbsndnt3...","is_bearer":true} 
[2026-05-27 13:08:37] local.INFO: Extracted bearer token {"token_preview":"200|77cHU4...","token_length":52} 
[2026-05-27 13:08:37] local.INFO: Found personal access token {"token_id":200,"user_id":82,"revoked":null} 
[2026-05-27 13:08:37] local.INFO: User authenticated via bearer token {"user_id":82,"user_email":"emmadesigner@example.com"} 
[2026-05-27 13:08:37] local.INFO: Returning campaigns for user {"user_id":82,"campaign_count":1,"statuses":["live"]} 
[2026-05-27 13:08:37] local.INFO: ParseBearerToken middleware invoked {"path":"/api/v2/campaign","method":"GET","has_auth_header":true,"auth_header_preview":"Bearer 200|77cHU4PJJLVMbsndnt3...","is_bearer":true} 
[2026-05-27 13:08:37] local.INFO: Extracted bearer token {"token_preview":"200|77cHU4...","token_length":52} 
[2026-05-27 13:08:37] local.INFO: Found personal access token {"token_id":200,"user_id":82,"revoked":null} 
[2026-05-27 13:08:37] local.INFO: User authenticated via bearer token {"user_id":82,"user_email":"emmadesigner@example.com"} 
[2026-05-27 13:08:37] local.INFO: Returning campaigns for user {"user_id":82,"campaign_count":1,"statuses":["live"]} 
[2026-05-27 13:09:11] local.INFO: ParseBearerToken middleware invoked {"path":"/api/v2/campaign","method":"GET","has_auth_header":true,"auth_header_preview":"Bearer 200|77cHU4PJJLVMbsndnt3...","is_bearer":true} 
[2026-05-27 13:09:11] local.INFO: Extracted bearer token {"token_preview":"200|77cHU4...","token_length":52} 
[2026-05-27 13:09:11] local.INFO: Found personal access token {"token_id":200,"user_id":82,"revoked":null} 
[2026-05-27 13:09:11] local.INFO: User authenticated via bearer token {"user_id":82,"user_email":"emmadesigner@example.com"} 
[2026-05-27 13:09:11] local.INFO: Returning campaigns for user {"user_id":82,"campaign_count":1,"statuses":["live"]} 
[2026-05-27 13:09:12] local.INFO: ParseBearerToken middleware invoked {"path":"/api/v2/campaign","method":"GET","has_auth_header":true,"auth_header_preview":"Bearer 200|77cHU4PJJLVMbsndnt3...","is_bearer":true} 
[2026-05-27 13:09:12] local.INFO: Extracted bearer token {"token_preview":"200|77cHU4...","token_length":52} 
[2026-05-27 13:09:12] local.INFO: Found personal access token {"token_id":200,"user_id":82,"revoked":null} 
[2026-05-27 13:09:12] local.INFO: User authenticated via bearer token {"user_id":82,"user_email":"emmadesigner@example.com"} 
[2026-05-27 13:09:12] local.INFO: Returning campaigns for user {"user_id":82,"campaign_count":1,"statuses":["live"]} 
[2026-05-27 13:09:36] local.INFO: ParseBearerToken middleware invoked {"path":"/api/v2/campaign","method":"GET","has_auth_header":true,"auth_header_preview":"Bearer 200|77cHU4PJJLVMbsndnt3...","is_bearer":true} 
[2026-05-27 13:09:36] local.INFO: Extracted bearer token {"token_preview":"200|77cHU4...","token_length":52} 
[2026-05-27 13:09:36] local.INFO: Found personal access token {"token_id":200,"user_id":82,"revoked":null} 
[2026-05-27 13:09:36] local.INFO: User authenticated via bearer token {"user_id":82,"user_email":"emmadesigner@example.com"} 
[2026-05-27 13:09:36] local.INFO: Returning campaigns for user {"user_id":82,"campaign_count":1,"statuses":["live"]} 
[2026-05-27 13:09:36] local.INFO: ParseBearerToken middleware invoked {"path":"/api/v2/campaign","method":"GET","has_auth_header":true,"auth_header_preview":"Bearer 200|77cHU4PJJLVMbsndnt3...","is_bearer":true} 
[2026-05-27 13:09:36] local.INFO: Extracted bearer token {"token_preview":"200|77cHU4...","token_length":52} 
[2026-05-27 13:09:36] local.INFO: Found personal access token {"token_id":200,"user_id":82,"revoked":null} 
[2026-05-27 13:09:36] local.INFO: User authenticated via bearer token {"user_id":82,"user_email":"emmadesigner@example.com"} 
[2026-05-27 13:09:36] local.INFO: Returning campaigns for user {"user_id":82,"campaign_count":1,"statuses":["live"]} 
[2026-05-27 13:10:08] local.INFO: ParseBearerToken middleware invoked {"path":"/api/v2/campaign","method":"GET","has_auth_header":true,"auth_header_preview":"Bearer 200|77cHU4PJJLVMbsndnt3...","is_bearer":true} 
[2026-05-27 13:10:08] local.INFO: Extracted bearer token {"token_preview":"200|77cHU4...","token_length":52} 
[2026-05-27 13:10:08] local.INFO: Found personal access token {"token_id":200,"user_id":82,"revoked":null} 
[2026-05-27 13:10:08] local.INFO: User authenticated via bearer token {"user_id":82,"user_email":"emmadesigner@example.com"} 
[2026-05-27 13:10:08] local.INFO: Returning campaigns for user {"user_id":82,"campaign_count":1,"statuses":["live"]} 
[2026-05-27 13:10:09] local.INFO: ParseBearerToken middleware invoked {"path":"/api/v2/campaign","method":"GET","has_auth_header":true,"auth_header_preview":"Bearer 200|77cHU4PJJLVMbsndnt3...","is_bearer":true} 
[2026-05-27 13:10:09] local.INFO: Extracted bearer token {"token_preview":"200|77cHU4...","token_length":52} 
[2026-05-27 13:10:09] local.INFO: Found personal access token {"token_id":200,"user_id":82,"revoked":null} 
[2026-05-27 13:10:09] local.INFO: User authenticated via bearer token {"user_id":82,"user_email":"emmadesigner@example.com"} 
[2026-05-27 13:10:09] local.INFO: Returning campaigns for user {"user_id":82,"campaign_count":1,"statuses":["live"]} 
[2026-05-27 13:10:39] local.INFO: ParseBearerToken middleware invoked {"path":"/api/v2/campaign","method":"GET","has_auth_header":true,"auth_header_preview":"Bearer 200|77cHU4PJJLVMbsndnt3...","is_bearer":true} 
[2026-05-27 13:10:39] local.INFO: Extracted bearer token {"token_preview":"200|77cHU4...","token_length":52} 
[2026-05-27 13:10:39] local.INFO: Found personal access token {"token_id":200,"user_id":82,"revoked":null} 
[2026-05-27 13:10:39] local.INFO: User authenticated via bearer token {"user_id":82,"user_email":"emmadesigner@example.com"} 
[2026-05-27 13:10:39] local.INFO: Returning campaigns for user {"user_id":82,"campaign_count":1,"statuses":["live"]} 
[2026-05-27 13:10:43] local.INFO: ParseBearerToken middleware invoked {"path":"/api/v2/campaign","method":"GET","has_auth_header":true,"auth_header_preview":"Bearer 200|77cHU4PJJLVMbsndnt3...","is_bearer":true} 
[2026-05-27 13:10:43] local.INFO: Extracted bearer token {"token_preview":"200|77cHU4...","token_length":52} 
[2026-05-27 13:10:43] local.INFO: Found personal access token {"token_id":200,"user_id":82,"revoked":null} 
[2026-05-27 13:10:43] local.INFO: User authenticated via bearer token {"user_id":82,"user_email":"emmadesigner@example.com"} 
[2026-05-27 13:10:43] local.INFO: Returning campaigns for user {"user_id":82,"campaign_count":1,"statuses":["live"]} 
[2026-05-27 13:11:06] local.INFO: ParseBearerToken middleware invoked {"path":"/api/v2/campaign","method":"GET","has_auth_header":true,"auth_header_preview":"Bearer 200|77cHU4PJJLVMbsndnt3...","is_bearer":true} 
[2026-05-27 13:11:06] local.INFO: Extracted bearer token {"token_preview":"200|77cHU4...","token_length":52} 
[2026-05-27 13:11:06] local.INFO: Found personal access token {"token_id":200,"user_id":82,"revoked":null} 
[2026-05-27 13:11:06] local.INFO: User authenticated via bearer token {"user_id":82,"user_email":"emmadesigner@example.com"} 
[2026-05-27 13:11:06] local.INFO: Returning campaigns for user {"user_id":82,"campaign_count":1,"statuses":["live"]} 
[2026-05-27 13:11:07] local.INFO: ParseBearerToken middleware invoked {"path":"/api/v2/campaign","method":"GET","has_auth_header":true,"auth_header_preview":"Bearer 200|77cHU4PJJLVMbsndnt3...","is_bearer":true} 
[2026-05-27 13:11:07] local.INFO: Extracted bearer token {"token_preview":"200|77cHU4...","token_length":52} 
[2026-05-27 13:11:07] local.INFO: Found personal access token {"token_id":200,"user_id":82,"revoked":null} 
[2026-05-27 13:11:07] local.INFO: User authenticated via bearer token {"user_id":82,"user_email":"emmadesigner@example.com"} 
[2026-05-27 13:11:07] local.INFO: Returning campaigns for user {"user_id":82,"campaign_count":1,"statuses":["live"]} 
[2026-05-27 13:11:35] local.INFO: ParseBearerToken middleware invoked {"path":"/api/v2/campaign","method":"GET","has_auth_header":true,"auth_header_preview":"Bearer 200|77cHU4PJJLVMbsndnt3...","is_bearer":true} 
[2026-05-27 13:11:35] local.INFO: Extracted bearer token {"token_preview":"200|77cHU4...","token_length":52} 
[2026-05-27 13:11:35] local.INFO: Found personal access token {"token_id":200,"user_id":82,"revoked":null} 
[2026-05-27 13:11:35] local.INFO: User authenticated via bearer token {"user_id":82,"user_email":"emmadesigner@example.com"} 
[2026-05-27 13:11:35] local.INFO: Returning campaigns for user {"user_id":82,"campaign_count":1,"statuses":["live"]} 
[2026-05-27 13:11:36] local.INFO: ParseBearerToken middleware invoked {"path":"/api/v2/campaign","method":"GET","has_auth_header":true,"auth_header_preview":"Bearer 200|77cHU4PJJLVMbsndnt3...","is_bearer":true} 
[2026-05-27 13:11:36] local.INFO: Extracted bearer token {"token_preview":"200|77cHU4...","token_length":52} 
[2026-05-27 13:11:36] local.INFO: Found personal access token {"token_id":200,"user_id":82,"revoked":null} 
[2026-05-27 13:11:36] local.INFO: User authenticated via bearer token {"user_id":82,"user_email":"emmadesigner@example.com"} 
[2026-05-27 13:11:36] local.INFO: Returning campaigns for user {"user_id":82,"campaign_count":1,"statuses":["live"]} 
[2026-05-27 13:12:06] local.INFO: ParseBearerToken middleware invoked {"path":"/api/v2/campaign","method":"GET","has_auth_header":true,"auth_header_preview":"Bearer 200|77cHU4PJJLVMbsndnt3...","is_bearer":true} 
[2026-05-27 13:12:06] local.INFO: Extracted bearer token {"token_preview":"200|77cHU4...","token_length":52} 
[2026-05-27 13:12:06] local.INFO: Found personal access token {"token_id":200,"user_id":82,"revoked":null} 
[2026-05-27 13:12:06] local.INFO: User authenticated via bearer token {"user_id":82,"user_email":"emmadesigner@example.com"} 
[2026-05-27 13:12:06] local.INFO: Returning campaigns for user {"user_id":82,"campaign_count":1,"statuses":["live"]} 
[2026-05-27 13:12:08] local.INFO: ParseBearerToken middleware invoked {"path":"/api/v2/campaign","method":"GET","has_auth_header":true,"auth_header_preview":"Bearer 200|77cHU4PJJLVMbsndnt3...","is_bearer":true} 
[2026-05-27 13:12:08] local.INFO: Extracted bearer token {"token_preview":"200|77cHU4...","token_length":52} 
[2026-05-27 13:12:08] local.INFO: Found personal access token {"token_id":200,"user_id":82,"revoked":null} 
[2026-05-27 13:12:08] local.INFO: User authenticated via bearer token {"user_id":82,"user_email":"emmadesigner@example.com"} 
[2026-05-27 13:12:08] local.INFO: Returning campaigns for user {"user_id":82,"campaign_count":1,"statuses":["live"]} 
[2026-05-27 13:12:35] local.INFO: ParseBearerToken middleware invoked {"path":"/api/v2/campaign","method":"GET","has_auth_header":true,"auth_header_preview":"Bearer 200|77cHU4PJJLVMbsndnt3...","is_bearer":true} 
[2026-05-27 13:12:35] local.INFO: Extracted bearer token {"token_preview":"200|77cHU4...","token_length":52} 
[2026-05-27 13:12:35] local.INFO: Found personal access token {"token_id":200,"user_id":82,"revoked":null} 
[2026-05-27 13:12:35] local.INFO: User authenticated via bearer token {"user_id":82,"user_email":"emmadesigner@example.com"} 
[2026-05-27 13:12:35] local.INFO: Returning campaigns for user {"user_id":82,"campaign_count":1,"statuses":["live"]} 
[2026-05-27 13:12:36] local.INFO: ParseBearerToken middleware invoked {"path":"/api/v2/campaign","method":"GET","has_auth_header":true,"auth_header_preview":"Bearer 200|77cHU4PJJLVMbsndnt3...","is_bearer":true} 
[2026-05-27 13:12:36] local.INFO: Extracted bearer token {"token_preview":"200|77cHU4...","token_length":52} 
[2026-05-27 13:12:36] local.INFO: Found personal access token {"token_id":200,"user_id":82,"revoked":null} 
[2026-05-27 13:12:36] local.INFO: User authenticated via bearer token {"user_id":82,"user_email":"emmadesigner@example.com"} 
[2026-05-27 13:12:36] local.INFO: Returning campaigns for user {"user_id":82,"campaign_count":1,"statuses":["live"]} 
[2026-05-27 13:13:05] local.INFO: ParseBearerToken middleware invoked {"path":"/api/v2/campaign","method":"GET","has_auth_header":true,"auth_header_preview":"Bearer 200|77cHU4PJJLVMbsndnt3...","is_bearer":true} 
[2026-05-27 13:13:05] local.INFO: Extracted bearer token {"token_preview":"200|77cHU4...","token_length":52} 
[2026-05-27 13:13:05] local.INFO: Found personal access token {"token_id":200,"user_id":82,"revoked":null} 
[2026-05-27 13:13:05] local.INFO: User authenticated via bearer token {"user_id":82,"user_email":"emmadesigner@example.com"} 
[2026-05-27 13:13:05] local.INFO: Returning campaigns for user {"user_id":82,"campaign_count":1,"statuses":["live"]} 
[2026-05-27 13:13:06] local.INFO: ParseBearerToken middleware invoked {"path":"/api/v2/campaign","method":"GET","has_auth_header":true,"auth_header_preview":"Bearer 200|77cHU4PJJLVMbsndnt3...","is_bearer":true} 
[2026-05-27 13:13:06] local.INFO: Extracted bearer token {"token_preview":"200|77cHU4...","token_length":52} 
[2026-05-27 13:13:06] local.INFO: Found personal access token {"token_id":200,"user_id":82,"revoked":null} 
[2026-05-27 13:13:06] local.INFO: User authenticated via bearer token {"user_id":82,"user_email":"emmadesigner@example.com"} 
[2026-05-27 13:13:06] local.INFO: Returning campaigns for user {"user_id":82,"campaign_count":1,"statuses":["live"]} 
[2026-05-27 13:13:37] local.INFO: ParseBearerToken middleware invoked {"path":"/api/v2/campaign","method":"GET","has_auth_header":true,"auth_header_preview":"Bearer 200|77cHU4PJJLVMbsndnt3...","is_bearer":true} 
[2026-05-27 13:13:37] local.INFO: Extracted bearer token {"token_preview":"200|77cHU4...","token_length":52} 
[2026-05-27 13:13:37] local.INFO: Found personal access token {"token_id":200,"user_id":82,"revoked":null} 
[2026-05-27 13:13:37] local.INFO: User authenticated via bearer token {"user_id":82,"user_email":"emmadesigner@example.com"} 
[2026-05-27 13:13:37] local.INFO: Returning campaigns for user {"user_id":82,"campaign_count":1,"statuses":["live"]} 
[2026-05-27 13:13:38] local.INFO: ParseBearerToken middleware invoked {"path":"/api/v2/campaign","method":"GET","has_auth_header":true,"auth_header_preview":"Bearer 200|77cHU4PJJLVMbsndnt3...","is_bearer":true} 
[2026-05-27 13:13:38] local.INFO: Extracted bearer token {"token_preview":"200|77cHU4...","token_length":52} 
[2026-05-27 13:13:38] local.INFO: Found personal access token {"token_id":200,"user_id":82,"revoked":null} 
[2026-05-27 13:13:38] local.INFO: User authenticated via bearer token {"user_id":82,"user_email":"emmadesigner@example.com"} 
[2026-05-27 13:13:38] local.INFO: Returning campaigns for user {"user_id":82,"campaign_count":1,"statuses":["live"]} 
[2026-05-27 13:14:11] local.INFO: ParseBearerToken middleware invoked {"path":"/api/v2/campaign","method":"GET","has_auth_header":true,"auth_header_preview":"Bearer 200|77cHU4PJJLVMbsndnt3...","is_bearer":true} 
[2026-05-27 13:14:11] local.INFO: Extracted bearer token {"token_preview":"200|77cHU4...","token_length":52} 
[2026-05-27 13:14:11] local.INFO: Found personal access token {"token_id":200,"user_id":82,"revoked":null} 
[2026-05-27 13:14:11] local.INFO: User authenticated via bearer token {"user_id":82,"user_email":"emmadesigner@example.com"} 
[2026-05-27 13:14:11] local.INFO: Returning campaigns for user {"user_id":82,"campaign_count":1,"statuses":["live"]} 
[2026-05-27 13:14:14] local.INFO: ParseBearerToken middleware invoked {"path":"/api/v2/campaign","method":"GET","has_auth_header":true,"auth_header_preview":"Bearer 200|77cHU4PJJLVMbsndnt3...","is_bearer":true} 
[2026-05-27 13:14:14] local.INFO: Extracted bearer token {"token_preview":"200|77cHU4...","token_length":52} 
[2026-05-27 13:14:14] local.INFO: Found personal access token {"token_id":200,"user_id":82,"revoked":null} 
[2026-05-27 13:14:14] local.INFO: User authenticated via bearer token {"user_id":82,"user_email":"emmadesigner@example.com"} 
[2026-05-27 13:14:14] local.INFO: Returning campaigns for user {"user_id":82,"campaign_count":1,"statuses":["live"]} 
[2026-05-27 13:14:36] local.INFO: ParseBearerToken middleware invoked {"path":"/api/v2/campaign","method":"GET","has_auth_header":true,"auth_header_preview":"Bearer 200|77cHU4PJJLVMbsndnt3...","is_bearer":true} 
[2026-05-27 13:14:36] local.INFO: Extracted bearer token {"token_preview":"200|77cHU4...","token_length":52} 
[2026-05-27 13:14:36] local.INFO: Found personal access token {"token_id":200,"user_id":82,"revoked":null} 
[2026-05-27 13:14:36] local.INFO: User authenticated via bearer token {"user_id":82,"user_email":"emmadesigner@example.com"} 
[2026-05-27 13:14:36] local.INFO: Returning campaigns for user {"user_id":82,"campaign_count":1,"statuses":["live"]} 
[2026-05-27 13:14:38] local.INFO: ParseBearerToken middleware invoked {"path":"/api/v2/campaign","method":"GET","has_auth_header":true,"auth_header_preview":"Bearer 200|77cHU4PJJLVMbsndnt3...","is_bearer":true} 
[2026-05-27 13:14:38] local.INFO: Extracted bearer token {"token_preview":"200|77cHU4...","token_length":52} 
[2026-05-27 13:14:38] local.INFO: Found personal access token {"token_id":200,"user_id":82,"revoked":null} 
[2026-05-27 13:14:38] local.INFO: User authenticated via bearer token {"user_id":82,"user_email":"emmadesigner@example.com"} 
[2026-05-27 13:14:38] local.INFO: Returning campaigns for user {"user_id":82,"campaign_count":1,"statuses":["live"]} 
[2026-05-27 13:15:07] local.INFO: ParseBearerToken middleware invoked {"path":"/api/v2/campaign","method":"GET","has_auth_header":true,"auth_header_preview":"Bearer 200|77cHU4PJJLVMbsndnt3...","is_bearer":true} 
[2026-05-27 13:15:07] local.INFO: Extracted bearer token {"token_preview":"200|77cHU4...","token_length":52} 
[2026-05-27 13:15:07] local.INFO: Found personal access token {"token_id":200,"user_id":82,"revoked":null} 
[2026-05-27 13:15:07] local.INFO: User authenticated via bearer token {"user_id":82,"user_email":"emmadesigner@example.com"} 
[2026-05-27 13:15:07] local.INFO: Returning campaigns for user {"user_id":82,"campaign_count":1,"statuses":["live"]} 
[2026-05-27 13:15:07] local.INFO: ParseBearerToken middleware invoked {"path":"/api/v2/campaign","method":"GET","has_auth_header":true,"auth_header_preview":"Bearer 200|77cHU4PJJLVMbsndnt3...","is_bearer":true} 
[2026-05-27 13:15:07] local.INFO: Extracted bearer token {"token_preview":"200|77cHU4...","token_length":52} 
[2026-05-27 13:15:07] local.INFO: Found personal access token {"token_id":200,"user_id":82,"revoked":null} 
[2026-05-27 13:15:07] local.INFO: User authenticated via bearer token {"user_id":82,"user_email":"emmadesigner@example.com"} 
[2026-05-27 13:15:08] local.INFO: Returning campaigns for user {"user_id":82,"campaign_count":1,"statuses":["live"]} 
[2026-05-27 13:15:36] local.INFO: ParseBearerToken middleware invoked {"path":"/api/v2/campaign","method":"GET","has_auth_header":true,"auth_header_preview":"Bearer 200|77cHU4PJJLVMbsndnt3...","is_bearer":true} 
[2026-05-27 13:15:36] local.INFO: Extracted bearer token {"token_preview":"200|77cHU4...","token_length":52} 
[2026-05-27 13:15:36] local.INFO: Found personal access token {"token_id":200,"user_id":82,"revoked":null} 
[2026-05-27 13:15:36] local.INFO: User authenticated via bearer token {"user_id":82,"user_email":"emmadesigner@example.com"} 
[2026-05-27 13:15:36] local.INFO: Returning campaigns for user {"user_id":82,"campaign_count":1,"statuses":["live"]} 
[2026-05-27 13:15:38] local.INFO: ParseBearerToken middleware invoked {"path":"/api/v2/campaign","method":"GET","has_auth_header":true,"auth_header_preview":"Bearer 200|77cHU4PJJLVMbsndnt3...","is_bearer":true} 
[2026-05-27 13:15:38] local.INFO: Extracted bearer token {"token_preview":"200|77cHU4...","token_length":52} 
[2026-05-27 13:15:38] local.INFO: Found personal access token {"token_id":200,"user_id":82,"revoked":null} 
[2026-05-27 13:15:38] local.INFO: User authenticated via bearer token {"user_id":82,"user_email":"emmadesigner@example.com"} 
[2026-05-27 13:15:38] local.INFO: Returning campaigns for user {"user_id":82,"campaign_count":1,"statuses":["live"]} 
[2026-05-27 13:16:07] local.INFO: ParseBearerToken middleware invoked {"path":"/api/v2/campaign","method":"GET","has_auth_header":true,"auth_header_preview":"Bearer 200|77cHU4PJJLVMbsndnt3...","is_bearer":true} 
[2026-05-27 13:16:07] local.INFO: Extracted bearer token {"token_preview":"200|77cHU4...","token_length":52} 
[2026-05-27 13:16:07] local.INFO: Found personal access token {"token_id":200,"user_id":82,"revoked":null} 
[2026-05-27 13:16:07] local.INFO: User authenticated via bearer token {"user_id":82,"user_email":"emmadesigner@example.com"} 
[2026-05-27 13:16:07] local.INFO: Returning campaigns for user {"user_id":82,"campaign_count":1,"statuses":["live"]} 
[2026-05-27 13:16:09] local.INFO: ParseBearerToken middleware invoked {"path":"/api/v2/campaign","method":"GET","has_auth_header":true,"auth_header_preview":"Bearer 200|77cHU4PJJLVMbsndnt3...","is_bearer":true} 
[2026-05-27 13:16:09] local.INFO: Extracted bearer token {"token_preview":"200|77cHU4...","token_length":52} 
[2026-05-27 13:16:09] local.INFO: Found personal access token {"token_id":200,"user_id":82,"revoked":null} 
[2026-05-27 13:16:09] local.INFO: User authenticated via bearer token {"user_id":82,"user_email":"emmadesigner@example.com"} 
[2026-05-27 13:16:09] local.INFO: Returning campaigns for user {"user_id":82,"campaign_count":1,"statuses":["live"]} 
[2026-05-27 13:16:44] local.INFO: ParseBearerToken middleware invoked {"path":"/api/v2/campaign","method":"GET","has_auth_header":true,"auth_header_preview":"Bearer 200|77cHU4PJJLVMbsndnt3...","is_bearer":true} 
[2026-05-27 13:16:44] local.INFO: Extracted bearer token {"token_preview":"200|77cHU4...","token_length":52} 
[2026-05-27 13:16:44] local.INFO: Found personal access token {"token_id":200,"user_id":82,"revoked":null} 
[2026-05-27 13:16:44] local.INFO: User authenticated via bearer token {"user_id":82,"user_email":"emmadesigner@example.com"} 
[2026-05-27 13:16:44] local.INFO: Returning campaigns for user {"user_id":82,"campaign_count":1,"statuses":["live"]} 
[2026-05-27 13:16:46] local.INFO: ParseBearerToken middleware invoked {"path":"/api/v2/campaign","method":"GET","has_auth_header":true,"auth_header_preview":"Bearer 200|77cHU4PJJLVMbsndnt3...","is_bearer":true} 
[2026-05-27 13:16:46] local.INFO: Extracted bearer token {"token_preview":"200|77cHU4...","token_length":52} 
[2026-05-27 13:16:46] local.INFO: Found personal access token {"token_id":200,"user_id":82,"revoked":null} 
[2026-05-27 13:16:46] local.INFO: User authenticated via bearer token {"user_id":82,"user_email":"emmadesigner@example.com"} 
[2026-05-27 13:16:46] local.INFO: Returning campaigns for user {"user_id":82,"campaign_count":1,"statuses":["live"]} 
[2026-05-27 13:17:07] local.INFO: ParseBearerToken middleware invoked {"path":"/api/v2/campaign","method":"GET","has_auth_header":true,"auth_header_preview":"Bearer 200|77cHU4PJJLVMbsndnt3...","is_bearer":true} 
[2026-05-27 13:17:07] local.INFO: Extracted bearer token {"token_preview":"200|77cHU4...","token_length":52} 
[2026-05-27 13:17:07] local.INFO: Found personal access token {"token_id":200,"user_id":82,"revoked":null} 
[2026-05-27 13:17:07] local.INFO: User authenticated via bearer token {"user_id":82,"user_email":"emmadesigner@example.com"} 
[2026-05-27 13:17:07] local.INFO: Returning campaigns for user {"user_id":82,"campaign_count":1,"statuses":["live"]} 
[2026-05-27 13:17:08] local.INFO: ParseBearerToken middleware invoked {"path":"/api/v2/campaign","method":"GET","has_auth_header":true,"auth_header_preview":"Bearer 200|77cHU4PJJLVMbsndnt3...","is_bearer":true} 
[2026-05-27 13:17:08] local.INFO: Extracted bearer token {"token_preview":"200|77cHU4...","token_length":52} 
[2026-05-27 13:17:08] local.INFO: Found personal access token {"token_id":200,"user_id":82,"revoked":null} 
[2026-05-27 13:17:08] local.INFO: User authenticated via bearer token {"user_id":82,"user_email":"emmadesigner@example.com"} 
[2026-05-27 13:17:08] local.INFO: Returning campaigns for user {"user_id":82,"campaign_count":1,"statuses":["live"]} 
[2026-05-27 13:17:36] local.INFO: ParseBearerToken middleware invoked {"path":"/api/v2/campaign","method":"GET","has_auth_header":true,"auth_header_preview":"Bearer 200|77cHU4PJJLVMbsndnt3...","is_bearer":true} 
[2026-05-27 13:17:36] local.INFO: Extracted bearer token {"token_preview":"200|77cHU4...","token_length":52} 
[2026-05-27 13:17:36] local.INFO: Found personal access token {"token_id":200,"user_id":82,"revoked":null} 
[2026-05-27 13:17:36] local.INFO: User authenticated via bearer token {"user_id":82,"user_email":"emmadesigner@example.com"} 
[2026-05-27 13:17:36] local.INFO: Returning campaigns for user {"user_id":82,"campaign_count":1,"statuses":["live"]} 
[2026-05-27 13:17:37] local.INFO: ParseBearerToken middleware invoked {"path":"/api/v2/campaign","method":"GET","has_auth_header":true,"auth_header_preview":"Bearer 200|77cHU4PJJLVMbsndnt3...","is_bearer":true} 
[2026-05-27 13:17:37] local.INFO: Extracted bearer token {"token_preview":"200|77cHU4...","token_length":52} 
[2026-05-27 13:17:37] local.INFO: Found personal access token {"token_id":200,"user_id":82,"revoked":null} 
[2026-05-27 13:17:37] local.INFO: User authenticated via bearer token {"user_id":82,"user_email":"emmadesigner@example.com"} 
[2026-05-27 13:17:37] local.INFO: Returning campaigns for user {"user_id":82,"campaign_count":1,"statuses":["live"]} 
[2026-05-27 13:18:07] local.INFO: ParseBearerToken middleware invoked {"path":"/api/v2/campaign","method":"GET","has_auth_header":true,"auth_header_preview":"Bearer 200|77cHU4PJJLVMbsndnt3...","is_bearer":true} 
[2026-05-27 13:18:07] local.INFO: Extracted bearer token {"token_preview":"200|77cHU4...","token_length":52} 
[2026-05-27 13:18:07] local.INFO: Found personal access token {"token_id":200,"user_id":82,"revoked":null} 
[2026-05-27 13:18:07] local.INFO: User authenticated via bearer token {"user_id":82,"user_email":"emmadesigner@example.com"} 
[2026-05-27 13:18:07] local.INFO: Returning campaigns for user {"user_id":82,"campaign_count":1,"statuses":["live"]} 
[2026-05-27 13:18:08] local.INFO: ParseBearerToken middleware invoked {"path":"/api/v2/campaign","method":"GET","has_auth_header":true,"auth_header_preview":"Bearer 200|77cHU4PJJLVMbsndnt3...","is_bearer":true} 
[2026-05-27 13:18:08] local.INFO: Extracted bearer token {"token_preview":"200|77cHU4...","token_length":52} 
[2026-05-27 13:18:08] local.INFO: Found personal access token {"token_id":200,"user_id":82,"revoked":null} 
[2026-05-27 13:18:08] local.INFO: User authenticated via bearer token {"user_id":82,"user_email":"emmadesigner@example.com"} 
[2026-05-27 13:18:08] local.INFO: Returning campaigns for user {"user_id":82,"campaign_count":1,"statuses":["live"]} 
[2026-05-27 13:18:36] local.INFO: ParseBearerToken middleware invoked {"path":"/api/v2/campaign","method":"GET","has_auth_header":true,"auth_header_preview":"Bearer 200|77cHU4PJJLVMbsndnt3...","is_bearer":true} 
[2026-05-27 13:18:36] local.INFO: Extracted bearer token {"token_preview":"200|77cHU4...","token_length":52} 
[2026-05-27 13:18:36] local.INFO: Found personal access token {"token_id":200,"user_id":82,"revoked":null} 
[2026-05-27 13:18:36] local.INFO: User authenticated via bearer token {"user_id":82,"user_email":"emmadesigner@example.com"} 
[2026-05-27 13:18:36] local.INFO: Returning campaigns for user {"user_id":82,"campaign_count":1,"statuses":["live"]} 
[2026-05-27 13:18:36] local.INFO: ParseBearerToken middleware invoked {"path":"/api/v2/campaign","method":"GET","has_auth_header":true,"auth_header_preview":"Bearer 200|77cHU4PJJLVMbsndnt3...","is_bearer":true} 
[2026-05-27 13:18:36] local.INFO: Extracted bearer token {"token_preview":"200|77cHU4...","token_length":52} 
[2026-05-27 13:18:36] local.INFO: Found personal access token {"token_id":200,"user_id":82,"revoked":null} 
[2026-05-27 13:18:36] local.INFO: User authenticated via bearer token {"user_id":82,"user_email":"emmadesigner@example.com"} 
[2026-05-27 13:18:36] local.INFO: Returning campaigns for user {"user_id":82,"campaign_count":1,"statuses":["live"]} 
[2026-05-27 13:19:09] local.INFO: ParseBearerToken middleware invoked {"path":"/api/v2/campaign","method":"GET","has_auth_header":true,"auth_header_preview":"Bearer 200|77cHU4PJJLVMbsndnt3...","is_bearer":true} 
[2026-05-27 13:19:09] local.INFO: Extracted bearer token {"token_preview":"200|77cHU4...","token_length":52} 
[2026-05-27 13:19:09] local.INFO: Found personal access token {"token_id":200,"user_id":82,"revoked":null} 
[2026-05-27 13:19:09] local.INFO: User authenticated via bearer token {"user_id":82,"user_email":"emmadesigner@example.com"} 
[2026-05-27 13:19:09] local.INFO: Returning campaigns for user {"user_id":82,"campaign_count":1,"statuses":["live"]} 
[2026-05-27 13:19:11] local.INFO: ParseBearerToken middleware invoked {"path":"/api/v2/campaign","method":"GET","has_auth_header":true,"auth_header_preview":"Bearer 200|77cHU4PJJLVMbsndnt3...","is_bearer":true} 
[2026-05-27 13:19:11] local.INFO: Extracted bearer token {"token_preview":"200|77cHU4...","token_length":52} 
[2026-05-27 13:19:11] local.INFO: Found personal access token {"token_id":200,"user_id":82,"revoked":null} 
[2026-05-27 13:19:11] local.INFO: User authenticated via bearer token {"user_id":82,"user_email":"emmadesigner@example.com"} 
[2026-05-27 13:19:11] local.INFO: Returning campaigns for user {"user_id":82,"campaign_count":1,"statuses":["live"]} 
[2026-05-27 13:19:35] local.INFO: ParseBearerToken middleware invoked {"path":"/api/v2/campaign","method":"GET","has_auth_header":true,"auth_header_preview":"Bearer 200|77cHU4PJJLVMbsndnt3...","is_bearer":true} 
[2026-05-27 13:19:35] local.INFO: Extracted bearer token {"token_preview":"200|77cHU4...","token_length":52} 
[2026-05-27 13:19:35] local.INFO: Found personal access token {"token_id":200,"user_id":82,"revoked":null} 
[2026-05-27 13:19:35] local.INFO: User authenticated via bearer token {"user_id":82,"user_email":"emmadesigner@example.com"} 
[2026-05-27 13:19:35] local.INFO: Returning campaigns for user {"user_id":82,"campaign_count":1,"statuses":["live"]} 
[2026-05-27 13:19:36] local.INFO: ParseBearerToken middleware invoked {"path":"/api/v2/campaign","method":"GET","has_auth_header":true,"auth_header_preview":"Bearer 200|77cHU4PJJLVMbsndnt3...","is_bearer":true} 
[2026-05-27 13:19:36] local.INFO: Extracted bearer token {"token_preview":"200|77cHU4...","token_length":52} 
[2026-05-27 13:19:36] local.INFO: Found personal access token {"token_id":200,"user_id":82,"revoked":null} 
[2026-05-27 13:19:36] local.INFO: User authenticated via bearer token {"user_id":82,"user_email":"emmadesigner@example.com"} 
[2026-05-27 13:19:36] local.INFO: Returning campaigns for user {"user_id":82,"campaign_count":1,"statuses":["live"]} 
[2026-05-27 13:20:05] local.INFO: ParseBearerToken middleware invoked {"path":"/api/v2/campaign","method":"GET","has_auth_header":true,"auth_header_preview":"Bearer 200|77cHU4PJJLVMbsndnt3...","is_bearer":true} 
[2026-05-27 13:20:05] local.INFO: Extracted bearer token {"token_preview":"200|77cHU4...","token_length":52} 
[2026-05-27 13:20:05] local.INFO: Found personal access token {"token_id":200,"user_id":82,"revoked":null} 
[2026-05-27 13:20:05] local.INFO: User authenticated via bearer token {"user_id":82,"user_email":"emmadesigner@example.com"} 
[2026-05-27 13:20:05] local.INFO: Returning campaigns for user {"user_id":82,"campaign_count":1,"statuses":["live"]} 
[2026-05-27 13:20:06] local.INFO: ParseBearerToken middleware invoked {"path":"/api/v2/campaign","method":"GET","has_auth_header":true,"auth_header_preview":"Bearer 200|77cHU4PJJLVMbsndnt3...","is_bearer":true} 
[2026-05-27 13:20:06] local.INFO: Extracted bearer token {"token_preview":"200|77cHU4...","token_length":52} 
[2026-05-27 13:20:06] local.INFO: Found personal access token {"token_id":200,"user_id":82,"revoked":null} 
[2026-05-27 13:20:06] local.INFO: User authenticated via bearer token {"user_id":82,"user_email":"emmadesigner@example.com"} 
[2026-05-27 13:20:06] local.INFO: Returning campaigns for user {"user_id":82,"campaign_count":1,"statuses":["live"]} 
[2026-05-27 13:20:35] local.INFO: ParseBearerToken middleware invoked {"path":"/api/v2/campaign","method":"GET","has_auth_header":true,"auth_header_preview":"Bearer 200|77cHU4PJJLVMbsndnt3...","is_bearer":true} 
[2026-05-27 13:20:35] local.INFO: Extracted bearer token {"token_preview":"200|77cHU4...","token_length":52} 
[2026-05-27 13:20:35] local.INFO: Found personal access token {"token_id":200,"user_id":82,"revoked":null} 
[2026-05-27 13:20:35] local.INFO: User authenticated via bearer token {"user_id":82,"user_email":"emmadesigner@example.com"} 
[2026-05-27 13:20:35] local.INFO: Returning campaigns for user {"user_id":82,"campaign_count":1,"statuses":["live"]} 
[2026-05-27 13:20:36] local.INFO: ParseBearerToken middleware invoked {"path":"/api/v2/campaign","method":"GET","has_auth_header":true,"auth_header_preview":"Bearer 200|77cHU4PJJLVMbsndnt3...","is_bearer":true} 
[2026-05-27 13:20:36] local.INFO: Extracted bearer token {"token_preview":"200|77cHU4...","token_length":52} 
[2026-05-27 13:20:36] local.INFO: Found personal access token {"token_id":200,"user_id":82,"revoked":null} 
[2026-05-27 13:20:36] local.INFO: User authenticated via bearer token {"user_id":82,"user_email":"emmadesigner@example.com"} 
[2026-05-27 13:20:36] local.INFO: Returning campaigns for user {"user_id":82,"campaign_count":1,"statuses":["live"]} 
[2026-05-27 13:21:07] local.INFO: ParseBearerToken middleware invoked {"path":"/api/v2/campaign","method":"GET","has_auth_header":true,"auth_header_preview":"Bearer 200|77cHU4PJJLVMbsndnt3...","is_bearer":true} 
[2026-05-27 13:21:07] local.INFO: Extracted bearer token {"token_preview":"200|77cHU4...","token_length":52} 
[2026-05-27 13:21:07] local.INFO: Found personal access token {"token_id":200,"user_id":82,"revoked":null} 
[2026-05-27 13:21:07] local.INFO: User authenticated via bearer token {"user_id":82,"user_email":"emmadesigner@example.com"} 
[2026-05-27 13:21:07] local.INFO: Returning campaigns for user {"user_id":82,"campaign_count":1,"statuses":["live"]} 
[2026-05-27 13:21:08] local.INFO: ParseBearerToken middleware invoked {"path":"/api/v2/campaign","method":"GET","has_auth_header":true,"auth_header_preview":"Bearer 200|77cHU4PJJLVMbsndnt3...","is_bearer":true} 
[2026-05-27 13:21:08] local.INFO: Extracted bearer token {"token_preview":"200|77cHU4...","token_length":52} 
[2026-05-27 13:21:08] local.INFO: Found personal access token {"token_id":200,"user_id":82,"revoked":null} 
[2026-05-27 13:21:08] local.INFO: User authenticated via bearer token {"user_id":82,"user_email":"emmadesigner@example.com"} 
[2026-05-27 13:21:08] local.INFO: Returning campaigns for user {"user_id":82,"campaign_count":1,"statuses":["live"]} 
[2026-05-27 13:21:36] local.INFO: ParseBearerToken middleware invoked {"path":"/api/v2/campaign","method":"GET","has_auth_header":true,"auth_header_preview":"Bearer 200|77cHU4PJJLVMbsndnt3...","is_bearer":true} 
[2026-05-27 13:21:36] local.INFO: Extracted bearer token {"token_preview":"200|77cHU4...","token_length":52} 
[2026-05-27 13:21:36] local.INFO: Found personal access token {"token_id":200,"user_id":82,"revoked":null} 
[2026-05-27 13:21:36] local.INFO: User authenticated via bearer token {"user_id":82,"user_email":"emmadesigner@example.com"} 
[2026-05-27 13:21:36] local.INFO: Returning campaigns for user {"user_id":82,"campaign_count":1,"statuses":["live"]} 
[2026-05-27 13:21:37] local.INFO: ParseBearerToken middleware invoked {"path":"/api/v2/campaign","method":"GET","has_auth_header":true,"auth_header_preview":"Bearer 200|77cHU4PJJLVMbsndnt3...","is_bearer":true} 
[2026-05-27 13:21:37] local.INFO: Extracted bearer token {"token_preview":"200|77cHU4...","token_length":52} 
[2026-05-27 13:21:37] local.INFO: Found personal access token {"token_id":200,"user_id":82,"revoked":null} 
[2026-05-27 13:21:37] local.INFO: User authenticated via bearer token {"user_id":82,"user_email":"emmadesigner@example.com"} 
[2026-05-27 13:21:37] local.INFO: Returning campaigns for user {"user_id":82,"campaign_count":1,"statuses":["live"]} 
[2026-05-27 13:22:06] local.INFO: ParseBearerToken middleware invoked {"path":"/api/v2/campaign","method":"GET","has_auth_header":true,"auth_header_preview":"Bearer 200|77cHU4PJJLVMbsndnt3...","is_bearer":true} 
[2026-05-27 13:22:06] local.INFO: Extracted bearer token {"token_preview":"200|77cHU4...","token_length":52} 
[2026-05-27 13:22:06] local.INFO: Found personal access token {"token_id":200,"user_id":82,"revoked":null} 
[2026-05-27 13:22:06] local.INFO: User authenticated via bearer token {"user_id":82,"user_email":"emmadesigner@example.com"} 
[2026-05-27 13:22:06] local.INFO: Returning campaigns for user {"user_id":82,"campaign_count":1,"statuses":["live"]} 
[2026-05-27 13:22:07] local.INFO: ParseBearerToken middleware invoked {"path":"/api/v2/campaign","method":"GET","has_auth_header":true,"auth_header_preview":"Bearer 200|77cHU4PJJLVMbsndnt3...","is_bearer":true} 
[2026-05-27 13:22:07] local.INFO: Extracted bearer token {"token_preview":"200|77cHU4...","token_length":52} 
[2026-05-27 13:22:07] local.INFO: Found personal access token {"token_id":200,"user_id":82,"revoked":null} 
[2026-05-27 13:22:07] local.INFO: User authenticated via bearer token {"user_id":82,"user_email":"emmadesigner@example.com"} 
[2026-05-27 13:22:07] local.INFO: Returning campaigns for user {"user_id":82,"campaign_count":1,"statuses":["live"]} 
[2026-05-27 13:22:36] local.INFO: ParseBearerToken middleware invoked {"path":"/api/v2/campaign","method":"GET","has_auth_header":true,"auth_header_preview":"Bearer 200|77cHU4PJJLVMbsndnt3...","is_bearer":true} 
[2026-05-27 13:22:36] local.INFO: Extracted bearer token {"token_preview":"200|77cHU4...","token_length":52} 
[2026-05-27 13:22:36] local.INFO: Found personal access token {"token_id":200,"user_id":82,"revoked":null} 
[2026-05-27 13:22:36] local.INFO: User authenticated via bearer token {"user_id":82,"user_email":"emmadesigner@example.com"} 
[2026-05-27 13:22:36] local.INFO: Returning campaigns for user {"user_id":82,"campaign_count":1,"statuses":["live"]} 
[2026-05-27 13:22:37] local.INFO: ParseBearerToken middleware invoked {"path":"/api/v2/campaign","method":"GET","has_auth_header":true,"auth_header_preview":"Bearer 200|77cHU4PJJLVMbsndnt3...","is_bearer":true} 
[2026-05-27 13:22:37] local.INFO: Extracted bearer token {"token_preview":"200|77cHU4...","token_length":52} 
[2026-05-27 13:22:37] local.INFO: Found personal access token {"token_id":200,"user_id":82,"revoked":null} 
[2026-05-27 13:22:37] local.INFO: User authenticated via bearer token {"user_id":82,"user_email":"emmadesigner@example.com"} 
[2026-05-27 13:22:37] local.INFO: Returning campaigns for user {"user_id":82,"campaign_count":1,"statuses":["live"]} 
[2026-05-27 13:23:08] local.INFO: ParseBearerToken middleware invoked {"path":"/api/v2/campaign","method":"GET","has_auth_header":true,"auth_header_preview":"Bearer 200|77cHU4PJJLVMbsndnt3...","is_bearer":true} 
[2026-05-27 13:23:08] local.INFO: Extracted bearer token {"token_preview":"200|77cHU4...","token_length":52} 
[2026-05-27 13:23:08] local.INFO: Found personal access token {"token_id":200,"user_id":82,"revoked":null} 
[2026-05-27 13:23:08] local.INFO: User authenticated via bearer token {"user_id":82,"user_email":"emmadesigner@example.com"} 
[2026-05-27 13:23:08] local.INFO: Returning campaigns for user {"user_id":82,"campaign_count":1,"statuses":["live"]} 
[2026-05-27 13:23:09] local.INFO: ParseBearerToken middleware invoked {"path":"/api/v2/campaign","method":"GET","has_auth_header":true,"auth_header_preview":"Bearer 200|77cHU4PJJLVMbsndnt3...","is_bearer":true} 
[2026-05-27 13:23:09] local.INFO: Extracted bearer token {"token_preview":"200|77cHU4...","token_length":52} 
[2026-05-27 13:23:09] local.INFO: Found personal access token {"token_id":200,"user_id":82,"revoked":null} 
[2026-05-27 13:23:09] local.INFO: User authenticated via bearer token {"user_id":82,"user_email":"emmadesigner@example.com"} 
[2026-05-27 13:23:09] local.INFO: Returning campaigns for user {"user_id":82,"campaign_count":1,"statuses":["live"]} 
[2026-05-27 13:23:35] local.INFO: ParseBearerToken middleware invoked {"path":"/api/v2/campaign","method":"GET","has_auth_header":true,"auth_header_preview":"Bearer 200|77cHU4PJJLVMbsndnt3...","is_bearer":true} 
[2026-05-27 13:23:35] local.INFO: Extracted bearer token {"token_preview":"200|77cHU4...","token_length":52} 
[2026-05-27 13:23:35] local.INFO: Found personal access token {"token_id":200,"user_id":82,"revoked":null} 
[2026-05-27 13:23:35] local.INFO: User authenticated via bearer token {"user_id":82,"user_email":"emmadesigner@example.com"} 
[2026-05-27 13:23:35] local.INFO: Returning campaigns for user {"user_id":82,"campaign_count":1,"statuses":["live"]} 
[2026-05-27 13:23:36] local.INFO: ParseBearerToken middleware invoked {"path":"/api/v2/campaign","method":"GET","has_auth_header":true,"auth_header_preview":"Bearer 200|77cHU4PJJLVMbsndnt3...","is_bearer":true} 
[2026-05-27 13:23:36] local.INFO: Extracted bearer token {"token_preview":"200|77cHU4...","token_length":52} 
[2026-05-27 13:23:36] local.INFO: Found personal access token {"token_id":200,"user_id":82,"revoked":null} 
[2026-05-27 13:23:36] local.INFO: User authenticated via bearer token {"user_id":82,"user_email":"emmadesigner@example.com"} 
[2026-05-27 13:23:36] local.INFO: Returning campaigns for user {"user_id":82,"campaign_count":1,"statuses":["live"]} 
[2026-05-27 13:24:06] local.INFO: ParseBearerToken middleware invoked {"path":"/api/v2/campaign","method":"GET","has_auth_header":true,"auth_header_preview":"Bearer 200|77cHU4PJJLVMbsndnt3...","is_bearer":true} 
[2026-05-27 13:24:06] local.INFO: Extracted bearer token {"token_preview":"200|77cHU4...","token_length":52} 
[2026-05-27 13:24:06] local.INFO: Found personal access token {"token_id":200,"user_id":82,"revoked":null} 
[2026-05-27 13:24:06] local.INFO: User authenticated via bearer token {"user_id":82,"user_email":"emmadesigner@example.com"} 
[2026-05-27 13:24:06] local.INFO: Returning campaigns for user {"user_id":82,"campaign_count":1,"statuses":["live"]} 
[2026-05-27 13:24:07] local.INFO: ParseBearerToken middleware invoked {"path":"/api/v2/campaign","method":"GET","has_auth_header":true,"auth_header_preview":"Bearer 200|77cHU4PJJLVMbsndnt3...","is_bearer":true} 
[2026-05-27 13:24:07] local.INFO: Extracted bearer token {"token_preview":"200|77cHU4...","token_length":52} 
[2026-05-27 13:24:07] local.INFO: Found personal access token {"token_id":200,"user_id":82,"revoked":null} 
[2026-05-27 13:24:07] local.INFO: User authenticated via bearer token {"user_id":82,"user_email":"emmadesigner@example.com"} 
[2026-05-27 13:24:07] local.INFO: Returning campaigns for user {"user_id":82,"campaign_count":1,"statuses":["live"]} 
[2026-05-27 13:24:35] local.INFO: ParseBearerToken middleware invoked {"path":"/api/v2/campaign","method":"GET","has_auth_header":true,"auth_header_preview":"Bearer 200|77cHU4PJJLVMbsndnt3...","is_bearer":true} 
[2026-05-27 13:24:35] local.INFO: Extracted bearer token {"token_preview":"200|77cHU4...","token_length":52} 
[2026-05-27 13:24:35] local.INFO: Found personal access token {"token_id":200,"user_id":82,"revoked":null} 
[2026-05-27 13:24:35] local.INFO: User authenticated via bearer token {"user_id":82,"user_email":"emmadesigner@example.com"} 
[2026-05-27 13:24:35] local.INFO: Returning campaigns for user {"user_id":82,"campaign_count":1,"statuses":["live"]} 
[2026-05-27 13:24:36] local.INFO: ParseBearerToken middleware invoked {"path":"/api/v2/campaign","method":"GET","has_auth_header":true,"auth_header_preview":"Bearer 200|77cHU4PJJLVMbsndnt3...","is_bearer":true} 
[2026-05-27 13:24:36] local.INFO: Extracted bearer token {"token_preview":"200|77cHU4...","token_length":52} 
[2026-05-27 13:24:36] local.INFO: Found personal access token {"token_id":200,"user_id":82,"revoked":null} 
[2026-05-27 13:24:36] local.INFO: User authenticated via bearer token {"user_id":82,"user_email":"emmadesigner@example.com"} 
[2026-05-27 13:24:36] local.INFO: Returning campaigns for user {"user_id":82,"campaign_count":1,"statuses":["live"]} 
[2026-05-27 13:25:08] local.INFO: ParseBearerToken middleware invoked {"path":"/api/v2/campaign","method":"GET","has_auth_header":true,"auth_header_preview":"Bearer 200|77cHU4PJJLVMbsndnt3...","is_bearer":true} 
[2026-05-27 13:25:08] local.INFO: Extracted bearer token {"token_preview":"200|77cHU4...","token_length":52} 
[2026-05-27 13:25:08] local.INFO: Found personal access token {"token_id":200,"user_id":82,"revoked":null} 
[2026-05-27 13:25:08] local.INFO: User authenticated via bearer token {"user_id":82,"user_email":"emmadesigner@example.com"} 
[2026-05-27 13:25:08] local.INFO: Returning campaigns for user {"user_id":82,"campaign_count":1,"statuses":["live"]} 
[2026-05-27 13:25:11] local.INFO: ParseBearerToken middleware invoked {"path":"/api/v2/campaign","method":"GET","has_auth_header":true,"auth_header_preview":"Bearer 200|77cHU4PJJLVMbsndnt3...","is_bearer":true} 
[2026-05-27 13:25:11] local.INFO: Extracted bearer token {"token_preview":"200|77cHU4...","token_length":52} 
[2026-05-27 13:25:11] local.INFO: Found personal access token {"token_id":200,"user_id":82,"revoked":null} 
[2026-05-27 13:25:11] local.INFO: User authenticated via bearer token {"user_id":82,"user_email":"emmadesigner@example.com"} 
[2026-05-27 13:25:11] local.INFO: Returning campaigns for user {"user_id":82,"campaign_count":1,"statuses":["live"]} 
[2026-05-27 13:25:36] local.INFO: ParseBearerToken middleware invoked {"path":"/api/v2/campaign","method":"GET","has_auth_header":true,"auth_header_preview":"Bearer 200|77cHU4PJJLVMbsndnt3...","is_bearer":true} 
[2026-05-27 13:25:36] local.INFO: Extracted bearer token {"token_preview":"200|77cHU4...","token_length":52} 
[2026-05-27 13:25:36] local.INFO: Found personal access token {"token_id":200,"user_id":82,"revoked":null} 
[2026-05-27 13:25:36] local.INFO: User authenticated via bearer token {"user_id":82,"user_email":"emmadesigner@example.com"} 
[2026-05-27 13:25:36] local.INFO: Returning campaigns for user {"user_id":82,"campaign_count":1,"statuses":["live"]} 
[2026-05-27 13:25:38] local.INFO: ParseBearerToken middleware invoked {"path":"/api/v2/campaign","method":"GET","has_auth_header":true,"auth_header_preview":"Bearer 200|77cHU4PJJLVMbsndnt3...","is_bearer":true} 
[2026-05-27 13:25:38] local.INFO: Extracted bearer token {"token_preview":"200|77cHU4...","token_length":52} 
[2026-05-27 13:25:38] local.INFO: Found personal access token {"token_id":200,"user_id":82,"revoked":null} 
[2026-05-27 13:25:38] local.INFO: User authenticated via bearer token {"user_id":82,"user_email":"emmadesigner@example.com"} 
[2026-05-27 13:25:38] local.INFO: Returning campaigns for user {"user_id":82,"campaign_count":1,"statuses":["live"]} 
[2026-05-27 13:26:05] local.INFO: ParseBearerToken middleware invoked {"path":"/api/v2/campaign","method":"GET","has_auth_header":true,"auth_header_preview":"Bearer 200|77cHU4PJJLVMbsndnt3...","is_bearer":true} 
[2026-05-27 13:26:05] local.INFO: Extracted bearer token {"token_preview":"200|77cHU4...","token_length":52} 
[2026-05-27 13:26:05] local.INFO: Found personal access token {"token_id":200,"user_id":82,"revoked":null} 
[2026-05-27 13:26:05] local.INFO: User authenticated via bearer token {"user_id":82,"user_email":"emmadesigner@example.com"} 
[2026-05-27 13:26:05] local.INFO: Returning campaigns for user {"user_id":82,"campaign_count":1,"statuses":["live"]} 
[2026-05-27 13:26:06] local.INFO: ParseBearerToken middleware invoked {"path":"/api/v2/campaign","method":"GET","has_auth_header":true,"auth_header_preview":"Bearer 200|77cHU4PJJLVMbsndnt3...","is_bearer":true} 
[2026-05-27 13:26:06] local.INFO: Extracted bearer token {"token_preview":"200|77cHU4...","token_length":52} 
[2026-05-27 13:26:06] local.INFO: Found personal access token {"token_id":200,"user_id":82,"revoked":null} 
[2026-05-27 13:26:06] local.INFO: User authenticated via bearer token {"user_id":82,"user_email":"emmadesigner@example.com"} 
[2026-05-27 13:26:06] local.INFO: Returning campaigns for user {"user_id":82,"campaign_count":1,"statuses":["live"]} 
[2026-05-27 13:26:36] local.INFO: ParseBearerToken middleware invoked {"path":"/api/v2/campaign","method":"GET","has_auth_header":true,"auth_header_preview":"Bearer 200|77cHU4PJJLVMbsndnt3...","is_bearer":true} 
[2026-05-27 13:26:36] local.INFO: Extracted bearer token {"token_preview":"200|77cHU4...","token_length":52} 
[2026-05-27 13:26:36] local.INFO: Found personal access token {"token_id":200,"user_id":82,"revoked":null} 
[2026-05-27 13:26:36] local.INFO: User authenticated via bearer token {"user_id":82,"user_email":"emmadesigner@example.com"} 
[2026-05-27 13:26:36] local.INFO: Returning campaigns for user {"user_id":82,"campaign_count":1,"statuses":["live"]} 
[2026-05-27 13:26:37] local.INFO: ParseBearerToken middleware invoked {"path":"/api/v2/campaign","method":"GET","has_auth_header":true,"auth_header_preview":"Bearer 200|77cHU4PJJLVMbsndnt3...","is_bearer":true} 
[2026-05-27 13:26:37] local.INFO: Extracted bearer token {"token_preview":"200|77cHU4...","token_length":52} 
[2026-05-27 13:26:37] local.INFO: Found personal access token {"token_id":200,"user_id":82,"revoked":null} 
[2026-05-27 13:26:37] local.INFO: User authenticated via bearer token {"user_id":82,"user_email":"emmadesigner@example.com"} 
[2026-05-27 13:26:37] local.INFO: Returning campaigns for user {"user_id":82,"campaign_count":1,"statuses":["live"]} 
[2026-05-27 13:27:07] local.INFO: ParseBearerToken middleware invoked {"path":"/api/v2/campaign","method":"GET","has_auth_header":true,"auth_header_preview":"Bearer 200|77cHU4PJJLVMbsndnt3...","is_bearer":true} 
[2026-05-27 13:27:07] local.INFO: Extracted bearer token {"token_preview":"200|77cHU4...","token_length":52} 
[2026-05-27 13:27:07] local.INFO: Found personal access token {"token_id":200,"user_id":82,"revoked":null} 
[2026-05-27 13:27:07] local.INFO: User authenticated via bearer token {"user_id":82,"user_email":"emmadesigner@example.com"} 
[2026-05-27 13:27:07] local.INFO: Returning campaigns for user {"user_id":82,"campaign_count":1,"statuses":["live"]} 
[2026-05-27 13:27:08] local.INFO: ParseBearerToken middleware invoked {"path":"/api/v2/campaign","method":"GET","has_auth_header":true,"auth_header_preview":"Bearer 200|77cHU4PJJLVMbsndnt3...","is_bearer":true} 
[2026-05-27 13:27:08] local.INFO: Extracted bearer token {"token_preview":"200|77cHU4...","token_length":52} 
[2026-05-27 13:27:08] local.INFO: Found personal access token {"token_id":200,"user_id":82,"revoked":null} 
[2026-05-27 13:27:08] local.INFO: User authenticated via bearer token {"user_id":82,"user_email":"emmadesigner@example.com"} 
[2026-05-27 13:27:08] local.INFO: Returning campaigns for user {"user_id":82,"campaign_count":1,"statuses":["live"]} 
[2026-05-27 13:27:38] local.INFO: ParseBearerToken middleware invoked {"path":"/api/v2/campaign","method":"GET","has_auth_header":true,"auth_header_preview":"Bearer 200|77cHU4PJJLVMbsndnt3...","is_bearer":true} 
[2026-05-27 13:27:38] local.INFO: Extracted bearer token {"token_preview":"200|77cHU4...","token_length":52} 
[2026-05-27 13:27:38] local.INFO: Found personal access token {"token_id":200,"user_id":82,"revoked":null} 
[2026-05-27 13:27:38] local.INFO: User authenticated via bearer token {"user_id":82,"user_email":"emmadesigner@example.com"} 
[2026-05-27 13:27:38] local.INFO: Returning campaigns for user {"user_id":82,"campaign_count":1,"statuses":["live"]} 
[2026-05-27 13:27:40] local.INFO: ParseBearerToken middleware invoked {"path":"/api/v2/campaign","method":"GET","has_auth_header":true,"auth_header_preview":"Bearer 200|77cHU4PJJLVMbsndnt3...","is_bearer":true} 
[2026-05-27 13:27:40] local.INFO: Extracted bearer token {"token_preview":"200|77cHU4...","token_length":52} 
[2026-05-27 13:27:40] local.INFO: Found personal access token {"token_id":200,"user_id":82,"revoked":null} 
[2026-05-27 13:27:40] local.INFO: User authenticated via bearer token {"user_id":82,"user_email":"emmadesigner@example.com"} 
[2026-05-27 13:27:40] local.INFO: Returning campaigns for user {"user_id":82,"campaign_count":1,"statuses":["live"]} 
[2026-05-27 13:28:06] local.INFO: ParseBearerToken middleware invoked {"path":"/api/v2/campaign","method":"GET","has_auth_header":true,"auth_header_preview":"Bearer 200|77cHU4PJJLVMbsndnt3...","is_bearer":true} 
[2026-05-27 13:28:06] local.INFO: Extracted bearer token {"token_preview":"200|77cHU4...","token_length":52} 
[2026-05-27 13:28:06] local.INFO: Found personal access token {"token_id":200,"user_id":82,"revoked":null} 
[2026-05-27 13:28:06] local.INFO: User authenticated via bearer token {"user_id":82,"user_email":"emmadesigner@example.com"} 
[2026-05-27 13:28:06] local.INFO: Returning campaigns for user {"user_id":82,"campaign_count":1,"statuses":["live"]} 
[2026-05-27 13:28:07] local.INFO: ParseBearerToken middleware invoked {"path":"/api/v2/campaign","method":"GET","has_auth_header":true,"auth_header_preview":"Bearer 200|77cHU4PJJLVMbsndnt3...","is_bearer":true} 
[2026-05-27 13:28:07] local.INFO: Extracted bearer token {"token_preview":"200|77cHU4...","token_length":52} 
[2026-05-27 13:28:07] local.INFO: Found personal access token {"token_id":200,"user_id":82,"revoked":null} 
[2026-05-27 13:28:07] local.INFO: User authenticated via bearer token {"user_id":82,"user_email":"emmadesigner@example.com"} 
[2026-05-27 13:28:07] local.INFO: Returning campaigns for user {"user_id":82,"campaign_count":1,"statuses":["live"]} 
[2026-05-27 13:28:37] local.INFO: ParseBearerToken middleware invoked {"path":"/api/v2/campaign","method":"GET","has_auth_header":true,"auth_header_preview":"Bearer 200|77cHU4PJJLVMbsndnt3...","is_bearer":true} 
[2026-05-27 13:28:37] local.INFO: Extracted bearer token {"token_preview":"200|77cHU4...","token_length":52} 
[2026-05-27 13:28:37] local.INFO: Found personal access token {"token_id":200,"user_id":82,"revoked":null} 
[2026-05-27 13:28:37] local.INFO: User authenticated via bearer token {"user_id":82,"user_email":"emmadesigner@example.com"} 
[2026-05-27 13:28:37] local.INFO: Returning campaigns for user {"user_id":82,"campaign_count":1,"statuses":["live"]} 
[2026-05-27 13:28:39] local.INFO: ParseBearerToken middleware invoked {"path":"/api/v2/campaign","method":"GET","has_auth_header":true,"auth_header_preview":"Bearer 200|77cHU4PJJLVMbsndnt3...","is_bearer":true} 
[2026-05-27 13:28:39] local.INFO: Extracted bearer token {"token_preview":"200|77cHU4...","token_length":52} 
[2026-05-27 13:28:39] local.INFO: Found personal access token {"token_id":200,"user_id":82,"revoked":null} 
[2026-05-27 13:28:39] local.INFO: User authenticated via bearer token {"user_id":82,"user_email":"emmadesigner@example.com"} 
[2026-05-27 13:28:39] local.INFO: Returning campaigns for user {"user_id":82,"campaign_count":1,"statuses":["live"]} 
[2026-05-27 13:29:25] local.INFO: ParseBearerToken middleware invoked {"path":"/api/v2/campaign","method":"GET","has_auth_header":true,"auth_header_preview":"Bearer 200|77cHU4PJJLVMbsndnt3...","is_bearer":true} 
[2026-05-27 13:29:25] local.INFO: Extracted bearer token {"token_preview":"200|77cHU4...","token_length":52} 
[2026-05-27 13:29:25] local.INFO: Found personal access token {"token_id":200,"user_id":82,"revoked":null} 
[2026-05-27 13:29:25] local.INFO: User authenticated via bearer token {"user_id":82,"user_email":"emmadesigner@example.com"} 
[2026-05-27 13:29:25] local.INFO: Returning campaigns for user {"user_id":82,"campaign_count":1,"statuses":["live"]} 
[2026-05-27 13:29:26] local.INFO: ParseBearerToken middleware invoked {"path":"/api/v2/campaign","method":"GET","has_auth_header":true,"auth_header_preview":"Bearer 200|77cHU4PJJLVMbsndnt3...","is_bearer":true} 
[2026-05-27 13:29:26] local.INFO: Extracted bearer token {"token_preview":"200|77cHU4...","token_length":52} 
[2026-05-27 13:29:26] local.INFO: Found personal access token {"token_id":200,"user_id":82,"revoked":null} 
[2026-05-27 13:29:26] local.INFO: User authenticated via bearer token {"user_id":82,"user_email":"emmadesigner@example.com"} 
[2026-05-27 13:29:26] local.INFO: Returning campaigns for user {"user_id":82,"campaign_count":1,"statuses":["live"]} 
[2026-05-27 13:29:37] local.INFO: ParseBearerToken middleware invoked {"path":"/api/v2/campaign","method":"GET","has_auth_header":true,"auth_header_preview":"Bearer 200|77cHU4PJJLVMbsndnt3...","is_bearer":true} 
[2026-05-27 13:29:37] local.INFO: Extracted bearer token {"token_preview":"200|77cHU4...","token_length":52} 
[2026-05-27 13:29:37] local.INFO: Found personal access token {"token_id":200,"user_id":82,"revoked":null} 
[2026-05-27 13:29:37] local.INFO: User authenticated via bearer token {"user_id":82,"user_email":"emmadesigner@example.com"} 
[2026-05-27 13:29:37] local.INFO: Returning campaigns for user {"user_id":82,"campaign_count":1,"statuses":["live"]} 
[2026-05-27 13:29:37] local.INFO: ParseBearerToken middleware invoked {"path":"/api/v2/campaign","method":"GET","has_auth_header":true,"auth_header_preview":"Bearer 200|77cHU4PJJLVMbsndnt3...","is_bearer":true} 
[2026-05-27 13:29:37] local.INFO: Extracted bearer token {"token_preview":"200|77cHU4...","token_length":52} 
[2026-05-27 13:29:37] local.INFO: Found personal access token {"token_id":200,"user_id":82,"revoked":null} 
[2026-05-27 13:29:38] local.INFO: User authenticated via bearer token {"user_id":82,"user_email":"emmadesigner@example.com"} 
[2026-05-27 13:29:38] local.INFO: Returning campaigns for user {"user_id":82,"campaign_count":1,"statuses":["live"]} 
[2026-05-27 13:30:20] local.INFO: ParseBearerToken middleware invoked {"path":"/api/v2/campaign","method":"GET","has_auth_header":true,"auth_header_preview":"Bearer 200|77cHU4PJJLVMbsndnt3...","is_bearer":true} 
[2026-05-27 13:30:20] local.INFO: Extracted bearer token {"token_preview":"200|77cHU4...","token_length":52} 
[2026-05-27 13:30:20] local.INFO: Found personal access token {"token_id":200,"user_id":82,"revoked":null} 
[2026-05-27 13:30:20] local.INFO: User authenticated via bearer token {"user_id":82,"user_email":"emmadesigner@example.com"} 
[2026-05-27 13:30:20] local.INFO: Returning campaigns for user {"user_id":82,"campaign_count":1,"statuses":["live"]} 
[2026-05-27 13:30:22] local.INFO: ParseBearerToken middleware invoked {"path":"/api/v2/campaign","method":"GET","has_auth_header":true,"auth_header_preview":"Bearer 200|77cHU4PJJLVMbsndnt3...","is_bearer":true} 
[2026-05-27 13:30:22] local.INFO: Extracted bearer token {"token_preview":"200|77cHU4...","token_length":52} 
[2026-05-27 13:30:22] local.INFO: Found personal access token {"token_id":200,"user_id":82,"revoked":null} 
[2026-05-27 13:30:22] local.INFO: User authenticated via bearer token {"user_id":82,"user_email":"emmadesigner@example.com"} 
[2026-05-27 13:30:22] local.INFO: Returning campaigns for user {"user_id":82,"campaign_count":1,"statuses":["live"]} 
[2026-05-27 13:30:36] local.INFO: ParseBearerToken middleware invoked {"path":"/api/v2/campaign","method":"GET","has_auth_header":true,"auth_header_preview":"Bearer 200|77cHU4PJJLVMbsndnt3...","is_bearer":true} 
[2026-05-27 13:30:36] local.INFO: Extracted bearer token {"token_preview":"200|77cHU4...","token_length":52} 
[2026-05-27 13:30:36] local.INFO: Found personal access token {"token_id":200,"user_id":82,"revoked":null} 
[2026-05-27 13:30:36] local.INFO: User authenticated via bearer token {"user_id":82,"user_email":"emmadesigner@example.com"} 
[2026-05-27 13:30:36] local.INFO: Returning campaigns for user {"user_id":82,"campaign_count":1,"statuses":["live"]} 
[2026-05-27 13:30:38] local.INFO: ParseBearerToken middleware invoked {"path":"/api/v2/campaign","method":"GET","has_auth_header":true,"auth_header_preview":"Bearer 200|77cHU4PJJLVMbsndnt3...","is_bearer":true} 
[2026-05-27 13:30:38] local.INFO: Extracted bearer token {"token_preview":"200|77cHU4...","token_length":52} 
[2026-05-27 13:30:38] local.INFO: Found personal access token {"token_id":200,"user_id":82,"revoked":null} 
[2026-05-27 13:30:38] local.INFO: User authenticated via bearer token {"user_id":82,"user_email":"emmadesigner@example.com"} 
[2026-05-27 13:30:38] local.INFO: Returning campaigns for user {"user_id":82,"campaign_count":1,"statuses":["live"]} 
[2026-05-27 13:31:05] local.INFO: ParseBearerToken middleware invoked {"path":"/api/v2/campaign","method":"GET","has_auth_header":true,"auth_header_preview":"Bearer 200|77cHU4PJJLVMbsndnt3...","is_bearer":true} 
[2026-05-27 13:31:05] local.INFO: Extracted bearer token {"token_preview":"200|77cHU4...","token_length":52} 
[2026-05-27 13:31:05] local.INFO: Found personal access token {"token_id":200,"user_id":82,"revoked":null} 
[2026-05-27 13:31:05] local.INFO: User authenticated via bearer token {"user_id":82,"user_email":"emmadesigner@example.com"} 
[2026-05-27 13:31:05] local.INFO: Returning campaigns for user {"user_id":82,"campaign_count":1,"statuses":["live"]} 
[2026-05-27 13:31:06] local.INFO: ParseBearerToken middleware invoked {"path":"/api/v2/campaign","method":"GET","has_auth_header":true,"auth_header_preview":"Bearer 200|77cHU4PJJLVMbsndnt3...","is_bearer":true} 
[2026-05-27 13:31:06] local.INFO: Extracted bearer token {"token_preview":"200|77cHU4...","token_length":52} 
[2026-05-27 13:31:06] local.INFO: Found personal access token {"token_id":200,"user_id":82,"revoked":null} 
[2026-05-27 13:31:06] local.INFO: User authenticated via bearer token {"user_id":82,"user_email":"emmadesigner@example.com"} 
[2026-05-27 13:31:06] local.INFO: Returning campaigns for user {"user_id":82,"campaign_count":1,"statuses":["live"]} 
[2026-05-27 13:31:36] local.INFO: ParseBearerToken middleware invoked {"path":"/api/v2/campaign","method":"GET","has_auth_header":true,"auth_header_preview":"Bearer 200|77cHU4PJJLVMbsndnt3...","is_bearer":true} 
[2026-05-27 13:31:36] local.INFO: Extracted bearer token {"token_preview":"200|77cHU4...","token_length":52} 
[2026-05-27 13:31:36] local.INFO: Found personal access token {"token_id":200,"user_id":82,"revoked":null} 
[2026-05-27 13:31:36] local.INFO: User authenticated via bearer token {"user_id":82,"user_email":"emmadesigner@example.com"} 
[2026-05-27 13:31:36] local.INFO: Returning campaigns for user {"user_id":82,"campaign_count":1,"statuses":["live"]} 
[2026-05-27 13:31:37] local.INFO: ParseBearerToken middleware invoked {"path":"/api/v2/campaign","method":"GET","has_auth_header":true,"auth_header_preview":"Bearer 200|77cHU4PJJLVMbsndnt3...","is_bearer":true} 
[2026-05-27 13:31:37] local.INFO: Extracted bearer token {"token_preview":"200|77cHU4...","token_length":52} 
[2026-05-27 13:31:37] local.INFO: Found personal access token {"token_id":200,"user_id":82,"revoked":null} 
[2026-05-27 13:31:37] local.INFO: User authenticated via bearer token {"user_id":82,"user_email":"emmadesigner@example.com"} 
[2026-05-27 13:31:37] local.INFO: Returning campaigns for user {"user_id":82,"campaign_count":1,"statuses":["live"]} 
[2026-05-27 13:32:05] local.INFO: ParseBearerToken middleware invoked {"path":"/api/v2/campaign","method":"GET","has_auth_header":true,"auth_header_preview":"Bearer 200|77cHU4PJJLVMbsndnt3...","is_bearer":true} 
[2026-05-27 13:32:05] local.INFO: Extracted bearer token {"token_preview":"200|77cHU4...","token_length":52} 
[2026-05-27 13:32:05] local.INFO: Found personal access token {"token_id":200,"user_id":82,"revoked":null} 
[2026-05-27 13:32:05] local.INFO: User authenticated via bearer token {"user_id":82,"user_email":"emmadesigner@example.com"} 
[2026-05-27 13:32:05] local.INFO: Returning campaigns for user {"user_id":82,"campaign_count":1,"statuses":["live"]} 
[2026-05-27 13:32:06] local.INFO: ParseBearerToken middleware invoked {"path":"/api/v2/campaign","method":"GET","has_auth_header":true,"auth_header_preview":"Bearer 200|77cHU4PJJLVMbsndnt3...","is_bearer":true} 
[2026-05-27 13:32:06] local.INFO: Extracted bearer token {"token_preview":"200|77cHU4...","token_length":52} 
[2026-05-27 13:32:06] local.INFO: Found personal access token {"token_id":200,"user_id":82,"revoked":null} 
[2026-05-27 13:32:06] local.INFO: User authenticated via bearer token {"user_id":82,"user_email":"emmadesigner@example.com"} 
[2026-05-27 13:32:06] local.INFO: Returning campaigns for user {"user_id":82,"campaign_count":1,"statuses":["live"]} 
[2026-05-27 13:32:36] local.INFO: ParseBearerToken middleware invoked {"path":"/api/v2/campaign","method":"GET","has_auth_header":true,"auth_header_preview":"Bearer 200|77cHU4PJJLVMbsndnt3...","is_bearer":true} 
[2026-05-27 13:32:36] local.INFO: Extracted bearer token {"token_preview":"200|77cHU4...","token_length":52} 
[2026-05-27 13:32:36] local.INFO: Found personal access token {"token_id":200,"user_id":82,"revoked":null} 
[2026-05-27 13:32:36] local.INFO: User authenticated via bearer token {"user_id":82,"user_email":"emmadesigner@example.com"} 
[2026-05-27 13:32:36] local.INFO: Returning campaigns for user {"user_id":82,"campaign_count":1,"statuses":["live"]} 
[2026-05-27 13:32:36] local.INFO: ParseBearerToken middleware invoked {"path":"/api/v2/campaign","method":"GET","has_auth_header":true,"auth_header_preview":"Bearer 200|77cHU4PJJLVMbsndnt3...","is_bearer":true} 
[2026-05-27 13:32:36] local.INFO: Extracted bearer token {"token_preview":"200|77cHU4...","token_length":52} 
[2026-05-27 13:32:36] local.INFO: Found personal access token {"token_id":200,"user_id":82,"revoked":null} 
[2026-05-27 13:32:36] local.INFO: User authenticated via bearer token {"user_id":82,"user_email":"emmadesigner@example.com"} 
[2026-05-27 13:32:36] local.INFO: Returning campaigns for user {"user_id":82,"campaign_count":1,"statuses":["live"]} 
[2026-05-27 13:33:05] local.INFO: ParseBearerToken middleware invoked {"path":"/api/v2/campaign","method":"GET","has_auth_header":true,"auth_header_preview":"Bearer 200|77cHU4PJJLVMbsndnt3...","is_bearer":true} 
[2026-05-27 13:33:05] local.INFO: Extracted bearer token {"token_preview":"200|77cHU4...","token_length":52} 
[2026-05-27 13:33:06] local.INFO: Found personal access token {"token_id":200,"user_id":82,"revoked":null} 
[2026-05-27 13:33:06] local.INFO: User authenticated via bearer token {"user_id":82,"user_email":"emmadesigner@example.com"} 
[2026-05-27 13:33:06] local.INFO: Returning campaigns for user {"user_id":82,"campaign_count":1,"statuses":["live"]} 
[2026-05-27 13:33:06] local.INFO: ParseBearerToken middleware invoked {"path":"/api/v2/campaign","method":"GET","has_auth_header":true,"auth_header_preview":"Bearer 200|77cHU4PJJLVMbsndnt3...","is_bearer":true} 
[2026-05-27 13:33:06] local.INFO: Extracted bearer token {"token_preview":"200|77cHU4...","token_length":52} 
[2026-05-27 13:33:06] local.INFO: Found personal access token {"token_id":200,"user_id":82,"revoked":null} 
[2026-05-27 13:33:06] local.INFO: User authenticated via bearer token {"user_id":82,"user_email":"emmadesigner@example.com"} 
[2026-05-27 13:33:06] local.INFO: Returning campaigns for user {"user_id":82,"campaign_count":1,"statuses":["live"]} 
[2026-05-27 13:33:37] local.INFO: ParseBearerToken middleware invoked {"path":"/api/v2/campaign","method":"GET","has_auth_header":true,"auth_header_preview":"Bearer 200|77cHU4PJJLVMbsndnt3...","is_bearer":true} 
[2026-05-27 13:33:37] local.INFO: Extracted bearer token {"token_preview":"200|77cHU4...","token_length":52} 
[2026-05-27 13:33:37] local.INFO: Found personal access token {"token_id":200,"user_id":82,"revoked":null} 
[2026-05-27 13:33:37] local.INFO: User authenticated via bearer token {"user_id":82,"user_email":"emmadesigner@example.com"} 
[2026-05-27 13:33:37] local.INFO: Returning campaigns for user {"user_id":82,"campaign_count":1,"statuses":["live"]} 
[2026-05-27 13:33:38] local.INFO: ParseBearerToken middleware invoked {"path":"/api/v2/campaign","method":"GET","has_auth_header":true,"auth_header_preview":"Bearer 200|77cHU4PJJLVMbsndnt3...","is_bearer":true} 
[2026-05-27 13:33:38] local.INFO: Extracted bearer token {"token_preview":"200|77cHU4...","token_length":52} 
[2026-05-27 13:33:38] local.INFO: Found personal access token {"token_id":200,"user_id":82,"revoked":null} 
[2026-05-27 13:33:38] local.INFO: User authenticated via bearer token {"user_id":82,"user_email":"emmadesigner@example.com"} 
[2026-05-27 13:33:39] local.INFO: Returning campaigns for user {"user_id":82,"campaign_count":1,"statuses":["live"]} 
[2026-05-27 13:34:06] local.INFO: ParseBearerToken middleware invoked {"path":"/api/v2/campaign","method":"GET","has_auth_header":true,"auth_header_preview":"Bearer 200|77cHU4PJJLVMbsndnt3...","is_bearer":true} 
[2026-05-27 13:34:06] local.INFO: Extracted bearer token {"token_preview":"200|77cHU4...","token_length":52} 
[2026-05-27 13:34:06] local.INFO: Found personal access token {"token_id":200,"user_id":82,"revoked":null} 
[2026-05-27 13:34:06] local.INFO: User authenticated via bearer token {"user_id":82,"user_email":"emmadesigner@example.com"} 
[2026-05-27 13:34:06] local.INFO: Returning campaigns for user {"user_id":82,"campaign_count":1,"statuses":["live"]} 
[2026-05-27 13:34:06] local.INFO: ParseBearerToken middleware invoked {"path":"/api/v2/campaign","method":"GET","has_auth_header":true,"auth_header_preview":"Bearer 200|77cHU4PJJLVMbsndnt3...","is_bearer":true} 
[2026-05-27 13:34:06] local.INFO: Extracted bearer token {"token_preview":"200|77cHU4...","token_length":52} 
[2026-05-27 13:34:06] local.INFO: Found personal access token {"token_id":200,"user_id":82,"revoked":null} 
[2026-05-27 13:34:06] local.INFO: User authenticated via bearer token {"user_id":82,"user_email":"emmadesigner@example.com"} 
[2026-05-27 13:34:07] local.INFO: Returning campaigns for user {"user_id":82,"campaign_count":1,"statuses":["live"]} 
[2026-05-27 13:34:38] local.INFO: ParseBearerToken middleware invoked {"path":"/api/v2/campaign","method":"GET","has_auth_header":true,"auth_header_preview":"Bearer 200|77cHU4PJJLVMbsndnt3...","is_bearer":true} 
[2026-05-27 13:34:38] local.INFO: Extracted bearer token {"token_preview":"200|77cHU4...","token_length":52} 
[2026-05-27 13:34:38] local.INFO: Found personal access token {"token_id":200,"user_id":82,"revoked":null} 
[2026-05-27 13:34:38] local.INFO: User authenticated via bearer token {"user_id":82,"user_email":"emmadesigner@example.com"} 
[2026-05-27 13:34:38] local.INFO: Returning campaigns for user {"user_id":82,"campaign_count":1,"statuses":["live"]} 
[2026-05-27 13:34:40] local.INFO: ParseBearerToken middleware invoked {"path":"/api/v2/campaign","method":"GET","has_auth_header":true,"auth_header_preview":"Bearer 200|77cHU4PJJLVMbsndnt3...","is_bearer":true} 
[2026-05-27 13:34:40] local.INFO: Extracted bearer token {"token_preview":"200|77cHU4...","token_length":52} 
[2026-05-27 13:34:40] local.INFO: Found personal access token {"token_id":200,"user_id":82,"revoked":null} 
[2026-05-27 13:34:40] local.INFO: User authenticated via bearer token {"user_id":82,"user_email":"emmadesigner@example.com"} 
[2026-05-27 13:34:40] local.INFO: Returning campaigns for user {"user_id":82,"campaign_count":1,"statuses":["live"]} 
[2026-05-27 13:35:15] local.INFO: ParseBearerToken middleware invoked {"path":"/api/v2/campaign","method":"GET","has_auth_header":true,"auth_header_preview":"Bearer 200|77cHU4PJJLVMbsndnt3...","is_bearer":true} 
[2026-05-27 13:35:15] local.INFO: Extracted bearer token {"token_preview":"200|77cHU4...","token_length":52} 
[2026-05-27 13:35:15] local.INFO: Found personal access token {"token_id":200,"user_id":82,"revoked":null} 
[2026-05-27 13:35:15] local.INFO: User authenticated via bearer token {"user_id":82,"user_email":"emmadesigner@example.com"} 
[2026-05-27 13:35:15] local.INFO: Returning campaigns for user {"user_id":82,"campaign_count":1,"statuses":["live"]} 
[2026-05-27 13:35:16] local.INFO: ParseBearerToken middleware invoked {"path":"/api/v2/campaign","method":"GET","has_auth_header":true,"auth_header_preview":"Bearer 200|77cHU4PJJLVMbsndnt3...","is_bearer":true} 
[2026-05-27 13:35:16] local.INFO: Extracted bearer token {"token_preview":"200|77cHU4...","token_length":52} 
[2026-05-27 13:35:16] local.INFO: Found personal access token {"token_id":200,"user_id":82,"revoked":null} 
[2026-05-27 13:35:16] local.INFO: User authenticated via bearer token {"user_id":82,"user_email":"emmadesigner@example.com"} 
[2026-05-27 13:35:16] local.INFO: Returning campaigns for user {"user_id":82,"campaign_count":1,"statuses":["live"]} 
[2026-05-27 13:35:36] local.INFO: ParseBearerToken middleware invoked {"path":"/api/v2/campaign","method":"GET","has_auth_header":true,"auth_header_preview":"Bearer 200|77cHU4PJJLVMbsndnt3...","is_bearer":true} 
[2026-05-27 13:35:36] local.INFO: Extracted bearer token {"token_preview":"200|77cHU4...","token_length":52} 
[2026-05-27 13:35:36] local.INFO: Found personal access token {"token_id":200,"user_id":82,"revoked":null} 
[2026-05-27 13:35:36] local.INFO: User authenticated via bearer token {"user_id":82,"user_email":"emmadesigner@example.com"} 
[2026-05-27 13:35:36] local.INFO: Returning campaigns for user {"user_id":82,"campaign_count":1,"statuses":["live"]} 
[2026-05-27 13:35:38] local.INFO: ParseBearerToken middleware invoked {"path":"/api/v2/campaign","method":"GET","has_auth_header":true,"auth_header_preview":"Bearer 200|77cHU4PJJLVMbsndnt3...","is_bearer":true} 
[2026-05-27 13:35:38] local.INFO: Extracted bearer token {"token_preview":"200|77cHU4...","token_length":52} 
[2026-05-27 13:35:38] local.INFO: Found personal access token {"token_id":200,"user_id":82,"revoked":null} 
[2026-05-27 13:35:38] local.INFO: User authenticated via bearer token {"user_id":82,"user_email":"emmadesigner@example.com"} 
[2026-05-27 13:35:38] local.INFO: Returning campaigns for user {"user_id":82,"campaign_count":1,"statuses":["live"]} 
[2026-05-27 13:36:07] local.INFO: ParseBearerToken middleware invoked {"path":"/api/v2/campaign","method":"GET","has_auth_header":true,"auth_header_preview":"Bearer 200|77cHU4PJJLVMbsndnt3...","is_bearer":true} 
[2026-05-27 13:36:07] local.INFO: Extracted bearer token {"token_preview":"200|77cHU4...","token_length":52} 
[2026-05-27 13:36:07] local.INFO: Found personal access token {"token_id":200,"user_id":82,"revoked":null} 
[2026-05-27 13:36:07] local.INFO: User authenticated via bearer token {"user_id":82,"user_email":"emmadesigner@example.com"} 
[2026-05-27 13:36:07] local.INFO: Returning campaigns for user {"user_id":82,"campaign_count":1,"statuses":["live"]} 
[2026-05-27 13:36:09] local.INFO: ParseBearerToken middleware invoked {"path":"/api/v2/campaign","method":"GET","has_auth_header":true,"auth_header_preview":"Bearer 200|77cHU4PJJLVMbsndnt3...","is_bearer":true} 
[2026-05-27 13:36:09] local.INFO: Extracted bearer token {"token_preview":"200|77cHU4...","token_length":52} 
[2026-05-27 13:36:09] local.INFO: Found personal access token {"token_id":200,"user_id":82,"revoked":null} 
[2026-05-27 13:36:09] local.INFO: User authenticated via bearer token {"user_id":82,"user_email":"emmadesigner@example.com"} 
[2026-05-27 13:36:09] local.INFO: Returning campaigns for user {"user_id":82,"campaign_count":1,"statuses":["live"]} 
[2026-05-27 13:36:36] local.INFO: ParseBearerToken middleware invoked {"path":"/api/v2/campaign","method":"GET","has_auth_header":true,"auth_header_preview":"Bearer 200|77cHU4PJJLVMbsndnt3...","is_bearer":true} 
[2026-05-27 13:36:36] local.INFO: Extracted bearer token {"token_preview":"200|77cHU4...","token_length":52} 
[2026-05-27 13:36:36] local.INFO: Found personal access token {"token_id":200,"user_id":82,"revoked":null} 
[2026-05-27 13:36:36] local.INFO: User authenticated via bearer token {"user_id":82,"user_email":"emmadesigner@example.com"} 
[2026-05-27 13:36:36] local.INFO: Returning campaigns for user {"user_id":82,"campaign_count":1,"statuses":["live"]} 
[2026-05-27 13:36:38] local.INFO: ParseBearerToken middleware invoked {"path":"/api/v2/campaign","method":"GET","has_auth_header":true,"auth_header_preview":"Bearer 200|77cHU4PJJLVMbsndnt3...","is_bearer":true} 
[2026-05-27 13:36:38] local.INFO: Extracted bearer token {"token_preview":"200|77cHU4...","token_length":52} 
[2026-05-27 13:36:38] local.INFO: Found personal access token {"token_id":200,"user_id":82,"revoked":null} 
[2026-05-27 13:36:38] local.INFO: User authenticated via bearer token {"user_id":82,"user_email":"emmadesigner@example.com"} 
[2026-05-27 13:36:38] local.INFO: Returning campaigns for user {"user_id":82,"campaign_count":1,"statuses":["live"]} 
[2026-05-27 13:37:08] local.INFO: ParseBearerToken middleware invoked {"path":"/api/v2/campaign","method":"GET","has_auth_header":true,"auth_header_preview":"Bearer 200|77cHU4PJJLVMbsndnt3...","is_bearer":true} 
[2026-05-27 13:37:08] local.INFO: Extracted bearer token {"token_preview":"200|77cHU4...","token_length":52} 
[2026-05-27 13:37:08] local.INFO: Found personal access token {"token_id":200,"user_id":82,"revoked":null} 
[2026-05-27 13:37:08] local.INFO: User authenticated via bearer token {"user_id":82,"user_email":"emmadesigner@example.com"} 
[2026-05-27 13:37:08] local.INFO: Returning campaigns for user {"user_id":82,"campaign_count":1,"statuses":["live"]} 
[2026-05-27 13:37:09] local.INFO: ParseBearerToken middleware invoked {"path":"/api/v2/campaign","method":"GET","has_auth_header":true,"auth_header_preview":"Bearer 200|77cHU4PJJLVMbsndnt3...","is_bearer":true} 
[2026-05-27 13:37:09] local.INFO: Extracted bearer token {"token_preview":"200|77cHU4...","token_length":52} 
[2026-05-27 13:37:09] local.INFO: Found personal access token {"token_id":200,"user_id":82,"revoked":null} 
[2026-05-27 13:37:09] local.INFO: User authenticated via bearer token {"user_id":82,"user_email":"emmadesigner@example.com"} 
[2026-05-27 13:37:09] local.INFO: Returning campaigns for user {"user_id":82,"campaign_count":1,"statuses":["live"]} 
[2026-05-27 13:37:37] local.INFO: ParseBearerToken middleware invoked {"path":"/api/v2/campaign","method":"GET","has_auth_header":true,"auth_header_preview":"Bearer 200|77cHU4PJJLVMbsndnt3...","is_bearer":true} 
[2026-05-27 13:37:37] local.INFO: Extracted bearer token {"token_preview":"200|77cHU4...","token_length":52} 
[2026-05-27 13:37:37] local.INFO: Found personal access token {"token_id":200,"user_id":82,"revoked":null} 
[2026-05-27 13:37:37] local.INFO: User authenticated via bearer token {"user_id":82,"user_email":"emmadesigner@example.com"} 
[2026-05-27 13:37:37] local.INFO: Returning campaigns for user {"user_id":82,"campaign_count":1,"statuses":["live"]} 
[2026-05-27 13:37:38] local.INFO: ParseBearerToken middleware invoked {"path":"/api/v2/campaign","method":"GET","has_auth_header":true,"auth_header_preview":"Bearer 200|77cHU4PJJLVMbsndnt3...","is_bearer":true} 
[2026-05-27 13:37:38] local.INFO: Extracted bearer token {"token_preview":"200|77cHU4...","token_length":52} 
[2026-05-27 13:37:38] local.INFO: Found personal access token {"token_id":200,"user_id":82,"revoked":null} 
[2026-05-27 13:37:38] local.INFO: User authenticated via bearer token {"user_id":82,"user_email":"emmadesigner@example.com"} 
[2026-05-27 13:37:39] local.INFO: Returning campaigns for user {"user_id":82,"campaign_count":1,"statuses":["live"]} 
[2026-05-27 13:38:08] local.INFO: ParseBearerToken middleware invoked {"path":"/api/v2/campaign","method":"GET","has_auth_header":true,"auth_header_preview":"Bearer 200|77cHU4PJJLVMbsndnt3...","is_bearer":true} 
[2026-05-27 13:38:08] local.INFO: Extracted bearer token {"token_preview":"200|77cHU4...","token_length":52} 
[2026-05-27 13:38:09] local.INFO: Found personal access token {"token_id":200,"user_id":82,"revoked":null} 
[2026-05-27 13:38:09] local.INFO: User authenticated via bearer token {"user_id":82,"user_email":"emmadesigner@example.com"} 
[2026-05-27 13:38:09] local.INFO: Returning campaigns for user {"user_id":82,"campaign_count":1,"statuses":["live"]} 
[2026-05-27 13:38:10] local.INFO: ParseBearerToken middleware invoked {"path":"/api/v2/campaign","method":"GET","has_auth_header":true,"auth_header_preview":"Bearer 200|77cHU4PJJLVMbsndnt3...","is_bearer":true} 
[2026-05-27 13:38:10] local.INFO: Extracted bearer token {"token_preview":"200|77cHU4...","token_length":52} 
[2026-05-27 13:38:10] local.INFO: Found personal access token {"token_id":200,"user_id":82,"revoked":null} 
[2026-05-27 13:38:10] local.INFO: User authenticated via bearer token {"user_id":82,"user_email":"emmadesigner@example.com"} 
[2026-05-27 13:38:10] local.INFO: Returning campaigns for user {"user_id":82,"campaign_count":1,"statuses":["live"]} 
[2026-05-27 13:38:37] local.INFO: ParseBearerToken middleware invoked {"path":"/api/v2/campaign","method":"GET","has_auth_header":true,"auth_header_preview":"Bearer 200|77cHU4PJJLVMbsndnt3...","is_bearer":true} 
[2026-05-27 13:38:37] local.INFO: Extracted bearer token {"token_preview":"200|77cHU4...","token_length":52} 
[2026-05-27 13:38:37] local.INFO: Found personal access token {"token_id":200,"user_id":82,"revoked":null} 
[2026-05-27 13:38:37] local.INFO: User authenticated via bearer token {"user_id":82,"user_email":"emmadesigner@example.com"} 
[2026-05-27 13:38:37] local.INFO: Returning campaigns for user {"user_id":82,"campaign_count":1,"statuses":["live"]} 
[2026-05-27 13:38:37] local.INFO: ParseBearerToken middleware invoked {"path":"/api/v2/campaign","method":"GET","has_auth_header":true,"auth_header_preview":"Bearer 200|77cHU4PJJLVMbsndnt3...","is_bearer":true} 
[2026-05-27 13:38:37] local.INFO: Extracted bearer token {"token_preview":"200|77cHU4...","token_length":52} 
[2026-05-27 13:38:37] local.INFO: Found personal access token {"token_id":200,"user_id":82,"revoked":null} 
[2026-05-27 13:38:37] local.INFO: User authenticated via bearer token {"user_id":82,"user_email":"emmadesigner@example.com"} 
[2026-05-27 13:38:37] local.INFO: Returning campaigns for user {"user_id":82,"campaign_count":1,"statuses":["live"]} 
[2026-05-27 13:39:18] local.INFO: ParseBearerToken middleware invoked {"path":"/api/v2/campaign","method":"GET","has_auth_header":true,"auth_header_preview":"Bearer 200|77cHU4PJJLVMbsndnt3...","is_bearer":true} 
[2026-05-27 13:39:18] local.INFO: Extracted bearer token {"token_preview":"200|77cHU4...","token_length":52} 
[2026-05-27 13:39:18] local.INFO: Found personal access token {"token_id":200,"user_id":82,"revoked":null} 
[2026-05-27 13:39:18] local.INFO: User authenticated via bearer token {"user_id":82,"user_email":"emmadesigner@example.com"} 
[2026-05-27 13:39:18] local.INFO: Returning campaigns for user {"user_id":82,"campaign_count":1,"statuses":["live"]} 
[2026-05-27 13:39:20] local.INFO: ParseBearerToken middleware invoked {"path":"/api/v2/campaign","method":"GET","has_auth_header":true,"auth_header_preview":"Bearer 200|77cHU4PJJLVMbsndnt3...","is_bearer":true} 
[2026-05-27 13:39:20] local.INFO: Extracted bearer token {"token_preview":"200|77cHU4...","token_length":52} 
[2026-05-27 13:39:20] local.INFO: Found personal access token {"token_id":200,"user_id":82,"revoked":null} 
[2026-05-27 13:39:21] local.INFO: User authenticated via bearer token {"user_id":82,"user_email":"emmadesigner@example.com"} 
[2026-05-27 13:39:21] local.INFO: Returning campaigns for user {"user_id":82,"campaign_count":1,"statuses":["live"]} 
[2026-05-27 13:39:43] local.INFO: ParseBearerToken middleware invoked {"path":"/api/v2/campaign","method":"GET","has_auth_header":true,"auth_header_preview":"Bearer 200|77cHU4PJJLVMbsndnt3...","is_bearer":true} 
[2026-05-27 13:39:43] local.INFO: Extracted bearer token {"token_preview":"200|77cHU4...","token_length":52} 
[2026-05-27 13:39:43] local.INFO: Found personal access token {"token_id":200,"user_id":82,"revoked":null} 
[2026-05-27 13:39:43] local.INFO: User authenticated via bearer token {"user_id":82,"user_email":"emmadesigner@example.com"} 
[2026-05-27 13:39:43] local.INFO: Returning campaigns for user {"user_id":82,"campaign_count":1,"statuses":["live"]} 
[2026-05-27 13:39:45] local.INFO: ParseBearerToken middleware invoked {"path":"/api/v2/campaign","method":"GET","has_auth_header":true,"auth_header_preview":"Bearer 200|77cHU4PJJLVMbsndnt3...","is_bearer":true} 
[2026-05-27 13:39:45] local.INFO: Extracted bearer token {"token_preview":"200|77cHU4...","token_length":52} 
[2026-05-27 13:39:45] local.INFO: Found personal access token {"token_id":200,"user_id":82,"revoked":null} 
[2026-05-27 13:39:45] local.INFO: User authenticated via bearer token {"user_id":82,"user_email":"emmadesigner@example.com"} 
[2026-05-27 13:39:46] local.INFO: Returning campaigns for user {"user_id":82,"campaign_count":1,"statuses":["live"]} 
[2026-05-27 13:40:07] local.INFO: ParseBearerToken middleware invoked {"path":"/api/v2/campaign","method":"GET","has_auth_header":true,"auth_header_preview":"Bearer 200|77cHU4PJJLVMbsndnt3...","is_bearer":true} 
[2026-05-27 13:40:07] local.INFO: Extracted bearer token {"token_preview":"200|77cHU4...","token_length":52} 
[2026-05-27 13:40:07] local.INFO: Found personal access token {"token_id":200,"user_id":82,"revoked":null} 
[2026-05-27 13:40:07] local.INFO: User authenticated via bearer token {"user_id":82,"user_email":"emmadesigner@example.com"} 
[2026-05-27 13:40:07] local.INFO: Returning campaigns for user {"user_id":82,"campaign_count":1,"statuses":["live"]} 
[2026-05-27 13:40:08] local.INFO: ParseBearerToken middleware invoked {"path":"/api/v2/campaign","method":"GET","has_auth_header":true,"auth_header_preview":"Bearer 200|77cHU4PJJLVMbsndnt3...","is_bearer":true} 
[2026-05-27 13:40:08] local.INFO: Extracted bearer token {"token_preview":"200|77cHU4...","token_length":52} 
[2026-05-27 13:40:08] local.INFO: Found personal access token {"token_id":200,"user_id":82,"revoked":null} 
[2026-05-27 13:40:08] local.INFO: User authenticated via bearer token {"user_id":82,"user_email":"emmadesigner@example.com"} 
[2026-05-27 13:40:08] local.INFO: Returning campaigns for user {"user_id":82,"campaign_count":1,"statuses":["live"]} 
[2026-05-27 13:40:37] local.INFO: ParseBearerToken middleware invoked {"path":"/api/v2/campaign","method":"GET","has_auth_header":true,"auth_header_preview":"Bearer 200|77cHU4PJJLVMbsndnt3...","is_bearer":true} 
[2026-05-27 13:40:37] local.INFO: Extracted bearer token {"token_preview":"200|77cHU4...","token_length":52} 
[2026-05-27 13:40:37] local.INFO: Found personal access token {"token_id":200,"user_id":82,"revoked":null} 
[2026-05-27 13:40:37] local.INFO: User authenticated via bearer token {"user_id":82,"user_email":"emmadesigner@example.com"} 
[2026-05-27 13:40:37] local.INFO: Returning campaigns for user {"user_id":82,"campaign_count":1,"statuses":["live"]} 
[2026-05-27 13:40:39] local.INFO: ParseBearerToken middleware invoked {"path":"/api/v2/campaign","method":"GET","has_auth_header":true,"auth_header_preview":"Bearer 200|77cHU4PJJLVMbsndnt3...","is_bearer":true} 
[2026-05-27 13:40:39] local.INFO: Extracted bearer token {"token_preview":"200|77cHU4...","token_length":52} 
[2026-05-27 13:40:39] local.INFO: Found personal access token {"token_id":200,"user_id":82,"revoked":null} 
[2026-05-27 13:40:39] local.INFO: User authenticated via bearer token {"user_id":82,"user_email":"emmadesigner@example.com"} 
[2026-05-27 13:40:39] local.INFO: Returning campaigns for user {"user_id":82,"campaign_count":1,"statuses":["live"]} 
[2026-05-27 13:41:06] local.INFO: ParseBearerToken middleware invoked {"path":"/api/v2/campaign","method":"GET","has_auth_header":true,"auth_header_preview":"Bearer 200|77cHU4PJJLVMbsndnt3...","is_bearer":true} 
[2026-05-27 13:41:06] local.INFO: Extracted bearer token {"token_preview":"200|77cHU4...","token_length":52} 
[2026-05-27 13:41:06] local.INFO: Found personal access token {"token_id":200,"user_id":82,"revoked":null} 
[2026-05-27 13:41:06] local.INFO: User authenticated via bearer token {"user_id":82,"user_email":"emmadesigner@example.com"} 
[2026-05-27 13:41:06] local.INFO: Returning campaigns for user {"user_id":82,"campaign_count":1,"statuses":["live"]} 
[2026-05-27 13:41:07] local.INFO: ParseBearerToken middleware invoked {"path":"/api/v2/campaign","method":"GET","has_auth_header":true,"auth_header_preview":"Bearer 200|77cHU4PJJLVMbsndnt3...","is_bearer":true} 
[2026-05-27 13:41:07] local.INFO: Extracted bearer token {"token_preview":"200|77cHU4...","token_length":52} 
[2026-05-27 13:41:07] local.INFO: Found personal access token {"token_id":200,"user_id":82,"revoked":null} 
[2026-05-27 13:41:07] local.INFO: User authenticated via bearer token {"user_id":82,"user_email":"emmadesigner@example.com"} 
[2026-05-27 13:41:07] local.INFO: Returning campaigns for user {"user_id":82,"campaign_count":1,"statuses":["live"]} 
[2026-05-27 13:41:36] local.INFO: ParseBearerToken middleware invoked {"path":"/api/v2/campaign","method":"GET","has_auth_header":true,"auth_header_preview":"Bearer 200|77cHU4PJJLVMbsndnt3...","is_bearer":true} 
[2026-05-27 13:41:36] local.INFO: Extracted bearer token {"token_preview":"200|77cHU4...","token_length":52} 
[2026-05-27 13:41:36] local.INFO: Found personal access token {"token_id":200,"user_id":82,"revoked":null} 
[2026-05-27 13:41:36] local.INFO: User authenticated via bearer token {"user_id":82,"user_email":"emmadesigner@example.com"} 
[2026-05-27 13:41:37] local.INFO: Returning campaigns for user {"user_id":82,"campaign_count":1,"statuses":["live"]} 
[2026-05-27 13:41:38] local.INFO: ParseBearerToken middleware invoked {"path":"/api/v2/campaign","method":"GET","has_auth_header":true,"auth_header_preview":"Bearer 200|77cHU4PJJLVMbsndnt3...","is_bearer":true} 
[2026-05-27 13:41:38] local.INFO: Extracted bearer token {"token_preview":"200|77cHU4...","token_length":52} 
[2026-05-27 13:41:38] local.INFO: Found personal access token {"token_id":200,"user_id":82,"revoked":null} 
[2026-05-27 13:41:38] local.INFO: User authenticated via bearer token {"user_id":82,"user_email":"emmadesigner@example.com"} 
[2026-05-27 13:41:38] local.INFO: Returning campaigns for user {"user_id":82,"campaign_count":1,"statuses":["live"]} 
[2026-05-27 13:42:05] local.INFO: ParseBearerToken middleware invoked {"path":"/api/v2/campaign","method":"GET","has_auth_header":true,"auth_header_preview":"Bearer 200|77cHU4PJJLVMbsndnt3...","is_bearer":true} 
[2026-05-27 13:42:05] local.INFO: Extracted bearer token {"token_preview":"200|77cHU4...","token_length":52} 
[2026-05-27 13:42:05] local.INFO: Found personal access token {"token_id":200,"user_id":82,"revoked":null} 
[2026-05-27 13:42:05] local.INFO: User authenticated via bearer token {"user_id":82,"user_email":"emmadesigner@example.com"} 
[2026-05-27 13:42:05] local.INFO: Returning campaigns for user {"user_id":82,"campaign_count":1,"statuses":["live"]} 
[2026-05-27 13:42:06] local.INFO: ParseBearerToken middleware invoked {"path":"/api/v2/campaign","method":"GET","has_auth_header":true,"auth_header_preview":"Bearer 200|77cHU4PJJLVMbsndnt3...","is_bearer":true} 
[2026-05-27 13:42:06] local.INFO: Extracted bearer token {"token_preview":"200|77cHU4...","token_length":52} 
[2026-05-27 13:42:06] local.INFO: Found personal access token {"token_id":200,"user_id":82,"revoked":null} 
[2026-05-27 13:42:06] local.INFO: User authenticated via bearer token {"user_id":82,"user_email":"emmadesigner@example.com"} 
[2026-05-27 13:42:06] local.INFO: Returning campaigns for user {"user_id":82,"campaign_count":1,"statuses":["live"]} 
[2026-05-27 13:42:37] local.INFO: ParseBearerToken middleware invoked {"path":"/api/v2/campaign","method":"GET","has_auth_header":true,"auth_header_preview":"Bearer 200|77cHU4PJJLVMbsndnt3...","is_bearer":true} 
[2026-05-27 13:42:37] local.INFO: Extracted bearer token {"token_preview":"200|77cHU4...","token_length":52} 
[2026-05-27 13:42:37] local.INFO: Found personal access token {"token_id":200,"user_id":82,"revoked":null} 
[2026-05-27 13:42:37] local.INFO: User authenticated via bearer token {"user_id":82,"user_email":"emmadesigner@example.com"} 
[2026-05-27 13:42:37] local.INFO: Returning campaigns for user {"user_id":82,"campaign_count":1,"statuses":["live"]} 
[2026-05-27 13:42:38] local.INFO: ParseBearerToken middleware invoked {"path":"/api/v2/campaign","method":"GET","has_auth_header":true,"auth_header_preview":"Bearer 200|77cHU4PJJLVMbsndnt3...","is_bearer":true} 
[2026-05-27 13:42:38] local.INFO: Extracted bearer token {"token_preview":"200|77cHU4...","token_length":52} 
[2026-05-27 13:42:38] local.INFO: Found personal access token {"token_id":200,"user_id":82,"revoked":null} 
[2026-05-27 13:42:38] local.INFO: User authenticated via bearer token {"user_id":82,"user_email":"emmadesigner@example.com"} 
[2026-05-27 13:42:38] local.INFO: Returning campaigns for user {"user_id":82,"campaign_count":1,"statuses":["live"]} 
[2026-05-27 13:43:07] local.INFO: ParseBearerToken middleware invoked {"path":"/api/v2/campaign","method":"GET","has_auth_header":true,"auth_header_preview":"Bearer 200|77cHU4PJJLVMbsndnt3...","is_bearer":true} 
[2026-05-27 13:43:07] local.INFO: Extracted bearer token {"token_preview":"200|77cHU4...","token_length":52} 
[2026-05-27 13:43:07] local.INFO: Found personal access token {"token_id":200,"user_id":82,"revoked":null} 
[2026-05-27 13:43:07] local.INFO: User authenticated via bearer token {"user_id":82,"user_email":"emmadesigner@example.com"} 
[2026-05-27 13:43:07] local.INFO: Returning campaigns for user {"user_id":82,"campaign_count":1,"statuses":["live"]} 
[2026-05-27 13:43:08] local.INFO: ParseBearerToken middleware invoked {"path":"/api/v2/campaign","method":"GET","has_auth_header":true,"auth_header_preview":"Bearer 200|77cHU4PJJLVMbsndnt3...","is_bearer":true} 
[2026-05-27 13:43:08] local.INFO: Extracted bearer token {"token_preview":"200|77cHU4...","token_length":52} 
[2026-05-27 13:43:08] local.INFO: Found personal access token {"token_id":200,"user_id":82,"revoked":null} 
[2026-05-27 13:43:08] local.INFO: User authenticated via bearer token {"user_id":82,"user_email":"emmadesigner@example.com"} 
[2026-05-27 13:43:08] local.INFO: Returning campaigns for user {"user_id":82,"campaign_count":1,"statuses":["live"]} 
[2026-05-27 13:43:36] local.INFO: ParseBearerToken middleware invoked {"path":"/api/v2/campaign","method":"GET","has_auth_header":true,"auth_header_preview":"Bearer 200|77cHU4PJJLVMbsndnt3...","is_bearer":true} 
[2026-05-27 13:43:36] local.INFO: Extracted bearer token {"token_preview":"200|77cHU4...","token_length":52} 
[2026-05-27 13:43:36] local.INFO: Found personal access token {"token_id":200,"user_id":82,"revoked":null} 
[2026-05-27 13:43:36] local.INFO: User authenticated via bearer token {"user_id":82,"user_email":"emmadesigner@example.com"} 
[2026-05-27 13:43:36] local.INFO: Returning campaigns for user {"user_id":82,"campaign_count":1,"statuses":["live"]} 
[2026-05-27 13:43:37] local.INFO: ParseBearerToken middleware invoked {"path":"/api/v2/campaign","method":"GET","has_auth_header":true,"auth_header_preview":"Bearer 200|77cHU4PJJLVMbsndnt3...","is_bearer":true} 
[2026-05-27 13:43:37] local.INFO: Extracted bearer token {"token_preview":"200|77cHU4...","token_length":52} 
[2026-05-27 13:43:37] local.INFO: Found personal access token {"token_id":200,"user_id":82,"revoked":null} 
[2026-05-27 13:43:37] local.INFO: User authenticated via bearer token {"user_id":82,"user_email":"emmadesigner@example.com"} 
[2026-05-27 13:43:37] local.INFO: Returning campaigns for user {"user_id":82,"campaign_count":1,"statuses":["live"]} 
[2026-05-27 13:44:09] local.INFO: ParseBearerToken middleware invoked {"path":"/api/v2/campaign","method":"GET","has_auth_header":true,"auth_header_preview":"Bearer 200|77cHU4PJJLVMbsndnt3...","is_bearer":true} 
[2026-05-27 13:44:09] local.INFO: Extracted bearer token {"token_preview":"200|77cHU4...","token_length":52} 
[2026-05-27 13:44:09] local.INFO: Found personal access token {"token_id":200,"user_id":82,"revoked":null} 
[2026-05-27 13:44:09] local.INFO: User authenticated via bearer token {"user_id":82,"user_email":"emmadesigner@example.com"} 
[2026-05-27 13:44:09] local.INFO: Returning campaigns for user {"user_id":82,"campaign_count":1,"statuses":["live"]} 
[2026-05-27 13:44:11] local.INFO: ParseBearerToken middleware invoked {"path":"/api/v2/campaign","method":"GET","has_auth_header":true,"auth_header_preview":"Bearer 200|77cHU4PJJLVMbsndnt3...","is_bearer":true} 
[2026-05-27 13:44:11] local.INFO: Extracted bearer token {"token_preview":"200|77cHU4...","token_length":52} 
[2026-05-27 13:44:11] local.INFO: Found personal access token {"token_id":200,"user_id":82,"revoked":null} 
[2026-05-27 13:44:11] local.INFO: User authenticated via bearer token {"user_id":82,"user_email":"emmadesigner@example.com"} 
[2026-05-27 13:44:11] local.INFO: Returning campaigns for user {"user_id":82,"campaign_count":1,"statuses":["live"]} 
[2026-05-27 13:44:36] local.INFO: ParseBearerToken middleware invoked {"path":"/api/v2/campaign","method":"GET","has_auth_header":true,"auth_header_preview":"Bearer 200|77cHU4PJJLVMbsndnt3...","is_bearer":true} 
[2026-05-27 13:44:36] local.INFO: Extracted bearer token {"token_preview":"200|77cHU4...","token_length":52} 
[2026-05-27 13:44:36] local.INFO: Found personal access token {"token_id":200,"user_id":82,"revoked":null} 
[2026-05-27 13:44:36] local.INFO: User authenticated via bearer token {"user_id":82,"user_email":"emmadesigner@example.com"} 
[2026-05-27 13:44:36] local.INFO: Returning campaigns for user {"user_id":82,"campaign_count":1,"statuses":["live"]} 
[2026-05-27 13:44:37] local.INFO: ParseBearerToken middleware invoked {"path":"/api/v2/campaign","method":"GET","has_auth_header":true,"auth_header_preview":"Bearer 200|77cHU4PJJLVMbsndnt3...","is_bearer":true} 
[2026-05-27 13:44:37] local.INFO: Extracted bearer token {"token_preview":"200|77cHU4...","token_length":52} 
[2026-05-27 13:44:37] local.INFO: Found personal access token {"token_id":200,"user_id":82,"revoked":null} 
[2026-05-27 13:44:37] local.INFO: User authenticated via bearer token {"user_id":82,"user_email":"emmadesigner@example.com"} 
[2026-05-27 13:44:37] local.INFO: Returning campaigns for user {"user_id":82,"campaign_count":1,"statuses":["live"]} 
[2026-05-27 13:45:06] local.INFO: ParseBearerToken middleware invoked {"path":"/api/v2/campaign","method":"GET","has_auth_header":true,"auth_header_preview":"Bearer 200|77cHU4PJJLVMbsndnt3...","is_bearer":true} 
[2026-05-27 13:45:06] local.INFO: Extracted bearer token {"token_preview":"200|77cHU4...","token_length":52} 
[2026-05-27 13:45:06] local.INFO: Found personal access token {"token_id":200,"user_id":82,"revoked":null} 
[2026-05-27 13:45:06] local.INFO: User authenticated via bearer token {"user_id":82,"user_email":"emmadesigner@example.com"} 
[2026-05-27 13:45:06] local.INFO: Returning campaigns for user {"user_id":82,"campaign_count":1,"statuses":["live"]} 
[2026-05-27 13:45:07] local.INFO: ParseBearerToken middleware invoked {"path":"/api/v2/campaign","method":"GET","has_auth_header":true,"auth_header_preview":"Bearer 200|77cHU4PJJLVMbsndnt3...","is_bearer":true} 
[2026-05-27 13:45:07] local.INFO: Extracted bearer token {"token_preview":"200|77cHU4...","token_length":52} 
[2026-05-27 13:45:07] local.INFO: Found personal access token {"token_id":200,"user_id":82,"revoked":null} 
[2026-05-27 13:45:07] local.INFO: User authenticated via bearer token {"user_id":82,"user_email":"emmadesigner@example.com"} 
[2026-05-27 13:45:07] local.INFO: Returning campaigns for user {"user_id":82,"campaign_count":1,"statuses":["live"]} 
[2026-05-27 13:45:36] local.INFO: ParseBearerToken middleware invoked {"path":"/api/v2/campaign","method":"GET","has_auth_header":true,"auth_header_preview":"Bearer 200|77cHU4PJJLVMbsndnt3...","is_bearer":true} 
[2026-05-27 13:45:36] local.INFO: Extracted bearer token {"token_preview":"200|77cHU4...","token_length":52} 
[2026-05-27 13:45:36] local.INFO: Found personal access token {"token_id":200,"user_id":82,"revoked":null} 
[2026-05-27 13:45:36] local.INFO: User authenticated via bearer token {"user_id":82,"user_email":"emmadesigner@example.com"} 
[2026-05-27 13:45:36] local.INFO: Returning campaigns for user {"user_id":82,"campaign_count":1,"statuses":["live"]} 
[2026-05-27 13:45:37] local.INFO: ParseBearerToken middleware invoked {"path":"/api/v2/campaign","method":"GET","has_auth_header":true,"auth_header_preview":"Bearer 200|77cHU4PJJLVMbsndnt3...","is_bearer":true} 
[2026-05-27 13:45:37] local.INFO: Extracted bearer token {"token_preview":"200|77cHU4...","token_length":52} 
[2026-05-27 13:45:37] local.INFO: Found personal access token {"token_id":200,"user_id":82,"revoked":null} 
[2026-05-27 13:45:37] local.INFO: User authenticated via bearer token {"user_id":82,"user_email":"emmadesigner@example.com"} 
[2026-05-27 13:45:37] local.INFO: Returning campaigns for user {"user_id":82,"campaign_count":1,"statuses":["live"]} 
[2026-05-27 13:46:05] local.INFO: ParseBearerToken middleware invoked {"path":"/api/v2/campaign","method":"GET","has_auth_header":true,"auth_header_preview":"Bearer 200|77cHU4PJJLVMbsndnt3...","is_bearer":true} 
[2026-05-27 13:46:05] local.INFO: Extracted bearer token {"token_preview":"200|77cHU4...","token_length":52} 
[2026-05-27 13:46:05] local.INFO: Found personal access token {"token_id":200,"user_id":82,"revoked":null} 
[2026-05-27 13:46:05] local.INFO: User authenticated via bearer token {"user_id":82,"user_email":"emmadesigner@example.com"} 
[2026-05-27 13:46:05] local.INFO: Returning campaigns for user {"user_id":82,"campaign_count":1,"statuses":["live"]} 
[2026-05-27 13:46:07] local.INFO: ParseBearerToken middleware invoked {"path":"/api/v2/campaign","method":"GET","has_auth_header":true,"auth_header_preview":"Bearer 200|77cHU4PJJLVMbsndnt3...","is_bearer":true} 
[2026-05-27 13:46:07] local.INFO: Extracted bearer token {"token_preview":"200|77cHU4...","token_length":52} 
[2026-05-27 13:46:07] local.INFO: Found personal access token {"token_id":200,"user_id":82,"revoked":null} 
[2026-05-27 13:46:07] local.INFO: User authenticated via bearer token {"user_id":82,"user_email":"emmadesigner@example.com"} 
[2026-05-27 13:46:07] local.INFO: Returning campaigns for user {"user_id":82,"campaign_count":1,"statuses":["live"]} 
[2026-05-27 13:46:37] local.INFO: ParseBearerToken middleware invoked {"path":"/api/v2/campaign","method":"GET","has_auth_header":true,"auth_header_preview":"Bearer 200|77cHU4PJJLVMbsndnt3...","is_bearer":true} 
[2026-05-27 13:46:37] local.INFO: Extracted bearer token {"token_preview":"200|77cHU4...","token_length":52} 
[2026-05-27 13:46:37] local.INFO: Found personal access token {"token_id":200,"user_id":82,"revoked":null} 
[2026-05-27 13:46:37] local.INFO: User authenticated via bearer token {"user_id":82,"user_email":"emmadesigner@example.com"} 
[2026-05-27 13:46:37] local.INFO: Returning campaigns for user {"user_id":82,"campaign_count":1,"statuses":["live"]} 
[2026-05-27 13:46:38] local.INFO: ParseBearerToken middleware invoked {"path":"/api/v2/campaign","method":"GET","has_auth_header":true,"auth_header_preview":"Bearer 200|77cHU4PJJLVMbsndnt3...","is_bearer":true} 
[2026-05-27 13:46:38] local.INFO: Extracted bearer token {"token_preview":"200|77cHU4...","token_length":52} 
[2026-05-27 13:46:38] local.INFO: Found personal access token {"token_id":200,"user_id":82,"revoked":null} 
[2026-05-27 13:46:38] local.INFO: User authenticated via bearer token {"user_id":82,"user_email":"emmadesigner@example.com"} 
[2026-05-27 13:46:38] local.INFO: Returning campaigns for user {"user_id":82,"campaign_count":1,"statuses":["live"]} 
[2026-05-27 13:47:07] local.INFO: ParseBearerToken middleware invoked {"path":"/api/v2/campaign","method":"GET","has_auth_header":true,"auth_header_preview":"Bearer 200|77cHU4PJJLVMbsndnt3...","is_bearer":true} 
[2026-05-27 13:47:07] local.INFO: Extracted bearer token {"token_preview":"200|77cHU4...","token_length":52} 
[2026-05-27 13:47:07] local.INFO: Found personal access token {"token_id":200,"user_id":82,"revoked":null} 
[2026-05-27 13:47:07] local.INFO: User authenticated via bearer token {"user_id":82,"user_email":"emmadesigner@example.com"} 
[2026-05-27 13:47:07] local.INFO: Returning campaigns for user {"user_id":82,"campaign_count":1,"statuses":["live"]} 
[2026-05-27 13:47:08] local.INFO: ParseBearerToken middleware invoked {"path":"/api/v2/campaign","method":"GET","has_auth_header":true,"auth_header_preview":"Bearer 200|77cHU4PJJLVMbsndnt3...","is_bearer":true} 
[2026-05-27 13:47:08] local.INFO: Extracted bearer token {"token_preview":"200|77cHU4...","token_length":52} 
[2026-05-27 13:47:08] local.INFO: Found personal access token {"token_id":200,"user_id":82,"revoked":null} 
[2026-05-27 13:47:08] local.INFO: User authenticated via bearer token {"user_id":82,"user_email":"emmadesigner@example.com"} 
[2026-05-27 13:47:08] local.INFO: Returning campaigns for user {"user_id":82,"campaign_count":1,"statuses":["live"]} 
[2026-05-27 13:47:35] local.INFO: ParseBearerToken middleware invoked {"path":"/api/v2/campaign","method":"GET","has_auth_header":true,"auth_header_preview":"Bearer 200|77cHU4PJJLVMbsndnt3...","is_bearer":true} 
[2026-05-27 13:47:35] local.INFO: Extracted bearer token {"token_preview":"200|77cHU4...","token_length":52} 
[2026-05-27 13:47:35] local.INFO: Found personal access token {"token_id":200,"user_id":82,"revoked":null} 
[2026-05-27 13:47:35] local.INFO: User authenticated via bearer token {"user_id":82,"user_email":"emmadesigner@example.com"} 
[2026-05-27 13:47:35] local.INFO: Returning campaigns for user {"user_id":82,"campaign_count":1,"statuses":["live"]} 
[2026-05-27 13:47:38] local.INFO: ParseBearerToken middleware invoked {"path":"/api/v2/campaign","method":"GET","has_auth_header":true,"auth_header_preview":"Bearer 200|77cHU4PJJLVMbsndnt3...","is_bearer":true} 
[2026-05-27 13:47:38] local.INFO: Extracted bearer token {"token_preview":"200|77cHU4...","token_length":52} 
[2026-05-27 13:47:38] local.INFO: Found personal access token {"token_id":200,"user_id":82,"revoked":null} 
[2026-05-27 13:47:38] local.INFO: User authenticated via bearer token {"user_id":82,"user_email":"emmadesigner@example.com"} 
[2026-05-27 13:47:38] local.INFO: Returning campaigns for user {"user_id":82,"campaign_count":1,"statuses":["live"]} 
[2026-05-27 13:48:05] local.INFO: ParseBearerToken middleware invoked {"path":"/api/v2/campaign","method":"GET","has_auth_header":true,"auth_header_preview":"Bearer 200|77cHU4PJJLVMbsndnt3...","is_bearer":true} 
[2026-05-27 13:48:05] local.INFO: Extracted bearer token {"token_preview":"200|77cHU4...","token_length":52} 
[2026-05-27 13:48:05] local.INFO: Found personal access token {"token_id":200,"user_id":82,"revoked":null} 
[2026-05-27 13:48:05] local.INFO: User authenticated via bearer token {"user_id":82,"user_email":"emmadesigner@example.com"} 
[2026-05-27 13:48:05] local.INFO: Returning campaigns for user {"user_id":82,"campaign_count":1,"statuses":["live"]} 
[2026-05-27 13:48:08] local.INFO: ParseBearerToken middleware invoked {"path":"/api/v2/campaign","method":"GET","has_auth_header":true,"auth_header_preview":"Bearer 200|77cHU4PJJLVMbsndnt3...","is_bearer":true} 
[2026-05-27 13:48:08] local.INFO: Extracted bearer token {"token_preview":"200|77cHU4...","token_length":52} 
[2026-05-27 13:48:08] local.INFO: Found personal access token {"token_id":200,"user_id":82,"revoked":null} 
[2026-05-27 13:48:08] local.INFO: User authenticated via bearer token {"user_id":82,"user_email":"emmadesigner@example.com"} 
[2026-05-27 13:48:08] local.INFO: Returning campaigns for user {"user_id":82,"campaign_count":1,"statuses":["live"]} 
[2026-05-27 13:48:36] local.INFO: ParseBearerToken middleware invoked {"path":"/api/v2/campaign","method":"GET","has_auth_header":true,"auth_header_preview":"Bearer 200|77cHU4PJJLVMbsndnt3...","is_bearer":true} 
[2026-05-27 13:48:36] local.INFO: Extracted bearer token {"token_preview":"200|77cHU4...","token_length":52} 
[2026-05-27 13:48:36] local.INFO: Found personal access token {"token_id":200,"user_id":82,"revoked":null} 
[2026-05-27 13:48:36] local.INFO: User authenticated via bearer token {"user_id":82,"user_email":"emmadesigner@example.com"} 
[2026-05-27 13:48:36] local.INFO: Returning campaigns for user {"user_id":82,"campaign_count":1,"statuses":["live"]} 
[2026-05-27 13:48:37] local.INFO: ParseBearerToken middleware invoked {"path":"/api/v2/campaign","method":"GET","has_auth_header":true,"auth_header_preview":"Bearer 200|77cHU4PJJLVMbsndnt3...","is_bearer":true} 
[2026-05-27 13:48:37] local.INFO: Extracted bearer token {"token_preview":"200|77cHU4...","token_length":52} 
[2026-05-27 13:48:37] local.INFO: Found personal access token {"token_id":200,"user_id":82,"revoked":null} 
[2026-05-27 13:48:37] local.INFO: User authenticated via bearer token {"user_id":82,"user_email":"emmadesigner@example.com"} 
[2026-05-27 13:48:37] local.INFO: Returning campaigns for user {"user_id":82,"campaign_count":1,"statuses":["live"]} 
[2026-05-27 13:49:18] local.INFO: ParseBearerToken middleware invoked {"path":"/api/v2/campaign","method":"GET","has_auth_header":true,"auth_header_preview":"Bearer 200|77cHU4PJJLVMbsndnt3...","is_bearer":true} 
[2026-05-27 13:49:18] local.INFO: Extracted bearer token {"token_preview":"200|77cHU4...","token_length":52} 
[2026-05-27 13:49:18] local.INFO: Found personal access token {"token_id":200,"user_id":82,"revoked":null} 
[2026-05-27 13:49:18] local.INFO: User authenticated via bearer token {"user_id":82,"user_email":"emmadesigner@example.com"} 
[2026-05-27 13:49:18] local.INFO: Returning campaigns for user {"user_id":82,"campaign_count":1,"statuses":["live"]} 
[2026-05-27 13:49:23] local.INFO: ParseBearerToken middleware invoked {"path":"/api/v2/campaign","method":"GET","has_auth_header":true,"auth_header_preview":"Bearer 200|77cHU4PJJLVMbsndnt3...","is_bearer":true} 
[2026-05-27 13:49:23] local.INFO: Extracted bearer token {"token_preview":"200|77cHU4...","token_length":52} 
[2026-05-27 13:49:23] local.INFO: Found personal access token {"token_id":200,"user_id":82,"revoked":null} 
[2026-05-27 13:49:23] local.INFO: User authenticated via bearer token {"user_id":82,"user_email":"emmadesigner@example.com"} 
[2026-05-27 13:49:23] local.INFO: Returning campaigns for user {"user_id":82,"campaign_count":1,"statuses":["live"]} 
[2026-05-27 13:49:44] local.INFO: ParseBearerToken middleware invoked {"path":"/api/v2/campaign","method":"GET","has_auth_header":true,"auth_header_preview":"Bearer 200|77cHU4PJJLVMbsndnt3...","is_bearer":true} 
[2026-05-27 13:49:44] local.INFO: Extracted bearer token {"token_preview":"200|77cHU4...","token_length":52} 
[2026-05-27 13:49:44] local.INFO: Found personal access token {"token_id":200,"user_id":82,"revoked":null} 
[2026-05-27 13:49:44] local.INFO: User authenticated via bearer token {"user_id":82,"user_email":"emmadesigner@example.com"} 
[2026-05-27 13:49:45] local.INFO: Returning campaigns for user {"user_id":82,"campaign_count":1,"statuses":["live"]} 
[2026-05-27 13:49:50] local.INFO: ParseBearerToken middleware invoked {"path":"/api/v2/campaign","method":"GET","has_auth_header":true,"auth_header_preview":"Bearer 200|77cHU4PJJLVMbsndnt3...","is_bearer":true} 
[2026-05-27 13:49:50] local.INFO: Extracted bearer token {"token_preview":"200|77cHU4...","token_length":52} 
[2026-05-27 13:49:50] local.INFO: Found personal access token {"token_id":200,"user_id":82,"revoked":null} 
[2026-05-27 13:49:50] local.INFO: User authenticated via bearer token {"user_id":82,"user_email":"emmadesigner@example.com"} 
[2026-05-27 13:49:50] local.INFO: Returning campaigns for user {"user_id":82,"campaign_count":1,"statuses":["live"]} 
[2026-05-27 13:50:09] local.INFO: ParseBearerToken middleware invoked {"path":"/api/v2/campaign","method":"GET","has_auth_header":true,"auth_header_preview":"Bearer 200|77cHU4PJJLVMbsndnt3...","is_bearer":true} 
[2026-05-27 13:50:09] local.INFO: Extracted bearer token {"token_preview":"200|77cHU4...","token_length":52} 
[2026-05-27 13:50:09] local.INFO: Found personal access token {"token_id":200,"user_id":82,"revoked":null} 
[2026-05-27 13:50:09] local.INFO: User authenticated via bearer token {"user_id":82,"user_email":"emmadesigner@example.com"} 
[2026-05-27 13:50:09] local.INFO: Returning campaigns for user {"user_id":82,"campaign_count":1,"statuses":["live"]} 
[2026-05-27 13:50:10] local.INFO: ParseBearerToken middleware invoked {"path":"/api/v2/campaign","method":"GET","has_auth_header":true,"auth_header_preview":"Bearer 200|77cHU4PJJLVMbsndnt3...","is_bearer":true} 
[2026-05-27 13:50:10] local.INFO: Extracted bearer token {"token_preview":"200|77cHU4...","token_length":52} 
[2026-05-27 13:50:10] local.INFO: Found personal access token {"token_id":200,"user_id":82,"revoked":null} 
[2026-05-27 13:50:10] local.INFO: User authenticated via bearer token {"user_id":82,"user_email":"emmadesigner@example.com"} 
[2026-05-27 13:50:10] local.INFO: Returning campaigns for user {"user_id":82,"campaign_count":1,"statuses":["live"]} 
[2026-05-27 13:50:37] local.INFO: ParseBearerToken middleware invoked {"path":"/api/v2/campaign","method":"GET","has_auth_header":true,"auth_header_preview":"Bearer 200|77cHU4PJJLVMbsndnt3...","is_bearer":true} 
[2026-05-27 13:50:37] local.INFO: Extracted bearer token {"token_preview":"200|77cHU4...","token_length":52} 
[2026-05-27 13:50:37] local.INFO: Found personal access token {"token_id":200,"user_id":82,"revoked":null} 
[2026-05-27 13:50:37] local.INFO: User authenticated via bearer token {"user_id":82,"user_email":"emmadesigner@example.com"} 
[2026-05-27 13:50:37] local.INFO: Returning campaigns for user {"user_id":82,"campaign_count":1,"statuses":["live"]} 
[2026-05-27 13:50:38] local.INFO: ParseBearerToken middleware invoked {"path":"/api/v2/campaign","method":"GET","has_auth_header":true,"auth_header_preview":"Bearer 200|77cHU4PJJLVMbsndnt3...","is_bearer":true} 
[2026-05-27 13:50:38] local.INFO: Extracted bearer token {"token_preview":"200|77cHU4...","token_length":52} 
[2026-05-27 13:50:38] local.INFO: Found personal access token {"token_id":200,"user_id":82,"revoked":null} 
[2026-05-27 13:50:38] local.INFO: User authenticated via bearer token {"user_id":82,"user_email":"emmadesigner@example.com"} 
[2026-05-27 13:50:38] local.INFO: Returning campaigns for user {"user_id":82,"campaign_count":1,"statuses":["live"]} 
[2026-05-27 13:51:05] local.INFO: ParseBearerToken middleware invoked {"path":"/api/v2/campaign","method":"GET","has_auth_header":true,"auth_header_preview":"Bearer 200|77cHU4PJJLVMbsndnt3...","is_bearer":true} 
[2026-05-27 13:51:05] local.INFO: Extracted bearer token {"token_preview":"200|77cHU4...","token_length":52} 
[2026-05-27 13:51:05] local.INFO: Found personal access token {"token_id":200,"user_id":82,"revoked":null} 
[2026-05-27 13:51:05] local.INFO: User authenticated via bearer token {"user_id":82,"user_email":"emmadesigner@example.com"} 
[2026-05-27 13:51:05] local.INFO: Returning campaigns for user {"user_id":82,"campaign_count":1,"statuses":["live"]} 
[2026-05-27 13:51:06] local.INFO: ParseBearerToken middleware invoked {"path":"/api/v2/campaign","method":"GET","has_auth_header":true,"auth_header_preview":"Bearer 200|77cHU4PJJLVMbsndnt3...","is_bearer":true} 
[2026-05-27 13:51:06] local.INFO: Extracted bearer token {"token_preview":"200|77cHU4...","token_length":52} 
[2026-05-27 13:51:06] local.INFO: Found personal access token {"token_id":200,"user_id":82,"revoked":null} 
[2026-05-27 13:51:06] local.INFO: User authenticated via bearer token {"user_id":82,"user_email":"emmadesigner@example.com"} 
[2026-05-27 13:51:06] local.INFO: Returning campaigns for user {"user_id":82,"campaign_count":1,"statuses":["live"]} 
[2026-05-27 13:51:36] local.INFO: ParseBearerToken middleware invoked {"path":"/api/v2/campaign","method":"GET","has_auth_header":true,"auth_header_preview":"Bearer 200|77cHU4PJJLVMbsndnt3...","is_bearer":true} 
[2026-05-27 13:51:36] local.INFO: Extracted bearer token {"token_preview":"200|77cHU4...","token_length":52} 
[2026-05-27 13:51:36] local.INFO: Found personal access token {"token_id":200,"user_id":82,"revoked":null} 
[2026-05-27 13:51:36] local.INFO: User authenticated via bearer token {"user_id":82,"user_email":"emmadesigner@example.com"} 
[2026-05-27 13:51:36] local.INFO: Returning campaigns for user {"user_id":82,"campaign_count":1,"statuses":["live"]} 
[2026-05-27 13:51:37] local.INFO: ParseBearerToken middleware invoked {"path":"/api/v2/campaign","method":"GET","has_auth_header":true,"auth_header_preview":"Bearer 200|77cHU4PJJLVMbsndnt3...","is_bearer":true} 
[2026-05-27 13:51:37] local.INFO: Extracted bearer token {"token_preview":"200|77cHU4...","token_length":52} 
[2026-05-27 13:51:37] local.INFO: Found personal access token {"token_id":200,"user_id":82,"revoked":null} 
[2026-05-27 13:51:37] local.INFO: User authenticated via bearer token {"user_id":82,"user_email":"emmadesigner@example.com"} 
[2026-05-27 13:51:37] local.INFO: Returning campaigns for user {"user_id":82,"campaign_count":1,"statuses":["live"]} 
[2026-05-27 13:52:07] local.INFO: ParseBearerToken middleware invoked {"path":"/api/v2/campaign","method":"GET","has_auth_header":true,"auth_header_preview":"Bearer 200|77cHU4PJJLVMbsndnt3...","is_bearer":true} 
[2026-05-27 13:52:07] local.INFO: Extracted bearer token {"token_preview":"200|77cHU4...","token_length":52} 
[2026-05-27 13:52:07] local.INFO: Found personal access token {"token_id":200,"user_id":82,"revoked":null} 
[2026-05-27 13:52:07] local.INFO: User authenticated via bearer token {"user_id":82,"user_email":"emmadesigner@example.com"} 
[2026-05-27 13:52:07] local.INFO: Returning campaigns for user {"user_id":82,"campaign_count":1,"statuses":["live"]} 
[2026-05-27 13:52:08] local.INFO: ParseBearerToken middleware invoked {"path":"/api/v2/campaign","method":"GET","has_auth_header":true,"auth_header_preview":"Bearer 200|77cHU4PJJLVMbsndnt3...","is_bearer":true} 
[2026-05-27 13:52:08] local.INFO: Extracted bearer token {"token_preview":"200|77cHU4...","token_length":52} 
[2026-05-27 13:52:08] local.INFO: Found personal access token {"token_id":200,"user_id":82,"revoked":null} 
[2026-05-27 13:52:08] local.INFO: User authenticated via bearer token {"user_id":82,"user_email":"emmadesigner@example.com"} 
[2026-05-27 13:52:08] local.INFO: Returning campaigns for user {"user_id":82,"campaign_count":1,"statuses":["live"]} 
[2026-05-27 13:52:35] local.INFO: ParseBearerToken middleware invoked {"path":"/api/v2/campaign","method":"GET","has_auth_header":true,"auth_header_preview":"Bearer 200|77cHU4PJJLVMbsndnt3...","is_bearer":true} 
[2026-05-27 13:52:35] local.INFO: Extracted bearer token {"token_preview":"200|77cHU4...","token_length":52} 
[2026-05-27 13:52:35] local.INFO: Found personal access token {"token_id":200,"user_id":82,"revoked":null} 
[2026-05-27 13:52:35] local.INFO: User authenticated via bearer token {"user_id":82,"user_email":"emmadesigner@example.com"} 
[2026-05-27 13:52:36] local.INFO: Returning campaigns for user {"user_id":82,"campaign_count":1,"statuses":["live"]} 
[2026-05-27 13:52:36] local.INFO: ParseBearerToken middleware invoked {"path":"/api/v2/campaign","method":"GET","has_auth_header":true,"auth_header_preview":"Bearer 200|77cHU4PJJLVMbsndnt3...","is_bearer":true} 
[2026-05-27 13:52:36] local.INFO: Extracted bearer token {"token_preview":"200|77cHU4...","token_length":52} 
[2026-05-27 13:52:36] local.INFO: Found personal access token {"token_id":200,"user_id":82,"revoked":null} 
[2026-05-27 13:52:36] local.INFO: User authenticated via bearer token {"user_id":82,"user_email":"emmadesigner@example.com"} 
[2026-05-27 13:52:36] local.INFO: Returning campaigns for user {"user_id":82,"campaign_count":1,"statuses":["live"]} 
[2026-05-27 13:53:07] local.INFO: ParseBearerToken middleware invoked {"path":"/api/v2/campaign","method":"GET","has_auth_header":true,"auth_header_preview":"Bearer 200|77cHU4PJJLVMbsndnt3...","is_bearer":true} 
[2026-05-27 13:53:07] local.INFO: Extracted bearer token {"token_preview":"200|77cHU4...","token_length":52} 
[2026-05-27 13:53:07] local.INFO: Found personal access token {"token_id":200,"user_id":82,"revoked":null} 
[2026-05-27 13:53:07] local.INFO: User authenticated via bearer token {"user_id":82,"user_email":"emmadesigner@example.com"} 
[2026-05-27 13:53:07] local.INFO: Returning campaigns for user {"user_id":82,"campaign_count":1,"statuses":["live"]} 
[2026-05-27 13:53:08] local.INFO: ParseBearerToken middleware invoked {"path":"/api/v2/campaign","method":"GET","has_auth_header":true,"auth_header_preview":"Bearer 200|77cHU4PJJLVMbsndnt3...","is_bearer":true} 
[2026-05-27 13:53:08] local.INFO: Extracted bearer token {"token_preview":"200|77cHU4...","token_length":52} 
[2026-05-27 13:53:08] local.INFO: Found personal access token {"token_id":200,"user_id":82,"revoked":null} 
[2026-05-27 13:53:08] local.INFO: User authenticated via bearer token {"user_id":82,"user_email":"emmadesigner@example.com"} 
[2026-05-27 13:53:08] local.INFO: Returning campaigns for user {"user_id":82,"campaign_count":1,"statuses":["live"]} 
[2026-05-27 13:53:35] local.INFO: ParseBearerToken middleware invoked {"path":"/api/v2/campaign","method":"GET","has_auth_header":true,"auth_header_preview":"Bearer 200|77cHU4PJJLVMbsndnt3...","is_bearer":true} 
[2026-05-27 13:53:35] local.INFO: Extracted bearer token {"token_preview":"200|77cHU4...","token_length":52} 
[2026-05-27 13:53:35] local.INFO: Found personal access token {"token_id":200,"user_id":82,"revoked":null} 
[2026-05-27 13:53:35] local.INFO: User authenticated via bearer token {"user_id":82,"user_email":"emmadesigner@example.com"} 
[2026-05-27 13:53:35] local.INFO: Returning campaigns for user {"user_id":82,"campaign_count":1,"statuses":["live"]} 
[2026-05-27 13:53:36] local.INFO: ParseBearerToken middleware invoked {"path":"/api/v2/campaign","method":"GET","has_auth_header":true,"auth_header_preview":"Bearer 200|77cHU4PJJLVMbsndnt3...","is_bearer":true} 
[2026-05-27 13:53:36] local.INFO: Extracted bearer token {"token_preview":"200|77cHU4...","token_length":52} 
[2026-05-27 13:53:36] local.INFO: Found personal access token {"token_id":200,"user_id":82,"revoked":null} 
[2026-05-27 13:53:36] local.INFO: User authenticated via bearer token {"user_id":82,"user_email":"emmadesigner@example.com"} 
[2026-05-27 13:53:36] local.INFO: Returning campaigns for user {"user_id":82,"campaign_count":1,"statuses":["live"]} 
[2026-05-27 13:54:06] local.INFO: ParseBearerToken middleware invoked {"path":"/api/v2/campaign","method":"GET","has_auth_header":true,"auth_header_preview":"Bearer 200|77cHU4PJJLVMbsndnt3...","is_bearer":true} 
[2026-05-27 13:54:06] local.INFO: Extracted bearer token {"token_preview":"200|77cHU4...","token_length":52} 
[2026-05-27 13:54:06] local.INFO: Found personal access token {"token_id":200,"user_id":82,"revoked":null} 
[2026-05-27 13:54:06] local.INFO: User authenticated via bearer token {"user_id":82,"user_email":"emmadesigner@example.com"} 
[2026-05-27 13:54:06] local.INFO: Returning campaigns for user {"user_id":82,"campaign_count":1,"statuses":["live"]} 
[2026-05-27 13:54:07] local.INFO: ParseBearerToken middleware invoked {"path":"/api/v2/campaign","method":"GET","has_auth_header":true,"auth_header_preview":"Bearer 200|77cHU4PJJLVMbsndnt3...","is_bearer":true} 
[2026-05-27 13:54:07] local.INFO: Extracted bearer token {"token_preview":"200|77cHU4...","token_length":52} 
[2026-05-27 13:54:07] local.INFO: Found personal access token {"token_id":200,"user_id":82,"revoked":null} 
[2026-05-27 13:54:07] local.INFO: User authenticated via bearer token {"user_id":82,"user_email":"emmadesigner@example.com"} 
[2026-05-27 13:54:07] local.INFO: Returning campaigns for user {"user_id":82,"campaign_count":1,"statuses":["live"]} 
[2026-05-27 13:54:36] local.INFO: ParseBearerToken middleware invoked {"path":"/api/v2/campaign","method":"GET","has_auth_header":true,"auth_header_preview":"Bearer 200|77cHU4PJJLVMbsndnt3...","is_bearer":true} 
[2026-05-27 13:54:36] local.INFO: Extracted bearer token {"token_preview":"200|77cHU4...","token_length":52} 
[2026-05-27 13:54:36] local.INFO: Found personal access token {"token_id":200,"user_id":82,"revoked":null} 
[2026-05-27 13:54:36] local.INFO: User authenticated via bearer token {"user_id":82,"user_email":"emmadesigner@example.com"} 
[2026-05-27 13:54:36] local.INFO: Returning campaigns for user {"user_id":82,"campaign_count":1,"statuses":["live"]} 
[2026-05-27 13:54:37] local.INFO: ParseBearerToken middleware invoked {"path":"/api/v2/campaign","method":"GET","has_auth_header":true,"auth_header_preview":"Bearer 200|77cHU4PJJLVMbsndnt3...","is_bearer":true} 
[2026-05-27 13:54:37] local.INFO: Extracted bearer token {"token_preview":"200|77cHU4...","token_length":52} 
[2026-05-27 13:54:37] local.INFO: Found personal access token {"token_id":200,"user_id":82,"revoked":null} 
[2026-05-27 13:54:37] local.INFO: User authenticated via bearer token {"user_id":82,"user_email":"emmadesigner@example.com"} 
[2026-05-27 13:54:37] local.INFO: Returning campaigns for user {"user_id":82,"campaign_count":1,"statuses":["live"]} 
[2026-05-27 13:55:06] local.INFO: ParseBearerToken middleware invoked {"path":"/api/v2/campaign","method":"GET","has_auth_header":true,"auth_header_preview":"Bearer 200|77cHU4PJJLVMbsndnt3...","is_bearer":true} 
[2026-05-27 13:55:06] local.INFO: Extracted bearer token {"token_preview":"200|77cHU4...","token_length":52} 
[2026-05-27 13:55:06] local.INFO: Found personal access token {"token_id":200,"user_id":82,"revoked":null} 
[2026-05-27 13:55:06] local.INFO: User authenticated via bearer token {"user_id":82,"user_email":"emmadesigner@example.com"} 
[2026-05-27 13:55:06] local.INFO: Returning campaigns for user {"user_id":82,"campaign_count":1,"statuses":["live"]} 
[2026-05-27 13:55:07] local.INFO: ParseBearerToken middleware invoked {"path":"/api/v2/campaign","method":"GET","has_auth_header":true,"auth_header_preview":"Bearer 200|77cHU4PJJLVMbsndnt3...","is_bearer":true} 
[2026-05-27 13:55:07] local.INFO: Extracted bearer token {"token_preview":"200|77cHU4...","token_length":52} 
[2026-05-27 13:55:07] local.INFO: Found personal access token {"token_id":200,"user_id":82,"revoked":null} 
[2026-05-27 13:55:07] local.INFO: User authenticated via bearer token {"user_id":82,"user_email":"emmadesigner@example.com"} 
[2026-05-27 13:55:07] local.INFO: Returning campaigns for user {"user_id":82,"campaign_count":1,"statuses":["live"]} 
[2026-05-27 13:55:36] local.INFO: ParseBearerToken middleware invoked {"path":"/api/v2/campaign","method":"GET","has_auth_header":true,"auth_header_preview":"Bearer 200|77cHU4PJJLVMbsndnt3...","is_bearer":true} 
[2026-05-27 13:55:36] local.INFO: Extracted bearer token {"token_preview":"200|77cHU4...","token_length":52} 
[2026-05-27 13:55:36] local.INFO: Found personal access token {"token_id":200,"user_id":82,"revoked":null} 
[2026-05-27 13:55:36] local.INFO: User authenticated via bearer token {"user_id":82,"user_email":"emmadesigner@example.com"} 
[2026-05-27 13:55:36] local.INFO: Returning campaigns for user {"user_id":82,"campaign_count":1,"statuses":["live"]} 
[2026-05-27 13:55:36] local.INFO: ParseBearerToken middleware invoked {"path":"/api/v2/campaign","method":"GET","has_auth_header":true,"auth_header_preview":"Bearer 200|77cHU4PJJLVMbsndnt3...","is_bearer":true} 
[2026-05-27 13:55:36] local.INFO: Extracted bearer token {"token_preview":"200|77cHU4...","token_length":52} 
[2026-05-27 13:55:36] local.INFO: Found personal access token {"token_id":200,"user_id":82,"revoked":null} 
[2026-05-27 13:55:36] local.INFO: User authenticated via bearer token {"user_id":82,"user_email":"emmadesigner@example.com"} 
[2026-05-27 13:55:36] local.INFO: Returning campaigns for user {"user_id":82,"campaign_count":1,"statuses":["live"]} 
[2026-05-27 13:56:08] local.INFO: ParseBearerToken middleware invoked {"path":"/api/v2/campaign","method":"GET","has_auth_header":true,"auth_header_preview":"Bearer 200|77cHU4PJJLVMbsndnt3...","is_bearer":true} 
[2026-05-27 13:56:08] local.INFO: Extracted bearer token {"token_preview":"200|77cHU4...","token_length":52} 
[2026-05-27 13:56:08] local.INFO: Found personal access token {"token_id":200,"user_id":82,"revoked":null} 
[2026-05-27 13:56:08] local.INFO: User authenticated via bearer token {"user_id":82,"user_email":"emmadesigner@example.com"} 
[2026-05-27 13:56:08] local.INFO: Returning campaigns for user {"user_id":82,"campaign_count":1,"statuses":["live"]} 
[2026-05-27 13:56:10] local.INFO: ParseBearerToken middleware invoked {"path":"/api/v2/campaign","method":"GET","has_auth_header":true,"auth_header_preview":"Bearer 200|77cHU4PJJLVMbsndnt3...","is_bearer":true} 
[2026-05-27 13:56:10] local.INFO: Extracted bearer token {"token_preview":"200|77cHU4...","token_length":52} 
[2026-05-27 13:56:10] local.INFO: Found personal access token {"token_id":200,"user_id":82,"revoked":null} 
[2026-05-27 13:56:10] local.INFO: User authenticated via bearer token {"user_id":82,"user_email":"emmadesigner@example.com"} 
[2026-05-27 13:56:10] local.INFO: Returning campaigns for user {"user_id":82,"campaign_count":1,"statuses":["live"]} 
[2026-05-27 13:56:39] local.INFO: ParseBearerToken middleware invoked {"path":"/api/v2/campaign","method":"GET","has_auth_header":true,"auth_header_preview":"Bearer 200|77cHU4PJJLVMbsndnt3...","is_bearer":true} 
[2026-05-27 13:56:39] local.INFO: Extracted bearer token {"token_preview":"200|77cHU4...","token_length":52} 
[2026-05-27 13:56:39] local.INFO: Found personal access token {"token_id":200,"user_id":82,"revoked":null} 
[2026-05-27 13:56:39] local.INFO: User authenticated via bearer token {"user_id":82,"user_email":"emmadesigner@example.com"} 
[2026-05-27 13:56:39] local.INFO: Returning campaigns for user {"user_id":82,"campaign_count":1,"statuses":["live"]} 
[2026-05-27 13:56:45] local.INFO: ParseBearerToken middleware invoked {"path":"/api/v2/campaign","method":"GET","has_auth_header":true,"auth_header_preview":"Bearer 200|77cHU4PJJLVMbsndnt3...","is_bearer":true} 
[2026-05-27 13:56:45] local.INFO: Extracted bearer token {"token_preview":"200|77cHU4...","token_length":52} 
[2026-05-27 13:56:45] local.INFO: Found personal access token {"token_id":200,"user_id":82,"revoked":null} 
[2026-05-27 13:56:45] local.INFO: User authenticated via bearer token {"user_id":82,"user_email":"emmadesigner@example.com"} 
[2026-05-27 13:56:45] local.INFO: Returning campaigns for user {"user_id":82,"campaign_count":1,"statuses":["live"]} 
[2026-05-27 13:57:05] local.INFO: ParseBearerToken middleware invoked {"path":"/api/v2/campaign","method":"GET","has_auth_header":true,"auth_header_preview":"Bearer 200|77cHU4PJJLVMbsndnt3...","is_bearer":true} 
[2026-05-27 13:57:05] local.INFO: Extracted bearer token {"token_preview":"200|77cHU4...","token_length":52} 
[2026-05-27 13:57:05] local.INFO: Found personal access token {"token_id":200,"user_id":82,"revoked":null} 
[2026-05-27 13:57:05] local.INFO: User authenticated via bearer token {"user_id":82,"user_email":"emmadesigner@example.com"} 
[2026-05-27 13:57:05] local.INFO: Returning campaigns for user {"user_id":82,"campaign_count":1,"statuses":["live"]} 
[2026-05-27 13:57:06] local.INFO: ParseBearerToken middleware invoked {"path":"/api/v2/campaign","method":"GET","has_auth_header":true,"auth_header_preview":"Bearer 200|77cHU4PJJLVMbsndnt3...","is_bearer":true} 
[2026-05-27 13:57:06] local.INFO: Extracted bearer token {"token_preview":"200|77cHU4...","token_length":52} 
[2026-05-27 13:57:06] local.INFO: Found personal access token {"token_id":200,"user_id":82,"revoked":null} 
[2026-05-27 13:57:06] local.INFO: User authenticated via bearer token {"user_id":82,"user_email":"emmadesigner@example.com"} 
[2026-05-27 13:57:06] local.INFO: Returning campaigns for user {"user_id":82,"campaign_count":1,"statuses":["live"]} 
[2026-05-27 13:57:35] local.INFO: ParseBearerToken middleware invoked {"path":"/api/v2/campaign","method":"GET","has_auth_header":true,"auth_header_preview":"Bearer 200|77cHU4PJJLVMbsndnt3...","is_bearer":true} 
[2026-05-27 13:57:35] local.INFO: Extracted bearer token {"token_preview":"200|77cHU4...","token_length":52} 
[2026-05-27 13:57:35] local.INFO: Found personal access token {"token_id":200,"user_id":82,"revoked":null} 
[2026-05-27 13:57:35] local.INFO: User authenticated via bearer token {"user_id":82,"user_email":"emmadesigner@example.com"} 
[2026-05-27 13:57:35] local.INFO: Returning campaigns for user {"user_id":82,"campaign_count":1,"statuses":["live"]} 
[2026-05-27 13:57:37] local.INFO: ParseBearerToken middleware invoked {"path":"/api/v2/campaign","method":"GET","has_auth_header":true,"auth_header_preview":"Bearer 200|77cHU4PJJLVMbsndnt3...","is_bearer":true} 
[2026-05-27 13:57:37] local.INFO: Extracted bearer token {"token_preview":"200|77cHU4...","token_length":52} 
[2026-05-27 13:57:37] local.INFO: Found personal access token {"token_id":200,"user_id":82,"revoked":null} 
[2026-05-27 13:57:37] local.INFO: User authenticated via bearer token {"user_id":82,"user_email":"emmadesigner@example.com"} 
[2026-05-27 13:57:37] local.INFO: Returning campaigns for user {"user_id":82,"campaign_count":1,"statuses":["live"]} 
[2026-05-27 13:58:06] local.INFO: ParseBearerToken middleware invoked {"path":"/api/v2/campaign","method":"GET","has_auth_header":true,"auth_header_preview":"Bearer 200|77cHU4PJJLVMbsndnt3...","is_bearer":true} 
[2026-05-27 13:58:06] local.INFO: Extracted bearer token {"token_preview":"200|77cHU4...","token_length":52} 
[2026-05-27 13:58:06] local.INFO: Found personal access token {"token_id":200,"user_id":82,"revoked":null} 
[2026-05-27 13:58:06] local.INFO: User authenticated via bearer token {"user_id":82,"user_email":"emmadesigner@example.com"} 
[2026-05-27 13:58:06] local.INFO: Returning campaigns for user {"user_id":82,"campaign_count":1,"statuses":["live"]} 
[2026-05-27 13:58:07] local.INFO: ParseBearerToken middleware invoked {"path":"/api/v2/campaign","method":"GET","has_auth_header":true,"auth_header_preview":"Bearer 200|77cHU4PJJLVMbsndnt3...","is_bearer":true} 
[2026-05-27 13:58:07] local.INFO: Extracted bearer token {"token_preview":"200|77cHU4...","token_length":52} 
[2026-05-27 13:58:07] local.INFO: Found personal access token {"token_id":200,"user_id":82,"revoked":null} 
[2026-05-27 13:58:07] local.INFO: User authenticated via bearer token {"user_id":82,"user_email":"emmadesigner@example.com"} 
[2026-05-27 13:58:07] local.INFO: Returning campaigns for user {"user_id":82,"campaign_count":1,"statuses":["live"]} 
[2026-05-27 13:58:37] local.INFO: ParseBearerToken middleware invoked {"path":"/api/v2/campaign","method":"GET","has_auth_header":true,"auth_header_preview":"Bearer 200|77cHU4PJJLVMbsndnt3...","is_bearer":true} 
[2026-05-27 13:58:37] local.INFO: Extracted bearer token {"token_preview":"200|77cHU4...","token_length":52} 
[2026-05-27 13:58:37] local.INFO: Found personal access token {"token_id":200,"user_id":82,"revoked":null} 
[2026-05-27 13:58:37] local.INFO: User authenticated via bearer token {"user_id":82,"user_email":"emmadesigner@example.com"} 
[2026-05-27 13:58:37] local.INFO: Returning campaigns for user {"user_id":82,"campaign_count":1,"statuses":["live"]} 
[2026-05-27 13:58:38] local.INFO: ParseBearerToken middleware invoked {"path":"/api/v2/campaign","method":"GET","has_auth_header":true,"auth_header_preview":"Bearer 200|77cHU4PJJLVMbsndnt3...","is_bearer":true} 
[2026-05-27 13:58:38] local.INFO: Extracted bearer token {"token_preview":"200|77cHU4...","token_length":52} 
[2026-05-27 13:58:38] local.INFO: Found personal access token {"token_id":200,"user_id":82,"revoked":null} 
[2026-05-27 13:58:38] local.INFO: User authenticated via bearer token {"user_id":82,"user_email":"emmadesigner@example.com"} 
[2026-05-27 13:58:38] local.INFO: Returning campaigns for user {"user_id":82,"campaign_count":1,"statuses":["live"]} 
[2026-05-27 13:59:11] local.INFO: ParseBearerToken middleware invoked {"path":"/api/v2/campaign","method":"GET","has_auth_header":true,"auth_header_preview":"Bearer 200|77cHU4PJJLVMbsndnt3...","is_bearer":true} 
[2026-05-27 13:59:11] local.INFO: Extracted bearer token {"token_preview":"200|77cHU4...","token_length":52} 
[2026-05-27 13:59:11] local.INFO: Found personal access token {"token_id":200,"user_id":82,"revoked":null} 
[2026-05-27 13:59:11] local.INFO: User authenticated via bearer token {"user_id":82,"user_email":"emmadesigner@example.com"} 
[2026-05-27 13:59:11] local.INFO: Returning campaigns for user {"user_id":82,"campaign_count":1,"statuses":["live"]} 
[2026-05-27 13:59:13] local.INFO: ParseBearerToken middleware invoked {"path":"/api/v2/campaign","method":"GET","has_auth_header":true,"auth_header_preview":"Bearer 200|77cHU4PJJLVMbsndnt3...","is_bearer":true} 
[2026-05-27 13:59:13] local.INFO: Extracted bearer token {"token_preview":"200|77cHU4...","token_length":52} 
[2026-05-27 13:59:13] local.INFO: Found personal access token {"token_id":200,"user_id":82,"revoked":null} 
[2026-05-27 13:59:13] local.INFO: User authenticated via bearer token {"user_id":82,"user_email":"emmadesigner@example.com"} 
[2026-05-27 13:59:13] local.INFO: Returning campaigns for user {"user_id":82,"campaign_count":1,"statuses":["live"]} 
[2026-05-27 13:59:35] local.INFO: ParseBearerToken middleware invoked {"path":"/api/v2/campaign","method":"GET","has_auth_header":true,"auth_header_preview":"Bearer 200|77cHU4PJJLVMbsndnt3...","is_bearer":true} 
[2026-05-27 13:59:35] local.INFO: Extracted bearer token {"token_preview":"200|77cHU4...","token_length":52} 
[2026-05-27 13:59:35] local.INFO: Found personal access token {"token_id":200,"user_id":82,"revoked":null} 
[2026-05-27 13:59:35] local.INFO: User authenticated via bearer token {"user_id":82,"user_email":"emmadesigner@example.com"} 
[2026-05-27 13:59:35] local.INFO: Returning campaigns for user {"user_id":82,"campaign_count":1,"statuses":["live"]} 
[2026-05-27 13:59:37] local.INFO: ParseBearerToken middleware invoked {"path":"/api/v2/campaign","method":"GET","has_auth_header":true,"auth_header_preview":"Bearer 200|77cHU4PJJLVMbsndnt3...","is_bearer":true} 
[2026-05-27 13:59:37] local.INFO: Extracted bearer token {"token_preview":"200|77cHU4...","token_length":52} 
[2026-05-27 13:59:37] local.INFO: Found personal access token {"token_id":200,"user_id":82,"revoked":null} 
[2026-05-27 13:59:37] local.INFO: User authenticated via bearer token {"user_id":82,"user_email":"emmadesigner@example.com"} 
[2026-05-27 13:59:37] local.INFO: Returning campaigns for user {"user_id":82,"campaign_count":1,"statuses":["live"]} 
[2026-05-27 14:00:06] local.INFO: ParseBearerToken middleware invoked {"path":"/api/v2/campaign","method":"GET","has_auth_header":true,"auth_header_preview":"Bearer 200|77cHU4PJJLVMbsndnt3...","is_bearer":true} 
[2026-05-27 14:00:06] local.INFO: Extracted bearer token {"token_preview":"200|77cHU4...","token_length":52} 
[2026-05-27 14:00:06] local.INFO: Found personal access token {"token_id":200,"user_id":82,"revoked":null} 
[2026-05-27 14:00:06] local.INFO: User authenticated via bearer token {"user_id":82,"user_email":"emmadesigner@example.com"} 
[2026-05-27 14:00:06] local.INFO: Returning campaigns for user {"user_id":82,"campaign_count":1,"statuses":["live"]} 
[2026-05-27 14:00:08] local.INFO: ParseBearerToken middleware invoked {"path":"/api/v2/campaign","method":"GET","has_auth_header":true,"auth_header_preview":"Bearer 200|77cHU4PJJLVMbsndnt3...","is_bearer":true} 
[2026-05-27 14:00:08] local.INFO: Extracted bearer token {"token_preview":"200|77cHU4...","token_length":52} 
[2026-05-27 14:00:08] local.INFO: Found personal access token {"token_id":200,"user_id":82,"revoked":null} 
[2026-05-27 14:00:08] local.INFO: User authenticated via bearer token {"user_id":82,"user_email":"emmadesigner@example.com"} 
[2026-05-27 14:00:08] local.INFO: Returning campaigns for user {"user_id":82,"campaign_count":1,"statuses":["live"]} 
[2026-05-27 14:00:37] local.INFO: ParseBearerToken middleware invoked {"path":"/api/v2/campaign","method":"GET","has_auth_header":true,"auth_header_preview":"Bearer 200|77cHU4PJJLVMbsndnt3...","is_bearer":true} 
[2026-05-27 14:00:37] local.INFO: Extracted bearer token {"token_preview":"200|77cHU4...","token_length":52} 
[2026-05-27 14:00:37] local.INFO: Found personal access token {"token_id":200,"user_id":82,"revoked":null} 
[2026-05-27 14:00:37] local.INFO: User authenticated via bearer token {"user_id":82,"user_email":"emmadesigner@example.com"} 
[2026-05-27 14:00:38] local.INFO: Returning campaigns for user {"user_id":82,"campaign_count":1,"statuses":["live"]} 
[2026-05-27 14:00:41] local.INFO: ParseBearerToken middleware invoked {"path":"/api/v2/campaign","method":"GET","has_auth_header":true,"auth_header_preview":"Bearer 200|77cHU4PJJLVMbsndnt3...","is_bearer":true} 
[2026-05-27 14:00:41] local.INFO: Extracted bearer token {"token_preview":"200|77cHU4...","token_length":52} 
[2026-05-27 14:00:41] local.INFO: Found personal access token {"token_id":200,"user_id":82,"revoked":null} 
[2026-05-27 14:00:41] local.INFO: User authenticated via bearer token {"user_id":82,"user_email":"emmadesigner@example.com"} 
[2026-05-27 14:00:41] local.INFO: Returning campaigns for user {"user_id":82,"campaign_count":1,"statuses":["live"]} 
[2026-05-27 14:01:06] local.INFO: ParseBearerToken middleware invoked {"path":"/api/v2/campaign","method":"GET","has_auth_header":true,"auth_header_preview":"Bearer 200|77cHU4PJJLVMbsndnt3...","is_bearer":true} 
[2026-05-27 14:01:06] local.INFO: Extracted bearer token {"token_preview":"200|77cHU4...","token_length":52} 
[2026-05-27 14:01:06] local.INFO: Found personal access token {"token_id":200,"user_id":82,"revoked":null} 
[2026-05-27 14:01:06] local.INFO: User authenticated via bearer token {"user_id":82,"user_email":"emmadesigner@example.com"} 
[2026-05-27 14:01:06] local.INFO: Returning campaigns for user {"user_id":82,"campaign_count":1,"statuses":["live"]} 
[2026-05-27 14:01:07] local.INFO: ParseBearerToken middleware invoked {"path":"/api/v2/campaign","method":"GET","has_auth_header":true,"auth_header_preview":"Bearer 200|77cHU4PJJLVMbsndnt3...","is_bearer":true} 
[2026-05-27 14:01:07] local.INFO: Extracted bearer token {"token_preview":"200|77cHU4...","token_length":52} 
[2026-05-27 14:01:08] local.INFO: Found personal access token {"token_id":200,"user_id":82,"revoked":null} 
[2026-05-27 14:01:08] local.INFO: User authenticated via bearer token {"user_id":82,"user_email":"emmadesigner@example.com"} 
[2026-05-27 14:01:08] local.INFO: Returning campaigns for user {"user_id":82,"campaign_count":1,"statuses":["live"]} 
[2026-05-27 14:01:38] local.INFO: ParseBearerToken middleware invoked {"path":"/api/v2/campaign","method":"GET","has_auth_header":true,"auth_header_preview":"Bearer 200|77cHU4PJJLVMbsndnt3...","is_bearer":true} 
[2026-05-27 14:01:38] local.INFO: Extracted bearer token {"token_preview":"200|77cHU4...","token_length":52} 
[2026-05-27 14:01:38] local.INFO: Found personal access token {"token_id":200,"user_id":82,"revoked":null} 
[2026-05-27 14:01:38] local.INFO: User authenticated via bearer token {"user_id":82,"user_email":"emmadesigner@example.com"} 
[2026-05-27 14:01:38] local.INFO: Returning campaigns for user {"user_id":82,"campaign_count":1,"statuses":["live"]} 
[2026-05-27 14:01:40] local.INFO: ParseBearerToken middleware invoked {"path":"/api/v2/campaign","method":"GET","has_auth_header":true,"auth_header_preview":"Bearer 200|77cHU4PJJLVMbsndnt3...","is_bearer":true} 
[2026-05-27 14:01:40] local.INFO: Extracted bearer token {"token_preview":"200|77cHU4...","token_length":52} 
[2026-05-27 14:01:40] local.INFO: Found personal access token {"token_id":200,"user_id":82,"revoked":null} 
[2026-05-27 14:01:40] local.INFO: User authenticated via bearer token {"user_id":82,"user_email":"emmadesigner@example.com"} 
[2026-05-27 14:01:40] local.INFO: Returning campaigns for user {"user_id":82,"campaign_count":1,"statuses":["live"]} 
[2026-05-27 14:02:06] local.INFO: ParseBearerToken middleware invoked {"path":"/api/v2/campaign","method":"GET","has_auth_header":true,"auth_header_preview":"Bearer 200|77cHU4PJJLVMbsndnt3...","is_bearer":true} 
[2026-05-27 14:02:06] local.INFO: Extracted bearer token {"token_preview":"200|77cHU4...","token_length":52} 
[2026-05-27 14:02:06] local.INFO: Found personal access token {"token_id":200,"user_id":82,"revoked":null} 
[2026-05-27 14:02:06] local.INFO: User authenticated via bearer token {"user_id":82,"user_email":"emmadesigner@example.com"} 
[2026-05-27 14:02:06] local.INFO: Returning campaigns for user {"user_id":82,"campaign_count":1,"statuses":["live"]} 
[2026-05-27 14:02:07] local.INFO: ParseBearerToken middleware invoked {"path":"/api/v2/campaign","method":"GET","has_auth_header":true,"auth_header_preview":"Bearer 200|77cHU4PJJLVMbsndnt3...","is_bearer":true} 
[2026-05-27 14:02:07] local.INFO: Extracted bearer token {"token_preview":"200|77cHU4...","token_length":52} 
[2026-05-27 14:02:07] local.INFO: Found personal access token {"token_id":200,"user_id":82,"revoked":null} 
[2026-05-27 14:02:07] local.INFO: User authenticated via bearer token {"user_id":82,"user_email":"emmadesigner@example.com"} 
[2026-05-27 14:02:07] local.INFO: Returning campaigns for user {"user_id":82,"campaign_count":1,"statuses":["live"]} 
[2026-05-27 14:02:36] local.INFO: ParseBearerToken middleware invoked {"path":"/api/v2/campaign","method":"GET","has_auth_header":true,"auth_header_preview":"Bearer 200|77cHU4PJJLVMbsndnt3...","is_bearer":true} 
[2026-05-27 14:02:36] local.INFO: Extracted bearer token {"token_preview":"200|77cHU4...","token_length":52} 
[2026-05-27 14:02:36] local.INFO: Found personal access token {"token_id":200,"user_id":82,"revoked":null} 
[2026-05-27 14:02:36] local.INFO: User authenticated via bearer token {"user_id":82,"user_email":"emmadesigner@example.com"} 
[2026-05-27 14:02:36] local.INFO: Returning campaigns for user {"user_id":82,"campaign_count":1,"statuses":["live"]} 
[2026-05-27 14:02:37] local.INFO: ParseBearerToken middleware invoked {"path":"/api/v2/campaign","method":"GET","has_auth_header":true,"auth_header_preview":"Bearer 200|77cHU4PJJLVMbsndnt3...","is_bearer":true} 
[2026-05-27 14:02:37] local.INFO: Extracted bearer token {"token_preview":"200|77cHU4...","token_length":52} 
[2026-05-27 14:02:37] local.INFO: Found personal access token {"token_id":200,"user_id":82,"revoked":null} 
[2026-05-27 14:02:37] local.INFO: User authenticated via bearer token {"user_id":82,"user_email":"emmadesigner@example.com"} 
[2026-05-27 14:02:37] local.INFO: Returning campaigns for user {"user_id":82,"campaign_count":1,"statuses":["live"]} 
[2026-05-27 14:03:06] local.INFO: ParseBearerToken middleware invoked {"path":"/api/v2/campaign","method":"GET","has_auth_header":true,"auth_header_preview":"Bearer 200|77cHU4PJJLVMbsndnt3...","is_bearer":true} 
[2026-05-27 14:03:06] local.INFO: Extracted bearer token {"token_preview":"200|77cHU4...","token_length":52} 
[2026-05-27 14:03:06] local.INFO: Found personal access token {"token_id":200,"user_id":82,"revoked":null} 
[2026-05-27 14:03:06] local.INFO: User authenticated via bearer token {"user_id":82,"user_email":"emmadesigner@example.com"} 
[2026-05-27 14:03:06] local.INFO: Returning campaigns for user {"user_id":82,"campaign_count":1,"statuses":["live"]} 
[2026-05-27 14:03:07] local.INFO: ParseBearerToken middleware invoked {"path":"/api/v2/campaign","method":"GET","has_auth_header":true,"auth_header_preview":"Bearer 200|77cHU4PJJLVMbsndnt3...","is_bearer":true} 
[2026-05-27 14:03:07] local.INFO: Extracted bearer token {"token_preview":"200|77cHU4...","token_length":52} 
[2026-05-27 14:03:07] local.INFO: Found personal access token {"token_id":200,"user_id":82,"revoked":null} 
[2026-05-27 14:03:07] local.INFO: User authenticated via bearer token {"user_id":82,"user_email":"emmadesigner@example.com"} 
[2026-05-27 14:03:07] local.INFO: Returning campaigns for user {"user_id":82,"campaign_count":1,"statuses":["live"]} 
[2026-05-27 14:03:38] local.INFO: ParseBearerToken middleware invoked {"path":"/api/v2/campaign","method":"GET","has_auth_header":true,"auth_header_preview":"Bearer 200|77cHU4PJJLVMbsndnt3...","is_bearer":true} 
[2026-05-27 14:03:38] local.INFO: Extracted bearer token {"token_preview":"200|77cHU4...","token_length":52} 
[2026-05-27 14:03:38] local.INFO: Found personal access token {"token_id":200,"user_id":82,"revoked":null} 
[2026-05-27 14:03:38] local.INFO: User authenticated via bearer token {"user_id":82,"user_email":"emmadesigner@example.com"} 
[2026-05-27 14:03:38] local.INFO: Returning campaigns for user {"user_id":82,"campaign_count":1,"statuses":["live"]} 
[2026-05-27 14:03:39] local.INFO: ParseBearerToken middleware invoked {"path":"/api/v2/campaign","method":"GET","has_auth_header":true,"auth_header_preview":"Bearer 200|77cHU4PJJLVMbsndnt3...","is_bearer":true} 
[2026-05-27 14:03:39] local.INFO: Extracted bearer token {"token_preview":"200|77cHU4...","token_length":52} 
[2026-05-27 14:03:39] local.INFO: Found personal access token {"token_id":200,"user_id":82,"revoked":null} 
[2026-05-27 14:03:39] local.INFO: User authenticated via bearer token {"user_id":82,"user_email":"emmadesigner@example.com"} 
[2026-05-27 14:03:39] local.INFO: Returning campaigns for user {"user_id":82,"campaign_count":1,"statuses":["live"]} 
[2026-05-27 14:04:06] local.INFO: ParseBearerToken middleware invoked {"path":"/api/v2/campaign","method":"GET","has_auth_header":true,"auth_header_preview":"Bearer 200|77cHU4PJJLVMbsndnt3...","is_bearer":true} 
[2026-05-27 14:04:06] local.INFO: Extracted bearer token {"token_preview":"200|77cHU4...","token_length":52} 
[2026-05-27 14:04:06] local.INFO: Found personal access token {"token_id":200,"user_id":82,"revoked":null} 
[2026-05-27 14:04:06] local.INFO: User authenticated via bearer token {"user_id":82,"user_email":"emmadesigner@example.com"} 
[2026-05-27 14:04:06] local.INFO: Returning campaigns for user {"user_id":82,"campaign_count":1,"statuses":["live"]} 
[2026-05-27 14:04:07] local.INFO: ParseBearerToken middleware invoked {"path":"/api/v2/campaign","method":"GET","has_auth_header":true,"auth_header_preview":"Bearer 200|77cHU4PJJLVMbsndnt3...","is_bearer":true} 
[2026-05-27 14:04:07] local.INFO: Extracted bearer token {"token_preview":"200|77cHU4...","token_length":52} 
[2026-05-27 14:04:07] local.INFO: Found personal access token {"token_id":200,"user_id":82,"revoked":null} 
[2026-05-27 14:04:07] local.INFO: User authenticated via bearer token {"user_id":82,"user_email":"emmadesigner@example.com"} 
[2026-05-27 14:04:07] local.INFO: Returning campaigns for user {"user_id":82,"campaign_count":1,"statuses":["live"]} 
[2026-05-27 14:04:39] local.INFO: ParseBearerToken middleware invoked {"path":"/api/v2/campaign","method":"GET","has_auth_header":true,"auth_header_preview":"Bearer 200|77cHU4PJJLVMbsndnt3...","is_bearer":true} 
[2026-05-27 14:04:39] local.INFO: Extracted bearer token {"token_preview":"200|77cHU4...","token_length":52} 
[2026-05-27 14:04:39] local.INFO: Found personal access token {"token_id":200,"user_id":82,"revoked":null} 
[2026-05-27 14:04:39] local.INFO: User authenticated via bearer token {"user_id":82,"user_email":"emmadesigner@example.com"} 
[2026-05-27 14:04:39] local.INFO: Returning campaigns for user {"user_id":82,"campaign_count":1,"statuses":["live"]} 
[2026-05-27 14:04:41] local.INFO: ParseBearerToken middleware invoked {"path":"/api/v2/campaign","method":"GET","has_auth_header":true,"auth_header_preview":"Bearer 200|77cHU4PJJLVMbsndnt3...","is_bearer":true} 
[2026-05-27 14:04:41] local.INFO: Extracted bearer token {"token_preview":"200|77cHU4...","token_length":52} 
[2026-05-27 14:04:41] local.INFO: Found personal access token {"token_id":200,"user_id":82,"revoked":null} 
[2026-05-27 14:04:41] local.INFO: User authenticated via bearer token {"user_id":82,"user_email":"emmadesigner@example.com"} 
[2026-05-27 14:04:41] local.INFO: Returning campaigns for user {"user_id":82,"campaign_count":1,"statuses":["live"]} 
[2026-05-27 14:05:07] local.INFO: ParseBearerToken middleware invoked {"path":"/api/v2/campaign","method":"GET","has_auth_header":true,"auth_header_preview":"Bearer 200|77cHU4PJJLVMbsndnt3...","is_bearer":true} 
[2026-05-27 14:05:07] local.INFO: Extracted bearer token {"token_preview":"200|77cHU4...","token_length":52} 
[2026-05-27 14:05:07] local.INFO: Found personal access token {"token_id":200,"user_id":82,"revoked":null} 
[2026-05-27 14:05:07] local.INFO: User authenticated via bearer token {"user_id":82,"user_email":"emmadesigner@example.com"} 
[2026-05-27 14:05:08] local.INFO: Returning campaigns for user {"user_id":82,"campaign_count":1,"statuses":["live"]} 
[2026-05-27 14:05:10] local.INFO: ParseBearerToken middleware invoked {"path":"/api/v2/campaign","method":"GET","has_auth_header":true,"auth_header_preview":"Bearer 200|77cHU4PJJLVMbsndnt3...","is_bearer":true} 
[2026-05-27 14:05:10] local.INFO: Extracted bearer token {"token_preview":"200|77cHU4...","token_length":52} 
[2026-05-27 14:05:10] local.INFO: Found personal access token {"token_id":200,"user_id":82,"revoked":null} 
[2026-05-27 14:05:10] local.INFO: User authenticated via bearer token {"user_id":82,"user_email":"emmadesigner@example.com"} 
[2026-05-27 14:05:10] local.INFO: Returning campaigns for user {"user_id":82,"campaign_count":1,"statuses":["live"]} 
[2026-05-27 14:05:36] local.INFO: ParseBearerToken middleware invoked {"path":"/api/v2/campaign","method":"GET","has_auth_header":true,"auth_header_preview":"Bearer 200|77cHU4PJJLVMbsndnt3...","is_bearer":true} 
[2026-05-27 14:05:36] local.INFO: Extracted bearer token {"token_preview":"200|77cHU4...","token_length":52} 
[2026-05-27 14:05:36] local.INFO: Found personal access token {"token_id":200,"user_id":82,"revoked":null} 
[2026-05-27 14:05:36] local.INFO: User authenticated via bearer token {"user_id":82,"user_email":"emmadesigner@example.com"} 
[2026-05-27 14:05:36] local.INFO: Returning campaigns for user {"user_id":82,"campaign_count":1,"statuses":["live"]} 
[2026-05-27 14:05:38] local.INFO: ParseBearerToken middleware invoked {"path":"/api/v2/campaign","method":"GET","has_auth_header":true,"auth_header_preview":"Bearer 200|77cHU4PJJLVMbsndnt3...","is_bearer":true} 
[2026-05-27 14:05:38] local.INFO: Extracted bearer token {"token_preview":"200|77cHU4...","token_length":52} 
[2026-05-27 14:05:38] local.INFO: Found personal access token {"token_id":200,"user_id":82,"revoked":null} 
[2026-05-27 14:05:38] local.INFO: User authenticated via bearer token {"user_id":82,"user_email":"emmadesigner@example.com"} 
[2026-05-27 14:05:38] local.INFO: Returning campaigns for user {"user_id":82,"campaign_count":1,"statuses":["live"]} 
[2026-05-27 14:06:07] local.INFO: ParseBearerToken middleware invoked {"path":"/api/v2/campaign","method":"GET","has_auth_header":true,"auth_header_preview":"Bearer 200|77cHU4PJJLVMbsndnt3...","is_bearer":true} 
[2026-05-27 14:06:07] local.INFO: Extracted bearer token {"token_preview":"200|77cHU4...","token_length":52} 
[2026-05-27 14:06:07] local.INFO: Found personal access token {"token_id":200,"user_id":82,"revoked":null} 
[2026-05-27 14:06:07] local.INFO: User authenticated via bearer token {"user_id":82,"user_email":"emmadesigner@example.com"} 
[2026-05-27 14:06:07] local.INFO: Returning campaigns for user {"user_id":82,"campaign_count":1,"statuses":["live"]} 
[2026-05-27 14:06:09] local.INFO: ParseBearerToken middleware invoked {"path":"/api/v2/campaign","method":"GET","has_auth_header":true,"auth_header_preview":"Bearer 200|77cHU4PJJLVMbsndnt3...","is_bearer":true} 
[2026-05-27 14:06:09] local.INFO: Extracted bearer token {"token_preview":"200|77cHU4...","token_length":52} 
[2026-05-27 14:06:09] local.INFO: Found personal access token {"token_id":200,"user_id":82,"revoked":null} 
[2026-05-27 14:06:09] local.INFO: User authenticated via bearer token {"user_id":82,"user_email":"emmadesigner@example.com"} 
[2026-05-27 14:06:09] local.INFO: Returning campaigns for user {"user_id":82,"campaign_count":1,"statuses":["live"]} 
[2026-05-27 14:06:38] local.INFO: ParseBearerToken middleware invoked {"path":"/api/v2/campaign","method":"GET","has_auth_header":true,"auth_header_preview":"Bearer 200|77cHU4PJJLVMbsndnt3...","is_bearer":true} 
[2026-05-27 14:06:38] local.INFO: Extracted bearer token {"token_preview":"200|77cHU4...","token_length":52} 
[2026-05-27 14:06:38] local.INFO: Found personal access token {"token_id":200,"user_id":82,"revoked":null} 
[2026-05-27 14:06:38] local.INFO: User authenticated via bearer token {"user_id":82,"user_email":"emmadesigner@example.com"} 
[2026-05-27 14:06:38] local.INFO: Returning campaigns for user {"user_id":82,"campaign_count":1,"statuses":["live"]} 
[2026-05-27 14:06:39] local.INFO: ParseBearerToken middleware invoked {"path":"/api/v2/campaign","method":"GET","has_auth_header":true,"auth_header_preview":"Bearer 200|77cHU4PJJLVMbsndnt3...","is_bearer":true} 
[2026-05-27 14:06:39] local.INFO: Extracted bearer token {"token_preview":"200|77cHU4...","token_length":52} 
[2026-05-27 14:06:39] local.INFO: Found personal access token {"token_id":200,"user_id":82,"revoked":null} 
[2026-05-27 14:06:39] local.INFO: User authenticated via bearer token {"user_id":82,"user_email":"emmadesigner@example.com"} 
[2026-05-27 14:06:39] local.INFO: Returning campaigns for user {"user_id":82,"campaign_count":1,"statuses":["live"]} 
[2026-05-27 14:07:05] local.INFO: ParseBearerToken middleware invoked {"path":"/api/v2/campaign","method":"GET","has_auth_header":true,"auth_header_preview":"Bearer 200|77cHU4PJJLVMbsndnt3...","is_bearer":true} 
[2026-05-27 14:07:05] local.INFO: Extracted bearer token {"token_preview":"200|77cHU4...","token_length":52} 
[2026-05-27 14:07:05] local.INFO: Found personal access token {"token_id":200,"user_id":82,"revoked":null} 
[2026-05-27 14:07:05] local.INFO: User authenticated via bearer token {"user_id":82,"user_email":"emmadesigner@example.com"} 
[2026-05-27 14:07:05] local.INFO: Returning campaigns for user {"user_id":82,"campaign_count":1,"statuses":["live"]} 
[2026-05-27 14:07:07] local.INFO: ParseBearerToken middleware invoked {"path":"/api/v2/campaign","method":"GET","has_auth_header":true,"auth_header_preview":"Bearer 200|77cHU4PJJLVMbsndnt3...","is_bearer":true} 
[2026-05-27 14:07:07] local.INFO: Extracted bearer token {"token_preview":"200|77cHU4...","token_length":52} 
[2026-05-27 14:07:07] local.INFO: Found personal access token {"token_id":200,"user_id":82,"revoked":null} 
[2026-05-27 14:07:07] local.INFO: User authenticated via bearer token {"user_id":82,"user_email":"emmadesigner@example.com"} 
[2026-05-27 14:07:07] local.INFO: Returning campaigns for user {"user_id":82,"campaign_count":1,"statuses":["live"]} 
[2026-05-27 14:07:38] local.INFO: ParseBearerToken middleware invoked {"path":"/api/v2/campaign","method":"GET","has_auth_header":true,"auth_header_preview":"Bearer 200|77cHU4PJJLVMbsndnt3...","is_bearer":true} 
[2026-05-27 14:07:38] local.INFO: Extracted bearer token {"token_preview":"200|77cHU4...","token_length":52} 
[2026-05-27 14:07:38] local.INFO: Found personal access token {"token_id":200,"user_id":82,"revoked":null} 
[2026-05-27 14:07:38] local.INFO: User authenticated via bearer token {"user_id":82,"user_email":"emmadesigner@example.com"} 
[2026-05-27 14:07:38] local.INFO: Returning campaigns for user {"user_id":82,"campaign_count":1,"statuses":["live"]} 
[2026-05-27 14:07:39] local.INFO: ParseBearerToken middleware invoked {"path":"/api/v2/campaign","method":"GET","has_auth_header":true,"auth_header_preview":"Bearer 200|77cHU4PJJLVMbsndnt3...","is_bearer":true} 
[2026-05-27 14:07:39] local.INFO: Extracted bearer token {"token_preview":"200|77cHU4...","token_length":52} 
[2026-05-27 14:07:39] local.INFO: Found personal access token {"token_id":200,"user_id":82,"revoked":null} 
[2026-05-27 14:07:39] local.INFO: User authenticated via bearer token {"user_id":82,"user_email":"emmadesigner@example.com"} 
[2026-05-27 14:07:39] local.INFO: Returning campaigns for user {"user_id":82,"campaign_count":1,"statuses":["live"]} 
[2026-05-27 14:08:05] local.INFO: ParseBearerToken middleware invoked {"path":"/api/v2/campaign","method":"GET","has_auth_header":true,"auth_header_preview":"Bearer 200|77cHU4PJJLVMbsndnt3...","is_bearer":true} 
[2026-05-27 14:08:05] local.INFO: Extracted bearer token {"token_preview":"200|77cHU4...","token_length":52} 
[2026-05-27 14:08:05] local.INFO: Found personal access token {"token_id":200,"user_id":82,"revoked":null} 
[2026-05-27 14:08:05] local.INFO: User authenticated via bearer token {"user_id":82,"user_email":"emmadesigner@example.com"} 
[2026-05-27 14:08:05] local.INFO: Returning campaigns for user {"user_id":82,"campaign_count":1,"statuses":["live"]} 
[2026-05-27 14:08:06] local.INFO: ParseBearerToken middleware invoked {"path":"/api/v2/campaign","method":"GET","has_auth_header":true,"auth_header_preview":"Bearer 200|77cHU4PJJLVMbsndnt3...","is_bearer":true} 
[2026-05-27 14:08:06] local.INFO: Extracted bearer token {"token_preview":"200|77cHU4...","token_length":52} 
[2026-05-27 14:08:06] local.INFO: Found personal access token {"token_id":200,"user_id":82,"revoked":null} 
[2026-05-27 14:08:06] local.INFO: User authenticated via bearer token {"user_id":82,"user_email":"emmadesigner@example.com"} 
[2026-05-27 14:08:06] local.INFO: Returning campaigns for user {"user_id":82,"campaign_count":1,"statuses":["live"]} 
[2026-05-27 14:08:38] local.INFO: ParseBearerToken middleware invoked {"path":"/api/v2/campaign","method":"GET","has_auth_header":true,"auth_header_preview":"Bearer 200|77cHU4PJJLVMbsndnt3...","is_bearer":true} 
[2026-05-27 14:08:38] local.INFO: Extracted bearer token {"token_preview":"200|77cHU4...","token_length":52} 
[2026-05-27 14:08:38] local.INFO: Found personal access token {"token_id":200,"user_id":82,"revoked":null} 
[2026-05-27 14:08:39] local.INFO: User authenticated via bearer token {"user_id":82,"user_email":"emmadesigner@example.com"} 
[2026-05-27 14:08:39] local.INFO: Returning campaigns for user {"user_id":82,"campaign_count":1,"statuses":["live"]} 
[2026-05-27 14:08:40] local.INFO: ParseBearerToken middleware invoked {"path":"/api/v2/campaign","method":"GET","has_auth_header":true,"auth_header_preview":"Bearer 200|77cHU4PJJLVMbsndnt3...","is_bearer":true} 
[2026-05-27 14:08:40] local.INFO: Extracted bearer token {"token_preview":"200|77cHU4...","token_length":52} 
[2026-05-27 14:08:40] local.INFO: Found personal access token {"token_id":200,"user_id":82,"revoked":null} 
[2026-05-27 14:08:40] local.INFO: User authenticated via bearer token {"user_id":82,"user_email":"emmadesigner@example.com"} 
[2026-05-27 14:08:40] local.INFO: Returning campaigns for user {"user_id":82,"campaign_count":1,"statuses":["live"]} 
[2026-05-27 14:09:10] local.INFO: ParseBearerToken middleware invoked {"path":"/api/v2/campaign","method":"GET","has_auth_header":true,"auth_header_preview":"Bearer 200|77cHU4PJJLVMbsndnt3...","is_bearer":true} 
[2026-05-27 14:09:10] local.INFO: Extracted bearer token {"token_preview":"200|77cHU4...","token_length":52} 
[2026-05-27 14:09:10] local.INFO: Found personal access token {"token_id":200,"user_id":82,"revoked":null} 
[2026-05-27 14:09:10] local.INFO: User authenticated via bearer token {"user_id":82,"user_email":"emmadesigner@example.com"} 
[2026-05-27 14:09:10] local.INFO: Returning campaigns for user {"user_id":82,"campaign_count":1,"statuses":["live"]} 
[2026-05-27 14:09:12] local.INFO: ParseBearerToken middleware invoked {"path":"/api/v2/campaign","method":"GET","has_auth_header":true,"auth_header_preview":"Bearer 200|77cHU4PJJLVMbsndnt3...","is_bearer":true} 
[2026-05-27 14:09:12] local.INFO: Extracted bearer token {"token_preview":"200|77cHU4...","token_length":52} 
[2026-05-27 14:09:12] local.INFO: Found personal access token {"token_id":200,"user_id":82,"revoked":null} 
[2026-05-27 14:09:12] local.INFO: User authenticated via bearer token {"user_id":82,"user_email":"emmadesigner@example.com"} 
[2026-05-27 14:09:12] local.INFO: Returning campaigns for user {"user_id":82,"campaign_count":1,"statuses":["live"]} 
[2026-05-27 14:09:35] local.INFO: ParseBearerToken middleware invoked {"path":"/api/v2/campaign","method":"GET","has_auth_header":true,"auth_header_preview":"Bearer 200|77cHU4PJJLVMbsndnt3...","is_bearer":true} 
[2026-05-27 14:09:35] local.INFO: Extracted bearer token {"token_preview":"200|77cHU4...","token_length":52} 
[2026-05-27 14:09:35] local.INFO: Found personal access token {"token_id":200,"user_id":82,"revoked":null} 
[2026-05-27 14:09:35] local.INFO: User authenticated via bearer token {"user_id":82,"user_email":"emmadesigner@example.com"} 
[2026-05-27 14:09:35] local.INFO: Returning campaigns for user {"user_id":82,"campaign_count":1,"statuses":["live"]} 
[2026-05-27 14:09:37] local.INFO: ParseBearerToken middleware invoked {"path":"/api/v2/campaign","method":"GET","has_auth_header":true,"auth_header_preview":"Bearer 200|77cHU4PJJLVMbsndnt3...","is_bearer":true} 
[2026-05-27 14:09:37] local.INFO: Extracted bearer token {"token_preview":"200|77cHU4...","token_length":52} 
[2026-05-27 14:09:37] local.INFO: Found personal access token {"token_id":200,"user_id":82,"revoked":null} 
[2026-05-27 14:09:37] local.INFO: User authenticated via bearer token {"user_id":82,"user_email":"emmadesigner@example.com"} 
[2026-05-27 14:09:37] local.INFO: Returning campaigns for user {"user_id":82,"campaign_count":1,"statuses":["live"]} 
[2026-05-27 14:10:06] local.INFO: ParseBearerToken middleware invoked {"path":"/api/v2/campaign","method":"GET","has_auth_header":true,"auth_header_preview":"Bearer 200|77cHU4PJJLVMbsndnt3...","is_bearer":true} 
[2026-05-27 14:10:06] local.INFO: Extracted bearer token {"token_preview":"200|77cHU4...","token_length":52} 
[2026-05-27 14:10:06] local.INFO: Found personal access token {"token_id":200,"user_id":82,"revoked":null} 
[2026-05-27 14:10:06] local.INFO: User authenticated via bearer token {"user_id":82,"user_email":"emmadesigner@example.com"} 
[2026-05-27 14:10:06] local.INFO: Returning campaigns for user {"user_id":82,"campaign_count":1,"statuses":["live"]} 
[2026-05-27 14:10:08] local.INFO: ParseBearerToken middleware invoked {"path":"/api/v2/campaign","method":"GET","has_auth_header":true,"auth_header_preview":"Bearer 200|77cHU4PJJLVMbsndnt3...","is_bearer":true} 
[2026-05-27 14:10:08] local.INFO: Extracted bearer token {"token_preview":"200|77cHU4...","token_length":52} 
[2026-05-27 14:10:08] local.INFO: Found personal access token {"token_id":200,"user_id":82,"revoked":null} 
[2026-05-27 14:10:08] local.INFO: User authenticated via bearer token {"user_id":82,"user_email":"emmadesigner@example.com"} 
[2026-05-27 14:10:08] local.INFO: Returning campaigns for user {"user_id":82,"campaign_count":1,"statuses":["live"]} 
[2026-05-27 14:10:37] local.INFO: ParseBearerToken middleware invoked {"path":"/api/v2/campaign","method":"GET","has_auth_header":true,"auth_header_preview":"Bearer 200|77cHU4PJJLVMbsndnt3...","is_bearer":true} 
[2026-05-27 14:10:37] local.INFO: Extracted bearer token {"token_preview":"200|77cHU4...","token_length":52} 
[2026-05-27 14:10:37] local.INFO: Found personal access token {"token_id":200,"user_id":82,"revoked":null} 
[2026-05-27 14:10:37] local.INFO: User authenticated via bearer token {"user_id":82,"user_email":"emmadesigner@example.com"} 
[2026-05-27 14:10:37] local.INFO: Returning campaigns for user {"user_id":82,"campaign_count":1,"statuses":["live"]} 
[2026-05-27 14:10:38] local.INFO: ParseBearerToken middleware invoked {"path":"/api/v2/campaign","method":"GET","has_auth_header":true,"auth_header_preview":"Bearer 200|77cHU4PJJLVMbsndnt3...","is_bearer":true} 
[2026-05-27 14:10:38] local.INFO: Extracted bearer token {"token_preview":"200|77cHU4...","token_length":52} 
[2026-05-27 14:10:38] local.INFO: Found personal access token {"token_id":200,"user_id":82,"revoked":null} 
[2026-05-27 14:10:38] local.INFO: User authenticated via bearer token {"user_id":82,"user_email":"emmadesigner@example.com"} 
[2026-05-27 14:10:38] local.INFO: Returning campaigns for user {"user_id":82,"campaign_count":1,"statuses":["live"]} 
[2026-05-27 14:11:06] local.INFO: ParseBearerToken middleware invoked {"path":"/api/v2/campaign","method":"GET","has_auth_header":true,"auth_header_preview":"Bearer 200|77cHU4PJJLVMbsndnt3...","is_bearer":true} 
[2026-05-27 14:11:06] local.INFO: Extracted bearer token {"token_preview":"200|77cHU4...","token_length":52} 
[2026-05-27 14:11:06] local.INFO: Found personal access token {"token_id":200,"user_id":82,"revoked":null} 
[2026-05-27 14:11:06] local.INFO: User authenticated via bearer token {"user_id":82,"user_email":"emmadesigner@example.com"} 
[2026-05-27 14:11:06] local.INFO: Returning campaigns for user {"user_id":82,"campaign_count":1,"statuses":["live"]} 
[2026-05-27 14:11:07] local.INFO: ParseBearerToken middleware invoked {"path":"/api/v2/campaign","method":"GET","has_auth_header":true,"auth_header_preview":"Bearer 200|77cHU4PJJLVMbsndnt3...","is_bearer":true} 
[2026-05-27 14:11:07] local.INFO: Extracted bearer token {"token_preview":"200|77cHU4...","token_length":52} 
[2026-05-27 14:11:07] local.INFO: Found personal access token {"token_id":200,"user_id":82,"revoked":null} 
[2026-05-27 14:11:07] local.INFO: User authenticated via bearer token {"user_id":82,"user_email":"emmadesigner@example.com"} 
[2026-05-27 14:11:07] local.INFO: Returning campaigns for user {"user_id":82,"campaign_count":1,"statuses":["live"]} 
[2026-05-27 14:11:36] local.INFO: ParseBearerToken middleware invoked {"path":"/api/v2/campaign","method":"GET","has_auth_header":true,"auth_header_preview":"Bearer 200|77cHU4PJJLVMbsndnt3...","is_bearer":true} 
[2026-05-27 14:11:36] local.INFO: Extracted bearer token {"token_preview":"200|77cHU4...","token_length":52} 
[2026-05-27 14:11:36] local.INFO: Found personal access token {"token_id":200,"user_id":82,"revoked":null} 
[2026-05-27 14:11:36] local.INFO: User authenticated via bearer token {"user_id":82,"user_email":"emmadesigner@example.com"} 
[2026-05-27 14:11:36] local.INFO: Returning campaigns for user {"user_id":82,"campaign_count":1,"statuses":["live"]} 
[2026-05-27 14:11:38] local.INFO: ParseBearerToken middleware invoked {"path":"/api/v2/campaign","method":"GET","has_auth_header":true,"auth_header_preview":"Bearer 200|77cHU4PJJLVMbsndnt3...","is_bearer":true} 
[2026-05-27 14:11:38] local.INFO: Extracted bearer token {"token_preview":"200|77cHU4...","token_length":52} 
[2026-05-27 14:11:38] local.INFO: Found personal access token {"token_id":200,"user_id":82,"revoked":null} 
[2026-05-27 14:11:38] local.INFO: User authenticated via bearer token {"user_id":82,"user_email":"emmadesigner@example.com"} 
[2026-05-27 14:11:38] local.INFO: Returning campaigns for user {"user_id":82,"campaign_count":1,"statuses":["live"]} 
[2026-05-27 14:12:06] local.INFO: ParseBearerToken middleware invoked {"path":"/api/v2/campaign","method":"GET","has_auth_header":true,"auth_header_preview":"Bearer 200|77cHU4PJJLVMbsndnt3...","is_bearer":true} 
[2026-05-27 14:12:06] local.INFO: Extracted bearer token {"token_preview":"200|77cHU4...","token_length":52} 
[2026-05-27 14:12:06] local.INFO: Found personal access token {"token_id":200,"user_id":82,"revoked":null} 
[2026-05-27 14:12:06] local.INFO: User authenticated via bearer token {"user_id":82,"user_email":"emmadesigner@example.com"} 
[2026-05-27 14:12:06] local.INFO: Returning campaigns for user {"user_id":82,"campaign_count":1,"statuses":["live"]} 
[2026-05-27 14:12:07] local.INFO: ParseBearerToken middleware invoked {"path":"/api/v2/campaign","method":"GET","has_auth_header":true,"auth_header_preview":"Bearer 200|77cHU4PJJLVMbsndnt3...","is_bearer":true} 
[2026-05-27 14:12:07] local.INFO: Extracted bearer token {"token_preview":"200|77cHU4...","token_length":52} 
[2026-05-27 14:12:07] local.INFO: Found personal access token {"token_id":200,"user_id":82,"revoked":null} 
[2026-05-27 14:12:07] local.INFO: User authenticated via bearer token {"user_id":82,"user_email":"emmadesigner@example.com"} 
[2026-05-27 14:12:07] local.INFO: Returning campaigns for user {"user_id":82,"campaign_count":1,"statuses":["live"]} 
[2026-05-27 14:12:41] local.INFO: ParseBearerToken middleware invoked {"path":"/api/v2/campaign","method":"GET","has_auth_header":true,"auth_header_preview":"Bearer 200|77cHU4PJJLVMbsndnt3...","is_bearer":true} 
[2026-05-27 14:12:41] local.INFO: Extracted bearer token {"token_preview":"200|77cHU4...","token_length":52} 
[2026-05-27 14:12:41] local.INFO: Found personal access token {"token_id":200,"user_id":82,"revoked":null} 
[2026-05-27 14:12:41] local.INFO: User authenticated via bearer token {"user_id":82,"user_email":"emmadesigner@example.com"} 
[2026-05-27 14:12:42] local.INFO: Returning campaigns for user {"user_id":82,"campaign_count":1,"statuses":["live"]} 
[2026-05-27 14:12:44] local.INFO: ParseBearerToken middleware invoked {"path":"/api/v2/campaign","method":"GET","has_auth_header":true,"auth_header_preview":"Bearer 200|77cHU4PJJLVMbsndnt3...","is_bearer":true} 
[2026-05-27 14:12:44] local.INFO: Extracted bearer token {"token_preview":"200|77cHU4...","token_length":52} 
[2026-05-27 14:12:44] local.INFO: Found personal access token {"token_id":200,"user_id":82,"revoked":null} 
[2026-05-27 14:12:44] local.INFO: User authenticated via bearer token {"user_id":82,"user_email":"emmadesigner@example.com"} 
[2026-05-27 14:12:44] local.INFO: Returning campaigns for user {"user_id":82,"campaign_count":1,"statuses":["live"]} 
[2026-05-27 14:13:06] local.INFO: ParseBearerToken middleware invoked {"path":"/api/v2/campaign","method":"GET","has_auth_header":true,"auth_header_preview":"Bearer 200|77cHU4PJJLVMbsndnt3...","is_bearer":true} 
[2026-05-27 14:13:06] local.INFO: Extracted bearer token {"token_preview":"200|77cHU4...","token_length":52} 
[2026-05-27 14:13:06] local.INFO: Found personal access token {"token_id":200,"user_id":82,"revoked":null} 
[2026-05-27 14:13:06] local.INFO: User authenticated via bearer token {"user_id":82,"user_email":"emmadesigner@example.com"} 
[2026-05-27 14:13:06] local.INFO: Returning campaigns for user {"user_id":82,"campaign_count":1,"statuses":["live"]} 
[2026-05-27 14:13:07] local.INFO: ParseBearerToken middleware invoked {"path":"/api/v2/campaign","method":"GET","has_auth_header":true,"auth_header_preview":"Bearer 200|77cHU4PJJLVMbsndnt3...","is_bearer":true} 
[2026-05-27 14:13:07] local.INFO: Extracted bearer token {"token_preview":"200|77cHU4...","token_length":52} 
[2026-05-27 14:13:07] local.INFO: Found personal access token {"token_id":200,"user_id":82,"revoked":null} 
[2026-05-27 14:13:07] local.INFO: User authenticated via bearer token {"user_id":82,"user_email":"emmadesigner@example.com"} 
[2026-05-27 14:13:07] local.INFO: Returning campaigns for user {"user_id":82,"campaign_count":1,"statuses":["live"]} 
[2026-05-27 14:13:36] local.INFO: ParseBearerToken middleware invoked {"path":"/api/v2/campaign","method":"GET","has_auth_header":true,"auth_header_preview":"Bearer 200|77cHU4PJJLVMbsndnt3...","is_bearer":true} 
[2026-05-27 14:13:36] local.INFO: Extracted bearer token {"token_preview":"200|77cHU4...","token_length":52} 
[2026-05-27 14:13:36] local.INFO: Found personal access token {"token_id":200,"user_id":82,"revoked":null} 
[2026-05-27 14:13:36] local.INFO: User authenticated via bearer token {"user_id":82,"user_email":"emmadesigner@example.com"} 
[2026-05-27 14:13:36] local.INFO: Returning campaigns for user {"user_id":82,"campaign_count":1,"statuses":["live"]} 
[2026-05-27 14:13:37] local.INFO: ParseBearerToken middleware invoked {"path":"/api/v2/campaign","method":"GET","has_auth_header":true,"auth_header_preview":"Bearer 200|77cHU4PJJLVMbsndnt3...","is_bearer":true} 
[2026-05-27 14:13:37] local.INFO: Extracted bearer token {"token_preview":"200|77cHU4...","token_length":52} 
[2026-05-27 14:13:37] local.INFO: Found personal access token {"token_id":200,"user_id":82,"revoked":null} 
[2026-05-27 14:13:37] local.INFO: User authenticated via bearer token {"user_id":82,"user_email":"emmadesigner@example.com"} 
[2026-05-27 14:13:37] local.INFO: Returning campaigns for user {"user_id":82,"campaign_count":1,"statuses":["live"]} 
[2026-05-27 14:14:07] local.INFO: ParseBearerToken middleware invoked {"path":"/api/v2/campaign","method":"GET","has_auth_header":true,"auth_header_preview":"Bearer 200|77cHU4PJJLVMbsndnt3...","is_bearer":true} 
[2026-05-27 14:14:07] local.INFO: Extracted bearer token {"token_preview":"200|77cHU4...","token_length":52} 
[2026-05-27 14:14:07] local.INFO: Found personal access token {"token_id":200,"user_id":82,"revoked":null} 
[2026-05-27 14:14:07] local.INFO: User authenticated via bearer token {"user_id":82,"user_email":"emmadesigner@example.com"} 
[2026-05-27 14:14:07] local.INFO: Returning campaigns for user {"user_id":82,"campaign_count":1,"statuses":["live"]} 
[2026-05-27 14:14:08] local.INFO: ParseBearerToken middleware invoked {"path":"/api/v2/campaign","method":"GET","has_auth_header":true,"auth_header_preview":"Bearer 200|77cHU4PJJLVMbsndnt3...","is_bearer":true} 
[2026-05-27 14:14:08] local.INFO: Extracted bearer token {"token_preview":"200|77cHU4...","token_length":52} 
[2026-05-27 14:14:08] local.INFO: Found personal access token {"token_id":200,"user_id":82,"revoked":null} 
[2026-05-27 14:14:08] local.INFO: User authenticated via bearer token {"user_id":82,"user_email":"emmadesigner@example.com"} 
[2026-05-27 14:14:08] local.INFO: Returning campaigns for user {"user_id":82,"campaign_count":1,"statuses":["live"]} 
[2026-05-27 14:14:36] local.INFO: ParseBearerToken middleware invoked {"path":"/api/v2/campaign","method":"GET","has_auth_header":true,"auth_header_preview":"Bearer 200|77cHU4PJJLVMbsndnt3...","is_bearer":true} 
[2026-05-27 14:14:36] local.INFO: Extracted bearer token {"token_preview":"200|77cHU4...","token_length":52} 
[2026-05-27 14:14:36] local.INFO: Found personal access token {"token_id":200,"user_id":82,"revoked":null} 
[2026-05-27 14:14:36] local.INFO: User authenticated via bearer token {"user_id":82,"user_email":"emmadesigner@example.com"} 
[2026-05-27 14:14:36] local.INFO: Returning campaigns for user {"user_id":82,"campaign_count":1,"statuses":["live"]} 
[2026-05-27 14:14:37] local.INFO: ParseBearerToken middleware invoked {"path":"/api/v2/campaign","method":"GET","has_auth_header":true,"auth_header_preview":"Bearer 200|77cHU4PJJLVMbsndnt3...","is_bearer":true} 
[2026-05-27 14:14:37] local.INFO: Extracted bearer token {"token_preview":"200|77cHU4...","token_length":52} 
[2026-05-27 14:14:37] local.INFO: Found personal access token {"token_id":200,"user_id":82,"revoked":null} 
[2026-05-27 14:14:37] local.INFO: User authenticated via bearer token {"user_id":82,"user_email":"emmadesigner@example.com"} 
[2026-05-27 14:14:37] local.INFO: Returning campaigns for user {"user_id":82,"campaign_count":1,"statuses":["live"]} 
[2026-05-27 14:15:06] local.INFO: ParseBearerToken middleware invoked {"path":"/api/v2/campaign","method":"GET","has_auth_header":true,"auth_header_preview":"Bearer 200|77cHU4PJJLVMbsndnt3...","is_bearer":true} 
[2026-05-27 14:15:06] local.INFO: Extracted bearer token {"token_preview":"200|77cHU4...","token_length":52} 
[2026-05-27 14:15:06] local.INFO: Found personal access token {"token_id":200,"user_id":82,"revoked":null} 
[2026-05-27 14:15:06] local.INFO: User authenticated via bearer token {"user_id":82,"user_email":"emmadesigner@example.com"} 
[2026-05-27 14:15:06] local.INFO: Returning campaigns for user {"user_id":82,"campaign_count":1,"statuses":["live"]} 
[2026-05-27 14:15:07] local.INFO: ParseBearerToken middleware invoked {"path":"/api/v2/campaign","method":"GET","has_auth_header":true,"auth_header_preview":"Bearer 200|77cHU4PJJLVMbsndnt3...","is_bearer":true} 
[2026-05-27 14:15:07] local.INFO: Extracted bearer token {"token_preview":"200|77cHU4...","token_length":52} 
[2026-05-27 14:15:07] local.INFO: Found personal access token {"token_id":200,"user_id":82,"revoked":null} 
[2026-05-27 14:15:07] local.INFO: User authenticated via bearer token {"user_id":82,"user_email":"emmadesigner@example.com"} 
[2026-05-27 14:15:07] local.INFO: Returning campaigns for user {"user_id":82,"campaign_count":1,"statuses":["live"]} 
[2026-05-27 14:15:37] local.INFO: ParseBearerToken middleware invoked {"path":"/api/v2/campaign","method":"GET","has_auth_header":true,"auth_header_preview":"Bearer 200|77cHU4PJJLVMbsndnt3...","is_bearer":true} 
[2026-05-27 14:15:37] local.INFO: Extracted bearer token {"token_preview":"200|77cHU4...","token_length":52} 
[2026-05-27 14:15:37] local.INFO: Found personal access token {"token_id":200,"user_id":82,"revoked":null} 
[2026-05-27 14:15:37] local.INFO: User authenticated via bearer token {"user_id":82,"user_email":"emmadesigner@example.com"} 
[2026-05-27 14:15:37] local.INFO: Returning campaigns for user {"user_id":82,"campaign_count":1,"statuses":["live"]} 
[2026-05-27 14:15:39] local.INFO: ParseBearerToken middleware invoked {"path":"/api/v2/campaign","method":"GET","has_auth_header":true,"auth_header_preview":"Bearer 200|77cHU4PJJLVMbsndnt3...","is_bearer":true} 
[2026-05-27 14:15:39] local.INFO: Extracted bearer token {"token_preview":"200|77cHU4...","token_length":52} 
[2026-05-27 14:15:39] local.INFO: Found personal access token {"token_id":200,"user_id":82,"revoked":null} 
[2026-05-27 14:15:39] local.INFO: User authenticated via bearer token {"user_id":82,"user_email":"emmadesigner@example.com"} 
[2026-05-27 14:15:39] local.INFO: Returning campaigns for user {"user_id":82,"campaign_count":1,"statuses":["live"]} 
[2026-05-27 14:16:06] local.INFO: ParseBearerToken middleware invoked {"path":"/api/v2/campaign","method":"GET","has_auth_header":true,"auth_header_preview":"Bearer 200|77cHU4PJJLVMbsndnt3...","is_bearer":true} 
[2026-05-27 14:16:06] local.INFO: Extracted bearer token {"token_preview":"200|77cHU4...","token_length":52} 
[2026-05-27 14:16:06] local.INFO: Found personal access token {"token_id":200,"user_id":82,"revoked":null} 
[2026-05-27 14:16:06] local.INFO: User authenticated via bearer token {"user_id":82,"user_email":"emmadesigner@example.com"} 
[2026-05-27 14:16:07] local.INFO: Returning campaigns for user {"user_id":82,"campaign_count":1,"statuses":["live"]} 
[2026-05-27 14:16:08] local.INFO: ParseBearerToken middleware invoked {"path":"/api/v2/campaign","method":"GET","has_auth_header":true,"auth_header_preview":"Bearer 200|77cHU4PJJLVMbsndnt3...","is_bearer":true} 
[2026-05-27 14:16:08] local.INFO: Extracted bearer token {"token_preview":"200|77cHU4...","token_length":52} 
[2026-05-27 14:16:08] local.INFO: Found personal access token {"token_id":200,"user_id":82,"revoked":null} 
[2026-05-27 14:16:08] local.INFO: User authenticated via bearer token {"user_id":82,"user_email":"emmadesigner@example.com"} 
[2026-05-27 14:16:08] local.INFO: Returning campaigns for user {"user_id":82,"campaign_count":1,"statuses":["live"]} 
[2026-05-27 14:16:35] local.INFO: ParseBearerToken middleware invoked {"path":"/api/v2/campaign","method":"GET","has_auth_header":true,"auth_header_preview":"Bearer 200|77cHU4PJJLVMbsndnt3...","is_bearer":true} 
[2026-05-27 14:16:35] local.INFO: Extracted bearer token {"token_preview":"200|77cHU4...","token_length":52} 
[2026-05-27 14:16:35] local.INFO: Found personal access token {"token_id":200,"user_id":82,"revoked":null} 
[2026-05-27 14:16:35] local.INFO: User authenticated via bearer token {"user_id":82,"user_email":"emmadesigner@example.com"} 
[2026-05-27 14:16:36] local.INFO: Returning campaigns for user {"user_id":82,"campaign_count":1,"statuses":["live"]} 
[2026-05-27 14:16:37] local.INFO: ParseBearerToken middleware invoked {"path":"/api/v2/campaign","method":"GET","has_auth_header":true,"auth_header_preview":"Bearer 200|77cHU4PJJLVMbsndnt3...","is_bearer":true} 
[2026-05-27 14:16:37] local.INFO: Extracted bearer token {"token_preview":"200|77cHU4...","token_length":52} 
[2026-05-27 14:16:37] local.INFO: Found personal access token {"token_id":200,"user_id":82,"revoked":null} 
[2026-05-27 14:16:37] local.INFO: User authenticated via bearer token {"user_id":82,"user_email":"emmadesigner@example.com"} 
[2026-05-27 14:16:37] local.INFO: Returning campaigns for user {"user_id":82,"campaign_count":1,"statuses":["live"]} 
[2026-05-27 14:17:06] local.INFO: ParseBearerToken middleware invoked {"path":"/api/v2/campaign","method":"GET","has_auth_header":true,"auth_header_preview":"Bearer 200|77cHU4PJJLVMbsndnt3...","is_bearer":true} 
[2026-05-27 14:17:06] local.INFO: Extracted bearer token {"token_preview":"200|77cHU4...","token_length":52} 
[2026-05-27 14:17:06] local.INFO: Found personal access token {"token_id":200,"user_id":82,"revoked":null} 
[2026-05-27 14:17:06] local.INFO: User authenticated via bearer token {"user_id":82,"user_email":"emmadesigner@example.com"} 
[2026-05-27 14:17:06] local.INFO: Returning campaigns for user {"user_id":82,"campaign_count":1,"statuses":["live"]} 
[2026-05-27 14:17:06] local.INFO: ParseBearerToken middleware invoked {"path":"/api/v2/campaign","method":"GET","has_auth_header":true,"auth_header_preview":"Bearer 200|77cHU4PJJLVMbsndnt3...","is_bearer":true} 
[2026-05-27 14:17:06] local.INFO: Extracted bearer token {"token_preview":"200|77cHU4...","token_length":52} 
[2026-05-27 14:17:06] local.INFO: Found personal access token {"token_id":200,"user_id":82,"revoked":null} 
[2026-05-27 14:17:06] local.INFO: User authenticated via bearer token {"user_id":82,"user_email":"emmadesigner@example.com"} 
[2026-05-27 14:17:06] local.INFO: Returning campaigns for user {"user_id":82,"campaign_count":1,"statuses":["live"]} 
[2026-05-27 14:17:35] local.INFO: ParseBearerToken middleware invoked {"path":"/api/v2/campaign","method":"GET","has_auth_header":true,"auth_header_preview":"Bearer 200|77cHU4PJJLVMbsndnt3...","is_bearer":true} 
[2026-05-27 14:17:35] local.INFO: Extracted bearer token {"token_preview":"200|77cHU4...","token_length":52} 
[2026-05-27 14:17:35] local.INFO: Found personal access token {"token_id":200,"user_id":82,"revoked":null} 
[2026-05-27 14:17:35] local.INFO: User authenticated via bearer token {"user_id":82,"user_email":"emmadesigner@example.com"} 
[2026-05-27 14:17:35] local.INFO: Returning campaigns for user {"user_id":82,"campaign_count":1,"statuses":["live"]} 
[2026-05-27 14:17:36] local.INFO: ParseBearerToken middleware invoked {"path":"/api/v2/campaign","method":"GET","has_auth_header":true,"auth_header_preview":"Bearer 200|77cHU4PJJLVMbsndnt3...","is_bearer":true} 
[2026-05-27 14:17:36] local.INFO: Extracted bearer token {"token_preview":"200|77cHU4...","token_length":52} 
[2026-05-27 14:17:36] local.INFO: Found personal access token {"token_id":200,"user_id":82,"revoked":null} 
[2026-05-27 14:17:36] local.INFO: User authenticated via bearer token {"user_id":82,"user_email":"emmadesigner@example.com"} 
[2026-05-27 14:17:36] local.INFO: Returning campaigns for user {"user_id":82,"campaign_count":1,"statuses":["live"]} 
[2026-05-27 14:18:06] local.INFO: ParseBearerToken middleware invoked {"path":"/api/v2/campaign","method":"GET","has_auth_header":true,"auth_header_preview":"Bearer 200|77cHU4PJJLVMbsndnt3...","is_bearer":true} 
[2026-05-27 14:18:06] local.INFO: Extracted bearer token {"token_preview":"200|77cHU4...","token_length":52} 
[2026-05-27 14:18:06] local.INFO: Found personal access token {"token_id":200,"user_id":82,"revoked":null} 
[2026-05-27 14:18:06] local.INFO: User authenticated via bearer token {"user_id":82,"user_email":"emmadesigner@example.com"} 
[2026-05-27 14:18:06] local.INFO: Returning campaigns for user {"user_id":82,"campaign_count":1,"statuses":["live"]} 
[2026-05-27 14:18:07] local.INFO: ParseBearerToken middleware invoked {"path":"/api/v2/campaign","method":"GET","has_auth_header":true,"auth_header_preview":"Bearer 200|77cHU4PJJLVMbsndnt3...","is_bearer":true} 
[2026-05-27 14:18:07] local.INFO: Extracted bearer token {"token_preview":"200|77cHU4...","token_length":52} 
[2026-05-27 14:18:07] local.INFO: Found personal access token {"token_id":200,"user_id":82,"revoked":null} 
[2026-05-27 14:18:07] local.INFO: User authenticated via bearer token {"user_id":82,"user_email":"emmadesigner@example.com"} 
[2026-05-27 14:18:07] local.INFO: Returning campaigns for user {"user_id":82,"campaign_count":1,"statuses":["live"]} 
[2026-05-27 14:18:36] local.INFO: ParseBearerToken middleware invoked {"path":"/api/v2/campaign","method":"GET","has_auth_header":true,"auth_header_preview":"Bearer 200|77cHU4PJJLVMbsndnt3...","is_bearer":true} 
[2026-05-27 14:18:36] local.INFO: Extracted bearer token {"token_preview":"200|77cHU4...","token_length":52} 
[2026-05-27 14:18:36] local.INFO: Found personal access token {"token_id":200,"user_id":82,"revoked":null} 
[2026-05-27 14:18:36] local.INFO: User authenticated via bearer token {"user_id":82,"user_email":"emmadesigner@example.com"} 
[2026-05-27 14:18:36] local.INFO: Returning campaigns for user {"user_id":82,"campaign_count":1,"statuses":["live"]} 
[2026-05-27 14:18:37] local.INFO: ParseBearerToken middleware invoked {"path":"/api/v2/campaign","method":"GET","has_auth_header":true,"auth_header_preview":"Bearer 200|77cHU4PJJLVMbsndnt3...","is_bearer":true} 
[2026-05-27 14:18:37] local.INFO: Extracted bearer token {"token_preview":"200|77cHU4...","token_length":52} 
[2026-05-27 14:18:37] local.INFO: Found personal access token {"token_id":200,"user_id":82,"revoked":null} 
[2026-05-27 14:18:37] local.INFO: User authenticated via bearer token {"user_id":82,"user_email":"emmadesigner@example.com"} 
[2026-05-27 14:18:37] local.INFO: Returning campaigns for user {"user_id":82,"campaign_count":1,"statuses":["live"]} 
[2026-05-27 14:19:09] local.INFO: ParseBearerToken middleware invoked {"path":"/api/v2/campaign","method":"GET","has_auth_header":true,"auth_header_preview":"Bearer 200|77cHU4PJJLVMbsndnt3...","is_bearer":true} 
[2026-05-27 14:19:09] local.INFO: Extracted bearer token {"token_preview":"200|77cHU4...","token_length":52} 
[2026-05-27 14:19:09] local.INFO: Found personal access token {"token_id":200,"user_id":82,"revoked":null} 
[2026-05-27 14:19:09] local.INFO: User authenticated via bearer token {"user_id":82,"user_email":"emmadesigner@example.com"} 
[2026-05-27 14:19:09] local.INFO: Returning campaigns for user {"user_id":82,"campaign_count":1,"statuses":["live"]} 
[2026-05-27 14:19:11] local.INFO: ParseBearerToken middleware invoked {"path":"/api/v2/campaign","method":"GET","has_auth_header":true,"auth_header_preview":"Bearer 200|77cHU4PJJLVMbsndnt3...","is_bearer":true} 
[2026-05-27 14:19:11] local.INFO: Extracted bearer token {"token_preview":"200|77cHU4...","token_length":52} 
[2026-05-27 14:19:11] local.INFO: Found personal access token {"token_id":200,"user_id":82,"revoked":null} 
[2026-05-27 14:19:11] local.INFO: User authenticated via bearer token {"user_id":82,"user_email":"emmadesigner@example.com"} 
[2026-05-27 14:19:11] local.INFO: Returning campaigns for user {"user_id":82,"campaign_count":1,"statuses":["live"]} 
[2026-05-27 14:19:35] local.INFO: ParseBearerToken middleware invoked {"path":"/api/v2/campaign","method":"GET","has_auth_header":true,"auth_header_preview":"Bearer 200|77cHU4PJJLVMbsndnt3...","is_bearer":true} 
[2026-05-27 14:19:35] local.INFO: Extracted bearer token {"token_preview":"200|77cHU4...","token_length":52} 
[2026-05-27 14:19:35] local.INFO: Found personal access token {"token_id":200,"user_id":82,"revoked":null} 
[2026-05-27 14:19:35] local.INFO: User authenticated via bearer token {"user_id":82,"user_email":"emmadesigner@example.com"} 
[2026-05-27 14:19:35] local.INFO: Returning campaigns for user {"user_id":82,"campaign_count":1,"statuses":["live"]} 
[2026-05-27 14:19:36] local.INFO: ParseBearerToken middleware invoked {"path":"/api/v2/campaign","method":"GET","has_auth_header":true,"auth_header_preview":"Bearer 200|77cHU4PJJLVMbsndnt3...","is_bearer":true} 
[2026-05-27 14:19:36] local.INFO: Extracted bearer token {"token_preview":"200|77cHU4...","token_length":52} 
[2026-05-27 14:19:36] local.INFO: Found personal access token {"token_id":200,"user_id":82,"revoked":null} 
[2026-05-27 14:19:36] local.INFO: User authenticated via bearer token {"user_id":82,"user_email":"emmadesigner@example.com"} 
[2026-05-27 14:19:36] local.INFO: Returning campaigns for user {"user_id":82,"campaign_count":1,"statuses":["live"]} 
[2026-05-27 14:20:07] local.INFO: ParseBearerToken middleware invoked {"path":"/api/v2/campaign","method":"GET","has_auth_header":true,"auth_header_preview":"Bearer 200|77cHU4PJJLVMbsndnt3...","is_bearer":true} 
[2026-05-27 14:20:07] local.INFO: Extracted bearer token {"token_preview":"200|77cHU4...","token_length":52} 
[2026-05-27 14:20:07] local.INFO: Found personal access token {"token_id":200,"user_id":82,"revoked":null} 
[2026-05-27 14:20:07] local.INFO: User authenticated via bearer token {"user_id":82,"user_email":"emmadesigner@example.com"} 
[2026-05-27 14:20:07] local.INFO: Returning campaigns for user {"user_id":82,"campaign_count":1,"statuses":["live"]} 
[2026-05-27 14:20:08] local.INFO: ParseBearerToken middleware invoked {"path":"/api/v2/campaign","method":"GET","has_auth_header":true,"auth_header_preview":"Bearer 200|77cHU4PJJLVMbsndnt3...","is_bearer":true} 
[2026-05-27 14:20:08] local.INFO: Extracted bearer token {"token_preview":"200|77cHU4...","token_length":52} 
[2026-05-27 14:20:08] local.INFO: Found personal access token {"token_id":200,"user_id":82,"revoked":null} 
[2026-05-27 14:20:08] local.INFO: User authenticated via bearer token {"user_id":82,"user_email":"emmadesigner@example.com"} 
[2026-05-27 14:20:08] local.INFO: Returning campaigns for user {"user_id":82,"campaign_count":1,"statuses":["live"]} 
[2026-05-27 14:20:36] local.INFO: ParseBearerToken middleware invoked {"path":"/api/v2/campaign","method":"GET","has_auth_header":true,"auth_header_preview":"Bearer 200|77cHU4PJJLVMbsndnt3...","is_bearer":true} 
[2026-05-27 14:20:36] local.INFO: Extracted bearer token {"token_preview":"200|77cHU4...","token_length":52} 
[2026-05-27 14:20:36] local.INFO: Found personal access token {"token_id":200,"user_id":82,"revoked":null} 
[2026-05-27 14:20:36] local.INFO: User authenticated via bearer token {"user_id":82,"user_email":"emmadesigner@example.com"} 
[2026-05-27 14:20:36] local.INFO: Returning campaigns for user {"user_id":82,"campaign_count":1,"statuses":["live"]} 
[2026-05-27 14:20:37] local.INFO: ParseBearerToken middleware invoked {"path":"/api/v2/campaign","method":"GET","has_auth_header":true,"auth_header_preview":"Bearer 200|77cHU4PJJLVMbsndnt3...","is_bearer":true} 
[2026-05-27 14:20:37] local.INFO: Extracted bearer token {"token_preview":"200|77cHU4...","token_length":52} 
[2026-05-27 14:20:37] local.INFO: Found personal access token {"token_id":200,"user_id":82,"revoked":null} 
[2026-05-27 14:20:37] local.INFO: User authenticated via bearer token {"user_id":82,"user_email":"emmadesigner@example.com"} 
[2026-05-27 14:20:37] local.INFO: Returning campaigns for user {"user_id":82,"campaign_count":1,"statuses":["live"]} 
[2026-05-27 14:21:06] local.INFO: ParseBearerToken middleware invoked {"path":"/api/v2/campaign","method":"GET","has_auth_header":true,"auth_header_preview":"Bearer 200|77cHU4PJJLVMbsndnt3...","is_bearer":true} 
[2026-05-27 14:21:06] local.INFO: Extracted bearer token {"token_preview":"200|77cHU4...","token_length":52} 
[2026-05-27 14:21:06] local.INFO: Found personal access token {"token_id":200,"user_id":82,"revoked":null} 
[2026-05-27 14:21:06] local.INFO: User authenticated via bearer token {"user_id":82,"user_email":"emmadesigner@example.com"} 
[2026-05-27 14:21:06] local.INFO: Returning campaigns for user {"user_id":82,"campaign_count":1,"statuses":["live"]} 
[2026-05-27 14:21:07] local.INFO: ParseBearerToken middleware invoked {"path":"/api/v2/campaign","method":"GET","has_auth_header":true,"auth_header_preview":"Bearer 200|77cHU4PJJLVMbsndnt3...","is_bearer":true} 
[2026-05-27 14:21:07] local.INFO: Extracted bearer token {"token_preview":"200|77cHU4...","token_length":52} 
[2026-05-27 14:21:07] local.INFO: Found personal access token {"token_id":200,"user_id":82,"revoked":null} 
[2026-05-27 14:21:07] local.INFO: User authenticated via bearer token {"user_id":82,"user_email":"emmadesigner@example.com"} 
[2026-05-27 14:21:07] local.INFO: Returning campaigns for user {"user_id":82,"campaign_count":1,"statuses":["live"]} 
[2026-05-27 14:21:37] local.INFO: ParseBearerToken middleware invoked {"path":"/api/v2/campaign","method":"GET","has_auth_header":true,"auth_header_preview":"Bearer 200|77cHU4PJJLVMbsndnt3...","is_bearer":true} 
[2026-05-27 14:21:37] local.INFO: Extracted bearer token {"token_preview":"200|77cHU4...","token_length":52} 
[2026-05-27 14:21:37] local.INFO: Found personal access token {"token_id":200,"user_id":82,"revoked":null} 
[2026-05-27 14:21:37] local.INFO: User authenticated via bearer token {"user_id":82,"user_email":"emmadesigner@example.com"} 
[2026-05-27 14:21:37] local.INFO: Returning campaigns for user {"user_id":82,"campaign_count":1,"statuses":["live"]} 
[2026-05-27 14:21:38] local.INFO: ParseBearerToken middleware invoked {"path":"/api/v2/campaign","method":"GET","has_auth_header":true,"auth_header_preview":"Bearer 200|77cHU4PJJLVMbsndnt3...","is_bearer":true} 
[2026-05-27 14:21:38] local.INFO: Extracted bearer token {"token_preview":"200|77cHU4...","token_length":52} 
[2026-05-27 14:21:38] local.INFO: Found personal access token {"token_id":200,"user_id":82,"revoked":null} 
[2026-05-27 14:21:38] local.INFO: User authenticated via bearer token {"user_id":82,"user_email":"emmadesigner@example.com"} 
[2026-05-27 14:21:38] local.INFO: Returning campaigns for user {"user_id":82,"campaign_count":1,"statuses":["live"]} 
[2026-05-27 14:22:08] local.INFO: ParseBearerToken middleware invoked {"path":"/api/v2/campaign","method":"GET","has_auth_header":true,"auth_header_preview":"Bearer 200|77cHU4PJJLVMbsndnt3...","is_bearer":true} 
[2026-05-27 14:22:08] local.INFO: Extracted bearer token {"token_preview":"200|77cHU4...","token_length":52} 
[2026-05-27 14:22:08] local.INFO: Found personal access token {"token_id":200,"user_id":82,"revoked":null} 
[2026-05-27 14:22:08] local.INFO: User authenticated via bearer token {"user_id":82,"user_email":"emmadesigner@example.com"} 
[2026-05-27 14:22:08] local.INFO: Returning campaigns for user {"user_id":82,"campaign_count":1,"statuses":["live"]} 
[2026-05-27 14:22:10] local.INFO: ParseBearerToken middleware invoked {"path":"/api/v2/campaign","method":"GET","has_auth_header":true,"auth_header_preview":"Bearer 200|77cHU4PJJLVMbsndnt3...","is_bearer":true} 
[2026-05-27 14:22:10] local.INFO: Extracted bearer token {"token_preview":"200|77cHU4...","token_length":52} 
[2026-05-27 14:22:10] local.INFO: Found personal access token {"token_id":200,"user_id":82,"revoked":null} 
[2026-05-27 14:22:10] local.INFO: User authenticated via bearer token {"user_id":82,"user_email":"emmadesigner@example.com"} 
[2026-05-27 14:22:10] local.INFO: Returning campaigns for user {"user_id":82,"campaign_count":1,"statuses":["live"]} 
[2026-05-27 14:22:36] local.INFO: ParseBearerToken middleware invoked {"path":"/api/v2/campaign","method":"GET","has_auth_header":true,"auth_header_preview":"Bearer 200|77cHU4PJJLVMbsndnt3...","is_bearer":true} 
[2026-05-27 14:22:36] local.INFO: Extracted bearer token {"token_preview":"200|77cHU4...","token_length":52} 
[2026-05-27 14:22:36] local.INFO: Found personal access token {"token_id":200,"user_id":82,"revoked":null} 
[2026-05-27 14:22:36] local.INFO: User authenticated via bearer token {"user_id":82,"user_email":"emmadesigner@example.com"} 
[2026-05-27 14:22:36] local.INFO: Returning campaigns for user {"user_id":82,"campaign_count":1,"statuses":["live"]} 
[2026-05-27 14:22:37] local.INFO: ParseBearerToken middleware invoked {"path":"/api/v2/campaign","method":"GET","has_auth_header":true,"auth_header_preview":"Bearer 200|77cHU4PJJLVMbsndnt3...","is_bearer":true} 
[2026-05-27 14:22:37] local.INFO: Extracted bearer token {"token_preview":"200|77cHU4...","token_length":52} 
[2026-05-27 14:22:37] local.INFO: Found personal access token {"token_id":200,"user_id":82,"revoked":null} 
[2026-05-27 14:22:37] local.INFO: User authenticated via bearer token {"user_id":82,"user_email":"emmadesigner@example.com"} 
[2026-05-27 14:22:37] local.INFO: Returning campaigns for user {"user_id":82,"campaign_count":1,"statuses":["live"]} 
[2026-05-27 14:23:06] local.INFO: ParseBearerToken middleware invoked {"path":"/api/v2/campaign","method":"GET","has_auth_header":true,"auth_header_preview":"Bearer 200|77cHU4PJJLVMbsndnt3...","is_bearer":true} 
[2026-05-27 14:23:06] local.INFO: Extracted bearer token {"token_preview":"200|77cHU4...","token_length":52} 
[2026-05-27 14:23:06] local.INFO: Found personal access token {"token_id":200,"user_id":82,"revoked":null} 
[2026-05-27 14:23:06] local.INFO: User authenticated via bearer token {"user_id":82,"user_email":"emmadesigner@example.com"} 
[2026-05-27 14:23:06] local.INFO: Returning campaigns for user {"user_id":82,"campaign_count":1,"statuses":["live"]} 
[2026-05-27 14:23:07] local.INFO: ParseBearerToken middleware invoked {"path":"/api/v2/campaign","method":"GET","has_auth_header":true,"auth_header_preview":"Bearer 200|77cHU4PJJLVMbsndnt3...","is_bearer":true} 
[2026-05-27 14:23:07] local.INFO: Extracted bearer token {"token_preview":"200|77cHU4...","token_length":52} 
[2026-05-27 14:23:07] local.INFO: Found personal access token {"token_id":200,"user_id":82,"revoked":null} 
[2026-05-27 14:23:07] local.INFO: User authenticated via bearer token {"user_id":82,"user_email":"emmadesigner@example.com"} 
[2026-05-27 14:23:07] local.INFO: Returning campaigns for user {"user_id":82,"campaign_count":1,"statuses":["live"]} 
[2026-05-27 14:23:36] local.INFO: ParseBearerToken middleware invoked {"path":"/api/v2/campaign","method":"GET","has_auth_header":true,"auth_header_preview":"Bearer 200|77cHU4PJJLVMbsndnt3...","is_bearer":true} 
[2026-05-27 14:23:36] local.INFO: Extracted bearer token {"token_preview":"200|77cHU4...","token_length":52} 
[2026-05-27 14:23:36] local.INFO: Found personal access token {"token_id":200,"user_id":82,"revoked":null} 
[2026-05-27 14:23:36] local.INFO: User authenticated via bearer token {"user_id":82,"user_email":"emmadesigner@example.com"} 
[2026-05-27 14:23:36] local.INFO: Returning campaigns for user {"user_id":82,"campaign_count":1,"statuses":["live"]} 
[2026-05-27 14:23:37] local.INFO: ParseBearerToken middleware invoked {"path":"/api/v2/campaign","method":"GET","has_auth_header":true,"auth_header_preview":"Bearer 200|77cHU4PJJLVMbsndnt3...","is_bearer":true} 
[2026-05-27 14:23:37] local.INFO: Extracted bearer token {"token_preview":"200|77cHU4...","token_length":52} 
[2026-05-27 14:23:37] local.INFO: Found personal access token {"token_id":200,"user_id":82,"revoked":null} 
[2026-05-27 14:23:37] local.INFO: User authenticated via bearer token {"user_id":82,"user_email":"emmadesigner@example.com"} 
[2026-05-27 14:23:37] local.INFO: Returning campaigns for user {"user_id":82,"campaign_count":1,"statuses":["live"]} 
[2026-05-27 14:24:06] local.INFO: ParseBearerToken middleware invoked {"path":"/api/v2/campaign","method":"GET","has_auth_header":true,"auth_header_preview":"Bearer 200|77cHU4PJJLVMbsndnt3...","is_bearer":true} 
[2026-05-27 14:24:06] local.INFO: Extracted bearer token {"token_preview":"200|77cHU4...","token_length":52} 
[2026-05-27 14:24:06] local.INFO: Found personal access token {"token_id":200,"user_id":82,"revoked":null} 
[2026-05-27 14:24:06] local.INFO: User authenticated via bearer token {"user_id":82,"user_email":"emmadesigner@example.com"} 
[2026-05-27 14:24:06] local.INFO: Returning campaigns for user {"user_id":82,"campaign_count":1,"statuses":["live"]} 
[2026-05-27 14:24:07] local.INFO: ParseBearerToken middleware invoked {"path":"/api/v2/campaign","method":"GET","has_auth_header":true,"auth_header_preview":"Bearer 200|77cHU4PJJLVMbsndnt3...","is_bearer":true} 
[2026-05-27 14:24:07] local.INFO: Extracted bearer token {"token_preview":"200|77cHU4...","token_length":52} 
[2026-05-27 14:24:07] local.INFO: Found personal access token {"token_id":200,"user_id":82,"revoked":null} 
[2026-05-27 14:24:07] local.INFO: User authenticated via bearer token {"user_id":82,"user_email":"emmadesigner@example.com"} 
[2026-05-27 14:24:07] local.INFO: Returning campaigns for user {"user_id":82,"campaign_count":1,"statuses":["live"]} 
[2026-05-27 14:24:37] local.INFO: ParseBearerToken middleware invoked {"path":"/api/v2/campaign","method":"GET","has_auth_header":true,"auth_header_preview":"Bearer 200|77cHU4PJJLVMbsndnt3...","is_bearer":true} 
[2026-05-27 14:24:37] local.INFO: Extracted bearer token {"token_preview":"200|77cHU4...","token_length":52} 
[2026-05-27 14:24:37] local.INFO: Found personal access token {"token_id":200,"user_id":82,"revoked":null} 
[2026-05-27 14:24:37] local.INFO: User authenticated via bearer token {"user_id":82,"user_email":"emmadesigner@example.com"} 
[2026-05-27 14:24:37] local.INFO: Returning campaigns for user {"user_id":82,"campaign_count":1,"statuses":["live"]} 
[2026-05-27 14:24:38] local.INFO: ParseBearerToken middleware invoked {"path":"/api/v2/campaign","method":"GET","has_auth_header":true,"auth_header_preview":"Bearer 200|77cHU4PJJLVMbsndnt3...","is_bearer":true} 
[2026-05-27 14:24:38] local.INFO: Extracted bearer token {"token_preview":"200|77cHU4...","token_length":52} 
[2026-05-27 14:24:38] local.INFO: Found personal access token {"token_id":200,"user_id":82,"revoked":null} 
[2026-05-27 14:24:38] local.INFO: User authenticated via bearer token {"user_id":82,"user_email":"emmadesigner@example.com"} 
[2026-05-27 14:24:38] local.INFO: Returning campaigns for user {"user_id":82,"campaign_count":1,"statuses":["live"]} 
[2026-05-27 14:25:07] local.INFO: ParseBearerToken middleware invoked {"path":"/api/v2/campaign","method":"GET","has_auth_header":true,"auth_header_preview":"Bearer 200|77cHU4PJJLVMbsndnt3...","is_bearer":true} 
[2026-05-27 14:25:07] local.INFO: Extracted bearer token {"token_preview":"200|77cHU4...","token_length":52} 
[2026-05-27 14:25:07] local.INFO: Found personal access token {"token_id":200,"user_id":82,"revoked":null} 
[2026-05-27 14:25:07] local.INFO: User authenticated via bearer token {"user_id":82,"user_email":"emmadesigner@example.com"} 
[2026-05-27 14:25:07] local.INFO: Returning campaigns for user {"user_id":82,"campaign_count":1,"statuses":["live"]} 
[2026-05-27 14:25:08] local.INFO: ParseBearerToken middleware invoked {"path":"/api/v2/campaign","method":"GET","has_auth_header":true,"auth_header_preview":"Bearer 200|77cHU4PJJLVMbsndnt3...","is_bearer":true} 
[2026-05-27 14:25:08] local.INFO: Extracted bearer token {"token_preview":"200|77cHU4...","token_length":52} 
[2026-05-27 14:25:08] local.INFO: Found personal access token {"token_id":200,"user_id":82,"revoked":null} 
[2026-05-27 14:25:08] local.INFO: User authenticated via bearer token {"user_id":82,"user_email":"emmadesigner@example.com"} 
[2026-05-27 14:25:08] local.INFO: Returning campaigns for user {"user_id":82,"campaign_count":1,"statuses":["live"]} 
[2026-05-27 14:25:41] local.INFO: ParseBearerToken middleware invoked {"path":"/api/v2/campaign","method":"GET","has_auth_header":true,"auth_header_preview":"Bearer 200|77cHU4PJJLVMbsndnt3...","is_bearer":true} 
[2026-05-27 14:25:41] local.INFO: Extracted bearer token {"token_preview":"200|77cHU4...","token_length":52} 
[2026-05-27 14:25:41] local.INFO: Found personal access token {"token_id":200,"user_id":82,"revoked":null} 
[2026-05-27 14:25:42] local.INFO: User authenticated via bearer token {"user_id":82,"user_email":"emmadesigner@example.com"} 
[2026-05-27 14:25:42] local.INFO: Returning campaigns for user {"user_id":82,"campaign_count":1,"statuses":["live"]} 
[2026-05-27 14:25:44] local.INFO: ParseBearerToken middleware invoked {"path":"/api/v2/campaign","method":"GET","has_auth_header":true,"auth_header_preview":"Bearer 200|77cHU4PJJLVMbsndnt3...","is_bearer":true} 
[2026-05-27 14:25:44] local.INFO: Extracted bearer token {"token_preview":"200|77cHU4...","token_length":52} 
[2026-05-27 14:25:44] local.INFO: Found personal access token {"token_id":200,"user_id":82,"revoked":null} 
[2026-05-27 14:25:44] local.INFO: User authenticated via bearer token {"user_id":82,"user_email":"emmadesigner@example.com"} 
[2026-05-27 14:25:44] local.INFO: Returning campaigns for user {"user_id":82,"campaign_count":1,"statuses":["live"]} 
[2026-05-27 14:26:06] local.INFO: ParseBearerToken middleware invoked {"path":"/api/v2/campaign","method":"GET","has_auth_header":true,"auth_header_preview":"Bearer 200|77cHU4PJJLVMbsndnt3...","is_bearer":true} 
[2026-05-27 14:26:06] local.INFO: Extracted bearer token {"token_preview":"200|77cHU4...","token_length":52} 
[2026-05-27 14:26:06] local.INFO: Found personal access token {"token_id":200,"user_id":82,"revoked":null} 
[2026-05-27 14:26:06] local.INFO: User authenticated via bearer token {"user_id":82,"user_email":"emmadesigner@example.com"} 
[2026-05-27 14:26:06] local.INFO: Returning campaigns for user {"user_id":82,"campaign_count":1,"statuses":["live"]} 
[2026-05-27 14:26:07] local.INFO: ParseBearerToken middleware invoked {"path":"/api/v2/campaign","method":"GET","has_auth_header":true,"auth_header_preview":"Bearer 200|77cHU4PJJLVMbsndnt3...","is_bearer":true} 
[2026-05-27 14:26:07] local.INFO: Extracted bearer token {"token_preview":"200|77cHU4...","token_length":52} 
[2026-05-27 14:26:07] local.INFO: Found personal access token {"token_id":200,"user_id":82,"revoked":null} 
[2026-05-27 14:26:07] local.INFO: User authenticated via bearer token {"user_id":82,"user_email":"emmadesigner@example.com"} 
[2026-05-27 14:26:07] local.INFO: Returning campaigns for user {"user_id":82,"campaign_count":1,"statuses":["live"]} 
[2026-05-27 14:26:37] local.INFO: ParseBearerToken middleware invoked {"path":"/api/v2/campaign","method":"GET","has_auth_header":true,"auth_header_preview":"Bearer 200|77cHU4PJJLVMbsndnt3...","is_bearer":true} 
[2026-05-27 14:26:37] local.INFO: Extracted bearer token {"token_preview":"200|77cHU4...","token_length":52} 
[2026-05-27 14:26:37] local.INFO: Found personal access token {"token_id":200,"user_id":82,"revoked":null} 
[2026-05-27 14:26:37] local.INFO: User authenticated via bearer token {"user_id":82,"user_email":"emmadesigner@example.com"} 
[2026-05-27 14:26:37] local.INFO: Returning campaigns for user {"user_id":82,"campaign_count":1,"statuses":["live"]} 
[2026-05-27 14:26:38] local.INFO: ParseBearerToken middleware invoked {"path":"/api/v2/campaign","method":"GET","has_auth_header":true,"auth_header_preview":"Bearer 200|77cHU4PJJLVMbsndnt3...","is_bearer":true} 
[2026-05-27 14:26:38] local.INFO: Extracted bearer token {"token_preview":"200|77cHU4...","token_length":52} 
[2026-05-27 14:26:38] local.INFO: Found personal access token {"token_id":200,"user_id":82,"revoked":null} 
[2026-05-27 14:26:38] local.INFO: User authenticated via bearer token {"user_id":82,"user_email":"emmadesigner@example.com"} 
[2026-05-27 14:26:38] local.INFO: Returning campaigns for user {"user_id":82,"campaign_count":1,"statuses":["live"]} 
[2026-05-27 14:27:07] local.INFO: ParseBearerToken middleware invoked {"path":"/api/v2/campaign","method":"GET","has_auth_header":true,"auth_header_preview":"Bearer 200|77cHU4PJJLVMbsndnt3...","is_bearer":true} 
[2026-05-27 14:27:07] local.INFO: Extracted bearer token {"token_preview":"200|77cHU4...","token_length":52} 
[2026-05-27 14:27:07] local.INFO: Found personal access token {"token_id":200,"user_id":82,"revoked":null} 
[2026-05-27 14:27:07] local.INFO: User authenticated via bearer token {"user_id":82,"user_email":"emmadesigner@example.com"} 
[2026-05-27 14:27:07] local.INFO: Returning campaigns for user {"user_id":82,"campaign_count":1,"statuses":["live"]} 
[2026-05-27 14:27:08] local.INFO: ParseBearerToken middleware invoked {"path":"/api/v2/campaign","method":"GET","has_auth_header":true,"auth_header_preview":"Bearer 200|77cHU4PJJLVMbsndnt3...","is_bearer":true} 
[2026-05-27 14:27:08] local.INFO: Extracted bearer token {"token_preview":"200|77cHU4...","token_length":52} 
[2026-05-27 14:27:08] local.INFO: Found personal access token {"token_id":200,"user_id":82,"revoked":null} 
[2026-05-27 14:27:08] local.INFO: User authenticated via bearer token {"user_id":82,"user_email":"emmadesigner@example.com"} 
[2026-05-27 14:27:08] local.INFO: Returning campaigns for user {"user_id":82,"campaign_count":1,"statuses":["live"]} 
[2026-05-27 14:27:37] local.INFO: ParseBearerToken middleware invoked {"path":"/api/v2/campaign","method":"GET","has_auth_header":true,"auth_header_preview":"Bearer 200|77cHU4PJJLVMbsndnt3...","is_bearer":true} 
[2026-05-27 14:27:37] local.INFO: Extracted bearer token {"token_preview":"200|77cHU4...","token_length":52} 
[2026-05-27 14:27:37] local.INFO: Found personal access token {"token_id":200,"user_id":82,"revoked":null} 
[2026-05-27 14:27:37] local.INFO: User authenticated via bearer token {"user_id":82,"user_email":"emmadesigner@example.com"} 
[2026-05-27 14:27:37] local.INFO: Returning campaigns for user {"user_id":82,"campaign_count":1,"statuses":["live"]} 
[2026-05-27 14:27:38] local.INFO: ParseBearerToken middleware invoked {"path":"/api/v2/campaign","method":"GET","has_auth_header":true,"auth_header_preview":"Bearer 200|77cHU4PJJLVMbsndnt3...","is_bearer":true} 
[2026-05-27 14:27:38] local.INFO: Extracted bearer token {"token_preview":"200|77cHU4...","token_length":52} 
[2026-05-27 14:27:39] local.INFO: Found personal access token {"token_id":200,"user_id":82,"revoked":null} 
[2026-05-27 14:27:39] local.INFO: User authenticated via bearer token {"user_id":82,"user_email":"emmadesigner@example.com"} 
[2026-05-27 14:27:39] local.INFO: Returning campaigns for user {"user_id":82,"campaign_count":1,"statuses":["live"]} 
[2026-05-27 14:28:07] local.INFO: ParseBearerToken middleware invoked {"path":"/api/v2/campaign","method":"GET","has_auth_header":true,"auth_header_preview":"Bearer 200|77cHU4PJJLVMbsndnt3...","is_bearer":true} 
[2026-05-27 14:28:07] local.INFO: Extracted bearer token {"token_preview":"200|77cHU4...","token_length":52} 
[2026-05-27 14:28:07] local.INFO: Found personal access token {"token_id":200,"user_id":82,"revoked":null} 
[2026-05-27 14:28:07] local.INFO: User authenticated via bearer token {"user_id":82,"user_email":"emmadesigner@example.com"} 
[2026-05-27 14:28:07] local.INFO: Returning campaigns for user {"user_id":82,"campaign_count":1,"statuses":["live"]} 
[2026-05-27 14:28:09] local.INFO: ParseBearerToken middleware invoked {"path":"/api/v2/campaign","method":"GET","has_auth_header":true,"auth_header_preview":"Bearer 200|77cHU4PJJLVMbsndnt3...","is_bearer":true} 
[2026-05-27 14:28:09] local.INFO: Extracted bearer token {"token_preview":"200|77cHU4...","token_length":52} 
[2026-05-27 14:28:09] local.INFO: Found personal access token {"token_id":200,"user_id":82,"revoked":null} 
[2026-05-27 14:28:09] local.INFO: User authenticated via bearer token {"user_id":82,"user_email":"emmadesigner@example.com"} 
[2026-05-27 14:28:09] local.INFO: Returning campaigns for user {"user_id":82,"campaign_count":1,"statuses":["live"]} 
[2026-05-27 14:28:36] local.INFO: ParseBearerToken middleware invoked {"path":"/api/v2/campaign","method":"GET","has_auth_header":true,"auth_header_preview":"Bearer 200|77cHU4PJJLVMbsndnt3...","is_bearer":true} 
[2026-05-27 14:28:36] local.INFO: Extracted bearer token {"token_preview":"200|77cHU4...","token_length":52} 
[2026-05-27 14:28:36] local.INFO: Found personal access token {"token_id":200,"user_id":82,"revoked":null} 
[2026-05-27 14:28:36] local.INFO: User authenticated via bearer token {"user_id":82,"user_email":"emmadesigner@example.com"} 
[2026-05-27 14:28:36] local.INFO: Returning campaigns for user {"user_id":82,"campaign_count":1,"statuses":["live"]} 
[2026-05-27 14:28:37] local.INFO: ParseBearerToken middleware invoked {"path":"/api/v2/campaign","method":"GET","has_auth_header":true,"auth_header_preview":"Bearer 200|77cHU4PJJLVMbsndnt3...","is_bearer":true} 
[2026-05-27 14:28:37] local.INFO: Extracted bearer token {"token_preview":"200|77cHU4...","token_length":52} 
[2026-05-27 14:28:37] local.INFO: Found personal access token {"token_id":200,"user_id":82,"revoked":null} 
[2026-05-27 14:28:37] local.INFO: User authenticated via bearer token {"user_id":82,"user_email":"emmadesigner@example.com"} 
[2026-05-27 14:28:37] local.INFO: Returning campaigns for user {"user_id":82,"campaign_count":1,"statuses":["live"]} 
[2026-05-27 14:29:33] local.INFO: ParseBearerToken middleware invoked {"path":"/api/v2/campaign","method":"GET","has_auth_header":true,"auth_header_preview":"Bearer 200|77cHU4PJJLVMbsndnt3...","is_bearer":true} 
[2026-05-27 14:29:33] local.INFO: Extracted bearer token {"token_preview":"200|77cHU4...","token_length":52} 
[2026-05-27 14:29:33] local.INFO: Found personal access token {"token_id":200,"user_id":82,"revoked":null} 
[2026-05-27 14:29:33] local.INFO: User authenticated via bearer token {"user_id":82,"user_email":"emmadesigner@example.com"} 
[2026-05-27 14:29:33] local.INFO: Returning campaigns for user {"user_id":82,"campaign_count":1,"statuses":["live"]} 
[2026-05-27 14:29:36] local.INFO: ParseBearerToken middleware invoked {"path":"/api/v2/campaign","method":"GET","has_auth_header":true,"auth_header_preview":"Bearer 200|77cHU4PJJLVMbsndnt3...","is_bearer":true} 
[2026-05-27 14:29:36] local.INFO: Extracted bearer token {"token_preview":"200|77cHU4...","token_length":52} 
[2026-05-27 14:29:36] local.INFO: Found personal access token {"token_id":200,"user_id":82,"revoked":null} 
[2026-05-27 14:29:36] local.INFO: User authenticated via bearer token {"user_id":82,"user_email":"emmadesigner@example.com"} 
[2026-05-27 14:29:36] local.INFO: Returning campaigns for user {"user_id":82,"campaign_count":1,"statuses":["live"]} 
[2026-05-27 14:29:38] local.INFO: ParseBearerToken middleware invoked {"path":"/api/v2/campaign","method":"GET","has_auth_header":true,"auth_header_preview":"Bearer 200|77cHU4PJJLVMbsndnt3...","is_bearer":true} 
[2026-05-27 14:29:38] local.INFO: Extracted bearer token {"token_preview":"200|77cHU4...","token_length":52} 
[2026-05-27 14:29:38] local.INFO: Found personal access token {"token_id":200,"user_id":82,"revoked":null} 
[2026-05-27 14:29:38] local.INFO: User authenticated via bearer token {"user_id":82,"user_email":"emmadesigner@example.com"} 
[2026-05-27 14:29:38] local.INFO: Returning campaigns for user {"user_id":82,"campaign_count":1,"statuses":["live"]} 
[2026-05-27 14:29:40] local.INFO: ParseBearerToken middleware invoked {"path":"/api/v2/campaign","method":"GET","has_auth_header":true,"auth_header_preview":"Bearer 200|77cHU4PJJLVMbsndnt3...","is_bearer":true} 
[2026-05-27 14:29:40] local.INFO: Extracted bearer token {"token_preview":"200|77cHU4...","token_length":52} 
[2026-05-27 14:29:40] local.INFO: Found personal access token {"token_id":200,"user_id":82,"revoked":null} 
[2026-05-27 14:29:40] local.INFO: User authenticated via bearer token {"user_id":82,"user_email":"emmadesigner@example.com"} 
[2026-05-27 14:29:40] local.INFO: Returning campaigns for user {"user_id":82,"campaign_count":1,"statuses":["live"]} 
[2026-05-27 14:30:09] local.INFO: ParseBearerToken middleware invoked {"path":"/api/v2/campaign","method":"GET","has_auth_header":true,"auth_header_preview":"Bearer 200|77cHU4PJJLVMbsndnt3...","is_bearer":true} 
[2026-05-27 14:30:09] local.INFO: Extracted bearer token {"token_preview":"200|77cHU4...","token_length":52} 
[2026-05-27 14:30:09] local.INFO: Found personal access token {"token_id":200,"user_id":82,"revoked":null} 
[2026-05-27 14:30:09] local.INFO: User authenticated via bearer token {"user_id":82,"user_email":"emmadesigner@example.com"} 
[2026-05-27 14:30:09] local.INFO: Returning campaigns for user {"user_id":82,"campaign_count":1,"statuses":["live"]} 
[2026-05-27 14:30:11] local.INFO: ParseBearerToken middleware invoked {"path":"/api/v2/campaign","method":"GET","has_auth_header":true,"auth_header_preview":"Bearer 200|77cHU4PJJLVMbsndnt3...","is_bearer":true} 
[2026-05-27 14:30:11] local.INFO: Extracted bearer token {"token_preview":"200|77cHU4...","token_length":52} 
[2026-05-27 14:30:11] local.INFO: Found personal access token {"token_id":200,"user_id":82,"revoked":null} 
[2026-05-27 14:30:11] local.INFO: User authenticated via bearer token {"user_id":82,"user_email":"emmadesigner@example.com"} 
[2026-05-27 14:30:11] local.INFO: Returning campaigns for user {"user_id":82,"campaign_count":1,"statuses":["live"]} 
[2026-05-27 14:30:36] local.INFO: ParseBearerToken middleware invoked {"path":"/api/v2/campaign","method":"GET","has_auth_header":true,"auth_header_preview":"Bearer 200|77cHU4PJJLVMbsndnt3...","is_bearer":true} 
[2026-05-27 14:30:36] local.INFO: Extracted bearer token {"token_preview":"200|77cHU4...","token_length":52} 
[2026-05-27 14:30:36] local.INFO: Found personal access token {"token_id":200,"user_id":82,"revoked":null} 
[2026-05-27 14:30:36] local.INFO: User authenticated via bearer token {"user_id":82,"user_email":"emmadesigner@example.com"} 
[2026-05-27 14:30:36] local.INFO: Returning campaigns for user {"user_id":82,"campaign_count":1,"statuses":["live"]} 
[2026-05-27 14:30:38] local.INFO: ParseBearerToken middleware invoked {"path":"/api/v2/campaign","method":"GET","has_auth_header":true,"auth_header_preview":"Bearer 200|77cHU4PJJLVMbsndnt3...","is_bearer":true} 
[2026-05-27 14:30:38] local.INFO: Extracted bearer token {"token_preview":"200|77cHU4...","token_length":52} 
[2026-05-27 14:30:38] local.INFO: Found personal access token {"token_id":200,"user_id":82,"revoked":null} 
[2026-05-27 14:30:38] local.INFO: User authenticated via bearer token {"user_id":82,"user_email":"emmadesigner@example.com"} 
[2026-05-27 14:30:38] local.INFO: Returning campaigns for user {"user_id":82,"campaign_count":1,"statuses":["live"]} 
[2026-05-27 14:31:06] local.INFO: ParseBearerToken middleware invoked {"path":"/api/v2/campaign","method":"GET","has_auth_header":true,"auth_header_preview":"Bearer 200|77cHU4PJJLVMbsndnt3...","is_bearer":true} 
[2026-05-27 14:31:06] local.INFO: Extracted bearer token {"token_preview":"200|77cHU4...","token_length":52} 
[2026-05-27 14:31:06] local.INFO: Found personal access token {"token_id":200,"user_id":82,"revoked":null} 
[2026-05-27 14:31:06] local.INFO: User authenticated via bearer token {"user_id":82,"user_email":"emmadesigner@example.com"} 
[2026-05-27 14:31:06] local.INFO: Returning campaigns for user {"user_id":82,"campaign_count":1,"statuses":["live"]} 
[2026-05-27 14:31:07] local.INFO: ParseBearerToken middleware invoked {"path":"/api/v2/campaign","method":"GET","has_auth_header":true,"auth_header_preview":"Bearer 200|77cHU4PJJLVMbsndnt3...","is_bearer":true} 
[2026-05-27 14:31:07] local.INFO: Extracted bearer token {"token_preview":"200|77cHU4...","token_length":52} 
[2026-05-27 14:31:07] local.INFO: Found personal access token {"token_id":200,"user_id":82,"revoked":null} 
[2026-05-27 14:31:07] local.INFO: User authenticated via bearer token {"user_id":82,"user_email":"emmadesigner@example.com"} 
[2026-05-27 14:31:07] local.INFO: Returning campaigns for user {"user_id":82,"campaign_count":1,"statuses":["live"]} 
[2026-05-27 14:31:36] local.INFO: ParseBearerToken middleware invoked {"path":"/api/v2/campaign","method":"GET","has_auth_header":true,"auth_header_preview":"Bearer 200|77cHU4PJJLVMbsndnt3...","is_bearer":true} 
[2026-05-27 14:31:36] local.INFO: Extracted bearer token {"token_preview":"200|77cHU4...","token_length":52} 
[2026-05-27 14:31:36] local.INFO: Found personal access token {"token_id":200,"user_id":82,"revoked":null} 
[2026-05-27 14:31:36] local.INFO: User authenticated via bearer token {"user_id":82,"user_email":"emmadesigner@example.com"} 
[2026-05-27 14:31:36] local.INFO: Returning campaigns for user {"user_id":82,"campaign_count":1,"statuses":["live"]} 
[2026-05-27 14:31:37] local.INFO: ParseBearerToken middleware invoked {"path":"/api/v2/campaign","method":"GET","has_auth_header":true,"auth_header_preview":"Bearer 200|77cHU4PJJLVMbsndnt3...","is_bearer":true} 
[2026-05-27 14:31:37] local.INFO: Extracted bearer token {"token_preview":"200|77cHU4...","token_length":52} 
[2026-05-27 14:31:37] local.INFO: Found personal access token {"token_id":200,"user_id":82,"revoked":null} 
[2026-05-27 14:31:37] local.INFO: User authenticated via bearer token {"user_id":82,"user_email":"emmadesigner@example.com"} 
[2026-05-27 14:31:37] local.INFO: Returning campaigns for user {"user_id":82,"campaign_count":1,"statuses":["live"]} 
[2026-05-27 14:32:05] local.INFO: ParseBearerToken middleware invoked {"path":"/api/v2/campaign","method":"GET","has_auth_header":true,"auth_header_preview":"Bearer 200|77cHU4PJJLVMbsndnt3...","is_bearer":true} 
[2026-05-27 14:32:05] local.INFO: Extracted bearer token {"token_preview":"200|77cHU4...","token_length":52} 
[2026-05-27 14:32:05] local.INFO: Found personal access token {"token_id":200,"user_id":82,"revoked":null} 
[2026-05-27 14:32:05] local.INFO: User authenticated via bearer token {"user_id":82,"user_email":"emmadesigner@example.com"} 
[2026-05-27 14:32:05] local.INFO: Returning campaigns for user {"user_id":82,"campaign_count":1,"statuses":["live"]} 
[2026-05-27 14:32:06] local.INFO: ParseBearerToken middleware invoked {"path":"/api/v2/campaign","method":"GET","has_auth_header":true,"auth_header_preview":"Bearer 200|77cHU4PJJLVMbsndnt3...","is_bearer":true} 
[2026-05-27 14:32:06] local.INFO: Extracted bearer token {"token_preview":"200|77cHU4...","token_length":52} 
[2026-05-27 14:32:06] local.INFO: Found personal access token {"token_id":200,"user_id":82,"revoked":null} 
[2026-05-27 14:32:06] local.INFO: User authenticated via bearer token {"user_id":82,"user_email":"emmadesigner@example.com"} 
[2026-05-27 14:32:06] local.INFO: Returning campaigns for user {"user_id":82,"campaign_count":1,"statuses":["live"]} 
[2026-05-27 14:32:36] local.INFO: ParseBearerToken middleware invoked {"path":"/api/v2/campaign","method":"GET","has_auth_header":true,"auth_header_preview":"Bearer 200|77cHU4PJJLVMbsndnt3...","is_bearer":true} 
[2026-05-27 14:32:36] local.INFO: Extracted bearer token {"token_preview":"200|77cHU4...","token_length":52} 
[2026-05-27 14:32:36] local.INFO: Found personal access token {"token_id":200,"user_id":82,"revoked":null} 
[2026-05-27 14:32:36] local.INFO: User authenticated via bearer token {"user_id":82,"user_email":"emmadesigner@example.com"} 
[2026-05-27 14:32:36] local.INFO: Returning campaigns for user {"user_id":82,"campaign_count":1,"statuses":["live"]} 
[2026-05-27 14:32:37] local.INFO: ParseBearerToken middleware invoked {"path":"/api/v2/campaign","method":"GET","has_auth_header":true,"auth_header_preview":"Bearer 200|77cHU4PJJLVMbsndnt3...","is_bearer":true} 
[2026-05-27 14:32:37] local.INFO: Extracted bearer token {"token_preview":"200|77cHU4...","token_length":52} 
[2026-05-27 14:32:37] local.INFO: Found personal access token {"token_id":200,"user_id":82,"revoked":null} 
[2026-05-27 14:32:37] local.INFO: User authenticated via bearer token {"user_id":82,"user_email":"emmadesigner@example.com"} 
[2026-05-27 14:32:37] local.INFO: Returning campaigns for user {"user_id":82,"campaign_count":1,"statuses":["live"]} 
[2026-05-27 14:33:07] local.INFO: ParseBearerToken middleware invoked {"path":"/api/v2/campaign","method":"GET","has_auth_header":true,"auth_header_preview":"Bearer 200|77cHU4PJJLVMbsndnt3...","is_bearer":true} 
[2026-05-27 14:33:07] local.INFO: Extracted bearer token {"token_preview":"200|77cHU4...","token_length":52} 
[2026-05-27 14:33:07] local.INFO: Found personal access token {"token_id":200,"user_id":82,"revoked":null} 
[2026-05-27 14:33:07] local.INFO: User authenticated via bearer token {"user_id":82,"user_email":"emmadesigner@example.com"} 
[2026-05-27 14:33:07] local.INFO: Returning campaigns for user {"user_id":82,"campaign_count":1,"statuses":["live"]} 
[2026-05-27 14:33:08] local.INFO: ParseBearerToken middleware invoked {"path":"/api/v2/campaign","method":"GET","has_auth_header":true,"auth_header_preview":"Bearer 200|77cHU4PJJLVMbsndnt3...","is_bearer":true} 
[2026-05-27 14:33:08] local.INFO: Extracted bearer token {"token_preview":"200|77cHU4...","token_length":52} 
[2026-05-27 14:33:08] local.INFO: Found personal access token {"token_id":200,"user_id":82,"revoked":null} 
[2026-05-27 14:33:08] local.INFO: User authenticated via bearer token {"user_id":82,"user_email":"emmadesigner@example.com"} 
[2026-05-27 14:33:08] local.INFO: Returning campaigns for user {"user_id":82,"campaign_count":1,"statuses":["live"]} 
[2026-05-27 14:33:36] local.INFO: ParseBearerToken middleware invoked {"path":"/api/v2/campaign","method":"GET","has_auth_header":true,"auth_header_preview":"Bearer 200|77cHU4PJJLVMbsndnt3...","is_bearer":true} 
[2026-05-27 14:33:36] local.INFO: Extracted bearer token {"token_preview":"200|77cHU4...","token_length":52} 
[2026-05-27 14:33:36] local.INFO: Found personal access token {"token_id":200,"user_id":82,"revoked":null} 
[2026-05-27 14:33:36] local.INFO: User authenticated via bearer token {"user_id":82,"user_email":"emmadesigner@example.com"} 
[2026-05-27 14:33:36] local.INFO: Returning campaigns for user {"user_id":82,"campaign_count":1,"statuses":["live"]} 
[2026-05-27 14:33:37] local.INFO: ParseBearerToken middleware invoked {"path":"/api/v2/campaign","method":"GET","has_auth_header":true,"auth_header_preview":"Bearer 200|77cHU4PJJLVMbsndnt3...","is_bearer":true} 
[2026-05-27 14:33:37] local.INFO: Extracted bearer token {"token_preview":"200|77cHU4...","token_length":52} 
[2026-05-27 14:33:37] local.INFO: Found personal access token {"token_id":200,"user_id":82,"revoked":null} 
[2026-05-27 14:33:37] local.INFO: User authenticated via bearer token {"user_id":82,"user_email":"emmadesigner@example.com"} 
[2026-05-27 14:33:37] local.INFO: Returning campaigns for user {"user_id":82,"campaign_count":1,"statuses":["live"]} 
[2026-05-27 14:34:06] local.INFO: ParseBearerToken middleware invoked {"path":"/api/v2/campaign","method":"GET","has_auth_header":true,"auth_header_preview":"Bearer 200|77cHU4PJJLVMbsndnt3...","is_bearer":true} 
[2026-05-27 14:34:06] local.INFO: Extracted bearer token {"token_preview":"200|77cHU4...","token_length":52} 
[2026-05-27 14:34:06] local.INFO: Found personal access token {"token_id":200,"user_id":82,"revoked":null} 
[2026-05-27 14:34:06] local.INFO: User authenticated via bearer token {"user_id":82,"user_email":"emmadesigner@example.com"} 
[2026-05-27 14:34:06] local.INFO: Returning campaigns for user {"user_id":82,"campaign_count":1,"statuses":["live"]} 
[2026-05-27 14:34:07] local.INFO: ParseBearerToken middleware invoked {"path":"/api/v2/campaign","method":"GET","has_auth_header":true,"auth_header_preview":"Bearer 200|77cHU4PJJLVMbsndnt3...","is_bearer":true} 
[2026-05-27 14:34:07] local.INFO: Extracted bearer token {"token_preview":"200|77cHU4...","token_length":52} 
[2026-05-27 14:34:07] local.INFO: Found personal access token {"token_id":200,"user_id":82,"revoked":null} 
[2026-05-27 14:34:07] local.INFO: User authenticated via bearer token {"user_id":82,"user_email":"emmadesigner@example.com"} 
[2026-05-27 14:34:07] local.INFO: Returning campaigns for user {"user_id":82,"campaign_count":1,"statuses":["live"]} 
[2026-05-27 14:34:36] local.INFO: ParseBearerToken middleware invoked {"path":"/api/v2/campaign","method":"GET","has_auth_header":true,"auth_header_preview":"Bearer 200|77cHU4PJJLVMbsndnt3...","is_bearer":true} 
[2026-05-27 14:34:36] local.INFO: Extracted bearer token {"token_preview":"200|77cHU4...","token_length":52} 
[2026-05-27 14:34:36] local.INFO: Found personal access token {"token_id":200,"user_id":82,"revoked":null} 
[2026-05-27 14:34:36] local.INFO: User authenticated via bearer token {"user_id":82,"user_email":"emmadesigner@example.com"} 
[2026-05-27 14:34:36] local.INFO: Returning campaigns for user {"user_id":82,"campaign_count":1,"statuses":["live"]} 
[2026-05-27 14:34:37] local.INFO: ParseBearerToken middleware invoked {"path":"/api/v2/campaign","method":"GET","has_auth_header":true,"auth_header_preview":"Bearer 200|77cHU4PJJLVMbsndnt3...","is_bearer":true} 
[2026-05-27 14:34:37] local.INFO: Extracted bearer token {"token_preview":"200|77cHU4...","token_length":52} 
[2026-05-27 14:34:37] local.INFO: Found personal access token {"token_id":200,"user_id":82,"revoked":null} 
[2026-05-27 14:34:37] local.INFO: User authenticated via bearer token {"user_id":82,"user_email":"emmadesigner@example.com"} 
[2026-05-27 14:34:37] local.INFO: Returning campaigns for user {"user_id":82,"campaign_count":1,"statuses":["live"]} 
[2026-05-27 14:35:07] local.INFO: ParseBearerToken middleware invoked {"path":"/api/v2/campaign","method":"GET","has_auth_header":true,"auth_header_preview":"Bearer 200|77cHU4PJJLVMbsndnt3...","is_bearer":true} 
[2026-05-27 14:35:07] local.INFO: Extracted bearer token {"token_preview":"200|77cHU4...","token_length":52} 
[2026-05-27 14:35:07] local.INFO: Found personal access token {"token_id":200,"user_id":82,"revoked":null} 
[2026-05-27 14:35:07] local.INFO: User authenticated via bearer token {"user_id":82,"user_email":"emmadesigner@example.com"} 
[2026-05-27 14:35:07] local.INFO: Returning campaigns for user {"user_id":82,"campaign_count":1,"statuses":["live"]} 
[2026-05-27 14:35:08] local.INFO: ParseBearerToken middleware invoked {"path":"/api/v2/campaign","method":"GET","has_auth_header":true,"auth_header_preview":"Bearer 200|77cHU4PJJLVMbsndnt3...","is_bearer":true} 
[2026-05-27 14:35:08] local.INFO: Extracted bearer token {"token_preview":"200|77cHU4...","token_length":52} 
[2026-05-27 14:35:08] local.INFO: Found personal access token {"token_id":200,"user_id":82,"revoked":null} 
[2026-05-27 14:35:08] local.INFO: User authenticated via bearer token {"user_id":82,"user_email":"emmadesigner@example.com"} 
[2026-05-27 14:35:08] local.INFO: Returning campaigns for user {"user_id":82,"campaign_count":1,"statuses":["live"]} 
[2026-05-27 14:35:36] local.INFO: ParseBearerToken middleware invoked {"path":"/api/v2/campaign","method":"GET","has_auth_header":true,"auth_header_preview":"Bearer 200|77cHU4PJJLVMbsndnt3...","is_bearer":true} 
[2026-05-27 14:35:36] local.INFO: Extracted bearer token {"token_preview":"200|77cHU4...","token_length":52} 
[2026-05-27 14:35:36] local.INFO: Found personal access token {"token_id":200,"user_id":82,"revoked":null} 
[2026-05-27 14:35:36] local.INFO: User authenticated via bearer token {"user_id":82,"user_email":"emmadesigner@example.com"} 
[2026-05-27 14:35:36] local.INFO: Returning campaigns for user {"user_id":82,"campaign_count":1,"statuses":["live"]} 
[2026-05-27 14:35:37] local.INFO: ParseBearerToken middleware invoked {"path":"/api/v2/campaign","method":"GET","has_auth_header":true,"auth_header_preview":"Bearer 200|77cHU4PJJLVMbsndnt3...","is_bearer":true} 
[2026-05-27 14:35:37] local.INFO: Extracted bearer token {"token_preview":"200|77cHU4...","token_length":52} 
[2026-05-27 14:35:37] local.INFO: Found personal access token {"token_id":200,"user_id":82,"revoked":null} 
[2026-05-27 14:35:37] local.INFO: User authenticated via bearer token {"user_id":82,"user_email":"emmadesigner@example.com"} 
[2026-05-27 14:35:37] local.INFO: Returning campaigns for user {"user_id":82,"campaign_count":1,"statuses":["live"]} 
[2026-05-27 14:36:06] local.INFO: ParseBearerToken middleware invoked {"path":"/api/v2/campaign","method":"GET","has_auth_header":true,"auth_header_preview":"Bearer 200|77cHU4PJJLVMbsndnt3...","is_bearer":true} 
[2026-05-27 14:36:06] local.INFO: Extracted bearer token {"token_preview":"200|77cHU4...","token_length":52} 
[2026-05-27 14:36:07] local.INFO: Found personal access token {"token_id":200,"user_id":82,"revoked":null} 
[2026-05-27 14:36:07] local.INFO: User authenticated via bearer token {"user_id":82,"user_email":"emmadesigner@example.com"} 
[2026-05-27 14:36:07] local.INFO: Returning campaigns for user {"user_id":82,"campaign_count":1,"statuses":["live"]} 
[2026-05-27 14:36:08] local.INFO: ParseBearerToken middleware invoked {"path":"/api/v2/campaign","method":"GET","has_auth_header":true,"auth_header_preview":"Bearer 200|77cHU4PJJLVMbsndnt3...","is_bearer":true} 
[2026-05-27 14:36:08] local.INFO: Extracted bearer token {"token_preview":"200|77cHU4...","token_length":52} 
[2026-05-27 14:36:08] local.INFO: Found personal access token {"token_id":200,"user_id":82,"revoked":null} 
[2026-05-27 14:36:08] local.INFO: User authenticated via bearer token {"user_id":82,"user_email":"emmadesigner@example.com"} 
[2026-05-27 14:36:08] local.INFO: Returning campaigns for user {"user_id":82,"campaign_count":1,"statuses":["live"]} 
[2026-05-27 14:36:36] local.INFO: ParseBearerToken middleware invoked {"path":"/api/v2/campaign","method":"GET","has_auth_header":true,"auth_header_preview":"Bearer 200|77cHU4PJJLVMbsndnt3...","is_bearer":true} 
[2026-05-27 14:36:36] local.INFO: Extracted bearer token {"token_preview":"200|77cHU4...","token_length":52} 
[2026-05-27 14:36:36] local.INFO: Found personal access token {"token_id":200,"user_id":82,"revoked":null} 
[2026-05-27 14:36:36] local.INFO: User authenticated via bearer token {"user_id":82,"user_email":"emmadesigner@example.com"} 
[2026-05-27 14:36:36] local.INFO: Returning campaigns for user {"user_id":82,"campaign_count":1,"statuses":["live"]} 
[2026-05-27 14:36:37] local.INFO: ParseBearerToken middleware invoked {"path":"/api/v2/campaign","method":"GET","has_auth_header":true,"auth_header_preview":"Bearer 200|77cHU4PJJLVMbsndnt3...","is_bearer":true} 
[2026-05-27 14:36:37] local.INFO: Extracted bearer token {"token_preview":"200|77cHU4...","token_length":52} 
[2026-05-27 14:36:37] local.INFO: Found personal access token {"token_id":200,"user_id":82,"revoked":null} 
[2026-05-27 14:36:37] local.INFO: User authenticated via bearer token {"user_id":82,"user_email":"emmadesigner@example.com"} 
[2026-05-27 14:36:37] local.INFO: Returning campaigns for user {"user_id":82,"campaign_count":1,"statuses":["live"]} 
[2026-05-27 14:37:06] local.INFO: ParseBearerToken middleware invoked {"path":"/api/v2/campaign","method":"GET","has_auth_header":true,"auth_header_preview":"Bearer 200|77cHU4PJJLVMbsndnt3...","is_bearer":true} 
[2026-05-27 14:37:06] local.INFO: Extracted bearer token {"token_preview":"200|77cHU4...","token_length":52} 
[2026-05-27 14:37:06] local.INFO: Found personal access token {"token_id":200,"user_id":82,"revoked":null} 
[2026-05-27 14:37:06] local.INFO: User authenticated via bearer token {"user_id":82,"user_email":"emmadesigner@example.com"} 
[2026-05-27 14:37:06] local.INFO: Returning campaigns for user {"user_id":82,"campaign_count":1,"statuses":["live"]} 
[2026-05-27 14:37:07] local.INFO: ParseBearerToken middleware invoked {"path":"/api/v2/campaign","method":"GET","has_auth_header":true,"auth_header_preview":"Bearer 200|77cHU4PJJLVMbsndnt3...","is_bearer":true} 
[2026-05-27 14:37:07] local.INFO: Extracted bearer token {"token_preview":"200|77cHU4...","token_length":52} 
[2026-05-27 14:37:07] local.INFO: Found personal access token {"token_id":200,"user_id":82,"revoked":null} 
[2026-05-27 14:37:07] local.INFO: User authenticated via bearer token {"user_id":82,"user_email":"emmadesigner@example.com"} 
[2026-05-27 14:37:07] local.INFO: Returning campaigns for user {"user_id":82,"campaign_count":1,"statuses":["live"]} 
[2026-05-27 14:37:36] local.INFO: ParseBearerToken middleware invoked {"path":"/api/v2/campaign","method":"GET","has_auth_header":true,"auth_header_preview":"Bearer 200|77cHU4PJJLVMbsndnt3...","is_bearer":true} 
[2026-05-27 14:37:36] local.INFO: Extracted bearer token {"token_preview":"200|77cHU4...","token_length":52} 
[2026-05-27 14:37:36] local.INFO: Found personal access token {"token_id":200,"user_id":82,"revoked":null} 
[2026-05-27 14:37:36] local.INFO: User authenticated via bearer token {"user_id":82,"user_email":"emmadesigner@example.com"} 
[2026-05-27 14:37:36] local.INFO: Returning campaigns for user {"user_id":82,"campaign_count":1,"statuses":["live"]} 
[2026-05-27 14:37:37] local.INFO: ParseBearerToken middleware invoked {"path":"/api/v2/campaign","method":"GET","has_auth_header":true,"auth_header_preview":"Bearer 200|77cHU4PJJLVMbsndnt3...","is_bearer":true} 
[2026-05-27 14:37:37] local.INFO: Extracted bearer token {"token_preview":"200|77cHU4...","token_length":52} 
[2026-05-27 14:37:37] local.INFO: Found personal access token {"token_id":200,"user_id":82,"revoked":null} 
[2026-05-27 14:37:37] local.INFO: User authenticated via bearer token {"user_id":82,"user_email":"emmadesigner@example.com"} 
[2026-05-27 14:37:37] local.INFO: Returning campaigns for user {"user_id":82,"campaign_count":1,"statuses":["live"]} 
[2026-05-27 14:38:07] local.INFO: ParseBearerToken middleware invoked {"path":"/api/v2/campaign","method":"GET","has_auth_header":true,"auth_header_preview":"Bearer 200|77cHU4PJJLVMbsndnt3...","is_bearer":true} 
[2026-05-27 14:38:07] local.INFO: Extracted bearer token {"token_preview":"200|77cHU4...","token_length":52} 
[2026-05-27 14:38:07] local.INFO: Found personal access token {"token_id":200,"user_id":82,"revoked":null} 
[2026-05-27 14:38:07] local.INFO: User authenticated via bearer token {"user_id":82,"user_email":"emmadesigner@example.com"} 
[2026-05-27 14:38:07] local.INFO: Returning campaigns for user {"user_id":82,"campaign_count":1,"statuses":["live"]} 
[2026-05-27 14:38:09] local.INFO: ParseBearerToken middleware invoked {"path":"/api/v2/campaign","method":"GET","has_auth_header":true,"auth_header_preview":"Bearer 200|77cHU4PJJLVMbsndnt3...","is_bearer":true} 
[2026-05-27 14:38:09] local.INFO: Extracted bearer token {"token_preview":"200|77cHU4...","token_length":52} 
[2026-05-27 14:38:09] local.INFO: Found personal access token {"token_id":200,"user_id":82,"revoked":null} 
[2026-05-27 14:38:09] local.INFO: User authenticated via bearer token {"user_id":82,"user_email":"emmadesigner@example.com"} 
[2026-05-27 14:38:09] local.INFO: Returning campaigns for user {"user_id":82,"campaign_count":1,"statuses":["live"]} 
[2026-05-27 14:38:36] local.INFO: ParseBearerToken middleware invoked {"path":"/api/v2/campaign","method":"GET","has_auth_header":true,"auth_header_preview":"Bearer 200|77cHU4PJJLVMbsndnt3...","is_bearer":true} 
[2026-05-27 14:38:36] local.INFO: Extracted bearer token {"token_preview":"200|77cHU4...","token_length":52} 
[2026-05-27 14:38:36] local.INFO: Found personal access token {"token_id":200,"user_id":82,"revoked":null} 
[2026-05-27 14:38:36] local.INFO: User authenticated via bearer token {"user_id":82,"user_email":"emmadesigner@example.com"} 
[2026-05-27 14:38:36] local.INFO: Returning campaigns for user {"user_id":82,"campaign_count":1,"statuses":["live"]} 
[2026-05-27 14:38:37] local.INFO: ParseBearerToken middleware invoked {"path":"/api/v2/campaign","method":"GET","has_auth_header":true,"auth_header_preview":"Bearer 200|77cHU4PJJLVMbsndnt3...","is_bearer":true} 
[2026-05-27 14:38:37] local.INFO: Extracted bearer token {"token_preview":"200|77cHU4...","token_length":52} 
[2026-05-27 14:38:37] local.INFO: Found personal access token {"token_id":200,"user_id":82,"revoked":null} 
[2026-05-27 14:38:37] local.INFO: User authenticated via bearer token {"user_id":82,"user_email":"emmadesigner@example.com"} 
[2026-05-27 14:38:37] local.INFO: Returning campaigns for user {"user_id":82,"campaign_count":1,"statuses":["live"]} 
[2026-05-27 14:39:09] local.INFO: ParseBearerToken middleware invoked {"path":"/api/v2/campaign","method":"GET","has_auth_header":true,"auth_header_preview":"Bearer 200|77cHU4PJJLVMbsndnt3...","is_bearer":true} 
[2026-05-27 14:39:09] local.INFO: Extracted bearer token {"token_preview":"200|77cHU4...","token_length":52} 
[2026-05-27 14:39:09] local.INFO: Found personal access token {"token_id":200,"user_id":82,"revoked":null} 
[2026-05-27 14:39:09] local.INFO: User authenticated via bearer token {"user_id":82,"user_email":"emmadesigner@example.com"} 
[2026-05-27 14:39:09] local.INFO: Returning campaigns for user {"user_id":82,"campaign_count":1,"statuses":["live"]} 
[2026-05-27 14:39:10] local.INFO: ParseBearerToken middleware invoked {"path":"/api/v2/campaign","method":"GET","has_auth_header":true,"auth_header_preview":"Bearer 200|77cHU4PJJLVMbsndnt3...","is_bearer":true} 
[2026-05-27 14:39:10] local.INFO: Extracted bearer token {"token_preview":"200|77cHU4...","token_length":52} 
[2026-05-27 14:39:10] local.INFO: Found personal access token {"token_id":200,"user_id":82,"revoked":null} 
[2026-05-27 14:39:10] local.INFO: User authenticated via bearer token {"user_id":82,"user_email":"emmadesigner@example.com"} 
[2026-05-27 14:39:10] local.INFO: Returning campaigns for user {"user_id":82,"campaign_count":1,"statuses":["live"]} 
[2026-05-27 14:39:35] local.INFO: ParseBearerToken middleware invoked {"path":"/api/v2/campaign","method":"GET","has_auth_header":true,"auth_header_preview":"Bearer 200|77cHU4PJJLVMbsndnt3...","is_bearer":true} 
[2026-05-27 14:39:35] local.INFO: Extracted bearer token {"token_preview":"200|77cHU4...","token_length":52} 
[2026-05-27 14:39:35] local.INFO: Found personal access token {"token_id":200,"user_id":82,"revoked":null} 
[2026-05-27 14:39:35] local.INFO: User authenticated via bearer token {"user_id":82,"user_email":"emmadesigner@example.com"} 
[2026-05-27 14:39:36] local.INFO: Returning campaigns for user {"user_id":82,"campaign_count":1,"statuses":["live"]} 
[2026-05-27 14:39:37] local.INFO: ParseBearerToken middleware invoked {"path":"/api/v2/campaign","method":"GET","has_auth_header":true,"auth_header_preview":"Bearer 200|77cHU4PJJLVMbsndnt3...","is_bearer":true} 
[2026-05-27 14:39:37] local.INFO: Extracted bearer token {"token_preview":"200|77cHU4...","token_length":52} 
[2026-05-27 14:39:37] local.INFO: Found personal access token {"token_id":200,"user_id":82,"revoked":null} 
[2026-05-27 14:39:37] local.INFO: User authenticated via bearer token {"user_id":82,"user_email":"emmadesigner@example.com"} 
[2026-05-27 14:39:37] local.INFO: Returning campaigns for user {"user_id":82,"campaign_count":1,"statuses":["live"]} 
[2026-05-27 14:40:07] local.INFO: ParseBearerToken middleware invoked {"path":"/api/v2/campaign","method":"GET","has_auth_header":true,"auth_header_preview":"Bearer 200|77cHU4PJJLVMbsndnt3...","is_bearer":true} 
[2026-05-27 14:40:07] local.INFO: Extracted bearer token {"token_preview":"200|77cHU4...","token_length":52} 
[2026-05-27 14:40:07] local.INFO: Found personal access token {"token_id":200,"user_id":82,"revoked":null} 
[2026-05-27 14:40:07] local.INFO: User authenticated via bearer token {"user_id":82,"user_email":"emmadesigner@example.com"} 
[2026-05-27 14:40:07] local.INFO: Returning campaigns for user {"user_id":82,"campaign_count":1,"statuses":["live"]} 
[2026-05-27 14:40:08] local.INFO: ParseBearerToken middleware invoked {"path":"/api/v2/campaign","method":"GET","has_auth_header":true,"auth_header_preview":"Bearer 200|77cHU4PJJLVMbsndnt3...","is_bearer":true} 
[2026-05-27 14:40:08] local.INFO: Extracted bearer token {"token_preview":"200|77cHU4...","token_length":52} 
[2026-05-27 14:40:08] local.INFO: Found personal access token {"token_id":200,"user_id":82,"revoked":null} 
[2026-05-27 14:40:08] local.INFO: User authenticated via bearer token {"user_id":82,"user_email":"emmadesigner@example.com"} 
[2026-05-27 14:40:08] local.INFO: Returning campaigns for user {"user_id":82,"campaign_count":1,"statuses":["live"]} 
[2026-05-27 14:40:37] local.INFO: ParseBearerToken middleware invoked {"path":"/api/v2/campaign","method":"GET","has_auth_header":true,"auth_header_preview":"Bearer 200|77cHU4PJJLVMbsndnt3...","is_bearer":true} 
[2026-05-27 14:40:37] local.INFO: Extracted bearer token {"token_preview":"200|77cHU4...","token_length":52} 
[2026-05-27 14:40:37] local.INFO: Found personal access token {"token_id":200,"user_id":82,"revoked":null} 
[2026-05-27 14:40:37] local.INFO: User authenticated via bearer token {"user_id":82,"user_email":"emmadesigner@example.com"} 
[2026-05-27 14:40:37] local.INFO: Returning campaigns for user {"user_id":82,"campaign_count":1,"statuses":["live"]} 
[2026-05-27 14:40:38] local.INFO: ParseBearerToken middleware invoked {"path":"/api/v2/campaign","method":"GET","has_auth_header":true,"auth_header_preview":"Bearer 200|77cHU4PJJLVMbsndnt3...","is_bearer":true} 
[2026-05-27 14:40:38] local.INFO: Extracted bearer token {"token_preview":"200|77cHU4...","token_length":52} 
[2026-05-27 14:40:38] local.INFO: Found personal access token {"token_id":200,"user_id":82,"revoked":null} 
[2026-05-27 14:40:38] local.INFO: User authenticated via bearer token {"user_id":82,"user_email":"emmadesigner@example.com"} 
[2026-05-27 14:40:38] local.INFO: Returning campaigns for user {"user_id":82,"campaign_count":1,"statuses":["live"]} 
[2026-05-27 14:41:06] local.INFO: ParseBearerToken middleware invoked {"path":"/api/v2/campaign","method":"GET","has_auth_header":true,"auth_header_preview":"Bearer 200|77cHU4PJJLVMbsndnt3...","is_bearer":true} 
[2026-05-27 14:41:06] local.INFO: Extracted bearer token {"token_preview":"200|77cHU4...","token_length":52} 
[2026-05-27 14:41:06] local.INFO: Found personal access token {"token_id":200,"user_id":82,"revoked":null} 
[2026-05-27 14:41:06] local.INFO: User authenticated via bearer token {"user_id":82,"user_email":"emmadesigner@example.com"} 
[2026-05-27 14:41:06] local.INFO: Returning campaigns for user {"user_id":82,"campaign_count":1,"statuses":["live"]} 
[2026-05-27 14:41:06] local.INFO: ParseBearerToken middleware invoked {"path":"/api/v2/campaign","method":"GET","has_auth_header":true,"auth_header_preview":"Bearer 200|77cHU4PJJLVMbsndnt3...","is_bearer":true} 
[2026-05-27 14:41:07] local.INFO: Extracted bearer token {"token_preview":"200|77cHU4...","token_length":52} 
[2026-05-27 14:41:07] local.INFO: Found personal access token {"token_id":200,"user_id":82,"revoked":null} 
[2026-05-27 14:41:07] local.INFO: User authenticated via bearer token {"user_id":82,"user_email":"emmadesigner@example.com"} 
[2026-05-27 14:41:07] local.INFO: Returning campaigns for user {"user_id":82,"campaign_count":1,"statuses":["live"]} 
[2026-05-27 14:41:37] local.INFO: ParseBearerToken middleware invoked {"path":"/api/v2/campaign","method":"GET","has_auth_header":true,"auth_header_preview":"Bearer 200|77cHU4PJJLVMbsndnt3...","is_bearer":true} 
[2026-05-27 14:41:37] local.INFO: Extracted bearer token {"token_preview":"200|77cHU4...","token_length":52} 
[2026-05-27 14:41:37] local.INFO: Found personal access token {"token_id":200,"user_id":82,"revoked":null} 
[2026-05-27 14:41:37] local.INFO: User authenticated via bearer token {"user_id":82,"user_email":"emmadesigner@example.com"} 
[2026-05-27 14:41:37] local.INFO: Returning campaigns for user {"user_id":82,"campaign_count":1,"statuses":["live"]} 
[2026-05-27 14:41:38] local.INFO: ParseBearerToken middleware invoked {"path":"/api/v2/campaign","method":"GET","has_auth_header":true,"auth_header_preview":"Bearer 200|77cHU4PJJLVMbsndnt3...","is_bearer":true} 
[2026-05-27 14:41:38] local.INFO: Extracted bearer token {"token_preview":"200|77cHU4...","token_length":52} 
[2026-05-27 14:41:38] local.INFO: Found personal access token {"token_id":200,"user_id":82,"revoked":null} 
[2026-05-27 14:41:38] local.INFO: User authenticated via bearer token {"user_id":82,"user_email":"emmadesigner@example.com"} 
[2026-05-27 14:41:38] local.INFO: Returning campaigns for user {"user_id":82,"campaign_count":1,"statuses":["live"]} 
[2026-05-27 14:42:07] local.INFO: ParseBearerToken middleware invoked {"path":"/api/v2/campaign","method":"GET","has_auth_header":true,"auth_header_preview":"Bearer 200|77cHU4PJJLVMbsndnt3...","is_bearer":true} 
[2026-05-27 14:42:07] local.INFO: Extracted bearer token {"token_preview":"200|77cHU4...","token_length":52} 
[2026-05-27 14:42:07] local.INFO: Found personal access token {"token_id":200,"user_id":82,"revoked":null} 
[2026-05-27 14:42:07] local.INFO: User authenticated via bearer token {"user_id":82,"user_email":"emmadesigner@example.com"} 
[2026-05-27 14:42:07] local.INFO: Returning campaigns for user {"user_id":82,"campaign_count":1,"statuses":["live"]} 
[2026-05-27 14:42:09] local.INFO: ParseBearerToken middleware invoked {"path":"/api/v2/campaign","method":"GET","has_auth_header":true,"auth_header_preview":"Bearer 200|77cHU4PJJLVMbsndnt3...","is_bearer":true} 
[2026-05-27 14:42:09] local.INFO: Extracted bearer token {"token_preview":"200|77cHU4...","token_length":52} 
[2026-05-27 14:42:09] local.INFO: Found personal access token {"token_id":200,"user_id":82,"revoked":null} 
[2026-05-27 14:42:09] local.INFO: User authenticated via bearer token {"user_id":82,"user_email":"emmadesigner@example.com"} 
[2026-05-27 14:42:09] local.INFO: Returning campaigns for user {"user_id":82,"campaign_count":1,"statuses":["live"]} 
[2026-05-27 14:42:36] local.INFO: ParseBearerToken middleware invoked {"path":"/api/v2/campaign","method":"GET","has_auth_header":true,"auth_header_preview":"Bearer 200|77cHU4PJJLVMbsndnt3...","is_bearer":true} 
[2026-05-27 14:42:36] local.INFO: Extracted bearer token {"token_preview":"200|77cHU4...","token_length":52} 
[2026-05-27 14:42:36] local.INFO: Found personal access token {"token_id":200,"user_id":82,"revoked":null} 
[2026-05-27 14:42:36] local.INFO: User authenticated via bearer token {"user_id":82,"user_email":"emmadesigner@example.com"} 
[2026-05-27 14:42:36] local.INFO: Returning campaigns for user {"user_id":82,"campaign_count":1,"statuses":["live"]} 
[2026-05-27 14:42:37] local.INFO: ParseBearerToken middleware invoked {"path":"/api/v2/campaign","method":"GET","has_auth_header":true,"auth_header_preview":"Bearer 200|77cHU4PJJLVMbsndnt3...","is_bearer":true} 
[2026-05-27 14:42:37] local.INFO: Extracted bearer token {"token_preview":"200|77cHU4...","token_length":52} 
[2026-05-27 14:42:37] local.INFO: Found personal access token {"token_id":200,"user_id":82,"revoked":null} 
[2026-05-27 14:42:37] local.INFO: User authenticated via bearer token {"user_id":82,"user_email":"emmadesigner@example.com"} 
[2026-05-27 14:42:37] local.INFO: Returning campaigns for user {"user_id":82,"campaign_count":1,"statuses":["live"]} 
[2026-05-27 14:43:06] local.INFO: ParseBearerToken middleware invoked {"path":"/api/v2/campaign","method":"GET","has_auth_header":true,"auth_header_preview":"Bearer 200|77cHU4PJJLVMbsndnt3...","is_bearer":true} 
[2026-05-27 14:43:06] local.INFO: Extracted bearer token {"token_preview":"200|77cHU4...","token_length":52} 
[2026-05-27 14:43:06] local.INFO: Found personal access token {"token_id":200,"user_id":82,"revoked":null} 
[2026-05-27 14:43:06] local.INFO: User authenticated via bearer token {"user_id":82,"user_email":"emmadesigner@example.com"} 
[2026-05-27 14:43:06] local.INFO: Returning campaigns for user {"user_id":82,"campaign_count":1,"statuses":["live"]} 
[2026-05-27 14:43:07] local.INFO: ParseBearerToken middleware invoked {"path":"/api/v2/campaign","method":"GET","has_auth_header":true,"auth_header_preview":"Bearer 200|77cHU4PJJLVMbsndnt3...","is_bearer":true} 
[2026-05-27 14:43:07] local.INFO: Extracted bearer token {"token_preview":"200|77cHU4...","token_length":52} 
[2026-05-27 14:43:07] local.INFO: Found personal access token {"token_id":200,"user_id":82,"revoked":null} 
[2026-05-27 14:43:07] local.INFO: User authenticated via bearer token {"user_id":82,"user_email":"emmadesigner@example.com"} 
[2026-05-27 14:43:07] local.INFO: Returning campaigns for user {"user_id":82,"campaign_count":1,"statuses":["live"]} 
[2026-05-27 14:43:36] local.INFO: ParseBearerToken middleware invoked {"path":"/api/v2/campaign","method":"GET","has_auth_header":true,"auth_header_preview":"Bearer 200|77cHU4PJJLVMbsndnt3...","is_bearer":true} 
[2026-05-27 14:43:36] local.INFO: Extracted bearer token {"token_preview":"200|77cHU4...","token_length":52} 
[2026-05-27 14:43:36] local.INFO: Found personal access token {"token_id":200,"user_id":82,"revoked":null} 
[2026-05-27 14:43:36] local.INFO: User authenticated via bearer token {"user_id":82,"user_email":"emmadesigner@example.com"} 
[2026-05-27 14:43:36] local.INFO: Returning campaigns for user {"user_id":82,"campaign_count":1,"statuses":["live"]} 
[2026-05-27 14:43:37] local.INFO: ParseBearerToken middleware invoked {"path":"/api/v2/campaign","method":"GET","has_auth_header":true,"auth_header_preview":"Bearer 200|77cHU4PJJLVMbsndnt3...","is_bearer":true} 
[2026-05-27 14:43:37] local.INFO: Extracted bearer token {"token_preview":"200|77cHU4...","token_length":52} 
[2026-05-27 14:43:37] local.INFO: Found personal access token {"token_id":200,"user_id":82,"revoked":null} 
[2026-05-27 14:43:37] local.INFO: User authenticated via bearer token {"user_id":82,"user_email":"emmadesigner@example.com"} 
[2026-05-27 14:43:37] local.INFO: Returning campaigns for user {"user_id":82,"campaign_count":1,"statuses":["live"]} 
[2026-05-27 14:44:06] local.INFO: ParseBearerToken middleware invoked {"path":"/api/v2/campaign","method":"GET","has_auth_header":true,"auth_header_preview":"Bearer 200|77cHU4PJJLVMbsndnt3...","is_bearer":true} 
[2026-05-27 14:44:06] local.INFO: Extracted bearer token {"token_preview":"200|77cHU4...","token_length":52} 
[2026-05-27 14:44:06] local.INFO: Found personal access token {"token_id":200,"user_id":82,"revoked":null} 
[2026-05-27 14:44:06] local.INFO: User authenticated via bearer token {"user_id":82,"user_email":"emmadesigner@example.com"} 
[2026-05-27 14:44:06] local.INFO: Returning campaigns for user {"user_id":82,"campaign_count":1,"statuses":["live"]} 
[2026-05-27 14:44:07] local.INFO: ParseBearerToken middleware invoked {"path":"/api/v2/campaign","method":"GET","has_auth_header":true,"auth_header_preview":"Bearer 200|77cHU4PJJLVMbsndnt3...","is_bearer":true} 
[2026-05-27 14:44:07] local.INFO: Extracted bearer token {"token_preview":"200|77cHU4...","token_length":52} 
[2026-05-27 14:44:07] local.INFO: Found personal access token {"token_id":200,"user_id":82,"revoked":null} 
[2026-05-27 14:44:07] local.INFO: User authenticated via bearer token {"user_id":82,"user_email":"emmadesigner@example.com"} 
[2026-05-27 14:44:07] local.INFO: Returning campaigns for user {"user_id":82,"campaign_count":1,"statuses":["live"]} 
[2026-05-27 14:44:36] local.INFO: ParseBearerToken middleware invoked {"path":"/api/v2/campaign","method":"GET","has_auth_header":true,"auth_header_preview":"Bearer 200|77cHU4PJJLVMbsndnt3...","is_bearer":true} 
[2026-05-27 14:44:36] local.INFO: Extracted bearer token {"token_preview":"200|77cHU4...","token_length":52} 
[2026-05-27 14:44:36] local.INFO: Found personal access token {"token_id":200,"user_id":82,"revoked":null} 
[2026-05-27 14:44:36] local.INFO: User authenticated via bearer token {"user_id":82,"user_email":"emmadesigner@example.com"} 
[2026-05-27 14:44:36] local.INFO: Returning campaigns for user {"user_id":82,"campaign_count":1,"statuses":["live"]} 
[2026-05-27 14:44:36] local.INFO: ParseBearerToken middleware invoked {"path":"/api/v2/campaign","method":"GET","has_auth_header":true,"auth_header_preview":"Bearer 200|77cHU4PJJLVMbsndnt3...","is_bearer":true} 
[2026-05-27 14:44:36] local.INFO: Extracted bearer token {"token_preview":"200|77cHU4...","token_length":52} 
[2026-05-27 14:44:36] local.INFO: Found personal access token {"token_id":200,"user_id":82,"revoked":null} 
[2026-05-27 14:44:36] local.INFO: User authenticated via bearer token {"user_id":82,"user_email":"emmadesigner@example.com"} 
[2026-05-27 14:44:36] local.INFO: Returning campaigns for user {"user_id":82,"campaign_count":1,"statuses":["live"]} 
[2026-05-27 14:45:06] local.INFO: ParseBearerToken middleware invoked {"path":"/api/v2/campaign","method":"GET","has_auth_header":true,"auth_header_preview":"Bearer 200|77cHU4PJJLVMbsndnt3...","is_bearer":true} 
[2026-05-27 14:45:06] local.INFO: Extracted bearer token {"token_preview":"200|77cHU4...","token_length":52} 
[2026-05-27 14:45:06] local.INFO: Found personal access token {"token_id":200,"user_id":82,"revoked":null} 
[2026-05-27 14:45:06] local.INFO: User authenticated via bearer token {"user_id":82,"user_email":"emmadesigner@example.com"} 
[2026-05-27 14:45:06] local.INFO: Returning campaigns for user {"user_id":82,"campaign_count":1,"statuses":["live"]} 
[2026-05-27 14:45:07] local.INFO: ParseBearerToken middleware invoked {"path":"/api/v2/campaign","method":"GET","has_auth_header":true,"auth_header_preview":"Bearer 200|77cHU4PJJLVMbsndnt3...","is_bearer":true} 
[2026-05-27 14:45:07] local.INFO: Extracted bearer token {"token_preview":"200|77cHU4...","token_length":52} 
[2026-05-27 14:45:07] local.INFO: Found personal access token {"token_id":200,"user_id":82,"revoked":null} 
[2026-05-27 14:45:07] local.INFO: User authenticated via bearer token {"user_id":82,"user_email":"emmadesigner@example.com"} 
[2026-05-27 14:45:07] local.INFO: Returning campaigns for user {"user_id":82,"campaign_count":1,"statuses":["live"]} 
[2026-05-27 14:45:36] local.INFO: ParseBearerToken middleware invoked {"path":"/api/v2/campaign","method":"GET","has_auth_header":true,"auth_header_preview":"Bearer 200|77cHU4PJJLVMbsndnt3...","is_bearer":true} 
[2026-05-27 14:45:36] local.INFO: Extracted bearer token {"token_preview":"200|77cHU4...","token_length":52} 
[2026-05-27 14:45:36] local.INFO: Found personal access token {"token_id":200,"user_id":82,"revoked":null} 
[2026-05-27 14:45:36] local.INFO: User authenticated via bearer token {"user_id":82,"user_email":"emmadesigner@example.com"} 
[2026-05-27 14:45:36] local.INFO: Returning campaigns for user {"user_id":82,"campaign_count":1,"statuses":["live"]} 
[2026-05-27 14:45:36] local.INFO: ParseBearerToken middleware invoked {"path":"/api/v2/campaign","method":"GET","has_auth_header":true,"auth_header_preview":"Bearer 200|77cHU4PJJLVMbsndnt3...","is_bearer":true} 
[2026-05-27 14:45:36] local.INFO: Extracted bearer token {"token_preview":"200|77cHU4...","token_length":52} 
[2026-05-27 14:45:36] local.INFO: Found personal access token {"token_id":200,"user_id":82,"revoked":null} 
[2026-05-27 14:45:36] local.INFO: User authenticated via bearer token {"user_id":82,"user_email":"emmadesigner@example.com"} 
[2026-05-27 14:45:37] local.INFO: Returning campaigns for user {"user_id":82,"campaign_count":1,"statuses":["live"]} 
[2026-05-27 14:46:06] local.INFO: ParseBearerToken middleware invoked {"path":"/api/v2/campaign","method":"GET","has_auth_header":true,"auth_header_preview":"Bearer 200|77cHU4PJJLVMbsndnt3...","is_bearer":true} 
[2026-05-27 14:46:06] local.INFO: Extracted bearer token {"token_preview":"200|77cHU4...","token_length":52} 
[2026-05-27 14:46:06] local.INFO: Found personal access token {"token_id":200,"user_id":82,"revoked":null} 
[2026-05-27 14:46:06] local.INFO: User authenticated via bearer token {"user_id":82,"user_email":"emmadesigner@example.com"} 
[2026-05-27 14:46:06] local.INFO: Returning campaigns for user {"user_id":82,"campaign_count":1,"statuses":["live"]} 
[2026-05-27 14:46:08] local.INFO: ParseBearerToken middleware invoked {"path":"/api/v2/campaign","method":"GET","has_auth_header":true,"auth_header_preview":"Bearer 200|77cHU4PJJLVMbsndnt3...","is_bearer":true} 
[2026-05-27 14:46:08] local.INFO: Extracted bearer token {"token_preview":"200|77cHU4...","token_length":52} 
[2026-05-27 14:46:08] local.INFO: Found personal access token {"token_id":200,"user_id":82,"revoked":null} 
[2026-05-27 14:46:08] local.INFO: User authenticated via bearer token {"user_id":82,"user_email":"emmadesigner@example.com"} 
[2026-05-27 14:46:08] local.INFO: Returning campaigns for user {"user_id":82,"campaign_count":1,"statuses":["live"]} 
[2026-05-27 14:46:36] local.INFO: ParseBearerToken middleware invoked {"path":"/api/v2/campaign","method":"GET","has_auth_header":true,"auth_header_preview":"Bearer 200|77cHU4PJJLVMbsndnt3...","is_bearer":true} 
[2026-05-27 14:46:36] local.INFO: Extracted bearer token {"token_preview":"200|77cHU4...","token_length":52} 
[2026-05-27 14:46:36] local.INFO: Found personal access token {"token_id":200,"user_id":82,"revoked":null} 
[2026-05-27 14:46:36] local.INFO: User authenticated via bearer token {"user_id":82,"user_email":"emmadesigner@example.com"} 
[2026-05-27 14:46:36] local.INFO: Returning campaigns for user {"user_id":82,"campaign_count":1,"statuses":["live"]} 
[2026-05-27 14:46:37] local.INFO: ParseBearerToken middleware invoked {"path":"/api/v2/campaign","method":"GET","has_auth_header":true,"auth_header_preview":"Bearer 200|77cHU4PJJLVMbsndnt3...","is_bearer":true} 
[2026-05-27 14:46:37] local.INFO: Extracted bearer token {"token_preview":"200|77cHU4...","token_length":52} 
[2026-05-27 14:46:37] local.INFO: Found personal access token {"token_id":200,"user_id":82,"revoked":null} 
[2026-05-27 14:46:37] local.INFO: User authenticated via bearer token {"user_id":82,"user_email":"emmadesigner@example.com"} 
[2026-05-27 14:46:37] local.INFO: Returning campaigns for user {"user_id":82,"campaign_count":1,"statuses":["live"]} 
[2026-05-27 14:47:09] local.INFO: ParseBearerToken middleware invoked {"path":"/api/v2/campaign","method":"GET","has_auth_header":true,"auth_header_preview":"Bearer 200|77cHU4PJJLVMbsndnt3...","is_bearer":true} 
[2026-05-27 14:47:09] local.INFO: Extracted bearer token {"token_preview":"200|77cHU4...","token_length":52} 
[2026-05-27 14:47:09] local.INFO: Found personal access token {"token_id":200,"user_id":82,"revoked":null} 
[2026-05-27 14:47:09] local.INFO: User authenticated via bearer token {"user_id":82,"user_email":"emmadesigner@example.com"} 
[2026-05-27 14:47:09] local.INFO: Returning campaigns for user {"user_id":82,"campaign_count":1,"statuses":["live"]} 
[2026-05-27 14:47:10] local.INFO: ParseBearerToken middleware invoked {"path":"/api/v2/campaign","method":"GET","has_auth_header":true,"auth_header_preview":"Bearer 200|77cHU4PJJLVMbsndnt3...","is_bearer":true} 
[2026-05-27 14:47:10] local.INFO: Extracted bearer token {"token_preview":"200|77cHU4...","token_length":52} 
[2026-05-27 14:47:10] local.INFO: Found personal access token {"token_id":200,"user_id":82,"revoked":null} 
[2026-05-27 14:47:10] local.INFO: User authenticated via bearer token {"user_id":82,"user_email":"emmadesigner@example.com"} 
[2026-05-27 14:47:10] local.INFO: Returning campaigns for user {"user_id":82,"campaign_count":1,"statuses":["live"]} 
[2026-05-27 14:47:36] local.INFO: ParseBearerToken middleware invoked {"path":"/api/v2/campaign","method":"GET","has_auth_header":true,"auth_header_preview":"Bearer 200|77cHU4PJJLVMbsndnt3...","is_bearer":true} 
[2026-05-27 14:47:36] local.INFO: Extracted bearer token {"token_preview":"200|77cHU4...","token_length":52} 
[2026-05-27 14:47:36] local.INFO: Found personal access token {"token_id":200,"user_id":82,"revoked":null} 
[2026-05-27 14:47:36] local.INFO: User authenticated via bearer token {"user_id":82,"user_email":"emmadesigner@example.com"} 
[2026-05-27 14:47:36] local.INFO: Returning campaigns for user {"user_id":82,"campaign_count":1,"statuses":["live"]} 
[2026-05-27 14:47:38] local.INFO: ParseBearerToken middleware invoked {"path":"/api/v2/campaign","method":"GET","has_auth_header":true,"auth_header_preview":"Bearer 200|77cHU4PJJLVMbsndnt3...","is_bearer":true} 
[2026-05-27 14:47:38] local.INFO: Extracted bearer token {"token_preview":"200|77cHU4...","token_length":52} 
[2026-05-27 14:47:38] local.INFO: Found personal access token {"token_id":200,"user_id":82,"revoked":null} 
[2026-05-27 14:47:38] local.INFO: User authenticated via bearer token {"user_id":82,"user_email":"emmadesigner@example.com"} 
[2026-05-27 14:47:38] local.INFO: Returning campaigns for user {"user_id":82,"campaign_count":1,"statuses":["live"]} 
[2026-05-27 14:48:06] local.INFO: ParseBearerToken middleware invoked {"path":"/api/v2/campaign","method":"GET","has_auth_header":true,"auth_header_preview":"Bearer 200|77cHU4PJJLVMbsndnt3...","is_bearer":true} 
[2026-05-27 14:48:06] local.INFO: Extracted bearer token {"token_preview":"200|77cHU4...","token_length":52} 
[2026-05-27 14:48:06] local.INFO: Found personal access token {"token_id":200,"user_id":82,"revoked":null} 
[2026-05-27 14:48:06] local.INFO: User authenticated via bearer token {"user_id":82,"user_email":"emmadesigner@example.com"} 
[2026-05-27 14:48:06] local.INFO: Returning campaigns for user {"user_id":82,"campaign_count":1,"statuses":["live"]} 
[2026-05-27 14:48:07] local.INFO: ParseBearerToken middleware invoked {"path":"/api/v2/campaign","method":"GET","has_auth_header":true,"auth_header_preview":"Bearer 200|77cHU4PJJLVMbsndnt3...","is_bearer":true} 
[2026-05-27 14:48:07] local.INFO: Extracted bearer token {"token_preview":"200|77cHU4...","token_length":52} 
[2026-05-27 14:48:07] local.INFO: Found personal access token {"token_id":200,"user_id":82,"revoked":null} 
[2026-05-27 14:48:07] local.INFO: User authenticated via bearer token {"user_id":82,"user_email":"emmadesigner@example.com"} 
[2026-05-27 14:48:07] local.INFO: Returning campaigns for user {"user_id":82,"campaign_count":1,"statuses":["live"]} 
[2026-05-27 14:48:36] local.INFO: ParseBearerToken middleware invoked {"path":"/api/v2/campaign","method":"GET","has_auth_header":true,"auth_header_preview":"Bearer 200|77cHU4PJJLVMbsndnt3...","is_bearer":true} 
[2026-05-27 14:48:36] local.INFO: Extracted bearer token {"token_preview":"200|77cHU4...","token_length":52} 
[2026-05-27 14:48:36] local.INFO: Found personal access token {"token_id":200,"user_id":82,"revoked":null} 
[2026-05-27 14:48:36] local.INFO: User authenticated via bearer token {"user_id":82,"user_email":"emmadesigner@example.com"} 
[2026-05-27 14:48:36] local.INFO: Returning campaigns for user {"user_id":82,"campaign_count":1,"statuses":["live"]} 
[2026-05-27 14:48:37] local.INFO: ParseBearerToken middleware invoked {"path":"/api/v2/campaign","method":"GET","has_auth_header":true,"auth_header_preview":"Bearer 200|77cHU4PJJLVMbsndnt3...","is_bearer":true} 
[2026-05-27 14:48:37] local.INFO: Extracted bearer token {"token_preview":"200|77cHU4...","token_length":52} 
[2026-05-27 14:48:37] local.INFO: Found personal access token {"token_id":200,"user_id":82,"revoked":null} 
[2026-05-27 14:48:38] local.INFO: User authenticated via bearer token {"user_id":82,"user_email":"emmadesigner@example.com"} 
[2026-05-27 14:48:38] local.INFO: Returning campaigns for user {"user_id":82,"campaign_count":1,"statuses":["live"]} 
[2026-05-27 14:49:18] local.INFO: ParseBearerToken middleware invoked {"path":"/api/v2/campaign","method":"GET","has_auth_header":true,"auth_header_preview":"Bearer 200|77cHU4PJJLVMbsndnt3...","is_bearer":true} 
[2026-05-27 14:49:18] local.INFO: Extracted bearer token {"token_preview":"200|77cHU4...","token_length":52} 
[2026-05-27 14:49:18] local.INFO: Found personal access token {"token_id":200,"user_id":82,"revoked":null} 
[2026-05-27 14:49:18] local.INFO: User authenticated via bearer token {"user_id":82,"user_email":"emmadesigner@example.com"} 
[2026-05-27 14:49:18] local.INFO: Returning campaigns for user {"user_id":82,"campaign_count":1,"statuses":["live"]} 
[2026-05-27 14:49:22] local.INFO: ParseBearerToken middleware invoked {"path":"/api/v2/campaign","method":"GET","has_auth_header":true,"auth_header_preview":"Bearer 200|77cHU4PJJLVMbsndnt3...","is_bearer":true} 
[2026-05-27 14:49:22] local.INFO: Extracted bearer token {"token_preview":"200|77cHU4...","token_length":52} 
[2026-05-27 14:49:22] local.INFO: Found personal access token {"token_id":200,"user_id":82,"revoked":null} 
[2026-05-27 14:49:22] local.INFO: User authenticated via bearer token {"user_id":82,"user_email":"emmadesigner@example.com"} 
[2026-05-27 14:49:22] local.INFO: Returning campaigns for user {"user_id":82,"campaign_count":1,"statuses":["live"]} 
[2026-05-27 14:49:36] local.INFO: ParseBearerToken middleware invoked {"path":"/api/v2/campaign","method":"GET","has_auth_header":true,"auth_header_preview":"Bearer 200|77cHU4PJJLVMbsndnt3...","is_bearer":true} 
[2026-05-27 14:49:36] local.INFO: Extracted bearer token {"token_preview":"200|77cHU4...","token_length":52} 
[2026-05-27 14:49:36] local.INFO: Found personal access token {"token_id":200,"user_id":82,"revoked":null} 
[2026-05-27 14:49:36] local.INFO: User authenticated via bearer token {"user_id":82,"user_email":"emmadesigner@example.com"} 
[2026-05-27 14:49:36] local.INFO: Returning campaigns for user {"user_id":82,"campaign_count":1,"statuses":["live"]} 
[2026-05-27 14:49:38] local.INFO: ParseBearerToken middleware invoked {"path":"/api/v2/campaign","method":"GET","has_auth_header":true,"auth_header_preview":"Bearer 200|77cHU4PJJLVMbsndnt3...","is_bearer":true} 
[2026-05-27 14:49:38] local.INFO: Extracted bearer token {"token_preview":"200|77cHU4...","token_length":52} 
[2026-05-27 14:49:38] local.INFO: Found personal access token {"token_id":200,"user_id":82,"revoked":null} 
[2026-05-27 14:49:38] local.INFO: User authenticated via bearer token {"user_id":82,"user_email":"emmadesigner@example.com"} 
[2026-05-27 14:49:38] local.INFO: Returning campaigns for user {"user_id":82,"campaign_count":1,"statuses":["live"]} 
[2026-05-27 14:50:06] local.INFO: ParseBearerToken middleware invoked {"path":"/api/v2/campaign","method":"GET","has_auth_header":true,"auth_header_preview":"Bearer 200|77cHU4PJJLVMbsndnt3...","is_bearer":true} 
[2026-05-27 14:50:06] local.INFO: Extracted bearer token {"token_preview":"200|77cHU4...","token_length":52} 
[2026-05-27 14:50:06] local.INFO: Found personal access token {"token_id":200,"user_id":82,"revoked":null} 
[2026-05-27 14:50:06] local.INFO: User authenticated via bearer token {"user_id":82,"user_email":"emmadesigner@example.com"} 
[2026-05-27 14:50:06] local.INFO: Returning campaigns for user {"user_id":82,"campaign_count":1,"statuses":["live"]} 
[2026-05-27 14:50:07] local.INFO: ParseBearerToken middleware invoked {"path":"/api/v2/campaign","method":"GET","has_auth_header":true,"auth_header_preview":"Bearer 200|77cHU4PJJLVMbsndnt3...","is_bearer":true} 
[2026-05-27 14:50:07] local.INFO: Extracted bearer token {"token_preview":"200|77cHU4...","token_length":52} 
[2026-05-27 14:50:07] local.INFO: Found personal access token {"token_id":200,"user_id":82,"revoked":null} 
[2026-05-27 14:50:07] local.INFO: User authenticated via bearer token {"user_id":82,"user_email":"emmadesigner@example.com"} 
[2026-05-27 14:50:07] local.INFO: Returning campaigns for user {"user_id":82,"campaign_count":1,"statuses":["live"]} 
[2026-05-27 14:50:35] local.INFO: ParseBearerToken middleware invoked {"path":"/api/v2/campaign","method":"GET","has_auth_header":true,"auth_header_preview":"Bearer 200|77cHU4PJJLVMbsndnt3...","is_bearer":true} 
[2026-05-27 14:50:35] local.INFO: Extracted bearer token {"token_preview":"200|77cHU4...","token_length":52} 
[2026-05-27 14:50:35] local.INFO: Found personal access token {"token_id":200,"user_id":82,"revoked":null} 
[2026-05-27 14:50:35] local.INFO: User authenticated via bearer token {"user_id":82,"user_email":"emmadesigner@example.com"} 
[2026-05-27 14:50:35] local.INFO: Returning campaigns for user {"user_id":82,"campaign_count":1,"statuses":["live"]} 
[2026-05-27 14:50:37] local.INFO: ParseBearerToken middleware invoked {"path":"/api/v2/campaign","method":"GET","has_auth_header":true,"auth_header_preview":"Bearer 200|77cHU4PJJLVMbsndnt3...","is_bearer":true} 
[2026-05-27 14:50:37] local.INFO: Extracted bearer token {"token_preview":"200|77cHU4...","token_length":52} 
[2026-05-27 14:50:37] local.INFO: Found personal access token {"token_id":200,"user_id":82,"revoked":null} 
[2026-05-27 14:50:37] local.INFO: User authenticated via bearer token {"user_id":82,"user_email":"emmadesigner@example.com"} 
[2026-05-27 14:50:37] local.INFO: Returning campaigns for user {"user_id":82,"campaign_count":1,"statuses":["live"]} 
[2026-05-27 14:51:05] local.INFO: ParseBearerToken middleware invoked {"path":"/api/v2/campaign","method":"GET","has_auth_header":true,"auth_header_preview":"Bearer 200|77cHU4PJJLVMbsndnt3...","is_bearer":true} 
[2026-05-27 14:51:05] local.INFO: Extracted bearer token {"token_preview":"200|77cHU4...","token_length":52} 
[2026-05-27 14:51:05] local.INFO: Found personal access token {"token_id":200,"user_id":82,"revoked":null} 
[2026-05-27 14:51:05] local.INFO: User authenticated via bearer token {"user_id":82,"user_email":"emmadesigner@example.com"} 
[2026-05-27 14:51:05] local.INFO: Returning campaigns for user {"user_id":82,"campaign_count":1,"statuses":["live"]} 
[2026-05-27 14:51:06] local.INFO: ParseBearerToken middleware invoked {"path":"/api/v2/campaign","method":"GET","has_auth_header":true,"auth_header_preview":"Bearer 200|77cHU4PJJLVMbsndnt3...","is_bearer":true} 
[2026-05-27 14:51:06] local.INFO: Extracted bearer token {"token_preview":"200|77cHU4...","token_length":52} 
[2026-05-27 14:51:06] local.INFO: Found personal access token {"token_id":200,"user_id":82,"revoked":null} 
[2026-05-27 14:51:06] local.INFO: User authenticated via bearer token {"user_id":82,"user_email":"emmadesigner@example.com"} 
[2026-05-27 14:51:06] local.INFO: Returning campaigns for user {"user_id":82,"campaign_count":1,"statuses":["live"]} 
[2026-05-27 14:51:36] local.INFO: ParseBearerToken middleware invoked {"path":"/api/v2/campaign","method":"GET","has_auth_header":true,"auth_header_preview":"Bearer 200|77cHU4PJJLVMbsndnt3...","is_bearer":true} 
[2026-05-27 14:51:36] local.INFO: Extracted bearer token {"token_preview":"200|77cHU4...","token_length":52} 
[2026-05-27 14:51:36] local.INFO: Found personal access token {"token_id":200,"user_id":82,"revoked":null} 
[2026-05-27 14:51:36] local.INFO: User authenticated via bearer token {"user_id":82,"user_email":"emmadesigner@example.com"} 
[2026-05-27 14:51:36] local.INFO: Returning campaigns for user {"user_id":82,"campaign_count":1,"statuses":["live"]} 
[2026-05-27 14:51:37] local.INFO: ParseBearerToken middleware invoked {"path":"/api/v2/campaign","method":"GET","has_auth_header":true,"auth_header_preview":"Bearer 200|77cHU4PJJLVMbsndnt3...","is_bearer":true} 
[2026-05-27 14:51:37] local.INFO: Extracted bearer token {"token_preview":"200|77cHU4...","token_length":52} 
[2026-05-27 14:51:37] local.INFO: Found personal access token {"token_id":200,"user_id":82,"revoked":null} 
[2026-05-27 14:51:37] local.INFO: User authenticated via bearer token {"user_id":82,"user_email":"emmadesigner@example.com"} 
[2026-05-27 14:51:37] local.INFO: Returning campaigns for user {"user_id":82,"campaign_count":1,"statuses":["live"]} 
[2026-05-27 14:52:06] local.INFO: ParseBearerToken middleware invoked {"path":"/api/v2/campaign","method":"GET","has_auth_header":true,"auth_header_preview":"Bearer 200|77cHU4PJJLVMbsndnt3...","is_bearer":true} 
[2026-05-27 14:52:06] local.INFO: Extracted bearer token {"token_preview":"200|77cHU4...","token_length":52} 
[2026-05-27 14:52:06] local.INFO: Found personal access token {"token_id":200,"user_id":82,"revoked":null} 
[2026-05-27 14:52:06] local.INFO: User authenticated via bearer token {"user_id":82,"user_email":"emmadesigner@example.com"} 
[2026-05-27 14:52:06] local.INFO: Returning campaigns for user {"user_id":82,"campaign_count":1,"statuses":["live"]} 
[2026-05-27 14:52:07] local.INFO: ParseBearerToken middleware invoked {"path":"/api/v2/campaign","method":"GET","has_auth_header":true,"auth_header_preview":"Bearer 200|77cHU4PJJLVMbsndnt3...","is_bearer":true} 
[2026-05-27 14:52:07] local.INFO: Extracted bearer token {"token_preview":"200|77cHU4...","token_length":52} 
[2026-05-27 14:52:07] local.INFO: Found personal access token {"token_id":200,"user_id":82,"revoked":null} 
[2026-05-27 14:52:07] local.INFO: User authenticated via bearer token {"user_id":82,"user_email":"emmadesigner@example.com"} 
[2026-05-27 14:52:07] local.INFO: Returning campaigns for user {"user_id":82,"campaign_count":1,"statuses":["live"]} 
[2026-05-27 14:52:39] local.INFO: ParseBearerToken middleware invoked {"path":"/api/v2/campaign","method":"GET","has_auth_header":true,"auth_header_preview":"Bearer 200|77cHU4PJJLVMbsndnt3...","is_bearer":true} 
[2026-05-27 14:52:39] local.INFO: Extracted bearer token {"token_preview":"200|77cHU4...","token_length":52} 
[2026-05-27 14:52:39] local.INFO: Found personal access token {"token_id":200,"user_id":82,"revoked":null} 
[2026-05-27 14:52:39] local.INFO: User authenticated via bearer token {"user_id":82,"user_email":"emmadesigner@example.com"} 
[2026-05-27 14:52:39] local.INFO: Returning campaigns for user {"user_id":82,"campaign_count":1,"statuses":["live"]} 
[2026-05-27 14:52:41] local.INFO: ParseBearerToken middleware invoked {"path":"/api/v2/campaign","method":"GET","has_auth_header":true,"auth_header_preview":"Bearer 200|77cHU4PJJLVMbsndnt3...","is_bearer":true} 
[2026-05-27 14:52:41] local.INFO: Extracted bearer token {"token_preview":"200|77cHU4...","token_length":52} 
[2026-05-27 14:52:41] local.INFO: Found personal access token {"token_id":200,"user_id":82,"revoked":null} 
[2026-05-27 14:52:41] local.INFO: User authenticated via bearer token {"user_id":82,"user_email":"emmadesigner@example.com"} 
[2026-05-27 14:52:41] local.INFO: Returning campaigns for user {"user_id":82,"campaign_count":1,"statuses":["live"]} 
[2026-05-27 14:53:06] local.INFO: ParseBearerToken middleware invoked {"path":"/api/v2/campaign","method":"GET","has_auth_header":true,"auth_header_preview":"Bearer 200|77cHU4PJJLVMbsndnt3...","is_bearer":true} 
[2026-05-27 14:53:06] local.INFO: Extracted bearer token {"token_preview":"200|77cHU4...","token_length":52} 
[2026-05-27 14:53:06] local.INFO: Found personal access token {"token_id":200,"user_id":82,"revoked":null} 
[2026-05-27 14:53:06] local.INFO: User authenticated via bearer token {"user_id":82,"user_email":"emmadesigner@example.com"} 
[2026-05-27 14:53:06] local.INFO: Returning campaigns for user {"user_id":82,"campaign_count":1,"statuses":["live"]} 
[2026-05-27 14:53:07] local.INFO: ParseBearerToken middleware invoked {"path":"/api/v2/campaign","method":"GET","has_auth_header":true,"auth_header_preview":"Bearer 200|77cHU4PJJLVMbsndnt3...","is_bearer":true} 
[2026-05-27 14:53:07] local.INFO: Extracted bearer token {"token_preview":"200|77cHU4...","token_length":52} 
[2026-05-27 14:53:07] local.INFO: Found personal access token {"token_id":200,"user_id":82,"revoked":null} 
[2026-05-27 14:53:07] local.INFO: User authenticated via bearer token {"user_id":82,"user_email":"emmadesigner@example.com"} 
[2026-05-27 14:53:07] local.INFO: Returning campaigns for user {"user_id":82,"campaign_count":1,"statuses":["live"]} 
[2026-05-27 14:53:36] local.INFO: ParseBearerToken middleware invoked {"path":"/api/v2/campaign","method":"GET","has_auth_header":true,"auth_header_preview":"Bearer 200|77cHU4PJJLVMbsndnt3...","is_bearer":true} 
[2026-05-27 14:53:36] local.INFO: Extracted bearer token {"token_preview":"200|77cHU4...","token_length":52} 
[2026-05-27 14:53:36] local.INFO: Found personal access token {"token_id":200,"user_id":82,"revoked":null} 
[2026-05-27 14:53:36] local.INFO: User authenticated via bearer token {"user_id":82,"user_email":"emmadesigner@example.com"} 
[2026-05-27 14:53:36] local.INFO: Returning campaigns for user {"user_id":82,"campaign_count":1,"statuses":["live"]} 
[2026-05-27 14:53:37] local.INFO: ParseBearerToken middleware invoked {"path":"/api/v2/campaign","method":"GET","has_auth_header":true,"auth_header_preview":"Bearer 200|77cHU4PJJLVMbsndnt3...","is_bearer":true} 
[2026-05-27 14:53:37] local.INFO: Extracted bearer token {"token_preview":"200|77cHU4...","token_length":52} 
[2026-05-27 14:53:37] local.INFO: Found personal access token {"token_id":200,"user_id":82,"revoked":null} 
[2026-05-27 14:53:37] local.INFO: User authenticated via bearer token {"user_id":82,"user_email":"emmadesigner@example.com"} 
[2026-05-27 14:53:37] local.INFO: Returning campaigns for user {"user_id":82,"campaign_count":1,"statuses":["live"]} 
[2026-05-27 14:54:08] local.INFO: ParseBearerToken middleware invoked {"path":"/api/v2/campaign","method":"GET","has_auth_header":true,"auth_header_preview":"Bearer 200|77cHU4PJJLVMbsndnt3...","is_bearer":true} 
[2026-05-27 14:54:08] local.INFO: Extracted bearer token {"token_preview":"200|77cHU4...","token_length":52} 
[2026-05-27 14:54:08] local.INFO: Found personal access token {"token_id":200,"user_id":82,"revoked":null} 
[2026-05-27 14:54:08] local.INFO: User authenticated via bearer token {"user_id":82,"user_email":"emmadesigner@example.com"} 
[2026-05-27 14:54:08] local.INFO: Returning campaigns for user {"user_id":82,"campaign_count":1,"statuses":["live"]} 
[2026-05-27 14:54:10] local.INFO: ParseBearerToken middleware invoked {"path":"/api/v2/campaign","method":"GET","has_auth_header":true,"auth_header_preview":"Bearer 200|77cHU4PJJLVMbsndnt3...","is_bearer":true} 
[2026-05-27 14:54:10] local.INFO: Extracted bearer token {"token_preview":"200|77cHU4...","token_length":52} 
[2026-05-27 14:54:10] local.INFO: Found personal access token {"token_id":200,"user_id":82,"revoked":null} 
[2026-05-27 14:54:10] local.INFO: User authenticated via bearer token {"user_id":82,"user_email":"emmadesigner@example.com"} 
[2026-05-27 14:54:10] local.INFO: Returning campaigns for user {"user_id":82,"campaign_count":1,"statuses":["live"]} 
[2026-05-27 14:54:36] local.INFO: ParseBearerToken middleware invoked {"path":"/api/v2/campaign","method":"GET","has_auth_header":true,"auth_header_preview":"Bearer 200|77cHU4PJJLVMbsndnt3...","is_bearer":true} 
[2026-05-27 14:54:36] local.INFO: Extracted bearer token {"token_preview":"200|77cHU4...","token_length":52} 
[2026-05-27 14:54:36] local.INFO: Found personal access token {"token_id":200,"user_id":82,"revoked":null} 
[2026-05-27 14:54:36] local.INFO: User authenticated via bearer token {"user_id":82,"user_email":"emmadesigner@example.com"} 
[2026-05-27 14:54:36] local.INFO: Returning campaigns for user {"user_id":82,"campaign_count":1,"statuses":["live"]} 
[2026-05-27 14:54:37] local.INFO: ParseBearerToken middleware invoked {"path":"/api/v2/campaign","method":"GET","has_auth_header":true,"auth_header_preview":"Bearer 200|77cHU4PJJLVMbsndnt3...","is_bearer":true} 
[2026-05-27 14:54:37] local.INFO: Extracted bearer token {"token_preview":"200|77cHU4...","token_length":52} 
[2026-05-27 14:54:37] local.INFO: Found personal access token {"token_id":200,"user_id":82,"revoked":null} 
[2026-05-27 14:54:37] local.INFO: User authenticated via bearer token {"user_id":82,"user_email":"emmadesigner@example.com"} 
[2026-05-27 14:54:37] local.INFO: Returning campaigns for user {"user_id":82,"campaign_count":1,"statuses":["live"]} 
[2026-05-27 14:55:06] local.INFO: ParseBearerToken middleware invoked {"path":"/api/v2/campaign","method":"GET","has_auth_header":true,"auth_header_preview":"Bearer 200|77cHU4PJJLVMbsndnt3...","is_bearer":true} 
[2026-05-27 14:55:06] local.INFO: Extracted bearer token {"token_preview":"200|77cHU4...","token_length":52} 
[2026-05-27 14:55:06] local.INFO: Found personal access token {"token_id":200,"user_id":82,"revoked":null} 
[2026-05-27 14:55:06] local.INFO: User authenticated via bearer token {"user_id":82,"user_email":"emmadesigner@example.com"} 
[2026-05-27 14:55:06] local.INFO: Returning campaigns for user {"user_id":82,"campaign_count":1,"statuses":["live"]} 
[2026-05-27 14:55:08] local.INFO: ParseBearerToken middleware invoked {"path":"/api/v2/campaign","method":"GET","has_auth_header":true,"auth_header_preview":"Bearer 200|77cHU4PJJLVMbsndnt3...","is_bearer":true} 
[2026-05-27 14:55:08] local.INFO: Extracted bearer token {"token_preview":"200|77cHU4...","token_length":52} 
[2026-05-27 14:55:08] local.INFO: Found personal access token {"token_id":200,"user_id":82,"revoked":null} 
[2026-05-27 14:55:08] local.INFO: User authenticated via bearer token {"user_id":82,"user_email":"emmadesigner@example.com"} 
[2026-05-27 14:55:08] local.INFO: Returning campaigns for user {"user_id":82,"campaign_count":1,"statuses":["live"]} 
[2026-05-27 14:55:37] local.INFO: ParseBearerToken middleware invoked {"path":"/api/v2/campaign","method":"GET","has_auth_header":true,"auth_header_preview":"Bearer 200|77cHU4PJJLVMbsndnt3...","is_bearer":true} 
[2026-05-27 14:55:37] local.INFO: Extracted bearer token {"token_preview":"200|77cHU4...","token_length":52} 
[2026-05-27 14:55:37] local.INFO: Found personal access token {"token_id":200,"user_id":82,"revoked":null} 
[2026-05-27 14:55:37] local.INFO: User authenticated via bearer token {"user_id":82,"user_email":"emmadesigner@example.com"} 
[2026-05-27 14:55:37] local.INFO: Returning campaigns for user {"user_id":82,"campaign_count":1,"statuses":["live"]} 
[2026-05-27 14:55:38] local.INFO: ParseBearerToken middleware invoked {"path":"/api/v2/campaign","method":"GET","has_auth_header":true,"auth_header_preview":"Bearer 200|77cHU4PJJLVMbsndnt3...","is_bearer":true} 
[2026-05-27 14:55:38] local.INFO: Extracted bearer token {"token_preview":"200|77cHU4...","token_length":52} 
[2026-05-27 14:55:38] local.INFO: Found personal access token {"token_id":200,"user_id":82,"revoked":null} 
[2026-05-27 14:55:38] local.INFO: User authenticated via bearer token {"user_id":82,"user_email":"emmadesigner@example.com"} 
[2026-05-27 14:55:38] local.INFO: Returning campaigns for user {"user_id":82,"campaign_count":1,"statuses":["live"]} 
[2026-05-27 14:56:07] local.INFO: ParseBearerToken middleware invoked {"path":"/api/v2/campaign","method":"GET","has_auth_header":true,"auth_header_preview":"Bearer 200|77cHU4PJJLVMbsndnt3...","is_bearer":true} 
[2026-05-27 14:56:07] local.INFO: Extracted bearer token {"token_preview":"200|77cHU4...","token_length":52} 
[2026-05-27 14:56:07] local.INFO: Found personal access token {"token_id":200,"user_id":82,"revoked":null} 
[2026-05-27 14:56:07] local.INFO: User authenticated via bearer token {"user_id":82,"user_email":"emmadesigner@example.com"} 
[2026-05-27 14:56:07] local.INFO: Returning campaigns for user {"user_id":82,"campaign_count":1,"statuses":["live"]} 
[2026-05-27 14:56:08] local.INFO: ParseBearerToken middleware invoked {"path":"/api/v2/campaign","method":"GET","has_auth_header":true,"auth_header_preview":"Bearer 200|77cHU4PJJLVMbsndnt3...","is_bearer":true} 
[2026-05-27 14:56:08] local.INFO: Extracted bearer token {"token_preview":"200|77cHU4...","token_length":52} 
[2026-05-27 14:56:08] local.INFO: Found personal access token {"token_id":200,"user_id":82,"revoked":null} 
[2026-05-27 14:56:08] local.INFO: User authenticated via bearer token {"user_id":82,"user_email":"emmadesigner@example.com"} 
[2026-05-27 14:56:08] local.INFO: Returning campaigns for user {"user_id":82,"campaign_count":1,"statuses":["live"]} 
[2026-05-27 14:56:37] local.INFO: ParseBearerToken middleware invoked {"path":"/api/v2/campaign","method":"GET","has_auth_header":true,"auth_header_preview":"Bearer 200|77cHU4PJJLVMbsndnt3...","is_bearer":true} 
[2026-05-27 14:56:37] local.INFO: Extracted bearer token {"token_preview":"200|77cHU4...","token_length":52} 
[2026-05-27 14:56:37] local.INFO: Found personal access token {"token_id":200,"user_id":82,"revoked":null} 
[2026-05-27 14:56:37] local.INFO: User authenticated via bearer token {"user_id":82,"user_email":"emmadesigner@example.com"} 
[2026-05-27 14:56:37] local.INFO: Returning campaigns for user {"user_id":82,"campaign_count":1,"statuses":["live"]} 
[2026-05-27 14:56:38] local.INFO: ParseBearerToken middleware invoked {"path":"/api/v2/campaign","method":"GET","has_auth_header":true,"auth_header_preview":"Bearer 200|77cHU4PJJLVMbsndnt3...","is_bearer":true} 
[2026-05-27 14:56:38] local.INFO: Extracted bearer token {"token_preview":"200|77cHU4...","token_length":52} 
[2026-05-27 14:56:38] local.INFO: Found personal access token {"token_id":200,"user_id":82,"revoked":null} 
[2026-05-27 14:56:38] local.INFO: User authenticated via bearer token {"user_id":82,"user_email":"emmadesigner@example.com"} 
[2026-05-27 14:56:38] local.INFO: Returning campaigns for user {"user_id":82,"campaign_count":1,"statuses":["live"]} 
[2026-05-27 14:57:06] local.INFO: ParseBearerToken middleware invoked {"path":"/api/v2/campaign","method":"GET","has_auth_header":true,"auth_header_preview":"Bearer 200|77cHU4PJJLVMbsndnt3...","is_bearer":true} 
[2026-05-27 14:57:06] local.INFO: Extracted bearer token {"token_preview":"200|77cHU4...","token_length":52} 
[2026-05-27 14:57:06] local.INFO: Found personal access token {"token_id":200,"user_id":82,"revoked":null} 
[2026-05-27 14:57:06] local.INFO: User authenticated via bearer token {"user_id":82,"user_email":"emmadesigner@example.com"} 
[2026-05-27 14:57:06] local.INFO: Returning campaigns for user {"user_id":82,"campaign_count":1,"statuses":["live"]} 
[2026-05-27 14:57:08] local.INFO: ParseBearerToken middleware invoked {"path":"/api/v2/campaign","method":"GET","has_auth_header":true,"auth_header_preview":"Bearer 200|77cHU4PJJLVMbsndnt3...","is_bearer":true} 
[2026-05-27 14:57:08] local.INFO: Extracted bearer token {"token_preview":"200|77cHU4...","token_length":52} 
[2026-05-27 14:57:08] local.INFO: Found personal access token {"token_id":200,"user_id":82,"revoked":null} 
[2026-05-27 14:57:08] local.INFO: User authenticated via bearer token {"user_id":82,"user_email":"emmadesigner@example.com"} 
[2026-05-27 14:57:08] local.INFO: Returning campaigns for user {"user_id":82,"campaign_count":1,"statuses":["live"]} 
[2026-05-27 14:57:36] local.INFO: ParseBearerToken middleware invoked {"path":"/api/v2/campaign","method":"GET","has_auth_header":true,"auth_header_preview":"Bearer 200|77cHU4PJJLVMbsndnt3...","is_bearer":true} 
[2026-05-27 14:57:36] local.INFO: Extracted bearer token {"token_preview":"200|77cHU4...","token_length":52} 
[2026-05-27 14:57:36] local.INFO: Found personal access token {"token_id":200,"user_id":82,"revoked":null} 
[2026-05-27 14:57:36] local.INFO: User authenticated via bearer token {"user_id":82,"user_email":"emmadesigner@example.com"} 
[2026-05-27 14:57:36] local.INFO: Returning campaigns for user {"user_id":82,"campaign_count":1,"statuses":["live"]} 
[2026-05-27 14:57:37] local.INFO: ParseBearerToken middleware invoked {"path":"/api/v2/campaign","method":"GET","has_auth_header":true,"auth_header_preview":"Bearer 200|77cHU4PJJLVMbsndnt3...","is_bearer":true} 
[2026-05-27 14:57:37] local.INFO: Extracted bearer token {"token_preview":"200|77cHU4...","token_length":52} 
[2026-05-27 14:57:37] local.INFO: Found personal access token {"token_id":200,"user_id":82,"revoked":null} 
[2026-05-27 14:57:37] local.INFO: User authenticated via bearer token {"user_id":82,"user_email":"emmadesigner@example.com"} 
[2026-05-27 14:57:37] local.INFO: Returning campaigns for user {"user_id":82,"campaign_count":1,"statuses":["live"]} 
[2026-05-27 14:58:07] local.INFO: ParseBearerToken middleware invoked {"path":"/api/v2/campaign","method":"GET","has_auth_header":true,"auth_header_preview":"Bearer 200|77cHU4PJJLVMbsndnt3...","is_bearer":true} 
[2026-05-27 14:58:07] local.INFO: Extracted bearer token {"token_preview":"200|77cHU4...","token_length":52} 
[2026-05-27 14:58:07] local.INFO: Found personal access token {"token_id":200,"user_id":82,"revoked":null} 
[2026-05-27 14:58:07] local.INFO: User authenticated via bearer token {"user_id":82,"user_email":"emmadesigner@example.com"} 
[2026-05-27 14:58:07] local.INFO: Returning campaigns for user {"user_id":82,"campaign_count":1,"statuses":["live"]} 
[2026-05-27 14:58:08] local.INFO: ParseBearerToken middleware invoked {"path":"/api/v2/campaign","method":"GET","has_auth_header":true,"auth_header_preview":"Bearer 200|77cHU4PJJLVMbsndnt3...","is_bearer":true} 
[2026-05-27 14:58:08] local.INFO: Extracted bearer token {"token_preview":"200|77cHU4...","token_length":52} 
[2026-05-27 14:58:08] local.INFO: Found personal access token {"token_id":200,"user_id":82,"revoked":null} 
[2026-05-27 14:58:08] local.INFO: User authenticated via bearer token {"user_id":82,"user_email":"emmadesigner@example.com"} 
[2026-05-27 14:58:08] local.INFO: Returning campaigns for user {"user_id":82,"campaign_count":1,"statuses":["live"]} 
[2026-05-27 14:58:37] local.INFO: ParseBearerToken middleware invoked {"path":"/api/v2/campaign","method":"GET","has_auth_header":true,"auth_header_preview":"Bearer 200|77cHU4PJJLVMbsndnt3...","is_bearer":true} 
[2026-05-27 14:58:37] local.INFO: Extracted bearer token {"token_preview":"200|77cHU4...","token_length":52} 
[2026-05-27 14:58:37] local.INFO: Found personal access token {"token_id":200,"user_id":82,"revoked":null} 
[2026-05-27 14:58:37] local.INFO: User authenticated via bearer token {"user_id":82,"user_email":"emmadesigner@example.com"} 
[2026-05-27 14:58:37] local.INFO: Returning campaigns for user {"user_id":82,"campaign_count":1,"statuses":["live"]} 
[2026-05-27 14:58:38] local.INFO: ParseBearerToken middleware invoked {"path":"/api/v2/campaign","method":"GET","has_auth_header":true,"auth_header_preview":"Bearer 200|77cHU4PJJLVMbsndnt3...","is_bearer":true} 
[2026-05-27 14:58:38] local.INFO: Extracted bearer token {"token_preview":"200|77cHU4...","token_length":52} 
[2026-05-27 14:58:38] local.INFO: Found personal access token {"token_id":200,"user_id":82,"revoked":null} 
[2026-05-27 14:58:38] local.INFO: User authenticated via bearer token {"user_id":82,"user_email":"emmadesigner@example.com"} 
[2026-05-27 14:58:38] local.INFO: Returning campaigns for user {"user_id":82,"campaign_count":1,"statuses":["live"]} 
[2026-05-27 14:59:11] local.INFO: ParseBearerToken middleware invoked {"path":"/api/v2/campaign","method":"GET","has_auth_header":true,"auth_header_preview":"Bearer 200|77cHU4PJJLVMbsndnt3...","is_bearer":true} 
[2026-05-27 14:59:11] local.INFO: Extracted bearer token {"token_preview":"200|77cHU4...","token_length":52} 
[2026-05-27 14:59:11] local.INFO: Found personal access token {"token_id":200,"user_id":82,"revoked":null} 
[2026-05-27 14:59:11] local.INFO: User authenticated via bearer token {"user_id":82,"user_email":"emmadesigner@example.com"} 
[2026-05-27 14:59:11] local.INFO: Returning campaigns for user {"user_id":82,"campaign_count":1,"statuses":["live"]} 
[2026-05-27 14:59:14] local.INFO: ParseBearerToken middleware invoked {"path":"/api/v2/campaign","method":"GET","has_auth_header":true,"auth_header_preview":"Bearer 200|77cHU4PJJLVMbsndnt3...","is_bearer":true} 
[2026-05-27 14:59:14] local.INFO: Extracted bearer token {"token_preview":"200|77cHU4...","token_length":52} 
[2026-05-27 14:59:14] local.INFO: Found personal access token {"token_id":200,"user_id":82,"revoked":null} 
[2026-05-27 14:59:14] local.INFO: User authenticated via bearer token {"user_id":82,"user_email":"emmadesigner@example.com"} 
[2026-05-27 14:59:15] local.INFO: Returning campaigns for user {"user_id":82,"campaign_count":1,"statuses":["live"]} 
[2026-05-27 14:59:35] local.INFO: ParseBearerToken middleware invoked {"path":"/api/v2/campaign","method":"GET","has_auth_header":true,"auth_header_preview":"Bearer 200|77cHU4PJJLVMbsndnt3...","is_bearer":true} 
[2026-05-27 14:59:35] local.INFO: Extracted bearer token {"token_preview":"200|77cHU4...","token_length":52} 
[2026-05-27 14:59:35] local.INFO: Found personal access token {"token_id":200,"user_id":82,"revoked":null} 
[2026-05-27 14:59:35] local.INFO: User authenticated via bearer token {"user_id":82,"user_email":"emmadesigner@example.com"} 
[2026-05-27 14:59:35] local.INFO: Returning campaigns for user {"user_id":82,"campaign_count":1,"statuses":["live"]} 
[2026-05-27 14:59:37] local.INFO: ParseBearerToken middleware invoked {"path":"/api/v2/campaign","method":"GET","has_auth_header":true,"auth_header_preview":"Bearer 200|77cHU4PJJLVMbsndnt3...","is_bearer":true} 
[2026-05-27 14:59:37] local.INFO: Extracted bearer token {"token_preview":"200|77cHU4...","token_length":52} 
[2026-05-27 14:59:37] local.INFO: Found personal access token {"token_id":200,"user_id":82,"revoked":null} 
[2026-05-27 14:59:37] local.INFO: User authenticated via bearer token {"user_id":82,"user_email":"emmadesigner@example.com"} 
[2026-05-27 14:59:37] local.INFO: Returning campaigns for user {"user_id":82,"campaign_count":1,"statuses":["live"]} 
[2026-05-27 15:00:06] local.INFO: ParseBearerToken middleware invoked {"path":"/api/v2/campaign","method":"GET","has_auth_header":true,"auth_header_preview":"Bearer 200|77cHU4PJJLVMbsndnt3...","is_bearer":true} 
[2026-05-27 15:00:06] local.INFO: Extracted bearer token {"token_preview":"200|77cHU4...","token_length":52} 
[2026-05-27 15:00:06] local.INFO: Found personal access token {"token_id":200,"user_id":82,"revoked":null} 
[2026-05-27 15:00:06] local.INFO: User authenticated via bearer token {"user_id":82,"user_email":"emmadesigner@example.com"} 
[2026-05-27 15:00:06] local.INFO: Returning campaigns for user {"user_id":82,"campaign_count":1,"statuses":["live"]} 
[2026-05-27 15:00:08] local.INFO: ParseBearerToken middleware invoked {"path":"/api/v2/campaign","method":"GET","has_auth_header":true,"auth_header_preview":"Bearer 200|77cHU4PJJLVMbsndnt3...","is_bearer":true} 
[2026-05-27 15:00:08] local.INFO: Extracted bearer token {"token_preview":"200|77cHU4...","token_length":52} 
[2026-05-27 15:00:08] local.INFO: Found personal access token {"token_id":200,"user_id":82,"revoked":null} 
[2026-05-27 15:00:08] local.INFO: User authenticated via bearer token {"user_id":82,"user_email":"emmadesigner@example.com"} 
[2026-05-27 15:00:08] local.INFO: Returning campaigns for user {"user_id":82,"campaign_count":1,"statuses":["live"]} 
[2026-05-27 15:00:36] local.INFO: ParseBearerToken middleware invoked {"path":"/api/v2/campaign","method":"GET","has_auth_header":true,"auth_header_preview":"Bearer 200|77cHU4PJJLVMbsndnt3...","is_bearer":true} 
[2026-05-27 15:00:36] local.INFO: Extracted bearer token {"token_preview":"200|77cHU4...","token_length":52} 
[2026-05-27 15:00:36] local.INFO: Found personal access token {"token_id":200,"user_id":82,"revoked":null} 
[2026-05-27 15:00:36] local.INFO: User authenticated via bearer token {"user_id":82,"user_email":"emmadesigner@example.com"} 
[2026-05-27 15:00:36] local.INFO: Returning campaigns for user {"user_id":82,"campaign_count":1,"statuses":["live"]} 
[2026-05-27 15:00:37] local.INFO: ParseBearerToken middleware invoked {"path":"/api/v2/campaign","method":"GET","has_auth_header":true,"auth_header_preview":"Bearer 200|77cHU4PJJLVMbsndnt3...","is_bearer":true} 
[2026-05-27 15:00:37] local.INFO: Extracted bearer token {"token_preview":"200|77cHU4...","token_length":52} 
[2026-05-27 15:00:37] local.INFO: Found personal access token {"token_id":200,"user_id":82,"revoked":null} 
[2026-05-27 15:00:37] local.INFO: User authenticated via bearer token {"user_id":82,"user_email":"emmadesigner@example.com"} 
[2026-05-27 15:00:37] local.INFO: Returning campaigns for user {"user_id":82,"campaign_count":1,"statuses":["live"]} 
[2026-05-27 15:01:08] local.INFO: ParseBearerToken middleware invoked {"path":"/api/v2/campaign","method":"GET","has_auth_header":true,"auth_header_preview":"Bearer 200|77cHU4PJJLVMbsndnt3...","is_bearer":true} 
[2026-05-27 15:01:08] local.INFO: Extracted bearer token {"token_preview":"200|77cHU4...","token_length":52} 
[2026-05-27 15:01:08] local.INFO: Found personal access token {"token_id":200,"user_id":82,"revoked":null} 
[2026-05-27 15:01:08] local.INFO: User authenticated via bearer token {"user_id":82,"user_email":"emmadesigner@example.com"} 
[2026-05-27 15:01:08] local.INFO: Returning campaigns for user {"user_id":82,"campaign_count":1,"statuses":["live"]} 
[2026-05-27 15:01:09] local.INFO: ParseBearerToken middleware invoked {"path":"/api/v2/campaign","method":"GET","has_auth_header":true,"auth_header_preview":"Bearer 200|77cHU4PJJLVMbsndnt3...","is_bearer":true} 
[2026-05-27 15:01:09] local.INFO: Extracted bearer token {"token_preview":"200|77cHU4...","token_length":52} 
[2026-05-27 15:01:09] local.INFO: Found personal access token {"token_id":200,"user_id":82,"revoked":null} 
[2026-05-27 15:01:09] local.INFO: User authenticated via bearer token {"user_id":82,"user_email":"emmadesigner@example.com"} 
[2026-05-27 15:01:09] local.INFO: Returning campaigns for user {"user_id":82,"campaign_count":1,"statuses":["live"]} 
[2026-05-27 15:01:36] local.INFO: ParseBearerToken middleware invoked {"path":"/api/v2/campaign","method":"GET","has_auth_header":true,"auth_header_preview":"Bearer 200|77cHU4PJJLVMbsndnt3...","is_bearer":true} 
[2026-05-27 15:01:36] local.INFO: Extracted bearer token {"token_preview":"200|77cHU4...","token_length":52} 
[2026-05-27 15:01:36] local.INFO: Found personal access token {"token_id":200,"user_id":82,"revoked":null} 
[2026-05-27 15:01:36] local.INFO: User authenticated via bearer token {"user_id":82,"user_email":"emmadesigner@example.com"} 
[2026-05-27 15:01:36] local.INFO: Returning campaigns for user {"user_id":82,"campaign_count":1,"statuses":["live"]} 
[2026-05-27 15:01:37] local.INFO: ParseBearerToken middleware invoked {"path":"/api/v2/campaign","method":"GET","has_auth_header":true,"auth_header_preview":"Bearer 200|77cHU4PJJLVMbsndnt3...","is_bearer":true} 
[2026-05-27 15:01:37] local.INFO: Extracted bearer token {"token_preview":"200|77cHU4...","token_length":52} 
[2026-05-27 15:01:37] local.INFO: Found personal access token {"token_id":200,"user_id":82,"revoked":null} 
[2026-05-27 15:01:37] local.INFO: User authenticated via bearer token {"user_id":82,"user_email":"emmadesigner@example.com"} 
[2026-05-27 15:01:37] local.INFO: Returning campaigns for user {"user_id":82,"campaign_count":1,"statuses":["live"]} 
[2026-05-27 15:02:06] local.INFO: ParseBearerToken middleware invoked {"path":"/api/v2/campaign","method":"GET","has_auth_header":true,"auth_header_preview":"Bearer 200|77cHU4PJJLVMbsndnt3...","is_bearer":true} 
[2026-05-27 15:02:06] local.INFO: Extracted bearer token {"token_preview":"200|77cHU4...","token_length":52} 
[2026-05-27 15:02:06] local.INFO: Found personal access token {"token_id":200,"user_id":82,"revoked":null} 
[2026-05-27 15:02:06] local.INFO: User authenticated via bearer token {"user_id":82,"user_email":"emmadesigner@example.com"} 
[2026-05-27 15:02:06] local.INFO: Returning campaigns for user {"user_id":82,"campaign_count":1,"statuses":["live"]} 
[2026-05-27 15:02:07] local.INFO: ParseBearerToken middleware invoked {"path":"/api/v2/campaign","method":"GET","has_auth_header":true,"auth_header_preview":"Bearer 200|77cHU4PJJLVMbsndnt3...","is_bearer":true} 
[2026-05-27 15:02:07] local.INFO: Extracted bearer token {"token_preview":"200|77cHU4...","token_length":52} 
[2026-05-27 15:02:07] local.INFO: Found personal access token {"token_id":200,"user_id":82,"revoked":null} 
[2026-05-27 15:02:07] local.INFO: User authenticated via bearer token {"user_id":82,"user_email":"emmadesigner@example.com"} 
[2026-05-27 15:02:07] local.INFO: Returning campaigns for user {"user_id":82,"campaign_count":1,"statuses":["live"]} 
[2026-05-27 15:02:39] local.INFO: ParseBearerToken middleware invoked {"path":"/api/v2/campaign","method":"GET","has_auth_header":true,"auth_header_preview":"Bearer 200|77cHU4PJJLVMbsndnt3...","is_bearer":true} 
[2026-05-27 15:02:39] local.INFO: Extracted bearer token {"token_preview":"200|77cHU4...","token_length":52} 
[2026-05-27 15:02:39] local.INFO: Found personal access token {"token_id":200,"user_id":82,"revoked":null} 
[2026-05-27 15:02:39] local.INFO: User authenticated via bearer token {"user_id":82,"user_email":"emmadesigner@example.com"} 
[2026-05-27 15:02:39] local.INFO: Returning campaigns for user {"user_id":82,"campaign_count":1,"statuses":["live"]} 
[2026-05-27 15:02:41] local.INFO: ParseBearerToken middleware invoked {"path":"/api/v2/campaign","method":"GET","has_auth_header":true,"auth_header_preview":"Bearer 200|77cHU4PJJLVMbsndnt3...","is_bearer":true} 
[2026-05-27 15:02:41] local.INFO: Extracted bearer token {"token_preview":"200|77cHU4...","token_length":52} 
[2026-05-27 15:02:41] local.INFO: Found personal access token {"token_id":200,"user_id":82,"revoked":null} 
[2026-05-27 15:02:41] local.INFO: User authenticated via bearer token {"user_id":82,"user_email":"emmadesigner@example.com"} 
[2026-05-27 15:02:41] local.INFO: Returning campaigns for user {"user_id":82,"campaign_count":1,"statuses":["live"]} 
[2026-05-27 15:03:06] local.INFO: ParseBearerToken middleware invoked {"path":"/api/v2/campaign","method":"GET","has_auth_header":true,"auth_header_preview":"Bearer 200|77cHU4PJJLVMbsndnt3...","is_bearer":true} 
[2026-05-27 15:03:06] local.INFO: Extracted bearer token {"token_preview":"200|77cHU4...","token_length":52} 
[2026-05-27 15:03:06] local.INFO: Found personal access token {"token_id":200,"user_id":82,"revoked":null} 
[2026-05-27 15:03:06] local.INFO: User authenticated via bearer token {"user_id":82,"user_email":"emmadesigner@example.com"} 
[2026-05-27 15:03:06] local.INFO: Returning campaigns for user {"user_id":82,"campaign_count":1,"statuses":["live"]} 
[2026-05-27 15:03:07] local.INFO: ParseBearerToken middleware invoked {"path":"/api/v2/campaign","method":"GET","has_auth_header":true,"auth_header_preview":"Bearer 200|77cHU4PJJLVMbsndnt3...","is_bearer":true} 
[2026-05-27 15:03:07] local.INFO: Extracted bearer token {"token_preview":"200|77cHU4...","token_length":52} 
[2026-05-27 15:03:07] local.INFO: Found personal access token {"token_id":200,"user_id":82,"revoked":null} 
[2026-05-27 15:03:07] local.INFO: User authenticated via bearer token {"user_id":82,"user_email":"emmadesigner@example.com"} 
[2026-05-27 15:03:07] local.INFO: Returning campaigns for user {"user_id":82,"campaign_count":1,"statuses":["live"]} 
[2026-05-27 15:03:36] local.INFO: ParseBearerToken middleware invoked {"path":"/api/v2/campaign","method":"GET","has_auth_header":true,"auth_header_preview":"Bearer 200|77cHU4PJJLVMbsndnt3...","is_bearer":true} 
[2026-05-27 15:03:36] local.INFO: Extracted bearer token {"token_preview":"200|77cHU4...","token_length":52} 
[2026-05-27 15:03:36] local.INFO: Found personal access token {"token_id":200,"user_id":82,"revoked":null} 
[2026-05-27 15:03:36] local.INFO: User authenticated via bearer token {"user_id":82,"user_email":"emmadesigner@example.com"} 
[2026-05-27 15:03:36] local.INFO: Returning campaigns for user {"user_id":82,"campaign_count":1,"statuses":["live"]} 
[2026-05-27 15:03:36] local.INFO: ParseBearerToken middleware invoked {"path":"/api/v2/campaign","method":"GET","has_auth_header":true,"auth_header_preview":"Bearer 200|77cHU4PJJLVMbsndnt3...","is_bearer":true} 
[2026-05-27 15:03:36] local.INFO: Extracted bearer token {"token_preview":"200|77cHU4...","token_length":52} 
[2026-05-27 15:03:36] local.INFO: Found personal access token {"token_id":200,"user_id":82,"revoked":null} 
[2026-05-27 15:03:36] local.INFO: User authenticated via bearer token {"user_id":82,"user_email":"emmadesigner@example.com"} 
[2026-05-27 15:03:36] local.INFO: Returning campaigns for user {"user_id":82,"campaign_count":1,"statuses":["live"]} 
[2026-05-27 15:04:07] local.INFO: ParseBearerToken middleware invoked {"path":"/api/v2/campaign","method":"GET","has_auth_header":true,"auth_header_preview":"Bearer 200|77cHU4PJJLVMbsndnt3...","is_bearer":true} 
[2026-05-27 15:04:07] local.INFO: Extracted bearer token {"token_preview":"200|77cHU4...","token_length":52} 
[2026-05-27 15:04:07] local.INFO: Found personal access token {"token_id":200,"user_id":82,"revoked":null} 
[2026-05-27 15:04:07] local.INFO: User authenticated via bearer token {"user_id":82,"user_email":"emmadesigner@example.com"} 
[2026-05-27 15:04:07] local.INFO: Returning campaigns for user {"user_id":82,"campaign_count":1,"statuses":["live"]} 
[2026-05-27 15:04:09] local.INFO: ParseBearerToken middleware invoked {"path":"/api/v2/campaign","method":"GET","has_auth_header":true,"auth_header_preview":"Bearer 200|77cHU4PJJLVMbsndnt3...","is_bearer":true} 
[2026-05-27 15:04:09] local.INFO: Extracted bearer token {"token_preview":"200|77cHU4...","token_length":52} 
[2026-05-27 15:04:09] local.INFO: Found personal access token {"token_id":200,"user_id":82,"revoked":null} 
[2026-05-27 15:04:09] local.INFO: User authenticated via bearer token {"user_id":82,"user_email":"emmadesigner@example.com"} 
[2026-05-27 15:04:09] local.INFO: Returning campaigns for user {"user_id":82,"campaign_count":1,"statuses":["live"]} 
[2026-05-27 15:04:36] local.INFO: ParseBearerToken middleware invoked {"path":"/api/v2/campaign","method":"GET","has_auth_header":true,"auth_header_preview":"Bearer 200|77cHU4PJJLVMbsndnt3...","is_bearer":true} 
[2026-05-27 15:04:36] local.INFO: Extracted bearer token {"token_preview":"200|77cHU4...","token_length":52} 
[2026-05-27 15:04:36] local.INFO: Found personal access token {"token_id":200,"user_id":82,"revoked":null} 
[2026-05-27 15:04:36] local.INFO: User authenticated via bearer token {"user_id":82,"user_email":"emmadesigner@example.com"} 
[2026-05-27 15:04:36] local.INFO: Returning campaigns for user {"user_id":82,"campaign_count":1,"statuses":["live"]} 
[2026-05-27 15:04:38] local.INFO: ParseBearerToken middleware invoked {"path":"/api/v2/campaign","method":"GET","has_auth_header":true,"auth_header_preview":"Bearer 200|77cHU4PJJLVMbsndnt3...","is_bearer":true} 
[2026-05-27 15:04:38] local.INFO: Extracted bearer token {"token_preview":"200|77cHU4...","token_length":52} 
[2026-05-27 15:04:38] local.INFO: Found personal access token {"token_id":200,"user_id":82,"revoked":null} 
[2026-05-27 15:04:38] local.INFO: User authenticated via bearer token {"user_id":82,"user_email":"emmadesigner@example.com"} 
[2026-05-27 15:04:38] local.INFO: Returning campaigns for user {"user_id":82,"campaign_count":1,"statuses":["live"]} 
[2026-05-27 15:05:08] local.INFO: ParseBearerToken middleware invoked {"path":"/api/v2/campaign","method":"GET","has_auth_header":true,"auth_header_preview":"Bearer 200|77cHU4PJJLVMbsndnt3...","is_bearer":true} 
[2026-05-27 15:05:08] local.INFO: Extracted bearer token {"token_preview":"200|77cHU4...","token_length":52} 
[2026-05-27 15:05:08] local.INFO: Found personal access token {"token_id":200,"user_id":82,"revoked":null} 
[2026-05-27 15:05:08] local.INFO: User authenticated via bearer token {"user_id":82,"user_email":"emmadesigner@example.com"} 
[2026-05-27 15:05:08] local.INFO: Returning campaigns for user {"user_id":82,"campaign_count":1,"statuses":["live"]} 
[2026-05-27 15:05:12] local.INFO: ParseBearerToken middleware invoked {"path":"/api/v2/campaign","method":"GET","has_auth_header":true,"auth_header_preview":"Bearer 200|77cHU4PJJLVMbsndnt3...","is_bearer":true} 
[2026-05-27 15:05:12] local.INFO: Extracted bearer token {"token_preview":"200|77cHU4...","token_length":52} 
[2026-05-27 15:05:12] local.INFO: Found personal access token {"token_id":200,"user_id":82,"revoked":null} 
[2026-05-27 15:05:12] local.INFO: User authenticated via bearer token {"user_id":82,"user_email":"emmadesigner@example.com"} 
[2026-05-27 15:05:12] local.INFO: Returning campaigns for user {"user_id":82,"campaign_count":1,"statuses":["live"]} 
[2026-05-27 15:05:45] local.INFO: ParseBearerToken middleware invoked {"path":"/api/v2/campaign","method":"GET","has_auth_header":true,"auth_header_preview":"Bearer 200|77cHU4PJJLVMbsndnt3...","is_bearer":true} 
[2026-05-27 15:05:45] local.INFO: Extracted bearer token {"token_preview":"200|77cHU4...","token_length":52} 
[2026-05-27 15:05:45] local.INFO: Found personal access token {"token_id":200,"user_id":82,"revoked":null} 
[2026-05-27 15:05:45] local.INFO: User authenticated via bearer token {"user_id":82,"user_email":"emmadesigner@example.com"} 
[2026-05-27 15:05:45] local.INFO: Returning campaigns for user {"user_id":82,"campaign_count":1,"statuses":["live"]} 
[2026-05-27 15:05:48] local.INFO: ParseBearerToken middleware invoked {"path":"/api/v2/campaign","method":"GET","has_auth_header":true,"auth_header_preview":"Bearer 200|77cHU4PJJLVMbsndnt3...","is_bearer":true} 
[2026-05-27 15:05:48] local.INFO: Extracted bearer token {"token_preview":"200|77cHU4...","token_length":52} 
[2026-05-27 15:05:48] local.INFO: Found personal access token {"token_id":200,"user_id":82,"revoked":null} 
[2026-05-27 15:05:48] local.INFO: User authenticated via bearer token {"user_id":82,"user_email":"emmadesigner@example.com"} 
[2026-05-27 15:05:49] local.INFO: Returning campaigns for user {"user_id":82,"campaign_count":1,"statuses":["live"]} 
[2026-05-27 15:06:09] local.INFO: ParseBearerToken middleware invoked {"path":"/api/v2/campaign","method":"GET","has_auth_header":true,"auth_header_preview":"Bearer 200|77cHU4PJJLVMbsndnt3...","is_bearer":true} 
[2026-05-27 15:06:09] local.INFO: Extracted bearer token {"token_preview":"200|77cHU4...","token_length":52} 
[2026-05-27 15:06:09] local.INFO: Found personal access token {"token_id":200,"user_id":82,"revoked":null} 
[2026-05-27 15:06:09] local.INFO: User authenticated via bearer token {"user_id":82,"user_email":"emmadesigner@example.com"} 
[2026-05-27 15:06:09] local.INFO: Returning campaigns for user {"user_id":82,"campaign_count":1,"statuses":["live"]} 
[2026-05-27 15:06:13] local.INFO: ParseBearerToken middleware invoked {"path":"/api/v2/campaign","method":"GET","has_auth_header":true,"auth_header_preview":"Bearer 200|77cHU4PJJLVMbsndnt3...","is_bearer":true} 
[2026-05-27 15:06:13] local.INFO: Extracted bearer token {"token_preview":"200|77cHU4...","token_length":52} 
[2026-05-27 15:06:13] local.INFO: Found personal access token {"token_id":200,"user_id":82,"revoked":null} 
[2026-05-27 15:06:13] local.INFO: User authenticated via bearer token {"user_id":82,"user_email":"emmadesigner@example.com"} 
[2026-05-27 15:06:14] local.INFO: Returning campaigns for user {"user_id":82,"campaign_count":1,"statuses":["live"]} 
[2026-05-27 15:06:39] local.INFO: ParseBearerToken middleware invoked {"path":"/api/v2/campaign","method":"GET","has_auth_header":true,"auth_header_preview":"Bearer 200|77cHU4PJJLVMbsndnt3...","is_bearer":true} 
[2026-05-27 15:06:39] local.INFO: Extracted bearer token {"token_preview":"200|77cHU4...","token_length":52} 
[2026-05-27 15:06:39] local.INFO: Found personal access token {"token_id":200,"user_id":82,"revoked":null} 
[2026-05-27 15:06:39] local.INFO: User authenticated via bearer token {"user_id":82,"user_email":"emmadesigner@example.com"} 
[2026-05-27 15:06:40] local.INFO: Returning campaigns for user {"user_id":82,"campaign_count":1,"statuses":["live"]} 
[2026-05-27 15:06:41] local.INFO: ParseBearerToken middleware invoked {"path":"/api/v2/campaign","method":"GET","has_auth_header":true,"auth_header_preview":"Bearer 200|77cHU4PJJLVMbsndnt3...","is_bearer":true} 
[2026-05-27 15:06:41] local.INFO: Extracted bearer token {"token_preview":"200|77cHU4...","token_length":52} 
[2026-05-27 15:06:41] local.INFO: Found personal access token {"token_id":200,"user_id":82,"revoked":null} 
[2026-05-27 15:06:41] local.INFO: User authenticated via bearer token {"user_id":82,"user_email":"emmadesigner@example.com"} 
[2026-05-27 15:06:41] local.INFO: Returning campaigns for user {"user_id":82,"campaign_count":1,"statuses":["live"]} 
[2026-05-27 15:07:09] local.INFO: ParseBearerToken middleware invoked {"path":"/api/v2/campaign","method":"GET","has_auth_header":true,"auth_header_preview":"Bearer 200|77cHU4PJJLVMbsndnt3...","is_bearer":true} 
[2026-05-27 15:07:09] local.INFO: Extracted bearer token {"token_preview":"200|77cHU4...","token_length":52} 
[2026-05-27 15:07:09] local.INFO: Found personal access token {"token_id":200,"user_id":82,"revoked":null} 
[2026-05-27 15:07:09] local.INFO: User authenticated via bearer token {"user_id":82,"user_email":"emmadesigner@example.com"} 
[2026-05-27 15:07:09] local.INFO: Returning campaigns for user {"user_id":82,"campaign_count":1,"statuses":["live"]} 
[2026-05-27 15:07:13] local.INFO: ParseBearerToken middleware invoked {"path":"/api/v2/campaign","method":"GET","has_auth_header":true,"auth_header_preview":"Bearer 200|77cHU4PJJLVMbsndnt3...","is_bearer":true} 
[2026-05-27 15:07:13] local.INFO: Extracted bearer token {"token_preview":"200|77cHU4...","token_length":52} 
[2026-05-27 15:07:13] local.INFO: Found personal access token {"token_id":200,"user_id":82,"revoked":null} 
[2026-05-27 15:07:13] local.INFO: User authenticated via bearer token {"user_id":82,"user_email":"emmadesigner@example.com"} 
[2026-05-27 15:07:13] local.INFO: Returning campaigns for user {"user_id":82,"campaign_count":1,"statuses":["live"]} 
[2026-05-27 15:07:51] local.INFO: ParseBearerToken middleware invoked {"path":"/api/v2/campaign","method":"GET","has_auth_header":true,"auth_header_preview":"Bearer 200|77cHU4PJJLVMbsndnt3...","is_bearer":true} 
[2026-05-27 15:07:51] local.INFO: Extracted bearer token {"token_preview":"200|77cHU4...","token_length":52} 
[2026-05-27 15:07:51] local.INFO: Found personal access token {"token_id":200,"user_id":82,"revoked":null} 
[2026-05-27 15:07:51] local.INFO: User authenticated via bearer token {"user_id":82,"user_email":"emmadesigner@example.com"} 
[2026-05-27 15:07:51] local.INFO: Returning campaigns for user {"user_id":82,"campaign_count":1,"statuses":["live"]} 
[2026-05-27 15:07:53] local.INFO: ParseBearerToken middleware invoked {"path":"/api/v2/campaign","method":"GET","has_auth_header":true,"auth_header_preview":"Bearer 200|77cHU4PJJLVMbsndnt3...","is_bearer":true} 
[2026-05-27 15:07:53] local.INFO: Extracted bearer token {"token_preview":"200|77cHU4...","token_length":52} 
[2026-05-27 15:07:53] local.INFO: Found personal access token {"token_id":200,"user_id":82,"revoked":null} 
[2026-05-27 15:07:53] local.INFO: User authenticated via bearer token {"user_id":82,"user_email":"emmadesigner@example.com"} 
[2026-05-27 15:07:53] local.INFO: Returning campaigns for user {"user_id":82,"campaign_count":1,"statuses":["live"]} 
[2026-05-27 15:08:06] local.INFO: ParseBearerToken middleware invoked {"path":"/api/v2/campaign","method":"GET","has_auth_header":true,"auth_header_preview":"Bearer 200|77cHU4PJJLVMbsndnt3...","is_bearer":true} 
[2026-05-27 15:08:06] local.INFO: Extracted bearer token {"token_preview":"200|77cHU4...","token_length":52} 
[2026-05-27 15:08:06] local.INFO: Found personal access token {"token_id":200,"user_id":82,"revoked":null} 
[2026-05-27 15:08:06] local.INFO: User authenticated via bearer token {"user_id":82,"user_email":"emmadesigner@example.com"} 
[2026-05-27 15:08:06] local.INFO: Returning campaigns for user {"user_id":82,"campaign_count":1,"statuses":["live"]} 
[2026-05-27 15:08:08] local.INFO: ParseBearerToken middleware invoked {"path":"/api/v2/campaign","method":"GET","has_auth_header":true,"auth_header_preview":"Bearer 200|77cHU4PJJLVMbsndnt3...","is_bearer":true} 
[2026-05-27 15:08:08] local.INFO: Extracted bearer token {"token_preview":"200|77cHU4...","token_length":52} 
[2026-05-27 15:08:08] local.INFO: Found personal access token {"token_id":200,"user_id":82,"revoked":null} 
[2026-05-27 15:08:08] local.INFO: User authenticated via bearer token {"user_id":82,"user_email":"emmadesigner@example.com"} 
[2026-05-27 15:08:08] local.INFO: Returning campaigns for user {"user_id":82,"campaign_count":1,"statuses":["live"]} 
[2026-05-27 15:08:36] local.INFO: ParseBearerToken middleware invoked {"path":"/api/v2/campaign","method":"GET","has_auth_header":true,"auth_header_preview":"Bearer 200|77cHU4PJJLVMbsndnt3...","is_bearer":true} 
[2026-05-27 15:08:36] local.INFO: Extracted bearer token {"token_preview":"200|77cHU4...","token_length":52} 
[2026-05-27 15:08:36] local.INFO: Found personal access token {"token_id":200,"user_id":82,"revoked":null} 
[2026-05-27 15:08:36] local.INFO: User authenticated via bearer token {"user_id":82,"user_email":"emmadesigner@example.com"} 
[2026-05-27 15:08:36] local.INFO: Returning campaigns for user {"user_id":82,"campaign_count":1,"statuses":["live"]} 
[2026-05-27 15:08:37] local.INFO: ParseBearerToken middleware invoked {"path":"/api/v2/campaign","method":"GET","has_auth_header":true,"auth_header_preview":"Bearer 200|77cHU4PJJLVMbsndnt3...","is_bearer":true} 
[2026-05-27 15:08:37] local.INFO: Extracted bearer token {"token_preview":"200|77cHU4...","token_length":52} 
[2026-05-27 15:08:37] local.INFO: Found personal access token {"token_id":200,"user_id":82,"revoked":null} 
[2026-05-27 15:08:37] local.INFO: User authenticated via bearer token {"user_id":82,"user_email":"emmadesigner@example.com"} 
[2026-05-27 15:08:37] local.INFO: Returning campaigns for user {"user_id":82,"campaign_count":1,"statuses":["live"]} 
[2026-05-27 15:09:09] local.INFO: ParseBearerToken middleware invoked {"path":"/api/v2/campaign","method":"GET","has_auth_header":true,"auth_header_preview":"Bearer 200|77cHU4PJJLVMbsndnt3...","is_bearer":true} 
[2026-05-27 15:09:09] local.INFO: Extracted bearer token {"token_preview":"200|77cHU4...","token_length":52} 
[2026-05-27 15:09:09] local.INFO: Found personal access token {"token_id":200,"user_id":82,"revoked":null} 
[2026-05-27 15:09:09] local.INFO: User authenticated via bearer token {"user_id":82,"user_email":"emmadesigner@example.com"} 
[2026-05-27 15:09:09] local.INFO: Returning campaigns for user {"user_id":82,"campaign_count":1,"statuses":["live"]} 
[2026-05-27 15:09:10] local.INFO: ParseBearerToken middleware invoked {"path":"/api/v2/campaign","method":"GET","has_auth_header":true,"auth_header_preview":"Bearer 200|77cHU4PJJLVMbsndnt3...","is_bearer":true} 
[2026-05-27 15:09:10] local.INFO: Extracted bearer token {"token_preview":"200|77cHU4...","token_length":52} 
[2026-05-27 15:09:10] local.INFO: Found personal access token {"token_id":200,"user_id":82,"revoked":null} 
[2026-05-27 15:09:10] local.INFO: User authenticated via bearer token {"user_id":82,"user_email":"emmadesigner@example.com"} 
[2026-05-27 15:09:10] local.INFO: Returning campaigns for user {"user_id":82,"campaign_count":1,"statuses":["live"]} 
[2026-05-27 15:09:35] local.INFO: ParseBearerToken middleware invoked {"path":"/api/v2/campaign","method":"GET","has_auth_header":true,"auth_header_preview":"Bearer 200|77cHU4PJJLVMbsndnt3...","is_bearer":true} 
[2026-05-27 15:09:35] local.INFO: Extracted bearer token {"token_preview":"200|77cHU4...","token_length":52} 
[2026-05-27 15:09:35] local.INFO: Found personal access token {"token_id":200,"user_id":82,"revoked":null} 
[2026-05-27 15:09:35] local.INFO: User authenticated via bearer token {"user_id":82,"user_email":"emmadesigner@example.com"} 
[2026-05-27 15:09:36] local.INFO: Returning campaigns for user {"user_id":82,"campaign_count":1,"statuses":["live"]} 
[2026-05-27 15:09:37] local.INFO: ParseBearerToken middleware invoked {"path":"/api/v2/campaign","method":"GET","has_auth_header":true,"auth_header_preview":"Bearer 200|77cHU4PJJLVMbsndnt3...","is_bearer":true} 
[2026-05-27 15:09:37] local.INFO: Extracted bearer token {"token_preview":"200|77cHU4...","token_length":52} 
[2026-05-27 15:09:37] local.INFO: Found personal access token {"token_id":200,"user_id":82,"revoked":null} 
[2026-05-27 15:09:37] local.INFO: User authenticated via bearer token {"user_id":82,"user_email":"emmadesigner@example.com"} 
[2026-05-27 15:09:37] local.INFO: Returning campaigns for user {"user_id":82,"campaign_count":1,"statuses":["live"]} 
[2026-05-27 15:10:07] local.INFO: ParseBearerToken middleware invoked {"path":"/api/v2/campaign","method":"GET","has_auth_header":true,"auth_header_preview":"Bearer 200|77cHU4PJJLVMbsndnt3...","is_bearer":true} 
[2026-05-27 15:10:07] local.INFO: Extracted bearer token {"token_preview":"200|77cHU4...","token_length":52} 
[2026-05-27 15:10:07] local.INFO: Found personal access token {"token_id":200,"user_id":82,"revoked":null} 
[2026-05-27 15:10:07] local.INFO: User authenticated via bearer token {"user_id":82,"user_email":"emmadesigner@example.com"} 
[2026-05-27 15:10:07] local.INFO: Returning campaigns for user {"user_id":82,"campaign_count":1,"statuses":["live"]} 
[2026-05-27 15:10:09] local.INFO: ParseBearerToken middleware invoked {"path":"/api/v2/campaign","method":"GET","has_auth_header":true,"auth_header_preview":"Bearer 200|77cHU4PJJLVMbsndnt3...","is_bearer":true} 
[2026-05-27 15:10:09] local.INFO: Extracted bearer token {"token_preview":"200|77cHU4...","token_length":52} 
[2026-05-27 15:10:09] local.INFO: Found personal access token {"token_id":200,"user_id":82,"revoked":null} 
[2026-05-27 15:10:09] local.INFO: User authenticated via bearer token {"user_id":82,"user_email":"emmadesigner@example.com"} 
[2026-05-27 15:10:09] local.INFO: Returning campaigns for user {"user_id":82,"campaign_count":1,"statuses":["live"]} 
[2026-05-27 15:10:37] local.INFO: ParseBearerToken middleware invoked {"path":"/api/v2/campaign","method":"GET","has_auth_header":true,"auth_header_preview":"Bearer 200|77cHU4PJJLVMbsndnt3...","is_bearer":true} 
[2026-05-27 15:10:37] local.INFO: Extracted bearer token {"token_preview":"200|77cHU4...","token_length":52} 
[2026-05-27 15:10:37] local.INFO: Found personal access token {"token_id":200,"user_id":82,"revoked":null} 
[2026-05-27 15:10:37] local.INFO: User authenticated via bearer token {"user_id":82,"user_email":"emmadesigner@example.com"} 
[2026-05-27 15:10:37] local.INFO: Returning campaigns for user {"user_id":82,"campaign_count":1,"statuses":["live"]} 
[2026-05-27 15:10:39] local.INFO: ParseBearerToken middleware invoked {"path":"/api/v2/campaign","method":"GET","has_auth_header":true,"auth_header_preview":"Bearer 200|77cHU4PJJLVMbsndnt3...","is_bearer":true} 
[2026-05-27 15:10:39] local.INFO: Extracted bearer token {"token_preview":"200|77cHU4...","token_length":52} 
[2026-05-27 15:10:39] local.INFO: Found personal access token {"token_id":200,"user_id":82,"revoked":null} 
[2026-05-27 15:10:39] local.INFO: User authenticated via bearer token {"user_id":82,"user_email":"emmadesigner@example.com"} 
[2026-05-27 15:10:39] local.INFO: Returning campaigns for user {"user_id":82,"campaign_count":1,"statuses":["live"]} 
[2026-05-27 15:11:06] local.INFO: ParseBearerToken middleware invoked {"path":"/api/v2/campaign","method":"GET","has_auth_header":true,"auth_header_preview":"Bearer 200|77cHU4PJJLVMbsndnt3...","is_bearer":true} 
[2026-05-27 15:11:06] local.INFO: Extracted bearer token {"token_preview":"200|77cHU4...","token_length":52} 
[2026-05-27 15:11:06] local.INFO: Found personal access token {"token_id":200,"user_id":82,"revoked":null} 
[2026-05-27 15:11:06] local.INFO: User authenticated via bearer token {"user_id":82,"user_email":"emmadesigner@example.com"} 
[2026-05-27 15:11:06] local.INFO: Returning campaigns for user {"user_id":82,"campaign_count":1,"statuses":["live"]} 
[2026-05-27 15:11:08] local.INFO: ParseBearerToken middleware invoked {"path":"/api/v2/campaign","method":"GET","has_auth_header":true,"auth_header_preview":"Bearer 200|77cHU4PJJLVMbsndnt3...","is_bearer":true} 
[2026-05-27 15:11:08] local.INFO: Extracted bearer token {"token_preview":"200|77cHU4...","token_length":52} 
[2026-05-27 15:11:08] local.INFO: Found personal access token {"token_id":200,"user_id":82,"revoked":null} 
[2026-05-27 15:11:08] local.INFO: User authenticated via bearer token {"user_id":82,"user_email":"emmadesigner@example.com"} 
[2026-05-27 15:11:08] local.INFO: Returning campaigns for user {"user_id":82,"campaign_count":1,"statuses":["live"]} 
[2026-05-27 15:11:39] local.INFO: ParseBearerToken middleware invoked {"path":"/api/v2/campaign","method":"GET","has_auth_header":true,"auth_header_preview":"Bearer 200|77cHU4PJJLVMbsndnt3...","is_bearer":true} 
[2026-05-27 15:11:39] local.INFO: Extracted bearer token {"token_preview":"200|77cHU4...","token_length":52} 
[2026-05-27 15:11:39] local.INFO: Found personal access token {"token_id":200,"user_id":82,"revoked":null} 
[2026-05-27 15:11:39] local.INFO: User authenticated via bearer token {"user_id":82,"user_email":"emmadesigner@example.com"} 
[2026-05-27 15:11:39] local.INFO: Returning campaigns for user {"user_id":82,"campaign_count":1,"statuses":["live"]} 
[2026-05-27 15:11:41] local.INFO: ParseBearerToken middleware invoked {"path":"/api/v2/campaign","method":"GET","has_auth_header":true,"auth_header_preview":"Bearer 200|77cHU4PJJLVMbsndnt3...","is_bearer":true} 
[2026-05-27 15:11:41] local.INFO: Extracted bearer token {"token_preview":"200|77cHU4...","token_length":52} 
[2026-05-27 15:11:41] local.INFO: Found personal access token {"token_id":200,"user_id":82,"revoked":null} 
[2026-05-27 15:11:41] local.INFO: User authenticated via bearer token {"user_id":82,"user_email":"emmadesigner@example.com"} 
[2026-05-27 15:11:41] local.INFO: Returning campaigns for user {"user_id":82,"campaign_count":1,"statuses":["live"]} 
[2026-05-27 15:12:09] local.INFO: ParseBearerToken middleware invoked {"path":"/api/v2/campaign","method":"GET","has_auth_header":true,"auth_header_preview":"Bearer 200|77cHU4PJJLVMbsndnt3...","is_bearer":true} 
[2026-05-27 15:12:09] local.INFO: Extracted bearer token {"token_preview":"200|77cHU4...","token_length":52} 
[2026-05-27 15:12:09] local.INFO: Found personal access token {"token_id":200,"user_id":82,"revoked":null} 
[2026-05-27 15:12:09] local.INFO: User authenticated via bearer token {"user_id":82,"user_email":"emmadesigner@example.com"} 
[2026-05-27 15:12:09] local.INFO: Returning campaigns for user {"user_id":82,"campaign_count":1,"statuses":["live"]} 
[2026-05-27 15:12:15] local.INFO: ParseBearerToken middleware invoked {"path":"/api/v2/campaign","method":"GET","has_auth_header":true,"auth_header_preview":"Bearer 200|77cHU4PJJLVMbsndnt3...","is_bearer":true} 
[2026-05-27 15:12:15] local.INFO: Extracted bearer token {"token_preview":"200|77cHU4...","token_length":52} 
[2026-05-27 15:12:15] local.INFO: Found personal access token {"token_id":200,"user_id":82,"revoked":null} 
[2026-05-27 15:12:15] local.INFO: User authenticated via bearer token {"user_id":82,"user_email":"emmadesigner@example.com"} 
[2026-05-27 15:12:15] local.INFO: Returning campaigns for user {"user_id":82,"campaign_count":1,"statuses":["live"]} 
[2026-05-27 15:12:37] local.INFO: ParseBearerToken middleware invoked {"path":"/api/v2/campaign","method":"GET","has_auth_header":true,"auth_header_preview":"Bearer 200|77cHU4PJJLVMbsndnt3...","is_bearer":true} 
[2026-05-27 15:12:37] local.INFO: Extracted bearer token {"token_preview":"200|77cHU4...","token_length":52} 
[2026-05-27 15:12:37] local.INFO: Found personal access token {"token_id":200,"user_id":82,"revoked":null} 
[2026-05-27 15:12:37] local.INFO: User authenticated via bearer token {"user_id":82,"user_email":"emmadesigner@example.com"} 
[2026-05-27 15:12:37] local.INFO: Returning campaigns for user {"user_id":82,"campaign_count":1,"statuses":["live"]} 
[2026-05-27 15:12:38] local.INFO: ParseBearerToken middleware invoked {"path":"/api/v2/campaign","method":"GET","has_auth_header":true,"auth_header_preview":"Bearer 200|77cHU4PJJLVMbsndnt3...","is_bearer":true} 
[2026-05-27 15:12:38] local.INFO: Extracted bearer token {"token_preview":"200|77cHU4...","token_length":52} 
[2026-05-27 15:12:38] local.INFO: Found personal access token {"token_id":200,"user_id":82,"revoked":null} 
[2026-05-27 15:12:38] local.INFO: User authenticated via bearer token {"user_id":82,"user_email":"emmadesigner@example.com"} 
[2026-05-27 15:12:38] local.INFO: Returning campaigns for user {"user_id":82,"campaign_count":1,"statuses":["live"]} 
[2026-05-27 15:13:06] local.INFO: ParseBearerToken middleware invoked {"path":"/api/v2/campaign","method":"GET","has_auth_header":true,"auth_header_preview":"Bearer 200|77cHU4PJJLVMbsndnt3...","is_bearer":true} 
[2026-05-27 15:13:06] local.INFO: Extracted bearer token {"token_preview":"200|77cHU4...","token_length":52} 
[2026-05-27 15:13:06] local.INFO: Found personal access token {"token_id":200,"user_id":82,"revoked":null} 
[2026-05-27 15:13:06] local.INFO: User authenticated via bearer token {"user_id":82,"user_email":"emmadesigner@example.com"} 
[2026-05-27 15:13:06] local.INFO: Returning campaigns for user {"user_id":82,"campaign_count":1,"statuses":["live"]} 
[2026-05-27 15:13:07] local.INFO: ParseBearerToken middleware invoked {"path":"/api/v2/campaign","method":"GET","has_auth_header":true,"auth_header_preview":"Bearer 200|77cHU4PJJLVMbsndnt3...","is_bearer":true} 
[2026-05-27 15:13:07] local.INFO: Extracted bearer token {"token_preview":"200|77cHU4...","token_length":52} 
[2026-05-27 15:13:07] local.INFO: Found personal access token {"token_id":200,"user_id":82,"revoked":null} 
[2026-05-27 15:13:07] local.INFO: User authenticated via bearer token {"user_id":82,"user_email":"emmadesigner@example.com"} 
[2026-05-27 15:13:07] local.INFO: Returning campaigns for user {"user_id":82,"campaign_count":1,"statuses":["live"]} 
[2026-05-27 15:13:43] local.INFO: ParseBearerToken middleware invoked {"path":"/api/v2/campaign","method":"GET","has_auth_header":true,"auth_header_preview":"Bearer 200|77cHU4PJJLVMbsndnt3...","is_bearer":true} 
[2026-05-27 15:13:43] local.INFO: Extracted bearer token {"token_preview":"200|77cHU4...","token_length":52} 
[2026-05-27 15:13:44] local.INFO: Found personal access token {"token_id":200,"user_id":82,"revoked":null} 
[2026-05-27 15:13:44] local.INFO: User authenticated via bearer token {"user_id":82,"user_email":"emmadesigner@example.com"} 
[2026-05-27 15:13:44] local.INFO: Returning campaigns for user {"user_id":82,"campaign_count":1,"statuses":["live"]} 
[2026-05-27 15:13:47] local.INFO: ParseBearerToken middleware invoked {"path":"/api/v2/campaign","method":"GET","has_auth_header":true,"auth_header_preview":"Bearer 200|77cHU4PJJLVMbsndnt3...","is_bearer":true} 
[2026-05-27 15:13:47] local.INFO: Extracted bearer token {"token_preview":"200|77cHU4...","token_length":52} 
[2026-05-27 15:13:47] local.INFO: Found personal access token {"token_id":200,"user_id":82,"revoked":null} 
[2026-05-27 15:13:47] local.INFO: User authenticated via bearer token {"user_id":82,"user_email":"emmadesigner@example.com"} 
[2026-05-27 15:13:47] local.INFO: Returning campaigns for user {"user_id":82,"campaign_count":1,"statuses":["live"]} 
[2026-05-27 15:14:10] local.INFO: ParseBearerToken middleware invoked {"path":"/api/v2/campaign","method":"GET","has_auth_header":true,"auth_header_preview":"Bearer 200|77cHU4PJJLVMbsndnt3...","is_bearer":true} 
[2026-05-27 15:14:10] local.INFO: Extracted bearer token {"token_preview":"200|77cHU4...","token_length":52} 
[2026-05-27 15:14:10] local.INFO: Found personal access token {"token_id":200,"user_id":82,"revoked":null} 
[2026-05-27 15:14:10] local.INFO: User authenticated via bearer token {"user_id":82,"user_email":"emmadesigner@example.com"} 
[2026-05-27 15:14:10] local.INFO: Returning campaigns for user {"user_id":82,"campaign_count":1,"statuses":["live"]} 
[2026-05-27 15:14:14] local.INFO: ParseBearerToken middleware invoked {"path":"/api/v2/campaign","method":"GET","has_auth_header":true,"auth_header_preview":"Bearer 200|77cHU4PJJLVMbsndnt3...","is_bearer":true} 
[2026-05-27 15:14:14] local.INFO: Extracted bearer token {"token_preview":"200|77cHU4...","token_length":52} 
[2026-05-27 15:14:14] local.INFO: Found personal access token {"token_id":200,"user_id":82,"revoked":null} 
[2026-05-27 15:14:14] local.INFO: User authenticated via bearer token {"user_id":82,"user_email":"emmadesigner@example.com"} 
[2026-05-27 15:14:14] local.INFO: Returning campaigns for user {"user_id":82,"campaign_count":1,"statuses":["live"]} 
[2026-05-27 15:15:00] local.INFO: ParseBearerToken middleware invoked {"path":"/api/v2/campaign","method":"GET","has_auth_header":true,"auth_header_preview":"Bearer 200|77cHU4PJJLVMbsndnt3...","is_bearer":true} 
[2026-05-27 15:15:00] local.INFO: Extracted bearer token {"token_preview":"200|77cHU4...","token_length":52} 
[2026-05-27 15:15:00] local.INFO: Found personal access token {"token_id":200,"user_id":82,"revoked":null} 
[2026-05-27 15:15:01] local.INFO: User authenticated via bearer token {"user_id":82,"user_email":"emmadesigner@example.com"} 
[2026-05-27 15:15:01] local.INFO: Returning campaigns for user {"user_id":82,"campaign_count":1,"statuses":["live"]} 
[2026-05-27 15:15:14] local.INFO: ParseBearerToken middleware invoked {"path":"/api/v2/campaign","method":"GET","has_auth_header":true,"auth_header_preview":"Bearer 200|77cHU4PJJLVMbsndnt3...","is_bearer":true} 
[2026-05-27 15:15:14] local.INFO: Extracted bearer token {"token_preview":"200|77cHU4...","token_length":52} 
[2026-05-27 15:15:14] local.INFO: Found personal access token {"token_id":200,"user_id":82,"revoked":null} 
[2026-05-27 15:15:14] local.INFO: User authenticated via bearer token {"user_id":82,"user_email":"emmadesigner@example.com"} 
[2026-05-27 15:15:14] local.INFO: Returning campaigns for user {"user_id":82,"campaign_count":1,"statuses":["live"]} 
[2026-05-27 15:15:46] local.ERROR: Out of memory (allocated 27262976 bytes) (tried to allocate 32768 bytes) {"exception":"[object] (Symfony\\Component\\ErrorHandler\\Error\\FatalError(code: 0): Out of memory (allocated 27262976 bytes) (tried to allocate 32768 bytes) at D:\\laragon\\www\\mirrormefashion\\vendor\\laravel\\framework\\src\\Illuminate\\Database\\Query\\Builder.php:2199)
[stacktrace]
#0 {main}
"} 
[2026-05-27 15:55:54] local.INFO: ParseBearerToken middleware invoked {"path":"/api/v2/campaign","method":"GET","has_auth_header":true,"auth_header_preview":"Bearer 197|7k0hVE5tGTQRyd3ip8P...","is_bearer":true} 
[2026-05-27 15:55:54] local.INFO: Extracted bearer token {"token_preview":"197|7k0hVE...","token_length":52} 
[2026-05-27 15:55:54] local.INFO: Found personal access token {"token_id":197,"user_id":79,"revoked":null} 
[2026-05-27 15:55:54] local.INFO: User authenticated via bearer token {"user_id":79,"user_email":"johndoe@gmail.com"} 
[2026-05-27 15:55:54] local.INFO: Returning campaigns for user {"user_id":79,"campaign_count":0,"statuses":[]} 
[2026-05-27 15:55:55] local.INFO: ParseBearerToken middleware invoked {"path":"/api/v2/campaign","method":"GET","has_auth_header":true,"auth_header_preview":"Bearer 197|7k0hVE5tGTQRyd3ip8P...","is_bearer":true} 
[2026-05-27 15:55:55] local.INFO: Extracted bearer token {"token_preview":"197|7k0hVE...","token_length":52} 
[2026-05-27 15:55:55] local.INFO: Found personal access token {"token_id":197,"user_id":79,"revoked":null} 
[2026-05-27 15:55:55] local.INFO: User authenticated via bearer token {"user_id":79,"user_email":"johndoe@gmail.com"} 
[2026-05-27 15:55:55] local.INFO: Returning campaigns for user {"user_id":79,"campaign_count":0,"statuses":[]} 
[2026-05-27 15:55:57] local.INFO: ParseBearerToken middleware invoked {"path":"/api/v2/campaign","method":"GET","has_auth_header":true,"auth_header_preview":"Bearer 197|7k0hVE5tGTQRyd3ip8P...","is_bearer":true} 
[2026-05-27 15:55:57] local.INFO: Extracted bearer token {"token_preview":"197|7k0hVE...","token_length":52} 
[2026-05-27 15:55:57] local.INFO: Found personal access token {"token_id":197,"user_id":79,"revoked":null} 
[2026-05-27 15:55:57] local.INFO: User authenticated via bearer token {"user_id":79,"user_email":"johndoe@gmail.com"} 
[2026-05-27 15:55:57] local.INFO: Returning campaigns for user {"user_id":79,"campaign_count":0,"statuses":[]} 
[2026-05-27 15:56:27] local.INFO: ParseBearerToken middleware invoked {"path":"/api/v2/campaign","method":"GET","has_auth_header":true,"auth_header_preview":"Bearer 197|7k0hVE5tGTQRyd3ip8P...","is_bearer":true} 
[2026-05-27 15:56:27] local.INFO: Extracted bearer token {"token_preview":"197|7k0hVE...","token_length":52} 
[2026-05-27 15:56:27] local.INFO: Found personal access token {"token_id":197,"user_id":79,"revoked":null} 
[2026-05-27 15:56:27] local.INFO: User authenticated via bearer token {"user_id":79,"user_email":"johndoe@gmail.com"} 
[2026-05-27 15:56:27] local.INFO: Returning campaigns for user {"user_id":79,"campaign_count":0,"statuses":[]} 
[2026-05-27 15:58:10] local.WARNING: Creator registration validation failed {"errors":{"Illuminate\\Support\\MessageBag":{"email":["The email has already been taken."]}}} 
[2026-05-27 16:00:23] local.INFO: User created for creator registration {"user_id":83,"email":"testcreator@example.com"} 
[2026-05-27 16:00:23] local.INFO: Creator profile created {"user_id":83,"creator_id":24} 
[2026-05-27 16:00:23] local.INFO: Creator registered successfully {"user_id":83,"creator_id":24,"email":"testcreator@example.com"} 
[2026-05-27 16:00:28] local.INFO: ParseBearerToken middleware invoked {"path":"/api/v2/campaign","method":"GET","has_auth_header":true,"auth_header_preview":"Bearer 201|6Tz75itncl6Ks6bGCSX...","is_bearer":true} 
[2026-05-27 16:00:28] local.INFO: Extracted bearer token {"token_preview":"201|6Tz75i...","token_length":52} 
[2026-05-27 16:00:28] local.INFO: Found personal access token {"token_id":201,"user_id":83,"revoked":null} 
[2026-05-27 16:00:28] local.INFO: User authenticated via bearer token {"user_id":83,"user_email":"testcreator@example.com"} 
[2026-05-27 16:00:28] local.INFO: Returning campaigns for user {"user_id":83,"campaign_count":0,"statuses":[]} 
[2026-05-27 16:00:29] local.INFO: ParseBearerToken middleware invoked {"path":"/api/v2/campaign","method":"GET","has_auth_header":true,"auth_header_preview":"Bearer 201|6Tz75itncl6Ks6bGCSX...","is_bearer":true} 
[2026-05-27 16:00:29] local.INFO: Extracted bearer token {"token_preview":"201|6Tz75i...","token_length":52} 
[2026-05-27 16:00:29] local.INFO: Found personal access token {"token_id":201,"user_id":83,"revoked":null} 
[2026-05-27 16:00:29] local.INFO: User authenticated via bearer token {"user_id":83,"user_email":"testcreator@example.com"} 
[2026-05-27 16:00:29] local.INFO: Returning campaigns for user {"user_id":83,"campaign_count":0,"statuses":[]} 
[2026-05-27 16:00:37] local.INFO: ParseBearerToken middleware invoked {"path":"/api/v2/campaign","method":"GET","has_auth_header":true,"auth_header_preview":"Bearer 201|6Tz75itncl6Ks6bGCSX...","is_bearer":true} 
[2026-05-27 16:00:37] local.INFO: Extracted bearer token {"token_preview":"201|6Tz75i...","token_length":52} 
[2026-05-27 16:00:37] local.INFO: Found personal access token {"token_id":201,"user_id":83,"revoked":null} 
[2026-05-27 16:00:37] local.INFO: User authenticated via bearer token {"user_id":83,"user_email":"testcreator@example.com"} 
[2026-05-27 16:00:37] local.INFO: Returning campaigns for user {"user_id":83,"campaign_count":0,"statuses":[]} 
[2026-05-27 16:00:37] local.INFO: ParseBearerToken middleware invoked {"path":"/api/v2/campaign","method":"GET","has_auth_header":true,"auth_header_preview":"Bearer 201|6Tz75itncl6Ks6bGCSX...","is_bearer":true} 
[2026-05-27 16:00:37] local.INFO: Extracted bearer token {"token_preview":"201|6Tz75i...","token_length":52} 
[2026-05-27 16:00:37] local.INFO: Found personal access token {"token_id":201,"user_id":83,"revoked":null} 
[2026-05-27 16:00:37] local.INFO: User authenticated via bearer token {"user_id":83,"user_email":"testcreator@example.com"} 
[2026-05-27 16:00:37] local.INFO: Returning campaigns for user {"user_id":83,"campaign_count":0,"statuses":[]} 
[2026-05-27 16:00:43] local.INFO: ParseBearerToken middleware invoked {"path":"/api/v2/campaign","method":"GET","has_auth_header":true,"auth_header_preview":"Bearer 201|6Tz75itncl6Ks6bGCSX...","is_bearer":true} 
[2026-05-27 16:00:43] local.INFO: Extracted bearer token {"token_preview":"201|6Tz75i...","token_length":52} 
[2026-05-27 16:00:43] local.INFO: Found personal access token {"token_id":201,"user_id":83,"revoked":null} 
[2026-05-27 16:00:43] local.INFO: User authenticated via bearer token {"user_id":83,"user_email":"testcreator@example.com"} 
[2026-05-27 16:00:43] local.INFO: Returning campaigns for user {"user_id":83,"campaign_count":0,"statuses":[]} 
[2026-05-27 16:00:44] local.INFO: ParseBearerToken middleware invoked {"path":"/api/v2/campaign","method":"GET","has_auth_header":true,"auth_header_preview":"Bearer 201|6Tz75itncl6Ks6bGCSX...","is_bearer":true} 
[2026-05-27 16:00:44] local.INFO: Extracted bearer token {"token_preview":"201|6Tz75i...","token_length":52} 
[2026-05-27 16:00:44] local.INFO: Found personal access token {"token_id":201,"user_id":83,"revoked":null} 
[2026-05-27 16:00:44] local.INFO: User authenticated via bearer token {"user_id":83,"user_email":"testcreator@example.com"} 
[2026-05-27 16:00:44] local.INFO: Returning campaigns for user {"user_id":83,"campaign_count":0,"statuses":[]} 
[2026-05-27 16:02:13] local.INFO: ParseBearerToken middleware invoked {"path":"/api/v2/campaign","method":"GET","has_auth_header":true,"auth_header_preview":"Bearer 201|6Tz75itncl6Ks6bGCSX...","is_bearer":true} 
[2026-05-27 16:02:13] local.INFO: Extracted bearer token {"token_preview":"201|6Tz75i...","token_length":52} 
[2026-05-27 16:02:13] local.INFO: Found personal access token {"token_id":201,"user_id":83,"revoked":null} 
[2026-05-27 16:02:13] local.INFO: User authenticated via bearer token {"user_id":83,"user_email":"testcreator@example.com"} 
[2026-05-27 16:02:13] local.INFO: Returning campaigns for user {"user_id":83,"campaign_count":0,"statuses":[]} 
[2026-05-27 16:02:14] local.INFO: ParseBearerToken middleware invoked {"path":"/api/v2/campaign","method":"GET","has_auth_header":true,"auth_header_preview":"Bearer 201|6Tz75itncl6Ks6bGCSX...","is_bearer":true} 
[2026-05-27 16:02:14] local.INFO: Extracted bearer token {"token_preview":"201|6Tz75i...","token_length":52} 
[2026-05-27 16:02:14] local.INFO: Found personal access token {"token_id":201,"user_id":83,"revoked":null} 
[2026-05-27 16:02:14] local.INFO: User authenticated via bearer token {"user_id":83,"user_email":"testcreator@example.com"} 
[2026-05-27 16:02:14] local.INFO: Returning campaigns for user {"user_id":83,"campaign_count":0,"statuses":[]} 
[2026-05-27 16:03:01] local.WARNING: Creator registration validation failed {"errors":{"Illuminate\\Support\\MessageBag":{"email":["The email has already been taken."]}}} 
[2026-05-27 16:03:19] local.WARNING: Creator registration validation failed {"errors":{"Illuminate\\Support\\MessageBag":{"email":["The email has already been taken."]}}} 
[2026-05-27 16:03:28] local.INFO: User created for creator registration {"user_id":84,"email":"newcrddeator@gmail.com"} 
[2026-05-27 16:03:28] local.INFO: Creator profile created {"user_id":84,"creator_id":25} 
[2026-05-27 16:03:28] local.INFO: Creator registered successfully {"user_id":84,"creator_id":25,"email":"newcrddeator@gmail.com"} 
[2026-05-27 16:03:29] local.INFO: ParseBearerToken middleware invoked {"path":"/api/v2/campaign","method":"GET","has_auth_header":true,"auth_header_preview":"Bearer 202|bYDAdnjLIiFFSlgz4CD...","is_bearer":true} 
[2026-05-27 16:03:29] local.INFO: Extracted bearer token {"token_preview":"202|bYDAdn...","token_length":52} 
[2026-05-27 16:03:29] local.INFO: Found personal access token {"token_id":202,"user_id":84,"revoked":null} 
[2026-05-27 16:03:29] local.INFO: User authenticated via bearer token {"user_id":84,"user_email":"newcrddeator@gmail.com"} 
[2026-05-27 16:03:29] local.INFO: Returning campaigns for user {"user_id":84,"campaign_count":0,"statuses":[]} 
[2026-05-27 16:03:30] local.INFO: ParseBearerToken middleware invoked {"path":"/api/v2/campaign","method":"GET","has_auth_header":true,"auth_header_preview":"Bearer 202|bYDAdnjLIiFFSlgz4CD...","is_bearer":true} 
[2026-05-27 16:03:30] local.INFO: Extracted bearer token {"token_preview":"202|bYDAdn...","token_length":52} 
[2026-05-27 16:03:30] local.INFO: Found personal access token {"token_id":202,"user_id":84,"revoked":null} 
[2026-05-27 16:03:30] local.INFO: User authenticated via bearer token {"user_id":84,"user_email":"newcrddeator@gmail.com"} 
[2026-05-27 16:03:30] local.INFO: Returning campaigns for user {"user_id":84,"campaign_count":0,"statuses":[]} 
[2026-05-27 16:03:34] local.INFO: ParseBearerToken middleware invoked {"path":"/api/v2/campaign","method":"GET","has_auth_header":true,"auth_header_preview":"Bearer 202|bYDAdnjLIiFFSlgz4CD...","is_bearer":true} 
[2026-05-27 16:03:34] local.INFO: Extracted bearer token {"token_preview":"202|bYDAdn...","token_length":52} 
[2026-05-27 16:03:34] local.INFO: Found personal access token {"token_id":202,"user_id":84,"revoked":null} 
[2026-05-27 16:03:34] local.INFO: User authenticated via bearer token {"user_id":84,"user_email":"newcrddeator@gmail.com"} 
[2026-05-27 16:03:34] local.INFO: Returning campaigns for user {"user_id":84,"campaign_count":0,"statuses":[]} 
[2026-05-27 16:03:35] local.INFO: ParseBearerToken middleware invoked {"path":"/api/v2/campaign","method":"GET","has_auth_header":true,"auth_header_preview":"Bearer 202|bYDAdnjLIiFFSlgz4CD...","is_bearer":true} 
[2026-05-27 16:03:35] local.INFO: Extracted bearer token {"token_preview":"202|bYDAdn...","token_length":52} 
[2026-05-27 16:03:35] local.INFO: Found personal access token {"token_id":202,"user_id":84,"revoked":null} 
[2026-05-27 16:03:35] local.INFO: User authenticated via bearer token {"user_id":84,"user_email":"newcrddeator@gmail.com"} 
[2026-05-27 16:03:35] local.INFO: Returning campaigns for user {"user_id":84,"campaign_count":0,"statuses":[]} 
[2026-05-27 16:04:57] local.INFO: ParseBearerToken middleware invoked {"path":"/api/v2/campaign","method":"POST","has_auth_header":true,"auth_header_preview":"Bearer 202|bYDAdnjLIiFFSlgz4CD...","is_bearer":true} 
[2026-05-27 16:04:57] local.INFO: Extracted bearer token {"token_preview":"202|bYDAdn...","token_length":52} 
[2026-05-27 16:04:57] local.INFO: Found personal access token {"token_id":202,"user_id":84,"revoked":null} 
[2026-05-27 16:04:57] local.INFO: User authenticated via bearer token {"user_id":84,"user_email":"newcrddeator@gmail.com"} 
[2026-05-27 16:04:57] local.INFO: Campaign store() called - Raw Request Data {"content_type":"application/json","request_keys":["title","description","funding_goal","product_name","product_description","materials","colors","sizes","projectDuration","upvote_goal","previous_sales","existing_inventory","manufacturer_restock","manufacturing_assistance","business_registration"],"has_files":false,"file_keys":[]} 
[2026-05-27 16:04:57] local.INFO: Campaign store() called with details {"method":"POST","path":"api/v2/campaign","has_auth_header":true,"auth_header_preview":"Bearer 202|bYDAdnjLIiFFSlgz4CD...","user_id":84,"user_email":"newcrddeator@gmail.com","is_authenticated":true} 
[2026-05-27 16:04:57] local.INFO: Campaign creation request received {"user_id":84,"request_keys":["title","description","funding_goal","product_name","product_description","materials","colors","sizes","projectDuration","upvote_goal","previous_sales","existing_inventory","manufacturer_restock","manufacturing_assistance","business_registration"],"title":"Describe the style, cut, and d","product_name":"Describe the style, cut, and d","description_length":234,"materials_count":1,"colors_count":1,"sizes_count":4,"projectDuration":14,"upvote_goal":5000} 
[2026-05-27 16:04:57] local.INFO: Campaign created successfully {"campaign_id":108,"creator_id":25,"user_id":84} 
[2026-05-27 16:04:58] local.INFO: ParseBearerToken middleware invoked {"path":"/api/v2/campaign/108/upload-files","method":"POST","has_auth_header":true,"auth_header_preview":"Bearer 202|bYDAdnjLIiFFSlgz4CD...","is_bearer":true} 
[2026-05-27 16:04:58] local.INFO: Extracted bearer token {"token_preview":"202|bYDAdn...","token_length":52} 
[2026-05-27 16:04:58] local.INFO: Found personal access token {"token_id":202,"user_id":84,"revoked":null} 
[2026-05-27 16:04:58] local.INFO: User authenticated via bearer token {"user_id":84,"user_email":"newcrddeator@gmail.com"} 
[2026-05-27 16:04:58] local.INFO: uploadFiles() method called {"campaign_id":"108","method":"POST","content_type":"multipart/form-data; boundary=----WebKitFormBoundary8OqOoNUTPuOXBzFJ"} 
[2026-05-27 16:04:58] local.INFO: File upload request received {"campaign_id":"108","has_product_images":true,"has_tech_pack":false,"request_keys":["product_images"],"product_images_type":"array","all_files_info":{"product_images":{"key":"product_images","count":2,"type":"array","first_item":"Illuminate\\Http\\UploadedFile"}}} 
[2026-05-27 16:04:58] local.INFO: Checking all input and files {"campaign_id":"108","input_keys":["image_metadata","product_images"],"file_keys":["product_images"],"all_files_count":1} 
[2026-05-27 16:04:58] local.INFO: Product images received {"campaign_id":"108","is_array":true,"count":2,"first_item_type":"Illuminate\\Http\\UploadedFile"} 
[2026-05-27 16:04:58] local.INFO: Parsed image metadata {"campaign_id":"108","metadata_count":2,"metadata":[{"fileIndex":0,"type":"front","name":"Dashboard-Karbar-11-03-2025_06_20_PM.png","size":303849},{"fileIndex":1,"type":"back","name":"Dashboard-Karbar-11-03-2025_04_39_PM.png","size":286970}]} 
[2026-05-27 16:04:58] local.INFO: Found images using product_images notation {"campaign_id":"108","count":2} 
[2026-05-27 16:04:58] local.INFO: Processing product images {"campaign_id":"108","image_count":2,"metadata_count":2,"files_found_in_allfiles":true} 
[2026-05-27 16:04:58] local.INFO: Image found in array {"campaign_id":"108","index":0,"name":"Dashboard-Karbar-11-03-2025_06_20_PM.png","size":303849,"valid":true} 
[2026-05-27 16:04:58] local.INFO: Image found in array {"campaign_id":"108","index":1,"name":"Dashboard-Karbar-11-03-2025_04_39_PM.png","size":286970,"valid":true} 
[2026-05-27 16:04:59] local.INFO: Processing image {"campaign_id":"108","file_index":0,"type":"front","name":"Dashboard-Karbar-11-03-2025_06_20_PM.png","original_name":"Dashboard-Karbar-11-03-2025_06_20_PM.png","size":303849,"mime":"image/png"} 
[2026-05-27 16:04:59] local.INFO: About to store image file {"campaign_id":"108","type":"front","filename":"campaign_108_front_1779897899_6a17162b145e2.png","directory":"campaigns/products","original_name":"Dashboard-Karbar-11-03-2025_06_20_PM.png","size":303849,"mime":"image/png","extension":"png"} 
[2026-05-27 16:04:59] local.INFO: Starting file storage {"campaign_id":"108","original_name":"Dashboard-Karbar-11-03-2025_06_20_PM.png","size":303849,"mime":"image/png","temp_path":false} 
[2026-05-27 16:04:59] local.INFO: About to store file {"campaign_id":"108","destination":"D:\\laragon\\www\\mirrormefashion\\storage\\app\\public\\campaigns\\products\\campaign_108_front_1779897899_6a17162b15155.png","file_size":303849} 
[2026-05-27 16:04:59] local.INFO: Temp file info {"temp_path":"C:\\Windows\\Temp\\php8197.tmp","exists":true,"readable":true,"size":303849} 
[2026-05-27 16:04:59] local.INFO: File copied successfully {"campaign_id":"108","destination":"D:\\laragon\\www\\mirrormefashion\\storage\\app\\public\\campaigns\\products\\campaign_108_front_1779897899_6a17162b15155.png"} 
[2026-05-27 16:04:59] local.INFO: File copied successfully {"campaign_id":"108","storage_path":"campaigns/products/campaign_108_front_1779897899_6a17162b15155.png","full_path":"D:\\laragon\\www\\mirrormefashion\\storage\\app\\public\\campaigns\\products\\campaign_108_front_1779897899_6a17162b15155.png","file_exists":true,"file_size":303849} 
[2026-05-27 16:04:59] local.INFO: Processing image {"campaign_id":"108","file_index":1,"type":"back","name":"Dashboard-Karbar-11-03-2025_04_39_PM.png","original_name":"Dashboard-Karbar-11-03-2025_04_39_PM.png","size":286970,"mime":"image/png"} 
[2026-05-27 16:04:59] local.INFO: About to store image file {"campaign_id":"108","type":"back","filename":"campaign_108_back_1779897899_6a17162be461d.png","directory":"campaigns/products","original_name":"Dashboard-Karbar-11-03-2025_04_39_PM.png","size":286970,"mime":"image/png","extension":"png"} 
[2026-05-27 16:04:59] local.INFO: Starting file storage {"campaign_id":"108","original_name":"Dashboard-Karbar-11-03-2025_04_39_PM.png","size":286970,"mime":"image/png","temp_path":false} 
[2026-05-27 16:04:59] local.INFO: About to store file {"campaign_id":"108","destination":"D:\\laragon\\www\\mirrormefashion\\storage\\app\\public\\campaigns\\products\\campaign_108_back_1779897899_6a17162be502c.png","file_size":286970} 
[2026-05-27 16:04:59] local.INFO: Temp file info {"temp_path":"C:\\Windows\\Temp\\php8198.tmp","exists":true,"readable":true,"size":286970} 
[2026-05-27 16:04:59] local.INFO: File copied successfully {"campaign_id":"108","destination":"D:\\laragon\\www\\mirrormefashion\\storage\\app\\public\\campaigns\\products\\campaign_108_back_1779897899_6a17162be502c.png"} 
[2026-05-27 16:04:59] local.INFO: File copied successfully {"campaign_id":"108","storage_path":"campaigns/products/campaign_108_back_1779897899_6a17162be502c.png","full_path":"D:\\laragon\\www\\mirrormefashion\\storage\\app\\public\\campaigns\\products\\campaign_108_back_1779897899_6a17162be502c.png","file_exists":true,"file_size":286970} 
[2026-05-27 16:04:59] local.INFO: No tech pack in request {"campaign_id":"108"} 
[2026-05-27 16:04:59] local.INFO: Merged product images {"campaign_id":"108","existing_count":0,"new_count":2,"merged_count":2} 
[2026-05-27 16:05:05] local.INFO: ParseBearerToken middleware invoked {"path":"/api/v2/campaign","method":"GET","has_auth_header":true,"auth_header_preview":"Bearer 202|bYDAdnjLIiFFSlgz4CD...","is_bearer":true} 
[2026-05-27 16:05:05] local.INFO: Extracted bearer token {"token_preview":"202|bYDAdn...","token_length":52} 
[2026-05-27 16:05:05] local.INFO: Found personal access token {"token_id":202,"user_id":84,"revoked":null} 
[2026-05-27 16:05:05] local.INFO: User authenticated via bearer token {"user_id":84,"user_email":"newcrddeator@gmail.com"} 
[2026-05-27 16:05:05] local.INFO: Returning campaigns for user {"user_id":84,"campaign_count":1,"statuses":["draft"]} 
[2026-05-27 16:05:06] local.INFO: ParseBearerToken middleware invoked {"path":"/api/v2/campaign","method":"GET","has_auth_header":true,"auth_header_preview":"Bearer 202|bYDAdnjLIiFFSlgz4CD...","is_bearer":true} 
[2026-05-27 16:05:06] local.INFO: Extracted bearer token {"token_preview":"202|bYDAdn...","token_length":52} 
[2026-05-27 16:05:06] local.INFO: Found personal access token {"token_id":202,"user_id":84,"revoked":null} 
[2026-05-27 16:05:06] local.INFO: User authenticated via bearer token {"user_id":84,"user_email":"newcrddeator@gmail.com"} 
[2026-05-27 16:05:06] local.INFO: Returning campaigns for user {"user_id":84,"campaign_count":1,"statuses":["draft"]} 
[2026-05-27 16:05:08] local.INFO: ParseBearerToken middleware invoked {"path":"/api/v2/campaign/108/launch","method":"POST","has_auth_header":true,"auth_header_preview":"Bearer 202|bYDAdnjLIiFFSlgz4CD...","is_bearer":true} 
[2026-05-27 16:05:09] local.INFO: Extracted bearer token {"token_preview":"202|bYDAdn...","token_length":52} 
[2026-05-27 16:05:09] local.INFO: Found personal access token {"token_id":202,"user_id":84,"revoked":null} 
[2026-05-27 16:05:09] local.INFO: User authenticated via bearer token {"user_id":84,"user_email":"newcrddeator@gmail.com"} 
[2026-05-27 16:05:09] local.INFO: Campaign launch attempt {"campaign_id":"108","current_status":"draft","user_id":84} 
[2026-05-27 16:05:09] local.INFO: Updating campaign status {"campaign_id":"108","from_status":"draft","to_status":"live"} 
[2026-05-27 16:05:09] local.INFO: Campaign launched successfully {"campaign_id":"108","status_after_update":"live","user_id":84} 
[2026-05-27 16:05:09] local.INFO: ParseBearerToken middleware invoked {"path":"/api/v2/campaign","method":"GET","has_auth_header":true,"auth_header_preview":"Bearer 202|bYDAdnjLIiFFSlgz4CD...","is_bearer":true} 
[2026-05-27 16:05:09] local.INFO: Extracted bearer token {"token_preview":"202|bYDAdn...","token_length":52} 
[2026-05-27 16:05:09] local.INFO: Found personal access token {"token_id":202,"user_id":84,"revoked":null} 
[2026-05-27 16:05:09] local.INFO: User authenticated via bearer token {"user_id":84,"user_email":"newcrddeator@gmail.com"} 
[2026-05-27 16:05:09] local.INFO: Returning campaigns for user {"user_id":84,"campaign_count":1,"statuses":["live"]} 
[2026-05-27 16:05:35] local.INFO: ParseBearerToken middleware invoked {"path":"/api/v2/campaign","method":"GET","has_auth_header":true,"auth_header_preview":"Bearer 202|bYDAdnjLIiFFSlgz4CD...","is_bearer":true} 
[2026-05-27 16:05:35] local.INFO: Extracted bearer token {"token_preview":"202|bYDAdn...","token_length":52} 
[2026-05-27 16:05:35] local.INFO: Found personal access token {"token_id":202,"user_id":84,"revoked":null} 
[2026-05-27 16:05:35] local.INFO: User authenticated via bearer token {"user_id":84,"user_email":"newcrddeator@gmail.com"} 
[2026-05-27 16:05:35] local.INFO: Returning campaigns for user {"user_id":84,"campaign_count":1,"statuses":["live"]} 
[2026-05-27 16:12:54] local.INFO: ParseBearerToken middleware invoked {"path":"/api/v2/campaign","method":"GET","has_auth_header":true,"auth_header_preview":"Bearer 202|bYDAdnjLIiFFSlgz4CD...","is_bearer":true} 
[2026-05-27 16:12:54] local.INFO: Extracted bearer token {"token_preview":"202|bYDAdn...","token_length":52} 
[2026-05-27 16:12:54] local.INFO: Found personal access token {"token_id":202,"user_id":84,"revoked":null} 
[2026-05-27 16:12:54] local.INFO: User authenticated via bearer token {"user_id":84,"user_email":"newcrddeator@gmail.com"} 
[2026-05-27 16:12:54] local.INFO: Returning campaigns for user {"user_id":84,"campaign_count":1,"statuses":["live"]} 
[2026-05-27 16:12:55] local.INFO: ParseBearerToken middleware invoked {"path":"/api/v2/campaign","method":"GET","has_auth_header":true,"auth_header_preview":"Bearer 202|bYDAdnjLIiFFSlgz4CD...","is_bearer":true} 
[2026-05-27 16:12:55] local.INFO: Extracted bearer token {"token_preview":"202|bYDAdn...","token_length":52} 
[2026-05-27 16:12:55] local.INFO: Found personal access token {"token_id":202,"user_id":84,"revoked":null} 
[2026-05-27 16:12:55] local.INFO: User authenticated via bearer token {"user_id":84,"user_email":"newcrddeator@gmail.com"} 
[2026-05-27 16:12:55] local.INFO: Returning campaigns for user {"user_id":84,"campaign_count":1,"statuses":["live"]} 
[2026-05-27 16:13:10] local.INFO: ParseBearerToken middleware invoked {"path":"/api/v2/campaign","method":"GET","has_auth_header":true,"auth_header_preview":"Bearer 202|bYDAdnjLIiFFSlgz4CD...","is_bearer":true} 
[2026-05-27 16:13:10] local.INFO: Extracted bearer token {"token_preview":"202|bYDAdn...","token_length":52} 
[2026-05-27 16:13:10] local.INFO: Found personal access token {"token_id":202,"user_id":84,"revoked":null} 
[2026-05-27 16:13:10] local.INFO: User authenticated via bearer token {"user_id":84,"user_email":"newcrddeator@gmail.com"} 
[2026-05-27 16:13:10] local.INFO: Returning campaigns for user {"user_id":84,"campaign_count":1,"statuses":["live"]} 
[2026-05-27 16:13:11] local.INFO: ParseBearerToken middleware invoked {"path":"/api/v2/campaign","method":"GET","has_auth_header":true,"auth_header_preview":"Bearer 202|bYDAdnjLIiFFSlgz4CD...","is_bearer":true} 
[2026-05-27 16:13:11] local.INFO: Extracted bearer token {"token_preview":"202|bYDAdn...","token_length":52} 
[2026-05-27 16:13:11] local.INFO: Found personal access token {"token_id":202,"user_id":84,"revoked":null} 
[2026-05-27 16:13:11] local.INFO: User authenticated via bearer token {"user_id":84,"user_email":"newcrddeator@gmail.com"} 
[2026-05-27 16:13:11] local.INFO: Returning campaigns for user {"user_id":84,"campaign_count":1,"statuses":["live"]} 
[2026-05-27 16:13:39] local.INFO: ParseBearerToken middleware invoked {"path":"/api/v2/campaign","method":"GET","has_auth_header":true,"auth_header_preview":"Bearer 202|bYDAdnjLIiFFSlgz4CD...","is_bearer":true} 
[2026-05-27 16:13:39] local.INFO: Extracted bearer token {"token_preview":"202|bYDAdn...","token_length":52} 
[2026-05-27 16:13:39] local.INFO: Found personal access token {"token_id":202,"user_id":84,"revoked":null} 
[2026-05-27 16:13:39] local.INFO: User authenticated via bearer token {"user_id":84,"user_email":"newcrddeator@gmail.com"} 
[2026-05-27 16:13:39] local.INFO: Returning campaigns for user {"user_id":84,"campaign_count":1,"statuses":["live"]} 
[2026-05-27 16:14:09] local.INFO: ParseBearerToken middleware invoked {"path":"/api/v2/campaign","method":"GET","has_auth_header":true,"auth_header_preview":"Bearer 202|bYDAdnjLIiFFSlgz4CD...","is_bearer":true} 
[2026-05-27 16:14:09] local.INFO: Extracted bearer token {"token_preview":"202|bYDAdn...","token_length":52} 
[2026-05-27 16:14:09] local.INFO: Found personal access token {"token_id":202,"user_id":84,"revoked":null} 
[2026-05-27 16:14:09] local.INFO: User authenticated via bearer token {"user_id":84,"user_email":"newcrddeator@gmail.com"} 
[2026-05-27 16:14:09] local.INFO: Returning campaigns for user {"user_id":84,"campaign_count":1,"statuses":["live"]} 
[2026-05-27 16:14:34] local.INFO: ParseBearerToken middleware invoked {"path":"/api/v2/campaign","method":"GET","has_auth_header":true,"auth_header_preview":"Bearer 202|bYDAdnjLIiFFSlgz4CD...","is_bearer":true} 
[2026-05-27 16:14:34] local.INFO: Extracted bearer token {"token_preview":"202|bYDAdn...","token_length":52} 
[2026-05-27 16:14:34] local.INFO: Found personal access token {"token_id":202,"user_id":84,"revoked":null} 
[2026-05-27 16:14:34] local.INFO: User authenticated via bearer token {"user_id":84,"user_email":"newcrddeator@gmail.com"} 
[2026-05-27 16:14:34] local.INFO: Returning campaigns for user {"user_id":84,"campaign_count":1,"statuses":["live"]} 
[2026-05-27 16:14:34] local.INFO: ParseBearerToken middleware invoked {"path":"/api/v2/campaign","method":"GET","has_auth_header":true,"auth_header_preview":"Bearer 202|bYDAdnjLIiFFSlgz4CD...","is_bearer":true} 
[2026-05-27 16:14:34] local.INFO: Extracted bearer token {"token_preview":"202|bYDAdn...","token_length":52} 
[2026-05-27 16:14:34] local.INFO: Found personal access token {"token_id":202,"user_id":84,"revoked":null} 
[2026-05-27 16:14:34] local.INFO: User authenticated via bearer token {"user_id":84,"user_email":"newcrddeator@gmail.com"} 
[2026-05-27 16:14:34] local.INFO: Returning campaigns for user {"user_id":84,"campaign_count":1,"statuses":["live"]} 
[2026-05-27 16:16:35] local.INFO: ParseBearerToken middleware invoked {"path":"/api/v2/campaign","method":"GET","has_auth_header":true,"auth_header_preview":"Bearer 202|bYDAdnjLIiFFSlgz4CD...","is_bearer":true} 
[2026-05-27 16:16:35] local.INFO: Extracted bearer token {"token_preview":"202|bYDAdn...","token_length":52} 
[2026-05-27 16:16:35] local.INFO: Found personal access token {"token_id":202,"user_id":84,"revoked":null} 
[2026-05-27 16:16:35] local.INFO: User authenticated via bearer token {"user_id":84,"user_email":"newcrddeator@gmail.com"} 
[2026-05-27 16:16:35] local.INFO: Returning campaigns for user {"user_id":84,"campaign_count":1,"statuses":["live"]} 
[2026-05-27 16:16:36] local.INFO: ParseBearerToken middleware invoked {"path":"/api/v2/campaign","method":"GET","has_auth_header":true,"auth_header_preview":"Bearer 202|bYDAdnjLIiFFSlgz4CD...","is_bearer":true} 
[2026-05-27 16:16:36] local.INFO: Extracted bearer token {"token_preview":"202|bYDAdn...","token_length":52} 
[2026-05-27 16:16:36] local.INFO: Found personal access token {"token_id":202,"user_id":84,"revoked":null} 
[2026-05-27 16:16:36] local.INFO: User authenticated via bearer token {"user_id":84,"user_email":"newcrddeator@gmail.com"} 
[2026-05-27 16:16:36] local.INFO: Returning campaigns for user {"user_id":84,"campaign_count":1,"statuses":["live"]} 
[2026-05-27 16:16:38] local.INFO: ParseBearerToken middleware invoked {"path":"/api/v2/campaign","method":"GET","has_auth_header":true,"auth_header_preview":"Bearer 202|bYDAdnjLIiFFSlgz4CD...","is_bearer":true} 
[2026-05-27 16:16:38] local.INFO: Extracted bearer token {"token_preview":"202|bYDAdn...","token_length":52} 
[2026-05-27 16:16:38] local.INFO: Found personal access token {"token_id":202,"user_id":84,"revoked":null} 
[2026-05-27 16:16:38] local.INFO: User authenticated via bearer token {"user_id":84,"user_email":"newcrddeator@gmail.com"} 
[2026-05-27 16:16:38] local.INFO: Returning campaigns for user {"user_id":84,"campaign_count":1,"statuses":["live"]} 
[2026-05-27 16:16:38] local.INFO: ParseBearerToken middleware invoked {"path":"/api/v2/campaign","method":"GET","has_auth_header":true,"auth_header_preview":"Bearer 202|bYDAdnjLIiFFSlgz4CD...","is_bearer":true} 
[2026-05-27 16:16:38] local.INFO: Extracted bearer token {"token_preview":"202|bYDAdn...","token_length":52} 
[2026-05-27 16:16:38] local.INFO: Found personal access token {"token_id":202,"user_id":84,"revoked":null} 
[2026-05-27 16:16:38] local.INFO: User authenticated via bearer token {"user_id":84,"user_email":"newcrddeator@gmail.com"} 
[2026-05-27 16:16:38] local.INFO: Returning campaigns for user {"user_id":84,"campaign_count":1,"statuses":["live"]} 
[2026-05-27 16:17:08] local.INFO: ParseBearerToken middleware invoked {"path":"/api/v2/campaign","method":"GET","has_auth_header":true,"auth_header_preview":"Bearer 202|bYDAdnjLIiFFSlgz4CD...","is_bearer":true} 
[2026-05-27 16:17:08] local.INFO: Extracted bearer token {"token_preview":"202|bYDAdn...","token_length":52} 
[2026-05-27 16:17:08] local.INFO: Found personal access token {"token_id":202,"user_id":84,"revoked":null} 
[2026-05-27 16:17:08] local.INFO: User authenticated via bearer token {"user_id":84,"user_email":"newcrddeator@gmail.com"} 
[2026-05-27 16:17:08] local.INFO: Returning campaigns for user {"user_id":84,"campaign_count":1,"statuses":["live"]} 
[2026-05-27 16:17:38] local.INFO: ParseBearerToken middleware invoked {"path":"/api/v2/campaign","method":"GET","has_auth_header":true,"auth_header_preview":"Bearer 202|bYDAdnjLIiFFSlgz4CD...","is_bearer":true} 
[2026-05-27 16:17:38] local.INFO: Extracted bearer token {"token_preview":"202|bYDAdn...","token_length":52} 
[2026-05-27 16:17:38] local.INFO: Found personal access token {"token_id":202,"user_id":84,"revoked":null} 
[2026-05-27 16:17:38] local.INFO: User authenticated via bearer token {"user_id":84,"user_email":"newcrddeator@gmail.com"} 
[2026-05-27 16:17:38] local.INFO: Returning campaigns for user {"user_id":84,"campaign_count":1,"statuses":["live"]} 
[2026-05-27 16:18:08] local.INFO: ParseBearerToken middleware invoked {"path":"/api/v2/campaign","method":"GET","has_auth_header":true,"auth_header_preview":"Bearer 202|bYDAdnjLIiFFSlgz4CD...","is_bearer":true} 
[2026-05-27 16:18:08] local.INFO: Extracted bearer token {"token_preview":"202|bYDAdn...","token_length":52} 
[2026-05-27 16:18:08] local.INFO: Found personal access token {"token_id":202,"user_id":84,"revoked":null} 
[2026-05-27 16:18:08] local.INFO: User authenticated via bearer token {"user_id":84,"user_email":"newcrddeator@gmail.com"} 
[2026-05-27 16:18:08] local.INFO: Returning campaigns for user {"user_id":84,"campaign_count":1,"statuses":["live"]} 
[2026-05-27 16:18:38] local.INFO: ParseBearerToken middleware invoked {"path":"/api/v2/campaign","method":"GET","has_auth_header":true,"auth_header_preview":"Bearer 202|bYDAdnjLIiFFSlgz4CD...","is_bearer":true} 
[2026-05-27 16:18:38] local.INFO: Extracted bearer token {"token_preview":"202|bYDAdn...","token_length":52} 
[2026-05-27 16:18:38] local.INFO: Found personal access token {"token_id":202,"user_id":84,"revoked":null} 
[2026-05-27 16:18:38] local.INFO: User authenticated via bearer token {"user_id":84,"user_email":"newcrddeator@gmail.com"} 
[2026-05-27 16:18:38] local.INFO: Returning campaigns for user {"user_id":84,"campaign_count":1,"statuses":["live"]} 
[2026-05-27 16:19:08] local.INFO: ParseBearerToken middleware invoked {"path":"/api/v2/campaign","method":"GET","has_auth_header":true,"auth_header_preview":"Bearer 202|bYDAdnjLIiFFSlgz4CD...","is_bearer":true} 
[2026-05-27 16:19:08] local.INFO: Extracted bearer token {"token_preview":"202|bYDAdn...","token_length":52} 
[2026-05-27 16:19:08] local.INFO: Found personal access token {"token_id":202,"user_id":84,"revoked":null} 
[2026-05-27 16:19:08] local.INFO: User authenticated via bearer token {"user_id":84,"user_email":"newcrddeator@gmail.com"} 
[2026-05-27 16:19:08] local.INFO: Returning campaigns for user {"user_id":84,"campaign_count":1,"statuses":["live"]} 
[2026-05-27 16:19:18] local.INFO: ParseBearerToken middleware invoked {"path":"/api/v2/campaign","method":"GET","has_auth_header":true,"auth_header_preview":"Bearer 202|bYDAdnjLIiFFSlgz4CD...","is_bearer":true} 
[2026-05-27 16:19:18] local.INFO: Extracted bearer token {"token_preview":"202|bYDAdn...","token_length":52} 
[2026-05-27 16:19:18] local.INFO: Found personal access token {"token_id":202,"user_id":84,"revoked":null} 
[2026-05-27 16:19:18] local.INFO: User authenticated via bearer token {"user_id":84,"user_email":"newcrddeator@gmail.com"} 
[2026-05-27 16:19:19] local.INFO: Returning campaigns for user {"user_id":84,"campaign_count":1,"statuses":["live"]} 
[2026-05-27 16:19:24] local.INFO: ParseBearerToken middleware invoked {"path":"/api/v2/campaign","method":"GET","has_auth_header":true,"auth_header_preview":"Bearer 202|bYDAdnjLIiFFSlgz4CD...","is_bearer":true} 
[2026-05-27 16:19:24] local.INFO: Extracted bearer token {"token_preview":"202|bYDAdn...","token_length":52} 
[2026-05-27 16:19:24] local.INFO: Found personal access token {"token_id":202,"user_id":84,"revoked":null} 
[2026-05-27 16:19:24] local.INFO: User authenticated via bearer token {"user_id":84,"user_email":"newcrddeator@gmail.com"} 
[2026-05-27 16:19:24] local.INFO: Returning campaigns for user {"user_id":84,"campaign_count":1,"statuses":["live"]} 
[2026-05-27 16:19:37] local.INFO: ParseBearerToken middleware invoked {"path":"/api/v2/campaign","method":"GET","has_auth_header":true,"auth_header_preview":"Bearer 202|bYDAdnjLIiFFSlgz4CD...","is_bearer":true} 
[2026-05-27 16:19:37] local.INFO: Extracted bearer token {"token_preview":"202|bYDAdn...","token_length":52} 
[2026-05-27 16:19:37] local.INFO: Found personal access token {"token_id":202,"user_id":84,"revoked":null} 
[2026-05-27 16:19:37] local.INFO: User authenticated via bearer token {"user_id":84,"user_email":"newcrddeator@gmail.com"} 
[2026-05-27 16:19:37] local.INFO: Returning campaigns for user {"user_id":84,"campaign_count":1,"statuses":["live"]} 
[2026-05-27 16:19:41] local.INFO: ParseBearerToken middleware invoked {"path":"/api/v2/campaign","method":"GET","has_auth_header":true,"auth_header_preview":"Bearer 202|bYDAdnjLIiFFSlgz4CD...","is_bearer":true} 
[2026-05-27 16:19:42] local.INFO: Extracted bearer token {"token_preview":"202|bYDAdn...","token_length":52} 
[2026-05-27 16:19:42] local.INFO: Found personal access token {"token_id":202,"user_id":84,"revoked":null} 
[2026-05-27 16:19:42] local.INFO: User authenticated via bearer token {"user_id":84,"user_email":"newcrddeator@gmail.com"} 
[2026-05-27 16:19:43] local.INFO: Returning campaigns for user {"user_id":84,"campaign_count":1,"statuses":["live"]} 
[2026-05-27 16:19:51] local.INFO: ParseBearerToken middleware invoked {"path":"/api/v2/campaign","method":"GET","has_auth_header":true,"auth_header_preview":"Bearer 202|bYDAdnjLIiFFSlgz4CD...","is_bearer":true} 
[2026-05-27 16:19:51] local.INFO: Extracted bearer token {"token_preview":"202|bYDAdn...","token_length":52} 
[2026-05-27 16:19:51] local.INFO: Found personal access token {"token_id":202,"user_id":84,"revoked":null} 
[2026-05-27 16:19:51] local.INFO: User authenticated via bearer token {"user_id":84,"user_email":"newcrddeator@gmail.com"} 
[2026-05-27 16:19:51] local.INFO: Returning campaigns for user {"user_id":84,"campaign_count":1,"statuses":["live"]} 
[2026-05-27 16:19:55] local.INFO: ParseBearerToken middleware invoked {"path":"/api/v2/campaign","method":"GET","has_auth_header":true,"auth_header_preview":"Bearer 202|bYDAdnjLIiFFSlgz4CD...","is_bearer":true} 
[2026-05-27 16:19:55] local.INFO: Extracted bearer token {"token_preview":"202|bYDAdn...","token_length":52} 
[2026-05-27 16:19:55] local.INFO: Found personal access token {"token_id":202,"user_id":84,"revoked":null} 
[2026-05-27 16:19:55] local.INFO: User authenticated via bearer token {"user_id":84,"user_email":"newcrddeator@gmail.com"} 
[2026-05-27 16:19:55] local.INFO: Returning campaigns for user {"user_id":84,"campaign_count":1,"statuses":["live"]} 
[2026-05-27 16:20:11] local.INFO: ParseBearerToken middleware invoked {"path":"/api/v2/campaign","method":"GET","has_auth_header":true,"auth_header_preview":"Bearer 202|bYDAdnjLIiFFSlgz4CD...","is_bearer":true} 
[2026-05-27 16:20:11] local.INFO: Extracted bearer token {"token_preview":"202|bYDAdn...","token_length":52} 
[2026-05-27 16:20:11] local.INFO: Found personal access token {"token_id":202,"user_id":84,"revoked":null} 
[2026-05-27 16:20:11] local.INFO: User authenticated via bearer token {"user_id":84,"user_email":"newcrddeator@gmail.com"} 
[2026-05-27 16:20:11] local.INFO: Returning campaigns for user {"user_id":84,"campaign_count":1,"statuses":["live"]} 
[2026-05-27 16:20:13] local.INFO: ParseBearerToken middleware invoked {"path":"/api/v2/campaign","method":"GET","has_auth_header":true,"auth_header_preview":"Bearer 202|bYDAdnjLIiFFSlgz4CD...","is_bearer":true} 
[2026-05-27 16:20:13] local.INFO: Extracted bearer token {"token_preview":"202|bYDAdn...","token_length":52} 
[2026-05-27 16:20:13] local.INFO: Found personal access token {"token_id":202,"user_id":84,"revoked":null} 
[2026-05-27 16:20:13] local.INFO: User authenticated via bearer token {"user_id":84,"user_email":"newcrddeator@gmail.com"} 
[2026-05-27 16:20:13] local.INFO: Returning campaigns for user {"user_id":84,"campaign_count":1,"statuses":["live"]} 
[2026-05-27 16:20:37] local.INFO: ParseBearerToken middleware invoked {"path":"/api/v2/campaign","method":"GET","has_auth_header":true,"auth_header_preview":"Bearer 202|bYDAdnjLIiFFSlgz4CD...","is_bearer":true} 
[2026-05-27 16:20:37] local.INFO: Extracted bearer token {"token_preview":"202|bYDAdn...","token_length":52} 
[2026-05-27 16:20:37] local.INFO: Found personal access token {"token_id":202,"user_id":84,"revoked":null} 
[2026-05-27 16:20:37] local.INFO: User authenticated via bearer token {"user_id":84,"user_email":"newcrddeator@gmail.com"} 
[2026-05-27 16:20:37] local.INFO: Returning campaigns for user {"user_id":84,"campaign_count":1,"statuses":["live"]} 
[2026-05-27 16:21:09] local.INFO: ParseBearerToken middleware invoked {"path":"/api/v2/campaign","method":"GET","has_auth_header":true,"auth_header_preview":"Bearer 202|bYDAdnjLIiFFSlgz4CD...","is_bearer":true} 
[2026-05-27 16:21:09] local.INFO: Extracted bearer token {"token_preview":"202|bYDAdn...","token_length":52} 
[2026-05-27 16:21:09] local.INFO: Found personal access token {"token_id":202,"user_id":84,"revoked":null} 
[2026-05-27 16:21:09] local.INFO: User authenticated via bearer token {"user_id":84,"user_email":"newcrddeator@gmail.com"} 
[2026-05-27 16:21:09] local.INFO: Returning campaigns for user {"user_id":84,"campaign_count":1,"statuses":["live"]} 
[2026-05-27 16:21:37] local.INFO: ParseBearerToken middleware invoked {"path":"/api/v2/campaign","method":"GET","has_auth_header":true,"auth_header_preview":"Bearer 202|bYDAdnjLIiFFSlgz4CD...","is_bearer":true} 
[2026-05-27 16:21:37] local.INFO: Extracted bearer token {"token_preview":"202|bYDAdn...","token_length":52} 
[2026-05-27 16:21:37] local.INFO: Found personal access token {"token_id":202,"user_id":84,"revoked":null} 
[2026-05-27 16:21:37] local.INFO: User authenticated via bearer token {"user_id":84,"user_email":"newcrddeator@gmail.com"} 
[2026-05-27 16:21:37] local.INFO: Returning campaigns for user {"user_id":84,"campaign_count":1,"statuses":["live"]} 
[2026-05-27 16:22:07] local.INFO: ParseBearerToken middleware invoked {"path":"/api/v2/campaign","method":"GET","has_auth_header":true,"auth_header_preview":"Bearer 202|bYDAdnjLIiFFSlgz4CD...","is_bearer":true} 
[2026-05-27 16:22:07] local.INFO: Extracted bearer token {"token_preview":"202|bYDAdn...","token_length":52} 
[2026-05-27 16:22:07] local.INFO: Found personal access token {"token_id":202,"user_id":84,"revoked":null} 
[2026-05-27 16:22:07] local.INFO: User authenticated via bearer token {"user_id":84,"user_email":"newcrddeator@gmail.com"} 
[2026-05-27 16:22:07] local.INFO: Returning campaigns for user {"user_id":84,"campaign_count":1,"statuses":["live"]} 
[2026-05-27 16:22:38] local.INFO: ParseBearerToken middleware invoked {"path":"/api/v2/campaign","method":"GET","has_auth_header":true,"auth_header_preview":"Bearer 202|bYDAdnjLIiFFSlgz4CD...","is_bearer":true} 
[2026-05-27 16:22:38] local.INFO: Extracted bearer token {"token_preview":"202|bYDAdn...","token_length":52} 
[2026-05-27 16:22:38] local.INFO: Found personal access token {"token_id":202,"user_id":84,"revoked":null} 
[2026-05-27 16:22:38] local.INFO: User authenticated via bearer token {"user_id":84,"user_email":"newcrddeator@gmail.com"} 
[2026-05-27 16:22:38] local.INFO: Returning campaigns for user {"user_id":84,"campaign_count":1,"statuses":["live"]} 
[2026-05-27 16:23:07] local.INFO: ParseBearerToken middleware invoked {"path":"/api/v2/campaign","method":"GET","has_auth_header":true,"auth_header_preview":"Bearer 202|bYDAdnjLIiFFSlgz4CD...","is_bearer":true} 
[2026-05-27 16:23:07] local.INFO: Extracted bearer token {"token_preview":"202|bYDAdn...","token_length":52} 
[2026-05-27 16:23:07] local.INFO: Found personal access token {"token_id":202,"user_id":84,"revoked":null} 
[2026-05-27 16:23:07] local.INFO: User authenticated via bearer token {"user_id":84,"user_email":"newcrddeator@gmail.com"} 
[2026-05-27 16:23:07] local.INFO: Returning campaigns for user {"user_id":84,"campaign_count":1,"statuses":["live"]} 
[2026-05-27 16:23:34] local.INFO: ParseBearerToken middleware invoked {"path":"/api/v2/campaign","method":"GET","has_auth_header":true,"auth_header_preview":"Bearer 202|bYDAdnjLIiFFSlgz4CD...","is_bearer":true} 
[2026-05-27 16:23:34] local.INFO: Extracted bearer token {"token_preview":"202|bYDAdn...","token_length":52} 
[2026-05-27 16:23:34] local.INFO: Found personal access token {"token_id":202,"user_id":84,"revoked":null} 
[2026-05-27 16:23:34] local.INFO: User authenticated via bearer token {"user_id":84,"user_email":"newcrddeator@gmail.com"} 
[2026-05-27 16:23:34] local.INFO: Returning campaigns for user {"user_id":84,"campaign_count":1,"statuses":["live"]} 
[2026-05-27 16:23:44] local.INFO: ParseBearerToken middleware invoked {"path":"/api/v2/campaign","method":"GET","has_auth_header":true,"auth_header_preview":"Bearer 202|bYDAdnjLIiFFSlgz4CD...","is_bearer":true} 
[2026-05-27 16:23:44] local.INFO: Extracted bearer token {"token_preview":"202|bYDAdn...","token_length":52} 
[2026-05-27 16:23:44] local.INFO: Found personal access token {"token_id":202,"user_id":84,"revoked":null} 
[2026-05-27 16:23:44] local.INFO: User authenticated via bearer token {"user_id":84,"user_email":"newcrddeator@gmail.com"} 
[2026-05-27 16:23:44] local.INFO: Returning campaigns for user {"user_id":84,"campaign_count":1,"statuses":["live"]} 
[2026-05-27 16:23:45] local.INFO: ParseBearerToken middleware invoked {"path":"/api/v2/campaign","method":"GET","has_auth_header":true,"auth_header_preview":"Bearer 202|bYDAdnjLIiFFSlgz4CD...","is_bearer":true} 
[2026-05-27 16:23:45] local.INFO: Extracted bearer token {"token_preview":"202|bYDAdn...","token_length":52} 
[2026-05-27 16:23:45] local.INFO: Found personal access token {"token_id":202,"user_id":84,"revoked":null} 
[2026-05-27 16:23:45] local.INFO: User authenticated via bearer token {"user_id":84,"user_email":"newcrddeator@gmail.com"} 
[2026-05-27 16:23:45] local.INFO: Returning campaigns for user {"user_id":84,"campaign_count":1,"statuses":["live"]} 
[2026-05-27 16:24:13] local.INFO: ParseBearerToken middleware invoked {"path":"/api/v2/campaign","method":"GET","has_auth_header":true,"auth_header_preview":"Bearer 202|bYDAdnjLIiFFSlgz4CD...","is_bearer":true} 
[2026-05-27 16:24:13] local.INFO: Extracted bearer token {"token_preview":"202|bYDAdn...","token_length":52} 
[2026-05-27 16:24:13] local.INFO: Found personal access token {"token_id":202,"user_id":84,"revoked":null} 
[2026-05-27 16:24:13] local.INFO: User authenticated via bearer token {"user_id":84,"user_email":"newcrddeator@gmail.com"} 
[2026-05-27 16:24:13] local.INFO: Returning campaigns for user {"user_id":84,"campaign_count":1,"statuses":["live"]} 
[2026-05-27 16:24:31] local.INFO: ParseBearerToken middleware invoked {"path":"/api/v2/campaign","method":"GET","has_auth_header":true,"auth_header_preview":"Bearer 202|bYDAdnjLIiFFSlgz4CD...","is_bearer":true} 
[2026-05-27 16:24:31] local.INFO: Extracted bearer token {"token_preview":"202|bYDAdn...","token_length":52} 
[2026-05-27 16:24:31] local.INFO: Found personal access token {"token_id":202,"user_id":84,"revoked":null} 
[2026-05-27 16:24:31] local.INFO: User authenticated via bearer token {"user_id":84,"user_email":"newcrddeator@gmail.com"} 
[2026-05-27 16:24:31] local.INFO: Returning campaigns for user {"user_id":84,"campaign_count":1,"statuses":["live"]} 
[2026-05-27 16:24:31] local.INFO: ParseBearerToken middleware invoked {"path":"/api/v2/campaign","method":"GET","has_auth_header":true,"auth_header_preview":"Bearer 202|bYDAdnjLIiFFSlgz4CD...","is_bearer":true} 
[2026-05-27 16:24:31] local.INFO: Extracted bearer token {"token_preview":"202|bYDAdn...","token_length":52} 
[2026-05-27 16:24:31] local.INFO: Found personal access token {"token_id":202,"user_id":84,"revoked":null} 
[2026-05-27 16:24:31] local.INFO: User authenticated via bearer token {"user_id":84,"user_email":"newcrddeator@gmail.com"} 
[2026-05-27 16:24:31] local.INFO: Returning campaigns for user {"user_id":84,"campaign_count":1,"statuses":["live"]} 
[2026-05-27 16:25:00] local.INFO: ParseBearerToken middleware invoked {"path":"/api/v2/campaign","method":"GET","has_auth_header":true,"auth_header_preview":"Bearer 202|bYDAdnjLIiFFSlgz4CD...","is_bearer":true} 
[2026-05-27 16:25:00] local.INFO: Extracted bearer token {"token_preview":"202|bYDAdn...","token_length":52} 
[2026-05-27 16:25:00] local.INFO: Found personal access token {"token_id":202,"user_id":84,"revoked":null} 
[2026-05-27 16:25:00] local.INFO: User authenticated via bearer token {"user_id":84,"user_email":"newcrddeator@gmail.com"} 
[2026-05-27 16:25:00] local.INFO: Returning campaigns for user {"user_id":84,"campaign_count":1,"statuses":["live"]} 
[2026-05-27 16:25:30] local.INFO: ParseBearerToken middleware invoked {"path":"/api/v2/campaign","method":"GET","has_auth_header":true,"auth_header_preview":"Bearer 202|bYDAdnjLIiFFSlgz4CD...","is_bearer":true} 
[2026-05-27 16:25:30] local.INFO: Extracted bearer token {"token_preview":"202|bYDAdn...","token_length":52} 
[2026-05-27 16:25:30] local.INFO: Found personal access token {"token_id":202,"user_id":84,"revoked":null} 
[2026-05-27 16:25:30] local.INFO: User authenticated via bearer token {"user_id":84,"user_email":"newcrddeator@gmail.com"} 
[2026-05-27 16:25:30] local.INFO: Returning campaigns for user {"user_id":84,"campaign_count":1,"statuses":["live"]} 
[2026-05-27 16:26:00] local.INFO: ParseBearerToken middleware invoked {"path":"/api/v2/campaign","method":"GET","has_auth_header":true,"auth_header_preview":"Bearer 202|bYDAdnjLIiFFSlgz4CD...","is_bearer":true} 
[2026-05-27 16:26:00] local.INFO: Extracted bearer token {"token_preview":"202|bYDAdn...","token_length":52} 
[2026-05-27 16:26:00] local.INFO: Found personal access token {"token_id":202,"user_id":84,"revoked":null} 
[2026-05-27 16:26:00] local.INFO: User authenticated via bearer token {"user_id":84,"user_email":"newcrddeator@gmail.com"} 
[2026-05-27 16:26:00] local.INFO: Returning campaigns for user {"user_id":84,"campaign_count":1,"statuses":["live"]} 
[2026-05-27 16:26:30] local.INFO: ParseBearerToken middleware invoked {"path":"/api/v2/campaign","method":"GET","has_auth_header":true,"auth_header_preview":"Bearer 202|bYDAdnjLIiFFSlgz4CD...","is_bearer":true} 
[2026-05-27 16:26:30] local.INFO: Extracted bearer token {"token_preview":"202|bYDAdn...","token_length":52} 
[2026-05-27 16:26:30] local.INFO: Found personal access token {"token_id":202,"user_id":84,"revoked":null} 
[2026-05-27 16:26:30] local.INFO: User authenticated via bearer token {"user_id":84,"user_email":"newcrddeator@gmail.com"} 
[2026-05-27 16:26:30] local.INFO: Returning campaigns for user {"user_id":84,"campaign_count":1,"statuses":["live"]} 
[2026-05-27 16:27:00] local.INFO: ParseBearerToken middleware invoked {"path":"/api/v2/campaign","method":"GET","has_auth_header":true,"auth_header_preview":"Bearer 202|bYDAdnjLIiFFSlgz4CD...","is_bearer":true} 
[2026-05-27 16:27:00] local.INFO: Extracted bearer token {"token_preview":"202|bYDAdn...","token_length":52} 
[2026-05-27 16:27:00] local.INFO: Found personal access token {"token_id":202,"user_id":84,"revoked":null} 
[2026-05-27 16:27:00] local.INFO: User authenticated via bearer token {"user_id":84,"user_email":"newcrddeator@gmail.com"} 
[2026-05-27 16:27:00] local.INFO: Returning campaigns for user {"user_id":84,"campaign_count":1,"statuses":["live"]} 
[2026-05-27 16:27:30] local.INFO: ParseBearerToken middleware invoked {"path":"/api/v2/campaign","method":"GET","has_auth_header":true,"auth_header_preview":"Bearer 202|bYDAdnjLIiFFSlgz4CD...","is_bearer":true} 
[2026-05-27 16:27:30] local.INFO: Extracted bearer token {"token_preview":"202|bYDAdn...","token_length":52} 
[2026-05-27 16:27:30] local.INFO: Found personal access token {"token_id":202,"user_id":84,"revoked":null} 
[2026-05-27 16:27:30] local.INFO: User authenticated via bearer token {"user_id":84,"user_email":"newcrddeator@gmail.com"} 
[2026-05-27 16:27:30] local.INFO: Returning campaigns for user {"user_id":84,"campaign_count":1,"statuses":["live"]} 
[2026-05-27 16:27:52] local.INFO: ParseBearerToken middleware invoked {"path":"/api/v2/campaign","method":"GET","has_auth_header":true,"auth_header_preview":"Bearer 202|bYDAdnjLIiFFSlgz4CD...","is_bearer":true} 
[2026-05-27 16:27:52] local.INFO: Extracted bearer token {"token_preview":"202|bYDAdn...","token_length":52} 
[2026-05-27 16:27:52] local.INFO: Found personal access token {"token_id":202,"user_id":84,"revoked":null} 
[2026-05-27 16:27:52] local.INFO: User authenticated via bearer token {"user_id":84,"user_email":"newcrddeator@gmail.com"} 
[2026-05-27 16:27:52] local.INFO: Returning campaigns for user {"user_id":84,"campaign_count":1,"statuses":["live"]} 
[2026-05-27 16:27:59] local.INFO: ParseBearerToken middleware invoked {"path":"/api/v2/campaign","method":"GET","has_auth_header":true,"auth_header_preview":"Bearer 202|bYDAdnjLIiFFSlgz4CD...","is_bearer":true} 
[2026-05-27 16:27:59] local.INFO: Extracted bearer token {"token_preview":"202|bYDAdn...","token_length":52} 
[2026-05-27 16:27:59] local.INFO: Found personal access token {"token_id":202,"user_id":84,"revoked":null} 
[2026-05-27 16:27:59] local.INFO: User authenticated via bearer token {"user_id":84,"user_email":"newcrddeator@gmail.com"} 
[2026-05-27 16:27:59] local.INFO: Returning campaigns for user {"user_id":84,"campaign_count":1,"statuses":["live"]} 
[2026-05-27 16:28:04] local.INFO: ParseBearerToken middleware invoked {"path":"/api/v2/campaign","method":"GET","has_auth_header":true,"auth_header_preview":"Bearer 202|bYDAdnjLIiFFSlgz4CD...","is_bearer":true} 
[2026-05-27 16:28:04] local.INFO: Extracted bearer token {"token_preview":"202|bYDAdn...","token_length":52} 
[2026-05-27 16:28:04] local.INFO: Found personal access token {"token_id":202,"user_id":84,"revoked":null} 
[2026-05-27 16:28:04] local.INFO: User authenticated via bearer token {"user_id":84,"user_email":"newcrddeator@gmail.com"} 
[2026-05-27 16:28:04] local.INFO: Returning campaigns for user {"user_id":84,"campaign_count":1,"statuses":["live"]} 
[2026-05-27 16:28:12] local.INFO: ParseBearerToken middleware invoked {"path":"/api/v2/campaign","method":"GET","has_auth_header":true,"auth_header_preview":"Bearer 202|bYDAdnjLIiFFSlgz4CD...","is_bearer":true} 
[2026-05-27 16:28:12] local.INFO: Extracted bearer token {"token_preview":"202|bYDAdn...","token_length":52} 
[2026-05-27 16:28:12] local.INFO: Found personal access token {"token_id":202,"user_id":84,"revoked":null} 
[2026-05-27 16:28:12] local.INFO: User authenticated via bearer token {"user_id":84,"user_email":"newcrddeator@gmail.com"} 
[2026-05-27 16:28:12] local.INFO: Returning campaigns for user {"user_id":84,"campaign_count":1,"statuses":["live"]} 
[2026-05-27 16:28:23] local.INFO: ParseBearerToken middleware invoked {"path":"/api/v2/campaign","method":"GET","has_auth_header":true,"auth_header_preview":"Bearer 202|bYDAdnjLIiFFSlgz4CD...","is_bearer":true} 
[2026-05-27 16:28:23] local.INFO: Extracted bearer token {"token_preview":"202|bYDAdn...","token_length":52} 
[2026-05-27 16:28:23] local.INFO: Found personal access token {"token_id":202,"user_id":84,"revoked":null} 
[2026-05-27 16:28:23] local.INFO: User authenticated via bearer token {"user_id":84,"user_email":"newcrddeator@gmail.com"} 
[2026-05-27 16:28:23] local.INFO: Returning campaigns for user {"user_id":84,"campaign_count":1,"statuses":["live"]} 
[2026-05-27 16:28:32] local.INFO: ParseBearerToken middleware invoked {"path":"/api/v2/campaign","method":"GET","has_auth_header":true,"auth_header_preview":"Bearer 202|bYDAdnjLIiFFSlgz4CD...","is_bearer":true} 
[2026-05-27 16:28:32] local.INFO: Extracted bearer token {"token_preview":"202|bYDAdn...","token_length":52} 
[2026-05-27 16:28:32] local.INFO: Found personal access token {"token_id":202,"user_id":84,"revoked":null} 
[2026-05-27 16:28:32] local.INFO: User authenticated via bearer token {"user_id":84,"user_email":"newcrddeator@gmail.com"} 
[2026-05-27 16:28:32] local.INFO: Returning campaigns for user {"user_id":84,"campaign_count":1,"statuses":["live"]} 
[2026-05-27 16:28:37] local.INFO: ParseBearerToken middleware invoked {"path":"/api/v2/campaign","method":"GET","has_auth_header":true,"auth_header_preview":"Bearer 202|bYDAdnjLIiFFSlgz4CD...","is_bearer":true} 
[2026-05-27 16:28:37] local.INFO: Extracted bearer token {"token_preview":"202|bYDAdn...","token_length":52} 
[2026-05-27 16:28:37] local.INFO: Found personal access token {"token_id":202,"user_id":84,"revoked":null} 
[2026-05-27 16:28:37] local.INFO: User authenticated via bearer token {"user_id":84,"user_email":"newcrddeator@gmail.com"} 
[2026-05-27 16:28:37] local.INFO: Returning campaigns for user {"user_id":84,"campaign_count":1,"statuses":["live"]} 
[2026-05-27 16:29:04] local.INFO: ParseBearerToken middleware invoked {"path":"/api/v2/campaign","method":"GET","has_auth_header":true,"auth_header_preview":"Bearer 202|bYDAdnjLIiFFSlgz4CD...","is_bearer":true} 
[2026-05-27 16:29:04] local.INFO: Extracted bearer token {"token_preview":"202|bYDAdn...","token_length":52} 
[2026-05-27 16:29:04] local.INFO: Found personal access token {"token_id":202,"user_id":84,"revoked":null} 
[2026-05-27 16:29:04] local.INFO: User authenticated via bearer token {"user_id":84,"user_email":"newcrddeator@gmail.com"} 
[2026-05-27 16:29:04] local.INFO: Returning campaigns for user {"user_id":84,"campaign_count":1,"statuses":["live"]} 
[2026-05-27 16:29:12] local.INFO: ParseBearerToken middleware invoked {"path":"/api/v2/campaign","method":"GET","has_auth_header":true,"auth_header_preview":"Bearer 202|bYDAdnjLIiFFSlgz4CD...","is_bearer":true} 
[2026-05-27 16:29:12] local.INFO: Extracted bearer token {"token_preview":"202|bYDAdn...","token_length":52} 
[2026-05-27 16:29:12] local.INFO: Found personal access token {"token_id":202,"user_id":84,"revoked":null} 
[2026-05-27 16:29:12] local.INFO: User authenticated via bearer token {"user_id":84,"user_email":"newcrddeator@gmail.com"} 
[2026-05-27 16:29:12] local.INFO: Returning campaigns for user {"user_id":84,"campaign_count":1,"statuses":["live"]} 
[2026-05-27 16:29:13] local.INFO: ParseBearerToken middleware invoked {"path":"/api/v2/campaign","method":"GET","has_auth_header":true,"auth_header_preview":"Bearer 202|bYDAdnjLIiFFSlgz4CD...","is_bearer":true} 
[2026-05-27 16:29:13] local.INFO: Extracted bearer token {"token_preview":"202|bYDAdn...","token_length":52} 
[2026-05-27 16:29:13] local.INFO: Found personal access token {"token_id":202,"user_id":84,"revoked":null} 
[2026-05-27 16:29:13] local.INFO: User authenticated via bearer token {"user_id":84,"user_email":"newcrddeator@gmail.com"} 
[2026-05-27 16:29:13] local.INFO: Returning campaigns for user {"user_id":84,"campaign_count":1,"statuses":["live"]} 
[2026-05-27 16:29:40] local.INFO: ParseBearerToken middleware invoked {"path":"/api/v2/campaign","method":"GET","has_auth_header":true,"auth_header_preview":"Bearer 202|bYDAdnjLIiFFSlgz4CD...","is_bearer":true} 
[2026-05-27 16:29:40] local.INFO: Extracted bearer token {"token_preview":"202|bYDAdn...","token_length":52} 
[2026-05-27 16:29:40] local.INFO: Found personal access token {"token_id":202,"user_id":84,"revoked":null} 
[2026-05-27 16:29:40] local.INFO: User authenticated via bearer token {"user_id":84,"user_email":"newcrddeator@gmail.com"} 
[2026-05-27 16:29:40] local.INFO: Returning campaigns for user {"user_id":84,"campaign_count":1,"statuses":["live"]} 
[2026-05-27 16:30:10] local.INFO: ParseBearerToken middleware invoked {"path":"/api/v2/campaign","method":"GET","has_auth_header":true,"auth_header_preview":"Bearer 202|bYDAdnjLIiFFSlgz4CD...","is_bearer":true} 
[2026-05-27 16:30:10] local.INFO: Extracted bearer token {"token_preview":"202|bYDAdn...","token_length":52} 
[2026-05-27 16:30:10] local.INFO: Found personal access token {"token_id":202,"user_id":84,"revoked":null} 
[2026-05-27 16:30:10] local.INFO: User authenticated via bearer token {"user_id":84,"user_email":"newcrddeator@gmail.com"} 
[2026-05-27 16:30:10] local.INFO: Returning campaigns for user {"user_id":84,"campaign_count":1,"statuses":["live"]} 
[2026-05-27 16:30:40] local.INFO: ParseBearerToken middleware invoked {"path":"/api/v2/campaign","method":"GET","has_auth_header":true,"auth_header_preview":"Bearer 202|bYDAdnjLIiFFSlgz4CD...","is_bearer":true} 
[2026-05-27 16:30:40] local.INFO: Extracted bearer token {"token_preview":"202|bYDAdn...","token_length":52} 
[2026-05-27 16:30:40] local.INFO: Found personal access token {"token_id":202,"user_id":84,"revoked":null} 
[2026-05-27 16:30:40] local.INFO: User authenticated via bearer token {"user_id":84,"user_email":"newcrddeator@gmail.com"} 
[2026-05-27 16:30:40] local.INFO: Returning campaigns for user {"user_id":84,"campaign_count":1,"statuses":["live"]} 
[2026-05-27 16:31:11] local.INFO: ParseBearerToken middleware invoked {"path":"/api/v2/campaign","method":"GET","has_auth_header":true,"auth_header_preview":"Bearer 202|bYDAdnjLIiFFSlgz4CD...","is_bearer":true} 
[2026-05-27 16:31:11] local.INFO: Extracted bearer token {"token_preview":"202|bYDAdn...","token_length":52} 
[2026-05-27 16:31:11] local.INFO: Found personal access token {"token_id":202,"user_id":84,"revoked":null} 
[2026-05-27 16:31:11] local.INFO: User authenticated via bearer token {"user_id":84,"user_email":"newcrddeator@gmail.com"} 
[2026-05-27 16:31:11] local.INFO: Returning campaigns for user {"user_id":84,"campaign_count":1,"statuses":["live"]} 
[2026-05-27 16:31:25] local.INFO: ParseBearerToken middleware invoked {"path":"/api/v2/campaign","method":"GET","has_auth_header":true,"auth_header_preview":"Bearer 202|bYDAdnjLIiFFSlgz4CD...","is_bearer":true} 
[2026-05-27 16:31:25] local.INFO: Extracted bearer token {"token_preview":"202|bYDAdn...","token_length":52} 
[2026-05-27 16:31:25] local.INFO: Found personal access token {"token_id":202,"user_id":84,"revoked":null} 
[2026-05-27 16:31:25] local.INFO: User authenticated via bearer token {"user_id":84,"user_email":"newcrddeator@gmail.com"} 
[2026-05-27 16:31:25] local.INFO: Returning campaigns for user {"user_id":84,"campaign_count":1,"statuses":["live"]} 
[2026-05-27 16:31:34] local.INFO: ParseBearerToken middleware invoked {"path":"/api/v2/campaign","method":"GET","has_auth_header":true,"auth_header_preview":"Bearer 202|bYDAdnjLIiFFSlgz4CD...","is_bearer":true} 
[2026-05-27 16:31:34] local.INFO: Extracted bearer token {"token_preview":"202|bYDAdn...","token_length":52} 
[2026-05-27 16:31:34] local.INFO: Found personal access token {"token_id":202,"user_id":84,"revoked":null} 
[2026-05-27 16:31:34] local.INFO: User authenticated via bearer token {"user_id":84,"user_email":"newcrddeator@gmail.com"} 
[2026-05-27 16:31:34] local.INFO: Returning campaigns for user {"user_id":84,"campaign_count":1,"statuses":["live"]} 
[2026-05-27 16:31:35] local.INFO: ParseBearerToken middleware invoked {"path":"/api/v2/campaign","method":"GET","has_auth_header":true,"auth_header_preview":"Bearer 202|bYDAdnjLIiFFSlgz4CD...","is_bearer":true} 
[2026-05-27 16:31:35] local.INFO: Extracted bearer token {"token_preview":"202|bYDAdn...","token_length":52} 
[2026-05-27 16:31:35] local.INFO: Found personal access token {"token_id":202,"user_id":84,"revoked":null} 
[2026-05-27 16:31:35] local.INFO: User authenticated via bearer token {"user_id":84,"user_email":"newcrddeator@gmail.com"} 
[2026-05-27 16:31:35] local.INFO: Returning campaigns for user {"user_id":84,"campaign_count":1,"statuses":["live"]} 
[2026-05-27 16:32:03] local.INFO: ParseBearerToken middleware invoked {"path":"/api/v2/campaign","method":"GET","has_auth_header":true,"auth_header_preview":"Bearer 202|bYDAdnjLIiFFSlgz4CD...","is_bearer":true} 
[2026-05-27 16:32:03] local.INFO: Extracted bearer token {"token_preview":"202|bYDAdn...","token_length":52} 
[2026-05-27 16:32:03] local.INFO: Found personal access token {"token_id":202,"user_id":84,"revoked":null} 
[2026-05-27 16:32:03] local.INFO: User authenticated via bearer token {"user_id":84,"user_email":"newcrddeator@gmail.com"} 
[2026-05-27 16:32:03] local.INFO: Returning campaigns for user {"user_id":84,"campaign_count":1,"statuses":["live"]} 
[2026-05-27 16:32:34] local.INFO: ParseBearerToken middleware invoked {"path":"/api/v2/campaign","method":"GET","has_auth_header":true,"auth_header_preview":"Bearer 202|bYDAdnjLIiFFSlgz4CD...","is_bearer":true} 
[2026-05-27 16:32:34] local.INFO: Extracted bearer token {"token_preview":"202|bYDAdn...","token_length":52} 
[2026-05-27 16:32:34] local.INFO: Found personal access token {"token_id":202,"user_id":84,"revoked":null} 
[2026-05-27 16:32:34] local.INFO: User authenticated via bearer token {"user_id":84,"user_email":"newcrddeator@gmail.com"} 
[2026-05-27 16:32:34] local.INFO: Returning campaigns for user {"user_id":84,"campaign_count":1,"statuses":["live"]} 
[2026-05-27 16:32:48] local.INFO: ParseBearerToken middleware invoked {"path":"/api/v2/campaign","method":"GET","has_auth_header":true,"auth_header_preview":"Bearer 202|bYDAdnjLIiFFSlgz4CD...","is_bearer":true} 
[2026-05-27 16:32:48] local.INFO: Extracted bearer token {"token_preview":"202|bYDAdn...","token_length":52} 
[2026-05-27 16:32:48] local.INFO: Found personal access token {"token_id":202,"user_id":84,"revoked":null} 
[2026-05-27 16:32:48] local.INFO: User authenticated via bearer token {"user_id":84,"user_email":"newcrddeator@gmail.com"} 
[2026-05-27 16:32:48] local.INFO: Returning campaigns for user {"user_id":84,"campaign_count":1,"statuses":["live"]} 
[2026-05-27 16:32:59] local.INFO: ParseBearerToken middleware invoked {"path":"/api/v2/campaign","method":"GET","has_auth_header":true,"auth_header_preview":"Bearer 202|bYDAdnjLIiFFSlgz4CD...","is_bearer":true} 
[2026-05-27 16:32:59] local.INFO: Extracted bearer token {"token_preview":"202|bYDAdn...","token_length":52} 
[2026-05-27 16:32:59] local.INFO: Found personal access token {"token_id":202,"user_id":84,"revoked":null} 
[2026-05-27 16:32:59] local.INFO: User authenticated via bearer token {"user_id":84,"user_email":"newcrddeator@gmail.com"} 
[2026-05-27 16:32:59] local.INFO: Returning campaigns for user {"user_id":84,"campaign_count":1,"statuses":["live"]} 
[2026-05-27 16:33:07] local.INFO: ParseBearerToken middleware invoked {"path":"/api/v2/campaign","method":"GET","has_auth_header":true,"auth_header_preview":"Bearer 202|bYDAdnjLIiFFSlgz4CD...","is_bearer":true} 
[2026-05-27 16:33:07] local.INFO: Extracted bearer token {"token_preview":"202|bYDAdn...","token_length":52} 
[2026-05-27 16:33:07] local.INFO: Found personal access token {"token_id":202,"user_id":84,"revoked":null} 
[2026-05-27 16:33:07] local.INFO: User authenticated via bearer token {"user_id":84,"user_email":"newcrddeator@gmail.com"} 
[2026-05-27 16:33:07] local.INFO: Returning campaigns for user {"user_id":84,"campaign_count":1,"statuses":["live"]} 
[2026-05-27 16:33:35] local.INFO: ParseBearerToken middleware invoked {"path":"/api/v2/campaign","method":"GET","has_auth_header":true,"auth_header_preview":"Bearer 202|bYDAdnjLIiFFSlgz4CD...","is_bearer":true} 
[2026-05-27 16:33:35] local.INFO: Extracted bearer token {"token_preview":"202|bYDAdn...","token_length":52} 
[2026-05-27 16:33:35] local.INFO: Found personal access token {"token_id":202,"user_id":84,"revoked":null} 
[2026-05-27 16:33:35] local.INFO: User authenticated via bearer token {"user_id":84,"user_email":"newcrddeator@gmail.com"} 
[2026-05-27 16:33:35] local.INFO: Returning campaigns for user {"user_id":84,"campaign_count":1,"statuses":["live"]} 
[2026-05-27 16:34:05] local.INFO: ParseBearerToken middleware invoked {"path":"/api/v2/campaign","method":"GET","has_auth_header":true,"auth_header_preview":"Bearer 202|bYDAdnjLIiFFSlgz4CD...","is_bearer":true} 
[2026-05-27 16:34:05] local.INFO: Extracted bearer token {"token_preview":"202|bYDAdn...","token_length":52} 
[2026-05-27 16:34:05] local.INFO: Found personal access token {"token_id":202,"user_id":84,"revoked":null} 
[2026-05-27 16:34:05] local.INFO: User authenticated via bearer token {"user_id":84,"user_email":"newcrddeator@gmail.com"} 
[2026-05-27 16:34:05] local.INFO: Returning campaigns for user {"user_id":84,"campaign_count":1,"statuses":["live"]} 
[2026-05-27 16:34:35] local.INFO: ParseBearerToken middleware invoked {"path":"/api/v2/campaign","method":"GET","has_auth_header":true,"auth_header_preview":"Bearer 202|bYDAdnjLIiFFSlgz4CD...","is_bearer":true} 
[2026-05-27 16:34:35] local.INFO: Extracted bearer token {"token_preview":"202|bYDAdn...","token_length":52} 
[2026-05-27 16:34:35] local.INFO: Found personal access token {"token_id":202,"user_id":84,"revoked":null} 
[2026-05-27 16:34:35] local.INFO: User authenticated via bearer token {"user_id":84,"user_email":"newcrddeator@gmail.com"} 
[2026-05-27 16:34:35] local.INFO: Returning campaigns for user {"user_id":84,"campaign_count":1,"statuses":["live"]} 
[2026-05-27 16:35:05] local.INFO: ParseBearerToken middleware invoked {"path":"/api/v2/campaign","method":"GET","has_auth_header":true,"auth_header_preview":"Bearer 202|bYDAdnjLIiFFSlgz4CD...","is_bearer":true} 
[2026-05-27 16:35:05] local.INFO: Extracted bearer token {"token_preview":"202|bYDAdn...","token_length":52} 
[2026-05-27 16:35:05] local.INFO: Found personal access token {"token_id":202,"user_id":84,"revoked":null} 
[2026-05-27 16:35:05] local.INFO: User authenticated via bearer token {"user_id":84,"user_email":"newcrddeator@gmail.com"} 
[2026-05-27 16:35:05] local.INFO: Returning campaigns for user {"user_id":84,"campaign_count":1,"statuses":["live"]} 
[2026-05-27 16:35:35] local.INFO: ParseBearerToken middleware invoked {"path":"/api/v2/campaign","method":"GET","has_auth_header":true,"auth_header_preview":"Bearer 202|bYDAdnjLIiFFSlgz4CD...","is_bearer":true} 
[2026-05-27 16:35:35] local.INFO: Extracted bearer token {"token_preview":"202|bYDAdn...","token_length":52} 
[2026-05-27 16:35:35] local.INFO: Found personal access token {"token_id":202,"user_id":84,"revoked":null} 
[2026-05-27 16:35:35] local.INFO: User authenticated via bearer token {"user_id":84,"user_email":"newcrddeator@gmail.com"} 
[2026-05-27 16:35:35] local.INFO: Returning campaigns for user {"user_id":84,"campaign_count":1,"statuses":["live"]} 
[2026-05-27 16:36:05] local.INFO: ParseBearerToken middleware invoked {"path":"/api/v2/campaign","method":"GET","has_auth_header":true,"auth_header_preview":"Bearer 202|bYDAdnjLIiFFSlgz4CD...","is_bearer":true} 
[2026-05-27 16:36:05] local.INFO: Extracted bearer token {"token_preview":"202|bYDAdn...","token_length":52} 
[2026-05-27 16:36:05] local.INFO: Found personal access token {"token_id":202,"user_id":84,"revoked":null} 
[2026-05-27 16:36:05] local.INFO: User authenticated via bearer token {"user_id":84,"user_email":"newcrddeator@gmail.com"} 
[2026-05-27 16:36:05] local.INFO: Returning campaigns for user {"user_id":84,"campaign_count":1,"statuses":["live"]} 
[2026-05-27 16:36:36] local.INFO: ParseBearerToken middleware invoked {"path":"/api/v2/campaign","method":"GET","has_auth_header":true,"auth_header_preview":"Bearer 202|bYDAdnjLIiFFSlgz4CD...","is_bearer":true} 
[2026-05-27 16:36:36] local.INFO: Extracted bearer token {"token_preview":"202|bYDAdn...","token_length":52} 
[2026-05-27 16:36:36] local.INFO: Found personal access token {"token_id":202,"user_id":84,"revoked":null} 
[2026-05-27 16:36:36] local.INFO: User authenticated via bearer token {"user_id":84,"user_email":"newcrddeator@gmail.com"} 
[2026-05-27 16:36:36] local.INFO: Returning campaigns for user {"user_id":84,"campaign_count":1,"statuses":["live"]} 
[2026-05-27 16:37:05] local.INFO: ParseBearerToken middleware invoked {"path":"/api/v2/campaign","method":"GET","has_auth_header":true,"auth_header_preview":"Bearer 202|bYDAdnjLIiFFSlgz4CD...","is_bearer":true} 
[2026-05-27 16:37:05] local.INFO: Extracted bearer token {"token_preview":"202|bYDAdn...","token_length":52} 
[2026-05-27 16:37:05] local.INFO: Found personal access token {"token_id":202,"user_id":84,"revoked":null} 
[2026-05-27 16:37:05] local.INFO: User authenticated via bearer token {"user_id":84,"user_email":"newcrddeator@gmail.com"} 
[2026-05-27 16:37:05] local.INFO: Returning campaigns for user {"user_id":84,"campaign_count":1,"statuses":["live"]} 
[2026-05-27 16:37:35] local.INFO: ParseBearerToken middleware invoked {"path":"/api/v2/campaign","method":"GET","has_auth_header":true,"auth_header_preview":"Bearer 202|bYDAdnjLIiFFSlgz4CD...","is_bearer":true} 
[2026-05-27 16:37:35] local.INFO: Extracted bearer token {"token_preview":"202|bYDAdn...","token_length":52} 
[2026-05-27 16:37:35] local.INFO: Found personal access token {"token_id":202,"user_id":84,"revoked":null} 
[2026-05-27 16:37:35] local.INFO: User authenticated via bearer token {"user_id":84,"user_email":"newcrddeator@gmail.com"} 
[2026-05-27 16:37:35] local.INFO: Returning campaigns for user {"user_id":84,"campaign_count":1,"statuses":["live"]} 
[2026-05-27 16:38:05] local.INFO: ParseBearerToken middleware invoked {"path":"/api/v2/campaign","method":"GET","has_auth_header":true,"auth_header_preview":"Bearer 202|bYDAdnjLIiFFSlgz4CD...","is_bearer":true} 
[2026-05-27 16:38:05] local.INFO: Extracted bearer token {"token_preview":"202|bYDAdn...","token_length":52} 
[2026-05-27 16:38:05] local.INFO: Found personal access token {"token_id":202,"user_id":84,"revoked":null} 
[2026-05-27 16:38:05] local.INFO: User authenticated via bearer token {"user_id":84,"user_email":"newcrddeator@gmail.com"} 
[2026-05-27 16:38:05] local.INFO: Returning campaigns for user {"user_id":84,"campaign_count":1,"statuses":["live"]} 
[2026-05-27 16:38:36] local.INFO: ParseBearerToken middleware invoked {"path":"/api/v2/campaign","method":"GET","has_auth_header":true,"auth_header_preview":"Bearer 202|bYDAdnjLIiFFSlgz4CD...","is_bearer":true} 
[2026-05-27 16:38:36] local.INFO: Extracted bearer token {"token_preview":"202|bYDAdn...","token_length":52} 
[2026-05-27 16:38:36] local.INFO: Found personal access token {"token_id":202,"user_id":84,"revoked":null} 
[2026-05-27 16:38:36] local.INFO: User authenticated via bearer token {"user_id":84,"user_email":"newcrddeator@gmail.com"} 
[2026-05-27 16:38:36] local.INFO: Returning campaigns for user {"user_id":84,"campaign_count":1,"statuses":["live"]} 
[2026-05-27 16:39:05] local.INFO: ParseBearerToken middleware invoked {"path":"/api/v2/campaign","method":"GET","has_auth_header":true,"auth_header_preview":"Bearer 202|bYDAdnjLIiFFSlgz4CD...","is_bearer":true} 
[2026-05-27 16:39:05] local.INFO: Extracted bearer token {"token_preview":"202|bYDAdn...","token_length":52} 
[2026-05-27 16:39:05] local.INFO: Found personal access token {"token_id":202,"user_id":84,"revoked":null} 
[2026-05-27 16:39:05] local.INFO: User authenticated via bearer token {"user_id":84,"user_email":"newcrddeator@gmail.com"} 
[2026-05-27 16:39:05] local.INFO: Returning campaigns for user {"user_id":84,"campaign_count":1,"statuses":["live"]} 
[2026-05-27 16:39:35] local.INFO: ParseBearerToken middleware invoked {"path":"/api/v2/campaign","method":"GET","has_auth_header":true,"auth_header_preview":"Bearer 202|bYDAdnjLIiFFSlgz4CD...","is_bearer":true} 
[2026-05-27 16:39:35] local.INFO: Extracted bearer token {"token_preview":"202|bYDAdn...","token_length":52} 
[2026-05-27 16:39:35] local.INFO: Found personal access token {"token_id":202,"user_id":84,"revoked":null} 
[2026-05-27 16:39:35] local.INFO: User authenticated via bearer token {"user_id":84,"user_email":"newcrddeator@gmail.com"} 
[2026-05-27 16:39:35] local.INFO: Returning campaigns for user {"user_id":84,"campaign_count":1,"statuses":["live"]} 
[2026-05-27 16:40:08] local.INFO: ParseBearerToken middleware invoked {"path":"/api/v2/campaign","method":"GET","has_auth_header":true,"auth_header_preview":"Bearer 202|bYDAdnjLIiFFSlgz4CD...","is_bearer":true} 
[2026-05-27 16:40:08] local.INFO: Extracted bearer token {"token_preview":"202|bYDAdn...","token_length":52} 
[2026-05-27 16:40:08] local.INFO: Found personal access token {"token_id":202,"user_id":84,"revoked":null} 
[2026-05-27 16:40:08] local.INFO: User authenticated via bearer token {"user_id":84,"user_email":"newcrddeator@gmail.com"} 
[2026-05-27 16:40:08] local.INFO: Returning campaigns for user {"user_id":84,"campaign_count":1,"statuses":["live"]} 
[2026-05-27 16:40:36] local.INFO: ParseBearerToken middleware invoked {"path":"/api/v2/campaign","method":"GET","has_auth_header":true,"auth_header_preview":"Bearer 202|bYDAdnjLIiFFSlgz4CD...","is_bearer":true} 
[2026-05-27 16:40:36] local.INFO: Extracted bearer token {"token_preview":"202|bYDAdn...","token_length":52} 
[2026-05-27 16:40:36] local.INFO: Found personal access token {"token_id":202,"user_id":84,"revoked":null} 
[2026-05-27 16:40:36] local.INFO: User authenticated via bearer token {"user_id":84,"user_email":"newcrddeator@gmail.com"} 
[2026-05-27 16:40:36] local.INFO: Returning campaigns for user {"user_id":84,"campaign_count":1,"statuses":["live"]} 
[2026-05-27 16:41:07] local.INFO: ParseBearerToken middleware invoked {"path":"/api/v2/campaign","method":"GET","has_auth_header":true,"auth_header_preview":"Bearer 202|bYDAdnjLIiFFSlgz4CD...","is_bearer":true} 
[2026-05-27 16:41:07] local.INFO: Extracted bearer token {"token_preview":"202|bYDAdn...","token_length":52} 
[2026-05-27 16:41:07] local.INFO: Found personal access token {"token_id":202,"user_id":84,"revoked":null} 
[2026-05-27 16:41:07] local.INFO: User authenticated via bearer token {"user_id":84,"user_email":"newcrddeator@gmail.com"} 
[2026-05-27 16:41:07] local.INFO: Returning campaigns for user {"user_id":84,"campaign_count":1,"statuses":["live"]} 
[2026-05-27 16:41:35] local.INFO: ParseBearerToken middleware invoked {"path":"/api/v2/campaign","method":"GET","has_auth_header":true,"auth_header_preview":"Bearer 202|bYDAdnjLIiFFSlgz4CD...","is_bearer":true} 
[2026-05-27 16:41:35] local.INFO: Extracted bearer token {"token_preview":"202|bYDAdn...","token_length":52} 
[2026-05-27 16:41:35] local.INFO: Found personal access token {"token_id":202,"user_id":84,"revoked":null} 
[2026-05-27 16:41:35] local.INFO: User authenticated via bearer token {"user_id":84,"user_email":"newcrddeator@gmail.com"} 
[2026-05-27 16:41:35] local.INFO: Returning campaigns for user {"user_id":84,"campaign_count":1,"statuses":["live"]} 
[2026-05-27 16:42:05] local.INFO: ParseBearerToken middleware invoked {"path":"/api/v2/campaign","method":"GET","has_auth_header":true,"auth_header_preview":"Bearer 202|bYDAdnjLIiFFSlgz4CD...","is_bearer":true} 
[2026-05-27 16:42:05] local.INFO: Extracted bearer token {"token_preview":"202|bYDAdn...","token_length":52} 
[2026-05-27 16:42:05] local.INFO: Found personal access token {"token_id":202,"user_id":84,"revoked":null} 
[2026-05-27 16:42:05] local.INFO: User authenticated via bearer token {"user_id":84,"user_email":"newcrddeator@gmail.com"} 
[2026-05-27 16:42:05] local.INFO: Returning campaigns for user {"user_id":84,"campaign_count":1,"statuses":["live"]} 
[2026-05-27 16:42:36] local.INFO: ParseBearerToken middleware invoked {"path":"/api/v2/campaign","method":"GET","has_auth_header":true,"auth_header_preview":"Bearer 202|bYDAdnjLIiFFSlgz4CD...","is_bearer":true} 
[2026-05-27 16:42:36] local.INFO: Extracted bearer token {"token_preview":"202|bYDAdn...","token_length":52} 
[2026-05-27 16:42:36] local.INFO: Found personal access token {"token_id":202,"user_id":84,"revoked":null} 
[2026-05-27 16:42:36] local.INFO: User authenticated via bearer token {"user_id":84,"user_email":"newcrddeator@gmail.com"} 
[2026-05-27 16:42:36] local.INFO: Returning campaigns for user {"user_id":84,"campaign_count":1,"statuses":["live"]} 
[2026-05-27 16:43:06] local.INFO: ParseBearerToken middleware invoked {"path":"/api/v2/campaign","method":"GET","has_auth_header":true,"auth_header_preview":"Bearer 202|bYDAdnjLIiFFSlgz4CD...","is_bearer":true} 
[2026-05-27 16:43:06] local.INFO: Extracted bearer token {"token_preview":"202|bYDAdn...","token_length":52} 
[2026-05-27 16:43:06] local.INFO: Found personal access token {"token_id":202,"user_id":84,"revoked":null} 
[2026-05-27 16:43:06] local.INFO: User authenticated via bearer token {"user_id":84,"user_email":"newcrddeator@gmail.com"} 
[2026-05-27 16:43:06] local.INFO: Returning campaigns for user {"user_id":84,"campaign_count":1,"statuses":["live"]} 
[2026-05-27 16:43:35] local.INFO: ParseBearerToken middleware invoked {"path":"/api/v2/campaign","method":"GET","has_auth_header":true,"auth_header_preview":"Bearer 202|bYDAdnjLIiFFSlgz4CD...","is_bearer":true} 
[2026-05-27 16:43:35] local.INFO: Extracted bearer token {"token_preview":"202|bYDAdn...","token_length":52} 
[2026-05-27 16:43:35] local.INFO: Found personal access token {"token_id":202,"user_id":84,"revoked":null} 
[2026-05-27 16:43:35] local.INFO: User authenticated via bearer token {"user_id":84,"user_email":"newcrddeator@gmail.com"} 
[2026-05-27 16:43:35] local.INFO: Returning campaigns for user {"user_id":84,"campaign_count":1,"statuses":["live"]} 
[2026-05-27 16:44:06] local.INFO: ParseBearerToken middleware invoked {"path":"/api/v2/campaign","method":"GET","has_auth_header":true,"auth_header_preview":"Bearer 202|bYDAdnjLIiFFSlgz4CD...","is_bearer":true} 
[2026-05-27 16:44:06] local.INFO: Extracted bearer token {"token_preview":"202|bYDAdn...","token_length":52} 
[2026-05-27 16:44:06] local.INFO: Found personal access token {"token_id":202,"user_id":84,"revoked":null} 
[2026-05-27 16:44:06] local.INFO: User authenticated via bearer token {"user_id":84,"user_email":"newcrddeator@gmail.com"} 
[2026-05-27 16:44:06] local.INFO: Returning campaigns for user {"user_id":84,"campaign_count":1,"statuses":["live"]} 
[2026-05-27 16:44:38] local.INFO: ParseBearerToken middleware invoked {"path":"/api/v2/campaign","method":"GET","has_auth_header":true,"auth_header_preview":"Bearer 202|bYDAdnjLIiFFSlgz4CD...","is_bearer":true} 
[2026-05-27 16:44:38] local.INFO: Extracted bearer token {"token_preview":"202|bYDAdn...","token_length":52} 
[2026-05-27 16:44:38] local.INFO: Found personal access token {"token_id":202,"user_id":84,"revoked":null} 
[2026-05-27 16:44:38] local.INFO: User authenticated via bearer token {"user_id":84,"user_email":"newcrddeator@gmail.com"} 
[2026-05-27 16:44:38] local.INFO: Returning campaigns for user {"user_id":84,"campaign_count":1,"statuses":["live"]} 
[2026-05-27 16:45:07] local.INFO: ParseBearerToken middleware invoked {"path":"/api/v2/campaign","method":"GET","has_auth_header":true,"auth_header_preview":"Bearer 202|bYDAdnjLIiFFSlgz4CD...","is_bearer":true} 
[2026-05-27 16:45:07] local.INFO: Extracted bearer token {"token_preview":"202|bYDAdn...","token_length":52} 
[2026-05-27 16:45:07] local.INFO: Found personal access token {"token_id":202,"user_id":84,"revoked":null} 
[2026-05-27 16:45:07] local.INFO: User authenticated via bearer token {"user_id":84,"user_email":"newcrddeator@gmail.com"} 
[2026-05-27 16:45:07] local.INFO: Returning campaigns for user {"user_id":84,"campaign_count":1,"statuses":["live"]} 
[2026-05-27 16:45:35] local.INFO: ParseBearerToken middleware invoked {"path":"/api/v2/campaign","method":"GET","has_auth_header":true,"auth_header_preview":"Bearer 202|bYDAdnjLIiFFSlgz4CD...","is_bearer":true} 
[2026-05-27 16:45:35] local.INFO: Extracted bearer token {"token_preview":"202|bYDAdn...","token_length":52} 
[2026-05-27 16:45:35] local.INFO: Found personal access token {"token_id":202,"user_id":84,"revoked":null} 
[2026-05-27 16:45:35] local.INFO: User authenticated via bearer token {"user_id":84,"user_email":"newcrddeator@gmail.com"} 
[2026-05-27 16:45:35] local.INFO: Returning campaigns for user {"user_id":84,"campaign_count":1,"statuses":["live"]} 
[2026-05-27 16:46:08] local.INFO: ParseBearerToken middleware invoked {"path":"/api/v2/campaign","method":"GET","has_auth_header":true,"auth_header_preview":"Bearer 202|bYDAdnjLIiFFSlgz4CD...","is_bearer":true} 
[2026-05-27 16:46:08] local.INFO: Extracted bearer token {"token_preview":"202|bYDAdn...","token_length":52} 
[2026-05-27 16:46:08] local.INFO: Found personal access token {"token_id":202,"user_id":84,"revoked":null} 
[2026-05-27 16:46:08] local.INFO: User authenticated via bearer token {"user_id":84,"user_email":"newcrddeator@gmail.com"} 
[2026-05-27 16:46:08] local.INFO: Returning campaigns for user {"user_id":84,"campaign_count":1,"statuses":["live"]} 
[2026-05-27 16:46:40] local.INFO: ParseBearerToken middleware invoked {"path":"/api/v2/campaign","method":"GET","has_auth_header":true,"auth_header_preview":"Bearer 202|bYDAdnjLIiFFSlgz4CD...","is_bearer":true} 
[2026-05-27 16:46:40] local.INFO: Extracted bearer token {"token_preview":"202|bYDAdn...","token_length":52} 
[2026-05-27 16:46:40] local.INFO: Found personal access token {"token_id":202,"user_id":84,"revoked":null} 
[2026-05-27 16:46:40] local.INFO: User authenticated via bearer token {"user_id":84,"user_email":"newcrddeator@gmail.com"} 
[2026-05-27 16:46:40] local.INFO: Returning campaigns for user {"user_id":84,"campaign_count":1,"statuses":["live"]} 
[2026-05-27 16:47:06] local.INFO: ParseBearerToken middleware invoked {"path":"/api/v2/campaign","method":"GET","has_auth_header":true,"auth_header_preview":"Bearer 202|bYDAdnjLIiFFSlgz4CD...","is_bearer":true} 
[2026-05-27 16:47:06] local.INFO: Extracted bearer token {"token_preview":"202|bYDAdn...","token_length":52} 
[2026-05-27 16:47:06] local.INFO: Found personal access token {"token_id":202,"user_id":84,"revoked":null} 
[2026-05-27 16:47:06] local.INFO: User authenticated via bearer token {"user_id":84,"user_email":"newcrddeator@gmail.com"} 
[2026-05-27 16:47:06] local.INFO: Returning campaigns for user {"user_id":84,"campaign_count":1,"statuses":["live"]} 
[2026-05-27 16:47:36] local.INFO: ParseBearerToken middleware invoked {"path":"/api/v2/campaign","method":"GET","has_auth_header":true,"auth_header_preview":"Bearer 202|bYDAdnjLIiFFSlgz4CD...","is_bearer":true} 
[2026-05-27 16:47:36] local.INFO: Extracted bearer token {"token_preview":"202|bYDAdn...","token_length":52} 
[2026-05-27 16:47:36] local.INFO: Found personal access token {"token_id":202,"user_id":84,"revoked":null} 
[2026-05-27 16:47:36] local.INFO: User authenticated via bearer token {"user_id":84,"user_email":"newcrddeator@gmail.com"} 
[2026-05-27 16:47:36] local.INFO: Returning campaigns for user {"user_id":84,"campaign_count":1,"statuses":["live"]} 
[2026-05-27 16:48:06] local.INFO: ParseBearerToken middleware invoked {"path":"/api/v2/campaign","method":"GET","has_auth_header":true,"auth_header_preview":"Bearer 202|bYDAdnjLIiFFSlgz4CD...","is_bearer":true} 
[2026-05-27 16:48:06] local.INFO: Extracted bearer token {"token_preview":"202|bYDAdn...","token_length":52} 
[2026-05-27 16:48:06] local.INFO: Found personal access token {"token_id":202,"user_id":84,"revoked":null} 
[2026-05-27 16:48:06] local.INFO: User authenticated via bearer token {"user_id":84,"user_email":"newcrddeator@gmail.com"} 
[2026-05-27 16:48:06] local.INFO: Returning campaigns for user {"user_id":84,"campaign_count":1,"statuses":["live"]} 
[2026-05-27 16:48:35] local.INFO: ParseBearerToken middleware invoked {"path":"/api/v2/campaign","method":"GET","has_auth_header":true,"auth_header_preview":"Bearer 202|bYDAdnjLIiFFSlgz4CD...","is_bearer":true} 
[2026-05-27 16:48:35] local.INFO: Extracted bearer token {"token_preview":"202|bYDAdn...","token_length":52} 
[2026-05-27 16:48:35] local.INFO: Found personal access token {"token_id":202,"user_id":84,"revoked":null} 
[2026-05-27 16:48:35] local.INFO: User authenticated via bearer token {"user_id":84,"user_email":"newcrddeator@gmail.com"} 
[2026-05-27 16:48:36] local.INFO: Returning campaigns for user {"user_id":84,"campaign_count":1,"statuses":["live"]} 
[2026-05-27 16:49:05] local.INFO: ParseBearerToken middleware invoked {"path":"/api/v2/campaign","method":"GET","has_auth_header":true,"auth_header_preview":"Bearer 202|bYDAdnjLIiFFSlgz4CD...","is_bearer":true} 
[2026-05-27 16:49:05] local.INFO: Extracted bearer token {"token_preview":"202|bYDAdn...","token_length":52} 
[2026-05-27 16:49:05] local.INFO: Found personal access token {"token_id":202,"user_id":84,"revoked":null} 
[2026-05-27 16:49:05] local.INFO: User authenticated via bearer token {"user_id":84,"user_email":"newcrddeator@gmail.com"} 
[2026-05-27 16:49:05] local.INFO: Returning campaigns for user {"user_id":84,"campaign_count":1,"statuses":["live"]} 
[2026-05-27 16:49:37] local.INFO: ParseBearerToken middleware invoked {"path":"/api/v2/campaign","method":"GET","has_auth_header":true,"auth_header_preview":"Bearer 202|bYDAdnjLIiFFSlgz4CD...","is_bearer":true} 
[2026-05-27 16:49:37] local.INFO: Extracted bearer token {"token_preview":"202|bYDAdn...","token_length":52} 
[2026-05-27 16:49:37] local.INFO: Found personal access token {"token_id":202,"user_id":84,"revoked":null} 
[2026-05-27 16:49:37] local.INFO: User authenticated via bearer token {"user_id":84,"user_email":"newcrddeator@gmail.com"} 
[2026-05-27 16:49:37] local.INFO: Returning campaigns for user {"user_id":84,"campaign_count":1,"statuses":["live"]} 
[2026-05-27 16:50:05] local.INFO: ParseBearerToken middleware invoked {"path":"/api/v2/campaign","method":"GET","has_auth_header":true,"auth_header_preview":"Bearer 202|bYDAdnjLIiFFSlgz4CD...","is_bearer":true} 
[2026-05-27 16:50:05] local.INFO: Extracted bearer token {"token_preview":"202|bYDAdn...","token_length":52} 
[2026-05-27 16:50:05] local.INFO: Found personal access token {"token_id":202,"user_id":84,"revoked":null} 
[2026-05-27 16:50:05] local.INFO: User authenticated via bearer token {"user_id":84,"user_email":"newcrddeator@gmail.com"} 
[2026-05-27 16:50:05] local.INFO: Returning campaigns for user {"user_id":84,"campaign_count":1,"statuses":["live"]} 
[2026-05-27 16:50:36] local.INFO: ParseBearerToken middleware invoked {"path":"/api/v2/campaign","method":"GET","has_auth_header":true,"auth_header_preview":"Bearer 202|bYDAdnjLIiFFSlgz4CD...","is_bearer":true} 
[2026-05-27 16:50:36] local.INFO: Extracted bearer token {"token_preview":"202|bYDAdn...","token_length":52} 
[2026-05-27 16:50:36] local.INFO: Found personal access token {"token_id":202,"user_id":84,"revoked":null} 
[2026-05-27 16:50:36] local.INFO: User authenticated via bearer token {"user_id":84,"user_email":"newcrddeator@gmail.com"} 
[2026-05-27 16:50:36] local.INFO: Returning campaigns for user {"user_id":84,"campaign_count":1,"statuses":["live"]} 
