[2026-04-15 12:19:09] local.INFO: ParseBearerToken middleware invoked {"path":"/api/v2/campaign","method":"GET","has_auth_header":true,"auth_header_preview":"Bearer 162|htku8Nbt0t7HbUxovVT...","is_bearer":true} 
[2026-04-15 12:19:09] local.INFO: Extracted bearer token {"token_preview":"162|htku8N...","token_length":52} 
[2026-04-15 12:19:09] local.INFO: Found personal access token {"token_id":162,"user_id":68,"revoked":null} 
[2026-04-15 12:19:09] local.INFO: User authenticated via bearer token {"user_id":68,"user_email":"freelancerzahedcreator@gmail.com"} 
[2026-04-15 12:19:09] local.INFO: Returning campaigns for user {"user_id":68,"campaign_count":2,"statuses":["draft","draft"]} 
[2026-04-15 12:19:09] local.INFO: ParseBearerToken middleware invoked {"path":"/api/v2/campaign","method":"GET","has_auth_header":true,"auth_header_preview":"Bearer 162|htku8Nbt0t7HbUxovVT...","is_bearer":true} 
[2026-04-15 12:19:09] local.INFO: Extracted bearer token {"token_preview":"162|htku8N...","token_length":52} 
[2026-04-15 12:19:09] local.INFO: Found personal access token {"token_id":162,"user_id":68,"revoked":null} 
[2026-04-15 12:19:09] local.INFO: User authenticated via bearer token {"user_id":68,"user_email":"freelancerzahedcreator@gmail.com"} 
[2026-04-15 12:19:09] local.INFO: Returning campaigns for user {"user_id":68,"campaign_count":2,"statuses":["draft","draft"]} 
[2026-04-15 12:19:18] local.INFO: ParseBearerToken middleware invoked {"path":"/api/v2/campaign","method":"GET","has_auth_header":true,"auth_header_preview":"Bearer 162|htku8Nbt0t7HbUxovVT...","is_bearer":true} 
[2026-04-15 12:19:18] local.INFO: Extracted bearer token {"token_preview":"162|htku8N...","token_length":52} 
[2026-04-15 12:19:18] local.INFO: Found personal access token {"token_id":162,"user_id":68,"revoked":null} 
[2026-04-15 12:19:18] local.INFO: User authenticated via bearer token {"user_id":68,"user_email":"freelancerzahedcreator@gmail.com"} 
[2026-04-15 12:19:18] local.INFO: Returning campaigns for user {"user_id":68,"campaign_count":2,"statuses":["draft","draft"]} 
[2026-04-15 12:19:19] local.INFO: ParseBearerToken middleware invoked {"path":"/api/v2/campaign","method":"GET","has_auth_header":true,"auth_header_preview":"Bearer 162|htku8Nbt0t7HbUxovVT...","is_bearer":true} 
[2026-04-15 12:19:19] local.INFO: Extracted bearer token {"token_preview":"162|htku8N...","token_length":52} 
[2026-04-15 12:19:19] local.INFO: Found personal access token {"token_id":162,"user_id":68,"revoked":null} 
[2026-04-15 12:19:19] local.INFO: User authenticated via bearer token {"user_id":68,"user_email":"freelancerzahedcreator@gmail.com"} 
[2026-04-15 12:19:19] local.INFO: Returning campaigns for user {"user_id":68,"campaign_count":2,"statuses":["draft","draft"]} 
[2026-04-15 12:19:22] local.INFO: ParseBearerToken middleware invoked {"path":"/api/v2/campaign","method":"GET","has_auth_header":true,"auth_header_preview":"Bearer 162|htku8Nbt0t7HbUxovVT...","is_bearer":true} 
[2026-04-15 12:19:22] local.INFO: Extracted bearer token {"token_preview":"162|htku8N...","token_length":52} 
[2026-04-15 12:19:22] local.INFO: Found personal access token {"token_id":162,"user_id":68,"revoked":null} 
[2026-04-15 12:19:22] local.INFO: User authenticated via bearer token {"user_id":68,"user_email":"freelancerzahedcreator@gmail.com"} 
[2026-04-15 12:19:22] local.INFO: Returning campaigns for user {"user_id":68,"campaign_count":2,"statuses":["draft","draft"]} 
[2026-04-15 12:19:23] local.INFO: ParseBearerToken middleware invoked {"path":"/api/v2/campaign","method":"GET","has_auth_header":true,"auth_header_preview":"Bearer 162|htku8Nbt0t7HbUxovVT...","is_bearer":true} 
[2026-04-15 12:19:23] local.INFO: Extracted bearer token {"token_preview":"162|htku8N...","token_length":52} 
[2026-04-15 12:19:23] local.INFO: Found personal access token {"token_id":162,"user_id":68,"revoked":null} 
[2026-04-15 12:19:23] local.INFO: User authenticated via bearer token {"user_id":68,"user_email":"freelancerzahedcreator@gmail.com"} 
[2026-04-15 12:19:23] local.INFO: Returning campaigns for user {"user_id":68,"campaign_count":2,"statuses":["draft","draft"]} 
[2026-04-15 12:19:53] local.INFO: ParseBearerToken middleware invoked {"path":"/api/v2/campaign","method":"GET","has_auth_header":true,"auth_header_preview":"Bearer 162|htku8Nbt0t7HbUxovVT...","is_bearer":true} 
[2026-04-15 12:19:53] local.INFO: Extracted bearer token {"token_preview":"162|htku8N...","token_length":52} 
[2026-04-15 12:19:53] local.INFO: Found personal access token {"token_id":162,"user_id":68,"revoked":null} 
[2026-04-15 12:19:53] local.INFO: User authenticated via bearer token {"user_id":68,"user_email":"freelancerzahedcreator@gmail.com"} 
[2026-04-15 12:19:53] local.INFO: Returning campaigns for user {"user_id":68,"campaign_count":2,"statuses":["draft","draft"]} 
[2026-04-15 12:20:23] local.INFO: ParseBearerToken middleware invoked {"path":"/api/v2/campaign","method":"GET","has_auth_header":true,"auth_header_preview":"Bearer 162|htku8Nbt0t7HbUxovVT...","is_bearer":true} 
[2026-04-15 12:20:23] local.INFO: Extracted bearer token {"token_preview":"162|htku8N...","token_length":52} 
[2026-04-15 12:20:23] local.INFO: Found personal access token {"token_id":162,"user_id":68,"revoked":null} 
[2026-04-15 12:20:23] local.INFO: User authenticated via bearer token {"user_id":68,"user_email":"freelancerzahedcreator@gmail.com"} 
[2026-04-15 12:20:23] local.INFO: Returning campaigns for user {"user_id":68,"campaign_count":2,"statuses":["draft","draft"]} 
[2026-04-15 12:20:53] local.INFO: ParseBearerToken middleware invoked {"path":"/api/v2/campaign","method":"GET","has_auth_header":true,"auth_header_preview":"Bearer 162|htku8Nbt0t7HbUxovVT...","is_bearer":true} 
[2026-04-15 12:20:53] local.INFO: Extracted bearer token {"token_preview":"162|htku8N...","token_length":52} 
[2026-04-15 12:20:53] local.INFO: Found personal access token {"token_id":162,"user_id":68,"revoked":null} 
[2026-04-15 12:20:53] local.INFO: User authenticated via bearer token {"user_id":68,"user_email":"freelancerzahedcreator@gmail.com"} 
[2026-04-15 12:20:53] local.INFO: Returning campaigns for user {"user_id":68,"campaign_count":2,"statuses":["draft","draft"]} 
[2026-04-15 12:21:23] local.INFO: ParseBearerToken middleware invoked {"path":"/api/v2/campaign","method":"GET","has_auth_header":true,"auth_header_preview":"Bearer 162|htku8Nbt0t7HbUxovVT...","is_bearer":true} 
[2026-04-15 12:21:23] local.INFO: Extracted bearer token {"token_preview":"162|htku8N...","token_length":52} 
[2026-04-15 12:21:23] local.INFO: Found personal access token {"token_id":162,"user_id":68,"revoked":null} 
[2026-04-15 12:21:23] local.INFO: User authenticated via bearer token {"user_id":68,"user_email":"freelancerzahedcreator@gmail.com"} 
[2026-04-15 12:21:23] local.INFO: Returning campaigns for user {"user_id":68,"campaign_count":2,"statuses":["draft","draft"]} 
[2026-04-15 12:21:53] local.INFO: ParseBearerToken middleware invoked {"path":"/api/v2/campaign","method":"GET","has_auth_header":true,"auth_header_preview":"Bearer 162|htku8Nbt0t7HbUxovVT...","is_bearer":true} 
[2026-04-15 12:21:53] local.INFO: Extracted bearer token {"token_preview":"162|htku8N...","token_length":52} 
[2026-04-15 12:21:53] local.INFO: Found personal access token {"token_id":162,"user_id":68,"revoked":null} 
[2026-04-15 12:21:53] local.INFO: User authenticated via bearer token {"user_id":68,"user_email":"freelancerzahedcreator@gmail.com"} 
[2026-04-15 12:21:53] local.INFO: Returning campaigns for user {"user_id":68,"campaign_count":2,"statuses":["draft","draft"]} 
[2026-04-15 12:22:23] local.INFO: ParseBearerToken middleware invoked {"path":"/api/v2/campaign","method":"GET","has_auth_header":true,"auth_header_preview":"Bearer 162|htku8Nbt0t7HbUxovVT...","is_bearer":true} 
[2026-04-15 12:22:23] local.INFO: Extracted bearer token {"token_preview":"162|htku8N...","token_length":52} 
[2026-04-15 12:22:23] local.INFO: Found personal access token {"token_id":162,"user_id":68,"revoked":null} 
[2026-04-15 12:22:23] local.INFO: User authenticated via bearer token {"user_id":68,"user_email":"freelancerzahedcreator@gmail.com"} 
[2026-04-15 12:22:23] local.INFO: Returning campaigns for user {"user_id":68,"campaign_count":2,"statuses":["draft","draft"]} 
[2026-04-15 12:23:24] local.INFO: ParseBearerToken middleware invoked {"path":"/api/v2/campaign","method":"GET","has_auth_header":true,"auth_header_preview":"Bearer 162|htku8Nbt0t7HbUxovVT...","is_bearer":true} 
[2026-04-15 12:23:24] local.INFO: Extracted bearer token {"token_preview":"162|htku8N...","token_length":52} 
[2026-04-15 12:23:24] local.INFO: Found personal access token {"token_id":162,"user_id":68,"revoked":null} 
[2026-04-15 12:23:24] local.INFO: User authenticated via bearer token {"user_id":68,"user_email":"freelancerzahedcreator@gmail.com"} 
[2026-04-15 12:23:24] local.INFO: Returning campaigns for user {"user_id":68,"campaign_count":2,"statuses":["draft","draft"]} 
[2026-04-15 12:24:24] local.INFO: ParseBearerToken middleware invoked {"path":"/api/v2/campaign","method":"GET","has_auth_header":true,"auth_header_preview":"Bearer 162|htku8Nbt0t7HbUxovVT...","is_bearer":true} 
[2026-04-15 12:24:24] local.INFO: Extracted bearer token {"token_preview":"162|htku8N...","token_length":52} 
[2026-04-15 12:24:24] local.INFO: Found personal access token {"token_id":162,"user_id":68,"revoked":null} 
[2026-04-15 12:24:24] local.INFO: User authenticated via bearer token {"user_id":68,"user_email":"freelancerzahedcreator@gmail.com"} 
[2026-04-15 12:24:24] local.INFO: Returning campaigns for user {"user_id":68,"campaign_count":2,"statuses":["draft","draft"]} 
[2026-04-15 12:25:24] local.INFO: ParseBearerToken middleware invoked {"path":"/api/v2/campaign","method":"GET","has_auth_header":true,"auth_header_preview":"Bearer 162|htku8Nbt0t7HbUxovVT...","is_bearer":true} 
[2026-04-15 12:25:24] local.INFO: Extracted bearer token {"token_preview":"162|htku8N...","token_length":52} 
[2026-04-15 12:25:24] local.INFO: Found personal access token {"token_id":162,"user_id":68,"revoked":null} 
[2026-04-15 12:25:24] local.INFO: User authenticated via bearer token {"user_id":68,"user_email":"freelancerzahedcreator@gmail.com"} 
[2026-04-15 12:25:24] local.INFO: Returning campaigns for user {"user_id":68,"campaign_count":2,"statuses":["draft","draft"]} 
[2026-04-15 12:26:24] local.INFO: ParseBearerToken middleware invoked {"path":"/api/v2/campaign","method":"GET","has_auth_header":true,"auth_header_preview":"Bearer 162|htku8Nbt0t7HbUxovVT...","is_bearer":true} 
[2026-04-15 12:26:24] local.INFO: Extracted bearer token {"token_preview":"162|htku8N...","token_length":52} 
[2026-04-15 12:26:24] local.INFO: Found personal access token {"token_id":162,"user_id":68,"revoked":null} 
[2026-04-15 12:26:24] local.INFO: User authenticated via bearer token {"user_id":68,"user_email":"freelancerzahedcreator@gmail.com"} 
[2026-04-15 12:26:24] local.INFO: Returning campaigns for user {"user_id":68,"campaign_count":2,"statuses":["draft","draft"]} 
[2026-04-15 12:27:24] local.INFO: ParseBearerToken middleware invoked {"path":"/api/v2/campaign","method":"GET","has_auth_header":true,"auth_header_preview":"Bearer 162|htku8Nbt0t7HbUxovVT...","is_bearer":true} 
[2026-04-15 12:27:24] local.INFO: Extracted bearer token {"token_preview":"162|htku8N...","token_length":52} 
[2026-04-15 12:27:24] local.INFO: Found personal access token {"token_id":162,"user_id":68,"revoked":null} 
[2026-04-15 12:27:24] local.INFO: User authenticated via bearer token {"user_id":68,"user_email":"freelancerzahedcreator@gmail.com"} 
[2026-04-15 12:27:24] local.INFO: Returning campaigns for user {"user_id":68,"campaign_count":2,"statuses":["draft","draft"]} 
[2026-04-15 12:28:24] local.INFO: ParseBearerToken middleware invoked {"path":"/api/v2/campaign","method":"GET","has_auth_header":true,"auth_header_preview":"Bearer 162|htku8Nbt0t7HbUxovVT...","is_bearer":true} 
[2026-04-15 12:28:24] local.INFO: Extracted bearer token {"token_preview":"162|htku8N...","token_length":52} 
[2026-04-15 12:28:24] local.INFO: Found personal access token {"token_id":162,"user_id":68,"revoked":null} 
[2026-04-15 12:28:24] local.INFO: User authenticated via bearer token {"user_id":68,"user_email":"freelancerzahedcreator@gmail.com"} 
[2026-04-15 12:28:24] local.INFO: Returning campaigns for user {"user_id":68,"campaign_count":2,"statuses":["draft","draft"]} 
[2026-04-15 12:29:24] local.INFO: ParseBearerToken middleware invoked {"path":"/api/v2/campaign","method":"GET","has_auth_header":true,"auth_header_preview":"Bearer 162|htku8Nbt0t7HbUxovVT...","is_bearer":true} 
[2026-04-15 12:29:24] local.INFO: Extracted bearer token {"token_preview":"162|htku8N...","token_length":52} 
[2026-04-15 12:29:24] local.INFO: Found personal access token {"token_id":162,"user_id":68,"revoked":null} 
[2026-04-15 12:29:24] local.INFO: User authenticated via bearer token {"user_id":68,"user_email":"freelancerzahedcreator@gmail.com"} 
[2026-04-15 12:29:24] local.INFO: Returning campaigns for user {"user_id":68,"campaign_count":2,"statuses":["draft","draft"]} 
[2026-04-15 12:30:24] local.INFO: ParseBearerToken middleware invoked {"path":"/api/v2/campaign","method":"GET","has_auth_header":true,"auth_header_preview":"Bearer 162|htku8Nbt0t7HbUxovVT...","is_bearer":true} 
[2026-04-15 12:30:24] local.INFO: Extracted bearer token {"token_preview":"162|htku8N...","token_length":52} 
[2026-04-15 12:30:24] local.INFO: Found personal access token {"token_id":162,"user_id":68,"revoked":null} 
[2026-04-15 12:30:24] local.INFO: User authenticated via bearer token {"user_id":68,"user_email":"freelancerzahedcreator@gmail.com"} 
[2026-04-15 12:30:24] local.INFO: Returning campaigns for user {"user_id":68,"campaign_count":2,"statuses":["draft","draft"]} 
[2026-04-15 12:31:24] local.INFO: ParseBearerToken middleware invoked {"path":"/api/v2/campaign","method":"GET","has_auth_header":true,"auth_header_preview":"Bearer 162|htku8Nbt0t7HbUxovVT...","is_bearer":true} 
[2026-04-15 12:31:24] local.INFO: Extracted bearer token {"token_preview":"162|htku8N...","token_length":52} 
[2026-04-15 12:31:24] local.INFO: Found personal access token {"token_id":162,"user_id":68,"revoked":null} 
[2026-04-15 12:31:24] local.INFO: User authenticated via bearer token {"user_id":68,"user_email":"freelancerzahedcreator@gmail.com"} 
[2026-04-15 12:31:24] local.INFO: Returning campaigns for user {"user_id":68,"campaign_count":2,"statuses":["draft","draft"]} 
[2026-04-15 12:32:24] local.INFO: ParseBearerToken middleware invoked {"path":"/api/v2/campaign","method":"GET","has_auth_header":true,"auth_header_preview":"Bearer 162|htku8Nbt0t7HbUxovVT...","is_bearer":true} 
[2026-04-15 12:32:24] local.INFO: Extracted bearer token {"token_preview":"162|htku8N...","token_length":52} 
[2026-04-15 12:32:24] local.INFO: Found personal access token {"token_id":162,"user_id":68,"revoked":null} 
[2026-04-15 12:32:24] local.INFO: User authenticated via bearer token {"user_id":68,"user_email":"freelancerzahedcreator@gmail.com"} 
[2026-04-15 12:32:24] local.INFO: Returning campaigns for user {"user_id":68,"campaign_count":2,"statuses":["draft","draft"]} 
[2026-04-15 12:33:24] local.INFO: ParseBearerToken middleware invoked {"path":"/api/v2/campaign","method":"GET","has_auth_header":true,"auth_header_preview":"Bearer 162|htku8Nbt0t7HbUxovVT...","is_bearer":true} 
[2026-04-15 12:33:24] local.INFO: Extracted bearer token {"token_preview":"162|htku8N...","token_length":52} 
[2026-04-15 12:33:24] local.INFO: Found personal access token {"token_id":162,"user_id":68,"revoked":null} 
[2026-04-15 12:33:24] local.INFO: User authenticated via bearer token {"user_id":68,"user_email":"freelancerzahedcreator@gmail.com"} 
[2026-04-15 12:33:24] local.INFO: Returning campaigns for user {"user_id":68,"campaign_count":2,"statuses":["draft","draft"]} 
[2026-04-15 12:34:24] local.INFO: ParseBearerToken middleware invoked {"path":"/api/v2/campaign","method":"GET","has_auth_header":true,"auth_header_preview":"Bearer 162|htku8Nbt0t7HbUxovVT...","is_bearer":true} 
[2026-04-15 12:34:24] local.INFO: Extracted bearer token {"token_preview":"162|htku8N...","token_length":52} 
[2026-04-15 12:34:24] local.INFO: Found personal access token {"token_id":162,"user_id":68,"revoked":null} 
[2026-04-15 12:34:24] local.INFO: User authenticated via bearer token {"user_id":68,"user_email":"freelancerzahedcreator@gmail.com"} 
[2026-04-15 12:34:24] local.INFO: Returning campaigns for user {"user_id":68,"campaign_count":2,"statuses":["draft","draft"]} 
[2026-04-15 13:06:54] local.INFO: ParseBearerToken middleware invoked {"path":"/api/v2/campaign","method":"GET","has_auth_header":true,"auth_header_preview":"Bearer 162|htku8Nbt0t7HbUxovVT...","is_bearer":true} 
[2026-04-15 13:06:54] local.INFO: Extracted bearer token {"token_preview":"162|htku8N...","token_length":52} 
[2026-04-15 13:06:54] local.INFO: Found personal access token {"token_id":162,"user_id":68,"revoked":null} 
[2026-04-15 13:06:54] local.INFO: User authenticated via bearer token {"user_id":68,"user_email":"freelancerzahedcreator@gmail.com"} 
[2026-04-15 13:06:54] local.INFO: Returning campaigns for user {"user_id":68,"campaign_count":2,"statuses":["draft","draft"]} 
[2026-04-15 13:18:48] local.INFO: ParseBearerToken middleware invoked {"path":"/api/v2/campaign","method":"GET","has_auth_header":true,"auth_header_preview":"Bearer 162|htku8Nbt0t7HbUxovVT...","is_bearer":true} 
[2026-04-15 13:18:48] local.INFO: Extracted bearer token {"token_preview":"162|htku8N...","token_length":52} 
[2026-04-15 13:18:48] local.INFO: Found personal access token {"token_id":162,"user_id":68,"revoked":null} 
[2026-04-15 13:18:48] local.INFO: User authenticated via bearer token {"user_id":68,"user_email":"freelancerzahedcreator@gmail.com"} 
[2026-04-15 13:18:48] local.INFO: Returning campaigns for user {"user_id":68,"campaign_count":2,"statuses":["draft","draft"]} 
[2026-04-15 13:18:51] local.INFO: ParseBearerToken middleware invoked {"path":"/api/v2/campaign","method":"GET","has_auth_header":true,"auth_header_preview":"Bearer 162|htku8Nbt0t7HbUxovVT...","is_bearer":true} 
[2026-04-15 13:18:51] local.INFO: Extracted bearer token {"token_preview":"162|htku8N...","token_length":52} 
[2026-04-15 13:18:51] local.INFO: Found personal access token {"token_id":162,"user_id":68,"revoked":null} 
[2026-04-15 13:18:51] local.INFO: User authenticated via bearer token {"user_id":68,"user_email":"freelancerzahedcreator@gmail.com"} 
[2026-04-15 13:18:51] local.INFO: Returning campaigns for user {"user_id":68,"campaign_count":2,"statuses":["draft","draft"]} 
[2026-04-15 13:18:52] local.INFO: ParseBearerToken middleware invoked {"path":"/api/v2/campaign","method":"GET","has_auth_header":true,"auth_header_preview":"Bearer 162|htku8Nbt0t7HbUxovVT...","is_bearer":true} 
[2026-04-15 13:18:52] local.INFO: Extracted bearer token {"token_preview":"162|htku8N...","token_length":52} 
[2026-04-15 13:18:52] local.INFO: Found personal access token {"token_id":162,"user_id":68,"revoked":null} 
[2026-04-15 13:18:52] local.INFO: User authenticated via bearer token {"user_id":68,"user_email":"freelancerzahedcreator@gmail.com"} 
[2026-04-15 13:18:52] local.INFO: Returning campaigns for user {"user_id":68,"campaign_count":2,"statuses":["draft","draft"]} 
[2026-04-15 13:19:23] local.INFO: ParseBearerToken middleware invoked {"path":"/api/v2/campaign","method":"GET","has_auth_header":true,"auth_header_preview":"Bearer 162|htku8Nbt0t7HbUxovVT...","is_bearer":true} 
[2026-04-15 13:19:23] local.INFO: Extracted bearer token {"token_preview":"162|htku8N...","token_length":52} 
[2026-04-15 13:19:23] local.INFO: Found personal access token {"token_id":162,"user_id":68,"revoked":null} 
[2026-04-15 13:19:23] local.INFO: User authenticated via bearer token {"user_id":68,"user_email":"freelancerzahedcreator@gmail.com"} 
[2026-04-15 13:19:23] local.INFO: Returning campaigns for user {"user_id":68,"campaign_count":2,"statuses":["draft","draft"]} 
[2026-04-15 13:19:55] local.INFO: ParseBearerToken middleware invoked {"path":"/api/v2/campaign","method":"GET","has_auth_header":true,"auth_header_preview":"Bearer 162|htku8Nbt0t7HbUxovVT...","is_bearer":true} 
[2026-04-15 13:19:55] local.INFO: Extracted bearer token {"token_preview":"162|htku8N...","token_length":52} 
[2026-04-15 13:19:55] local.INFO: Found personal access token {"token_id":162,"user_id":68,"revoked":null} 
[2026-04-15 13:19:55] local.INFO: User authenticated via bearer token {"user_id":68,"user_email":"freelancerzahedcreator@gmail.com"} 
[2026-04-15 13:19:55] local.INFO: Returning campaigns for user {"user_id":68,"campaign_count":2,"statuses":["draft","draft"]} 
[2026-04-15 13:20:22] local.INFO: ParseBearerToken middleware invoked {"path":"/api/v2/campaign","method":"GET","has_auth_header":true,"auth_header_preview":"Bearer 162|htku8Nbt0t7HbUxovVT...","is_bearer":true} 
[2026-04-15 13:20:22] local.INFO: Extracted bearer token {"token_preview":"162|htku8N...","token_length":52} 
[2026-04-15 13:20:22] local.INFO: Found personal access token {"token_id":162,"user_id":68,"revoked":null} 
[2026-04-15 13:20:22] local.INFO: User authenticated via bearer token {"user_id":68,"user_email":"freelancerzahedcreator@gmail.com"} 
[2026-04-15 13:20:22] local.INFO: Returning campaigns for user {"user_id":68,"campaign_count":2,"statuses":["draft","draft"]} 
[2026-04-15 13:20:52] local.INFO: ParseBearerToken middleware invoked {"path":"/api/v2/campaign","method":"GET","has_auth_header":true,"auth_header_preview":"Bearer 162|htku8Nbt0t7HbUxovVT...","is_bearer":true} 
[2026-04-15 13:20:52] local.INFO: Extracted bearer token {"token_preview":"162|htku8N...","token_length":52} 
[2026-04-15 13:20:52] local.INFO: Found personal access token {"token_id":162,"user_id":68,"revoked":null} 
[2026-04-15 13:20:52] local.INFO: User authenticated via bearer token {"user_id":68,"user_email":"freelancerzahedcreator@gmail.com"} 
[2026-04-15 13:20:52] local.INFO: Returning campaigns for user {"user_id":68,"campaign_count":2,"statuses":["draft","draft"]} 
[2026-04-15 13:21:22] local.INFO: ParseBearerToken middleware invoked {"path":"/api/v2/campaign","method":"GET","has_auth_header":true,"auth_header_preview":"Bearer 162|htku8Nbt0t7HbUxovVT...","is_bearer":true} 
[2026-04-15 13:21:22] local.INFO: Extracted bearer token {"token_preview":"162|htku8N...","token_length":52} 
[2026-04-15 13:21:22] local.INFO: Found personal access token {"token_id":162,"user_id":68,"revoked":null} 
[2026-04-15 13:21:22] local.INFO: User authenticated via bearer token {"user_id":68,"user_email":"freelancerzahedcreator@gmail.com"} 
[2026-04-15 13:21:22] local.INFO: Returning campaigns for user {"user_id":68,"campaign_count":2,"statuses":["draft","draft"]} 
[2026-04-15 13:21:52] local.INFO: ParseBearerToken middleware invoked {"path":"/api/v2/campaign","method":"GET","has_auth_header":true,"auth_header_preview":"Bearer 162|htku8Nbt0t7HbUxovVT...","is_bearer":true} 
[2026-04-15 13:21:52] local.INFO: Extracted bearer token {"token_preview":"162|htku8N...","token_length":52} 
[2026-04-15 13:21:52] local.INFO: Found personal access token {"token_id":162,"user_id":68,"revoked":null} 
[2026-04-15 13:21:52] local.INFO: User authenticated via bearer token {"user_id":68,"user_email":"freelancerzahedcreator@gmail.com"} 
[2026-04-15 13:21:52] local.INFO: Returning campaigns for user {"user_id":68,"campaign_count":2,"statuses":["draft","draft"]} 
[2026-04-15 13:22:24] local.INFO: ParseBearerToken middleware invoked {"path":"/api/v2/campaign","method":"GET","has_auth_header":true,"auth_header_preview":"Bearer 162|htku8Nbt0t7HbUxovVT...","is_bearer":true} 
[2026-04-15 13:22:24] local.INFO: Extracted bearer token {"token_preview":"162|htku8N...","token_length":52} 
[2026-04-15 13:22:24] local.INFO: Found personal access token {"token_id":162,"user_id":68,"revoked":null} 
[2026-04-15 13:22:24] local.INFO: User authenticated via bearer token {"user_id":68,"user_email":"freelancerzahedcreator@gmail.com"} 
[2026-04-15 13:22:24] local.INFO: Returning campaigns for user {"user_id":68,"campaign_count":2,"statuses":["draft","draft"]} 
[2026-04-15 13:23:26] local.INFO: ParseBearerToken middleware invoked {"path":"/api/v2/campaign","method":"GET","has_auth_header":true,"auth_header_preview":"Bearer 162|htku8Nbt0t7HbUxovVT...","is_bearer":true} 
[2026-04-15 13:23:26] local.INFO: Extracted bearer token {"token_preview":"162|htku8N...","token_length":52} 
[2026-04-15 13:23:26] local.INFO: Found personal access token {"token_id":162,"user_id":68,"revoked":null} 
[2026-04-15 13:23:26] local.INFO: User authenticated via bearer token {"user_id":68,"user_email":"freelancerzahedcreator@gmail.com"} 
[2026-04-15 13:23:26] local.INFO: Returning campaigns for user {"user_id":68,"campaign_count":2,"statuses":["draft","draft"]} 
[2026-04-15 13:24:24] local.INFO: ParseBearerToken middleware invoked {"path":"/api/v2/campaign","method":"GET","has_auth_header":true,"auth_header_preview":"Bearer 162|htku8Nbt0t7HbUxovVT...","is_bearer":true} 
[2026-04-15 13:24:24] local.INFO: Extracted bearer token {"token_preview":"162|htku8N...","token_length":52} 
[2026-04-15 13:24:24] local.INFO: Found personal access token {"token_id":162,"user_id":68,"revoked":null} 
[2026-04-15 13:24:24] local.INFO: User authenticated via bearer token {"user_id":68,"user_email":"freelancerzahedcreator@gmail.com"} 
[2026-04-15 13:24:24] local.INFO: Returning campaigns for user {"user_id":68,"campaign_count":2,"statuses":["draft","draft"]} 
[2026-04-15 13:44:55] local.INFO: ParseBearerToken middleware invoked {"path":"/api/v2/campaign","method":"GET","has_auth_header":true,"auth_header_preview":"Bearer 162|htku8Nbt0t7HbUxovVT...","is_bearer":true} 
[2026-04-15 13:44:55] local.INFO: Extracted bearer token {"token_preview":"162|htku8N...","token_length":52} 
[2026-04-15 13:44:55] local.INFO: Found personal access token {"token_id":162,"user_id":68,"revoked":null} 
[2026-04-15 13:44:55] local.INFO: User authenticated via bearer token {"user_id":68,"user_email":"freelancerzahedcreator@gmail.com"} 
[2026-04-15 13:44:55] local.INFO: Returning campaigns for user {"user_id":68,"campaign_count":2,"statuses":["draft","draft"]} 
[2026-04-15 13:44:55] local.INFO: ParseBearerToken middleware invoked {"path":"/api/v2/campaign","method":"GET","has_auth_header":true,"auth_header_preview":"Bearer 162|htku8Nbt0t7HbUxovVT...","is_bearer":true} 
[2026-04-15 13:44:55] local.INFO: Extracted bearer token {"token_preview":"162|htku8N...","token_length":52} 
[2026-04-15 13:44:55] local.INFO: Found personal access token {"token_id":162,"user_id":68,"revoked":null} 
[2026-04-15 13:44:55] local.INFO: User authenticated via bearer token {"user_id":68,"user_email":"freelancerzahedcreator@gmail.com"} 
[2026-04-15 13:44:55] local.INFO: Returning campaigns for user {"user_id":68,"campaign_count":2,"statuses":["draft","draft"]} 
[2026-04-15 13:45:00] local.INFO: ParseBearerToken middleware invoked {"path":"/api/v2/analytics/creator","method":"GET","has_auth_header":true,"auth_header_preview":"Bearer 162|htku8Nbt0t7HbUxovVT...","is_bearer":true} 
[2026-04-15 13:45:00] local.INFO: Extracted bearer token {"token_preview":"162|htku8N...","token_length":52} 
[2026-04-15 13:45:00] local.INFO: Found personal access token {"token_id":162,"user_id":68,"revoked":null} 
[2026-04-15 13:45:00] local.INFO: User authenticated via bearer token {"user_id":68,"user_email":"freelancerzahedcreator@gmail.com"} 
[2026-04-15 13:45:00] local.INFO: ParseBearerToken middleware invoked {"path":"/api/v2/analytics/creator","method":"GET","has_auth_header":true,"auth_header_preview":"Bearer 162|htku8Nbt0t7HbUxovVT...","is_bearer":true} 
[2026-04-15 13:45:00] local.INFO: Extracted bearer token {"token_preview":"162|htku8N...","token_length":52} 
[2026-04-15 13:45:00] local.INFO: Found personal access token {"token_id":162,"user_id":68,"revoked":null} 
[2026-04-15 13:45:00] local.INFO: User authenticated via bearer token {"user_id":68,"user_email":"freelancerzahedcreator@gmail.com"} 
[2026-04-15 13:45:02] local.INFO: ParseBearerToken middleware invoked {"path":"/api/v2/campaign","method":"GET","has_auth_header":true,"auth_header_preview":"Bearer 162|htku8Nbt0t7HbUxovVT...","is_bearer":true} 
[2026-04-15 13:45:02] local.INFO: Extracted bearer token {"token_preview":"162|htku8N...","token_length":52} 
[2026-04-15 13:45:02] local.INFO: Found personal access token {"token_id":162,"user_id":68,"revoked":null} 
[2026-04-15 13:45:02] local.INFO: User authenticated via bearer token {"user_id":68,"user_email":"freelancerzahedcreator@gmail.com"} 
[2026-04-15 13:45:02] local.INFO: Returning campaigns for user {"user_id":68,"campaign_count":2,"statuses":["draft","draft"]} 
[2026-04-15 13:45:03] local.INFO: ParseBearerToken middleware invoked {"path":"/api/v2/campaign","method":"GET","has_auth_header":true,"auth_header_preview":"Bearer 162|htku8Nbt0t7HbUxovVT...","is_bearer":true} 
[2026-04-15 13:45:03] local.INFO: Extracted bearer token {"token_preview":"162|htku8N...","token_length":52} 
[2026-04-15 13:45:03] local.INFO: Found personal access token {"token_id":162,"user_id":68,"revoked":null} 
[2026-04-15 13:45:03] local.INFO: User authenticated via bearer token {"user_id":68,"user_email":"freelancerzahedcreator@gmail.com"} 
[2026-04-15 13:45:03] local.INFO: Returning campaigns for user {"user_id":68,"campaign_count":2,"statuses":["draft","draft"]} 
[2026-04-15 13:45:35] local.INFO: User created during signup {"user_id":69,"user_type":"backer","role":"backer"} 
[2026-04-15 13:45:42] local.INFO: User registered {"user_id":69,"user_type":"backer"} 
[2026-04-15 13:45:45] local.ERROR: Welcome email failed: View [emails.welcome] not found.  
[2026-04-15 13:45:51] local.INFO: ParseBearerToken middleware invoked {"path":"/api/v2/pledge/user","method":"GET","has_auth_header":true,"auth_header_preview":"Bearer 163|wuFh1qiVsJA93LsN7gf...","is_bearer":true} 
[2026-04-15 13:45:51] local.INFO: Extracted bearer token {"token_preview":"163|wuFh1q...","token_length":52} 
[2026-04-15 13:45:51] local.INFO: Found personal access token {"token_id":163,"user_id":69,"revoked":null} 
[2026-04-15 13:45:51] local.INFO: User authenticated via bearer token {"user_id":69,"user_email":"deomoback@gmail.com"} 
[2026-04-15 13:45:52] local.INFO: ParseBearerToken middleware invoked {"path":"/api/v2/pledge/user","method":"GET","has_auth_header":true,"auth_header_preview":"Bearer 163|wuFh1qiVsJA93LsN7gf...","is_bearer":true} 
[2026-04-15 13:45:52] local.INFO: Extracted bearer token {"token_preview":"163|wuFh1q...","token_length":52} 
[2026-04-15 13:45:52] local.INFO: Found personal access token {"token_id":163,"user_id":69,"revoked":null} 
[2026-04-15 13:45:52] local.INFO: User authenticated via bearer token {"user_id":69,"user_email":"deomoback@gmail.com"} 
[2026-04-15 13:46:21] local.INFO: ParseBearerToken middleware invoked {"path":"/api/v2/pledge/user","method":"GET","has_auth_header":true,"auth_header_preview":"Bearer 163|wuFh1qiVsJA93LsN7gf...","is_bearer":true} 
[2026-04-15 13:46:21] local.INFO: Extracted bearer token {"token_preview":"163|wuFh1q...","token_length":52} 
[2026-04-15 13:46:21] local.INFO: Found personal access token {"token_id":163,"user_id":69,"revoked":null} 
[2026-04-15 13:46:21] local.INFO: User authenticated via bearer token {"user_id":69,"user_email":"deomoback@gmail.com"} 
[2026-04-15 13:46:58] local.INFO: ParseBearerToken middleware invoked {"path":"/api/v2/pledge/user","method":"GET","has_auth_header":true,"auth_header_preview":"Bearer 163|wuFh1qiVsJA93LsN7gf...","is_bearer":true} 
[2026-04-15 13:46:58] local.INFO: Extracted bearer token {"token_preview":"163|wuFh1q...","token_length":52} 
[2026-04-15 13:46:58] local.INFO: Found personal access token {"token_id":163,"user_id":69,"revoked":null} 
[2026-04-15 13:46:58] local.INFO: User authenticated via bearer token {"user_id":69,"user_email":"deomoback@gmail.com"} 
[2026-04-15 13:46:58] local.INFO: ParseBearerToken middleware invoked {"path":"/api/v2/pledge/user","method":"GET","has_auth_header":true,"auth_header_preview":"Bearer 163|wuFh1qiVsJA93LsN7gf...","is_bearer":true} 
[2026-04-15 13:46:58] local.INFO: Extracted bearer token {"token_preview":"163|wuFh1q...","token_length":52} 
[2026-04-15 13:46:58] local.INFO: Found personal access token {"token_id":163,"user_id":69,"revoked":null} 
[2026-04-15 13:46:58] local.INFO: User authenticated via bearer token {"user_id":69,"user_email":"deomoback@gmail.com"} 
[2026-04-15 13:47:24] local.INFO: ParseBearerToken middleware invoked {"path":"/api/v2/pledge/user","method":"GET","has_auth_header":true,"auth_header_preview":"Bearer 163|wuFh1qiVsJA93LsN7gf...","is_bearer":true} 
[2026-04-15 13:47:24] local.INFO: Extracted bearer token {"token_preview":"163|wuFh1q...","token_length":52} 
[2026-04-15 13:47:24] local.INFO: Found personal access token {"token_id":163,"user_id":69,"revoked":null} 
[2026-04-15 13:47:24] local.INFO: User authenticated via bearer token {"user_id":69,"user_email":"deomoback@gmail.com"} 
[2026-04-15 13:47:54] local.INFO: ParseBearerToken middleware invoked {"path":"/api/v2/pledge/user","method":"GET","has_auth_header":true,"auth_header_preview":"Bearer 163|wuFh1qiVsJA93LsN7gf...","is_bearer":true} 
[2026-04-15 13:47:54] local.INFO: Extracted bearer token {"token_preview":"163|wuFh1q...","token_length":52} 
[2026-04-15 13:47:54] local.INFO: Found personal access token {"token_id":163,"user_id":69,"revoked":null} 
[2026-04-15 13:47:54] local.INFO: User authenticated via bearer token {"user_id":69,"user_email":"deomoback@gmail.com"} 
[2026-04-15 13:48:24] local.INFO: ParseBearerToken middleware invoked {"path":"/api/v2/pledge/user","method":"GET","has_auth_header":true,"auth_header_preview":"Bearer 163|wuFh1qiVsJA93LsN7gf...","is_bearer":true} 
[2026-04-15 13:48:24] local.INFO: Extracted bearer token {"token_preview":"163|wuFh1q...","token_length":52} 
[2026-04-15 13:48:24] local.INFO: Found personal access token {"token_id":163,"user_id":69,"revoked":null} 
[2026-04-15 13:48:24] local.INFO: User authenticated via bearer token {"user_id":69,"user_email":"deomoback@gmail.com"} 
[2026-04-15 13:48:54] local.INFO: ParseBearerToken middleware invoked {"path":"/api/v2/pledge/user","method":"GET","has_auth_header":true,"auth_header_preview":"Bearer 163|wuFh1qiVsJA93LsN7gf...","is_bearer":true} 
[2026-04-15 13:48:54] local.INFO: Extracted bearer token {"token_preview":"163|wuFh1q...","token_length":52} 
[2026-04-15 13:48:54] local.INFO: Found personal access token {"token_id":163,"user_id":69,"revoked":null} 
[2026-04-15 13:48:54] local.INFO: User authenticated via bearer token {"user_id":69,"user_email":"deomoback@gmail.com"} 
[2026-04-15 13:49:25] local.INFO: ParseBearerToken middleware invoked {"path":"/api/v2/pledge/user","method":"GET","has_auth_header":true,"auth_header_preview":"Bearer 163|wuFh1qiVsJA93LsN7gf...","is_bearer":true} 
[2026-04-15 13:49:25] local.INFO: Extracted bearer token {"token_preview":"163|wuFh1q...","token_length":52} 
[2026-04-15 13:49:25] local.INFO: Found personal access token {"token_id":163,"user_id":69,"revoked":null} 
[2026-04-15 13:49:25] local.INFO: User authenticated via bearer token {"user_id":69,"user_email":"deomoback@gmail.com"} 
[2026-04-15 13:49:54] local.INFO: ParseBearerToken middleware invoked {"path":"/api/v2/pledge/user","method":"GET","has_auth_header":true,"auth_header_preview":"Bearer 163|wuFh1qiVsJA93LsN7gf...","is_bearer":true} 
[2026-04-15 13:49:54] local.INFO: Extracted bearer token {"token_preview":"163|wuFh1q...","token_length":52} 
[2026-04-15 13:49:54] local.INFO: Found personal access token {"token_id":163,"user_id":69,"revoked":null} 
[2026-04-15 13:49:54] local.INFO: User authenticated via bearer token {"user_id":69,"user_email":"deomoback@gmail.com"} 
[2026-04-15 13:50:28] local.INFO: ParseBearerToken middleware invoked {"path":"/api/v2/pledge/user","method":"GET","has_auth_header":true,"auth_header_preview":"Bearer 163|wuFh1qiVsJA93LsN7gf...","is_bearer":true} 
[2026-04-15 13:50:28] local.INFO: Extracted bearer token {"token_preview":"163|wuFh1q...","token_length":52} 
[2026-04-15 13:50:28] local.INFO: Found personal access token {"token_id":163,"user_id":69,"revoked":null} 
[2026-04-15 13:50:28] local.INFO: User authenticated via bearer token {"user_id":69,"user_email":"deomoback@gmail.com"} 
[2026-04-15 13:50:54] local.INFO: ParseBearerToken middleware invoked {"path":"/api/v2/pledge/user","method":"GET","has_auth_header":true,"auth_header_preview":"Bearer 163|wuFh1qiVsJA93LsN7gf...","is_bearer":true} 
[2026-04-15 13:50:54] local.INFO: Extracted bearer token {"token_preview":"163|wuFh1q...","token_length":52} 
[2026-04-15 13:50:54] local.INFO: Found personal access token {"token_id":163,"user_id":69,"revoked":null} 
[2026-04-15 13:50:54] local.INFO: User authenticated via bearer token {"user_id":69,"user_email":"deomoback@gmail.com"} 
[2026-04-15 13:51:42] local.INFO: ParseBearerToken middleware invoked {"path":"/api/v2/pledge/user","method":"GET","has_auth_header":true,"auth_header_preview":"Bearer 163|wuFh1qiVsJA93LsN7gf...","is_bearer":true} 
[2026-04-15 13:51:42] local.INFO: Extracted bearer token {"token_preview":"163|wuFh1q...","token_length":52} 
[2026-04-15 13:51:42] local.INFO: Found personal access token {"token_id":163,"user_id":69,"revoked":null} 
[2026-04-15 13:51:42] local.INFO: User authenticated via bearer token {"user_id":69,"user_email":"deomoback@gmail.com"} 
[2026-04-15 13:52:26] local.INFO: ParseBearerToken middleware invoked {"path":"/api/v2/pledge/user","method":"GET","has_auth_header":true,"auth_header_preview":"Bearer 163|wuFh1qiVsJA93LsN7gf...","is_bearer":true} 
[2026-04-15 13:52:26] local.INFO: Extracted bearer token {"token_preview":"163|wuFh1q...","token_length":52} 
[2026-04-15 13:52:26] local.INFO: Found personal access token {"token_id":163,"user_id":69,"revoked":null} 
[2026-04-15 13:52:26] local.INFO: User authenticated via bearer token {"user_id":69,"user_email":"deomoback@gmail.com"} 
[2026-04-15 13:52:54] local.INFO: ParseBearerToken middleware invoked {"path":"/api/v2/pledge/user","method":"GET","has_auth_header":true,"auth_header_preview":"Bearer 163|wuFh1qiVsJA93LsN7gf...","is_bearer":true} 
[2026-04-15 13:52:54] local.INFO: Extracted bearer token {"token_preview":"163|wuFh1q...","token_length":52} 
[2026-04-15 13:52:54] local.INFO: Found personal access token {"token_id":163,"user_id":69,"revoked":null} 
[2026-04-15 13:52:54] local.INFO: User authenticated via bearer token {"user_id":69,"user_email":"deomoback@gmail.com"} 
[2026-04-15 13:53:23] local.INFO: ParseBearerToken middleware invoked {"path":"/api/v2/pledge/user","method":"GET","has_auth_header":true,"auth_header_preview":"Bearer 163|wuFh1qiVsJA93LsN7gf...","is_bearer":true} 
[2026-04-15 13:53:23] local.INFO: Extracted bearer token {"token_preview":"163|wuFh1q...","token_length":52} 
[2026-04-15 13:53:23] local.INFO: Found personal access token {"token_id":163,"user_id":69,"revoked":null} 
[2026-04-15 13:53:23] local.INFO: User authenticated via bearer token {"user_id":69,"user_email":"deomoback@gmail.com"} 
[2026-04-15 13:53:32] local.INFO: ParseBearerToken middleware invoked {"path":"/api/v2/pledge/user","method":"GET","has_auth_header":true,"auth_header_preview":"Bearer 163|wuFh1qiVsJA93LsN7gf...","is_bearer":true} 
[2026-04-15 13:53:32] local.INFO: Extracted bearer token {"token_preview":"163|wuFh1q...","token_length":52} 
[2026-04-15 13:53:32] local.INFO: Found personal access token {"token_id":163,"user_id":69,"revoked":null} 
[2026-04-15 13:53:32] local.INFO: User authenticated via bearer token {"user_id":69,"user_email":"deomoback@gmail.com"} 
[2026-04-15 13:53:34] local.INFO: ParseBearerToken middleware invoked {"path":"/api/v2/pledge/user","method":"GET","has_auth_header":true,"auth_header_preview":"Bearer 163|wuFh1qiVsJA93LsN7gf...","is_bearer":true} 
[2026-04-15 13:53:34] local.INFO: Extracted bearer token {"token_preview":"163|wuFh1q...","token_length":52} 
[2026-04-15 13:53:34] local.INFO: Found personal access token {"token_id":163,"user_id":69,"revoked":null} 
[2026-04-15 13:53:34] local.INFO: User authenticated via bearer token {"user_id":69,"user_email":"deomoback@gmail.com"} 
[2026-04-15 13:54:58] local.INFO: ParseBearerToken middleware invoked {"path":"/api/v2/pledge/user","method":"GET","has_auth_header":true,"auth_header_preview":"Bearer 163|wuFh1qiVsJA93LsN7gf...","is_bearer":true} 
[2026-04-15 13:54:58] local.INFO: Extracted bearer token {"token_preview":"163|wuFh1q...","token_length":52} 
[2026-04-15 13:54:58] local.INFO: Found personal access token {"token_id":163,"user_id":69,"revoked":null} 
[2026-04-15 13:54:58] local.INFO: User authenticated via bearer token {"user_id":69,"user_email":"deomoback@gmail.com"} 
[2026-04-15 13:54:59] local.INFO: ParseBearerToken middleware invoked {"path":"/api/v2/pledge/user","method":"GET","has_auth_header":true,"auth_header_preview":"Bearer 163|wuFh1qiVsJA93LsN7gf...","is_bearer":true} 
[2026-04-15 13:54:59] local.INFO: Extracted bearer token {"token_preview":"163|wuFh1q...","token_length":52} 
[2026-04-15 13:54:59] local.INFO: Found personal access token {"token_id":163,"user_id":69,"revoked":null} 
[2026-04-15 13:54:59] local.INFO: User authenticated via bearer token {"user_id":69,"user_email":"deomoback@gmail.com"} 
[2026-04-15 13:58:17] local.INFO: ParseBearerToken middleware invoked {"path":"/api/v2/pledge/user","method":"GET","has_auth_header":true,"auth_header_preview":"Bearer 163|wuFh1qiVsJA93LsN7gf...","is_bearer":true} 
[2026-04-15 13:58:17] local.INFO: Extracted bearer token {"token_preview":"163|wuFh1q...","token_length":52} 
[2026-04-15 13:58:17] local.INFO: Found personal access token {"token_id":163,"user_id":69,"revoked":null} 
[2026-04-15 13:58:17] local.INFO: User authenticated via bearer token {"user_id":69,"user_email":"deomoback@gmail.com"} 
[2026-04-15 13:58:17] local.INFO: ParseBearerToken middleware invoked {"path":"/api/v2/pledge/user","method":"GET","has_auth_header":true,"auth_header_preview":"Bearer 163|wuFh1qiVsJA93LsN7gf...","is_bearer":true} 
[2026-04-15 13:58:17] local.INFO: Extracted bearer token {"token_preview":"163|wuFh1q...","token_length":52} 
[2026-04-15 13:58:17] local.INFO: Found personal access token {"token_id":163,"user_id":69,"revoked":null} 
[2026-04-15 13:58:17] local.INFO: User authenticated via bearer token {"user_id":69,"user_email":"deomoback@gmail.com"} 
[2026-04-15 13:58:18] local.INFO: ParseBearerToken middleware invoked {"path":"/api/v2/pledge/user","method":"GET","has_auth_header":true,"auth_header_preview":"Bearer 163|wuFh1qiVsJA93LsN7gf...","is_bearer":true} 
[2026-04-15 13:58:18] local.INFO: Extracted bearer token {"token_preview":"163|wuFh1q...","token_length":52} 
[2026-04-15 13:58:18] local.INFO: Found personal access token {"token_id":163,"user_id":69,"revoked":null} 
[2026-04-15 13:58:18] local.INFO: User authenticated via bearer token {"user_id":69,"user_email":"deomoback@gmail.com"} 
[2026-04-15 13:58:19] local.INFO: ParseBearerToken middleware invoked {"path":"/api/v2/pledge/user","method":"GET","has_auth_header":true,"auth_header_preview":"Bearer 163|wuFh1qiVsJA93LsN7gf...","is_bearer":true} 
[2026-04-15 13:58:19] local.INFO: Extracted bearer token {"token_preview":"163|wuFh1q...","token_length":52} 
[2026-04-15 13:58:19] local.INFO: Found personal access token {"token_id":163,"user_id":69,"revoked":null} 
[2026-04-15 13:58:19] local.INFO: User authenticated via bearer token {"user_id":69,"user_email":"deomoback@gmail.com"} 
[2026-04-15 13:58:30] local.INFO: ParseBearerToken middleware invoked {"path":"/api/v2/pledge/user","method":"GET","has_auth_header":true,"auth_header_preview":"Bearer 163|wuFh1qiVsJA93LsN7gf...","is_bearer":true} 
[2026-04-15 13:58:30] local.INFO: Extracted bearer token {"token_preview":"163|wuFh1q...","token_length":52} 
[2026-04-15 13:58:30] local.INFO: Found personal access token {"token_id":163,"user_id":69,"revoked":null} 
[2026-04-15 13:58:30] local.INFO: User authenticated via bearer token {"user_id":69,"user_email":"deomoback@gmail.com"} 
[2026-04-15 13:58:31] local.INFO: ParseBearerToken middleware invoked {"path":"/api/v2/pledge/user","method":"GET","has_auth_header":true,"auth_header_preview":"Bearer 163|wuFh1qiVsJA93LsN7gf...","is_bearer":true} 
[2026-04-15 13:58:31] local.INFO: Extracted bearer token {"token_preview":"163|wuFh1q...","token_length":52} 
[2026-04-15 13:58:31] local.INFO: Found personal access token {"token_id":163,"user_id":69,"revoked":null} 
[2026-04-15 13:58:31] local.INFO: User authenticated via bearer token {"user_id":69,"user_email":"deomoback@gmail.com"} 
[2026-04-15 13:58:52] local.INFO: ParseBearerToken middleware invoked {"path":"/api/v2/pledge/user","method":"GET","has_auth_header":true,"auth_header_preview":"Bearer 163|wuFh1qiVsJA93LsN7gf...","is_bearer":true} 
[2026-04-15 13:58:52] local.INFO: Extracted bearer token {"token_preview":"163|wuFh1q...","token_length":52} 
[2026-04-15 13:58:52] local.INFO: Found personal access token {"token_id":163,"user_id":69,"revoked":null} 
[2026-04-15 13:58:52] local.INFO: User authenticated via bearer token {"user_id":69,"user_email":"deomoback@gmail.com"} 
[2026-04-15 13:58:53] local.INFO: ParseBearerToken middleware invoked {"path":"/api/v2/pledge/user","method":"GET","has_auth_header":true,"auth_header_preview":"Bearer 163|wuFh1qiVsJA93LsN7gf...","is_bearer":true} 
[2026-04-15 13:58:53] local.INFO: Extracted bearer token {"token_preview":"163|wuFh1q...","token_length":52} 
[2026-04-15 13:58:53] local.INFO: Found personal access token {"token_id":163,"user_id":69,"revoked":null} 
[2026-04-15 13:58:53] local.INFO: User authenticated via bearer token {"user_id":69,"user_email":"deomoback@gmail.com"} 
[2026-04-15 13:59:18] local.INFO: ParseBearerToken middleware invoked {"path":"/api/v2/pledge/user","method":"GET","has_auth_header":true,"auth_header_preview":"Bearer 163|wuFh1qiVsJA93LsN7gf...","is_bearer":true} 
[2026-04-15 13:59:18] local.INFO: Extracted bearer token {"token_preview":"163|wuFh1q...","token_length":52} 
[2026-04-15 13:59:18] local.INFO: Found personal access token {"token_id":163,"user_id":69,"revoked":null} 
[2026-04-15 13:59:18] local.INFO: User authenticated via bearer token {"user_id":69,"user_email":"deomoback@gmail.com"} 
[2026-04-15 13:59:26] local.INFO: ParseBearerToken middleware invoked {"path":"/api/v2/pledge/user","method":"GET","has_auth_header":true,"auth_header_preview":"Bearer 163|wuFh1qiVsJA93LsN7gf...","is_bearer":true} 
[2026-04-15 13:59:26] local.INFO: Extracted bearer token {"token_preview":"163|wuFh1q...","token_length":52} 
[2026-04-15 13:59:26] local.INFO: Found personal access token {"token_id":163,"user_id":69,"revoked":null} 
[2026-04-15 13:59:27] local.INFO: User authenticated via bearer token {"user_id":69,"user_email":"deomoback@gmail.com"} 
[2026-04-15 14:02:49] local.INFO: ParseBearerToken middleware invoked {"path":"/api/v2/pledge/user","method":"GET","has_auth_header":true,"auth_header_preview":"Bearer 163|wuFh1qiVsJA93LsN7gf...","is_bearer":true} 
[2026-04-15 14:02:49] local.INFO: Extracted bearer token {"token_preview":"163|wuFh1q...","token_length":52} 
[2026-04-15 14:02:49] local.INFO: Found personal access token {"token_id":163,"user_id":69,"revoked":null} 
[2026-04-15 14:02:49] local.INFO: User authenticated via bearer token {"user_id":69,"user_email":"deomoback@gmail.com"} 
[2026-04-15 14:02:50] local.INFO: ParseBearerToken middleware invoked {"path":"/api/v2/pledge/user","method":"GET","has_auth_header":true,"auth_header_preview":"Bearer 163|wuFh1qiVsJA93LsN7gf...","is_bearer":true} 
[2026-04-15 14:02:50] local.INFO: Extracted bearer token {"token_preview":"163|wuFh1q...","token_length":52} 
[2026-04-15 14:02:50] local.INFO: Found personal access token {"token_id":163,"user_id":69,"revoked":null} 
[2026-04-15 14:02:50] local.INFO: User authenticated via bearer token {"user_id":69,"user_email":"deomoback@gmail.com"} 
[2026-04-15 14:03:18] local.INFO: ParseBearerToken middleware invoked {"path":"/api/v2/pledge/user","method":"GET","has_auth_header":true,"auth_header_preview":"Bearer 163|wuFh1qiVsJA93LsN7gf...","is_bearer":true} 
[2026-04-15 14:03:18] local.INFO: Extracted bearer token {"token_preview":"163|wuFh1q...","token_length":52} 
[2026-04-15 14:03:18] local.INFO: Found personal access token {"token_id":163,"user_id":69,"revoked":null} 
[2026-04-15 14:03:18] local.INFO: User authenticated via bearer token {"user_id":69,"user_email":"deomoback@gmail.com"} 
[2026-04-15 14:03:48] local.INFO: ParseBearerToken middleware invoked {"path":"/api/v2/pledge/user","method":"GET","has_auth_header":true,"auth_header_preview":"Bearer 163|wuFh1qiVsJA93LsN7gf...","is_bearer":true} 
[2026-04-15 14:03:48] local.INFO: Extracted bearer token {"token_preview":"163|wuFh1q...","token_length":52} 
[2026-04-15 14:03:48] local.INFO: Found personal access token {"token_id":163,"user_id":69,"revoked":null} 
[2026-04-15 14:03:48] local.INFO: User authenticated via bearer token {"user_id":69,"user_email":"deomoback@gmail.com"} 
[2026-04-15 14:03:48] local.INFO: ParseBearerToken middleware invoked {"path":"/api/v2/pledge/user","method":"GET","has_auth_header":true,"auth_header_preview":"Bearer 163|wuFh1qiVsJA93LsN7gf...","is_bearer":true} 
[2026-04-15 14:03:48] local.INFO: Extracted bearer token {"token_preview":"163|wuFh1q...","token_length":52} 
[2026-04-15 14:03:48] local.INFO: Found personal access token {"token_id":163,"user_id":69,"revoked":null} 
[2026-04-15 14:03:48] local.INFO: User authenticated via bearer token {"user_id":69,"user_email":"deomoback@gmail.com"} 
[2026-04-15 14:03:53] local.INFO: ParseBearerToken middleware invoked {"path":"/api/v2/pledge/user","method":"GET","has_auth_header":true,"auth_header_preview":"Bearer 163|wuFh1qiVsJA93LsN7gf...","is_bearer":true} 
[2026-04-15 14:03:53] local.INFO: Extracted bearer token {"token_preview":"163|wuFh1q...","token_length":52} 
[2026-04-15 14:03:53] local.INFO: Found personal access token {"token_id":163,"user_id":69,"revoked":null} 
[2026-04-15 14:03:53] local.INFO: User authenticated via bearer token {"user_id":69,"user_email":"deomoback@gmail.com"} 
[2026-04-15 14:03:54] local.INFO: ParseBearerToken middleware invoked {"path":"/api/v2/pledge/user","method":"GET","has_auth_header":true,"auth_header_preview":"Bearer 163|wuFh1qiVsJA93LsN7gf...","is_bearer":true} 
[2026-04-15 14:03:54] local.INFO: Extracted bearer token {"token_preview":"163|wuFh1q...","token_length":52} 
[2026-04-15 14:03:54] local.INFO: Found personal access token {"token_id":163,"user_id":69,"revoked":null} 
[2026-04-15 14:03:54] local.INFO: User authenticated via bearer token {"user_id":69,"user_email":"deomoback@gmail.com"} 
[2026-04-15 14:03:56] local.INFO: ParseBearerToken middleware invoked {"path":"/api/v2/pledge/user","method":"GET","has_auth_header":true,"auth_header_preview":"Bearer 163|wuFh1qiVsJA93LsN7gf...","is_bearer":true} 
[2026-04-15 14:03:56] local.INFO: Extracted bearer token {"token_preview":"163|wuFh1q...","token_length":52} 
[2026-04-15 14:03:56] local.INFO: Found personal access token {"token_id":163,"user_id":69,"revoked":null} 
[2026-04-15 14:03:56] local.INFO: User authenticated via bearer token {"user_id":69,"user_email":"deomoback@gmail.com"} 
[2026-04-15 14:03:56] local.INFO: ParseBearerToken middleware invoked {"path":"/api/v2/pledge/user","method":"GET","has_auth_header":true,"auth_header_preview":"Bearer 163|wuFh1qiVsJA93LsN7gf...","is_bearer":true} 
[2026-04-15 14:03:56] local.INFO: Extracted bearer token {"token_preview":"163|wuFh1q...","token_length":52} 
[2026-04-15 14:03:56] local.INFO: Found personal access token {"token_id":163,"user_id":69,"revoked":null} 
[2026-04-15 14:03:56] local.INFO: User authenticated via bearer token {"user_id":69,"user_email":"deomoback@gmail.com"} 
[2026-04-15 14:03:57] local.INFO: ParseBearerToken middleware invoked {"path":"/api/v2/pledge/user","method":"GET","has_auth_header":true,"auth_header_preview":"Bearer 163|wuFh1qiVsJA93LsN7gf...","is_bearer":true} 
[2026-04-15 14:03:57] local.INFO: Extracted bearer token {"token_preview":"163|wuFh1q...","token_length":52} 
[2026-04-15 14:03:57] local.INFO: Found personal access token {"token_id":163,"user_id":69,"revoked":null} 
[2026-04-15 14:03:57] local.INFO: User authenticated via bearer token {"user_id":69,"user_email":"deomoback@gmail.com"} 
[2026-04-15 14:03:57] local.INFO: ParseBearerToken middleware invoked {"path":"/api/v2/pledge/user","method":"GET","has_auth_header":true,"auth_header_preview":"Bearer 163|wuFh1qiVsJA93LsN7gf...","is_bearer":true} 
[2026-04-15 14:03:57] local.INFO: Extracted bearer token {"token_preview":"163|wuFh1q...","token_length":52} 
[2026-04-15 14:03:57] local.INFO: Found personal access token {"token_id":163,"user_id":69,"revoked":null} 
[2026-04-15 14:03:57] local.INFO: User authenticated via bearer token {"user_id":69,"user_email":"deomoback@gmail.com"} 
[2026-04-15 14:03:59] local.INFO: ParseBearerToken middleware invoked {"path":"/api/v2/pledge/user","method":"GET","has_auth_header":true,"auth_header_preview":"Bearer 163|wuFh1qiVsJA93LsN7gf...","is_bearer":true} 
[2026-04-15 14:03:59] local.INFO: Extracted bearer token {"token_preview":"163|wuFh1q...","token_length":52} 
[2026-04-15 14:03:59] local.INFO: Found personal access token {"token_id":163,"user_id":69,"revoked":null} 
[2026-04-15 14:03:59] local.INFO: User authenticated via bearer token {"user_id":69,"user_email":"deomoback@gmail.com"} 
[2026-04-15 14:04:00] local.INFO: ParseBearerToken middleware invoked {"path":"/api/v2/pledge/user","method":"GET","has_auth_header":true,"auth_header_preview":"Bearer 163|wuFh1qiVsJA93LsN7gf...","is_bearer":true} 
[2026-04-15 14:04:00] local.INFO: Extracted bearer token {"token_preview":"163|wuFh1q...","token_length":52} 
[2026-04-15 14:04:00] local.INFO: Found personal access token {"token_id":163,"user_id":69,"revoked":null} 
[2026-04-15 14:04:00] local.INFO: User authenticated via bearer token {"user_id":69,"user_email":"deomoback@gmail.com"} 
[2026-04-15 14:04:02] local.INFO: ParseBearerToken middleware invoked {"path":"/api/v2/pledge/user","method":"GET","has_auth_header":true,"auth_header_preview":"Bearer 163|wuFh1qiVsJA93LsN7gf...","is_bearer":true} 
[2026-04-15 14:04:02] local.INFO: Extracted bearer token {"token_preview":"163|wuFh1q...","token_length":52} 
[2026-04-15 14:04:02] local.INFO: Found personal access token {"token_id":163,"user_id":69,"revoked":null} 
[2026-04-15 14:04:02] local.INFO: User authenticated via bearer token {"user_id":69,"user_email":"deomoback@gmail.com"} 
[2026-04-15 14:04:02] local.INFO: ParseBearerToken middleware invoked {"path":"/api/v2/pledge/user","method":"GET","has_auth_header":true,"auth_header_preview":"Bearer 163|wuFh1qiVsJA93LsN7gf...","is_bearer":true} 
[2026-04-15 14:04:02] local.INFO: Extracted bearer token {"token_preview":"163|wuFh1q...","token_length":52} 
[2026-04-15 14:04:02] local.INFO: Found personal access token {"token_id":163,"user_id":69,"revoked":null} 
[2026-04-15 14:04:02] local.INFO: User authenticated via bearer token {"user_id":69,"user_email":"deomoback@gmail.com"} 
[2026-04-15 14:04:05] local.INFO: ParseBearerToken middleware invoked {"path":"/api/v2/pledge/user","method":"GET","has_auth_header":true,"auth_header_preview":"Bearer 163|wuFh1qiVsJA93LsN7gf...","is_bearer":true} 
[2026-04-15 14:04:05] local.INFO: Extracted bearer token {"token_preview":"163|wuFh1q...","token_length":52} 
[2026-04-15 14:04:05] local.INFO: Found personal access token {"token_id":163,"user_id":69,"revoked":null} 
[2026-04-15 14:04:05] local.INFO: User authenticated via bearer token {"user_id":69,"user_email":"deomoback@gmail.com"} 
[2026-04-15 14:04:06] local.INFO: ParseBearerToken middleware invoked {"path":"/api/v2/pledge/user","method":"GET","has_auth_header":true,"auth_header_preview":"Bearer 163|wuFh1qiVsJA93LsN7gf...","is_bearer":true} 
[2026-04-15 14:04:06] local.INFO: Extracted bearer token {"token_preview":"163|wuFh1q...","token_length":52} 
[2026-04-15 14:04:06] local.INFO: Found personal access token {"token_id":163,"user_id":69,"revoked":null} 
[2026-04-15 14:04:06] local.INFO: User authenticated via bearer token {"user_id":69,"user_email":"deomoback@gmail.com"} 
[2026-04-15 14:04:36] local.INFO: ParseBearerToken middleware invoked {"path":"/api/v2/pledge/user","method":"GET","has_auth_header":true,"auth_header_preview":"Bearer 163|wuFh1qiVsJA93LsN7gf...","is_bearer":true} 
[2026-04-15 14:04:36] local.INFO: Extracted bearer token {"token_preview":"163|wuFh1q...","token_length":52} 
[2026-04-15 14:04:36] local.INFO: Found personal access token {"token_id":163,"user_id":69,"revoked":null} 
[2026-04-15 14:04:36] local.INFO: User authenticated via bearer token {"user_id":69,"user_email":"deomoback@gmail.com"} 
[2026-04-15 14:05:06] local.INFO: ParseBearerToken middleware invoked {"path":"/api/v2/pledge/user","method":"GET","has_auth_header":true,"auth_header_preview":"Bearer 163|wuFh1qiVsJA93LsN7gf...","is_bearer":true} 
[2026-04-15 14:05:06] local.INFO: Extracted bearer token {"token_preview":"163|wuFh1q...","token_length":52} 
[2026-04-15 14:05:06] local.INFO: Found personal access token {"token_id":163,"user_id":69,"revoked":null} 
[2026-04-15 14:05:06] local.INFO: User authenticated via bearer token {"user_id":69,"user_email":"deomoback@gmail.com"} 
[2026-04-15 14:05:36] local.INFO: ParseBearerToken middleware invoked {"path":"/api/v2/pledge/user","method":"GET","has_auth_header":true,"auth_header_preview":"Bearer 163|wuFh1qiVsJA93LsN7gf...","is_bearer":true} 
[2026-04-15 14:05:36] local.INFO: Extracted bearer token {"token_preview":"163|wuFh1q...","token_length":52} 
[2026-04-15 14:05:36] local.INFO: Found personal access token {"token_id":163,"user_id":69,"revoked":null} 
[2026-04-15 14:05:36] local.INFO: User authenticated via bearer token {"user_id":69,"user_email":"deomoback@gmail.com"} 
[2026-04-15 14:06:09] local.INFO: ParseBearerToken middleware invoked {"path":"/api/v2/pledge/user","method":"GET","has_auth_header":true,"auth_header_preview":"Bearer 163|wuFh1qiVsJA93LsN7gf...","is_bearer":true} 
[2026-04-15 14:06:09] local.INFO: Extracted bearer token {"token_preview":"163|wuFh1q...","token_length":52} 
[2026-04-15 14:06:09] local.INFO: Found personal access token {"token_id":163,"user_id":69,"revoked":null} 
[2026-04-15 14:06:09] local.INFO: User authenticated via bearer token {"user_id":69,"user_email":"deomoback@gmail.com"} 
[2026-04-15 14:06:33] local.INFO: ParseBearerToken middleware invoked {"path":"/api/v2/pledge/user","method":"GET","has_auth_header":true,"auth_header_preview":"Bearer 163|wuFh1qiVsJA93LsN7gf...","is_bearer":true} 
[2026-04-15 14:06:33] local.INFO: Extracted bearer token {"token_preview":"163|wuFh1q...","token_length":52} 
[2026-04-15 14:06:33] local.INFO: Found personal access token {"token_id":163,"user_id":69,"revoked":null} 
[2026-04-15 14:06:33] local.INFO: User authenticated via bearer token {"user_id":69,"user_email":"deomoback@gmail.com"} 
[2026-04-15 14:06:34] local.INFO: ParseBearerToken middleware invoked {"path":"/api/v2/pledge/user","method":"GET","has_auth_header":true,"auth_header_preview":"Bearer 163|wuFh1qiVsJA93LsN7gf...","is_bearer":true} 
[2026-04-15 14:06:34] local.INFO: Extracted bearer token {"token_preview":"163|wuFh1q...","token_length":52} 
[2026-04-15 14:06:34] local.INFO: Found personal access token {"token_id":163,"user_id":69,"revoked":null} 
[2026-04-15 14:06:34] local.INFO: User authenticated via bearer token {"user_id":69,"user_email":"deomoback@gmail.com"} 
[2026-04-15 14:07:03] local.INFO: ParseBearerToken middleware invoked {"path":"/api/v2/pledge/user","method":"GET","has_auth_header":true,"auth_header_preview":"Bearer 163|wuFh1qiVsJA93LsN7gf...","is_bearer":true} 
[2026-04-15 14:07:03] local.INFO: Extracted bearer token {"token_preview":"163|wuFh1q...","token_length":52} 
[2026-04-15 14:07:03] local.INFO: Found personal access token {"token_id":163,"user_id":69,"revoked":null} 
[2026-04-15 14:07:03] local.INFO: User authenticated via bearer token {"user_id":69,"user_email":"deomoback@gmail.com"} 
[2026-04-15 14:07:33] local.INFO: ParseBearerToken middleware invoked {"path":"/api/v2/pledge/user","method":"GET","has_auth_header":true,"auth_header_preview":"Bearer 163|wuFh1qiVsJA93LsN7gf...","is_bearer":true} 
[2026-04-15 14:07:33] local.INFO: Extracted bearer token {"token_preview":"163|wuFh1q...","token_length":52} 
[2026-04-15 14:07:33] local.INFO: Found personal access token {"token_id":163,"user_id":69,"revoked":null} 
[2026-04-15 14:07:33] local.INFO: User authenticated via bearer token {"user_id":69,"user_email":"deomoback@gmail.com"} 
[2026-04-15 14:08:03] local.INFO: ParseBearerToken middleware invoked {"path":"/api/v2/pledge/user","method":"GET","has_auth_header":true,"auth_header_preview":"Bearer 163|wuFh1qiVsJA93LsN7gf...","is_bearer":true} 
[2026-04-15 14:08:03] local.INFO: Extracted bearer token {"token_preview":"163|wuFh1q...","token_length":52} 
[2026-04-15 14:08:03] local.INFO: Found personal access token {"token_id":163,"user_id":69,"revoked":null} 
[2026-04-15 14:08:03] local.INFO: User authenticated via bearer token {"user_id":69,"user_email":"deomoback@gmail.com"} 
[2026-04-15 14:08:33] local.INFO: ParseBearerToken middleware invoked {"path":"/api/v2/pledge/user","method":"GET","has_auth_header":true,"auth_header_preview":"Bearer 163|wuFh1qiVsJA93LsN7gf...","is_bearer":true} 
[2026-04-15 14:08:33] local.INFO: Extracted bearer token {"token_preview":"163|wuFh1q...","token_length":52} 
[2026-04-15 14:08:33] local.INFO: Found personal access token {"token_id":163,"user_id":69,"revoked":null} 
[2026-04-15 14:08:33] local.INFO: User authenticated via bearer token {"user_id":69,"user_email":"deomoback@gmail.com"} 
[2026-04-15 14:11:39] local.INFO: ParseBearerToken middleware invoked {"path":"/api/v2/campaign","method":"GET","has_auth_header":true,"auth_header_preview":"Bearer 160|kJdpaDrHOZ9nSgkeOYj...","is_bearer":true} 
[2026-04-15 14:11:39] local.INFO: Extracted bearer token {"token_preview":"160|kJdpaD...","token_length":52} 
[2026-04-15 14:11:39] local.INFO: Found personal access token {"token_id":160,"user_id":68,"revoked":null} 
[2026-04-15 14:11:39] local.INFO: User authenticated via bearer token {"user_id":68,"user_email":"freelancerzahedcreator@gmail.com"} 
[2026-04-15 14:11:39] local.INFO: Returning campaigns for user {"user_id":68,"campaign_count":2,"statuses":["draft","draft"]} 
[2026-04-15 14:11:40] local.INFO: ParseBearerToken middleware invoked {"path":"/api/v2/campaign","method":"GET","has_auth_header":true,"auth_header_preview":"Bearer 160|kJdpaDrHOZ9nSgkeOYj...","is_bearer":true} 
[2026-04-15 14:11:40] local.INFO: Extracted bearer token {"token_preview":"160|kJdpaD...","token_length":52} 
[2026-04-15 14:11:40] local.INFO: Found personal access token {"token_id":160,"user_id":68,"revoked":null} 
[2026-04-15 14:11:40] local.INFO: User authenticated via bearer token {"user_id":68,"user_email":"freelancerzahedcreator@gmail.com"} 
[2026-04-15 14:11:40] local.INFO: Returning campaigns for user {"user_id":68,"campaign_count":2,"statuses":["draft","draft"]} 
[2026-04-15 14:12:11] local.INFO: User created during signup {"user_id":70,"user_type":"backer","role":"backer"} 
[2026-04-15 14:12:11] local.INFO: User registered {"user_id":70,"user_type":"backer"} 
[2026-04-15 14:12:11] local.ERROR: Welcome email failed: View [emails.welcome] not found.  
[2026-04-15 14:12:12] local.INFO: ParseBearerToken middleware invoked {"path":"/api/v2/pledge/user","method":"GET","has_auth_header":true,"auth_header_preview":"Bearer 164|yN43XopmirW5ti7KC4O...","is_bearer":true} 
[2026-04-15 14:12:12] local.INFO: Extracted bearer token {"token_preview":"164|yN43Xo...","token_length":52} 
[2026-04-15 14:12:12] local.INFO: Found personal access token {"token_id":164,"user_id":70,"revoked":null} 
[2026-04-15 14:12:12] local.INFO: User authenticated via bearer token {"user_id":70,"user_email":"fsdtgre5t@gmail.com"} 
[2026-04-15 14:12:13] local.INFO: ParseBearerToken middleware invoked {"path":"/api/v2/pledge/user","method":"GET","has_auth_header":true,"auth_header_preview":"Bearer 164|yN43XopmirW5ti7KC4O...","is_bearer":true} 
[2026-04-15 14:12:13] local.INFO: Extracted bearer token {"token_preview":"164|yN43Xo...","token_length":52} 
[2026-04-15 14:12:13] local.INFO: Found personal access token {"token_id":164,"user_id":70,"revoked":null} 
[2026-04-15 14:12:13] local.INFO: User authenticated via bearer token {"user_id":70,"user_email":"fsdtgre5t@gmail.com"} 
[2026-04-15 14:12:16] local.INFO: ParseBearerToken middleware invoked {"path":"/api/v2/pledge/user","method":"GET","has_auth_header":true,"auth_header_preview":"Bearer 164|yN43XopmirW5ti7KC4O...","is_bearer":true} 
[2026-04-15 14:12:16] local.INFO: Extracted bearer token {"token_preview":"164|yN43Xo...","token_length":52} 
[2026-04-15 14:12:16] local.INFO: Found personal access token {"token_id":164,"user_id":70,"revoked":null} 
[2026-04-15 14:12:16] local.INFO: User authenticated via bearer token {"user_id":70,"user_email":"fsdtgre5t@gmail.com"} 
[2026-04-15 14:12:17] local.INFO: ParseBearerToken middleware invoked {"path":"/api/v2/pledge/user","method":"GET","has_auth_header":true,"auth_header_preview":"Bearer 164|yN43XopmirW5ti7KC4O...","is_bearer":true} 
[2026-04-15 14:12:17] local.INFO: Extracted bearer token {"token_preview":"164|yN43Xo...","token_length":52} 
[2026-04-15 14:12:17] local.INFO: Found personal access token {"token_id":164,"user_id":70,"revoked":null} 
[2026-04-15 14:12:17] local.INFO: User authenticated via bearer token {"user_id":70,"user_email":"fsdtgre5t@gmail.com"} 
[2026-04-15 14:12:20] local.INFO: ParseBearerToken middleware invoked {"path":"/api/v2/pledge/user","method":"GET","has_auth_header":true,"auth_header_preview":"Bearer 164|yN43XopmirW5ti7KC4O...","is_bearer":true} 
[2026-04-15 14:12:20] local.INFO: Extracted bearer token {"token_preview":"164|yN43Xo...","token_length":52} 
[2026-04-15 14:12:20] local.INFO: Found personal access token {"token_id":164,"user_id":70,"revoked":null} 
[2026-04-15 14:12:20] local.INFO: User authenticated via bearer token {"user_id":70,"user_email":"fsdtgre5t@gmail.com"} 
[2026-04-15 14:12:21] local.INFO: ParseBearerToken middleware invoked {"path":"/api/v2/pledge/user","method":"GET","has_auth_header":true,"auth_header_preview":"Bearer 164|yN43XopmirW5ti7KC4O...","is_bearer":true} 
[2026-04-15 14:12:21] local.INFO: Extracted bearer token {"token_preview":"164|yN43Xo...","token_length":52} 
[2026-04-15 14:12:21] local.INFO: Found personal access token {"token_id":164,"user_id":70,"revoked":null} 
[2026-04-15 14:12:21] local.INFO: User authenticated via bearer token {"user_id":70,"user_email":"fsdtgre5t@gmail.com"} 
[2026-04-15 14:12:50] local.INFO: ParseBearerToken middleware invoked {"path":"/api/v2/pledge/user","method":"GET","has_auth_header":true,"auth_header_preview":"Bearer 164|yN43XopmirW5ti7KC4O...","is_bearer":true} 
[2026-04-15 14:12:50] local.INFO: Extracted bearer token {"token_preview":"164|yN43Xo...","token_length":52} 
[2026-04-15 14:12:50] local.INFO: Found personal access token {"token_id":164,"user_id":70,"revoked":null} 
[2026-04-15 14:12:50] local.INFO: User authenticated via bearer token {"user_id":70,"user_email":"fsdtgre5t@gmail.com"} 
[2026-04-15 14:13:20] local.INFO: ParseBearerToken middleware invoked {"path":"/api/v2/pledge/user","method":"GET","has_auth_header":true,"auth_header_preview":"Bearer 164|yN43XopmirW5ti7KC4O...","is_bearer":true} 
[2026-04-15 14:13:20] local.INFO: Extracted bearer token {"token_preview":"164|yN43Xo...","token_length":52} 
[2026-04-15 14:13:20] local.INFO: Found personal access token {"token_id":164,"user_id":70,"revoked":null} 
[2026-04-15 14:13:20] local.INFO: User authenticated via bearer token {"user_id":70,"user_email":"fsdtgre5t@gmail.com"} 
[2026-04-15 14:13:50] local.INFO: ParseBearerToken middleware invoked {"path":"/api/v2/pledge/user","method":"GET","has_auth_header":true,"auth_header_preview":"Bearer 164|yN43XopmirW5ti7KC4O...","is_bearer":true} 
[2026-04-15 14:13:50] local.INFO: Extracted bearer token {"token_preview":"164|yN43Xo...","token_length":52} 
[2026-04-15 14:13:50] local.INFO: Found personal access token {"token_id":164,"user_id":70,"revoked":null} 
[2026-04-15 14:13:50] local.INFO: User authenticated via bearer token {"user_id":70,"user_email":"fsdtgre5t@gmail.com"} 
[2026-04-15 14:14:20] local.INFO: ParseBearerToken middleware invoked {"path":"/api/v2/pledge/user","method":"GET","has_auth_header":true,"auth_header_preview":"Bearer 164|yN43XopmirW5ti7KC4O...","is_bearer":true} 
[2026-04-15 14:14:20] local.INFO: Extracted bearer token {"token_preview":"164|yN43Xo...","token_length":52} 
[2026-04-15 14:14:20] local.INFO: Found personal access token {"token_id":164,"user_id":70,"revoked":null} 
[2026-04-15 14:14:20] local.INFO: User authenticated via bearer token {"user_id":70,"user_email":"fsdtgre5t@gmail.com"} 
[2026-04-15 14:14:50] local.INFO: ParseBearerToken middleware invoked {"path":"/api/v2/pledge/user","method":"GET","has_auth_header":true,"auth_header_preview":"Bearer 164|yN43XopmirW5ti7KC4O...","is_bearer":true} 
[2026-04-15 14:14:50] local.INFO: Extracted bearer token {"token_preview":"164|yN43Xo...","token_length":52} 
[2026-04-15 14:14:50] local.INFO: Found personal access token {"token_id":164,"user_id":70,"revoked":null} 
[2026-04-15 14:14:50] local.INFO: User authenticated via bearer token {"user_id":70,"user_email":"fsdtgre5t@gmail.com"} 
[2026-04-15 14:15:20] local.INFO: ParseBearerToken middleware invoked {"path":"/api/v2/pledge/user","method":"GET","has_auth_header":true,"auth_header_preview":"Bearer 164|yN43XopmirW5ti7KC4O...","is_bearer":true} 
[2026-04-15 14:15:20] local.INFO: Extracted bearer token {"token_preview":"164|yN43Xo...","token_length":52} 
[2026-04-15 14:15:20] local.INFO: Found personal access token {"token_id":164,"user_id":70,"revoked":null} 
[2026-04-15 14:15:20] local.INFO: User authenticated via bearer token {"user_id":70,"user_email":"fsdtgre5t@gmail.com"} 
[2026-04-15 14:15:26] local.INFO: ParseBearerToken middleware invoked {"path":"/api/v2/pledge/user","method":"GET","has_auth_header":true,"auth_header_preview":"Bearer 163|wuFh1qiVsJA93LsN7gf...","is_bearer":true} 
[2026-04-15 14:15:26] local.INFO: Extracted bearer token {"token_preview":"163|wuFh1q...","token_length":52} 
[2026-04-15 14:15:26] local.INFO: Found personal access token {"token_id":163,"user_id":69,"revoked":null} 
[2026-04-15 14:15:26] local.INFO: User authenticated via bearer token {"user_id":69,"user_email":"deomoback@gmail.com"} 
[2026-04-15 14:15:26] local.INFO: ParseBearerToken middleware invoked {"path":"/api/v2/pledge/user","method":"GET","has_auth_header":true,"auth_header_preview":"Bearer 163|wuFh1qiVsJA93LsN7gf...","is_bearer":true} 
[2026-04-15 14:15:26] local.INFO: Extracted bearer token {"token_preview":"163|wuFh1q...","token_length":52} 
[2026-04-15 14:15:26] local.INFO: Found personal access token {"token_id":163,"user_id":69,"revoked":null} 
[2026-04-15 14:15:26] local.INFO: User authenticated via bearer token {"user_id":69,"user_email":"deomoback@gmail.com"} 
[2026-04-15 14:15:50] local.INFO: ParseBearerToken middleware invoked {"path":"/api/v2/pledge/user","method":"GET","has_auth_header":true,"auth_header_preview":"Bearer 164|yN43XopmirW5ti7KC4O...","is_bearer":true} 
[2026-04-15 14:15:50] local.INFO: Extracted bearer token {"token_preview":"164|yN43Xo...","token_length":52} 
[2026-04-15 14:15:50] local.INFO: Found personal access token {"token_id":164,"user_id":70,"revoked":null} 
[2026-04-15 14:15:50] local.INFO: User authenticated via bearer token {"user_id":70,"user_email":"fsdtgre5t@gmail.com"} 
[2026-04-15 14:15:57] local.INFO: ParseBearerToken middleware invoked {"path":"/api/v2/pledge/user","method":"GET","has_auth_header":true,"auth_header_preview":"Bearer 163|wuFh1qiVsJA93LsN7gf...","is_bearer":true} 
[2026-04-15 14:15:57] local.INFO: Extracted bearer token {"token_preview":"163|wuFh1q...","token_length":52} 
[2026-04-15 14:15:57] local.INFO: Found personal access token {"token_id":163,"user_id":69,"revoked":null} 
[2026-04-15 14:15:57] local.INFO: User authenticated via bearer token {"user_id":69,"user_email":"deomoback@gmail.com"} 
[2026-04-15 14:16:23] local.INFO: ParseBearerToken middleware invoked {"path":"/api/v2/pledge/user","method":"GET","has_auth_header":true,"auth_header_preview":"Bearer 164|yN43XopmirW5ti7KC4O...","is_bearer":true} 
[2026-04-15 14:16:23] local.INFO: Extracted bearer token {"token_preview":"164|yN43Xo...","token_length":52} 
[2026-04-15 14:16:23] local.INFO: Found personal access token {"token_id":164,"user_id":70,"revoked":null} 
[2026-04-15 14:16:23] local.INFO: User authenticated via bearer token {"user_id":70,"user_email":"fsdtgre5t@gmail.com"} 
[2026-04-15 14:16:27] local.INFO: ParseBearerToken middleware invoked {"path":"/api/v2/pledge/user","method":"GET","has_auth_header":true,"auth_header_preview":"Bearer 163|wuFh1qiVsJA93LsN7gf...","is_bearer":true} 
[2026-04-15 14:16:27] local.INFO: Extracted bearer token {"token_preview":"163|wuFh1q...","token_length":52} 
[2026-04-15 14:16:27] local.INFO: Found personal access token {"token_id":163,"user_id":69,"revoked":null} 
[2026-04-15 14:16:27] local.INFO: User authenticated via bearer token {"user_id":69,"user_email":"deomoback@gmail.com"} 
[2026-04-15 14:16:53] local.INFO: ParseBearerToken middleware invoked {"path":"/api/v2/pledge/user","method":"GET","has_auth_header":true,"auth_header_preview":"Bearer 164|yN43XopmirW5ti7KC4O...","is_bearer":true} 
[2026-04-15 14:16:53] local.INFO: Extracted bearer token {"token_preview":"164|yN43Xo...","token_length":52} 
[2026-04-15 14:16:53] local.INFO: Found personal access token {"token_id":164,"user_id":70,"revoked":null} 
[2026-04-15 14:16:53] local.INFO: User authenticated via bearer token {"user_id":70,"user_email":"fsdtgre5t@gmail.com"} 
[2026-04-15 14:16:58] local.INFO: ParseBearerToken middleware invoked {"path":"/api/v2/pledge/user","method":"GET","has_auth_header":true,"auth_header_preview":"Bearer 163|wuFh1qiVsJA93LsN7gf...","is_bearer":true} 
[2026-04-15 14:16:58] local.INFO: Extracted bearer token {"token_preview":"163|wuFh1q...","token_length":52} 
[2026-04-15 14:16:58] local.INFO: Found personal access token {"token_id":163,"user_id":69,"revoked":null} 
[2026-04-15 14:16:58] local.INFO: User authenticated via bearer token {"user_id":69,"user_email":"deomoback@gmail.com"} 
[2026-04-15 14:17:20] local.INFO: ParseBearerToken middleware invoked {"path":"/api/v2/pledge/user","method":"GET","has_auth_header":true,"auth_header_preview":"Bearer 164|yN43XopmirW5ti7KC4O...","is_bearer":true} 
[2026-04-15 14:17:20] local.INFO: Extracted bearer token {"token_preview":"164|yN43Xo...","token_length":52} 
[2026-04-15 14:17:20] local.INFO: Found personal access token {"token_id":164,"user_id":70,"revoked":null} 
[2026-04-15 14:17:20] local.INFO: User authenticated via bearer token {"user_id":70,"user_email":"fsdtgre5t@gmail.com"} 
[2026-04-15 14:17:50] local.INFO: ParseBearerToken middleware invoked {"path":"/api/v2/pledge/user","method":"GET","has_auth_header":true,"auth_header_preview":"Bearer 164|yN43XopmirW5ti7KC4O...","is_bearer":true} 
[2026-04-15 14:17:50] local.INFO: Extracted bearer token {"token_preview":"164|yN43Xo...","token_length":52} 
[2026-04-15 14:17:50] local.INFO: Found personal access token {"token_id":164,"user_id":70,"revoked":null} 
[2026-04-15 14:17:50] local.INFO: User authenticated via bearer token {"user_id":70,"user_email":"fsdtgre5t@gmail.com"} 
[2026-04-15 14:18:20] local.INFO: ParseBearerToken middleware invoked {"path":"/api/v2/pledge/user","method":"GET","has_auth_header":true,"auth_header_preview":"Bearer 164|yN43XopmirW5ti7KC4O...","is_bearer":true} 
[2026-04-15 14:18:20] local.INFO: Extracted bearer token {"token_preview":"164|yN43Xo...","token_length":52} 
[2026-04-15 14:18:20] local.INFO: Found personal access token {"token_id":164,"user_id":70,"revoked":null} 
[2026-04-15 14:18:20] local.INFO: User authenticated via bearer token {"user_id":70,"user_email":"fsdtgre5t@gmail.com"} 
[2026-04-15 14:18:50] local.INFO: ParseBearerToken middleware invoked {"path":"/api/v2/pledge/user","method":"GET","has_auth_header":true,"auth_header_preview":"Bearer 164|yN43XopmirW5ti7KC4O...","is_bearer":true} 
[2026-04-15 14:18:50] local.INFO: Extracted bearer token {"token_preview":"164|yN43Xo...","token_length":52} 
[2026-04-15 14:18:50] local.INFO: Found personal access token {"token_id":164,"user_id":70,"revoked":null} 
[2026-04-15 14:18:50] local.INFO: User authenticated via bearer token {"user_id":70,"user_email":"fsdtgre5t@gmail.com"} 
[2026-04-15 14:19:20] local.INFO: ParseBearerToken middleware invoked {"path":"/api/v2/pledge/user","method":"GET","has_auth_header":true,"auth_header_preview":"Bearer 164|yN43XopmirW5ti7KC4O...","is_bearer":true} 
[2026-04-15 14:19:20] local.INFO: Extracted bearer token {"token_preview":"164|yN43Xo...","token_length":52} 
[2026-04-15 14:19:20] local.INFO: Found personal access token {"token_id":164,"user_id":70,"revoked":null} 
[2026-04-15 14:19:20] local.INFO: User authenticated via bearer token {"user_id":70,"user_email":"fsdtgre5t@gmail.com"} 
[2026-04-15 14:19:50] local.INFO: ParseBearerToken middleware invoked {"path":"/api/v2/pledge/user","method":"GET","has_auth_header":true,"auth_header_preview":"Bearer 164|yN43XopmirW5ti7KC4O...","is_bearer":true} 
[2026-04-15 14:19:50] local.INFO: Extracted bearer token {"token_preview":"164|yN43Xo...","token_length":52} 
[2026-04-15 14:19:50] local.INFO: Found personal access token {"token_id":164,"user_id":70,"revoked":null} 
[2026-04-15 14:19:50] local.INFO: User authenticated via bearer token {"user_id":70,"user_email":"fsdtgre5t@gmail.com"} 
[2026-04-15 14:20:20] local.INFO: ParseBearerToken middleware invoked {"path":"/api/v2/pledge/user","method":"GET","has_auth_header":true,"auth_header_preview":"Bearer 164|yN43XopmirW5ti7KC4O...","is_bearer":true} 
[2026-04-15 14:20:20] local.INFO: Extracted bearer token {"token_preview":"164|yN43Xo...","token_length":52} 
[2026-04-15 14:20:20] local.INFO: Found personal access token {"token_id":164,"user_id":70,"revoked":null} 
[2026-04-15 14:20:20] local.INFO: User authenticated via bearer token {"user_id":70,"user_email":"fsdtgre5t@gmail.com"} 
[2026-04-15 14:20:51] local.INFO: ParseBearerToken middleware invoked {"path":"/api/v2/pledge/user","method":"GET","has_auth_header":true,"auth_header_preview":"Bearer 163|wuFh1qiVsJA93LsN7gf...","is_bearer":true} 
[2026-04-15 14:20:51] local.INFO: Extracted bearer token {"token_preview":"163|wuFh1q...","token_length":52} 
[2026-04-15 14:20:51] local.INFO: Found personal access token {"token_id":163,"user_id":69,"revoked":null} 
[2026-04-15 14:20:51] local.INFO: User authenticated via bearer token {"user_id":69,"user_email":"deomoback@gmail.com"} 
[2026-04-15 14:20:53] local.INFO: ParseBearerToken middleware invoked {"path":"/api/v2/pledge/user","method":"GET","has_auth_header":true,"auth_header_preview":"Bearer 164|yN43XopmirW5ti7KC4O...","is_bearer":true} 
[2026-04-15 14:20:53] local.INFO: Extracted bearer token {"token_preview":"164|yN43Xo...","token_length":52} 
[2026-04-15 14:20:53] local.INFO: Found personal access token {"token_id":164,"user_id":70,"revoked":null} 
[2026-04-15 14:20:53] local.INFO: User authenticated via bearer token {"user_id":70,"user_email":"fsdtgre5t@gmail.com"} 
[2026-04-15 14:20:59] local.INFO: ParseBearerToken middleware invoked {"path":"/api/v2/pledge/user","method":"GET","has_auth_header":true,"auth_header_preview":"Bearer 163|wuFh1qiVsJA93LsN7gf...","is_bearer":true} 
[2026-04-15 14:20:59] local.INFO: Extracted bearer token {"token_preview":"163|wuFh1q...","token_length":52} 
[2026-04-15 14:20:59] local.INFO: Found personal access token {"token_id":163,"user_id":69,"revoked":null} 
[2026-04-15 14:20:59] local.INFO: User authenticated via bearer token {"user_id":69,"user_email":"deomoback@gmail.com"} 
[2026-04-15 14:21:21] local.INFO: ParseBearerToken middleware invoked {"path":"/api/v2/pledge/user","method":"GET","has_auth_header":true,"auth_header_preview":"Bearer 164|yN43XopmirW5ti7KC4O...","is_bearer":true} 
[2026-04-15 14:21:21] local.INFO: Extracted bearer token {"token_preview":"164|yN43Xo...","token_length":52} 
[2026-04-15 14:21:21] local.INFO: Found personal access token {"token_id":164,"user_id":70,"revoked":null} 
[2026-04-15 14:21:21] local.INFO: User authenticated via bearer token {"user_id":70,"user_email":"fsdtgre5t@gmail.com"} 
[2026-04-15 14:21:27] local.INFO: ParseBearerToken middleware invoked {"path":"/api/v2/pledge/user","method":"GET","has_auth_header":true,"auth_header_preview":"Bearer 163|wuFh1qiVsJA93LsN7gf...","is_bearer":true} 
[2026-04-15 14:21:27] local.INFO: Extracted bearer token {"token_preview":"163|wuFh1q...","token_length":52} 
[2026-04-15 14:21:27] local.INFO: Found personal access token {"token_id":163,"user_id":69,"revoked":null} 
[2026-04-15 14:21:27] local.INFO: User authenticated via bearer token {"user_id":69,"user_email":"deomoback@gmail.com"} 
[2026-04-15 14:21:50] local.INFO: ParseBearerToken middleware invoked {"path":"/api/v2/pledge/user","method":"GET","has_auth_header":true,"auth_header_preview":"Bearer 164|yN43XopmirW5ti7KC4O...","is_bearer":true} 
[2026-04-15 14:21:50] local.INFO: Extracted bearer token {"token_preview":"164|yN43Xo...","token_length":52} 
[2026-04-15 14:21:50] local.INFO: Found personal access token {"token_id":164,"user_id":70,"revoked":null} 
[2026-04-15 14:21:50] local.INFO: User authenticated via bearer token {"user_id":70,"user_email":"fsdtgre5t@gmail.com"} 
[2026-04-15 14:21:57] local.INFO: ParseBearerToken middleware invoked {"path":"/api/v2/pledge/user","method":"GET","has_auth_header":true,"auth_header_preview":"Bearer 163|wuFh1qiVsJA93LsN7gf...","is_bearer":true} 
[2026-04-15 14:21:57] local.INFO: Extracted bearer token {"token_preview":"163|wuFh1q...","token_length":52} 
[2026-04-15 14:21:57] local.INFO: Found personal access token {"token_id":163,"user_id":69,"revoked":null} 
[2026-04-15 14:21:57] local.INFO: User authenticated via bearer token {"user_id":69,"user_email":"deomoback@gmail.com"} 
[2026-04-15 14:22:20] local.INFO: ParseBearerToken middleware invoked {"path":"/api/v2/pledge/user","method":"GET","has_auth_header":true,"auth_header_preview":"Bearer 164|yN43XopmirW5ti7KC4O...","is_bearer":true} 
[2026-04-15 14:22:20] local.INFO: Extracted bearer token {"token_preview":"164|yN43Xo...","token_length":52} 
[2026-04-15 14:22:20] local.INFO: Found personal access token {"token_id":164,"user_id":70,"revoked":null} 
[2026-04-15 14:22:20] local.INFO: User authenticated via bearer token {"user_id":70,"user_email":"fsdtgre5t@gmail.com"} 
[2026-04-15 14:22:27] local.INFO: ParseBearerToken middleware invoked {"path":"/api/v2/pledge/user","method":"GET","has_auth_header":true,"auth_header_preview":"Bearer 163|wuFh1qiVsJA93LsN7gf...","is_bearer":true} 
[2026-04-15 14:22:27] local.INFO: Extracted bearer token {"token_preview":"163|wuFh1q...","token_length":52} 
[2026-04-15 14:22:27] local.INFO: Found personal access token {"token_id":163,"user_id":69,"revoked":null} 
[2026-04-15 14:22:27] local.INFO: User authenticated via bearer token {"user_id":69,"user_email":"deomoback@gmail.com"} 
[2026-04-15 14:22:50] local.INFO: ParseBearerToken middleware invoked {"path":"/api/v2/pledge/user","method":"GET","has_auth_header":true,"auth_header_preview":"Bearer 164|yN43XopmirW5ti7KC4O...","is_bearer":true} 
[2026-04-15 14:22:50] local.INFO: Extracted bearer token {"token_preview":"164|yN43Xo...","token_length":52} 
[2026-04-15 14:22:50] local.INFO: Found personal access token {"token_id":164,"user_id":70,"revoked":null} 
[2026-04-15 14:22:50] local.INFO: User authenticated via bearer token {"user_id":70,"user_email":"fsdtgre5t@gmail.com"} 
[2026-04-15 14:22:57] local.INFO: ParseBearerToken middleware invoked {"path":"/api/v2/pledge/user","method":"GET","has_auth_header":true,"auth_header_preview":"Bearer 163|wuFh1qiVsJA93LsN7gf...","is_bearer":true} 
[2026-04-15 14:22:57] local.INFO: Extracted bearer token {"token_preview":"163|wuFh1q...","token_length":52} 
[2026-04-15 14:22:57] local.INFO: Found personal access token {"token_id":163,"user_id":69,"revoked":null} 
[2026-04-15 14:22:57] local.INFO: User authenticated via bearer token {"user_id":69,"user_email":"deomoback@gmail.com"} 
[2026-04-15 14:23:20] local.INFO: ParseBearerToken middleware invoked {"path":"/api/v2/pledge/user","method":"GET","has_auth_header":true,"auth_header_preview":"Bearer 164|yN43XopmirW5ti7KC4O...","is_bearer":true} 
[2026-04-15 14:23:20] local.INFO: Extracted bearer token {"token_preview":"164|yN43Xo...","token_length":52} 
[2026-04-15 14:23:20] local.INFO: Found personal access token {"token_id":164,"user_id":70,"revoked":null} 
[2026-04-15 14:23:20] local.INFO: User authenticated via bearer token {"user_id":70,"user_email":"fsdtgre5t@gmail.com"} 
[2026-04-15 14:23:27] local.INFO: ParseBearerToken middleware invoked {"path":"/api/v2/pledge/user","method":"GET","has_auth_header":true,"auth_header_preview":"Bearer 163|wuFh1qiVsJA93LsN7gf...","is_bearer":true} 
[2026-04-15 14:23:27] local.INFO: Extracted bearer token {"token_preview":"163|wuFh1q...","token_length":52} 
[2026-04-15 14:23:27] local.INFO: Found personal access token {"token_id":163,"user_id":69,"revoked":null} 
[2026-04-15 14:23:27] local.INFO: User authenticated via bearer token {"user_id":69,"user_email":"deomoback@gmail.com"} 
[2026-04-15 14:23:50] local.INFO: ParseBearerToken middleware invoked {"path":"/api/v2/pledge/user","method":"GET","has_auth_header":true,"auth_header_preview":"Bearer 164|yN43XopmirW5ti7KC4O...","is_bearer":true} 
[2026-04-15 14:23:50] local.INFO: Extracted bearer token {"token_preview":"164|yN43Xo...","token_length":52} 
[2026-04-15 14:23:50] local.INFO: Found personal access token {"token_id":164,"user_id":70,"revoked":null} 
[2026-04-15 14:23:50] local.INFO: User authenticated via bearer token {"user_id":70,"user_email":"fsdtgre5t@gmail.com"} 
[2026-04-15 14:23:57] local.INFO: ParseBearerToken middleware invoked {"path":"/api/v2/pledge/user","method":"GET","has_auth_header":true,"auth_header_preview":"Bearer 163|wuFh1qiVsJA93LsN7gf...","is_bearer":true} 
[2026-04-15 14:23:57] local.INFO: Extracted bearer token {"token_preview":"163|wuFh1q...","token_length":52} 
[2026-04-15 14:23:57] local.INFO: Found personal access token {"token_id":163,"user_id":69,"revoked":null} 
[2026-04-15 14:23:57] local.INFO: User authenticated via bearer token {"user_id":69,"user_email":"deomoback@gmail.com"} 
[2026-04-15 14:24:20] local.INFO: ParseBearerToken middleware invoked {"path":"/api/v2/pledge/user","method":"GET","has_auth_header":true,"auth_header_preview":"Bearer 164|yN43XopmirW5ti7KC4O...","is_bearer":true} 
[2026-04-15 14:24:20] local.INFO: Extracted bearer token {"token_preview":"164|yN43Xo...","token_length":52} 
[2026-04-15 14:24:20] local.INFO: Found personal access token {"token_id":164,"user_id":70,"revoked":null} 
[2026-04-15 14:24:20] local.INFO: User authenticated via bearer token {"user_id":70,"user_email":"fsdtgre5t@gmail.com"} 
[2026-04-15 14:24:27] local.INFO: ParseBearerToken middleware invoked {"path":"/api/v2/pledge/user","method":"GET","has_auth_header":true,"auth_header_preview":"Bearer 163|wuFh1qiVsJA93LsN7gf...","is_bearer":true} 
[2026-04-15 14:24:27] local.INFO: Extracted bearer token {"token_preview":"163|wuFh1q...","token_length":52} 
[2026-04-15 14:24:27] local.INFO: Found personal access token {"token_id":163,"user_id":69,"revoked":null} 
[2026-04-15 14:24:27] local.INFO: User authenticated via bearer token {"user_id":69,"user_email":"deomoback@gmail.com"} 
[2026-04-15 14:24:50] local.INFO: ParseBearerToken middleware invoked {"path":"/api/v2/pledge/user","method":"GET","has_auth_header":true,"auth_header_preview":"Bearer 164|yN43XopmirW5ti7KC4O...","is_bearer":true} 
[2026-04-15 14:24:50] local.INFO: Extracted bearer token {"token_preview":"164|yN43Xo...","token_length":52} 
[2026-04-15 14:24:50] local.INFO: Found personal access token {"token_id":164,"user_id":70,"revoked":null} 
[2026-04-15 14:24:50] local.INFO: User authenticated via bearer token {"user_id":70,"user_email":"fsdtgre5t@gmail.com"} 
[2026-04-15 14:24:57] local.INFO: ParseBearerToken middleware invoked {"path":"/api/v2/pledge/user","method":"GET","has_auth_header":true,"auth_header_preview":"Bearer 163|wuFh1qiVsJA93LsN7gf...","is_bearer":true} 
[2026-04-15 14:24:57] local.INFO: Extracted bearer token {"token_preview":"163|wuFh1q...","token_length":52} 
[2026-04-15 14:24:57] local.INFO: Found personal access token {"token_id":163,"user_id":69,"revoked":null} 
[2026-04-15 14:24:57] local.INFO: User authenticated via bearer token {"user_id":69,"user_email":"deomoback@gmail.com"} 
[2026-04-15 14:25:20] local.INFO: ParseBearerToken middleware invoked {"path":"/api/v2/pledge/user","method":"GET","has_auth_header":true,"auth_header_preview":"Bearer 164|yN43XopmirW5ti7KC4O...","is_bearer":true} 
[2026-04-15 14:25:20] local.INFO: Extracted bearer token {"token_preview":"164|yN43Xo...","token_length":52} 
[2026-04-15 14:25:20] local.INFO: Found personal access token {"token_id":164,"user_id":70,"revoked":null} 
[2026-04-15 14:25:20] local.INFO: User authenticated via bearer token {"user_id":70,"user_email":"fsdtgre5t@gmail.com"} 
[2026-04-15 14:25:27] local.INFO: ParseBearerToken middleware invoked {"path":"/api/v2/pledge/user","method":"GET","has_auth_header":true,"auth_header_preview":"Bearer 163|wuFh1qiVsJA93LsN7gf...","is_bearer":true} 
[2026-04-15 14:25:27] local.INFO: Extracted bearer token {"token_preview":"163|wuFh1q...","token_length":52} 
[2026-04-15 14:25:27] local.INFO: Found personal access token {"token_id":163,"user_id":69,"revoked":null} 
[2026-04-15 14:25:27] local.INFO: User authenticated via bearer token {"user_id":69,"user_email":"deomoback@gmail.com"} 
[2026-04-15 14:25:50] local.INFO: ParseBearerToken middleware invoked {"path":"/api/v2/pledge/user","method":"GET","has_auth_header":true,"auth_header_preview":"Bearer 164|yN43XopmirW5ti7KC4O...","is_bearer":true} 
[2026-04-15 14:25:50] local.INFO: Extracted bearer token {"token_preview":"164|yN43Xo...","token_length":52} 
[2026-04-15 14:25:50] local.INFO: Found personal access token {"token_id":164,"user_id":70,"revoked":null} 
[2026-04-15 14:25:50] local.INFO: User authenticated via bearer token {"user_id":70,"user_email":"fsdtgre5t@gmail.com"} 
[2026-04-15 14:26:20] local.INFO: ParseBearerToken middleware invoked {"path":"/api/v2/pledge/user","method":"GET","has_auth_header":true,"auth_header_preview":"Bearer 164|yN43XopmirW5ti7KC4O...","is_bearer":true} 
[2026-04-15 14:26:20] local.INFO: Extracted bearer token {"token_preview":"164|yN43Xo...","token_length":52} 
[2026-04-15 14:26:20] local.INFO: Found personal access token {"token_id":164,"user_id":70,"revoked":null} 
[2026-04-15 14:26:20] local.INFO: User authenticated via bearer token {"user_id":70,"user_email":"fsdtgre5t@gmail.com"} 
[2026-04-15 14:26:24] local.INFO: ParseBearerToken middleware invoked {"path":"/api/v2/pledge/user","method":"GET","has_auth_header":true,"auth_header_preview":"Bearer 163|wuFh1qiVsJA93LsN7gf...","is_bearer":true} 
[2026-04-15 14:26:24] local.INFO: Extracted bearer token {"token_preview":"163|wuFh1q...","token_length":52} 
[2026-04-15 14:26:24] local.INFO: Found personal access token {"token_id":163,"user_id":69,"revoked":null} 
[2026-04-15 14:26:24] local.INFO: User authenticated via bearer token {"user_id":69,"user_email":"deomoback@gmail.com"} 
[2026-04-15 14:26:50] local.INFO: ParseBearerToken middleware invoked {"path":"/api/v2/pledge/user","method":"GET","has_auth_header":true,"auth_header_preview":"Bearer 164|yN43XopmirW5ti7KC4O...","is_bearer":true} 
[2026-04-15 14:26:50] local.INFO: Extracted bearer token {"token_preview":"164|yN43Xo...","token_length":52} 
[2026-04-15 14:26:50] local.INFO: Found personal access token {"token_id":164,"user_id":70,"revoked":null} 
[2026-04-15 14:26:50] local.INFO: User authenticated via bearer token {"user_id":70,"user_email":"fsdtgre5t@gmail.com"} 
[2026-04-15 14:27:20] local.INFO: ParseBearerToken middleware invoked {"path":"/api/v2/pledge/user","method":"GET","has_auth_header":true,"auth_header_preview":"Bearer 164|yN43XopmirW5ti7KC4O...","is_bearer":true} 
[2026-04-15 14:27:20] local.INFO: Extracted bearer token {"token_preview":"164|yN43Xo...","token_length":52} 
[2026-04-15 14:27:20] local.INFO: Found personal access token {"token_id":164,"user_id":70,"revoked":null} 
[2026-04-15 14:27:20] local.INFO: User authenticated via bearer token {"user_id":70,"user_email":"fsdtgre5t@gmail.com"} 
[2026-04-15 14:27:24] local.INFO: ParseBearerToken middleware invoked {"path":"/api/v2/pledge/user","method":"GET","has_auth_header":true,"auth_header_preview":"Bearer 163|wuFh1qiVsJA93LsN7gf...","is_bearer":true} 
[2026-04-15 14:27:24] local.INFO: Extracted bearer token {"token_preview":"163|wuFh1q...","token_length":52} 
[2026-04-15 14:27:24] local.INFO: Found personal access token {"token_id":163,"user_id":69,"revoked":null} 
[2026-04-15 14:27:24] local.INFO: User authenticated via bearer token {"user_id":69,"user_email":"deomoback@gmail.com"} 
[2026-04-15 14:27:50] local.INFO: ParseBearerToken middleware invoked {"path":"/api/v2/pledge/user","method":"GET","has_auth_header":true,"auth_header_preview":"Bearer 164|yN43XopmirW5ti7KC4O...","is_bearer":true} 
[2026-04-15 14:27:50] local.INFO: Extracted bearer token {"token_preview":"164|yN43Xo...","token_length":52} 
[2026-04-15 14:27:50] local.INFO: Found personal access token {"token_id":164,"user_id":70,"revoked":null} 
[2026-04-15 14:27:50] local.INFO: User authenticated via bearer token {"user_id":70,"user_email":"fsdtgre5t@gmail.com"} 
[2026-04-15 14:28:20] local.INFO: ParseBearerToken middleware invoked {"path":"/api/v2/pledge/user","method":"GET","has_auth_header":true,"auth_header_preview":"Bearer 164|yN43XopmirW5ti7KC4O...","is_bearer":true} 
[2026-04-15 14:28:20] local.INFO: Extracted bearer token {"token_preview":"164|yN43Xo...","token_length":52} 
[2026-04-15 14:28:20] local.INFO: Found personal access token {"token_id":164,"user_id":70,"revoked":null} 
[2026-04-15 14:28:20] local.INFO: User authenticated via bearer token {"user_id":70,"user_email":"fsdtgre5t@gmail.com"} 
[2026-04-15 14:28:25] local.INFO: ParseBearerToken middleware invoked {"path":"/api/v2/pledge/user","method":"GET","has_auth_header":true,"auth_header_preview":"Bearer 163|wuFh1qiVsJA93LsN7gf...","is_bearer":true} 
[2026-04-15 14:28:25] local.INFO: Extracted bearer token {"token_preview":"163|wuFh1q...","token_length":52} 
[2026-04-15 14:28:25] local.INFO: Found personal access token {"token_id":163,"user_id":69,"revoked":null} 
[2026-04-15 14:28:25] local.INFO: User authenticated via bearer token {"user_id":69,"user_email":"deomoback@gmail.com"} 
[2026-04-15 14:28:52] local.INFO: ParseBearerToken middleware invoked {"path":"/api/v2/pledge/user","method":"GET","has_auth_header":true,"auth_header_preview":"Bearer 164|yN43XopmirW5ti7KC4O...","is_bearer":true} 
[2026-04-15 14:28:52] local.INFO: Extracted bearer token {"token_preview":"164|yN43Xo...","token_length":52} 
[2026-04-15 14:28:52] local.INFO: Found personal access token {"token_id":164,"user_id":70,"revoked":null} 
[2026-04-15 14:28:52] local.INFO: User authenticated via bearer token {"user_id":70,"user_email":"fsdtgre5t@gmail.com"} 
[2026-04-15 14:29:22] local.INFO: ParseBearerToken middleware invoked {"path":"/api/v2/pledge/user","method":"GET","has_auth_header":true,"auth_header_preview":"Bearer 164|yN43XopmirW5ti7KC4O...","is_bearer":true} 
[2026-04-15 14:29:22] local.INFO: Extracted bearer token {"token_preview":"164|yN43Xo...","token_length":52} 
[2026-04-15 14:29:22] local.INFO: Found personal access token {"token_id":164,"user_id":70,"revoked":null} 
[2026-04-15 14:29:22] local.INFO: User authenticated via bearer token {"user_id":70,"user_email":"fsdtgre5t@gmail.com"} 
[2026-04-15 14:29:28] local.INFO: ParseBearerToken middleware invoked {"path":"/api/v2/pledge/user","method":"GET","has_auth_header":true,"auth_header_preview":"Bearer 163|wuFh1qiVsJA93LsN7gf...","is_bearer":true} 
[2026-04-15 14:29:28] local.INFO: Extracted bearer token {"token_preview":"163|wuFh1q...","token_length":52} 
[2026-04-15 14:29:28] local.INFO: Found personal access token {"token_id":163,"user_id":69,"revoked":null} 
[2026-04-15 14:29:28] local.INFO: User authenticated via bearer token {"user_id":69,"user_email":"deomoback@gmail.com"} 
[2026-04-15 14:29:52] local.INFO: ParseBearerToken middleware invoked {"path":"/api/v2/pledge/user","method":"GET","has_auth_header":true,"auth_header_preview":"Bearer 164|yN43XopmirW5ti7KC4O...","is_bearer":true} 
[2026-04-15 14:29:52] local.INFO: Extracted bearer token {"token_preview":"164|yN43Xo...","token_length":52} 
[2026-04-15 14:29:52] local.INFO: Found personal access token {"token_id":164,"user_id":70,"revoked":null} 
[2026-04-15 14:29:52] local.INFO: User authenticated via bearer token {"user_id":70,"user_email":"fsdtgre5t@gmail.com"} 
[2026-04-15 14:30:26] local.INFO: ParseBearerToken middleware invoked {"path":"/api/v2/pledge/user","method":"GET","has_auth_header":true,"auth_header_preview":"Bearer 164|yN43XopmirW5ti7KC4O...","is_bearer":true} 
[2026-04-15 14:30:26] local.INFO: Extracted bearer token {"token_preview":"164|yN43Xo...","token_length":52} 
[2026-04-15 14:30:26] local.INFO: Found personal access token {"token_id":164,"user_id":70,"revoked":null} 
[2026-04-15 14:30:26] local.INFO: User authenticated via bearer token {"user_id":70,"user_email":"fsdtgre5t@gmail.com"} 
[2026-04-15 14:30:28] local.INFO: ParseBearerToken middleware invoked {"path":"/api/v2/pledge/user","method":"GET","has_auth_header":true,"auth_header_preview":"Bearer 163|wuFh1qiVsJA93LsN7gf...","is_bearer":true} 
[2026-04-15 14:30:28] local.INFO: Extracted bearer token {"token_preview":"163|wuFh1q...","token_length":52} 
[2026-04-15 14:30:28] local.INFO: Found personal access token {"token_id":163,"user_id":69,"revoked":null} 
[2026-04-15 14:30:28] local.INFO: User authenticated via bearer token {"user_id":69,"user_email":"deomoback@gmail.com"} 
[2026-04-15 14:30:56] local.INFO: ParseBearerToken middleware invoked {"path":"/api/v2/pledge/user","method":"GET","has_auth_header":true,"auth_header_preview":"Bearer 164|yN43XopmirW5ti7KC4O...","is_bearer":true} 
[2026-04-15 14:30:56] local.INFO: Extracted bearer token {"token_preview":"164|yN43Xo...","token_length":52} 
[2026-04-15 14:30:56] local.INFO: Found personal access token {"token_id":164,"user_id":70,"revoked":null} 
[2026-04-15 14:30:56] local.INFO: User authenticated via bearer token {"user_id":70,"user_email":"fsdtgre5t@gmail.com"} 
[2026-04-15 14:31:24] local.INFO: ParseBearerToken middleware invoked {"path":"/api/v2/pledge/user","method":"GET","has_auth_header":true,"auth_header_preview":"Bearer 164|yN43XopmirW5ti7KC4O...","is_bearer":true} 
[2026-04-15 14:31:24] local.INFO: Extracted bearer token {"token_preview":"164|yN43Xo...","token_length":52} 
[2026-04-15 14:31:24] local.INFO: Found personal access token {"token_id":164,"user_id":70,"revoked":null} 
[2026-04-15 14:31:24] local.INFO: User authenticated via bearer token {"user_id":70,"user_email":"fsdtgre5t@gmail.com"} 
[2026-04-15 14:31:26] local.INFO: ParseBearerToken middleware invoked {"path":"/api/v2/pledge/user","method":"GET","has_auth_header":true,"auth_header_preview":"Bearer 163|wuFh1qiVsJA93LsN7gf...","is_bearer":true} 
[2026-04-15 14:31:26] local.INFO: Extracted bearer token {"token_preview":"163|wuFh1q...","token_length":52} 
[2026-04-15 14:31:26] local.INFO: Found personal access token {"token_id":163,"user_id":69,"revoked":null} 
[2026-04-15 14:31:26] local.INFO: User authenticated via bearer token {"user_id":69,"user_email":"deomoback@gmail.com"} 
[2026-04-15 14:31:52] local.INFO: ParseBearerToken middleware invoked {"path":"/api/v2/pledge/user","method":"GET","has_auth_header":true,"auth_header_preview":"Bearer 164|yN43XopmirW5ti7KC4O...","is_bearer":true} 
[2026-04-15 14:31:52] local.INFO: Extracted bearer token {"token_preview":"164|yN43Xo...","token_length":52} 
[2026-04-15 14:31:52] local.INFO: Found personal access token {"token_id":164,"user_id":70,"revoked":null} 
[2026-04-15 14:31:52] local.INFO: User authenticated via bearer token {"user_id":70,"user_email":"fsdtgre5t@gmail.com"} 
[2026-04-15 14:32:28] local.INFO: ParseBearerToken middleware invoked {"path":"/api/v2/pledge/user","method":"GET","has_auth_header":true,"auth_header_preview":"Bearer 163|wuFh1qiVsJA93LsN7gf...","is_bearer":true} 
[2026-04-15 14:32:28] local.INFO: Extracted bearer token {"token_preview":"163|wuFh1q...","token_length":52} 
[2026-04-15 14:32:28] local.INFO: Found personal access token {"token_id":163,"user_id":69,"revoked":null} 
[2026-04-15 14:32:28] local.INFO: User authenticated via bearer token {"user_id":69,"user_email":"deomoback@gmail.com"} 
[2026-04-15 14:32:53] local.INFO: ParseBearerToken middleware invoked {"path":"/api/v2/pledge/user","method":"GET","has_auth_header":true,"auth_header_preview":"Bearer 164|yN43XopmirW5ti7KC4O...","is_bearer":true} 
[2026-04-15 14:32:53] local.INFO: Extracted bearer token {"token_preview":"164|yN43Xo...","token_length":52} 
[2026-04-15 14:32:53] local.INFO: Found personal access token {"token_id":164,"user_id":70,"revoked":null} 
[2026-04-15 14:32:53] local.INFO: User authenticated via bearer token {"user_id":70,"user_email":"fsdtgre5t@gmail.com"} 
[2026-04-15 14:33:22] local.INFO: ParseBearerToken middleware invoked {"path":"/api/v2/pledge/user","method":"GET","has_auth_header":true,"auth_header_preview":"Bearer 164|yN43XopmirW5ti7KC4O...","is_bearer":true} 
[2026-04-15 14:33:22] local.INFO: Extracted bearer token {"token_preview":"164|yN43Xo...","token_length":52} 
[2026-04-15 14:33:22] local.INFO: Found personal access token {"token_id":164,"user_id":70,"revoked":null} 
[2026-04-15 14:33:22] local.INFO: User authenticated via bearer token {"user_id":70,"user_email":"fsdtgre5t@gmail.com"} 
[2026-04-15 14:33:24] local.INFO: ParseBearerToken middleware invoked {"path":"/api/v2/pledge/user","method":"GET","has_auth_header":true,"auth_header_preview":"Bearer 163|wuFh1qiVsJA93LsN7gf...","is_bearer":true} 
[2026-04-15 14:33:24] local.INFO: Extracted bearer token {"token_preview":"163|wuFh1q...","token_length":52} 
[2026-04-15 14:33:24] local.INFO: Found personal access token {"token_id":163,"user_id":69,"revoked":null} 
[2026-04-15 14:33:24] local.INFO: User authenticated via bearer token {"user_id":69,"user_email":"deomoback@gmail.com"} 
[2026-04-15 14:33:51] local.INFO: ParseBearerToken middleware invoked {"path":"/api/v2/pledge/user","method":"GET","has_auth_header":true,"auth_header_preview":"Bearer 164|yN43XopmirW5ti7KC4O...","is_bearer":true} 
[2026-04-15 14:33:51] local.INFO: Extracted bearer token {"token_preview":"164|yN43Xo...","token_length":52} 
[2026-04-15 14:33:51] local.INFO: Found personal access token {"token_id":164,"user_id":70,"revoked":null} 
[2026-04-15 14:33:51] local.INFO: User authenticated via bearer token {"user_id":70,"user_email":"fsdtgre5t@gmail.com"} 
[2026-04-15 14:34:23] local.INFO: ParseBearerToken middleware invoked {"path":"/api/v2/pledge/user","method":"GET","has_auth_header":true,"auth_header_preview":"Bearer 164|yN43XopmirW5ti7KC4O...","is_bearer":true} 
[2026-04-15 14:34:23] local.INFO: Extracted bearer token {"token_preview":"164|yN43Xo...","token_length":52} 
[2026-04-15 14:34:23] local.INFO: Found personal access token {"token_id":164,"user_id":70,"revoked":null} 
[2026-04-15 14:34:23] local.INFO: User authenticated via bearer token {"user_id":70,"user_email":"fsdtgre5t@gmail.com"} 
[2026-04-15 14:34:25] local.INFO: ParseBearerToken middleware invoked {"path":"/api/v2/pledge/user","method":"GET","has_auth_header":true,"auth_header_preview":"Bearer 163|wuFh1qiVsJA93LsN7gf...","is_bearer":true} 
[2026-04-15 14:34:25] local.INFO: Extracted bearer token {"token_preview":"163|wuFh1q...","token_length":52} 
[2026-04-15 14:34:25] local.INFO: Found personal access token {"token_id":163,"user_id":69,"revoked":null} 
[2026-04-15 14:34:25] local.INFO: User authenticated via bearer token {"user_id":69,"user_email":"deomoback@gmail.com"} 
[2026-04-15 14:34:50] local.INFO: ParseBearerToken middleware invoked {"path":"/api/v2/pledge/user","method":"GET","has_auth_header":true,"auth_header_preview":"Bearer 164|yN43XopmirW5ti7KC4O...","is_bearer":true} 
[2026-04-15 14:34:50] local.INFO: Extracted bearer token {"token_preview":"164|yN43Xo...","token_length":52} 
[2026-04-15 14:34:50] local.INFO: Found personal access token {"token_id":164,"user_id":70,"revoked":null} 
[2026-04-15 14:34:50] local.INFO: User authenticated via bearer token {"user_id":70,"user_email":"fsdtgre5t@gmail.com"} 
[2026-04-15 14:35:21] local.INFO: ParseBearerToken middleware invoked {"path":"/api/v2/pledge/user","method":"GET","has_auth_header":true,"auth_header_preview":"Bearer 164|yN43XopmirW5ti7KC4O...","is_bearer":true} 
[2026-04-15 14:35:21] local.INFO: Extracted bearer token {"token_preview":"164|yN43Xo...","token_length":52} 
[2026-04-15 14:35:21] local.INFO: Found personal access token {"token_id":164,"user_id":70,"revoked":null} 
[2026-04-15 14:35:21] local.INFO: User authenticated via bearer token {"user_id":70,"user_email":"fsdtgre5t@gmail.com"} 
[2026-04-15 14:35:26] local.INFO: ParseBearerToken middleware invoked {"path":"/api/v2/pledge/user","method":"GET","has_auth_header":true,"auth_header_preview":"Bearer 163|wuFh1qiVsJA93LsN7gf...","is_bearer":true} 
[2026-04-15 14:35:26] local.INFO: Extracted bearer token {"token_preview":"163|wuFh1q...","token_length":52} 
[2026-04-15 14:35:26] local.INFO: Found personal access token {"token_id":163,"user_id":69,"revoked":null} 
[2026-04-15 14:35:26] local.INFO: User authenticated via bearer token {"user_id":69,"user_email":"deomoback@gmail.com"} 
[2026-04-15 14:35:57] local.INFO: ParseBearerToken middleware invoked {"path":"/api/v2/pledge/user","method":"GET","has_auth_header":true,"auth_header_preview":"Bearer 164|yN43XopmirW5ti7KC4O...","is_bearer":true} 
[2026-04-15 14:35:58] local.INFO: Extracted bearer token {"token_preview":"164|yN43Xo...","token_length":52} 
[2026-04-15 14:35:58] local.INFO: Found personal access token {"token_id":164,"user_id":70,"revoked":null} 
[2026-04-15 14:35:58] local.INFO: User authenticated via bearer token {"user_id":70,"user_email":"fsdtgre5t@gmail.com"} 
[2026-04-15 14:36:23] local.INFO: ParseBearerToken middleware invoked {"path":"/api/v2/pledge/user","method":"GET","has_auth_header":true,"auth_header_preview":"Bearer 164|yN43XopmirW5ti7KC4O...","is_bearer":true} 
[2026-04-15 14:36:23] local.INFO: Extracted bearer token {"token_preview":"164|yN43Xo...","token_length":52} 
[2026-04-15 14:36:23] local.INFO: Found personal access token {"token_id":164,"user_id":70,"revoked":null} 
[2026-04-15 14:36:23] local.INFO: User authenticated via bearer token {"user_id":70,"user_email":"fsdtgre5t@gmail.com"} 
[2026-04-15 14:36:51] local.INFO: ParseBearerToken middleware invoked {"path":"/api/v2/pledge/user","method":"GET","has_auth_header":true,"auth_header_preview":"Bearer 164|yN43XopmirW5ti7KC4O...","is_bearer":true} 
[2026-04-15 14:36:51] local.INFO: Extracted bearer token {"token_preview":"164|yN43Xo...","token_length":52} 
[2026-04-15 14:36:51] local.INFO: Found personal access token {"token_id":164,"user_id":70,"revoked":null} 
[2026-04-15 14:36:51] local.INFO: User authenticated via bearer token {"user_id":70,"user_email":"fsdtgre5t@gmail.com"} 
[2026-04-15 14:37:20] local.INFO: ParseBearerToken middleware invoked {"path":"/api/v2/pledge/user","method":"GET","has_auth_header":true,"auth_header_preview":"Bearer 164|yN43XopmirW5ti7KC4O...","is_bearer":true} 
[2026-04-15 14:37:20] local.INFO: Extracted bearer token {"token_preview":"164|yN43Xo...","token_length":52} 
[2026-04-15 14:37:20] local.INFO: Found personal access token {"token_id":164,"user_id":70,"revoked":null} 
[2026-04-15 14:37:20] local.INFO: User authenticated via bearer token {"user_id":70,"user_email":"fsdtgre5t@gmail.com"} 
[2026-04-15 14:37:50] local.INFO: ParseBearerToken middleware invoked {"path":"/api/v2/pledge/user","method":"GET","has_auth_header":true,"auth_header_preview":"Bearer 164|yN43XopmirW5ti7KC4O...","is_bearer":true} 
[2026-04-15 14:37:50] local.INFO: Extracted bearer token {"token_preview":"164|yN43Xo...","token_length":52} 
[2026-04-15 14:37:50] local.INFO: Found personal access token {"token_id":164,"user_id":70,"revoked":null} 
[2026-04-15 14:37:50] local.INFO: User authenticated via bearer token {"user_id":70,"user_email":"fsdtgre5t@gmail.com"} 
[2026-04-15 14:38:20] local.INFO: ParseBearerToken middleware invoked {"path":"/api/v2/pledge/user","method":"GET","has_auth_header":true,"auth_header_preview":"Bearer 164|yN43XopmirW5ti7KC4O...","is_bearer":true} 
[2026-04-15 14:38:20] local.INFO: Extracted bearer token {"token_preview":"164|yN43Xo...","token_length":52} 
[2026-04-15 14:38:20] local.INFO: Found personal access token {"token_id":164,"user_id":70,"revoked":null} 
[2026-04-15 14:38:20] local.INFO: User authenticated via bearer token {"user_id":70,"user_email":"fsdtgre5t@gmail.com"} 
[2026-04-15 14:38:50] local.INFO: ParseBearerToken middleware invoked {"path":"/api/v2/pledge/user","method":"GET","has_auth_header":true,"auth_header_preview":"Bearer 164|yN43XopmirW5ti7KC4O...","is_bearer":true} 
[2026-04-15 14:38:50] local.INFO: Extracted bearer token {"token_preview":"164|yN43Xo...","token_length":52} 
[2026-04-15 14:38:50] local.INFO: Found personal access token {"token_id":164,"user_id":70,"revoked":null} 
[2026-04-15 14:38:50] local.INFO: User authenticated via bearer token {"user_id":70,"user_email":"fsdtgre5t@gmail.com"} 
[2026-04-15 14:39:20] local.INFO: ParseBearerToken middleware invoked {"path":"/api/v2/pledge/user","method":"GET","has_auth_header":true,"auth_header_preview":"Bearer 164|yN43XopmirW5ti7KC4O...","is_bearer":true} 
[2026-04-15 14:39:20] local.INFO: Extracted bearer token {"token_preview":"164|yN43Xo...","token_length":52} 
[2026-04-15 14:39:20] local.INFO: Found personal access token {"token_id":164,"user_id":70,"revoked":null} 
[2026-04-15 14:39:20] local.INFO: User authenticated via bearer token {"user_id":70,"user_email":"fsdtgre5t@gmail.com"} 
[2026-04-15 14:39:50] local.INFO: ParseBearerToken middleware invoked {"path":"/api/v2/pledge/user","method":"GET","has_auth_header":true,"auth_header_preview":"Bearer 164|yN43XopmirW5ti7KC4O...","is_bearer":true} 
[2026-04-15 14:39:50] local.INFO: Extracted bearer token {"token_preview":"164|yN43Xo...","token_length":52} 
[2026-04-15 14:39:50] local.INFO: Found personal access token {"token_id":164,"user_id":70,"revoked":null} 
[2026-04-15 14:39:50] local.INFO: User authenticated via bearer token {"user_id":70,"user_email":"fsdtgre5t@gmail.com"} 
[2026-04-15 14:40:20] local.INFO: ParseBearerToken middleware invoked {"path":"/api/v2/pledge/user","method":"GET","has_auth_header":true,"auth_header_preview":"Bearer 164|yN43XopmirW5ti7KC4O...","is_bearer":true} 
[2026-04-15 14:40:20] local.INFO: Extracted bearer token {"token_preview":"164|yN43Xo...","token_length":52} 
[2026-04-15 14:40:20] local.INFO: Found personal access token {"token_id":164,"user_id":70,"revoked":null} 
[2026-04-15 14:40:20] local.INFO: User authenticated via bearer token {"user_id":70,"user_email":"fsdtgre5t@gmail.com"} 
[2026-04-15 14:40:50] local.INFO: ParseBearerToken middleware invoked {"path":"/api/v2/pledge/user","method":"GET","has_auth_header":true,"auth_header_preview":"Bearer 164|yN43XopmirW5ti7KC4O...","is_bearer":true} 
[2026-04-15 14:40:50] local.INFO: Extracted bearer token {"token_preview":"164|yN43Xo...","token_length":52} 
[2026-04-15 14:40:50] local.INFO: Found personal access token {"token_id":164,"user_id":70,"revoked":null} 
[2026-04-15 14:40:50] local.INFO: User authenticated via bearer token {"user_id":70,"user_email":"fsdtgre5t@gmail.com"} 
[2026-04-15 14:41:20] local.INFO: ParseBearerToken middleware invoked {"path":"/api/v2/pledge/user","method":"GET","has_auth_header":true,"auth_header_preview":"Bearer 164|yN43XopmirW5ti7KC4O...","is_bearer":true} 
[2026-04-15 14:41:20] local.INFO: Extracted bearer token {"token_preview":"164|yN43Xo...","token_length":52} 
[2026-04-15 14:41:20] local.INFO: Found personal access token {"token_id":164,"user_id":70,"revoked":null} 
[2026-04-15 14:41:20] local.INFO: User authenticated via bearer token {"user_id":70,"user_email":"fsdtgre5t@gmail.com"} 
[2026-04-15 14:41:50] local.INFO: ParseBearerToken middleware invoked {"path":"/api/v2/pledge/user","method":"GET","has_auth_header":true,"auth_header_preview":"Bearer 164|yN43XopmirW5ti7KC4O...","is_bearer":true} 
[2026-04-15 14:41:50] local.INFO: Extracted bearer token {"token_preview":"164|yN43Xo...","token_length":52} 
[2026-04-15 14:41:50] local.INFO: Found personal access token {"token_id":164,"user_id":70,"revoked":null} 
[2026-04-15 14:41:50] local.INFO: User authenticated via bearer token {"user_id":70,"user_email":"fsdtgre5t@gmail.com"} 
[2026-04-15 14:42:20] local.INFO: ParseBearerToken middleware invoked {"path":"/api/v2/pledge/user","method":"GET","has_auth_header":true,"auth_header_preview":"Bearer 164|yN43XopmirW5ti7KC4O...","is_bearer":true} 
[2026-04-15 14:42:20] local.INFO: Extracted bearer token {"token_preview":"164|yN43Xo...","token_length":52} 
[2026-04-15 14:42:20] local.INFO: Found personal access token {"token_id":164,"user_id":70,"revoked":null} 
[2026-04-15 14:42:20] local.INFO: User authenticated via bearer token {"user_id":70,"user_email":"fsdtgre5t@gmail.com"} 
[2026-04-15 14:42:50] local.INFO: ParseBearerToken middleware invoked {"path":"/api/v2/pledge/user","method":"GET","has_auth_header":true,"auth_header_preview":"Bearer 164|yN43XopmirW5ti7KC4O...","is_bearer":true} 
[2026-04-15 14:42:50] local.INFO: Extracted bearer token {"token_preview":"164|yN43Xo...","token_length":52} 
[2026-04-15 14:42:50] local.INFO: Found personal access token {"token_id":164,"user_id":70,"revoked":null} 
[2026-04-15 14:42:50] local.INFO: User authenticated via bearer token {"user_id":70,"user_email":"fsdtgre5t@gmail.com"} 
[2026-04-15 14:43:20] local.INFO: ParseBearerToken middleware invoked {"path":"/api/v2/pledge/user","method":"GET","has_auth_header":true,"auth_header_preview":"Bearer 164|yN43XopmirW5ti7KC4O...","is_bearer":true} 
[2026-04-15 14:43:20] local.INFO: Extracted bearer token {"token_preview":"164|yN43Xo...","token_length":52} 
[2026-04-15 14:43:20] local.INFO: Found personal access token {"token_id":164,"user_id":70,"revoked":null} 
[2026-04-15 14:43:20] local.INFO: User authenticated via bearer token {"user_id":70,"user_email":"fsdtgre5t@gmail.com"} 
[2026-04-15 14:43:50] local.INFO: ParseBearerToken middleware invoked {"path":"/api/v2/pledge/user","method":"GET","has_auth_header":true,"auth_header_preview":"Bearer 164|yN43XopmirW5ti7KC4O...","is_bearer":true} 
[2026-04-15 14:43:50] local.INFO: Extracted bearer token {"token_preview":"164|yN43Xo...","token_length":52} 
[2026-04-15 14:43:50] local.INFO: Found personal access token {"token_id":164,"user_id":70,"revoked":null} 
[2026-04-15 14:43:50] local.INFO: User authenticated via bearer token {"user_id":70,"user_email":"fsdtgre5t@gmail.com"} 
[2026-04-15 14:44:20] local.INFO: ParseBearerToken middleware invoked {"path":"/api/v2/pledge/user","method":"GET","has_auth_header":true,"auth_header_preview":"Bearer 164|yN43XopmirW5ti7KC4O...","is_bearer":true} 
[2026-04-15 14:44:20] local.INFO: Extracted bearer token {"token_preview":"164|yN43Xo...","token_length":52} 
[2026-04-15 14:44:20] local.INFO: Found personal access token {"token_id":164,"user_id":70,"revoked":null} 
[2026-04-15 14:44:20] local.INFO: User authenticated via bearer token {"user_id":70,"user_email":"fsdtgre5t@gmail.com"} 
[2026-04-15 14:44:50] local.INFO: ParseBearerToken middleware invoked {"path":"/api/v2/pledge/user","method":"GET","has_auth_header":true,"auth_header_preview":"Bearer 164|yN43XopmirW5ti7KC4O...","is_bearer":true} 
[2026-04-15 14:44:50] local.INFO: Extracted bearer token {"token_preview":"164|yN43Xo...","token_length":52} 
[2026-04-15 14:44:50] local.INFO: Found personal access token {"token_id":164,"user_id":70,"revoked":null} 
[2026-04-15 14:44:50] local.INFO: User authenticated via bearer token {"user_id":70,"user_email":"fsdtgre5t@gmail.com"} 
[2026-04-15 14:45:20] local.INFO: ParseBearerToken middleware invoked {"path":"/api/v2/pledge/user","method":"GET","has_auth_header":true,"auth_header_preview":"Bearer 164|yN43XopmirW5ti7KC4O...","is_bearer":true} 
[2026-04-15 14:45:20] local.INFO: Extracted bearer token {"token_preview":"164|yN43Xo...","token_length":52} 
[2026-04-15 14:45:20] local.INFO: Found personal access token {"token_id":164,"user_id":70,"revoked":null} 
[2026-04-15 14:45:20] local.INFO: User authenticated via bearer token {"user_id":70,"user_email":"fsdtgre5t@gmail.com"} 
[2026-04-15 14:45:50] local.INFO: ParseBearerToken middleware invoked {"path":"/api/v2/pledge/user","method":"GET","has_auth_header":true,"auth_header_preview":"Bearer 164|yN43XopmirW5ti7KC4O...","is_bearer":true} 
[2026-04-15 14:45:50] local.INFO: Extracted bearer token {"token_preview":"164|yN43Xo...","token_length":52} 
[2026-04-15 14:45:50] local.INFO: Found personal access token {"token_id":164,"user_id":70,"revoked":null} 
[2026-04-15 14:45:50] local.INFO: User authenticated via bearer token {"user_id":70,"user_email":"fsdtgre5t@gmail.com"} 
[2026-04-15 14:46:20] local.INFO: ParseBearerToken middleware invoked {"path":"/api/v2/pledge/user","method":"GET","has_auth_header":true,"auth_header_preview":"Bearer 164|yN43XopmirW5ti7KC4O...","is_bearer":true} 
[2026-04-15 14:46:20] local.INFO: Extracted bearer token {"token_preview":"164|yN43Xo...","token_length":52} 
[2026-04-15 14:46:20] local.INFO: Found personal access token {"token_id":164,"user_id":70,"revoked":null} 
[2026-04-15 14:46:20] local.INFO: User authenticated via bearer token {"user_id":70,"user_email":"fsdtgre5t@gmail.com"} 
[2026-04-15 14:46:50] local.INFO: ParseBearerToken middleware invoked {"path":"/api/v2/pledge/user","method":"GET","has_auth_header":true,"auth_header_preview":"Bearer 164|yN43XopmirW5ti7KC4O...","is_bearer":true} 
[2026-04-15 14:46:50] local.INFO: Extracted bearer token {"token_preview":"164|yN43Xo...","token_length":52} 
[2026-04-15 14:46:50] local.INFO: Found personal access token {"token_id":164,"user_id":70,"revoked":null} 
[2026-04-15 14:46:50] local.INFO: User authenticated via bearer token {"user_id":70,"user_email":"fsdtgre5t@gmail.com"} 
[2026-04-15 14:47:20] local.INFO: ParseBearerToken middleware invoked {"path":"/api/v2/pledge/user","method":"GET","has_auth_header":true,"auth_header_preview":"Bearer 164|yN43XopmirW5ti7KC4O...","is_bearer":true} 
[2026-04-15 14:47:20] local.INFO: Extracted bearer token {"token_preview":"164|yN43Xo...","token_length":52} 
[2026-04-15 14:47:20] local.INFO: Found personal access token {"token_id":164,"user_id":70,"revoked":null} 
[2026-04-15 14:47:20] local.INFO: User authenticated via bearer token {"user_id":70,"user_email":"fsdtgre5t@gmail.com"} 
[2026-04-15 14:47:50] local.INFO: ParseBearerToken middleware invoked {"path":"/api/v2/pledge/user","method":"GET","has_auth_header":true,"auth_header_preview":"Bearer 164|yN43XopmirW5ti7KC4O...","is_bearer":true} 
[2026-04-15 14:47:50] local.INFO: Extracted bearer token {"token_preview":"164|yN43Xo...","token_length":52} 
[2026-04-15 14:47:50] local.INFO: Found personal access token {"token_id":164,"user_id":70,"revoked":null} 
[2026-04-15 14:47:50] local.INFO: User authenticated via bearer token {"user_id":70,"user_email":"fsdtgre5t@gmail.com"} 
[2026-04-15 14:48:20] local.INFO: ParseBearerToken middleware invoked {"path":"/api/v2/pledge/user","method":"GET","has_auth_header":true,"auth_header_preview":"Bearer 164|yN43XopmirW5ti7KC4O...","is_bearer":true} 
[2026-04-15 14:48:20] local.INFO: Extracted bearer token {"token_preview":"164|yN43Xo...","token_length":52} 
[2026-04-15 14:48:20] local.INFO: Found personal access token {"token_id":164,"user_id":70,"revoked":null} 
[2026-04-15 14:48:20] local.INFO: User authenticated via bearer token {"user_id":70,"user_email":"fsdtgre5t@gmail.com"} 
[2026-04-15 14:48:50] local.INFO: ParseBearerToken middleware invoked {"path":"/api/v2/pledge/user","method":"GET","has_auth_header":true,"auth_header_preview":"Bearer 164|yN43XopmirW5ti7KC4O...","is_bearer":true} 
[2026-04-15 14:48:50] local.INFO: Extracted bearer token {"token_preview":"164|yN43Xo...","token_length":52} 
[2026-04-15 14:48:50] local.INFO: Found personal access token {"token_id":164,"user_id":70,"revoked":null} 
[2026-04-15 14:48:50] local.INFO: User authenticated via bearer token {"user_id":70,"user_email":"fsdtgre5t@gmail.com"} 
[2026-04-15 14:49:20] local.INFO: ParseBearerToken middleware invoked {"path":"/api/v2/pledge/user","method":"GET","has_auth_header":true,"auth_header_preview":"Bearer 164|yN43XopmirW5ti7KC4O...","is_bearer":true} 
[2026-04-15 14:49:20] local.INFO: Extracted bearer token {"token_preview":"164|yN43Xo...","token_length":52} 
[2026-04-15 14:49:20] local.INFO: Found personal access token {"token_id":164,"user_id":70,"revoked":null} 
[2026-04-15 14:49:20] local.INFO: User authenticated via bearer token {"user_id":70,"user_email":"fsdtgre5t@gmail.com"} 
[2026-04-15 14:49:50] local.INFO: ParseBearerToken middleware invoked {"path":"/api/v2/pledge/user","method":"GET","has_auth_header":true,"auth_header_preview":"Bearer 164|yN43XopmirW5ti7KC4O...","is_bearer":true} 
[2026-04-15 14:49:50] local.INFO: Extracted bearer token {"token_preview":"164|yN43Xo...","token_length":52} 
[2026-04-15 14:49:50] local.INFO: Found personal access token {"token_id":164,"user_id":70,"revoked":null} 
[2026-04-15 14:49:50] local.INFO: User authenticated via bearer token {"user_id":70,"user_email":"fsdtgre5t@gmail.com"} 
[2026-04-15 14:50:20] local.INFO: ParseBearerToken middleware invoked {"path":"/api/v2/pledge/user","method":"GET","has_auth_header":true,"auth_header_preview":"Bearer 164|yN43XopmirW5ti7KC4O...","is_bearer":true} 
[2026-04-15 14:50:20] local.INFO: Extracted bearer token {"token_preview":"164|yN43Xo...","token_length":52} 
[2026-04-15 14:50:20] local.INFO: Found personal access token {"token_id":164,"user_id":70,"revoked":null} 
[2026-04-15 14:50:20] local.INFO: User authenticated via bearer token {"user_id":70,"user_email":"fsdtgre5t@gmail.com"} 
[2026-04-15 14:50:50] local.INFO: ParseBearerToken middleware invoked {"path":"/api/v2/pledge/user","method":"GET","has_auth_header":true,"auth_header_preview":"Bearer 164|yN43XopmirW5ti7KC4O...","is_bearer":true} 
[2026-04-15 14:50:50] local.INFO: Extracted bearer token {"token_preview":"164|yN43Xo...","token_length":52} 
[2026-04-15 14:50:50] local.INFO: Found personal access token {"token_id":164,"user_id":70,"revoked":null} 
[2026-04-15 14:50:50] local.INFO: User authenticated via bearer token {"user_id":70,"user_email":"fsdtgre5t@gmail.com"} 
[2026-04-15 14:51:20] local.INFO: ParseBearerToken middleware invoked {"path":"/api/v2/pledge/user","method":"GET","has_auth_header":true,"auth_header_preview":"Bearer 164|yN43XopmirW5ti7KC4O...","is_bearer":true} 
[2026-04-15 14:51:20] local.INFO: Extracted bearer token {"token_preview":"164|yN43Xo...","token_length":52} 
[2026-04-15 14:51:20] local.INFO: Found personal access token {"token_id":164,"user_id":70,"revoked":null} 
[2026-04-15 14:51:20] local.INFO: User authenticated via bearer token {"user_id":70,"user_email":"fsdtgre5t@gmail.com"} 
[2026-04-15 14:51:50] local.INFO: ParseBearerToken middleware invoked {"path":"/api/v2/pledge/user","method":"GET","has_auth_header":true,"auth_header_preview":"Bearer 164|yN43XopmirW5ti7KC4O...","is_bearer":true} 
[2026-04-15 14:51:50] local.INFO: Extracted bearer token {"token_preview":"164|yN43Xo...","token_length":52} 
[2026-04-15 14:51:50] local.INFO: Found personal access token {"token_id":164,"user_id":70,"revoked":null} 
[2026-04-15 14:51:50] local.INFO: User authenticated via bearer token {"user_id":70,"user_email":"fsdtgre5t@gmail.com"} 
[2026-04-15 14:52:20] local.INFO: ParseBearerToken middleware invoked {"path":"/api/v2/pledge/user","method":"GET","has_auth_header":true,"auth_header_preview":"Bearer 164|yN43XopmirW5ti7KC4O...","is_bearer":true} 
[2026-04-15 14:52:20] local.INFO: Extracted bearer token {"token_preview":"164|yN43Xo...","token_length":52} 
[2026-04-15 14:52:20] local.INFO: Found personal access token {"token_id":164,"user_id":70,"revoked":null} 
[2026-04-15 14:52:20] local.INFO: User authenticated via bearer token {"user_id":70,"user_email":"fsdtgre5t@gmail.com"} 
[2026-04-15 14:52:50] local.INFO: ParseBearerToken middleware invoked {"path":"/api/v2/pledge/user","method":"GET","has_auth_header":true,"auth_header_preview":"Bearer 164|yN43XopmirW5ti7KC4O...","is_bearer":true} 
[2026-04-15 14:52:50] local.INFO: Extracted bearer token {"token_preview":"164|yN43Xo...","token_length":52} 
[2026-04-15 14:52:50] local.INFO: Found personal access token {"token_id":164,"user_id":70,"revoked":null} 
[2026-04-15 14:52:50] local.INFO: User authenticated via bearer token {"user_id":70,"user_email":"fsdtgre5t@gmail.com"} 
[2026-04-15 14:53:20] local.INFO: ParseBearerToken middleware invoked {"path":"/api/v2/pledge/user","method":"GET","has_auth_header":true,"auth_header_preview":"Bearer 164|yN43XopmirW5ti7KC4O...","is_bearer":true} 
[2026-04-15 14:53:20] local.INFO: Extracted bearer token {"token_preview":"164|yN43Xo...","token_length":52} 
[2026-04-15 14:53:20] local.INFO: Found personal access token {"token_id":164,"user_id":70,"revoked":null} 
[2026-04-15 14:53:20] local.INFO: User authenticated via bearer token {"user_id":70,"user_email":"fsdtgre5t@gmail.com"} 
[2026-04-15 14:53:50] local.INFO: ParseBearerToken middleware invoked {"path":"/api/v2/pledge/user","method":"GET","has_auth_header":true,"auth_header_preview":"Bearer 164|yN43XopmirW5ti7KC4O...","is_bearer":true} 
[2026-04-15 14:53:50] local.INFO: Extracted bearer token {"token_preview":"164|yN43Xo...","token_length":52} 
[2026-04-15 14:53:50] local.INFO: Found personal access token {"token_id":164,"user_id":70,"revoked":null} 
[2026-04-15 14:53:50] local.INFO: User authenticated via bearer token {"user_id":70,"user_email":"fsdtgre5t@gmail.com"} 
[2026-04-15 14:54:20] local.INFO: ParseBearerToken middleware invoked {"path":"/api/v2/pledge/user","method":"GET","has_auth_header":true,"auth_header_preview":"Bearer 164|yN43XopmirW5ti7KC4O...","is_bearer":true} 
[2026-04-15 14:54:20] local.INFO: Extracted bearer token {"token_preview":"164|yN43Xo...","token_length":52} 
[2026-04-15 14:54:20] local.INFO: Found personal access token {"token_id":164,"user_id":70,"revoked":null} 
[2026-04-15 14:54:20] local.INFO: User authenticated via bearer token {"user_id":70,"user_email":"fsdtgre5t@gmail.com"} 
[2026-04-15 14:54:50] local.INFO: ParseBearerToken middleware invoked {"path":"/api/v2/pledge/user","method":"GET","has_auth_header":true,"auth_header_preview":"Bearer 164|yN43XopmirW5ti7KC4O...","is_bearer":true} 
[2026-04-15 14:54:50] local.INFO: Extracted bearer token {"token_preview":"164|yN43Xo...","token_length":52} 
[2026-04-15 14:54:50] local.INFO: Found personal access token {"token_id":164,"user_id":70,"revoked":null} 
[2026-04-15 14:54:50] local.INFO: User authenticated via bearer token {"user_id":70,"user_email":"fsdtgre5t@gmail.com"} 
[2026-04-15 14:55:20] local.INFO: ParseBearerToken middleware invoked {"path":"/api/v2/pledge/user","method":"GET","has_auth_header":true,"auth_header_preview":"Bearer 164|yN43XopmirW5ti7KC4O...","is_bearer":true} 
[2026-04-15 14:55:20] local.INFO: Extracted bearer token {"token_preview":"164|yN43Xo...","token_length":52} 
[2026-04-15 14:55:20] local.INFO: Found personal access token {"token_id":164,"user_id":70,"revoked":null} 
[2026-04-15 14:55:20] local.INFO: User authenticated via bearer token {"user_id":70,"user_email":"fsdtgre5t@gmail.com"} 
[2026-04-15 14:55:50] local.INFO: ParseBearerToken middleware invoked {"path":"/api/v2/pledge/user","method":"GET","has_auth_header":true,"auth_header_preview":"Bearer 164|yN43XopmirW5ti7KC4O...","is_bearer":true} 
[2026-04-15 14:55:50] local.INFO: Extracted bearer token {"token_preview":"164|yN43Xo...","token_length":52} 
[2026-04-15 14:55:50] local.INFO: Found personal access token {"token_id":164,"user_id":70,"revoked":null} 
[2026-04-15 14:55:50] local.INFO: User authenticated via bearer token {"user_id":70,"user_email":"fsdtgre5t@gmail.com"} 
[2026-04-15 14:56:20] local.INFO: ParseBearerToken middleware invoked {"path":"/api/v2/pledge/user","method":"GET","has_auth_header":true,"auth_header_preview":"Bearer 164|yN43XopmirW5ti7KC4O...","is_bearer":true} 
[2026-04-15 14:56:20] local.INFO: Extracted bearer token {"token_preview":"164|yN43Xo...","token_length":52} 
[2026-04-15 14:56:20] local.INFO: Found personal access token {"token_id":164,"user_id":70,"revoked":null} 
[2026-04-15 14:56:20] local.INFO: User authenticated via bearer token {"user_id":70,"user_email":"fsdtgre5t@gmail.com"} 
[2026-04-15 14:56:50] local.INFO: ParseBearerToken middleware invoked {"path":"/api/v2/pledge/user","method":"GET","has_auth_header":true,"auth_header_preview":"Bearer 164|yN43XopmirW5ti7KC4O...","is_bearer":true} 
[2026-04-15 14:56:50] local.INFO: Extracted bearer token {"token_preview":"164|yN43Xo...","token_length":52} 
[2026-04-15 14:56:50] local.INFO: Found personal access token {"token_id":164,"user_id":70,"revoked":null} 
[2026-04-15 14:56:50] local.INFO: User authenticated via bearer token {"user_id":70,"user_email":"fsdtgre5t@gmail.com"} 
[2026-04-15 14:57:20] local.INFO: ParseBearerToken middleware invoked {"path":"/api/v2/pledge/user","method":"GET","has_auth_header":true,"auth_header_preview":"Bearer 164|yN43XopmirW5ti7KC4O...","is_bearer":true} 
[2026-04-15 14:57:20] local.INFO: Extracted bearer token {"token_preview":"164|yN43Xo...","token_length":52} 
[2026-04-15 14:57:20] local.INFO: Found personal access token {"token_id":164,"user_id":70,"revoked":null} 
[2026-04-15 14:57:20] local.INFO: User authenticated via bearer token {"user_id":70,"user_email":"fsdtgre5t@gmail.com"} 
[2026-04-15 14:57:50] local.INFO: ParseBearerToken middleware invoked {"path":"/api/v2/pledge/user","method":"GET","has_auth_header":true,"auth_header_preview":"Bearer 164|yN43XopmirW5ti7KC4O...","is_bearer":true} 
[2026-04-15 14:57:50] local.INFO: Extracted bearer token {"token_preview":"164|yN43Xo...","token_length":52} 
[2026-04-15 14:57:50] local.INFO: Found personal access token {"token_id":164,"user_id":70,"revoked":null} 
[2026-04-15 14:57:50] local.INFO: User authenticated via bearer token {"user_id":70,"user_email":"fsdtgre5t@gmail.com"} 
[2026-04-15 14:58:20] local.INFO: ParseBearerToken middleware invoked {"path":"/api/v2/pledge/user","method":"GET","has_auth_header":true,"auth_header_preview":"Bearer 164|yN43XopmirW5ti7KC4O...","is_bearer":true} 
[2026-04-15 14:58:20] local.INFO: Extracted bearer token {"token_preview":"164|yN43Xo...","token_length":52} 
[2026-04-15 14:58:20] local.INFO: Found personal access token {"token_id":164,"user_id":70,"revoked":null} 
[2026-04-15 14:58:20] local.INFO: User authenticated via bearer token {"user_id":70,"user_email":"fsdtgre5t@gmail.com"} 
[2026-04-15 14:58:50] local.INFO: ParseBearerToken middleware invoked {"path":"/api/v2/pledge/user","method":"GET","has_auth_header":true,"auth_header_preview":"Bearer 164|yN43XopmirW5ti7KC4O...","is_bearer":true} 
[2026-04-15 14:58:50] local.INFO: Extracted bearer token {"token_preview":"164|yN43Xo...","token_length":52} 
[2026-04-15 14:58:50] local.INFO: Found personal access token {"token_id":164,"user_id":70,"revoked":null} 
[2026-04-15 14:58:50] local.INFO: User authenticated via bearer token {"user_id":70,"user_email":"fsdtgre5t@gmail.com"} 
[2026-04-15 14:59:20] local.INFO: ParseBearerToken middleware invoked {"path":"/api/v2/pledge/user","method":"GET","has_auth_header":true,"auth_header_preview":"Bearer 164|yN43XopmirW5ti7KC4O...","is_bearer":true} 
[2026-04-15 14:59:20] local.INFO: Extracted bearer token {"token_preview":"164|yN43Xo...","token_length":52} 
[2026-04-15 14:59:20] local.INFO: Found personal access token {"token_id":164,"user_id":70,"revoked":null} 
[2026-04-15 14:59:20] local.INFO: User authenticated via bearer token {"user_id":70,"user_email":"fsdtgre5t@gmail.com"} 
[2026-04-15 14:59:50] local.INFO: ParseBearerToken middleware invoked {"path":"/api/v2/pledge/user","method":"GET","has_auth_header":true,"auth_header_preview":"Bearer 164|yN43XopmirW5ti7KC4O...","is_bearer":true} 
[2026-04-15 14:59:50] local.INFO: Extracted bearer token {"token_preview":"164|yN43Xo...","token_length":52} 
[2026-04-15 14:59:50] local.INFO: Found personal access token {"token_id":164,"user_id":70,"revoked":null} 
[2026-04-15 14:59:50] local.INFO: User authenticated via bearer token {"user_id":70,"user_email":"fsdtgre5t@gmail.com"} 
[2026-04-15 15:00:20] local.INFO: ParseBearerToken middleware invoked {"path":"/api/v2/pledge/user","method":"GET","has_auth_header":true,"auth_header_preview":"Bearer 164|yN43XopmirW5ti7KC4O...","is_bearer":true} 
[2026-04-15 15:00:20] local.INFO: Extracted bearer token {"token_preview":"164|yN43Xo...","token_length":52} 
[2026-04-15 15:00:20] local.INFO: Found personal access token {"token_id":164,"user_id":70,"revoked":null} 
[2026-04-15 15:00:20] local.INFO: User authenticated via bearer token {"user_id":70,"user_email":"fsdtgre5t@gmail.com"} 
[2026-04-15 15:00:50] local.INFO: ParseBearerToken middleware invoked {"path":"/api/v2/pledge/user","method":"GET","has_auth_header":true,"auth_header_preview":"Bearer 164|yN43XopmirW5ti7KC4O...","is_bearer":true} 
[2026-04-15 15:00:50] local.INFO: Extracted bearer token {"token_preview":"164|yN43Xo...","token_length":52} 
[2026-04-15 15:00:50] local.INFO: Found personal access token {"token_id":164,"user_id":70,"revoked":null} 
[2026-04-15 15:00:50] local.INFO: User authenticated via bearer token {"user_id":70,"user_email":"fsdtgre5t@gmail.com"} 
[2026-04-15 15:01:20] local.INFO: ParseBearerToken middleware invoked {"path":"/api/v2/pledge/user","method":"GET","has_auth_header":true,"auth_header_preview":"Bearer 164|yN43XopmirW5ti7KC4O...","is_bearer":true} 
[2026-04-15 15:01:20] local.INFO: Extracted bearer token {"token_preview":"164|yN43Xo...","token_length":52} 
[2026-04-15 15:01:20] local.INFO: Found personal access token {"token_id":164,"user_id":70,"revoked":null} 
[2026-04-15 15:01:20] local.INFO: User authenticated via bearer token {"user_id":70,"user_email":"fsdtgre5t@gmail.com"} 
[2026-04-15 15:05:41] local.INFO: ParseBearerToken middleware invoked {"path":"/api/v2/pledge/user","method":"GET","has_auth_header":true,"auth_header_preview":"Bearer 164|yN43XopmirW5ti7KC4O...","is_bearer":true} 
[2026-04-15 15:05:41] local.INFO: Extracted bearer token {"token_preview":"164|yN43Xo...","token_length":52} 
[2026-04-15 15:05:41] local.INFO: Found personal access token {"token_id":164,"user_id":70,"revoked":null} 
[2026-04-15 15:05:41] local.INFO: User authenticated via bearer token {"user_id":70,"user_email":"fsdtgre5t@gmail.com"} 
[2026-04-15 15:05:50] local.INFO: ParseBearerToken middleware invoked {"path":"/api/v2/pledge/user","method":"GET","has_auth_header":true,"auth_header_preview":"Bearer 164|yN43XopmirW5ti7KC4O...","is_bearer":true} 
[2026-04-15 15:05:50] local.INFO: Extracted bearer token {"token_preview":"164|yN43Xo...","token_length":52} 
[2026-04-15 15:05:50] local.INFO: Found personal access token {"token_id":164,"user_id":70,"revoked":null} 
[2026-04-15 15:05:50] local.INFO: User authenticated via bearer token {"user_id":70,"user_email":"fsdtgre5t@gmail.com"} 
[2026-04-15 15:06:23] local.INFO: ParseBearerToken middleware invoked {"path":"/api/v2/pledge/user","method":"GET","has_auth_header":true,"auth_header_preview":"Bearer 164|yN43XopmirW5ti7KC4O...","is_bearer":true} 
[2026-04-15 15:06:23] local.INFO: Extracted bearer token {"token_preview":"164|yN43Xo...","token_length":52} 
[2026-04-15 15:06:23] local.INFO: Found personal access token {"token_id":164,"user_id":70,"revoked":null} 
[2026-04-15 15:06:23] local.INFO: User authenticated via bearer token {"user_id":70,"user_email":"fsdtgre5t@gmail.com"} 
[2026-04-15 15:06:55] local.INFO: ParseBearerToken middleware invoked {"path":"/api/v2/pledge/user","method":"GET","has_auth_header":true,"auth_header_preview":"Bearer 164|yN43XopmirW5ti7KC4O...","is_bearer":true} 
[2026-04-15 15:06:55] local.INFO: Extracted bearer token {"token_preview":"164|yN43Xo...","token_length":52} 
[2026-04-15 15:06:55] local.INFO: Found personal access token {"token_id":164,"user_id":70,"revoked":null} 
[2026-04-15 15:06:55] local.INFO: User authenticated via bearer token {"user_id":70,"user_email":"fsdtgre5t@gmail.com"} 
[2026-04-15 15:07:13] local.INFO: ParseBearerToken middleware invoked {"path":"/api/v2/pledge/user","method":"GET","has_auth_header":true,"auth_header_preview":"Bearer 163|wuFh1qiVsJA93LsN7gf...","is_bearer":true} 
[2026-04-15 15:07:13] local.INFO: Extracted bearer token {"token_preview":"163|wuFh1q...","token_length":52} 
[2026-04-15 15:07:13] local.INFO: Found personal access token {"token_id":163,"user_id":69,"revoked":null} 
[2026-04-15 15:07:13] local.INFO: User authenticated via bearer token {"user_id":69,"user_email":"deomoback@gmail.com"} 
[2026-04-15 15:07:24] local.INFO: ParseBearerToken middleware invoked {"path":"/api/v2/pledge/user","method":"GET","has_auth_header":true,"auth_header_preview":"Bearer 164|yN43XopmirW5ti7KC4O...","is_bearer":true} 
[2026-04-15 15:07:24] local.INFO: Extracted bearer token {"token_preview":"164|yN43Xo...","token_length":52} 
[2026-04-15 15:07:24] local.INFO: Found personal access token {"token_id":164,"user_id":70,"revoked":null} 
[2026-04-15 15:07:24] local.INFO: User authenticated via bearer token {"user_id":70,"user_email":"fsdtgre5t@gmail.com"} 
[2026-04-15 15:07:31] local.INFO: ParseBearerToken middleware invoked {"path":"/api/v2/pledge/user","method":"GET","has_auth_header":true,"auth_header_preview":"Bearer 164|yN43XopmirW5ti7KC4O...","is_bearer":true} 
[2026-04-15 15:07:31] local.INFO: Extracted bearer token {"token_preview":"164|yN43Xo...","token_length":52} 
[2026-04-15 15:07:31] local.INFO: Found personal access token {"token_id":164,"user_id":70,"revoked":null} 
[2026-04-15 15:07:31] local.INFO: User authenticated via bearer token {"user_id":70,"user_email":"fsdtgre5t@gmail.com"} 
[2026-04-15 15:07:31] local.INFO: ParseBearerToken middleware invoked {"path":"/api/v2/pledge/user","method":"GET","has_auth_header":true,"auth_header_preview":"Bearer 164|yN43XopmirW5ti7KC4O...","is_bearer":true} 
[2026-04-15 15:07:31] local.INFO: Extracted bearer token {"token_preview":"164|yN43Xo...","token_length":52} 
[2026-04-15 15:07:31] local.INFO: Found personal access token {"token_id":164,"user_id":70,"revoked":null} 
[2026-04-15 15:07:31] local.INFO: User authenticated via bearer token {"user_id":70,"user_email":"fsdtgre5t@gmail.com"} 
[2026-04-15 15:08:00] local.INFO: ParseBearerToken middleware invoked {"path":"/api/v2/pledge/user","method":"GET","has_auth_header":true,"auth_header_preview":"Bearer 164|yN43XopmirW5ti7KC4O...","is_bearer":true} 
[2026-04-15 15:08:00] local.INFO: Extracted bearer token {"token_preview":"164|yN43Xo...","token_length":52} 
[2026-04-15 15:08:00] local.INFO: Found personal access token {"token_id":164,"user_id":70,"revoked":null} 
[2026-04-15 15:08:00] local.INFO: User authenticated via bearer token {"user_id":70,"user_email":"fsdtgre5t@gmail.com"} 
[2026-04-15 15:08:30] local.INFO: ParseBearerToken middleware invoked {"path":"/api/v2/pledge/user","method":"GET","has_auth_header":true,"auth_header_preview":"Bearer 164|yN43XopmirW5ti7KC4O...","is_bearer":true} 
[2026-04-15 15:08:30] local.INFO: Extracted bearer token {"token_preview":"164|yN43Xo...","token_length":52} 
[2026-04-15 15:08:30] local.INFO: Found personal access token {"token_id":164,"user_id":70,"revoked":null} 
[2026-04-15 15:08:30] local.INFO: User authenticated via bearer token {"user_id":70,"user_email":"fsdtgre5t@gmail.com"} 
[2026-04-15 15:09:01] local.INFO: ParseBearerToken middleware invoked {"path":"/api/v2/pledge/user","method":"GET","has_auth_header":true,"auth_header_preview":"Bearer 164|yN43XopmirW5ti7KC4O...","is_bearer":true} 
[2026-04-15 15:09:01] local.INFO: Extracted bearer token {"token_preview":"164|yN43Xo...","token_length":52} 
[2026-04-15 15:09:01] local.INFO: Found personal access token {"token_id":164,"user_id":70,"revoked":null} 
[2026-04-15 15:09:01] local.INFO: User authenticated via bearer token {"user_id":70,"user_email":"fsdtgre5t@gmail.com"} 
[2026-04-15 15:09:11] local.INFO: ParseBearerToken middleware invoked {"path":"/api/v2/pledge/user","method":"GET","has_auth_header":true,"auth_header_preview":"Bearer 164|yN43XopmirW5ti7KC4O...","is_bearer":true} 
[2026-04-15 15:09:11] local.INFO: Extracted bearer token {"token_preview":"164|yN43Xo...","token_length":52} 
[2026-04-15 15:09:11] local.INFO: Found personal access token {"token_id":164,"user_id":70,"revoked":null} 
[2026-04-15 15:09:11] local.INFO: User authenticated via bearer token {"user_id":70,"user_email":"fsdtgre5t@gmail.com"} 
[2026-04-15 15:09:11] local.INFO: ParseBearerToken middleware invoked {"path":"/api/v2/pledge/user","method":"GET","has_auth_header":true,"auth_header_preview":"Bearer 164|yN43XopmirW5ti7KC4O...","is_bearer":true} 
[2026-04-15 15:09:11] local.INFO: Extracted bearer token {"token_preview":"164|yN43Xo...","token_length":52} 
[2026-04-15 15:09:11] local.INFO: Found personal access token {"token_id":164,"user_id":70,"revoked":null} 
[2026-04-15 15:09:11] local.INFO: User authenticated via bearer token {"user_id":70,"user_email":"fsdtgre5t@gmail.com"} 
[2026-04-15 15:09:13] local.INFO: ParseBearerToken middleware invoked {"path":"/api/v2/pledge/user","method":"GET","has_auth_header":true,"auth_header_preview":"Bearer 164|yN43XopmirW5ti7KC4O...","is_bearer":true} 
[2026-04-15 15:09:13] local.INFO: Extracted bearer token {"token_preview":"164|yN43Xo...","token_length":52} 
[2026-04-15 15:09:13] local.INFO: Found personal access token {"token_id":164,"user_id":70,"revoked":null} 
[2026-04-15 15:09:13] local.INFO: User authenticated via bearer token {"user_id":70,"user_email":"fsdtgre5t@gmail.com"} 
[2026-04-15 15:09:14] local.INFO: ParseBearerToken middleware invoked {"path":"/api/v2/pledge/user","method":"GET","has_auth_header":true,"auth_header_preview":"Bearer 164|yN43XopmirW5ti7KC4O...","is_bearer":true} 
[2026-04-15 15:09:14] local.INFO: Extracted bearer token {"token_preview":"164|yN43Xo...","token_length":52} 
[2026-04-15 15:09:14] local.INFO: Found personal access token {"token_id":164,"user_id":70,"revoked":null} 
[2026-04-15 15:09:14] local.INFO: User authenticated via bearer token {"user_id":70,"user_email":"fsdtgre5t@gmail.com"} 
[2026-04-15 15:09:43] local.INFO: ParseBearerToken middleware invoked {"path":"/api/v2/pledge/user","method":"GET","has_auth_header":true,"auth_header_preview":"Bearer 164|yN43XopmirW5ti7KC4O...","is_bearer":true} 
[2026-04-15 15:09:43] local.INFO: Extracted bearer token {"token_preview":"164|yN43Xo...","token_length":52} 
[2026-04-15 15:09:43] local.INFO: Found personal access token {"token_id":164,"user_id":70,"revoked":null} 
[2026-04-15 15:09:43] local.INFO: User authenticated via bearer token {"user_id":70,"user_email":"fsdtgre5t@gmail.com"} 
[2026-04-15 15:10:16] local.INFO: ParseBearerToken middleware invoked {"path":"/api/v2/pledge/user","method":"GET","has_auth_header":true,"auth_header_preview":"Bearer 164|yN43XopmirW5ti7KC4O...","is_bearer":true} 
[2026-04-15 15:10:16] local.INFO: Extracted bearer token {"token_preview":"164|yN43Xo...","token_length":52} 
[2026-04-15 15:10:16] local.INFO: Found personal access token {"token_id":164,"user_id":70,"revoked":null} 
[2026-04-15 15:10:16] local.INFO: User authenticated via bearer token {"user_id":70,"user_email":"fsdtgre5t@gmail.com"} 
[2026-04-15 15:10:43] local.INFO: ParseBearerToken middleware invoked {"path":"/api/v2/pledge/user","method":"GET","has_auth_header":true,"auth_header_preview":"Bearer 164|yN43XopmirW5ti7KC4O...","is_bearer":true} 
[2026-04-15 15:10:43] local.INFO: Extracted bearer token {"token_preview":"164|yN43Xo...","token_length":52} 
[2026-04-15 15:10:43] local.INFO: Found personal access token {"token_id":164,"user_id":70,"revoked":null} 
[2026-04-15 15:10:43] local.INFO: User authenticated via bearer token {"user_id":70,"user_email":"fsdtgre5t@gmail.com"} 
[2026-04-15 15:11:13] local.INFO: ParseBearerToken middleware invoked {"path":"/api/v2/pledge/user","method":"GET","has_auth_header":true,"auth_header_preview":"Bearer 164|yN43XopmirW5ti7KC4O...","is_bearer":true} 
[2026-04-15 15:11:13] local.INFO: Extracted bearer token {"token_preview":"164|yN43Xo...","token_length":52} 
[2026-04-15 15:11:13] local.INFO: Found personal access token {"token_id":164,"user_id":70,"revoked":null} 
[2026-04-15 15:11:13] local.INFO: User authenticated via bearer token {"user_id":70,"user_email":"fsdtgre5t@gmail.com"} 
[2026-04-15 15:11:43] local.INFO: ParseBearerToken middleware invoked {"path":"/api/v2/pledge/user","method":"GET","has_auth_header":true,"auth_header_preview":"Bearer 164|yN43XopmirW5ti7KC4O...","is_bearer":true} 
[2026-04-15 15:11:43] local.INFO: Extracted bearer token {"token_preview":"164|yN43Xo...","token_length":52} 
[2026-04-15 15:11:43] local.INFO: Found personal access token {"token_id":164,"user_id":70,"revoked":null} 
[2026-04-15 15:11:43] local.INFO: User authenticated via bearer token {"user_id":70,"user_email":"fsdtgre5t@gmail.com"} 
[2026-04-15 15:12:13] local.INFO: ParseBearerToken middleware invoked {"path":"/api/v2/pledge/user","method":"GET","has_auth_header":true,"auth_header_preview":"Bearer 164|yN43XopmirW5ti7KC4O...","is_bearer":true} 
[2026-04-15 15:12:13] local.INFO: Extracted bearer token {"token_preview":"164|yN43Xo...","token_length":52} 
[2026-04-15 15:12:13] local.INFO: Found personal access token {"token_id":164,"user_id":70,"revoked":null} 
[2026-04-15 15:12:13] local.INFO: User authenticated via bearer token {"user_id":70,"user_email":"fsdtgre5t@gmail.com"} 
[2026-04-15 15:12:44] local.INFO: ParseBearerToken middleware invoked {"path":"/api/v2/pledge/user","method":"GET","has_auth_header":true,"auth_header_preview":"Bearer 164|yN43XopmirW5ti7KC4O...","is_bearer":true} 
[2026-04-15 15:12:44] local.INFO: Extracted bearer token {"token_preview":"164|yN43Xo...","token_length":52} 
[2026-04-15 15:12:44] local.INFO: Found personal access token {"token_id":164,"user_id":70,"revoked":null} 
[2026-04-15 15:12:44] local.INFO: User authenticated via bearer token {"user_id":70,"user_email":"fsdtgre5t@gmail.com"} 
[2026-04-15 15:13:14] local.INFO: ParseBearerToken middleware invoked {"path":"/api/v2/pledge/user","method":"GET","has_auth_header":true,"auth_header_preview":"Bearer 164|yN43XopmirW5ti7KC4O...","is_bearer":true} 
[2026-04-15 15:13:14] local.INFO: Extracted bearer token {"token_preview":"164|yN43Xo...","token_length":52} 
[2026-04-15 15:13:14] local.INFO: Found personal access token {"token_id":164,"user_id":70,"revoked":null} 
[2026-04-15 15:13:14] local.INFO: User authenticated via bearer token {"user_id":70,"user_email":"fsdtgre5t@gmail.com"} 
[2026-04-15 15:13:32] local.INFO: ParseBearerToken middleware invoked {"path":"/api/v2/pledge/user","method":"GET","has_auth_header":true,"auth_header_preview":"Bearer 164|yN43XopmirW5ti7KC4O...","is_bearer":true} 
[2026-04-15 15:13:32] local.INFO: Extracted bearer token {"token_preview":"164|yN43Xo...","token_length":52} 
[2026-04-15 15:13:32] local.INFO: Found personal access token {"token_id":164,"user_id":70,"revoked":null} 
[2026-04-15 15:13:32] local.INFO: User authenticated via bearer token {"user_id":70,"user_email":"fsdtgre5t@gmail.com"} 
[2026-04-15 15:13:32] local.INFO: ParseBearerToken middleware invoked {"path":"/api/v2/pledge/user","method":"GET","has_auth_header":true,"auth_header_preview":"Bearer 164|yN43XopmirW5ti7KC4O...","is_bearer":true} 
[2026-04-15 15:13:32] local.INFO: Extracted bearer token {"token_preview":"164|yN43Xo...","token_length":52} 
[2026-04-15 15:13:32] local.INFO: Found personal access token {"token_id":164,"user_id":70,"revoked":null} 
[2026-04-15 15:13:32] local.INFO: User authenticated via bearer token {"user_id":70,"user_email":"fsdtgre5t@gmail.com"} 
[2026-04-15 15:14:01] local.INFO: ParseBearerToken middleware invoked {"path":"/api/v2/pledge/user","method":"GET","has_auth_header":true,"auth_header_preview":"Bearer 164|yN43XopmirW5ti7KC4O...","is_bearer":true} 
[2026-04-15 15:14:01] local.INFO: Extracted bearer token {"token_preview":"164|yN43Xo...","token_length":52} 
[2026-04-15 15:14:01] local.INFO: Found personal access token {"token_id":164,"user_id":70,"revoked":null} 
[2026-04-15 15:14:01] local.INFO: User authenticated via bearer token {"user_id":70,"user_email":"fsdtgre5t@gmail.com"} 
[2026-04-15 15:14:32] local.INFO: ParseBearerToken middleware invoked {"path":"/api/v2/pledge/user","method":"GET","has_auth_header":true,"auth_header_preview":"Bearer 164|yN43XopmirW5ti7KC4O...","is_bearer":true} 
[2026-04-15 15:14:32] local.INFO: Extracted bearer token {"token_preview":"164|yN43Xo...","token_length":52} 
[2026-04-15 15:14:32] local.INFO: Found personal access token {"token_id":164,"user_id":70,"revoked":null} 
[2026-04-15 15:14:32] local.INFO: User authenticated via bearer token {"user_id":70,"user_email":"fsdtgre5t@gmail.com"} 
[2026-04-15 15:14:42] local.INFO: ParseBearerToken middleware invoked {"path":"/api/v2/pledge/user","method":"GET","has_auth_header":true,"auth_header_preview":"Bearer 164|yN43XopmirW5ti7KC4O...","is_bearer":true} 
[2026-04-15 15:14:42] local.INFO: Extracted bearer token {"token_preview":"164|yN43Xo...","token_length":52} 
[2026-04-15 15:14:42] local.INFO: Found personal access token {"token_id":164,"user_id":70,"revoked":null} 
[2026-04-15 15:14:42] local.INFO: User authenticated via bearer token {"user_id":70,"user_email":"fsdtgre5t@gmail.com"} 
[2026-04-15 15:14:42] local.INFO: ParseBearerToken middleware invoked {"path":"/api/v2/pledge/user","method":"GET","has_auth_header":true,"auth_header_preview":"Bearer 164|yN43XopmirW5ti7KC4O...","is_bearer":true} 
[2026-04-15 15:14:42] local.INFO: Extracted bearer token {"token_preview":"164|yN43Xo...","token_length":52} 
[2026-04-15 15:14:42] local.INFO: Found personal access token {"token_id":164,"user_id":70,"revoked":null} 
[2026-04-15 15:14:42] local.INFO: User authenticated via bearer token {"user_id":70,"user_email":"fsdtgre5t@gmail.com"} 
[2026-04-15 15:14:46] local.INFO: ParseBearerToken middleware invoked {"path":"/api/v2/pledge/user","method":"GET","has_auth_header":true,"auth_header_preview":"Bearer 164|yN43XopmirW5ti7KC4O...","is_bearer":true} 
[2026-04-15 15:14:46] local.INFO: Extracted bearer token {"token_preview":"164|yN43Xo...","token_length":52} 
[2026-04-15 15:14:46] local.INFO: Found personal access token {"token_id":164,"user_id":70,"revoked":null} 
[2026-04-15 15:14:46] local.INFO: User authenticated via bearer token {"user_id":70,"user_email":"fsdtgre5t@gmail.com"} 
[2026-04-15 15:14:46] local.INFO: ParseBearerToken middleware invoked {"path":"/api/v2/pledge/user","method":"GET","has_auth_header":true,"auth_header_preview":"Bearer 164|yN43XopmirW5ti7KC4O...","is_bearer":true} 
[2026-04-15 15:14:46] local.INFO: Extracted bearer token {"token_preview":"164|yN43Xo...","token_length":52} 
[2026-04-15 15:14:46] local.INFO: Found personal access token {"token_id":164,"user_id":70,"revoked":null} 
[2026-04-15 15:14:46] local.INFO: User authenticated via bearer token {"user_id":70,"user_email":"fsdtgre5t@gmail.com"} 
[2026-04-15 15:15:16] local.INFO: ParseBearerToken middleware invoked {"path":"/api/v2/pledge/user","method":"GET","has_auth_header":true,"auth_header_preview":"Bearer 164|yN43XopmirW5ti7KC4O...","is_bearer":true} 
[2026-04-15 15:15:16] local.INFO: Extracted bearer token {"token_preview":"164|yN43Xo...","token_length":52} 
[2026-04-15 15:15:16] local.INFO: Found personal access token {"token_id":164,"user_id":70,"revoked":null} 
[2026-04-15 15:15:16] local.INFO: User authenticated via bearer token {"user_id":70,"user_email":"fsdtgre5t@gmail.com"} 
[2026-04-15 15:15:46] local.INFO: ParseBearerToken middleware invoked {"path":"/api/v2/pledge/user","method":"GET","has_auth_header":true,"auth_header_preview":"Bearer 164|yN43XopmirW5ti7KC4O...","is_bearer":true} 
[2026-04-15 15:15:46] local.INFO: Extracted bearer token {"token_preview":"164|yN43Xo...","token_length":52} 
[2026-04-15 15:15:46] local.INFO: Found personal access token {"token_id":164,"user_id":70,"revoked":null} 
[2026-04-15 15:15:46] local.INFO: User authenticated via bearer token {"user_id":70,"user_email":"fsdtgre5t@gmail.com"} 
[2026-04-15 15:16:16] local.INFO: ParseBearerToken middleware invoked {"path":"/api/v2/pledge/user","method":"GET","has_auth_header":true,"auth_header_preview":"Bearer 164|yN43XopmirW5ti7KC4O...","is_bearer":true} 
[2026-04-15 15:16:16] local.INFO: Extracted bearer token {"token_preview":"164|yN43Xo...","token_length":52} 
[2026-04-15 15:16:16] local.INFO: Found personal access token {"token_id":164,"user_id":70,"revoked":null} 
[2026-04-15 15:16:16] local.INFO: User authenticated via bearer token {"user_id":70,"user_email":"fsdtgre5t@gmail.com"} 
[2026-04-15 15:16:46] local.INFO: ParseBearerToken middleware invoked {"path":"/api/v2/pledge/user","method":"GET","has_auth_header":true,"auth_header_preview":"Bearer 164|yN43XopmirW5ti7KC4O...","is_bearer":true} 
[2026-04-15 15:16:46] local.INFO: Extracted bearer token {"token_preview":"164|yN43Xo...","token_length":52} 
[2026-04-15 15:16:46] local.INFO: Found personal access token {"token_id":164,"user_id":70,"revoked":null} 
[2026-04-15 15:16:46] local.INFO: User authenticated via bearer token {"user_id":70,"user_email":"fsdtgre5t@gmail.com"} 
[2026-04-15 15:17:16] local.INFO: ParseBearerToken middleware invoked {"path":"/api/v2/pledge/user","method":"GET","has_auth_header":true,"auth_header_preview":"Bearer 164|yN43XopmirW5ti7KC4O...","is_bearer":true} 
[2026-04-15 15:17:16] local.INFO: Extracted bearer token {"token_preview":"164|yN43Xo...","token_length":52} 
[2026-04-15 15:17:16] local.INFO: Found personal access token {"token_id":164,"user_id":70,"revoked":null} 
[2026-04-15 15:17:16] local.INFO: User authenticated via bearer token {"user_id":70,"user_email":"fsdtgre5t@gmail.com"} 
[2026-04-15 15:17:46] local.INFO: ParseBearerToken middleware invoked {"path":"/api/v2/pledge/user","method":"GET","has_auth_header":true,"auth_header_preview":"Bearer 164|yN43XopmirW5ti7KC4O...","is_bearer":true} 
[2026-04-15 15:17:46] local.INFO: Extracted bearer token {"token_preview":"164|yN43Xo...","token_length":52} 
[2026-04-15 15:17:46] local.INFO: Found personal access token {"token_id":164,"user_id":70,"revoked":null} 
[2026-04-15 15:17:46] local.INFO: User authenticated via bearer token {"user_id":70,"user_email":"fsdtgre5t@gmail.com"} 
[2026-04-15 15:18:16] local.INFO: ParseBearerToken middleware invoked {"path":"/api/v2/pledge/user","method":"GET","has_auth_header":true,"auth_header_preview":"Bearer 164|yN43XopmirW5ti7KC4O...","is_bearer":true} 
[2026-04-15 15:18:16] local.INFO: Extracted bearer token {"token_preview":"164|yN43Xo...","token_length":52} 
[2026-04-15 15:18:16] local.INFO: Found personal access token {"token_id":164,"user_id":70,"revoked":null} 
[2026-04-15 15:18:16] local.INFO: User authenticated via bearer token {"user_id":70,"user_email":"fsdtgre5t@gmail.com"} 
[2026-04-15 15:18:47] local.INFO: ParseBearerToken middleware invoked {"path":"/api/v2/pledge/user","method":"GET","has_auth_header":true,"auth_header_preview":"Bearer 164|yN43XopmirW5ti7KC4O...","is_bearer":true} 
[2026-04-15 15:18:47] local.INFO: Extracted bearer token {"token_preview":"164|yN43Xo...","token_length":52} 
[2026-04-15 15:18:47] local.INFO: Found personal access token {"token_id":164,"user_id":70,"revoked":null} 
[2026-04-15 15:18:47] local.INFO: User authenticated via bearer token {"user_id":70,"user_email":"fsdtgre5t@gmail.com"} 
[2026-04-15 15:19:19] local.INFO: ParseBearerToken middleware invoked {"path":"/api/v2/pledge/user","method":"GET","has_auth_header":true,"auth_header_preview":"Bearer 164|yN43XopmirW5ti7KC4O...","is_bearer":true} 
[2026-04-15 15:19:19] local.INFO: Extracted bearer token {"token_preview":"164|yN43Xo...","token_length":52} 
[2026-04-15 15:19:19] local.INFO: Found personal access token {"token_id":164,"user_id":70,"revoked":null} 
[2026-04-15 15:19:19] local.INFO: User authenticated via bearer token {"user_id":70,"user_email":"fsdtgre5t@gmail.com"} 
[2026-04-15 15:19:47] local.INFO: ParseBearerToken middleware invoked {"path":"/api/v2/pledge/user","method":"GET","has_auth_header":true,"auth_header_preview":"Bearer 164|yN43XopmirW5ti7KC4O...","is_bearer":true} 
[2026-04-15 15:19:47] local.INFO: Extracted bearer token {"token_preview":"164|yN43Xo...","token_length":52} 
[2026-04-15 15:19:47] local.INFO: Found personal access token {"token_id":164,"user_id":70,"revoked":null} 
[2026-04-15 15:19:47] local.INFO: User authenticated via bearer token {"user_id":70,"user_email":"fsdtgre5t@gmail.com"} 
[2026-04-15 15:20:17] local.INFO: ParseBearerToken middleware invoked {"path":"/api/v2/pledge/user","method":"GET","has_auth_header":true,"auth_header_preview":"Bearer 164|yN43XopmirW5ti7KC4O...","is_bearer":true} 
[2026-04-15 15:20:17] local.INFO: Extracted bearer token {"token_preview":"164|yN43Xo...","token_length":52} 
[2026-04-15 15:20:17] local.INFO: Found personal access token {"token_id":164,"user_id":70,"revoked":null} 
[2026-04-15 15:20:17] local.INFO: User authenticated via bearer token {"user_id":70,"user_email":"fsdtgre5t@gmail.com"} 
[2026-04-15 15:20:46] local.INFO: ParseBearerToken middleware invoked {"path":"/api/v2/pledge/user","method":"GET","has_auth_header":true,"auth_header_preview":"Bearer 164|yN43XopmirW5ti7KC4O...","is_bearer":true} 
[2026-04-15 15:20:46] local.INFO: Extracted bearer token {"token_preview":"164|yN43Xo...","token_length":52} 
[2026-04-15 15:20:46] local.INFO: Found personal access token {"token_id":164,"user_id":70,"revoked":null} 
[2026-04-15 15:20:46] local.INFO: User authenticated via bearer token {"user_id":70,"user_email":"fsdtgre5t@gmail.com"} 
[2026-04-15 15:21:16] local.INFO: ParseBearerToken middleware invoked {"path":"/api/v2/pledge/user","method":"GET","has_auth_header":true,"auth_header_preview":"Bearer 164|yN43XopmirW5ti7KC4O...","is_bearer":true} 
[2026-04-15 15:21:16] local.INFO: Extracted bearer token {"token_preview":"164|yN43Xo...","token_length":52} 
[2026-04-15 15:21:16] local.INFO: Found personal access token {"token_id":164,"user_id":70,"revoked":null} 
[2026-04-15 15:21:16] local.INFO: User authenticated via bearer token {"user_id":70,"user_email":"fsdtgre5t@gmail.com"} 
[2026-04-15 15:21:46] local.INFO: ParseBearerToken middleware invoked {"path":"/api/v2/pledge/user","method":"GET","has_auth_header":true,"auth_header_preview":"Bearer 164|yN43XopmirW5ti7KC4O...","is_bearer":true} 
[2026-04-15 15:21:46] local.INFO: Extracted bearer token {"token_preview":"164|yN43Xo...","token_length":52} 
[2026-04-15 15:21:46] local.INFO: Found personal access token {"token_id":164,"user_id":70,"revoked":null} 
[2026-04-15 15:21:46] local.INFO: User authenticated via bearer token {"user_id":70,"user_email":"fsdtgre5t@gmail.com"} 
[2026-04-15 15:22:16] local.INFO: ParseBearerToken middleware invoked {"path":"/api/v2/pledge/user","method":"GET","has_auth_header":true,"auth_header_preview":"Bearer 164|yN43XopmirW5ti7KC4O...","is_bearer":true} 
[2026-04-15 15:22:16] local.INFO: Extracted bearer token {"token_preview":"164|yN43Xo...","token_length":52} 
[2026-04-15 15:22:16] local.INFO: Found personal access token {"token_id":164,"user_id":70,"revoked":null} 
[2026-04-15 15:22:16] local.INFO: User authenticated via bearer token {"user_id":70,"user_email":"fsdtgre5t@gmail.com"} 
[2026-04-15 15:22:46] local.INFO: ParseBearerToken middleware invoked {"path":"/api/v2/pledge/user","method":"GET","has_auth_header":true,"auth_header_preview":"Bearer 164|yN43XopmirW5ti7KC4O...","is_bearer":true} 
[2026-04-15 15:22:46] local.INFO: Extracted bearer token {"token_preview":"164|yN43Xo...","token_length":52} 
[2026-04-15 15:22:46] local.INFO: Found personal access token {"token_id":164,"user_id":70,"revoked":null} 
[2026-04-15 15:22:46] local.INFO: User authenticated via bearer token {"user_id":70,"user_email":"fsdtgre5t@gmail.com"} 
[2026-04-15 15:23:16] local.INFO: ParseBearerToken middleware invoked {"path":"/api/v2/pledge/user","method":"GET","has_auth_header":true,"auth_header_preview":"Bearer 164|yN43XopmirW5ti7KC4O...","is_bearer":true} 
[2026-04-15 15:23:16] local.INFO: Extracted bearer token {"token_preview":"164|yN43Xo...","token_length":52} 
[2026-04-15 15:23:16] local.INFO: Found personal access token {"token_id":164,"user_id":70,"revoked":null} 
[2026-04-15 15:23:16] local.INFO: User authenticated via bearer token {"user_id":70,"user_email":"fsdtgre5t@gmail.com"} 
[2026-04-15 15:23:20] local.INFO: ParseBearerToken middleware invoked {"path":"/api/v2/pledge/user","method":"GET","has_auth_header":true,"auth_header_preview":"Bearer 164|yN43XopmirW5ti7KC4O...","is_bearer":true} 
[2026-04-15 15:23:20] local.INFO: Extracted bearer token {"token_preview":"164|yN43Xo...","token_length":52} 
[2026-04-15 15:23:20] local.INFO: Found personal access token {"token_id":164,"user_id":70,"revoked":null} 
[2026-04-15 15:23:20] local.INFO: User authenticated via bearer token {"user_id":70,"user_email":"fsdtgre5t@gmail.com"} 
[2026-04-15 15:23:20] local.INFO: ParseBearerToken middleware invoked {"path":"/api/v2/pledge/user","method":"GET","has_auth_header":true,"auth_header_preview":"Bearer 164|yN43XopmirW5ti7KC4O...","is_bearer":true} 
[2026-04-15 15:23:20] local.INFO: Extracted bearer token {"token_preview":"164|yN43Xo...","token_length":52} 
[2026-04-15 15:23:20] local.INFO: Found personal access token {"token_id":164,"user_id":70,"revoked":null} 
[2026-04-15 15:23:20] local.INFO: User authenticated via bearer token {"user_id":70,"user_email":"fsdtgre5t@gmail.com"} 
[2026-04-15 15:26:03] local.INFO: ParseBearerToken middleware invoked {"path":"/api/v2/pledge/user","method":"GET","has_auth_header":true,"auth_header_preview":"Bearer 164|yN43XopmirW5ti7KC4O...","is_bearer":true} 
[2026-04-15 15:26:03] local.INFO: Extracted bearer token {"token_preview":"164|yN43Xo...","token_length":52} 
[2026-04-15 15:26:03] local.INFO: Found personal access token {"token_id":164,"user_id":70,"revoked":null} 
[2026-04-15 15:26:03] local.INFO: User authenticated via bearer token {"user_id":70,"user_email":"fsdtgre5t@gmail.com"} 
[2026-04-15 15:26:03] local.INFO: ParseBearerToken middleware invoked {"path":"/api/v2/pledge/user","method":"GET","has_auth_header":true,"auth_header_preview":"Bearer 164|yN43XopmirW5ti7KC4O...","is_bearer":true} 
[2026-04-15 15:26:03] local.INFO: Extracted bearer token {"token_preview":"164|yN43Xo...","token_length":52} 
[2026-04-15 15:26:03] local.INFO: Found personal access token {"token_id":164,"user_id":70,"revoked":null} 
[2026-04-15 15:26:03] local.INFO: User authenticated via bearer token {"user_id":70,"user_email":"fsdtgre5t@gmail.com"} 
[2026-04-15 15:26:04] local.INFO: ParseBearerToken middleware invoked {"path":"/api/v2/pledge/user","method":"GET","has_auth_header":true,"auth_header_preview":"Bearer 164|yN43XopmirW5ti7KC4O...","is_bearer":true} 
[2026-04-15 15:26:04] local.INFO: Extracted bearer token {"token_preview":"164|yN43Xo...","token_length":52} 
[2026-04-15 15:26:04] local.INFO: Found personal access token {"token_id":164,"user_id":70,"revoked":null} 
[2026-04-15 15:26:04] local.INFO: User authenticated via bearer token {"user_id":70,"user_email":"fsdtgre5t@gmail.com"} 
[2026-04-15 15:26:04] local.INFO: ParseBearerToken middleware invoked {"path":"/api/v2/pledge/user","method":"GET","has_auth_header":true,"auth_header_preview":"Bearer 164|yN43XopmirW5ti7KC4O...","is_bearer":true} 
[2026-04-15 15:26:04] local.INFO: Extracted bearer token {"token_preview":"164|yN43Xo...","token_length":52} 
[2026-04-15 15:26:04] local.INFO: Found personal access token {"token_id":164,"user_id":70,"revoked":null} 
[2026-04-15 15:26:04] local.INFO: User authenticated via bearer token {"user_id":70,"user_email":"fsdtgre5t@gmail.com"} 
[2026-04-15 15:26:12] local.INFO: ParseBearerToken middleware invoked {"path":"/api/v2/campaign","method":"GET","has_auth_header":true,"auth_header_preview":"Bearer 164|yN43XopmirW5ti7KC4O...","is_bearer":true} 
[2026-04-15 15:26:12] local.INFO: Extracted bearer token {"token_preview":"164|yN43Xo...","token_length":52} 
[2026-04-15 15:26:12] local.INFO: Found personal access token {"token_id":164,"user_id":70,"revoked":null} 
[2026-04-15 15:26:12] local.INFO: User authenticated via bearer token {"user_id":70,"user_email":"fsdtgre5t@gmail.com"} 
[2026-04-15 15:26:12] local.INFO: Returning campaigns for user {"user_id":70,"campaign_count":0,"statuses":[]} 
[2026-04-15 15:26:12] local.INFO: ParseBearerToken middleware invoked {"path":"/api/v2/campaign","method":"GET","has_auth_header":true,"auth_header_preview":"Bearer 164|yN43XopmirW5ti7KC4O...","is_bearer":true} 
[2026-04-15 15:26:12] local.INFO: Extracted bearer token {"token_preview":"164|yN43Xo...","token_length":52} 
[2026-04-15 15:26:12] local.INFO: Found personal access token {"token_id":164,"user_id":70,"revoked":null} 
[2026-04-15 15:26:12] local.INFO: User authenticated via bearer token {"user_id":70,"user_email":"fsdtgre5t@gmail.com"} 
[2026-04-15 15:26:12] local.INFO: Returning campaigns for user {"user_id":70,"campaign_count":0,"statuses":[]} 
[2026-04-15 15:26:17] local.INFO: ParseBearerToken middleware invoked {"path":"/api/v2/creator/profile","method":"GET","has_auth_header":true,"auth_header_preview":"Bearer 164|yN43XopmirW5ti7KC4O...","is_bearer":true} 
[2026-04-15 15:26:17] local.INFO: Extracted bearer token {"token_preview":"164|yN43Xo...","token_length":52} 
[2026-04-15 15:26:17] local.INFO: Found personal access token {"token_id":164,"user_id":70,"revoked":null} 
[2026-04-15 15:26:17] local.INFO: User authenticated via bearer token {"user_id":70,"user_email":"fsdtgre5t@gmail.com"} 
[2026-04-15 15:26:18] local.INFO: ParseBearerToken middleware invoked {"path":"/api/v2/creator/profile","method":"GET","has_auth_header":true,"auth_header_preview":"Bearer 164|yN43XopmirW5ti7KC4O...","is_bearer":true} 
[2026-04-15 15:26:18] local.INFO: Extracted bearer token {"token_preview":"164|yN43Xo...","token_length":52} 
[2026-04-15 15:26:18] local.INFO: Found personal access token {"token_id":164,"user_id":70,"revoked":null} 
[2026-04-15 15:26:18] local.INFO: User authenticated via bearer token {"user_id":70,"user_email":"fsdtgre5t@gmail.com"} 
[2026-04-15 15:26:49] local.INFO: ParseBearerToken middleware invoked {"path":"/api/v2/campaign","method":"GET","has_auth_header":true,"auth_header_preview":"Bearer 164|yN43XopmirW5ti7KC4O...","is_bearer":true} 
[2026-04-15 15:26:49] local.INFO: Extracted bearer token {"token_preview":"164|yN43Xo...","token_length":52} 
[2026-04-15 15:26:49] local.INFO: Found personal access token {"token_id":164,"user_id":70,"revoked":null} 
[2026-04-15 15:26:49] local.INFO: User authenticated via bearer token {"user_id":70,"user_email":"fsdtgre5t@gmail.com"} 
[2026-04-15 15:26:49] local.INFO: Returning campaigns for user {"user_id":70,"campaign_count":0,"statuses":[]} 
[2026-04-15 15:26:50] local.INFO: ParseBearerToken middleware invoked {"path":"/api/v2/campaign","method":"GET","has_auth_header":true,"auth_header_preview":"Bearer 164|yN43XopmirW5ti7KC4O...","is_bearer":true} 
[2026-04-15 15:26:50] local.INFO: Extracted bearer token {"token_preview":"164|yN43Xo...","token_length":52} 
[2026-04-15 15:26:50] local.INFO: Found personal access token {"token_id":164,"user_id":70,"revoked":null} 
[2026-04-15 15:26:50] local.INFO: User authenticated via bearer token {"user_id":70,"user_email":"fsdtgre5t@gmail.com"} 
[2026-04-15 15:26:50] local.INFO: Returning campaigns for user {"user_id":70,"campaign_count":0,"statuses":[]} 
[2026-04-15 15:26:55] local.INFO: ParseBearerToken middleware invoked {"path":"/api/v2/creator/profile","method":"GET","has_auth_header":true,"auth_header_preview":"Bearer 164|yN43XopmirW5ti7KC4O...","is_bearer":true} 
[2026-04-15 15:26:55] local.INFO: Extracted bearer token {"token_preview":"164|yN43Xo...","token_length":52} 
[2026-04-15 15:26:55] local.INFO: Found personal access token {"token_id":164,"user_id":70,"revoked":null} 
[2026-04-15 15:26:55] local.INFO: User authenticated via bearer token {"user_id":70,"user_email":"fsdtgre5t@gmail.com"} 
[2026-04-15 15:26:55] local.INFO: ParseBearerToken middleware invoked {"path":"/api/v2/creator/profile","method":"GET","has_auth_header":true,"auth_header_preview":"Bearer 164|yN43XopmirW5ti7KC4O...","is_bearer":true} 
[2026-04-15 15:26:55] local.INFO: Extracted bearer token {"token_preview":"164|yN43Xo...","token_length":52} 
[2026-04-15 15:26:55] local.INFO: Found personal access token {"token_id":164,"user_id":70,"revoked":null} 
[2026-04-15 15:26:55] local.INFO: User authenticated via bearer token {"user_id":70,"user_email":"fsdtgre5t@gmail.com"} 
[2026-04-15 15:27:25] local.INFO: ParseBearerToken middleware invoked {"path":"/api/v2/creator/profile","method":"GET","has_auth_header":true,"auth_header_preview":"Bearer 164|yN43XopmirW5ti7KC4O...","is_bearer":true} 
[2026-04-15 15:27:25] local.INFO: Extracted bearer token {"token_preview":"164|yN43Xo...","token_length":52} 
[2026-04-15 15:27:25] local.INFO: Found personal access token {"token_id":164,"user_id":70,"revoked":null} 
[2026-04-15 15:27:25] local.INFO: User authenticated via bearer token {"user_id":70,"user_email":"fsdtgre5t@gmail.com"} 
[2026-04-15 15:27:55] local.INFO: ParseBearerToken middleware invoked {"path":"/api/v2/creator/profile","method":"GET","has_auth_header":true,"auth_header_preview":"Bearer 164|yN43XopmirW5ti7KC4O...","is_bearer":true} 
[2026-04-15 15:27:55] local.INFO: Extracted bearer token {"token_preview":"164|yN43Xo...","token_length":52} 
[2026-04-15 15:27:55] local.INFO: Found personal access token {"token_id":164,"user_id":70,"revoked":null} 
[2026-04-15 15:27:55] local.INFO: User authenticated via bearer token {"user_id":70,"user_email":"fsdtgre5t@gmail.com"} 
[2026-04-15 15:28:08] local.INFO: ParseBearerToken middleware invoked {"path":"/api/v2/pledge/user","method":"GET","has_auth_header":true,"auth_header_preview":"Bearer 164|yN43XopmirW5ti7KC4O...","is_bearer":true} 
[2026-04-15 15:28:08] local.INFO: Extracted bearer token {"token_preview":"164|yN43Xo...","token_length":52} 
[2026-04-15 15:28:08] local.INFO: Found personal access token {"token_id":164,"user_id":70,"revoked":null} 
[2026-04-15 15:28:08] local.INFO: User authenticated via bearer token {"user_id":70,"user_email":"fsdtgre5t@gmail.com"} 
[2026-04-15 15:28:08] local.INFO: ParseBearerToken middleware invoked {"path":"/api/v2/pledge/user","method":"GET","has_auth_header":true,"auth_header_preview":"Bearer 164|yN43XopmirW5ti7KC4O...","is_bearer":true} 
[2026-04-15 15:28:08] local.INFO: Extracted bearer token {"token_preview":"164|yN43Xo...","token_length":52} 
[2026-04-15 15:28:08] local.INFO: Found personal access token {"token_id":164,"user_id":70,"revoked":null} 
[2026-04-15 15:28:08] local.INFO: User authenticated via bearer token {"user_id":70,"user_email":"fsdtgre5t@gmail.com"} 
[2026-04-15 15:28:10] local.INFO: ParseBearerToken middleware invoked {"path":"/api/v2/creator/profile","method":"GET","has_auth_header":true,"auth_header_preview":"Bearer 164|yN43XopmirW5ti7KC4O...","is_bearer":true} 
[2026-04-15 15:28:10] local.INFO: Extracted bearer token {"token_preview":"164|yN43Xo...","token_length":52} 
[2026-04-15 15:28:10] local.INFO: Found personal access token {"token_id":164,"user_id":70,"revoked":null} 
[2026-04-15 15:28:10] local.INFO: User authenticated via bearer token {"user_id":70,"user_email":"fsdtgre5t@gmail.com"} 
[2026-04-15 15:28:11] local.INFO: ParseBearerToken middleware invoked {"path":"/api/v2/creator/profile","method":"GET","has_auth_header":true,"auth_header_preview":"Bearer 164|yN43XopmirW5ti7KC4O...","is_bearer":true} 
[2026-04-15 15:28:11] local.INFO: Extracted bearer token {"token_preview":"164|yN43Xo...","token_length":52} 
[2026-04-15 15:28:11] local.INFO: Found personal access token {"token_id":164,"user_id":70,"revoked":null} 
[2026-04-15 15:28:11] local.INFO: User authenticated via bearer token {"user_id":70,"user_email":"fsdtgre5t@gmail.com"} 
[2026-04-15 15:28:21] local.INFO: ParseBearerToken middleware invoked {"path":"/api/v2/campaign","method":"GET","has_auth_header":true,"auth_header_preview":"Bearer 164|yN43XopmirW5ti7KC4O...","is_bearer":true} 
[2026-04-15 15:28:21] local.INFO: Extracted bearer token {"token_preview":"164|yN43Xo...","token_length":52} 
[2026-04-15 15:28:21] local.INFO: Found personal access token {"token_id":164,"user_id":70,"revoked":null} 
[2026-04-15 15:28:21] local.INFO: User authenticated via bearer token {"user_id":70,"user_email":"fsdtgre5t@gmail.com"} 
[2026-04-15 15:28:21] local.INFO: Returning campaigns for user {"user_id":70,"campaign_count":0,"statuses":[]} 
[2026-04-15 15:28:22] local.INFO: ParseBearerToken middleware invoked {"path":"/api/v2/campaign","method":"GET","has_auth_header":true,"auth_header_preview":"Bearer 164|yN43XopmirW5ti7KC4O...","is_bearer":true} 
[2026-04-15 15:28:22] local.INFO: Extracted bearer token {"token_preview":"164|yN43Xo...","token_length":52} 
[2026-04-15 15:28:22] local.INFO: Found personal access token {"token_id":164,"user_id":70,"revoked":null} 
[2026-04-15 15:28:22] local.INFO: User authenticated via bearer token {"user_id":70,"user_email":"fsdtgre5t@gmail.com"} 
[2026-04-15 15:28:22] local.INFO: Returning campaigns for user {"user_id":70,"campaign_count":0,"statuses":[]} 
[2026-04-15 15:28:29] local.INFO: ParseBearerToken middleware invoked {"path":"/api/v2/pledge/user","method":"GET","has_auth_header":true,"auth_header_preview":"Bearer 164|yN43XopmirW5ti7KC4O...","is_bearer":true} 
[2026-04-15 15:28:29] local.INFO: Extracted bearer token {"token_preview":"164|yN43Xo...","token_length":52} 
[2026-04-15 15:28:29] local.INFO: Found personal access token {"token_id":164,"user_id":70,"revoked":null} 
[2026-04-15 15:28:29] local.INFO: User authenticated via bearer token {"user_id":70,"user_email":"fsdtgre5t@gmail.com"} 
[2026-04-15 15:28:29] local.INFO: ParseBearerToken middleware invoked {"path":"/api/v2/pledge/user","method":"GET","has_auth_header":true,"auth_header_preview":"Bearer 164|yN43XopmirW5ti7KC4O...","is_bearer":true} 
[2026-04-15 15:28:29] local.INFO: Extracted bearer token {"token_preview":"164|yN43Xo...","token_length":52} 
[2026-04-15 15:28:29] local.INFO: Found personal access token {"token_id":164,"user_id":70,"revoked":null} 
[2026-04-15 15:28:29] local.INFO: User authenticated via bearer token {"user_id":70,"user_email":"fsdtgre5t@gmail.com"} 
[2026-04-15 15:28:34] local.INFO: ParseBearerToken middleware invoked {"path":"/api/v2/pledge/user","method":"GET","has_auth_header":true,"auth_header_preview":"Bearer 164|yN43XopmirW5ti7KC4O...","is_bearer":true} 
[2026-04-15 15:28:34] local.INFO: Extracted bearer token {"token_preview":"164|yN43Xo...","token_length":52} 
[2026-04-15 15:28:34] local.INFO: Found personal access token {"token_id":164,"user_id":70,"revoked":null} 
[2026-04-15 15:28:34] local.INFO: User authenticated via bearer token {"user_id":70,"user_email":"fsdtgre5t@gmail.com"} 
[2026-04-15 15:28:35] local.INFO: ParseBearerToken middleware invoked {"path":"/api/v2/pledge/user","method":"GET","has_auth_header":true,"auth_header_preview":"Bearer 164|yN43XopmirW5ti7KC4O...","is_bearer":true} 
[2026-04-15 15:28:35] local.INFO: Extracted bearer token {"token_preview":"164|yN43Xo...","token_length":52} 
[2026-04-15 15:28:35] local.INFO: Found personal access token {"token_id":164,"user_id":70,"revoked":null} 
[2026-04-15 15:28:35] local.INFO: User authenticated via bearer token {"user_id":70,"user_email":"fsdtgre5t@gmail.com"} 
[2026-04-15 15:28:47] local.INFO: ParseBearerToken middleware invoked {"path":"/api/v2/pledge/user","method":"GET","has_auth_header":true,"auth_header_preview":"Bearer 164|yN43XopmirW5ti7KC4O...","is_bearer":true} 
[2026-04-15 15:28:47] local.INFO: Extracted bearer token {"token_preview":"164|yN43Xo...","token_length":52} 
[2026-04-15 15:28:47] local.INFO: Found personal access token {"token_id":164,"user_id":70,"revoked":null} 
[2026-04-15 15:28:47] local.INFO: User authenticated via bearer token {"user_id":70,"user_email":"fsdtgre5t@gmail.com"} 
[2026-04-15 15:28:48] local.INFO: ParseBearerToken middleware invoked {"path":"/api/v2/pledge/user","method":"GET","has_auth_header":true,"auth_header_preview":"Bearer 164|yN43XopmirW5ti7KC4O...","is_bearer":true} 
[2026-04-15 15:28:48] local.INFO: Extracted bearer token {"token_preview":"164|yN43Xo...","token_length":52} 
[2026-04-15 15:28:48] local.INFO: Found personal access token {"token_id":164,"user_id":70,"revoked":null} 
[2026-04-15 15:28:48] local.INFO: User authenticated via bearer token {"user_id":70,"user_email":"fsdtgre5t@gmail.com"} 
[2026-04-15 15:29:17] local.INFO: ParseBearerToken middleware invoked {"path":"/api/v2/pledge/user","method":"GET","has_auth_header":true,"auth_header_preview":"Bearer 164|yN43XopmirW5ti7KC4O...","is_bearer":true} 
[2026-04-15 15:29:17] local.INFO: Extracted bearer token {"token_preview":"164|yN43Xo...","token_length":52} 
[2026-04-15 15:29:17] local.INFO: Found personal access token {"token_id":164,"user_id":70,"revoked":null} 
[2026-04-15 15:29:17] local.INFO: User authenticated via bearer token {"user_id":70,"user_email":"fsdtgre5t@gmail.com"} 
