[2026-04-26 01:18:41] local.ERROR: SQLSTATE[HY000] [1045] Access denied for user 'forge'@'localhost' (using password: NO) (Connection: mysql, SQL: select * from `languages` where `code` = en limit 1) {"view":{"view":"C:\\laragon\\www\\mirrormefashion\\resources\\views\\frontend\\layouts\\app.blade.php","data":{"errors":"<pre class=sf-dump id=sf-dump-746629138 data-indent-pad=\"  \"><span class=sf-dump-note>Illuminate\\Support\\ViewErrorBag</span> {<a class=sf-dump-ref>#4102</a><samp data-depth=1 class=sf-dump-expanded>
  #<span class=sf-dump-protected title=\"Protected property\">bags</span>: []
</samp>}
</pre><script>Sfdump(\"sf-dump-746629138\", {\"maxDepth\":3,\"maxStringLength\":160})</script>
","exception":"<pre class=sf-dump id=sf-dump-787517727 data-indent-pad=\"  \"><span class=sf-dump-note>Symfony\\Component\\HttpKernel\\Exception\\NotFoundHttpException</span> {<a class=sf-dump-ref>#2745</a><samp data-depth=1 class=sf-dump-expanded>
  #<span class=sf-dump-protected title=\"Protected property\">message</span>: \"<span class=sf-dump-str title=\"58 characters\">The route uploads/products/shirt-1.jpg could not be found.</span>\"
  #<span class=sf-dump-protected title=\"Protected property\">code</span>: <span class=sf-dump-num>0</span>
  #<span class=sf-dump-protected title=\"Protected property\">file</span>: \"<span class=sf-dump-str title=\"C:\\laragon\\www\\mirrormefashion\\vendor\\laravel\\framework\\src\\Illuminate\\Routing\\AbstractRouteCollection.php
106 characters\"><span class=\"sf-dump-ellipsis sf-dump-ellipsis-path\">C:\\laragon\\www\\mirrormefashion\\vendor</span><span class=\"sf-dump-ellipsis sf-dump-ellipsis-path\">\\laravel\\framework\\</span>src\\Illuminate\\Routing\\AbstractRouteCollection.php</span>\"
  #<span class=sf-dump-protected title=\"Protected property\">line</span>: <span class=sf-dump-num>44</span>
  -<span class=sf-dump-private title=\"Private property defined in class:&#10;`Symfony\\Component\\HttpKernel\\Exception\\HttpException`\">statusCode</span>: <span class=sf-dump-num>404</span>
  -<span class=sf-dump-private title=\"Private property defined in class:&#10;`Symfony\\Component\\HttpKernel\\Exception\\HttpException`\">headers</span>: []
  <span class=sf-dump-meta>trace</span>: {<samp data-depth=2 class=sf-dump-compact>
    <span class=sf-dump-meta title=\"C:\\laragon\\www\\mirrormefashion\\vendor\\laravel\\framework\\src\\Illuminate\\Routing\\AbstractRouteCollection.php:44
Stack level 28.\"><span class=\"sf-dump-ellipsis sf-dump-ellipsis-path\">C:\\laragon\\www\\mirrormefashion\\vendor</span><span class=\"sf-dump-ellipsis sf-dump-ellipsis-path\">\\laravel\\framework\\</span>src\\Illuminate\\Routing\\AbstractRouteCollection.php:44</span> {<samp data-depth=3 class=sf-dump-compact>
      <span class=sf-dump-note title=\"Illuminate\\Routing\\AbstractRouteCollection-&gt;handleMatchedRoute(Request $request, $route)
\"><span class=\"sf-dump-ellipsis sf-dump-ellipsis-note\">Illuminate\\Routing</span><span class=\"sf-dump-ellipsis sf-dump-ellipsis-note\">\\</span>AbstractRouteCollection-&gt;handleMatchedRoute(Request $request, $route)</span> &#8230;
      &#8250; 
      &#8250; <code class=\"php\"><span class=sf-dump-const title=\"in Illuminate\\Routing\\AbstractRouteCollection-&gt;handleMatchedRoute(Request $request, $route)\">throw new NotFoundHttpException(sprintf(</span></code>
      &#8250; <code class=\"php\"><span class=sf-dump-default>    &#039;The route %s could not be found.&#039;,</span></code>
    </samp>}
    <span class=sf-dump-meta title=\"C:\\laragon\\www\\mirrormefashion\\vendor\\laravel\\framework\\src\\Illuminate\\Routing\\RouteCollection.php:162
Stack level 27.\"><span class=\"sf-dump-ellipsis sf-dump-ellipsis-path\">C:\\laragon\\www\\mirrormefashion\\vendor</span><span class=\"sf-dump-ellipsis sf-dump-ellipsis-path\">\\laravel\\framework\\</span>src\\Illuminate\\Routing\\RouteCollection.php:162</span> {<samp data-depth=3 class=sf-dump-compact>
      <span class=sf-dump-note title=\"Illuminate\\Routing\\RouteCollection-&gt;match(Request $request)
\"><span class=\"sf-dump-ellipsis sf-dump-ellipsis-note\">Illuminate\\Routing</span><span class=\"sf-dump-ellipsis sf-dump-ellipsis-note\">\\</span>RouteCollection-&gt;match(Request $request)</span> &#8230;
      &#8250; 
      &#8250; <code class=\"php\"><span class=sf-dump-const title=\"in Illuminate\\Routing\\RouteCollection-&gt;match(Request $request)\">    return $this-&gt;handleMatchedRoute($request, $route);</span></code>
      &#8250; <code class=\"php\"><span class=sf-dump-default>}</span></code>
      <span class=sf-dump-meta>arguments</span>: { &#8230;2}
    </samp>}
    <span class=sf-dump-meta title=\"C:\\laragon\\www\\mirrormefashion\\vendor\\laravel\\framework\\src\\Illuminate\\Routing\\Router.php:761
Stack level 26.\"><span class=\"sf-dump-ellipsis sf-dump-ellipsis-path\">C:\\laragon\\www\\mirrormefashion\\vendor</span><span class=\"sf-dump-ellipsis sf-dump-ellipsis-path\">\\laravel\\framework\\</span>src\\Illuminate\\Routing\\Router.php:761</span> {<samp data-depth=3 class=sf-dump-compact>
      <span class=sf-dump-note title=\"Illuminate\\Routing\\Router-&gt;findRoute($request)
\"><span class=\"sf-dump-ellipsis sf-dump-ellipsis-note\">Illuminate\\Routing</span><span class=\"sf-dump-ellipsis sf-dump-ellipsis-note\">\\</span>Router-&gt;findRoute($request)</span> &#8230;
      &#8250; 
      &#8250; <code class=\"php\"><span class=sf-dump-const title=\"in Illuminate\\Routing\\Router-&gt;findRoute($request)\">$this-&gt;current = $route = $this-&gt;routes-&gt;match($request);</span></code>
      &#8250; 
      <span class=sf-dump-meta>arguments</span>: { &#8230;1}
    </samp>}
    <span class=sf-dump-meta title=\"C:\\laragon\\www\\mirrormefashion\\vendor\\laravel\\framework\\src\\Illuminate\\Routing\\Router.php:748
Stack level 25.\"><span class=\"sf-dump-ellipsis sf-dump-ellipsis-path\">C:\\laragon\\www\\mirrormefashion\\vendor</span><span class=\"sf-dump-ellipsis sf-dump-ellipsis-path\">\\laravel\\framework\\</span>src\\Illuminate\\Routing\\Router.php:748</span> {<samp data-depth=3 class=sf-dump-compact>
      <span class=sf-dump-note title=\"Illuminate\\Routing\\Router-&gt;dispatchToRoute(Request $request)
\"><span class=\"sf-dump-ellipsis sf-dump-ellipsis-note\">Illuminate\\Routing</span><span class=\"sf-dump-ellipsis sf-dump-ellipsis-note\">\\</span>Router-&gt;dispatchToRoute(Request $request)</span> &#8230;
      &#8250; <code class=\"php\"><span class=sf-dump-default>{</span></code>
      &#8250; <code class=\"php\"><span class=sf-dump-const title=\"in Illuminate\\Routing\\Router-&gt;dispatchToRoute(Request $request)\">    return $this-&gt;runRoute($request, $this-&gt;findRoute($request));</span></code>
      &#8250; <code class=\"php\"><span class=sf-dump-default>}</span></code>
      <span class=sf-dump-meta>arguments</span>: { &#8230;1}
    </samp>}
    <span class=sf-dump-meta title=\"C:\\laragon\\www\\mirrormefashion\\vendor\\laravel\\framework\\src\\Illuminate\\Routing\\Router.php:737
Stack level 24.\"><span class=\"sf-dump-ellipsis sf-dump-ellipsis-path\">C:\\laragon\\www\\mirrormefashion\\vendor</span><span class=\"sf-dump-ellipsis sf-dump-ellipsis-path\">\\laravel\\framework\\</span>src\\Illuminate\\Routing\\Router.php:737</span> {<samp data-depth=3 class=sf-dump-compact>
      <span class=sf-dump-note title=\"Illuminate\\Routing\\Router-&gt;dispatch(Request $request)
\"><span class=\"sf-dump-ellipsis sf-dump-ellipsis-note\">Illuminate\\Routing</span><span class=\"sf-dump-ellipsis sf-dump-ellipsis-note\">\\</span>Router-&gt;dispatch(Request $request)</span> &#8230;
      &#8250; 
      &#8250; <code class=\"php\"><span class=sf-dump-const title=\"in Illuminate\\Routing\\Router-&gt;dispatch(Request $request)\">    return $this-&gt;dispatchToRoute($request);</span></code>
      &#8250; <code class=\"php\"><span class=sf-dump-default>}</span></code>
      <span class=sf-dump-meta>arguments</span>: { &#8230;1}
    </samp>}
    <span class=sf-dump-meta title=\"C:\\laragon\\www\\mirrormefashion\\vendor\\laravel\\framework\\src\\Illuminate\\Foundation\\Http\\Kernel.php:200
Stack level 23.\"><span class=\"sf-dump-ellipsis sf-dump-ellipsis-path\">C:\\laragon\\www\\mirrormefashion\\vendor</span><span class=\"sf-dump-ellipsis sf-dump-ellipsis-path\">\\laravel\\framework\\</span>src\\Illuminate\\Foundation\\Http\\Kernel.php:200</span> {<samp data-depth=3 class=sf-dump-compact>
      <span class=sf-dump-note title=\"Illuminate\\Foundation\\Http\\Kernel-&gt;Illuminate\\Foundation\\Http\\{closure}
\"><span class=\"sf-dump-ellipsis sf-dump-ellipsis-note\">Illuminate\\Foundation\\Http\\Kernel-&gt;Illuminate\\Foundation\\Http</span><span class=\"sf-dump-ellipsis sf-dump-ellipsis-note\">\\</span>{closure}</span> &#8230;
      &#8250; 
      &#8250; <code class=\"php\"><span class=sf-dump-const title=\"in Illuminate\\Foundation\\Http\\Kernel-&gt;Illuminate\\Foundation\\Http\\{closure}\">    return $this-&gt;router-&gt;dispatch($request);</span></code>
      &#8250; <code class=\"php\"><span class=sf-dump-default>};</span></code>
      <span class=sf-dump-meta>arguments</span>: { &#8230;1}
    </samp>}
    <span class=sf-dump-meta title=\"C:\\laragon\\www\\mirrormefashion\\vendor\\laravel\\framework\\src\\Illuminate\\Pipeline\\Pipeline.php:144
Stack level 22.\"><span class=\"sf-dump-ellipsis sf-dump-ellipsis-path\">C:\\laragon\\www\\mirrormefashion\\vendor</span><span class=\"sf-dump-ellipsis sf-dump-ellipsis-path\">\\laravel\\framework\\</span>src\\Illuminate\\Pipeline\\Pipeline.php:144</span> {<samp data-depth=3 class=sf-dump-compact>
      <span class=sf-dump-note title=\"Illuminate\\Pipeline\\Pipeline-&gt;Illuminate\\Pipeline\\{closure}
\"><span class=\"sf-dump-ellipsis sf-dump-ellipsis-note\">Illuminate\\Pipeline\\Pipeline-&gt;Illuminate\\Pipeline</span><span class=\"sf-dump-ellipsis sf-dump-ellipsis-note\">\\</span>{closure}</span> &#8230;
      &#8250; <code class=\"php\"><span class=sf-dump-default>try {</span></code>
      &#8250; <code class=\"php\"><span class=sf-dump-const title=\"in Illuminate\\Pipeline\\Pipeline-&gt;Illuminate\\Pipeline\\{closure}\">    return $destination($passable);</span></code>
      &#8250; <code class=\"php\"><span class=sf-dump-default>} catch (Throwable $e) {</span></code>
      <span class=sf-dump-meta>arguments</span>: { &#8230;1}
    </samp>}
    <span class=sf-dump-meta title=\"C:\\laragon\\www\\mirrormefashion\\vendor\\barryvdh\\laravel-debugbar\\src\\Middleware\\InjectDebugbar.php:66
Stack level 21.\"><span class=\"sf-dump-ellipsis sf-dump-ellipsis-path\">C:\\laragon\\www\\mirrormefashion\\vendor</span><span class=\"sf-dump-ellipsis sf-dump-ellipsis-path\">\\barryvdh\\laravel-debugbar\\</span>src\\Middleware\\InjectDebugbar.php:66</span> {<samp data-depth=3 class=sf-dump-compact>
      <span class=sf-dump-note title=\"Barryvdh\\Debugbar\\Middleware\\InjectDebugbar-&gt;handle($request, Closure $next)
\"><span class=\"sf-dump-ellipsis sf-dump-ellipsis-note\">Barryvdh\\Debugbar\\Middleware</span><span class=\"sf-dump-ellipsis sf-dump-ellipsis-note\">\\</span>InjectDebugbar-&gt;handle($request, Closure $next)</span> &#8230;
      &#8250; <code class=\"php\"><span class=sf-dump-default>    /** @var \\Illuminate\\Http\\Response $response */</span></code>
      &#8250; <code class=\"php\"><span class=sf-dump-const title=\"in Barryvdh\\Debugbar\\Middleware\\InjectDebugbar-&gt;handle($request, Closure $next)\">    $response = $next($request);</span></code>
      &#8250; <code class=\"php\"><span class=sf-dump-default>} catch (Throwable $e) {</span></code>
      <span class=sf-dump-meta>arguments</span>: { &#8230;1}
    </samp>}
    <span class=sf-dump-meta title=\"C:\\laragon\\www\\mirrormefashion\\vendor\\laravel\\framework\\src\\Illuminate\\Pipeline\\Pipeline.php:183
Stack level 20.\"><span class=\"sf-dump-ellipsis sf-dump-ellipsis-path\">C:\\laragon\\www\\mirrormefashion\\vendor</span><span class=\"sf-dump-ellipsis sf-dump-ellipsis-path\">\\laravel\\framework\\</span>src\\Illuminate\\Pipeline\\Pipeline.php:183</span> {<samp data-depth=3 class=sf-dump-compact>
      <span class=sf-dump-note title=\"Illuminate\\Pipeline\\Pipeline-&gt;Illuminate\\Pipeline\\{closure}
\"><span class=\"sf-dump-ellipsis sf-dump-ellipsis-note\">Illuminate\\Pipeline\\Pipeline-&gt;Illuminate\\Pipeline</span><span class=\"sf-dump-ellipsis sf-dump-ellipsis-note\">\\</span>{closure}</span> &#8230;
      &#8250; <code class=\"php\"><span class=sf-dump-default>$carry = method_exists($pipe, $this-&gt;method)</span></code>
      &#8250; <code class=\"php\"><span class=sf-dump-const title=\"in Illuminate\\Pipeline\\Pipeline-&gt;Illuminate\\Pipeline\\{closure}\">                ? $pipe-&gt;{$this-&gt;method}(...$parameters)</span></code>
      &#8250; <code class=\"php\"><span class=sf-dump-default>                : $pipe(...$parameters);</span></code>
      <span class=sf-dump-meta>arguments</span>: { &#8230;2}
    </samp>}
    <span class=sf-dump-meta title=\"C:\\laragon\\www\\mirrormefashion\\vendor\\laravel\\framework\\src\\Illuminate\\View\\Middleware\\ShareErrorsFromSession.php:49
Stack level 19.\"><span class=\"sf-dump-ellipsis sf-dump-ellipsis-path\">C:\\laragon\\www\\mirrormefashion\\vendor</span><span class=\"sf-dump-ellipsis sf-dump-ellipsis-path\">\\laravel\\framework\\</span>src\\Illuminate\\View\\Middleware\\ShareErrorsFromSession.php:49</span> {<samp data-depth=3 class=sf-dump-compact>
      <span class=sf-dump-note title=\"Illuminate\\View\\Middleware\\ShareErrorsFromSession-&gt;handle($request, Closure $next)
\"><span class=\"sf-dump-ellipsis sf-dump-ellipsis-note\">Illuminate\\View\\Middleware</span><span class=\"sf-dump-ellipsis sf-dump-ellipsis-note\">\\</span>ShareErrorsFromSession-&gt;handle($request, Closure $next)</span> &#8230;
      &#8250; 
      &#8250; <code class=\"php\"><span class=sf-dump-const title=\"in Illuminate\\View\\Middleware\\ShareErrorsFromSession-&gt;handle($request, Closure $next)\">    return $next($request);</span></code>
      &#8250; <code class=\"php\"><span class=sf-dump-default>}</span></code>
      <span class=sf-dump-meta>arguments</span>: { &#8230;1}
    </samp>}
    <span class=sf-dump-meta title=\"C:\\laragon\\www\\mirrormefashion\\vendor\\laravel\\framework\\src\\Illuminate\\Pipeline\\Pipeline.php:183
Stack level 18.\"><span class=\"sf-dump-ellipsis sf-dump-ellipsis-path\">C:\\laragon\\www\\mirrormefashion\\vendor</span><span class=\"sf-dump-ellipsis sf-dump-ellipsis-path\">\\laravel\\framework\\</span>src\\Illuminate\\Pipeline\\Pipeline.php:183</span> {<samp data-depth=3 class=sf-dump-compact>
      <span class=sf-dump-note title=\"Illuminate\\Pipeline\\Pipeline-&gt;Illuminate\\Pipeline\\{closure}
\"><span class=\"sf-dump-ellipsis sf-dump-ellipsis-note\">Illuminate\\Pipeline\\Pipeline-&gt;Illuminate\\Pipeline</span><span class=\"sf-dump-ellipsis sf-dump-ellipsis-note\">\\</span>{closure}</span> &#8230;
      &#8250; <code class=\"php\"><span class=sf-dump-default>$carry = method_exists($pipe, $this-&gt;method)</span></code>
      &#8250; <code class=\"php\"><span class=sf-dump-const title=\"in Illuminate\\Pipeline\\Pipeline-&gt;Illuminate\\Pipeline\\{closure}\">                ? $pipe-&gt;{$this-&gt;method}(...$parameters)</span></code>
      &#8250; <code class=\"php\"><span class=sf-dump-default>                : $pipe(...$parameters);</span></code>
      <span class=sf-dump-meta>arguments</span>: { &#8230;2}
    </samp>}
    <span class=sf-dump-meta title=\"C:\\laragon\\www\\mirrormefashion\\vendor\\laravel\\framework\\src\\Illuminate\\Session\\Middleware\\StartSession.php:121
Stack level 17.\"><span class=\"sf-dump-ellipsis sf-dump-ellipsis-path\">C:\\laragon\\www\\mirrormefashion\\vendor</span><span class=\"sf-dump-ellipsis sf-dump-ellipsis-path\">\\laravel\\framework\\</span>src\\Illuminate\\Session\\Middleware\\StartSession.php:121</span> {<samp data-depth=3 class=sf-dump-compact>
      <span class=sf-dump-note title=\"Illuminate\\Session\\Middleware\\StartSession-&gt;handleStatefulRequest(Request $request, $session, Closure $next)
\"><span class=\"sf-dump-ellipsis sf-dump-ellipsis-note\">Illuminate\\Session\\Middleware</span><span class=\"sf-dump-ellipsis sf-dump-ellipsis-note\">\\</span>StartSession-&gt;handleStatefulRequest(Request $request, $session, Closure $next)</span> &#8230;
      &#8250; 
      &#8250; <code class=\"php\"><span class=sf-dump-const title=\"in Illuminate\\Session\\Middleware\\StartSession-&gt;handleStatefulRequest(Request $request, $session, Closure $next)\">$response = $next($request);</span></code>
      &#8250; 
      <span class=sf-dump-meta>arguments</span>: { &#8230;1}
    </samp>}
    <span class=sf-dump-meta title=\"C:\\laragon\\www\\mirrormefashion\\vendor\\laravel\\framework\\src\\Illuminate\\Session\\Middleware\\StartSession.php:64
Stack level 16.\"><span class=\"sf-dump-ellipsis sf-dump-ellipsis-path\">C:\\laragon\\www\\mirrormefashion\\vendor</span><span class=\"sf-dump-ellipsis sf-dump-ellipsis-path\">\\laravel\\framework\\</span>src\\Illuminate\\Session\\Middleware\\StartSession.php:64</span> {<samp data-depth=3 class=sf-dump-compact>
      <span class=sf-dump-note title=\"Illuminate\\Session\\Middleware\\StartSession-&gt;handle($request, Closure $next)
\"><span class=\"sf-dump-ellipsis sf-dump-ellipsis-note\">Illuminate\\Session\\Middleware</span><span class=\"sf-dump-ellipsis sf-dump-ellipsis-note\">\\</span>StartSession-&gt;handle($request, Closure $next)</span> &#8230;
      &#8250; 
      &#8250; <code class=\"php\"><span class=sf-dump-const title=\"in Illuminate\\Session\\Middleware\\StartSession-&gt;handle($request, Closure $next)\">    return $this-&gt;handleStatefulRequest($request, $session, $next);</span></code>
      &#8250; <code class=\"php\"><span class=sf-dump-default>}</span></code>
      <span class=sf-dump-meta>arguments</span>: { &#8230;3}
    </samp>}
    <span class=sf-dump-meta title=\"C:\\laragon\\www\\mirrormefashion\\vendor\\laravel\\framework\\src\\Illuminate\\Pipeline\\Pipeline.php:183
Stack level 15.\"><span class=\"sf-dump-ellipsis sf-dump-ellipsis-path\">C:\\laragon\\www\\mirrormefashion\\vendor</span><span class=\"sf-dump-ellipsis sf-dump-ellipsis-path\">\\laravel\\framework\\</span>src\\Illuminate\\Pipeline\\Pipeline.php:183</span> {<samp data-depth=3 class=sf-dump-compact>
      <span class=sf-dump-note title=\"Illuminate\\Pipeline\\Pipeline-&gt;Illuminate\\Pipeline\\{closure}
\"><span class=\"sf-dump-ellipsis sf-dump-ellipsis-note\">Illuminate\\Pipeline\\Pipeline-&gt;Illuminate\\Pipeline</span><span class=\"sf-dump-ellipsis sf-dump-ellipsis-note\">\\</span>{closure}</span> &#8230;
      &#8250; <code class=\"php\"><span class=sf-dump-default>$carry = method_exists($pipe, $this-&gt;method)</span></code>
      &#8250; <code class=\"php\"><span class=sf-dump-const title=\"in Illuminate\\Pipeline\\Pipeline-&gt;Illuminate\\Pipeline\\{closure}\">                ? $pipe-&gt;{$this-&gt;method}(...$parameters)</span></code>
      &#8250; <code class=\"php\"><span class=sf-dump-default>                : $pipe(...$parameters);</span></code>
      <span class=sf-dump-meta>arguments</span>: { &#8230;2}
    </samp>}
    <span class=sf-dump-meta title=\"C:\\laragon\\www\\mirrormefashion\\vendor\\laravel\\framework\\src\\Illuminate\\Http\\Middleware\\TrustProxies.php:39
Stack level 14.\"><span class=\"sf-dump-ellipsis sf-dump-ellipsis-path\">C:\\laragon\\www\\mirrormefashion\\vendor</span><span class=\"sf-dump-ellipsis sf-dump-ellipsis-path\">\\laravel\\framework\\</span>src\\Illuminate\\Http\\Middleware\\TrustProxies.php:39</span> {<samp data-depth=3 class=sf-dump-compact>
      <span class=sf-dump-note title=\"Illuminate\\Http\\Middleware\\TrustProxies-&gt;handle(Request $request, Closure $next)
\"><span class=\"sf-dump-ellipsis sf-dump-ellipsis-note\">Illuminate\\Http\\Middleware</span><span class=\"sf-dump-ellipsis sf-dump-ellipsis-note\">\\</span>TrustProxies-&gt;handle(Request $request, Closure $next)</span> &#8230;
      &#8250; 
      &#8250; <code class=\"php\"><span class=sf-dump-const title=\"in Illuminate\\Http\\Middleware\\TrustProxies-&gt;handle(Request $request, Closure $next)\">    return $next($request);</span></code>
      &#8250; <code class=\"php\"><span class=sf-dump-default>}</span></code>
      <span class=sf-dump-meta>arguments</span>: { &#8230;1}
    </samp>}
    <span class=sf-dump-meta title=\"C:\\laragon\\www\\mirrormefashion\\vendor\\laravel\\framework\\src\\Illuminate\\Pipeline\\Pipeline.php:183
Stack level 13.\"><span class=\"sf-dump-ellipsis sf-dump-ellipsis-path\">C:\\laragon\\www\\mirrormefashion\\vendor</span><span class=\"sf-dump-ellipsis sf-dump-ellipsis-path\">\\laravel\\framework\\</span>src\\Illuminate\\Pipeline\\Pipeline.php:183</span> {<samp data-depth=3 class=sf-dump-compact>
      <span class=sf-dump-note title=\"Illuminate\\Pipeline\\Pipeline-&gt;Illuminate\\Pipeline\\{closure}
\"><span class=\"sf-dump-ellipsis sf-dump-ellipsis-note\">Illuminate\\Pipeline\\Pipeline-&gt;Illuminate\\Pipeline</span><span class=\"sf-dump-ellipsis sf-dump-ellipsis-note\">\\</span>{closure}</span> &#8230;
      &#8250; <code class=\"php\"><span class=sf-dump-default>$carry = method_exists($pipe, $this-&gt;method)</span></code>
      &#8250; <code class=\"php\"><span class=sf-dump-const title=\"in Illuminate\\Pipeline\\Pipeline-&gt;Illuminate\\Pipeline\\{closure}\">                ? $pipe-&gt;{$this-&gt;method}(...$parameters)</span></code>
      &#8250; <code class=\"php\"><span class=sf-dump-default>                : $pipe(...$parameters);</span></code>
      <span class=sf-dump-meta>arguments</span>: { &#8230;2}
    </samp>}
    <span class=sf-dump-meta title=\"C:\\laragon\\www\\mirrormefashion\\vendor\\laravel\\framework\\src\\Illuminate\\Foundation\\Http\\Middleware\\TransformsRequest.php:21
Stack level 12.\"><span class=\"sf-dump-ellipsis sf-dump-ellipsis-path\">C:\\laragon\\www\\mirrormefashion\\vendor</span><span class=\"sf-dump-ellipsis sf-dump-ellipsis-path\">\\laravel\\framework\\</span>src\\Illuminate\\Foundation\\Http\\Middleware\\TransformsRequest.php:21</span> {<samp data-depth=3 class=sf-dump-compact>
      <span class=sf-dump-note title=\"Illuminate\\Foundation\\Http\\Middleware\\TransformsRequest-&gt;handle($request, Closure $next)
\"><span class=\"sf-dump-ellipsis sf-dump-ellipsis-note\">Illuminate\\Foundation\\Http\\Middleware</span><span class=\"sf-dump-ellipsis sf-dump-ellipsis-note\">\\</span>TransformsRequest-&gt;handle($request, Closure $next)</span> &#8230;
      &#8250; 
      &#8250; <code class=\"php\"><span class=sf-dump-const title=\"in Illuminate\\Foundation\\Http\\Middleware\\TransformsRequest-&gt;handle($request, Closure $next)\">    return $next($request);</span></code>
      &#8250; <code class=\"php\"><span class=sf-dump-default>}</span></code>
      <span class=sf-dump-meta>arguments</span>: { &#8230;1}
    </samp>}
    <span class=sf-dump-meta title=\"C:\\laragon\\www\\mirrormefashion\\vendor\\laravel\\framework\\src\\Illuminate\\Foundation\\Http\\Middleware\\ConvertEmptyStringsToNull.php:31
Stack level 11.\"><span class=\"sf-dump-ellipsis sf-dump-ellipsis-path\">C:\\laragon\\www\\mirrormefashion\\vendor</span><span class=\"sf-dump-ellipsis sf-dump-ellipsis-path\">\\laravel\\framework\\</span>src\\Illuminate\\Foundation\\Http\\Middleware\\ConvertEmptyStringsToNull.php:31</span> {<samp data-depth=3 class=sf-dump-compact>
      <span class=sf-dump-note title=\"Illuminate\\Foundation\\Http\\Middleware\\ConvertEmptyStringsToNull-&gt;handle($request, Closure $next)
\"><span class=\"sf-dump-ellipsis sf-dump-ellipsis-note\">Illuminate\\Foundation\\Http\\Middleware</span><span class=\"sf-dump-ellipsis sf-dump-ellipsis-note\">\\</span>ConvertEmptyStringsToNull-&gt;handle($request, Closure $next)</span> &#8230;
      &#8250; 
      &#8250; <code class=\"php\"><span class=sf-dump-const title=\"in Illuminate\\Foundation\\Http\\Middleware\\ConvertEmptyStringsToNull-&gt;handle($request, Closure $next)\">    return parent::handle($request, $next);</span></code>
      &#8250; <code class=\"php\"><span class=sf-dump-default>}</span></code>
      <span class=sf-dump-meta>arguments</span>: { &#8230;2}
    </samp>}
    <span class=sf-dump-meta title=\"C:\\laragon\\www\\mirrormefashion\\vendor\\laravel\\framework\\src\\Illuminate\\Pipeline\\Pipeline.php:183
Stack level 10.\"><span class=\"sf-dump-ellipsis sf-dump-ellipsis-path\">C:\\laragon\\www\\mirrormefashion\\vendor</span><span class=\"sf-dump-ellipsis sf-dump-ellipsis-path\">\\laravel\\framework\\</span>src\\Illuminate\\Pipeline\\Pipeline.php:183</span> {<samp data-depth=3 class=sf-dump-compact>
      <span class=sf-dump-note title=\"Illuminate\\Pipeline\\Pipeline-&gt;Illuminate\\Pipeline\\{closure}
\"><span class=\"sf-dump-ellipsis sf-dump-ellipsis-note\">Illuminate\\Pipeline\\Pipeline-&gt;Illuminate\\Pipeline</span><span class=\"sf-dump-ellipsis sf-dump-ellipsis-note\">\\</span>{closure}</span> &#8230;
      &#8250; <code class=\"php\"><span class=sf-dump-default>$carry = method_exists($pipe, $this-&gt;method)</span></code>
      &#8250; <code class=\"php\"><span class=sf-dump-const title=\"in Illuminate\\Pipeline\\Pipeline-&gt;Illuminate\\Pipeline\\{closure}\">                ? $pipe-&gt;{$this-&gt;method}(...$parameters)</span></code>
      &#8250; <code class=\"php\"><span class=sf-dump-default>                : $pipe(...$parameters);</span></code>
      <span class=sf-dump-meta>arguments</span>: { &#8230;2}
    </samp>}
    <span class=sf-dump-meta title=\"C:\\laragon\\www\\mirrormefashion\\vendor\\laravel\\framework\\src\\Illuminate\\Foundation\\Http\\Middleware\\TransformsRequest.php:21
Stack level 9.\"><span class=\"sf-dump-ellipsis sf-dump-ellipsis-path\">C:\\laragon\\www\\mirrormefashion\\vendor</span><span class=\"sf-dump-ellipsis sf-dump-ellipsis-path\">\\laravel\\framework\\</span>src\\Illuminate\\Foundation\\Http\\Middleware\\TransformsRequest.php:21</span> {<samp data-depth=3 class=sf-dump-compact>
      <span class=sf-dump-note title=\"Illuminate\\Foundation\\Http\\Middleware\\TransformsRequest-&gt;handle($request, Closure $next)
\"><span class=\"sf-dump-ellipsis sf-dump-ellipsis-note\">Illuminate\\Foundation\\Http\\Middleware</span><span class=\"sf-dump-ellipsis sf-dump-ellipsis-note\">\\</span>TransformsRequest-&gt;handle($request, Closure $next)</span> &#8230;
      &#8250; 
      &#8250; <code class=\"php\"><span class=sf-dump-const title=\"in Illuminate\\Foundation\\Http\\Middleware\\TransformsRequest-&gt;handle($request, Closure $next)\">    return $next($request);</span></code>
      &#8250; <code class=\"php\"><span class=sf-dump-default>}</span></code>
      <span class=sf-dump-meta>arguments</span>: { &#8230;1}
    </samp>}
    <span class=sf-dump-meta title=\"C:\\laragon\\www\\mirrormefashion\\vendor\\laravel\\framework\\src\\Illuminate\\Foundation\\Http\\Middleware\\TrimStrings.php:40
Stack level 8.\"><span class=\"sf-dump-ellipsis sf-dump-ellipsis-path\">C:\\laragon\\www\\mirrormefashion\\vendor</span><span class=\"sf-dump-ellipsis sf-dump-ellipsis-path\">\\laravel\\framework\\</span>src\\Illuminate\\Foundation\\Http\\Middleware\\TrimStrings.php:40</span> {<samp data-depth=3 class=sf-dump-compact>
      <span class=sf-dump-note title=\"Illuminate\\Foundation\\Http\\Middleware\\TrimStrings-&gt;handle($request, Closure $next)
\"><span class=\"sf-dump-ellipsis sf-dump-ellipsis-note\">Illuminate\\Foundation\\Http\\Middleware</span><span class=\"sf-dump-ellipsis sf-dump-ellipsis-note\">\\</span>TrimStrings-&gt;handle($request, Closure $next)</span> &#8230;
      &#8250; 
      &#8250; <code class=\"php\"><span class=sf-dump-const title=\"in Illuminate\\Foundation\\Http\\Middleware\\TrimStrings-&gt;handle($request, Closure $next)\">    return parent::handle($request, $next);</span></code>
      &#8250; <code class=\"php\"><span class=sf-dump-default>}</span></code>
      <span class=sf-dump-meta>arguments</span>: { &#8230;2}
    </samp>}
    <span class=sf-dump-meta title=\"C:\\laragon\\www\\mirrormefashion\\vendor\\laravel\\framework\\src\\Illuminate\\Pipeline\\Pipeline.php:183
Stack level 7.\"><span class=\"sf-dump-ellipsis sf-dump-ellipsis-path\">C:\\laragon\\www\\mirrormefashion\\vendor</span><span class=\"sf-dump-ellipsis sf-dump-ellipsis-path\">\\laravel\\framework\\</span>src\\Illuminate\\Pipeline\\Pipeline.php:183</span> {<samp data-depth=3 class=sf-dump-compact>
      <span class=sf-dump-note title=\"Illuminate\\Pipeline\\Pipeline-&gt;Illuminate\\Pipeline\\{closure}
\"><span class=\"sf-dump-ellipsis sf-dump-ellipsis-note\">Illuminate\\Pipeline\\Pipeline-&gt;Illuminate\\Pipeline</span><span class=\"sf-dump-ellipsis sf-dump-ellipsis-note\">\\</span>{closure}</span> &#8230;
      &#8250; <code class=\"php\"><span class=sf-dump-default>$carry = method_exists($pipe, $this-&gt;method)</span></code>
      &#8250; <code class=\"php\"><span class=sf-dump-const title=\"in Illuminate\\Pipeline\\Pipeline-&gt;Illuminate\\Pipeline\\{closure}\">                ? $pipe-&gt;{$this-&gt;method}(...$parameters)</span></code>
      &#8250; <code class=\"php\"><span class=sf-dump-default>                : $pipe(...$parameters);</span></code>
      <span class=sf-dump-meta>arguments</span>: { &#8230;2}
    </samp>}
    <span class=sf-dump-meta title=\"C:\\laragon\\www\\mirrormefashion\\vendor\\laravel\\framework\\src\\Illuminate\\Foundation\\Http\\Middleware\\ValidatePostSize.php:27
Stack level 6.\"><span class=\"sf-dump-ellipsis sf-dump-ellipsis-path\">C:\\laragon\\www\\mirrormefashion\\vendor</span><span class=\"sf-dump-ellipsis sf-dump-ellipsis-path\">\\laravel\\framework\\</span>src\\Illuminate\\Foundation\\Http\\Middleware\\ValidatePostSize.php:27</span> {<samp data-depth=3 class=sf-dump-compact>
      <span class=sf-dump-note title=\"Illuminate\\Foundation\\Http\\Middleware\\ValidatePostSize-&gt;handle($request, Closure $next)
\"><span class=\"sf-dump-ellipsis sf-dump-ellipsis-note\">Illuminate\\Foundation\\Http\\Middleware</span><span class=\"sf-dump-ellipsis sf-dump-ellipsis-note\">\\</span>ValidatePostSize-&gt;handle($request, Closure $next)</span> &#8230;
      &#8250; 
      &#8250; <code class=\"php\"><span class=sf-dump-const title=\"in Illuminate\\Foundation\\Http\\Middleware\\ValidatePostSize-&gt;handle($request, Closure $next)\">    return $next($request);</span></code>
      &#8250; <code class=\"php\"><span class=sf-dump-default>}</span></code>
      <span class=sf-dump-meta>arguments</span>: { &#8230;1}
    </samp>}
    <span class=sf-dump-meta title=\"C:\\laragon\\www\\mirrormefashion\\vendor\\laravel\\framework\\src\\Illuminate\\Pipeline\\Pipeline.php:183
Stack level 5.\"><span class=\"sf-dump-ellipsis sf-dump-ellipsis-path\">C:\\laragon\\www\\mirrormefashion\\vendor</span><span class=\"sf-dump-ellipsis sf-dump-ellipsis-path\">\\laravel\\framework\\</span>src\\Illuminate\\Pipeline\\Pipeline.php:183</span> {<samp data-depth=3 class=sf-dump-compact>
      <span class=sf-dump-note title=\"Illuminate\\Pipeline\\Pipeline-&gt;Illuminate\\Pipeline\\{closure}
\"><span class=\"sf-dump-ellipsis sf-dump-ellipsis-note\">Illuminate\\Pipeline\\Pipeline-&gt;Illuminate\\Pipeline</span><span class=\"sf-dump-ellipsis sf-dump-ellipsis-note\">\\</span>{closure}</span> &#8230;
      &#8250; <code class=\"php\"><span class=sf-dump-default>$carry = method_exists($pipe, $this-&gt;method)</span></code>
      &#8250; <code class=\"php\"><span class=sf-dump-const title=\"in Illuminate\\Pipeline\\Pipeline-&gt;Illuminate\\Pipeline\\{closure}\">                ? $pipe-&gt;{$this-&gt;method}(...$parameters)</span></code>
      &#8250; <code class=\"php\"><span class=sf-dump-default>                : $pipe(...$parameters);</span></code>
      <span class=sf-dump-meta>arguments</span>: { &#8230;2}
    </samp>}
    <span class=sf-dump-meta title=\"C:\\laragon\\www\\mirrormefashion\\vendor\\laravel\\framework\\src\\Illuminate\\Pipeline\\Pipeline.php:119
Stack level 4.\"><span class=\"sf-dump-ellipsis sf-dump-ellipsis-path\">C:\\laragon\\www\\mirrormefashion\\vendor</span><span class=\"sf-dump-ellipsis sf-dump-ellipsis-path\">\\laravel\\framework\\</span>src\\Illuminate\\Pipeline\\Pipeline.php:119</span> {<samp data-depth=3 class=sf-dump-compact>
      <span class=sf-dump-note title=\"Illuminate\\Pipeline\\Pipeline-&gt;then(Closure $destination)
\"><span class=\"sf-dump-ellipsis sf-dump-ellipsis-note\">Illuminate\\Pipeline</span><span class=\"sf-dump-ellipsis sf-dump-ellipsis-note\">\\</span>Pipeline-&gt;then(Closure $destination)</span> &#8230;
      &#8250; 
      &#8250; <code class=\"php\"><span class=sf-dump-const title=\"in Illuminate\\Pipeline\\Pipeline-&gt;then(Closure $destination)\">    return $pipeline($this-&gt;passable);</span></code>
      &#8250; <code class=\"php\"><span class=sf-dump-default>}</span></code>
      <span class=sf-dump-meta>arguments</span>: { &#8230;1}
    </samp>}
    <span class=sf-dump-meta title=\"C:\\laragon\\www\\mirrormefashion\\vendor\\laravel\\framework\\src\\Illuminate\\Foundation\\Http\\Kernel.php:175
Stack level 3.\"><span class=\"sf-dump-ellipsis sf-dump-ellipsis-path\">C:\\laragon\\www\\mirrormefashion\\vendor</span><span class=\"sf-dump-ellipsis sf-dump-ellipsis-path\">\\laravel\\framework\\</span>src\\Illuminate\\Foundation\\Http\\Kernel.php:175</span> {<samp data-depth=3 class=sf-dump-compact>
      <span class=sf-dump-note title=\"Illuminate\\Foundation\\Http\\Kernel-&gt;sendRequestThroughRouter($request)
\"><span class=\"sf-dump-ellipsis sf-dump-ellipsis-note\">Illuminate\\Foundation\\Http</span><span class=\"sf-dump-ellipsis sf-dump-ellipsis-note\">\\</span>Kernel-&gt;sendRequestThroughRouter($request)</span> &#8230;
      &#8250; <code class=\"php\"><span class=sf-dump-default>                -&gt;through($this-&gt;app-&gt;shouldSkipMiddleware() ? [] : $this-&gt;middleware)</span></code>
      &#8250; <code class=\"php\"><span class=sf-dump-const title=\"in Illuminate\\Foundation\\Http\\Kernel-&gt;sendRequestThroughRouter($request)\">                -&gt;then($this-&gt;dispatchToRouter());</span></code>
      &#8250; <code class=\"php\"><span class=sf-dump-default>}</span></code>
      <span class=sf-dump-meta>arguments</span>: { &#8230;1}
    </samp>}
    <span class=sf-dump-meta title=\"C:\\laragon\\www\\mirrormefashion\\vendor\\laravel\\framework\\src\\Illuminate\\Foundation\\Http\\Kernel.php:144
Stack level 2.\"><span class=\"sf-dump-ellipsis sf-dump-ellipsis-path\">C:\\laragon\\www\\mirrormefashion\\vendor</span><span class=\"sf-dump-ellipsis sf-dump-ellipsis-path\">\\laravel\\framework\\</span>src\\Illuminate\\Foundation\\Http\\Kernel.php:144</span> {<samp data-depth=3 class=sf-dump-compact>
      <span class=sf-dump-note title=\"Illuminate\\Foundation\\Http\\Kernel-&gt;handle($request)
\"><span class=\"sf-dump-ellipsis sf-dump-ellipsis-note\">Illuminate\\Foundation\\Http</span><span class=\"sf-dump-ellipsis sf-dump-ellipsis-note\">\\</span>Kernel-&gt;handle($request)</span> &#8230;
      &#8250; 
      &#8250; <code class=\"php\"><span class=sf-dump-const title=\"in Illuminate\\Foundation\\Http\\Kernel-&gt;handle($request)\">    $response = $this-&gt;sendRequestThroughRouter($request);</span></code>
      &#8250; <code class=\"php\"><span class=sf-dump-default>} catch (Throwable $e) {</span></code>
      <span class=sf-dump-meta>arguments</span>: { &#8230;1}
    </samp>}
    <span class=sf-dump-meta title=\"C:\\laragon\\www\\mirrormefashion\\public\\index.php:54
Stack level 1.\"><span class=\"sf-dump-ellipsis sf-dump-ellipsis-path\">C:\\laragon\\www\\mirrormefashion</span><span class=\"sf-dump-ellipsis sf-dump-ellipsis-path\">\\</span>public\\index.php:54</span> {<samp data-depth=3 class=sf-dump-compact>
      &#8250; <code class=\"php\"><span class=sf-dump-default><span class=\"sf-dump-default sf-dump-ns\">\\r</span></span></code>
      &#8250; <code class=\"php\"><span class=sf-dump-const title=\"\">$response = $kernel-&gt;handle(<span class=\"sf-dump-default sf-dump-ns\">\\r</span></span></code>
      &#8250; <code class=\"php\"><span class=sf-dump-default>    $request = Illuminate\\Http\\Request::capture()<span class=\"sf-dump-default sf-dump-ns\">\\r</span></span></code>
      <span class=sf-dump-meta>arguments</span>: { &#8230;1}
    </samp>}
  </samp>}
</samp>}
</pre><script>Sfdump(\"sf-dump-787517727\", {\"maxDepth\":3,\"maxStringLength\":160})</script>
"}},"exception":"[object] (Spatie\\LaravelIgnition\\Exceptions\\ViewException(code: 0): SQLSTATE[HY000] [1045] Access denied for user 'forge'@'localhost' (using password: NO) (Connection: mysql, SQL: select * from `languages` where `code` = en limit 1) at C:\\laragon\\www\\mirrormefashion\\vendor\\laravel\\framework\\src\\Illuminate\\Database\\Connection.php:829)
[stacktrace]
#0 C:\\laragon\\www\\mirrormefashion\\vendor\\laravel\\framework\\src\\Illuminate\\Database\\Connection.php(783): Illuminate\\Database\\Connection->runQueryCallback('select * from `...', Array, Object(Closure))
#1 C:\\laragon\\www\\mirrormefashion\\vendor\\laravel\\framework\\src\\Illuminate\\Database\\Connection.php(414): Illuminate\\Database\\Connection->run('select * from `...', Array, Object(Closure))
#2 C:\\laragon\\www\\mirrormefashion\\vendor\\laravel\\framework\\src\\Illuminate\\Database\\Query\\Builder.php(2913): Illuminate\\Database\\Connection->select('select * from `...', Array, true)
#3 C:\\laragon\\www\\mirrormefashion\\vendor\\laravel\\framework\\src\\Illuminate\\Database\\Query\\Builder.php(2902): Illuminate\\Database\\Query\\Builder->runSelect()
#4 C:\\laragon\\www\\mirrormefashion\\vendor\\laravel\\framework\\src\\Illuminate\\Database\\Query\\Builder.php(3456): Illuminate\\Database\\Query\\Builder->Illuminate\\Database\\Query\\{closure}()
#5 C:\\laragon\\www\\mirrormefashion\\vendor\\laravel\\framework\\src\\Illuminate\\Database\\Query\\Builder.php(2901): Illuminate\\Database\\Query\\Builder->onceWithColumns(Array, Object(Closure))
#6 C:\\laragon\\www\\mirrormefashion\\vendor\\laravel\\framework\\src\\Illuminate\\Database\\Eloquent\\Builder.php(739): Illuminate\\Database\\Query\\Builder->get(Array)
#7 C:\\laragon\\www\\mirrormefashion\\vendor\\laravel\\framework\\src\\Illuminate\\Database\\Eloquent\\Builder.php(723): Illuminate\\Database\\Eloquent\\Builder->getModels(Array)
#8 C:\\laragon\\www\\mirrormefashion\\vendor\\laravel\\framework\\src\\Illuminate\\Database\\Concerns\\BuildsQueries.php(333): Illuminate\\Database\\Eloquent\\Builder->get(Array)
#9 C:\\laragon\\www\\mirrormefashion\\app\\Http\\Helpers.php(1691): Illuminate\\Database\\Eloquent\\Builder->first()
#10 C:\\laragon\\www\\mirrormefashion\\resources\\views\\frontend\\layouts\\app.blade.php(3): get_session_language()
#11 C:\\laragon\\www\\mirrormefashion\\vendor\\laravel\\framework\\src\\Illuminate\\Filesystem\\Filesystem.php(123): require('C:\\\\laragon\\\\www\\\\...')
#12 C:\\laragon\\www\\mirrormefashion\\vendor\\laravel\\framework\\src\\Illuminate\\Filesystem\\Filesystem.php(124): Illuminate\\Filesystem\\Filesystem::Illuminate\\Filesystem\\{closure}()
#13 C:\\laragon\\www\\mirrormefashion\\vendor\\laravel\\framework\\src\\Illuminate\\View\\Engines\\PhpEngine.php(58): Illuminate\\Filesystem\\Filesystem->getRequire('C:\\\\laragon\\\\www\\\\...', Array)
#14 C:\\laragon\\www\\mirrormefashion\\vendor\\laravel\\framework\\src\\Illuminate\\View\\Engines\\CompilerEngine.php(72): Illuminate\\View\\Engines\\PhpEngine->evaluatePath('C:\\\\laragon\\\\www\\\\...', Array)
#15 C:\\laragon\\www\\mirrormefashion\\vendor\\laravel\\framework\\src\\Illuminate\\View\\View.php(207): Illuminate\\View\\Engines\\CompilerEngine->get('C:\\\\laragon\\\\www\\\\...', Array)
#16 C:\\laragon\\www\\mirrormefashion\\vendor\\laravel\\framework\\src\\Illuminate\\View\\View.php(190): Illuminate\\View\\View->getContents()
#17 C:\\laragon\\www\\mirrormefashion\\vendor\\laravel\\framework\\src\\Illuminate\\View\\View.php(159): Illuminate\\View\\View->renderContents()
#18 C:\\laragon\\www\\mirrormefashion\\resources\\views\\errors\\404.blade.php(15): Illuminate\\View\\View->render()
#19 C:\\laragon\\www\\mirrormefashion\\vendor\\laravel\\framework\\src\\Illuminate\\Filesystem\\Filesystem.php(123): require('C:\\\\laragon\\\\www\\\\...')
#20 C:\\laragon\\www\\mirrormefashion\\vendor\\laravel\\framework\\src\\Illuminate\\Filesystem\\Filesystem.php(124): Illuminate\\Filesystem\\Filesystem::Illuminate\\Filesystem\\{closure}()
#21 C:\\laragon\\www\\mirrormefashion\\vendor\\laravel\\framework\\src\\Illuminate\\View\\Engines\\PhpEngine.php(58): Illuminate\\Filesystem\\Filesystem->getRequire('C:\\\\laragon\\\\www\\\\...', Array)
#22 C:\\laragon\\www\\mirrormefashion\\vendor\\laravel\\framework\\src\\Illuminate\\View\\Engines\\CompilerEngine.php(72): Illuminate\\View\\Engines\\PhpEngine->evaluatePath('C:\\\\laragon\\\\www\\\\...', Array)
#23 C:\\laragon\\www\\mirrormefashion\\vendor\\laravel\\framework\\src\\Illuminate\\View\\View.php(207): Illuminate\\View\\Engines\\CompilerEngine->get('C:\\\\laragon\\\\www\\\\...', Array)
#24 C:\\laragon\\www\\mirrormefashion\\vendor\\laravel\\framework\\src\\Illuminate\\View\\View.php(190): Illuminate\\View\\View->getContents()
#25 C:\\laragon\\www\\mirrormefashion\\vendor\\laravel\\framework\\src\\Illuminate\\View\\View.php(159): Illuminate\\View\\View->renderContents()
#26 C:\\laragon\\www\\mirrormefashion\\vendor\\laravel\\framework\\src\\Illuminate\\Http\\Response.php(69): Illuminate\\View\\View->render()
#27 C:\\laragon\\www\\mirrormefashion\\vendor\\laravel\\framework\\src\\Illuminate\\Http\\Response.php(35): Illuminate\\Http\\Response->setContent(Object(Illuminate\\View\\View))
#28 C:\\laragon\\www\\mirrormefashion\\vendor\\laravel\\framework\\src\\Illuminate\\Routing\\ResponseFactory.php(58): Illuminate\\Http\\Response->__construct(Object(Illuminate\\View\\View), 404, Array)
#29 C:\\laragon\\www\\mirrormefashion\\vendor\\laravel\\framework\\src\\Illuminate\\Routing\\ResponseFactory.php(88): Illuminate\\Routing\\ResponseFactory->make(Object(Illuminate\\View\\View), 404, Array)
#30 C:\\laragon\\www\\mirrormefashion\\vendor\\laravel\\framework\\src\\Illuminate\\Foundation\\Exceptions\\Handler.php(723): Illuminate\\Routing\\ResponseFactory->view('errors::404', Array, 404, Array)
#31 C:\\laragon\\www\\mirrormefashion\\vendor\\laravel\\framework\\src\\Illuminate\\Foundation\\Exceptions\\Handler.php(650): Illuminate\\Foundation\\Exceptions\\Handler->renderHttpException(Object(Symfony\\Component\\HttpKernel\\Exception\\NotFoundHttpException))
#32 C:\\laragon\\www\\mirrormefashion\\vendor\\laravel\\framework\\src\\Illuminate\\Foundation\\Exceptions\\Handler.php(556): Illuminate\\Foundation\\Exceptions\\Handler->prepareResponse(Object(Illuminate\\Http\\Request), Object(Symfony\\Component\\HttpKernel\\Exception\\NotFoundHttpException))
#33 C:\\laragon\\www\\mirrormefashion\\vendor\\laravel\\framework\\src\\Illuminate\\Foundation\\Exceptions\\Handler.php(473): Illuminate\\Foundation\\Exceptions\\Handler->renderExceptionResponse(Object(Illuminate\\Http\\Request), Object(Symfony\\Component\\HttpKernel\\Exception\\NotFoundHttpException))
#34 C:\\laragon\\www\\mirrormefashion\\app\\Exceptions\\Handler.php(64): Illuminate\\Foundation\\Exceptions\\Handler->render(Object(Illuminate\\Http\\Request), Object(Symfony\\Component\\HttpKernel\\Exception\\NotFoundHttpException))
#35 C:\\laragon\\www\\mirrormefashion\\vendor\\laravel\\framework\\src\\Illuminate\\Routing\\Pipeline.php(51): App\\Exceptions\\Handler->render(Object(Illuminate\\Http\\Request), Object(Symfony\\Component\\HttpKernel\\Exception\\NotFoundHttpException))
#36 C:\\laragon\\www\\mirrormefashion\\vendor\\laravel\\framework\\src\\Illuminate\\Pipeline\\Pipeline.php(146): Illuminate\\Routing\\Pipeline->handleException(Object(Illuminate\\Http\\Request), Object(Symfony\\Component\\HttpKernel\\Exception\\NotFoundHttpException))
#37 C:\\laragon\\www\\mirrormefashion\\vendor\\barryvdh\\laravel-debugbar\\src\\Middleware\\InjectDebugbar.php(66): Illuminate\\Pipeline\\Pipeline->Illuminate\\Pipeline\\{closure}(Object(Illuminate\\Http\\Request))
#38 C:\\laragon\\www\\mirrormefashion\\vendor\\laravel\\framework\\src\\Illuminate\\Pipeline\\Pipeline.php(183): Barryvdh\\Debugbar\\Middleware\\InjectDebugbar->handle(Object(Illuminate\\Http\\Request), Object(Closure))
#39 C:\\laragon\\www\\mirrormefashion\\vendor\\laravel\\framework\\src\\Illuminate\\View\\Middleware\\ShareErrorsFromSession.php(49): Illuminate\\Pipeline\\Pipeline->Illuminate\\Pipeline\\{closure}(Object(Illuminate\\Http\\Request))
#40 C:\\laragon\\www\\mirrormefashion\\vendor\\laravel\\framework\\src\\Illuminate\\Pipeline\\Pipeline.php(183): Illuminate\\View\\Middleware\\ShareErrorsFromSession->handle(Object(Illuminate\\Http\\Request), Object(Closure))
#41 C:\\laragon\\www\\mirrormefashion\\vendor\\laravel\\framework\\src\\Illuminate\\Session\\Middleware\\StartSession.php(121): Illuminate\\Pipeline\\Pipeline->Illuminate\\Pipeline\\{closure}(Object(Illuminate\\Http\\Request))
#42 C:\\laragon\\www\\mirrormefashion\\vendor\\laravel\\framework\\src\\Illuminate\\Session\\Middleware\\StartSession.php(64): Illuminate\\Session\\Middleware\\StartSession->handleStatefulRequest(Object(Illuminate\\Http\\Request), Object(Illuminate\\Session\\Store), Object(Closure))
#43 C:\\laragon\\www\\mirrormefashion\\vendor\\laravel\\framework\\src\\Illuminate\\Pipeline\\Pipeline.php(183): Illuminate\\Session\\Middleware\\StartSession->handle(Object(Illuminate\\Http\\Request), Object(Closure))
#44 C:\\laragon\\www\\mirrormefashion\\vendor\\laravel\\framework\\src\\Illuminate\\Http\\Middleware\\TrustProxies.php(39): Illuminate\\Pipeline\\Pipeline->Illuminate\\Pipeline\\{closure}(Object(Illuminate\\Http\\Request))
#45 C:\\laragon\\www\\mirrormefashion\\vendor\\laravel\\framework\\src\\Illuminate\\Pipeline\\Pipeline.php(183): Illuminate\\Http\\Middleware\\TrustProxies->handle(Object(Illuminate\\Http\\Request), Object(Closure))
#46 C:\\laragon\\www\\mirrormefashion\\vendor\\laravel\\framework\\src\\Illuminate\\Foundation\\Http\\Middleware\\TransformsRequest.php(21): Illuminate\\Pipeline\\Pipeline->Illuminate\\Pipeline\\{closure}(Object(Illuminate\\Http\\Request))
#47 C:\\laragon\\www\\mirrormefashion\\vendor\\laravel\\framework\\src\\Illuminate\\Foundation\\Http\\Middleware\\ConvertEmptyStringsToNull.php(31): Illuminate\\Foundation\\Http\\Middleware\\TransformsRequest->handle(Object(Illuminate\\Http\\Request), Object(Closure))
#48 C:\\laragon\\www\\mirrormefashion\\vendor\\laravel\\framework\\src\\Illuminate\\Pipeline\\Pipeline.php(183): Illuminate\\Foundation\\Http\\Middleware\\ConvertEmptyStringsToNull->handle(Object(Illuminate\\Http\\Request), Object(Closure))
#49 C:\\laragon\\www\\mirrormefashion\\vendor\\laravel\\framework\\src\\Illuminate\\Foundation\\Http\\Middleware\\TransformsRequest.php(21): Illuminate\\Pipeline\\Pipeline->Illuminate\\Pipeline\\{closure}(Object(Illuminate\\Http\\Request))
#50 C:\\laragon\\www\\mirrormefashion\\vendor\\laravel\\framework\\src\\Illuminate\\Foundation\\Http\\Middleware\\TrimStrings.php(40): Illuminate\\Foundation\\Http\\Middleware\\TransformsRequest->handle(Object(Illuminate\\Http\\Request), Object(Closure))
#51 C:\\laragon\\www\\mirrormefashion\\vendor\\laravel\\framework\\src\\Illuminate\\Pipeline\\Pipeline.php(183): Illuminate\\Foundation\\Http\\Middleware\\TrimStrings->handle(Object(Illuminate\\Http\\Request), Object(Closure))
#52 C:\\laragon\\www\\mirrormefashion\\vendor\\laravel\\framework\\src\\Illuminate\\Foundation\\Http\\Middleware\\ValidatePostSize.php(27): Illuminate\\Pipeline\\Pipeline->Illuminate\\Pipeline\\{closure}(Object(Illuminate\\Http\\Request))
#53 C:\\laragon\\www\\mirrormefashion\\vendor\\laravel\\framework\\src\\Illuminate\\Pipeline\\Pipeline.php(183): Illuminate\\Foundation\\Http\\Middleware\\ValidatePostSize->handle(Object(Illuminate\\Http\\Request), Object(Closure))
#54 C:\\laragon\\www\\mirrormefashion\\vendor\\laravel\\framework\\src\\Illuminate\\Pipeline\\Pipeline.php(119): Illuminate\\Pipeline\\Pipeline->Illuminate\\Pipeline\\{closure}(Object(Illuminate\\Http\\Request))
#55 C:\\laragon\\www\\mirrormefashion\\vendor\\laravel\\framework\\src\\Illuminate\\Foundation\\Http\\Kernel.php(175): Illuminate\\Pipeline\\Pipeline->then(Object(Closure))
#56 C:\\laragon\\www\\mirrormefashion\\vendor\\laravel\\framework\\src\\Illuminate\\Foundation\\Http\\Kernel.php(144): Illuminate\\Foundation\\Http\\Kernel->sendRequestThroughRouter(Object(Illuminate\\Http\\Request))
#57 C:\\laragon\\www\\mirrormefashion\\public\\index.php(54): Illuminate\\Foundation\\Http\\Kernel->handle(Object(Illuminate\\Http\\Request))
#58 {main}

[previous exception] [object] (Illuminate\\Database\\QueryException(code: 1045): SQLSTATE[HY000] [1045] Access denied for user 'forge'@'localhost' (using password: NO) (Connection: mysql, SQL: select * from `languages` where `code` = en limit 1) at C:\\laragon\\www\\mirrormefashion\\vendor\\laravel\\framework\\src\\Illuminate\\Database\\Connection.php:829)
[stacktrace]
#0 C:\\laragon\\www\\mirrormefashion\\vendor\\laravel\\framework\\src\\Illuminate\\Database\\Connection.php(783): Illuminate\\Database\\Connection->runQueryCallback('select * from `...', Array, Object(Closure))
#1 C:\\laragon\\www\\mirrormefashion\\vendor\\laravel\\framework\\src\\Illuminate\\Database\\Connection.php(414): Illuminate\\Database\\Connection->run('select * from `...', Array, Object(Closure))
#2 C:\\laragon\\www\\mirrormefashion\\vendor\\laravel\\framework\\src\\Illuminate\\Database\\Query\\Builder.php(2913): Illuminate\\Database\\Connection->select('select * from `...', Array, true)
#3 C:\\laragon\\www\\mirrormefashion\\vendor\\laravel\\framework\\src\\Illuminate\\Database\\Query\\Builder.php(2902): Illuminate\\Database\\Query\\Builder->runSelect()
#4 C:\\laragon\\www\\mirrormefashion\\vendor\\laravel\\framework\\src\\Illuminate\\Database\\Query\\Builder.php(3456): Illuminate\\Database\\Query\\Builder->Illuminate\\Database\\Query\\{closure}()
#5 C:\\laragon\\www\\mirrormefashion\\vendor\\laravel\\framework\\src\\Illuminate\\Database\\Query\\Builder.php(2901): Illuminate\\Database\\Query\\Builder->onceWithColumns(Array, Object(Closure))
#6 C:\\laragon\\www\\mirrormefashion\\vendor\\laravel\\framework\\src\\Illuminate\\Database\\Eloquent\\Builder.php(739): Illuminate\\Database\\Query\\Builder->get(Array)
#7 C:\\laragon\\www\\mirrormefashion\\vendor\\laravel\\framework\\src\\Illuminate\\Database\\Eloquent\\Builder.php(723): Illuminate\\Database\\Eloquent\\Builder->getModels(Array)
#8 C:\\laragon\\www\\mirrormefashion\\vendor\\laravel\\framework\\src\\Illuminate\\Database\\Concerns\\BuildsQueries.php(333): Illuminate\\Database\\Eloquent\\Builder->get(Array)
#9 C:\\laragon\\www\\mirrormefashion\\app\\Http\\Helpers.php(1691): Illuminate\\Database\\Eloquent\\Builder->first()
#10 C:\\laragon\\www\\mirrormefashion\\storage\\framework\\views\\88bd2e2a97363a7a447d9e233c53fc1a.php(4): get_session_language()
#11 C:\\laragon\\www\\mirrormefashion\\vendor\\laravel\\framework\\src\\Illuminate\\Filesystem\\Filesystem.php(123): require('C:\\\\laragon\\\\www\\\\...')
#12 C:\\laragon\\www\\mirrormefashion\\vendor\\laravel\\framework\\src\\Illuminate\\Filesystem\\Filesystem.php(124): Illuminate\\Filesystem\\Filesystem::Illuminate\\Filesystem\\{closure}()
#13 C:\\laragon\\www\\mirrormefashion\\vendor\\laravel\\framework\\src\\Illuminate\\View\\Engines\\PhpEngine.php(58): Illuminate\\Filesystem\\Filesystem->getRequire('C:\\\\laragon\\\\www\\\\...', Array)
#14 C:\\laragon\\www\\mirrormefashion\\vendor\\laravel\\framework\\src\\Illuminate\\View\\Engines\\CompilerEngine.php(72): Illuminate\\View\\Engines\\PhpEngine->evaluatePath('C:\\\\laragon\\\\www\\\\...', Array)
#15 C:\\laragon\\www\\mirrormefashion\\vendor\\laravel\\framework\\src\\Illuminate\\View\\View.php(207): Illuminate\\View\\Engines\\CompilerEngine->get('C:\\\\laragon\\\\www\\\\...', Array)
#16 C:\\laragon\\www\\mirrormefashion\\vendor\\laravel\\framework\\src\\Illuminate\\View\\View.php(190): Illuminate\\View\\View->getContents()
#17 C:\\laragon\\www\\mirrormefashion\\vendor\\laravel\\framework\\src\\Illuminate\\View\\View.php(159): Illuminate\\View\\View->renderContents()
#18 C:\\laragon\\www\\mirrormefashion\\storage\\framework\\views\\9785fba479d696012e525cc52297ab80.php(17): Illuminate\\View\\View->render()
#19 C:\\laragon\\www\\mirrormefashion\\vendor\\laravel\\framework\\src\\Illuminate\\Filesystem\\Filesystem.php(123): require('C:\\\\laragon\\\\www\\\\...')
#20 C:\\laragon\\www\\mirrormefashion\\vendor\\laravel\\framework\\src\\Illuminate\\Filesystem\\Filesystem.php(124): Illuminate\\Filesystem\\Filesystem::Illuminate\\Filesystem\\{closure}()
#21 C:\\laragon\\www\\mirrormefashion\\vendor\\laravel\\framework\\src\\Illuminate\\View\\Engines\\PhpEngine.php(58): Illuminate\\Filesystem\\Filesystem->getRequire('C:\\\\laragon\\\\www\\\\...', Array)
#22 C:\\laragon\\www\\mirrormefashion\\vendor\\laravel\\framework\\src\\Illuminate\\View\\Engines\\CompilerEngine.php(72): Illuminate\\View\\Engines\\PhpEngine->evaluatePath('C:\\\\laragon\\\\www\\\\...', Array)
#23 C:\\laragon\\www\\mirrormefashion\\vendor\\laravel\\framework\\src\\Illuminate\\View\\View.php(207): Illuminate\\View\\Engines\\CompilerEngine->get('C:\\\\laragon\\\\www\\\\...', Array)
#24 C:\\laragon\\www\\mirrormefashion\\vendor\\laravel\\framework\\src\\Illuminate\\View\\View.php(190): Illuminate\\View\\View->getContents()
#25 C:\\laragon\\www\\mirrormefashion\\vendor\\laravel\\framework\\src\\Illuminate\\View\\View.php(159): Illuminate\\View\\View->renderContents()
#26 C:\\laragon\\www\\mirrormefashion\\vendor\\laravel\\framework\\src\\Illuminate\\Http\\Response.php(69): Illuminate\\View\\View->render()
#27 C:\\laragon\\www\\mirrormefashion\\vendor\\laravel\\framework\\src\\Illuminate\\Http\\Response.php(35): Illuminate\\Http\\Response->setContent(Object(Illuminate\\View\\View))
#28 C:\\laragon\\www\\mirrormefashion\\vendor\\laravel\\framework\\src\\Illuminate\\Routing\\ResponseFactory.php(58): Illuminate\\Http\\Response->__construct(Object(Illuminate\\View\\View), 404, Array)
#29 C:\\laragon\\www\\mirrormefashion\\vendor\\laravel\\framework\\src\\Illuminate\\Routing\\ResponseFactory.php(88): Illuminate\\Routing\\ResponseFactory->make(Object(Illuminate\\View\\View), 404, Array)
#30 C:\\laragon\\www\\mirrormefashion\\vendor\\laravel\\framework\\src\\Illuminate\\Foundation\\Exceptions\\Handler.php(723): Illuminate\\Routing\\ResponseFactory->view('errors::404', Array, 404, Array)
#31 C:\\laragon\\www\\mirrormefashion\\vendor\\laravel\\framework\\src\\Illuminate\\Foundation\\Exceptions\\Handler.php(650): Illuminate\\Foundation\\Exceptions\\Handler->renderHttpException(Object(Symfony\\Component\\HttpKernel\\Exception\\NotFoundHttpException))
#32 C:\\laragon\\www\\mirrormefashion\\vendor\\laravel\\framework\\src\\Illuminate\\Foundation\\Exceptions\\Handler.php(556): Illuminate\\Foundation\\Exceptions\\Handler->prepareResponse(Object(Illuminate\\Http\\Request), Object(Symfony\\Component\\HttpKernel\\Exception\\NotFoundHttpException))
#33 C:\\laragon\\www\\mirrormefashion\\vendor\\laravel\\framework\\src\\Illuminate\\Foundation\\Exceptions\\Handler.php(473): Illuminate\\Foundation\\Exceptions\\Handler->renderExceptionResponse(Object(Illuminate\\Http\\Request), Object(Symfony\\Component\\HttpKernel\\Exception\\NotFoundHttpException))
#34 C:\\laragon\\www\\mirrormefashion\\app\\Exceptions\\Handler.php(64): Illuminate\\Foundation\\Exceptions\\Handler->render(Object(Illuminate\\Http\\Request), Object(Symfony\\Component\\HttpKernel\\Exception\\NotFoundHttpException))
#35 C:\\laragon\\www\\mirrormefashion\\vendor\\laravel\\framework\\src\\Illuminate\\Routing\\Pipeline.php(51): App\\Exceptions\\Handler->render(Object(Illuminate\\Http\\Request), Object(Symfony\\Component\\HttpKernel\\Exception\\NotFoundHttpException))
#36 C:\\laragon\\www\\mirrormefashion\\vendor\\laravel\\framework\\src\\Illuminate\\Pipeline\\Pipeline.php(146): Illuminate\\Routing\\Pipeline->handleException(Object(Illuminate\\Http\\Request), Object(Symfony\\Component\\HttpKernel\\Exception\\NotFoundHttpException))
#37 C:\\laragon\\www\\mirrormefashion\\vendor\\barryvdh\\laravel-debugbar\\src\\Middleware\\InjectDebugbar.php(66): Illuminate\\Pipeline\\Pipeline->Illuminate\\Pipeline\\{closure}(Object(Illuminate\\Http\\Request))
#38 C:\\laragon\\www\\mirrormefashion\\vendor\\laravel\\framework\\src\\Illuminate\\Pipeline\\Pipeline.php(183): Barryvdh\\Debugbar\\Middleware\\InjectDebugbar->handle(Object(Illuminate\\Http\\Request), Object(Closure))
#39 C:\\laragon\\www\\mirrormefashion\\vendor\\laravel\\framework\\src\\Illuminate\\View\\Middleware\\ShareErrorsFromSession.php(49): Illuminate\\Pipeline\\Pipeline->Illuminate\\Pipeline\\{closure}(Object(Illuminate\\Http\\Request))
#40 C:\\laragon\\www\\mirrormefashion\\vendor\\laravel\\framework\\src\\Illuminate\\Pipeline\\Pipeline.php(183): Illuminate\\View\\Middleware\\ShareErrorsFromSession->handle(Object(Illuminate\\Http\\Request), Object(Closure))
#41 C:\\laragon\\www\\mirrormefashion\\vendor\\laravel\\framework\\src\\Illuminate\\Session\\Middleware\\StartSession.php(121): Illuminate\\Pipeline\\Pipeline->Illuminate\\Pipeline\\{closure}(Object(Illuminate\\Http\\Request))
#42 C:\\laragon\\www\\mirrormefashion\\vendor\\laravel\\framework\\src\\Illuminate\\Session\\Middleware\\StartSession.php(64): Illuminate\\Session\\Middleware\\StartSession->handleStatefulRequest(Object(Illuminate\\Http\\Request), Object(Illuminate\\Session\\Store), Object(Closure))
#43 C:\\laragon\\www\\mirrormefashion\\vendor\\laravel\\framework\\src\\Illuminate\\Pipeline\\Pipeline.php(183): Illuminate\\Session\\Middleware\\StartSession->handle(Object(Illuminate\\Http\\Request), Object(Closure))
#44 C:\\laragon\\www\\mirrormefashion\\vendor\\laravel\\framework\\src\\Illuminate\\Http\\Middleware\\TrustProxies.php(39): Illuminate\\Pipeline\\Pipeline->Illuminate\\Pipeline\\{closure}(Object(Illuminate\\Http\\Request))
#45 C:\\laragon\\www\\mirrormefashion\\vendor\\laravel\\framework\\src\\Illuminate\\Pipeline\\Pipeline.php(183): Illuminate\\Http\\Middleware\\TrustProxies->handle(Object(Illuminate\\Http\\Request), Object(Closure))
#46 C:\\laragon\\www\\mirrormefashion\\vendor\\laravel\\framework\\src\\Illuminate\\Foundation\\Http\\Middleware\\TransformsRequest.php(21): Illuminate\\Pipeline\\Pipeline->Illuminate\\Pipeline\\{closure}(Object(Illuminate\\Http\\Request))
#47 C:\\laragon\\www\\mirrormefashion\\vendor\\laravel\\framework\\src\\Illuminate\\Foundation\\Http\\Middleware\\ConvertEmptyStringsToNull.php(31): Illuminate\\Foundation\\Http\\Middleware\\TransformsRequest->handle(Object(Illuminate\\Http\\Request), Object(Closure))
#48 C:\\laragon\\www\\mirrormefashion\\vendor\\laravel\\framework\\src\\Illuminate\\Pipeline\\Pipeline.php(183): Illuminate\\Foundation\\Http\\Middleware\\ConvertEmptyStringsToNull->handle(Object(Illuminate\\Http\\Request), Object(Closure))
#49 C:\\laragon\\www\\mirrormefashion\\vendor\\laravel\\framework\\src\\Illuminate\\Foundation\\Http\\Middleware\\TransformsRequest.php(21): Illuminate\\Pipeline\\Pipeline->Illuminate\\Pipeline\\{closure}(Object(Illuminate\\Http\\Request))
#50 C:\\laragon\\www\\mirrormefashion\\vendor\\laravel\\framework\\src\\Illuminate\\Foundation\\Http\\Middleware\\TrimStrings.php(40): Illuminate\\Foundation\\Http\\Middleware\\TransformsRequest->handle(Object(Illuminate\\Http\\Request), Object(Closure))
#51 C:\\laragon\\www\\mirrormefashion\\vendor\\laravel\\framework\\src\\Illuminate\\Pipeline\\Pipeline.php(183): Illuminate\\Foundation\\Http\\Middleware\\TrimStrings->handle(Object(Illuminate\\Http\\Request), Object(Closure))
#52 C:\\laragon\\www\\mirrormefashion\\vendor\\laravel\\framework\\src\\Illuminate\\Foundation\\Http\\Middleware\\ValidatePostSize.php(27): Illuminate\\Pipeline\\Pipeline->Illuminate\\Pipeline\\{closure}(Object(Illuminate\\Http\\Request))
#53 C:\\laragon\\www\\mirrormefashion\\vendor\\laravel\\framework\\src\\Illuminate\\Pipeline\\Pipeline.php(183): Illuminate\\Foundation\\Http\\Middleware\\ValidatePostSize->handle(Object(Illuminate\\Http\\Request), Object(Closure))
#54 C:\\laragon\\www\\mirrormefashion\\vendor\\laravel\\framework\\src\\Illuminate\\Pipeline\\Pipeline.php(119): Illuminate\\Pipeline\\Pipeline->Illuminate\\Pipeline\\{closure}(Object(Illuminate\\Http\\Request))
#55 C:\\laragon\\www\\mirrormefashion\\vendor\\laravel\\framework\\src\\Illuminate\\Foundation\\Http\\Kernel.php(175): Illuminate\\Pipeline\\Pipeline->then(Object(Closure))
#56 C:\\laragon\\www\\mirrormefashion\\vendor\\laravel\\framework\\src\\Illuminate\\Foundation\\Http\\Kernel.php(144): Illuminate\\Foundation\\Http\\Kernel->sendRequestThroughRouter(Object(Illuminate\\Http\\Request))
#57 C:\\laragon\\www\\mirrormefashion\\public\\index.php(54): Illuminate\\Foundation\\Http\\Kernel->handle(Object(Illuminate\\Http\\Request))
#58 {main}

[previous exception] [object] (PDOException(code: 1045): SQLSTATE[HY000] [1045] Access denied for user 'forge'@'localhost' (using password: NO) at C:\\laragon\\www\\mirrormefashion\\vendor\\laravel\\framework\\src\\Illuminate\\Database\\Connectors\\Connector.php:65)
[stacktrace]
#0 C:\\laragon\\www\\mirrormefashion\\vendor\\laravel\\framework\\src\\Illuminate\\Database\\Connectors\\Connector.php(65): PDO->__construct('mysql:host=loca...', 'forge', Object(SensitiveParameterValue), Array)
#1 C:\\laragon\\www\\mirrormefashion\\vendor\\laravel\\framework\\src\\Illuminate\\Database\\Connectors\\Connector.php(44): Illuminate\\Database\\Connectors\\Connector->createPdoConnection('mysql:host=loca...', 'forge', '', Array)
#2 C:\\laragon\\www\\mirrormefashion\\vendor\\laravel\\framework\\src\\Illuminate\\Database\\Connectors\\MySqlConnector.php(24): Illuminate\\Database\\Connectors\\Connector->createConnection('mysql:host=loca...', Array, Array)
#3 C:\\laragon\\www\\mirrormefashion\\vendor\\laravel\\framework\\src\\Illuminate\\Database\\Connectors\\ConnectionFactory.php(184): Illuminate\\Database\\Connectors\\MySqlConnector->connect(Array)
#4 [internal function]: Illuminate\\Database\\Connectors\\ConnectionFactory->Illuminate\\Database\\Connectors\\{closure}()
#5 C:\\laragon\\www\\mirrormefashion\\vendor\\laravel\\framework\\src\\Illuminate\\Database\\Connection.php(1339): call_user_func(Object(Closure))
#6 C:\\laragon\\www\\mirrormefashion\\vendor\\laravel\\framework\\src\\Illuminate\\Database\\Connection.php(1375): Illuminate\\Database\\Connection->getPdo()
#7 C:\\laragon\\www\\mirrormefashion\\vendor\\laravel\\framework\\src\\Illuminate\\Database\\Connection.php(528): Illuminate\\Database\\Connection->getReadPdo()
#8 C:\\laragon\\www\\mirrormefashion\\vendor\\laravel\\framework\\src\\Illuminate\\Database\\Connection.php(423): Illuminate\\Database\\Connection->getPdoForSelect(true)
#9 C:\\laragon\\www\\mirrormefashion\\vendor\\laravel\\framework\\src\\Illuminate\\Database\\Connection.php(816): Illuminate\\Database\\Connection->Illuminate\\Database\\{closure}('select * from `...', Array)
#10 C:\\laragon\\www\\mirrormefashion\\vendor\\laravel\\framework\\src\\Illuminate\\Database\\Connection.php(783): Illuminate\\Database\\Connection->runQueryCallback('select * from `...', Array, Object(Closure))
#11 C:\\laragon\\www\\mirrormefashion\\vendor\\laravel\\framework\\src\\Illuminate\\Database\\Connection.php(414): Illuminate\\Database\\Connection->run('select * from `...', Array, Object(Closure))
#12 C:\\laragon\\www\\mirrormefashion\\vendor\\laravel\\framework\\src\\Illuminate\\Database\\Query\\Builder.php(2913): Illuminate\\Database\\Connection->select('select * from `...', Array, true)
#13 C:\\laragon\\www\\mirrormefashion\\vendor\\laravel\\framework\\src\\Illuminate\\Database\\Query\\Builder.php(2902): Illuminate\\Database\\Query\\Builder->runSelect()
#14 C:\\laragon\\www\\mirrormefashion\\vendor\\laravel\\framework\\src\\Illuminate\\Database\\Query\\Builder.php(3456): Illuminate\\Database\\Query\\Builder->Illuminate\\Database\\Query\\{closure}()
#15 C:\\laragon\\www\\mirrormefashion\\vendor\\laravel\\framework\\src\\Illuminate\\Database\\Query\\Builder.php(2901): Illuminate\\Database\\Query\\Builder->onceWithColumns(Array, Object(Closure))
#16 C:\\laragon\\www\\mirrormefashion\\vendor\\laravel\\framework\\src\\Illuminate\\Database\\Eloquent\\Builder.php(739): Illuminate\\Database\\Query\\Builder->get(Array)
#17 C:\\laragon\\www\\mirrormefashion\\vendor\\laravel\\framework\\src\\Illuminate\\Database\\Eloquent\\Builder.php(723): Illuminate\\Database\\Eloquent\\Builder->getModels(Array)
#18 C:\\laragon\\www\\mirrormefashion\\vendor\\laravel\\framework\\src\\Illuminate\\Database\\Concerns\\BuildsQueries.php(333): Illuminate\\Database\\Eloquent\\Builder->get(Array)
#19 C:\\laragon\\www\\mirrormefashion\\app\\Http\\Helpers.php(1691): Illuminate\\Database\\Eloquent\\Builder->first()
#20 C:\\laragon\\www\\mirrormefashion\\storage\\framework\\views\\88bd2e2a97363a7a447d9e233c53fc1a.php(4): get_session_language()
#21 C:\\laragon\\www\\mirrormefashion\\vendor\\laravel\\framework\\src\\Illuminate\\Filesystem\\Filesystem.php(123): require('C:\\\\laragon\\\\www\\\\...')
#22 C:\\laragon\\www\\mirrormefashion\\vendor\\laravel\\framework\\src\\Illuminate\\Filesystem\\Filesystem.php(124): Illuminate\\Filesystem\\Filesystem::Illuminate\\Filesystem\\{closure}()
#23 C:\\laragon\\www\\mirrormefashion\\vendor\\laravel\\framework\\src\\Illuminate\\View\\Engines\\PhpEngine.php(58): Illuminate\\Filesystem\\Filesystem->getRequire('C:\\\\laragon\\\\www\\\\...', Array)
#24 C:\\laragon\\www\\mirrormefashion\\vendor\\laravel\\framework\\src\\Illuminate\\View\\Engines\\CompilerEngine.php(72): Illuminate\\View\\Engines\\PhpEngine->evaluatePath('C:\\\\laragon\\\\www\\\\...', Array)
#25 C:\\laragon\\www\\mirrormefashion\\vendor\\laravel\\framework\\src\\Illuminate\\View\\View.php(207): Illuminate\\View\\Engines\\CompilerEngine->get('C:\\\\laragon\\\\www\\\\...', Array)
#26 C:\\laragon\\www\\mirrormefashion\\vendor\\laravel\\framework\\src\\Illuminate\\View\\View.php(190): Illuminate\\View\\View->getContents()
#27 C:\\laragon\\www\\mirrormefashion\\vendor\\laravel\\framework\\src\\Illuminate\\View\\View.php(159): Illuminate\\View\\View->renderContents()
#28 C:\\laragon\\www\\mirrormefashion\\storage\\framework\\views\\9785fba479d696012e525cc52297ab80.php(17): Illuminate\\View\\View->render()
#29 C:\\laragon\\www\\mirrormefashion\\vendor\\laravel\\framework\\src\\Illuminate\\Filesystem\\Filesystem.php(123): require('C:\\\\laragon\\\\www\\\\...')
#30 C:\\laragon\\www\\mirrormefashion\\vendor\\laravel\\framework\\src\\Illuminate\\Filesystem\\Filesystem.php(124): Illuminate\\Filesystem\\Filesystem::Illuminate\\Filesystem\\{closure}()
#31 C:\\laragon\\www\\mirrormefashion\\vendor\\laravel\\framework\\src\\Illuminate\\View\\Engines\\PhpEngine.php(58): Illuminate\\Filesystem\\Filesystem->getRequire('C:\\\\laragon\\\\www\\\\...', Array)
#32 C:\\laragon\\www\\mirrormefashion\\vendor\\laravel\\framework\\src\\Illuminate\\View\\Engines\\CompilerEngine.php(72): Illuminate\\View\\Engines\\PhpEngine->evaluatePath('C:\\\\laragon\\\\www\\\\...', Array)
#33 C:\\laragon\\www\\mirrormefashion\\vendor\\laravel\\framework\\src\\Illuminate\\View\\View.php(207): Illuminate\\View\\Engines\\CompilerEngine->get('C:\\\\laragon\\\\www\\\\...', Array)
#34 C:\\laragon\\www\\mirrormefashion\\vendor\\laravel\\framework\\src\\Illuminate\\View\\View.php(190): Illuminate\\View\\View->getContents()
#35 C:\\laragon\\www\\mirrormefashion\\vendor\\laravel\\framework\\src\\Illuminate\\View\\View.php(159): Illuminate\\View\\View->renderContents()
#36 C:\\laragon\\www\\mirrormefashion\\vendor\\laravel\\framework\\src\\Illuminate\\Http\\Response.php(69): Illuminate\\View\\View->render()
#37 C:\\laragon\\www\\mirrormefashion\\vendor\\laravel\\framework\\src\\Illuminate\\Http\\Response.php(35): Illuminate\\Http\\Response->setContent(Object(Illuminate\\View\\View))
#38 C:\\laragon\\www\\mirrormefashion\\vendor\\laravel\\framework\\src\\Illuminate\\Routing\\ResponseFactory.php(58): Illuminate\\Http\\Response->__construct(Object(Illuminate\\View\\View), 404, Array)
#39 C:\\laragon\\www\\mirrormefashion\\vendor\\laravel\\framework\\src\\Illuminate\\Routing\\ResponseFactory.php(88): Illuminate\\Routing\\ResponseFactory->make(Object(Illuminate\\View\\View), 404, Array)
#40 C:\\laragon\\www\\mirrormefashion\\vendor\\laravel\\framework\\src\\Illuminate\\Foundation\\Exceptions\\Handler.php(723): Illuminate\\Routing\\ResponseFactory->view('errors::404', Array, 404, Array)
#41 C:\\laragon\\www\\mirrormefashion\\vendor\\laravel\\framework\\src\\Illuminate\\Foundation\\Exceptions\\Handler.php(650): Illuminate\\Foundation\\Exceptions\\Handler->renderHttpException(Object(Symfony\\Component\\HttpKernel\\Exception\\NotFoundHttpException))
#42 C:\\laragon\\www\\mirrormefashion\\vendor\\laravel\\framework\\src\\Illuminate\\Foundation\\Exceptions\\Handler.php(556): Illuminate\\Foundation\\Exceptions\\Handler->prepareResponse(Object(Illuminate\\Http\\Request), Object(Symfony\\Component\\HttpKernel\\Exception\\NotFoundHttpException))
#43 C:\\laragon\\www\\mirrormefashion\\vendor\\laravel\\framework\\src\\Illuminate\\Foundation\\Exceptions\\Handler.php(473): Illuminate\\Foundation\\Exceptions\\Handler->renderExceptionResponse(Object(Illuminate\\Http\\Request), Object(Symfony\\Component\\HttpKernel\\Exception\\NotFoundHttpException))
#44 C:\\laragon\\www\\mirrormefashion\\app\\Exceptions\\Handler.php(64): Illuminate\\Foundation\\Exceptions\\Handler->render(Object(Illuminate\\Http\\Request), Object(Symfony\\Component\\HttpKernel\\Exception\\NotFoundHttpException))
#45 C:\\laragon\\www\\mirrormefashion\\vendor\\laravel\\framework\\src\\Illuminate\\Routing\\Pipeline.php(51): App\\Exceptions\\Handler->render(Object(Illuminate\\Http\\Request), Object(Symfony\\Component\\HttpKernel\\Exception\\NotFoundHttpException))
#46 C:\\laragon\\www\\mirrormefashion\\vendor\\laravel\\framework\\src\\Illuminate\\Pipeline\\Pipeline.php(146): Illuminate\\Routing\\Pipeline->handleException(Object(Illuminate\\Http\\Request), Object(Symfony\\Component\\HttpKernel\\Exception\\NotFoundHttpException))
#47 C:\\laragon\\www\\mirrormefashion\\vendor\\barryvdh\\laravel-debugbar\\src\\Middleware\\InjectDebugbar.php(66): Illuminate\\Pipeline\\Pipeline->Illuminate\\Pipeline\\{closure}(Object(Illuminate\\Http\\Request))
#48 C:\\laragon\\www\\mirrormefashion\\vendor\\laravel\\framework\\src\\Illuminate\\Pipeline\\Pipeline.php(183): Barryvdh\\Debugbar\\Middleware\\InjectDebugbar->handle(Object(Illuminate\\Http\\Request), Object(Closure))
#49 C:\\laragon\\www\\mirrormefashion\\vendor\\laravel\\framework\\src\\Illuminate\\View\\Middleware\\ShareErrorsFromSession.php(49): Illuminate\\Pipeline\\Pipeline->Illuminate\\Pipeline\\{closure}(Object(Illuminate\\Http\\Request))
#50 C:\\laragon\\www\\mirrormefashion\\vendor\\laravel\\framework\\src\\Illuminate\\Pipeline\\Pipeline.php(183): Illuminate\\View\\Middleware\\ShareErrorsFromSession->handle(Object(Illuminate\\Http\\Request), Object(Closure))
#51 C:\\laragon\\www\\mirrormefashion\\vendor\\laravel\\framework\\src\\Illuminate\\Session\\Middleware\\StartSession.php(121): Illuminate\\Pipeline\\Pipeline->Illuminate\\Pipeline\\{closure}(Object(Illuminate\\Http\\Request))
#52 C:\\laragon\\www\\mirrormefashion\\vendor\\laravel\\framework\\src\\Illuminate\\Session\\Middleware\\StartSession.php(64): Illuminate\\Session\\Middleware\\StartSession->handleStatefulRequest(Object(Illuminate\\Http\\Request), Object(Illuminate\\Session\\Store), Object(Closure))
#53 C:\\laragon\\www\\mirrormefashion\\vendor\\laravel\\framework\\src\\Illuminate\\Pipeline\\Pipeline.php(183): Illuminate\\Session\\Middleware\\StartSession->handle(Object(Illuminate\\Http\\Request), Object(Closure))
#54 C:\\laragon\\www\\mirrormefashion\\vendor\\laravel\\framework\\src\\Illuminate\\Http\\Middleware\\TrustProxies.php(39): Illuminate\\Pipeline\\Pipeline->Illuminate\\Pipeline\\{closure}(Object(Illuminate\\Http\\Request))
#55 C:\\laragon\\www\\mirrormefashion\\vendor\\laravel\\framework\\src\\Illuminate\\Pipeline\\Pipeline.php(183): Illuminate\\Http\\Middleware\\TrustProxies->handle(Object(Illuminate\\Http\\Request), Object(Closure))
#56 C:\\laragon\\www\\mirrormefashion\\vendor\\laravel\\framework\\src\\Illuminate\\Foundation\\Http\\Middleware\\TransformsRequest.php(21): Illuminate\\Pipeline\\Pipeline->Illuminate\\Pipeline\\{closure}(Object(Illuminate\\Http\\Request))
#57 C:\\laragon\\www\\mirrormefashion\\vendor\\laravel\\framework\\src\\Illuminate\\Foundation\\Http\\Middleware\\ConvertEmptyStringsToNull.php(31): Illuminate\\Foundation\\Http\\Middleware\\TransformsRequest->handle(Object(Illuminate\\Http\\Request), Object(Closure))
#58 C:\\laragon\\www\\mirrormefashion\\vendor\\laravel\\framework\\src\\Illuminate\\Pipeline\\Pipeline.php(183): Illuminate\\Foundation\\Http\\Middleware\\ConvertEmptyStringsToNull->handle(Object(Illuminate\\Http\\Request), Object(Closure))
#59 C:\\laragon\\www\\mirrormefashion\\vendor\\laravel\\framework\\src\\Illuminate\\Foundation\\Http\\Middleware\\TransformsRequest.php(21): Illuminate\\Pipeline\\Pipeline->Illuminate\\Pipeline\\{closure}(Object(Illuminate\\Http\\Request))
#60 C:\\laragon\\www\\mirrormefashion\\vendor\\laravel\\framework\\src\\Illuminate\\Foundation\\Http\\Middleware\\TrimStrings.php(40): Illuminate\\Foundation\\Http\\Middleware\\TransformsRequest->handle(Object(Illuminate\\Http\\Request), Object(Closure))
#61 C:\\laragon\\www\\mirrormefashion\\vendor\\laravel\\framework\\src\\Illuminate\\Pipeline\\Pipeline.php(183): Illuminate\\Foundation\\Http\\Middleware\\TrimStrings->handle(Object(Illuminate\\Http\\Request), Object(Closure))
#62 C:\\laragon\\www\\mirrormefashion\\vendor\\laravel\\framework\\src\\Illuminate\\Foundation\\Http\\Middleware\\ValidatePostSize.php(27): Illuminate\\Pipeline\\Pipeline->Illuminate\\Pipeline\\{closure}(Object(Illuminate\\Http\\Request))
#63 C:\\laragon\\www\\mirrormefashion\\vendor\\laravel\\framework\\src\\Illuminate\\Pipeline\\Pipeline.php(183): Illuminate\\Foundation\\Http\\Middleware\\ValidatePostSize->handle(Object(Illuminate\\Http\\Request), Object(Closure))
#64 C:\\laragon\\www\\mirrormefashion\\vendor\\laravel\\framework\\src\\Illuminate\\Pipeline\\Pipeline.php(119): Illuminate\\Pipeline\\Pipeline->Illuminate\\Pipeline\\{closure}(Object(Illuminate\\Http\\Request))
#65 C:\\laragon\\www\\mirrormefashion\\vendor\\laravel\\framework\\src\\Illuminate\\Foundation\\Http\\Kernel.php(175): Illuminate\\Pipeline\\Pipeline->then(Object(Closure))
#66 C:\\laragon\\www\\mirrormefashion\\vendor\\laravel\\framework\\src\\Illuminate\\Foundation\\Http\\Kernel.php(144): Illuminate\\Foundation\\Http\\Kernel->sendRequestThroughRouter(Object(Illuminate\\Http\\Request))
#67 C:\\laragon\\www\\mirrormefashion\\public\\index.php(54): Illuminate\\Foundation\\Http\\Kernel->handle(Object(Illuminate\\Http\\Request))
#68 {main}
"} 
[2026-04-26 01:56:59] production.ERROR: SQLSTATE[HY000] [1045] Access denied for user 'forge'@'localhost' (using password: NO) (Connection: mysql, SQL: select * from `languages` where `code` = en limit 1) {"view":{"view":"C:\\laragon\\www\\mirrormefashion\\resources\\views\\frontend\\layouts\\app.blade.php","data":{"errors":"<pre class=sf-dump id=sf-dump-620092545 data-indent-pad=\"  \"><span class=sf-dump-note>Illuminate\\Support\\ViewErrorBag</span> {<a class=sf-dump-ref>#4042</a><samp data-depth=1 class=sf-dump-expanded>
  #<span class=sf-dump-protected title=\"Protected property\">bags</span>: []
</samp>}
</pre><script>Sfdump(\"sf-dump-620092545\", {\"maxDepth\":3,\"maxStringLength\":160})</script>
","exception":"<pre class=sf-dump id=sf-dump-1591911560 data-indent-pad=\"  \"><span class=sf-dump-note>Symfony\\Component\\HttpKernel\\Exception\\NotFoundHttpException</span> {<a class=sf-dump-ref>#2672</a><samp data-depth=1 class=sf-dump-expanded>
  #<span class=sf-dump-protected title=\"Protected property\">message</span>: \"<span class=sf-dump-str title=\"59 characters\">The route uploads/products/chinos-1.jpg could not be found.</span>\"
  #<span class=sf-dump-protected title=\"Protected property\">code</span>: <span class=sf-dump-num>0</span>
  #<span class=sf-dump-protected title=\"Protected property\">file</span>: \"<span class=sf-dump-str title=\"C:\\laragon\\www\\mirrormefashion\\vendor\\laravel\\framework\\src\\Illuminate\\Routing\\AbstractRouteCollection.php
106 characters\"><span class=\"sf-dump-ellipsis sf-dump-ellipsis-path\">C:\\laragon\\www\\mirrormefashion\\vendor</span><span class=\"sf-dump-ellipsis sf-dump-ellipsis-path\">\\laravel\\framework\\</span>src\\Illuminate\\Routing\\AbstractRouteCollection.php</span>\"
  #<span class=sf-dump-protected title=\"Protected property\">line</span>: <span class=sf-dump-num>44</span>
  -<span class=sf-dump-private title=\"Private property defined in class:&#10;`Symfony\\Component\\HttpKernel\\Exception\\HttpException`\">statusCode</span>: <span class=sf-dump-num>404</span>
  -<span class=sf-dump-private title=\"Private property defined in class:&#10;`Symfony\\Component\\HttpKernel\\Exception\\HttpException`\">headers</span>: []
  <span class=sf-dump-meta>trace</span>: {<samp data-depth=2 class=sf-dump-compact>
    <span class=sf-dump-meta title=\"C:\\laragon\\www\\mirrormefashion\\vendor\\laravel\\framework\\src\\Illuminate\\Routing\\AbstractRouteCollection.php:44
Stack level 28.\"><span class=\"sf-dump-ellipsis sf-dump-ellipsis-path\">C:\\laragon\\www\\mirrormefashion\\vendor</span><span class=\"sf-dump-ellipsis sf-dump-ellipsis-path\">\\laravel\\framework\\</span>src\\Illuminate\\Routing\\AbstractRouteCollection.php:44</span> {<samp data-depth=3 class=sf-dump-compact>
      <span class=sf-dump-note title=\"Illuminate\\Routing\\AbstractRouteCollection-&gt;handleMatchedRoute(Request $request, $route)
\"><span class=\"sf-dump-ellipsis sf-dump-ellipsis-note\">Illuminate\\Routing</span><span class=\"sf-dump-ellipsis sf-dump-ellipsis-note\">\\</span>AbstractRouteCollection-&gt;handleMatchedRoute(Request $request, $route)</span> &#8230;
      &#8250; 
      &#8250; <code class=\"php\"><span class=sf-dump-const title=\"in Illuminate\\Routing\\AbstractRouteCollection-&gt;handleMatchedRoute(Request $request, $route)\">throw new NotFoundHttpException(sprintf(</span></code>
      &#8250; <code class=\"php\"><span class=sf-dump-default>    &#039;The route %s could not be found.&#039;,</span></code>
    </samp>}
    <span class=sf-dump-meta title=\"C:\\laragon\\www\\mirrormefashion\\vendor\\laravel\\framework\\src\\Illuminate\\Routing\\RouteCollection.php:162
Stack level 27.\"><span class=\"sf-dump-ellipsis sf-dump-ellipsis-path\">C:\\laragon\\www\\mirrormefashion\\vendor</span><span class=\"sf-dump-ellipsis sf-dump-ellipsis-path\">\\laravel\\framework\\</span>src\\Illuminate\\Routing\\RouteCollection.php:162</span> {<samp data-depth=3 class=sf-dump-compact>
      <span class=sf-dump-note title=\"Illuminate\\Routing\\RouteCollection-&gt;match(Request $request)
\"><span class=\"sf-dump-ellipsis sf-dump-ellipsis-note\">Illuminate\\Routing</span><span class=\"sf-dump-ellipsis sf-dump-ellipsis-note\">\\</span>RouteCollection-&gt;match(Request $request)</span> &#8230;
      &#8250; 
      &#8250; <code class=\"php\"><span class=sf-dump-const title=\"in Illuminate\\Routing\\RouteCollection-&gt;match(Request $request)\">    return $this-&gt;handleMatchedRoute($request, $route);</span></code>
      &#8250; <code class=\"php\"><span class=sf-dump-default>}</span></code>
      <span class=sf-dump-meta>arguments</span>: { &#8230;2}
    </samp>}
    <span class=sf-dump-meta title=\"C:\\laragon\\www\\mirrormefashion\\vendor\\laravel\\framework\\src\\Illuminate\\Routing\\Router.php:761
Stack level 26.\"><span class=\"sf-dump-ellipsis sf-dump-ellipsis-path\">C:\\laragon\\www\\mirrormefashion\\vendor</span><span class=\"sf-dump-ellipsis sf-dump-ellipsis-path\">\\laravel\\framework\\</span>src\\Illuminate\\Routing\\Router.php:761</span> {<samp data-depth=3 class=sf-dump-compact>
      <span class=sf-dump-note title=\"Illuminate\\Routing\\Router-&gt;findRoute($request)
\"><span class=\"sf-dump-ellipsis sf-dump-ellipsis-note\">Illuminate\\Routing</span><span class=\"sf-dump-ellipsis sf-dump-ellipsis-note\">\\</span>Router-&gt;findRoute($request)</span> &#8230;
      &#8250; 
      &#8250; <code class=\"php\"><span class=sf-dump-const title=\"in Illuminate\\Routing\\Router-&gt;findRoute($request)\">$this-&gt;current = $route = $this-&gt;routes-&gt;match($request);</span></code>
      &#8250; 
      <span class=sf-dump-meta>arguments</span>: { &#8230;1}
    </samp>}
    <span class=sf-dump-meta title=\"C:\\laragon\\www\\mirrormefashion\\vendor\\laravel\\framework\\src\\Illuminate\\Routing\\Router.php:748
Stack level 25.\"><span class=\"sf-dump-ellipsis sf-dump-ellipsis-path\">C:\\laragon\\www\\mirrormefashion\\vendor</span><span class=\"sf-dump-ellipsis sf-dump-ellipsis-path\">\\laravel\\framework\\</span>src\\Illuminate\\Routing\\Router.php:748</span> {<samp data-depth=3 class=sf-dump-compact>
      <span class=sf-dump-note title=\"Illuminate\\Routing\\Router-&gt;dispatchToRoute(Request $request)
\"><span class=\"sf-dump-ellipsis sf-dump-ellipsis-note\">Illuminate\\Routing</span><span class=\"sf-dump-ellipsis sf-dump-ellipsis-note\">\\</span>Router-&gt;dispatchToRoute(Request $request)</span> &#8230;
      &#8250; <code class=\"php\"><span class=sf-dump-default>{</span></code>
      &#8250; <code class=\"php\"><span class=sf-dump-const title=\"in Illuminate\\Routing\\Router-&gt;dispatchToRoute(Request $request)\">    return $this-&gt;runRoute($request, $this-&gt;findRoute($request));</span></code>
      &#8250; <code class=\"php\"><span class=sf-dump-default>}</span></code>
      <span class=sf-dump-meta>arguments</span>: { &#8230;1}
    </samp>}
    <span class=sf-dump-meta title=\"C:\\laragon\\www\\mirrormefashion\\vendor\\laravel\\framework\\src\\Illuminate\\Routing\\Router.php:737
Stack level 24.\"><span class=\"sf-dump-ellipsis sf-dump-ellipsis-path\">C:\\laragon\\www\\mirrormefashion\\vendor</span><span class=\"sf-dump-ellipsis sf-dump-ellipsis-path\">\\laravel\\framework\\</span>src\\Illuminate\\Routing\\Router.php:737</span> {<samp data-depth=3 class=sf-dump-compact>
      <span class=sf-dump-note title=\"Illuminate\\Routing\\Router-&gt;dispatch(Request $request)
\"><span class=\"sf-dump-ellipsis sf-dump-ellipsis-note\">Illuminate\\Routing</span><span class=\"sf-dump-ellipsis sf-dump-ellipsis-note\">\\</span>Router-&gt;dispatch(Request $request)</span> &#8230;
      &#8250; 
      &#8250; <code class=\"php\"><span class=sf-dump-const title=\"in Illuminate\\Routing\\Router-&gt;dispatch(Request $request)\">    return $this-&gt;dispatchToRoute($request);</span></code>
      &#8250; <code class=\"php\"><span class=sf-dump-default>}</span></code>
      <span class=sf-dump-meta>arguments</span>: { &#8230;1}
    </samp>}
    <span class=sf-dump-meta title=\"C:\\laragon\\www\\mirrormefashion\\vendor\\laravel\\framework\\src\\Illuminate\\Foundation\\Http\\Kernel.php:200
Stack level 23.\"><span class=\"sf-dump-ellipsis sf-dump-ellipsis-path\">C:\\laragon\\www\\mirrormefashion\\vendor</span><span class=\"sf-dump-ellipsis sf-dump-ellipsis-path\">\\laravel\\framework\\</span>src\\Illuminate\\Foundation\\Http\\Kernel.php:200</span> {<samp data-depth=3 class=sf-dump-compact>
      <span class=sf-dump-note title=\"Illuminate\\Foundation\\Http\\Kernel-&gt;Illuminate\\Foundation\\Http\\{closure}
\"><span class=\"sf-dump-ellipsis sf-dump-ellipsis-note\">Illuminate\\Foundation\\Http\\Kernel-&gt;Illuminate\\Foundation\\Http</span><span class=\"sf-dump-ellipsis sf-dump-ellipsis-note\">\\</span>{closure}</span> &#8230;
      &#8250; 
      &#8250; <code class=\"php\"><span class=sf-dump-const title=\"in Illuminate\\Foundation\\Http\\Kernel-&gt;Illuminate\\Foundation\\Http\\{closure}\">    return $this-&gt;router-&gt;dispatch($request);</span></code>
      &#8250; <code class=\"php\"><span class=sf-dump-default>};</span></code>
      <span class=sf-dump-meta>arguments</span>: { &#8230;1}
    </samp>}
    <span class=sf-dump-meta title=\"C:\\laragon\\www\\mirrormefashion\\vendor\\laravel\\framework\\src\\Illuminate\\Pipeline\\Pipeline.php:144
Stack level 22.\"><span class=\"sf-dump-ellipsis sf-dump-ellipsis-path\">C:\\laragon\\www\\mirrormefashion\\vendor</span><span class=\"sf-dump-ellipsis sf-dump-ellipsis-path\">\\laravel\\framework\\</span>src\\Illuminate\\Pipeline\\Pipeline.php:144</span> {<samp data-depth=3 class=sf-dump-compact>
      <span class=sf-dump-note title=\"Illuminate\\Pipeline\\Pipeline-&gt;Illuminate\\Pipeline\\{closure}
\"><span class=\"sf-dump-ellipsis sf-dump-ellipsis-note\">Illuminate\\Pipeline\\Pipeline-&gt;Illuminate\\Pipeline</span><span class=\"sf-dump-ellipsis sf-dump-ellipsis-note\">\\</span>{closure}</span> &#8230;
      &#8250; <code class=\"php\"><span class=sf-dump-default>try {</span></code>
      &#8250; <code class=\"php\"><span class=sf-dump-const title=\"in Illuminate\\Pipeline\\Pipeline-&gt;Illuminate\\Pipeline\\{closure}\">    return $destination($passable);</span></code>
      &#8250; <code class=\"php\"><span class=sf-dump-default>} catch (Throwable $e) {</span></code>
      <span class=sf-dump-meta>arguments</span>: { &#8230;1}
    </samp>}
    <span class=sf-dump-meta title=\"C:\\laragon\\www\\mirrormefashion\\vendor\\barryvdh\\laravel-debugbar\\src\\Middleware\\InjectDebugbar.php:59
Stack level 21.\"><span class=\"sf-dump-ellipsis sf-dump-ellipsis-path\">C:\\laragon\\www\\mirrormefashion\\vendor</span><span class=\"sf-dump-ellipsis sf-dump-ellipsis-path\">\\barryvdh\\laravel-debugbar\\</span>src\\Middleware\\InjectDebugbar.php:59</span> {<samp data-depth=3 class=sf-dump-compact>
      <span class=sf-dump-note title=\"Barryvdh\\Debugbar\\Middleware\\InjectDebugbar-&gt;handle($request, Closure $next)
\"><span class=\"sf-dump-ellipsis sf-dump-ellipsis-note\">Barryvdh\\Debugbar\\Middleware</span><span class=\"sf-dump-ellipsis sf-dump-ellipsis-note\">\\</span>InjectDebugbar-&gt;handle($request, Closure $next)</span> &#8230;
      &#8250; <code class=\"php\"><span class=sf-dump-default>if (!$this-&gt;debugbar-&gt;isEnabled() || $this-&gt;inExceptArray($request)) {</span></code>
      &#8250; <code class=\"php\"><span class=sf-dump-const title=\"in Barryvdh\\Debugbar\\Middleware\\InjectDebugbar-&gt;handle($request, Closure $next)\">    return $next($request);</span></code>
      &#8250; <code class=\"php\"><span class=sf-dump-default>}</span></code>
      <span class=sf-dump-meta>arguments</span>: { &#8230;1}
    </samp>}
    <span class=sf-dump-meta title=\"C:\\laragon\\www\\mirrormefashion\\vendor\\laravel\\framework\\src\\Illuminate\\Pipeline\\Pipeline.php:183
Stack level 20.\"><span class=\"sf-dump-ellipsis sf-dump-ellipsis-path\">C:\\laragon\\www\\mirrormefashion\\vendor</span><span class=\"sf-dump-ellipsis sf-dump-ellipsis-path\">\\laravel\\framework\\</span>src\\Illuminate\\Pipeline\\Pipeline.php:183</span> {<samp data-depth=3 class=sf-dump-compact>
      <span class=sf-dump-note title=\"Illuminate\\Pipeline\\Pipeline-&gt;Illuminate\\Pipeline\\{closure}
\"><span class=\"sf-dump-ellipsis sf-dump-ellipsis-note\">Illuminate\\Pipeline\\Pipeline-&gt;Illuminate\\Pipeline</span><span class=\"sf-dump-ellipsis sf-dump-ellipsis-note\">\\</span>{closure}</span> &#8230;
      &#8250; <code class=\"php\"><span class=sf-dump-default>$carry = method_exists($pipe, $this-&gt;method)</span></code>
      &#8250; <code class=\"php\"><span class=sf-dump-const title=\"in Illuminate\\Pipeline\\Pipeline-&gt;Illuminate\\Pipeline\\{closure}\">                ? $pipe-&gt;{$this-&gt;method}(...$parameters)</span></code>
      &#8250; <code class=\"php\"><span class=sf-dump-default>                : $pipe(...$parameters);</span></code>
      <span class=sf-dump-meta>arguments</span>: { &#8230;2}
    </samp>}
    <span class=sf-dump-meta title=\"C:\\laragon\\www\\mirrormefashion\\vendor\\laravel\\framework\\src\\Illuminate\\View\\Middleware\\ShareErrorsFromSession.php:49
Stack level 19.\"><span class=\"sf-dump-ellipsis sf-dump-ellipsis-path\">C:\\laragon\\www\\mirrormefashion\\vendor</span><span class=\"sf-dump-ellipsis sf-dump-ellipsis-path\">\\laravel\\framework\\</span>src\\Illuminate\\View\\Middleware\\ShareErrorsFromSession.php:49</span> {<samp data-depth=3 class=sf-dump-compact>
      <span class=sf-dump-note title=\"Illuminate\\View\\Middleware\\ShareErrorsFromSession-&gt;handle($request, Closure $next)
\"><span class=\"sf-dump-ellipsis sf-dump-ellipsis-note\">Illuminate\\View\\Middleware</span><span class=\"sf-dump-ellipsis sf-dump-ellipsis-note\">\\</span>ShareErrorsFromSession-&gt;handle($request, Closure $next)</span> &#8230;
      &#8250; 
      &#8250; <code class=\"php\"><span class=sf-dump-const title=\"in Illuminate\\View\\Middleware\\ShareErrorsFromSession-&gt;handle($request, Closure $next)\">    return $next($request);</span></code>
      &#8250; <code class=\"php\"><span class=sf-dump-default>}</span></code>
      <span class=sf-dump-meta>arguments</span>: { &#8230;1}
    </samp>}
    <span class=sf-dump-meta title=\"C:\\laragon\\www\\mirrormefashion\\vendor\\laravel\\framework\\src\\Illuminate\\Pipeline\\Pipeline.php:183
Stack level 18.\"><span class=\"sf-dump-ellipsis sf-dump-ellipsis-path\">C:\\laragon\\www\\mirrormefashion\\vendor</span><span class=\"sf-dump-ellipsis sf-dump-ellipsis-path\">\\laravel\\framework\\</span>src\\Illuminate\\Pipeline\\Pipeline.php:183</span> {<samp data-depth=3 class=sf-dump-compact>
      <span class=sf-dump-note title=\"Illuminate\\Pipeline\\Pipeline-&gt;Illuminate\\Pipeline\\{closure}
\"><span class=\"sf-dump-ellipsis sf-dump-ellipsis-note\">Illuminate\\Pipeline\\Pipeline-&gt;Illuminate\\Pipeline</span><span class=\"sf-dump-ellipsis sf-dump-ellipsis-note\">\\</span>{closure}</span> &#8230;
      &#8250; <code class=\"php\"><span class=sf-dump-default>$carry = method_exists($pipe, $this-&gt;method)</span></code>
      &#8250; <code class=\"php\"><span class=sf-dump-const title=\"in Illuminate\\Pipeline\\Pipeline-&gt;Illuminate\\Pipeline\\{closure}\">                ? $pipe-&gt;{$this-&gt;method}(...$parameters)</span></code>
      &#8250; <code class=\"php\"><span class=sf-dump-default>                : $pipe(...$parameters);</span></code>
      <span class=sf-dump-meta>arguments</span>: { &#8230;2}
    </samp>}
    <span class=sf-dump-meta title=\"C:\\laragon\\www\\mirrormefashion\\vendor\\laravel\\framework\\src\\Illuminate\\Session\\Middleware\\StartSession.php:121
Stack level 17.\"><span class=\"sf-dump-ellipsis sf-dump-ellipsis-path\">C:\\laragon\\www\\mirrormefashion\\vendor</span><span class=\"sf-dump-ellipsis sf-dump-ellipsis-path\">\\laravel\\framework\\</span>src\\Illuminate\\Session\\Middleware\\StartSession.php:121</span> {<samp data-depth=3 class=sf-dump-compact>
      <span class=sf-dump-note title=\"Illuminate\\Session\\Middleware\\StartSession-&gt;handleStatefulRequest(Request $request, $session, Closure $next)
\"><span class=\"sf-dump-ellipsis sf-dump-ellipsis-note\">Illuminate\\Session\\Middleware</span><span class=\"sf-dump-ellipsis sf-dump-ellipsis-note\">\\</span>StartSession-&gt;handleStatefulRequest(Request $request, $session, Closure $next)</span> &#8230;
      &#8250; 
      &#8250; <code class=\"php\"><span class=sf-dump-const title=\"in Illuminate\\Session\\Middleware\\StartSession-&gt;handleStatefulRequest(Request $request, $session, Closure $next)\">$response = $next($request);</span></code>
      &#8250; 
      <span class=sf-dump-meta>arguments</span>: { &#8230;1}
    </samp>}
    <span class=sf-dump-meta title=\"C:\\laragon\\www\\mirrormefashion\\vendor\\laravel\\framework\\src\\Illuminate\\Session\\Middleware\\StartSession.php:64
Stack level 16.\"><span class=\"sf-dump-ellipsis sf-dump-ellipsis-path\">C:\\laragon\\www\\mirrormefashion\\vendor</span><span class=\"sf-dump-ellipsis sf-dump-ellipsis-path\">\\laravel\\framework\\</span>src\\Illuminate\\Session\\Middleware\\StartSession.php:64</span> {<samp data-depth=3 class=sf-dump-compact>
      <span class=sf-dump-note title=\"Illuminate\\Session\\Middleware\\StartSession-&gt;handle($request, Closure $next)
\"><span class=\"sf-dump-ellipsis sf-dump-ellipsis-note\">Illuminate\\Session\\Middleware</span><span class=\"sf-dump-ellipsis sf-dump-ellipsis-note\">\\</span>StartSession-&gt;handle($request, Closure $next)</span> &#8230;
      &#8250; 
      &#8250; <code class=\"php\"><span class=sf-dump-const title=\"in Illuminate\\Session\\Middleware\\StartSession-&gt;handle($request, Closure $next)\">    return $this-&gt;handleStatefulRequest($request, $session, $next);</span></code>
      &#8250; <code class=\"php\"><span class=sf-dump-default>}</span></code>
      <span class=sf-dump-meta>arguments</span>: { &#8230;3}
    </samp>}
    <span class=sf-dump-meta title=\"C:\\laragon\\www\\mirrormefashion\\vendor\\laravel\\framework\\src\\Illuminate\\Pipeline\\Pipeline.php:183
Stack level 15.\"><span class=\"sf-dump-ellipsis sf-dump-ellipsis-path\">C:\\laragon\\www\\mirrormefashion\\vendor</span><span class=\"sf-dump-ellipsis sf-dump-ellipsis-path\">\\laravel\\framework\\</span>src\\Illuminate\\Pipeline\\Pipeline.php:183</span> {<samp data-depth=3 class=sf-dump-compact>
      <span class=sf-dump-note title=\"Illuminate\\Pipeline\\Pipeline-&gt;Illuminate\\Pipeline\\{closure}
\"><span class=\"sf-dump-ellipsis sf-dump-ellipsis-note\">Illuminate\\Pipeline\\Pipeline-&gt;Illuminate\\Pipeline</span><span class=\"sf-dump-ellipsis sf-dump-ellipsis-note\">\\</span>{closure}</span> &#8230;
      &#8250; <code class=\"php\"><span class=sf-dump-default>$carry = method_exists($pipe, $this-&gt;method)</span></code>
      &#8250; <code class=\"php\"><span class=sf-dump-const title=\"in Illuminate\\Pipeline\\Pipeline-&gt;Illuminate\\Pipeline\\{closure}\">                ? $pipe-&gt;{$this-&gt;method}(...$parameters)</span></code>
      &#8250; <code class=\"php\"><span class=sf-dump-default>                : $pipe(...$parameters);</span></code>
      <span class=sf-dump-meta>arguments</span>: { &#8230;2}
    </samp>}
    <span class=sf-dump-meta title=\"C:\\laragon\\www\\mirrormefashion\\vendor\\laravel\\framework\\src\\Illuminate\\Http\\Middleware\\TrustProxies.php:39
Stack level 14.\"><span class=\"sf-dump-ellipsis sf-dump-ellipsis-path\">C:\\laragon\\www\\mirrormefashion\\vendor</span><span class=\"sf-dump-ellipsis sf-dump-ellipsis-path\">\\laravel\\framework\\</span>src\\Illuminate\\Http\\Middleware\\TrustProxies.php:39</span> {<samp data-depth=3 class=sf-dump-compact>
      <span class=sf-dump-note title=\"Illuminate\\Http\\Middleware\\TrustProxies-&gt;handle(Request $request, Closure $next)
\"><span class=\"sf-dump-ellipsis sf-dump-ellipsis-note\">Illuminate\\Http\\Middleware</span><span class=\"sf-dump-ellipsis sf-dump-ellipsis-note\">\\</span>TrustProxies-&gt;handle(Request $request, Closure $next)</span> &#8230;
      &#8250; 
      &#8250; <code class=\"php\"><span class=sf-dump-const title=\"in Illuminate\\Http\\Middleware\\TrustProxies-&gt;handle(Request $request, Closure $next)\">    return $next($request);</span></code>
      &#8250; <code class=\"php\"><span class=sf-dump-default>}</span></code>
      <span class=sf-dump-meta>arguments</span>: { &#8230;1}
    </samp>}
    <span class=sf-dump-meta title=\"C:\\laragon\\www\\mirrormefashion\\vendor\\laravel\\framework\\src\\Illuminate\\Pipeline\\Pipeline.php:183
Stack level 13.\"><span class=\"sf-dump-ellipsis sf-dump-ellipsis-path\">C:\\laragon\\www\\mirrormefashion\\vendor</span><span class=\"sf-dump-ellipsis sf-dump-ellipsis-path\">\\laravel\\framework\\</span>src\\Illuminate\\Pipeline\\Pipeline.php:183</span> {<samp data-depth=3 class=sf-dump-compact>
      <span class=sf-dump-note title=\"Illuminate\\Pipeline\\Pipeline-&gt;Illuminate\\Pipeline\\{closure}
\"><span class=\"sf-dump-ellipsis sf-dump-ellipsis-note\">Illuminate\\Pipeline\\Pipeline-&gt;Illuminate\\Pipeline</span><span class=\"sf-dump-ellipsis sf-dump-ellipsis-note\">\\</span>{closure}</span> &#8230;
      &#8250; <code class=\"php\"><span class=sf-dump-default>$carry = method_exists($pipe, $this-&gt;method)</span></code>
      &#8250; <code class=\"php\"><span class=sf-dump-const title=\"in Illuminate\\Pipeline\\Pipeline-&gt;Illuminate\\Pipeline\\{closure}\">                ? $pipe-&gt;{$this-&gt;method}(...$parameters)</span></code>
      &#8250; <code class=\"php\"><span class=sf-dump-default>                : $pipe(...$parameters);</span></code>
      <span class=sf-dump-meta>arguments</span>: { &#8230;2}
    </samp>}
    <span class=sf-dump-meta title=\"C:\\laragon\\www\\mirrormefashion\\vendor\\laravel\\framework\\src\\Illuminate\\Foundation\\Http\\Middleware\\TransformsRequest.php:21
Stack level 12.\"><span class=\"sf-dump-ellipsis sf-dump-ellipsis-path\">C:\\laragon\\www\\mirrormefashion\\vendor</span><span class=\"sf-dump-ellipsis sf-dump-ellipsis-path\">\\laravel\\framework\\</span>src\\Illuminate\\Foundation\\Http\\Middleware\\TransformsRequest.php:21</span> {<samp data-depth=3 class=sf-dump-compact>
      <span class=sf-dump-note title=\"Illuminate\\Foundation\\Http\\Middleware\\TransformsRequest-&gt;handle($request, Closure $next)
\"><span class=\"sf-dump-ellipsis sf-dump-ellipsis-note\">Illuminate\\Foundation\\Http\\Middleware</span><span class=\"sf-dump-ellipsis sf-dump-ellipsis-note\">\\</span>TransformsRequest-&gt;handle($request, Closure $next)</span> &#8230;
      &#8250; 
      &#8250; <code class=\"php\"><span class=sf-dump-const title=\"in Illuminate\\Foundation\\Http\\Middleware\\TransformsRequest-&gt;handle($request, Closure $next)\">    return $next($request);</span></code>
      &#8250; <code class=\"php\"><span class=sf-dump-default>}</span></code>
      <span class=sf-dump-meta>arguments</span>: { &#8230;1}
    </samp>}
    <span class=sf-dump-meta title=\"C:\\laragon\\www\\mirrormefashion\\vendor\\laravel\\framework\\src\\Illuminate\\Foundation\\Http\\Middleware\\ConvertEmptyStringsToNull.php:31
Stack level 11.\"><span class=\"sf-dump-ellipsis sf-dump-ellipsis-path\">C:\\laragon\\www\\mirrormefashion\\vendor</span><span class=\"sf-dump-ellipsis sf-dump-ellipsis-path\">\\laravel\\framework\\</span>src\\Illuminate\\Foundation\\Http\\Middleware\\ConvertEmptyStringsToNull.php:31</span> {<samp data-depth=3 class=sf-dump-compact>
      <span class=sf-dump-note title=\"Illuminate\\Foundation\\Http\\Middleware\\ConvertEmptyStringsToNull-&gt;handle($request, Closure $next)
\"><span class=\"sf-dump-ellipsis sf-dump-ellipsis-note\">Illuminate\\Foundation\\Http\\Middleware</span><span class=\"sf-dump-ellipsis sf-dump-ellipsis-note\">\\</span>ConvertEmptyStringsToNull-&gt;handle($request, Closure $next)</span> &#8230;
      &#8250; 
      &#8250; <code class=\"php\"><span class=sf-dump-const title=\"in Illuminate\\Foundation\\Http\\Middleware\\ConvertEmptyStringsToNull-&gt;handle($request, Closure $next)\">    return parent::handle($request, $next);</span></code>
      &#8250; <code class=\"php\"><span class=sf-dump-default>}</span></code>
      <span class=sf-dump-meta>arguments</span>: { &#8230;2}
    </samp>}
    <span class=sf-dump-meta title=\"C:\\laragon\\www\\mirrormefashion\\vendor\\laravel\\framework\\src\\Illuminate\\Pipeline\\Pipeline.php:183
Stack level 10.\"><span class=\"sf-dump-ellipsis sf-dump-ellipsis-path\">C:\\laragon\\www\\mirrormefashion\\vendor</span><span class=\"sf-dump-ellipsis sf-dump-ellipsis-path\">\\laravel\\framework\\</span>src\\Illuminate\\Pipeline\\Pipeline.php:183</span> {<samp data-depth=3 class=sf-dump-compact>
      <span class=sf-dump-note title=\"Illuminate\\Pipeline\\Pipeline-&gt;Illuminate\\Pipeline\\{closure}
\"><span class=\"sf-dump-ellipsis sf-dump-ellipsis-note\">Illuminate\\Pipeline\\Pipeline-&gt;Illuminate\\Pipeline</span><span class=\"sf-dump-ellipsis sf-dump-ellipsis-note\">\\</span>{closure}</span> &#8230;
      &#8250; <code class=\"php\"><span class=sf-dump-default>$carry = method_exists($pipe, $this-&gt;method)</span></code>
      &#8250; <code class=\"php\"><span class=sf-dump-const title=\"in Illuminate\\Pipeline\\Pipeline-&gt;Illuminate\\Pipeline\\{closure}\">                ? $pipe-&gt;{$this-&gt;method}(...$parameters)</span></code>
      &#8250; <code class=\"php\"><span class=sf-dump-default>                : $pipe(...$parameters);</span></code>
      <span class=sf-dump-meta>arguments</span>: { &#8230;2}
    </samp>}
    <span class=sf-dump-meta title=\"C:\\laragon\\www\\mirrormefashion\\vendor\\laravel\\framework\\src\\Illuminate\\Foundation\\Http\\Middleware\\TransformsRequest.php:21
Stack level 9.\"><span class=\"sf-dump-ellipsis sf-dump-ellipsis-path\">C:\\laragon\\www\\mirrormefashion\\vendor</span><span class=\"sf-dump-ellipsis sf-dump-ellipsis-path\">\\laravel\\framework\\</span>src\\Illuminate\\Foundation\\Http\\Middleware\\TransformsRequest.php:21</span> {<samp data-depth=3 class=sf-dump-compact>
      <span class=sf-dump-note title=\"Illuminate\\Foundation\\Http\\Middleware\\TransformsRequest-&gt;handle($request, Closure $next)
\"><span class=\"sf-dump-ellipsis sf-dump-ellipsis-note\">Illuminate\\Foundation\\Http\\Middleware</span><span class=\"sf-dump-ellipsis sf-dump-ellipsis-note\">\\</span>TransformsRequest-&gt;handle($request, Closure $next)</span> &#8230;
      &#8250; 
      &#8250; <code class=\"php\"><span class=sf-dump-const title=\"in Illuminate\\Foundation\\Http\\Middleware\\TransformsRequest-&gt;handle($request, Closure $next)\">    return $next($request);</span></code>
      &#8250; <code class=\"php\"><span class=sf-dump-default>}</span></code>
      <span class=sf-dump-meta>arguments</span>: { &#8230;1}
    </samp>}
    <span class=sf-dump-meta title=\"C:\\laragon\\www\\mirrormefashion\\vendor\\laravel\\framework\\src\\Illuminate\\Foundation\\Http\\Middleware\\TrimStrings.php:40
Stack level 8.\"><span class=\"sf-dump-ellipsis sf-dump-ellipsis-path\">C:\\laragon\\www\\mirrormefashion\\vendor</span><span class=\"sf-dump-ellipsis sf-dump-ellipsis-path\">\\laravel\\framework\\</span>src\\Illuminate\\Foundation\\Http\\Middleware\\TrimStrings.php:40</span> {<samp data-depth=3 class=sf-dump-compact>
      <span class=sf-dump-note title=\"Illuminate\\Foundation\\Http\\Middleware\\TrimStrings-&gt;handle($request, Closure $next)
\"><span class=\"sf-dump-ellipsis sf-dump-ellipsis-note\">Illuminate\\Foundation\\Http\\Middleware</span><span class=\"sf-dump-ellipsis sf-dump-ellipsis-note\">\\</span>TrimStrings-&gt;handle($request, Closure $next)</span> &#8230;
      &#8250; 
      &#8250; <code class=\"php\"><span class=sf-dump-const title=\"in Illuminate\\Foundation\\Http\\Middleware\\TrimStrings-&gt;handle($request, Closure $next)\">    return parent::handle($request, $next);</span></code>
      &#8250; <code class=\"php\"><span class=sf-dump-default>}</span></code>
      <span class=sf-dump-meta>arguments</span>: { &#8230;2}
    </samp>}
    <span class=sf-dump-meta title=\"C:\\laragon\\www\\mirrormefashion\\vendor\\laravel\\framework\\src\\Illuminate\\Pipeline\\Pipeline.php:183
Stack level 7.\"><span class=\"sf-dump-ellipsis sf-dump-ellipsis-path\">C:\\laragon\\www\\mirrormefashion\\vendor</span><span class=\"sf-dump-ellipsis sf-dump-ellipsis-path\">\\laravel\\framework\\</span>src\\Illuminate\\Pipeline\\Pipeline.php:183</span> {<samp data-depth=3 class=sf-dump-compact>
      <span class=sf-dump-note title=\"Illuminate\\Pipeline\\Pipeline-&gt;Illuminate\\Pipeline\\{closure}
\"><span class=\"sf-dump-ellipsis sf-dump-ellipsis-note\">Illuminate\\Pipeline\\Pipeline-&gt;Illuminate\\Pipeline</span><span class=\"sf-dump-ellipsis sf-dump-ellipsis-note\">\\</span>{closure}</span> &#8230;
      &#8250; <code class=\"php\"><span class=sf-dump-default>$carry = method_exists($pipe, $this-&gt;method)</span></code>
      &#8250; <code class=\"php\"><span class=sf-dump-const title=\"in Illuminate\\Pipeline\\Pipeline-&gt;Illuminate\\Pipeline\\{closure}\">                ? $pipe-&gt;{$this-&gt;method}(...$parameters)</span></code>
      &#8250; <code class=\"php\"><span class=sf-dump-default>                : $pipe(...$parameters);</span></code>
      <span class=sf-dump-meta>arguments</span>: { &#8230;2}
    </samp>}
    <span class=sf-dump-meta title=\"C:\\laragon\\www\\mirrormefashion\\vendor\\laravel\\framework\\src\\Illuminate\\Foundation\\Http\\Middleware\\ValidatePostSize.php:27
Stack level 6.\"><span class=\"sf-dump-ellipsis sf-dump-ellipsis-path\">C:\\laragon\\www\\mirrormefashion\\vendor</span><span class=\"sf-dump-ellipsis sf-dump-ellipsis-path\">\\laravel\\framework\\</span>src\\Illuminate\\Foundation\\Http\\Middleware\\ValidatePostSize.php:27</span> {<samp data-depth=3 class=sf-dump-compact>
      <span class=sf-dump-note title=\"Illuminate\\Foundation\\Http\\Middleware\\ValidatePostSize-&gt;handle($request, Closure $next)
\"><span class=\"sf-dump-ellipsis sf-dump-ellipsis-note\">Illuminate\\Foundation\\Http\\Middleware</span><span class=\"sf-dump-ellipsis sf-dump-ellipsis-note\">\\</span>ValidatePostSize-&gt;handle($request, Closure $next)</span> &#8230;
      &#8250; 
      &#8250; <code class=\"php\"><span class=sf-dump-const title=\"in Illuminate\\Foundation\\Http\\Middleware\\ValidatePostSize-&gt;handle($request, Closure $next)\">    return $next($request);</span></code>
      &#8250; <code class=\"php\"><span class=sf-dump-default>}</span></code>
      <span class=sf-dump-meta>arguments</span>: { &#8230;1}
    </samp>}
    <span class=sf-dump-meta title=\"C:\\laragon\\www\\mirrormefashion\\vendor\\laravel\\framework\\src\\Illuminate\\Pipeline\\Pipeline.php:183
Stack level 5.\"><span class=\"sf-dump-ellipsis sf-dump-ellipsis-path\">C:\\laragon\\www\\mirrormefashion\\vendor</span><span class=\"sf-dump-ellipsis sf-dump-ellipsis-path\">\\laravel\\framework\\</span>src\\Illuminate\\Pipeline\\Pipeline.php:183</span> {<samp data-depth=3 class=sf-dump-compact>
      <span class=sf-dump-note title=\"Illuminate\\Pipeline\\Pipeline-&gt;Illuminate\\Pipeline\\{closure}
\"><span class=\"sf-dump-ellipsis sf-dump-ellipsis-note\">Illuminate\\Pipeline\\Pipeline-&gt;Illuminate\\Pipeline</span><span class=\"sf-dump-ellipsis sf-dump-ellipsis-note\">\\</span>{closure}</span> &#8230;
      &#8250; <code class=\"php\"><span class=sf-dump-default>$carry = method_exists($pipe, $this-&gt;method)</span></code>
      &#8250; <code class=\"php\"><span class=sf-dump-const title=\"in Illuminate\\Pipeline\\Pipeline-&gt;Illuminate\\Pipeline\\{closure}\">                ? $pipe-&gt;{$this-&gt;method}(...$parameters)</span></code>
      &#8250; <code class=\"php\"><span class=sf-dump-default>                : $pipe(...$parameters);</span></code>
      <span class=sf-dump-meta>arguments</span>: { &#8230;2}
    </samp>}
    <span class=sf-dump-meta title=\"C:\\laragon\\www\\mirrormefashion\\vendor\\laravel\\framework\\src\\Illuminate\\Pipeline\\Pipeline.php:119
Stack level 4.\"><span class=\"sf-dump-ellipsis sf-dump-ellipsis-path\">C:\\laragon\\www\\mirrormefashion\\vendor</span><span class=\"sf-dump-ellipsis sf-dump-ellipsis-path\">\\laravel\\framework\\</span>src\\Illuminate\\Pipeline\\Pipeline.php:119</span> {<samp data-depth=3 class=sf-dump-compact>
      <span class=sf-dump-note title=\"Illuminate\\Pipeline\\Pipeline-&gt;then(Closure $destination)
\"><span class=\"sf-dump-ellipsis sf-dump-ellipsis-note\">Illuminate\\Pipeline</span><span class=\"sf-dump-ellipsis sf-dump-ellipsis-note\">\\</span>Pipeline-&gt;then(Closure $destination)</span> &#8230;
      &#8250; 
      &#8250; <code class=\"php\"><span class=sf-dump-const title=\"in Illuminate\\Pipeline\\Pipeline-&gt;then(Closure $destination)\">    return $pipeline($this-&gt;passable);</span></code>
      &#8250; <code class=\"php\"><span class=sf-dump-default>}</span></code>
      <span class=sf-dump-meta>arguments</span>: { &#8230;1}
    </samp>}
    <span class=sf-dump-meta title=\"C:\\laragon\\www\\mirrormefashion\\vendor\\laravel\\framework\\src\\Illuminate\\Foundation\\Http\\Kernel.php:175
Stack level 3.\"><span class=\"sf-dump-ellipsis sf-dump-ellipsis-path\">C:\\laragon\\www\\mirrormefashion\\vendor</span><span class=\"sf-dump-ellipsis sf-dump-ellipsis-path\">\\laravel\\framework\\</span>src\\Illuminate\\Foundation\\Http\\Kernel.php:175</span> {<samp data-depth=3 class=sf-dump-compact>
      <span class=sf-dump-note title=\"Illuminate\\Foundation\\Http\\Kernel-&gt;sendRequestThroughRouter($request)
\"><span class=\"sf-dump-ellipsis sf-dump-ellipsis-note\">Illuminate\\Foundation\\Http</span><span class=\"sf-dump-ellipsis sf-dump-ellipsis-note\">\\</span>Kernel-&gt;sendRequestThroughRouter($request)</span> &#8230;
      &#8250; <code class=\"php\"><span class=sf-dump-default>                -&gt;through($this-&gt;app-&gt;shouldSkipMiddleware() ? [] : $this-&gt;middleware)</span></code>
      &#8250; <code class=\"php\"><span class=sf-dump-const title=\"in Illuminate\\Foundation\\Http\\Kernel-&gt;sendRequestThroughRouter($request)\">                -&gt;then($this-&gt;dispatchToRouter());</span></code>
      &#8250; <code class=\"php\"><span class=sf-dump-default>}</span></code>
      <span class=sf-dump-meta>arguments</span>: { &#8230;1}
    </samp>}
    <span class=sf-dump-meta title=\"C:\\laragon\\www\\mirrormefashion\\vendor\\laravel\\framework\\src\\Illuminate\\Foundation\\Http\\Kernel.php:144
Stack level 2.\"><span class=\"sf-dump-ellipsis sf-dump-ellipsis-path\">C:\\laragon\\www\\mirrormefashion\\vendor</span><span class=\"sf-dump-ellipsis sf-dump-ellipsis-path\">\\laravel\\framework\\</span>src\\Illuminate\\Foundation\\Http\\Kernel.php:144</span> {<samp data-depth=3 class=sf-dump-compact>
      <span class=sf-dump-note title=\"Illuminate\\Foundation\\Http\\Kernel-&gt;handle($request)
\"><span class=\"sf-dump-ellipsis sf-dump-ellipsis-note\">Illuminate\\Foundation\\Http</span><span class=\"sf-dump-ellipsis sf-dump-ellipsis-note\">\\</span>Kernel-&gt;handle($request)</span> &#8230;
      &#8250; 
      &#8250; <code class=\"php\"><span class=sf-dump-const title=\"in Illuminate\\Foundation\\Http\\Kernel-&gt;handle($request)\">    $response = $this-&gt;sendRequestThroughRouter($request);</span></code>
      &#8250; <code class=\"php\"><span class=sf-dump-default>} catch (Throwable $e) {</span></code>
      <span class=sf-dump-meta>arguments</span>: { &#8230;1}
    </samp>}
    <span class=sf-dump-meta title=\"C:\\laragon\\www\\mirrormefashion\\public\\index.php:54
Stack level 1.\"><span class=\"sf-dump-ellipsis sf-dump-ellipsis-path\">C:\\laragon\\www\\mirrormefashion</span><span class=\"sf-dump-ellipsis sf-dump-ellipsis-path\">\\</span>public\\index.php:54</span> {<samp data-depth=3 class=sf-dump-compact>
      &#8250; <code class=\"php\"><span class=sf-dump-default><span class=\"sf-dump-default sf-dump-ns\">\\r</span></span></code>
      &#8250; <code class=\"php\"><span class=sf-dump-const title=\"\">$response = $kernel-&gt;handle(<span class=\"sf-dump-default sf-dump-ns\">\\r</span></span></code>
      &#8250; <code class=\"php\"><span class=sf-dump-default>    $request = Illuminate\\Http\\Request::capture()<span class=\"sf-dump-default sf-dump-ns\">\\r</span></span></code>
      <span class=sf-dump-meta>arguments</span>: { &#8230;1}
    </samp>}
  </samp>}
</samp>}
</pre><script>Sfdump(\"sf-dump-1591911560\", {\"maxDepth\":3,\"maxStringLength\":160})</script>
"}},"exception":"[object] (Spatie\\LaravelIgnition\\Exceptions\\ViewException(code: 0): SQLSTATE[HY000] [1045] Access denied for user 'forge'@'localhost' (using password: NO) (Connection: mysql, SQL: select * from `languages` where `code` = en limit 1) at C:\\laragon\\www\\mirrormefashion\\vendor\\laravel\\framework\\src\\Illuminate\\Database\\Connection.php:829)
[stacktrace]
#0 C:\\laragon\\www\\mirrormefashion\\vendor\\laravel\\framework\\src\\Illuminate\\Database\\Connection.php(783): Illuminate\\Database\\Connection->runQueryCallback('select * from `...', Array, Object(Closure))
#1 C:\\laragon\\www\\mirrormefashion\\vendor\\laravel\\framework\\src\\Illuminate\\Database\\Connection.php(414): Illuminate\\Database\\Connection->run('select * from `...', Array, Object(Closure))
#2 C:\\laragon\\www\\mirrormefashion\\vendor\\laravel\\framework\\src\\Illuminate\\Database\\Query\\Builder.php(2913): Illuminate\\Database\\Connection->select('select * from `...', Array, true)
#3 C:\\laragon\\www\\mirrormefashion\\vendor\\laravel\\framework\\src\\Illuminate\\Database\\Query\\Builder.php(2902): Illuminate\\Database\\Query\\Builder->runSelect()
#4 C:\\laragon\\www\\mirrormefashion\\vendor\\laravel\\framework\\src\\Illuminate\\Database\\Query\\Builder.php(3456): Illuminate\\Database\\Query\\Builder->Illuminate\\Database\\Query\\{closure}()
#5 C:\\laragon\\www\\mirrormefashion\\vendor\\laravel\\framework\\src\\Illuminate\\Database\\Query\\Builder.php(2901): Illuminate\\Database\\Query\\Builder->onceWithColumns(Array, Object(Closure))
#6 C:\\laragon\\www\\mirrormefashion\\vendor\\laravel\\framework\\src\\Illuminate\\Database\\Eloquent\\Builder.php(739): Illuminate\\Database\\Query\\Builder->get(Array)
#7 C:\\laragon\\www\\mirrormefashion\\vendor\\laravel\\framework\\src\\Illuminate\\Database\\Eloquent\\Builder.php(723): Illuminate\\Database\\Eloquent\\Builder->getModels(Array)
#8 C:\\laragon\\www\\mirrormefashion\\vendor\\laravel\\framework\\src\\Illuminate\\Database\\Concerns\\BuildsQueries.php(333): Illuminate\\Database\\Eloquent\\Builder->get(Array)
#9 C:\\laragon\\www\\mirrormefashion\\app\\Http\\Helpers.php(1691): Illuminate\\Database\\Eloquent\\Builder->first()
#10 C:\\laragon\\www\\mirrormefashion\\resources\\views\\frontend\\layouts\\app.blade.php(3): get_session_language()
#11 C:\\laragon\\www\\mirrormefashion\\vendor\\laravel\\framework\\src\\Illuminate\\Filesystem\\Filesystem.php(123): require('C:\\\\laragon\\\\www\\\\...')
#12 C:\\laragon\\www\\mirrormefashion\\vendor\\laravel\\framework\\src\\Illuminate\\Filesystem\\Filesystem.php(124): Illuminate\\Filesystem\\Filesystem::Illuminate\\Filesystem\\{closure}()
#13 C:\\laragon\\www\\mirrormefashion\\vendor\\laravel\\framework\\src\\Illuminate\\View\\Engines\\PhpEngine.php(58): Illuminate\\Filesystem\\Filesystem->getRequire('C:\\\\laragon\\\\www\\\\...', Array)
#14 C:\\laragon\\www\\mirrormefashion\\vendor\\laravel\\framework\\src\\Illuminate\\View\\Engines\\CompilerEngine.php(72): Illuminate\\View\\Engines\\PhpEngine->evaluatePath('C:\\\\laragon\\\\www\\\\...', Array)
#15 C:\\laragon\\www\\mirrormefashion\\vendor\\laravel\\framework\\src\\Illuminate\\View\\View.php(207): Illuminate\\View\\Engines\\CompilerEngine->get('C:\\\\laragon\\\\www\\\\...', Array)
#16 C:\\laragon\\www\\mirrormefashion\\vendor\\laravel\\framework\\src\\Illuminate\\View\\View.php(190): Illuminate\\View\\View->getContents()
#17 C:\\laragon\\www\\mirrormefashion\\vendor\\laravel\\framework\\src\\Illuminate\\View\\View.php(159): Illuminate\\View\\View->renderContents()
#18 C:\\laragon\\www\\mirrormefashion\\resources\\views\\errors\\404.blade.php(15): Illuminate\\View\\View->render()
#19 C:\\laragon\\www\\mirrormefashion\\vendor\\laravel\\framework\\src\\Illuminate\\Filesystem\\Filesystem.php(123): require('C:\\\\laragon\\\\www\\\\...')
#20 C:\\laragon\\www\\mirrormefashion\\vendor\\laravel\\framework\\src\\Illuminate\\Filesystem\\Filesystem.php(124): Illuminate\\Filesystem\\Filesystem::Illuminate\\Filesystem\\{closure}()
#21 C:\\laragon\\www\\mirrormefashion\\vendor\\laravel\\framework\\src\\Illuminate\\View\\Engines\\PhpEngine.php(58): Illuminate\\Filesystem\\Filesystem->getRequire('C:\\\\laragon\\\\www\\\\...', Array)
#22 C:\\laragon\\www\\mirrormefashion\\vendor\\laravel\\framework\\src\\Illuminate\\View\\Engines\\CompilerEngine.php(72): Illuminate\\View\\Engines\\PhpEngine->evaluatePath('C:\\\\laragon\\\\www\\\\...', Array)
#23 C:\\laragon\\www\\mirrormefashion\\vendor\\laravel\\framework\\src\\Illuminate\\View\\View.php(207): Illuminate\\View\\Engines\\CompilerEngine->get('C:\\\\laragon\\\\www\\\\...', Array)
#24 C:\\laragon\\www\\mirrormefashion\\vendor\\laravel\\framework\\src\\Illuminate\\View\\View.php(190): Illuminate\\View\\View->getContents()
#25 C:\\laragon\\www\\mirrormefashion\\vendor\\laravel\\framework\\src\\Illuminate\\View\\View.php(159): Illuminate\\View\\View->renderContents()
#26 C:\\laragon\\www\\mirrormefashion\\vendor\\laravel\\framework\\src\\Illuminate\\Http\\Response.php(69): Illuminate\\View\\View->render()
#27 C:\\laragon\\www\\mirrormefashion\\vendor\\laravel\\framework\\src\\Illuminate\\Http\\Response.php(35): Illuminate\\Http\\Response->setContent(Object(Illuminate\\View\\View))
#28 C:\\laragon\\www\\mirrormefashion\\vendor\\laravel\\framework\\src\\Illuminate\\Routing\\ResponseFactory.php(58): Illuminate\\Http\\Response->__construct(Object(Illuminate\\View\\View), 404, Array)
#29 C:\\laragon\\www\\mirrormefashion\\vendor\\laravel\\framework\\src\\Illuminate\\Routing\\ResponseFactory.php(88): Illuminate\\Routing\\ResponseFactory->make(Object(Illuminate\\View\\View), 404, Array)
#30 C:\\laragon\\www\\mirrormefashion\\vendor\\laravel\\framework\\src\\Illuminate\\Foundation\\Exceptions\\Handler.php(723): Illuminate\\Routing\\ResponseFactory->view('errors::404', Array, 404, Array)
#31 C:\\laragon\\www\\mirrormefashion\\vendor\\laravel\\framework\\src\\Illuminate\\Foundation\\Exceptions\\Handler.php(650): Illuminate\\Foundation\\Exceptions\\Handler->renderHttpException(Object(Symfony\\Component\\HttpKernel\\Exception\\NotFoundHttpException))
#32 C:\\laragon\\www\\mirrormefashion\\vendor\\laravel\\framework\\src\\Illuminate\\Foundation\\Exceptions\\Handler.php(556): Illuminate\\Foundation\\Exceptions\\Handler->prepareResponse(Object(Illuminate\\Http\\Request), Object(Symfony\\Component\\HttpKernel\\Exception\\NotFoundHttpException))
#33 C:\\laragon\\www\\mirrormefashion\\vendor\\laravel\\framework\\src\\Illuminate\\Foundation\\Exceptions\\Handler.php(473): Illuminate\\Foundation\\Exceptions\\Handler->renderExceptionResponse(Object(Illuminate\\Http\\Request), Object(Symfony\\Component\\HttpKernel\\Exception\\NotFoundHttpException))
#34 C:\\laragon\\www\\mirrormefashion\\app\\Exceptions\\Handler.php(64): Illuminate\\Foundation\\Exceptions\\Handler->render(Object(Illuminate\\Http\\Request), Object(Symfony\\Component\\HttpKernel\\Exception\\NotFoundHttpException))
#35 C:\\laragon\\www\\mirrormefashion\\vendor\\laravel\\framework\\src\\Illuminate\\Routing\\Pipeline.php(51): App\\Exceptions\\Handler->render(Object(Illuminate\\Http\\Request), Object(Symfony\\Component\\HttpKernel\\Exception\\NotFoundHttpException))
#36 C:\\laragon\\www\\mirrormefashion\\vendor\\laravel\\framework\\src\\Illuminate\\Pipeline\\Pipeline.php(146): Illuminate\\Routing\\Pipeline->handleException(Object(Illuminate\\Http\\Request), Object(Symfony\\Component\\HttpKernel\\Exception\\NotFoundHttpException))
#37 C:\\laragon\\www\\mirrormefashion\\vendor\\barryvdh\\laravel-debugbar\\src\\Middleware\\InjectDebugbar.php(59): Illuminate\\Pipeline\\Pipeline->Illuminate\\Pipeline\\{closure}(Object(Illuminate\\Http\\Request))
#38 C:\\laragon\\www\\mirrormefashion\\vendor\\laravel\\framework\\src\\Illuminate\\Pipeline\\Pipeline.php(183): Barryvdh\\Debugbar\\Middleware\\InjectDebugbar->handle(Object(Illuminate\\Http\\Request), Object(Closure))
#39 C:\\laragon\\www\\mirrormefashion\\vendor\\laravel\\framework\\src\\Illuminate\\View\\Middleware\\ShareErrorsFromSession.php(49): Illuminate\\Pipeline\\Pipeline->Illuminate\\Pipeline\\{closure}(Object(Illuminate\\Http\\Request))
#40 C:\\laragon\\www\\mirrormefashion\\vendor\\laravel\\framework\\src\\Illuminate\\Pipeline\\Pipeline.php(183): Illuminate\\View\\Middleware\\ShareErrorsFromSession->handle(Object(Illuminate\\Http\\Request), Object(Closure))
#41 C:\\laragon\\www\\mirrormefashion\\vendor\\laravel\\framework\\src\\Illuminate\\Session\\Middleware\\StartSession.php(121): Illuminate\\Pipeline\\Pipeline->Illuminate\\Pipeline\\{closure}(Object(Illuminate\\Http\\Request))
#42 C:\\laragon\\www\\mirrormefashion\\vendor\\laravel\\framework\\src\\Illuminate\\Session\\Middleware\\StartSession.php(64): Illuminate\\Session\\Middleware\\StartSession->handleStatefulRequest(Object(Illuminate\\Http\\Request), Object(Illuminate\\Session\\Store), Object(Closure))
#43 C:\\laragon\\www\\mirrormefashion\\vendor\\laravel\\framework\\src\\Illuminate\\Pipeline\\Pipeline.php(183): Illuminate\\Session\\Middleware\\StartSession->handle(Object(Illuminate\\Http\\Request), Object(Closure))
#44 C:\\laragon\\www\\mirrormefashion\\vendor\\laravel\\framework\\src\\Illuminate\\Http\\Middleware\\TrustProxies.php(39): Illuminate\\Pipeline\\Pipeline->Illuminate\\Pipeline\\{closure}(Object(Illuminate\\Http\\Request))
#45 C:\\laragon\\www\\mirrormefashion\\vendor\\laravel\\framework\\src\\Illuminate\\Pipeline\\Pipeline.php(183): Illuminate\\Http\\Middleware\\TrustProxies->handle(Object(Illuminate\\Http\\Request), Object(Closure))
#46 C:\\laragon\\www\\mirrormefashion\\vendor\\laravel\\framework\\src\\Illuminate\\Foundation\\Http\\Middleware\\TransformsRequest.php(21): Illuminate\\Pipeline\\Pipeline->Illuminate\\Pipeline\\{closure}(Object(Illuminate\\Http\\Request))
#47 C:\\laragon\\www\\mirrormefashion\\vendor\\laravel\\framework\\src\\Illuminate\\Foundation\\Http\\Middleware\\ConvertEmptyStringsToNull.php(31): Illuminate\\Foundation\\Http\\Middleware\\TransformsRequest->handle(Object(Illuminate\\Http\\Request), Object(Closure))
#48 C:\\laragon\\www\\mirrormefashion\\vendor\\laravel\\framework\\src\\Illuminate\\Pipeline\\Pipeline.php(183): Illuminate\\Foundation\\Http\\Middleware\\ConvertEmptyStringsToNull->handle(Object(Illuminate\\Http\\Request), Object(Closure))
#49 C:\\laragon\\www\\mirrormefashion\\vendor\\laravel\\framework\\src\\Illuminate\\Foundation\\Http\\Middleware\\TransformsRequest.php(21): Illuminate\\Pipeline\\Pipeline->Illuminate\\Pipeline\\{closure}(Object(Illuminate\\Http\\Request))
#50 C:\\laragon\\www\\mirrormefashion\\vendor\\laravel\\framework\\src\\Illuminate\\Foundation\\Http\\Middleware\\TrimStrings.php(40): Illuminate\\Foundation\\Http\\Middleware\\TransformsRequest->handle(Object(Illuminate\\Http\\Request), Object(Closure))
#51 C:\\laragon\\www\\mirrormefashion\\vendor\\laravel\\framework\\src\\Illuminate\\Pipeline\\Pipeline.php(183): Illuminate\\Foundation\\Http\\Middleware\\TrimStrings->handle(Object(Illuminate\\Http\\Request), Object(Closure))
#52 C:\\laragon\\www\\mirrormefashion\\vendor\\laravel\\framework\\src\\Illuminate\\Foundation\\Http\\Middleware\\ValidatePostSize.php(27): Illuminate\\Pipeline\\Pipeline->Illuminate\\Pipeline\\{closure}(Object(Illuminate\\Http\\Request))
#53 C:\\laragon\\www\\mirrormefashion\\vendor\\laravel\\framework\\src\\Illuminate\\Pipeline\\Pipeline.php(183): Illuminate\\Foundation\\Http\\Middleware\\ValidatePostSize->handle(Object(Illuminate\\Http\\Request), Object(Closure))
#54 C:\\laragon\\www\\mirrormefashion\\vendor\\laravel\\framework\\src\\Illuminate\\Pipeline\\Pipeline.php(119): Illuminate\\Pipeline\\Pipeline->Illuminate\\Pipeline\\{closure}(Object(Illuminate\\Http\\Request))
#55 C:\\laragon\\www\\mirrormefashion\\vendor\\laravel\\framework\\src\\Illuminate\\Foundation\\Http\\Kernel.php(175): Illuminate\\Pipeline\\Pipeline->then(Object(Closure))
#56 C:\\laragon\\www\\mirrormefashion\\vendor\\laravel\\framework\\src\\Illuminate\\Foundation\\Http\\Kernel.php(144): Illuminate\\Foundation\\Http\\Kernel->sendRequestThroughRouter(Object(Illuminate\\Http\\Request))
#57 C:\\laragon\\www\\mirrormefashion\\public\\index.php(54): Illuminate\\Foundation\\Http\\Kernel->handle(Object(Illuminate\\Http\\Request))
#58 {main}

[previous exception] [object] (Illuminate\\Database\\QueryException(code: 1045): SQLSTATE[HY000] [1045] Access denied for user 'forge'@'localhost' (using password: NO) (Connection: mysql, SQL: select * from `languages` where `code` = en limit 1) at C:\\laragon\\www\\mirrormefashion\\vendor\\laravel\\framework\\src\\Illuminate\\Database\\Connection.php:829)
[stacktrace]
#0 C:\\laragon\\www\\mirrormefashion\\vendor\\laravel\\framework\\src\\Illuminate\\Database\\Connection.php(783): Illuminate\\Database\\Connection->runQueryCallback('select * from `...', Array, Object(Closure))
#1 C:\\laragon\\www\\mirrormefashion\\vendor\\laravel\\framework\\src\\Illuminate\\Database\\Connection.php(414): Illuminate\\Database\\Connection->run('select * from `...', Array, Object(Closure))
#2 C:\\laragon\\www\\mirrormefashion\\vendor\\laravel\\framework\\src\\Illuminate\\Database\\Query\\Builder.php(2913): Illuminate\\Database\\Connection->select('select * from `...', Array, true)
#3 C:\\laragon\\www\\mirrormefashion\\vendor\\laravel\\framework\\src\\Illuminate\\Database\\Query\\Builder.php(2902): Illuminate\\Database\\Query\\Builder->runSelect()
#4 C:\\laragon\\www\\mirrormefashion\\vendor\\laravel\\framework\\src\\Illuminate\\Database\\Query\\Builder.php(3456): Illuminate\\Database\\Query\\Builder->Illuminate\\Database\\Query\\{closure}()
#5 C:\\laragon\\www\\mirrormefashion\\vendor\\laravel\\framework\\src\\Illuminate\\Database\\Query\\Builder.php(2901): Illuminate\\Database\\Query\\Builder->onceWithColumns(Array, Object(Closure))
#6 C:\\laragon\\www\\mirrormefashion\\vendor\\laravel\\framework\\src\\Illuminate\\Database\\Eloquent\\Builder.php(739): Illuminate\\Database\\Query\\Builder->get(Array)
#7 C:\\laragon\\www\\mirrormefashion\\vendor\\laravel\\framework\\src\\Illuminate\\Database\\Eloquent\\Builder.php(723): Illuminate\\Database\\Eloquent\\Builder->getModels(Array)
#8 C:\\laragon\\www\\mirrormefashion\\vendor\\laravel\\framework\\src\\Illuminate\\Database\\Concerns\\BuildsQueries.php(333): Illuminate\\Database\\Eloquent\\Builder->get(Array)
#9 C:\\laragon\\www\\mirrormefashion\\app\\Http\\Helpers.php(1691): Illuminate\\Database\\Eloquent\\Builder->first()
#10 C:\\laragon\\www\\mirrormefashion\\storage\\framework\\views\\88bd2e2a97363a7a447d9e233c53fc1a.php(4): get_session_language()
#11 C:\\laragon\\www\\mirrormefashion\\vendor\\laravel\\framework\\src\\Illuminate\\Filesystem\\Filesystem.php(123): require('C:\\\\laragon\\\\www\\\\...')
#12 C:\\laragon\\www\\mirrormefashion\\vendor\\laravel\\framework\\src\\Illuminate\\Filesystem\\Filesystem.php(124): Illuminate\\Filesystem\\Filesystem::Illuminate\\Filesystem\\{closure}()
#13 C:\\laragon\\www\\mirrormefashion\\vendor\\laravel\\framework\\src\\Illuminate\\View\\Engines\\PhpEngine.php(58): Illuminate\\Filesystem\\Filesystem->getRequire('C:\\\\laragon\\\\www\\\\...', Array)
#14 C:\\laragon\\www\\mirrormefashion\\vendor\\laravel\\framework\\src\\Illuminate\\View\\Engines\\CompilerEngine.php(72): Illuminate\\View\\Engines\\PhpEngine->evaluatePath('C:\\\\laragon\\\\www\\\\...', Array)
#15 C:\\laragon\\www\\mirrormefashion\\vendor\\laravel\\framework\\src\\Illuminate\\View\\View.php(207): Illuminate\\View\\Engines\\CompilerEngine->get('C:\\\\laragon\\\\www\\\\...', Array)
#16 C:\\laragon\\www\\mirrormefashion\\vendor\\laravel\\framework\\src\\Illuminate\\View\\View.php(190): Illuminate\\View\\View->getContents()
#17 C:\\laragon\\www\\mirrormefashion\\vendor\\laravel\\framework\\src\\Illuminate\\View\\View.php(159): Illuminate\\View\\View->renderContents()
#18 C:\\laragon\\www\\mirrormefashion\\storage\\framework\\views\\9785fba479d696012e525cc52297ab80.php(17): Illuminate\\View\\View->render()
#19 C:\\laragon\\www\\mirrormefashion\\vendor\\laravel\\framework\\src\\Illuminate\\Filesystem\\Filesystem.php(123): require('C:\\\\laragon\\\\www\\\\...')
#20 C:\\laragon\\www\\mirrormefashion\\vendor\\laravel\\framework\\src\\Illuminate\\Filesystem\\Filesystem.php(124): Illuminate\\Filesystem\\Filesystem::Illuminate\\Filesystem\\{closure}()
#21 C:\\laragon\\www\\mirrormefashion\\vendor\\laravel\\framework\\src\\Illuminate\\View\\Engines\\PhpEngine.php(58): Illuminate\\Filesystem\\Filesystem->getRequire('C:\\\\laragon\\\\www\\\\...', Array)
#22 C:\\laragon\\www\\mirrormefashion\\vendor\\laravel\\framework\\src\\Illuminate\\View\\Engines\\CompilerEngine.php(72): Illuminate\\View\\Engines\\PhpEngine->evaluatePath('C:\\\\laragon\\\\www\\\\...', Array)
#23 C:\\laragon\\www\\mirrormefashion\\vendor\\laravel\\framework\\src\\Illuminate\\View\\View.php(207): Illuminate\\View\\Engines\\CompilerEngine->get('C:\\\\laragon\\\\www\\\\...', Array)
#24 C:\\laragon\\www\\mirrormefashion\\vendor\\laravel\\framework\\src\\Illuminate\\View\\View.php(190): Illuminate\\View\\View->getContents()
#25 C:\\laragon\\www\\mirrormefashion\\vendor\\laravel\\framework\\src\\Illuminate\\View\\View.php(159): Illuminate\\View\\View->renderContents()
#26 C:\\laragon\\www\\mirrormefashion\\vendor\\laravel\\framework\\src\\Illuminate\\Http\\Response.php(69): Illuminate\\View\\View->render()
#27 C:\\laragon\\www\\mirrormefashion\\vendor\\laravel\\framework\\src\\Illuminate\\Http\\Response.php(35): Illuminate\\Http\\Response->setContent(Object(Illuminate\\View\\View))
#28 C:\\laragon\\www\\mirrormefashion\\vendor\\laravel\\framework\\src\\Illuminate\\Routing\\ResponseFactory.php(58): Illuminate\\Http\\Response->__construct(Object(Illuminate\\View\\View), 404, Array)
#29 C:\\laragon\\www\\mirrormefashion\\vendor\\laravel\\framework\\src\\Illuminate\\Routing\\ResponseFactory.php(88): Illuminate\\Routing\\ResponseFactory->make(Object(Illuminate\\View\\View), 404, Array)
#30 C:\\laragon\\www\\mirrormefashion\\vendor\\laravel\\framework\\src\\Illuminate\\Foundation\\Exceptions\\Handler.php(723): Illuminate\\Routing\\ResponseFactory->view('errors::404', Array, 404, Array)
#31 C:\\laragon\\www\\mirrormefashion\\vendor\\laravel\\framework\\src\\Illuminate\\Foundation\\Exceptions\\Handler.php(650): Illuminate\\Foundation\\Exceptions\\Handler->renderHttpException(Object(Symfony\\Component\\HttpKernel\\Exception\\NotFoundHttpException))
#32 C:\\laragon\\www\\mirrormefashion\\vendor\\laravel\\framework\\src\\Illuminate\\Foundation\\Exceptions\\Handler.php(556): Illuminate\\Foundation\\Exceptions\\Handler->prepareResponse(Object(Illuminate\\Http\\Request), Object(Symfony\\Component\\HttpKernel\\Exception\\NotFoundHttpException))
#33 C:\\laragon\\www\\mirrormefashion\\vendor\\laravel\\framework\\src\\Illuminate\\Foundation\\Exceptions\\Handler.php(473): Illuminate\\Foundation\\Exceptions\\Handler->renderExceptionResponse(Object(Illuminate\\Http\\Request), Object(Symfony\\Component\\HttpKernel\\Exception\\NotFoundHttpException))
#34 C:\\laragon\\www\\mirrormefashion\\app\\Exceptions\\Handler.php(64): Illuminate\\Foundation\\Exceptions\\Handler->render(Object(Illuminate\\Http\\Request), Object(Symfony\\Component\\HttpKernel\\Exception\\NotFoundHttpException))
#35 C:\\laragon\\www\\mirrormefashion\\vendor\\laravel\\framework\\src\\Illuminate\\Routing\\Pipeline.php(51): App\\Exceptions\\Handler->render(Object(Illuminate\\Http\\Request), Object(Symfony\\Component\\HttpKernel\\Exception\\NotFoundHttpException))
#36 C:\\laragon\\www\\mirrormefashion\\vendor\\laravel\\framework\\src\\Illuminate\\Pipeline\\Pipeline.php(146): Illuminate\\Routing\\Pipeline->handleException(Object(Illuminate\\Http\\Request), Object(Symfony\\Component\\HttpKernel\\Exception\\NotFoundHttpException))
#37 C:\\laragon\\www\\mirrormefashion\\vendor\\barryvdh\\laravel-debugbar\\src\\Middleware\\InjectDebugbar.php(59): Illuminate\\Pipeline\\Pipeline->Illuminate\\Pipeline\\{closure}(Object(Illuminate\\Http\\Request))
#38 C:\\laragon\\www\\mirrormefashion\\vendor\\laravel\\framework\\src\\Illuminate\\Pipeline\\Pipeline.php(183): Barryvdh\\Debugbar\\Middleware\\InjectDebugbar->handle(Object(Illuminate\\Http\\Request), Object(Closure))
#39 C:\\laragon\\www\\mirrormefashion\\vendor\\laravel\\framework\\src\\Illuminate\\View\\Middleware\\ShareErrorsFromSession.php(49): Illuminate\\Pipeline\\Pipeline->Illuminate\\Pipeline\\{closure}(Object(Illuminate\\Http\\Request))
#40 C:\\laragon\\www\\mirrormefashion\\vendor\\laravel\\framework\\src\\Illuminate\\Pipeline\\Pipeline.php(183): Illuminate\\View\\Middleware\\ShareErrorsFromSession->handle(Object(Illuminate\\Http\\Request), Object(Closure))
#41 C:\\laragon\\www\\mirrormefashion\\vendor\\laravel\\framework\\src\\Illuminate\\Session\\Middleware\\StartSession.php(121): Illuminate\\Pipeline\\Pipeline->Illuminate\\Pipeline\\{closure}(Object(Illuminate\\Http\\Request))
#42 C:\\laragon\\www\\mirrormefashion\\vendor\\laravel\\framework\\src\\Illuminate\\Session\\Middleware\\StartSession.php(64): Illuminate\\Session\\Middleware\\StartSession->handleStatefulRequest(Object(Illuminate\\Http\\Request), Object(Illuminate\\Session\\Store), Object(Closure))
#43 C:\\laragon\\www\\mirrormefashion\\vendor\\laravel\\framework\\src\\Illuminate\\Pipeline\\Pipeline.php(183): Illuminate\\Session\\Middleware\\StartSession->handle(Object(Illuminate\\Http\\Request), Object(Closure))
#44 C:\\laragon\\www\\mirrormefashion\\vendor\\laravel\\framework\\src\\Illuminate\\Http\\Middleware\\TrustProxies.php(39): Illuminate\\Pipeline\\Pipeline->Illuminate\\Pipeline\\{closure}(Object(Illuminate\\Http\\Request))
#45 C:\\laragon\\www\\mirrormefashion\\vendor\\laravel\\framework\\src\\Illuminate\\Pipeline\\Pipeline.php(183): Illuminate\\Http\\Middleware\\TrustProxies->handle(Object(Illuminate\\Http\\Request), Object(Closure))
#46 C:\\laragon\\www\\mirrormefashion\\vendor\\laravel\\framework\\src\\Illuminate\\Foundation\\Http\\Middleware\\TransformsRequest.php(21): Illuminate\\Pipeline\\Pipeline->Illuminate\\Pipeline\\{closure}(Object(Illuminate\\Http\\Request))
#47 C:\\laragon\\www\\mirrormefashion\\vendor\\laravel\\framework\\src\\Illuminate\\Foundation\\Http\\Middleware\\ConvertEmptyStringsToNull.php(31): Illuminate\\Foundation\\Http\\Middleware\\TransformsRequest->handle(Object(Illuminate\\Http\\Request), Object(Closure))
#48 C:\\laragon\\www\\mirrormefashion\\vendor\\laravel\\framework\\src\\Illuminate\\Pipeline\\Pipeline.php(183): Illuminate\\Foundation\\Http\\Middleware\\ConvertEmptyStringsToNull->handle(Object(Illuminate\\Http\\Request), Object(Closure))
#49 C:\\laragon\\www\\mirrormefashion\\vendor\\laravel\\framework\\src\\Illuminate\\Foundation\\Http\\Middleware\\TransformsRequest.php(21): Illuminate\\Pipeline\\Pipeline->Illuminate\\Pipeline\\{closure}(Object(Illuminate\\Http\\Request))
#50 C:\\laragon\\www\\mirrormefashion\\vendor\\laravel\\framework\\src\\Illuminate\\Foundation\\Http\\Middleware\\TrimStrings.php(40): Illuminate\\Foundation\\Http\\Middleware\\TransformsRequest->handle(Object(Illuminate\\Http\\Request), Object(Closure))
#51 C:\\laragon\\www\\mirrormefashion\\vendor\\laravel\\framework\\src\\Illuminate\\Pipeline\\Pipeline.php(183): Illuminate\\Foundation\\Http\\Middleware\\TrimStrings->handle(Object(Illuminate\\Http\\Request), Object(Closure))
#52 C:\\laragon\\www\\mirrormefashion\\vendor\\laravel\\framework\\src\\Illuminate\\Foundation\\Http\\Middleware\\ValidatePostSize.php(27): Illuminate\\Pipeline\\Pipeline->Illuminate\\Pipeline\\{closure}(Object(Illuminate\\Http\\Request))
#53 C:\\laragon\\www\\mirrormefashion\\vendor\\laravel\\framework\\src\\Illuminate\\Pipeline\\Pipeline.php(183): Illuminate\\Foundation\\Http\\Middleware\\ValidatePostSize->handle(Object(Illuminate\\Http\\Request), Object(Closure))
#54 C:\\laragon\\www\\mirrormefashion\\vendor\\laravel\\framework\\src\\Illuminate\\Pipeline\\Pipeline.php(119): Illuminate\\Pipeline\\Pipeline->Illuminate\\Pipeline\\{closure}(Object(Illuminate\\Http\\Request))
#55 C:\\laragon\\www\\mirrormefashion\\vendor\\laravel\\framework\\src\\Illuminate\\Foundation\\Http\\Kernel.php(175): Illuminate\\Pipeline\\Pipeline->then(Object(Closure))
#56 C:\\laragon\\www\\mirrormefashion\\vendor\\laravel\\framework\\src\\Illuminate\\Foundation\\Http\\Kernel.php(144): Illuminate\\Foundation\\Http\\Kernel->sendRequestThroughRouter(Object(Illuminate\\Http\\Request))
#57 C:\\laragon\\www\\mirrormefashion\\public\\index.php(54): Illuminate\\Foundation\\Http\\Kernel->handle(Object(Illuminate\\Http\\Request))
#58 {main}

[previous exception] [object] (PDOException(code: 1045): SQLSTATE[HY000] [1045] Access denied for user 'forge'@'localhost' (using password: NO) at C:\\laragon\\www\\mirrormefashion\\vendor\\laravel\\framework\\src\\Illuminate\\Database\\Connectors\\Connector.php:65)
[stacktrace]
#0 C:\\laragon\\www\\mirrormefashion\\vendor\\laravel\\framework\\src\\Illuminate\\Database\\Connectors\\Connector.php(65): PDO->__construct('mysql:host=127....', 'forge', Object(SensitiveParameterValue), Array)
#1 C:\\laragon\\www\\mirrormefashion\\vendor\\laravel\\framework\\src\\Illuminate\\Database\\Connectors\\Connector.php(44): Illuminate\\Database\\Connectors\\Connector->createPdoConnection('mysql:host=127....', 'forge', '', Array)
#2 C:\\laragon\\www\\mirrormefashion\\vendor\\laravel\\framework\\src\\Illuminate\\Database\\Connectors\\MySqlConnector.php(24): Illuminate\\Database\\Connectors\\Connector->createConnection('mysql:host=127....', Array, Array)
#3 C:\\laragon\\www\\mirrormefashion\\vendor\\laravel\\framework\\src\\Illuminate\\Database\\Connectors\\ConnectionFactory.php(184): Illuminate\\Database\\Connectors\\MySqlConnector->connect(Array)
#4 [internal function]: Illuminate\\Database\\Connectors\\ConnectionFactory->Illuminate\\Database\\Connectors\\{closure}()
#5 C:\\laragon\\www\\mirrormefashion\\vendor\\laravel\\framework\\src\\Illuminate\\Database\\Connection.php(1339): call_user_func(Object(Closure))
#6 C:\\laragon\\www\\mirrormefashion\\vendor\\laravel\\framework\\src\\Illuminate\\Database\\Connection.php(1375): Illuminate\\Database\\Connection->getPdo()
#7 C:\\laragon\\www\\mirrormefashion\\vendor\\laravel\\framework\\src\\Illuminate\\Database\\Connection.php(528): Illuminate\\Database\\Connection->getReadPdo()
#8 C:\\laragon\\www\\mirrormefashion\\vendor\\laravel\\framework\\src\\Illuminate\\Database\\Connection.php(423): Illuminate\\Database\\Connection->getPdoForSelect(true)
#9 C:\\laragon\\www\\mirrormefashion\\vendor\\laravel\\framework\\src\\Illuminate\\Database\\Connection.php(816): Illuminate\\Database\\Connection->Illuminate\\Database\\{closure}('select * from `...', Array)
#10 C:\\laragon\\www\\mirrormefashion\\vendor\\laravel\\framework\\src\\Illuminate\\Database\\Connection.php(783): Illuminate\\Database\\Connection->runQueryCallback('select * from `...', Array, Object(Closure))
#11 C:\\laragon\\www\\mirrormefashion\\vendor\\laravel\\framework\\src\\Illuminate\\Database\\Connection.php(414): Illuminate\\Database\\Connection->run('select * from `...', Array, Object(Closure))
#12 C:\\laragon\\www\\mirrormefashion\\vendor\\laravel\\framework\\src\\Illuminate\\Database\\Query\\Builder.php(2913): Illuminate\\Database\\Connection->select('select * from `...', Array, true)
#13 C:\\laragon\\www\\mirrormefashion\\vendor\\laravel\\framework\\src\\Illuminate\\Database\\Query\\Builder.php(2902): Illuminate\\Database\\Query\\Builder->runSelect()
#14 C:\\laragon\\www\\mirrormefashion\\vendor\\laravel\\framework\\src\\Illuminate\\Database\\Query\\Builder.php(3456): Illuminate\\Database\\Query\\Builder->Illuminate\\Database\\Query\\{closure}()
#15 C:\\laragon\\www\\mirrormefashion\\vendor\\laravel\\framework\\src\\Illuminate\\Database\\Query\\Builder.php(2901): Illuminate\\Database\\Query\\Builder->onceWithColumns(Array, Object(Closure))
#16 C:\\laragon\\www\\mirrormefashion\\vendor\\laravel\\framework\\src\\Illuminate\\Database\\Eloquent\\Builder.php(739): Illuminate\\Database\\Query\\Builder->get(Array)
#17 C:\\laragon\\www\\mirrormefashion\\vendor\\laravel\\framework\\src\\Illuminate\\Database\\Eloquent\\Builder.php(723): Illuminate\\Database\\Eloquent\\Builder->getModels(Array)
#18 C:\\laragon\\www\\mirrormefashion\\vendor\\laravel\\framework\\src\\Illuminate\\Database\\Concerns\\BuildsQueries.php(333): Illuminate\\Database\\Eloquent\\Builder->get(Array)
#19 C:\\laragon\\www\\mirrormefashion\\app\\Http\\Helpers.php(1691): Illuminate\\Database\\Eloquent\\Builder->first()
#20 C:\\laragon\\www\\mirrormefashion\\storage\\framework\\views\\88bd2e2a97363a7a447d9e233c53fc1a.php(4): get_session_language()
#21 C:\\laragon\\www\\mirrormefashion\\vendor\\laravel\\framework\\src\\Illuminate\\Filesystem\\Filesystem.php(123): require('C:\\\\laragon\\\\www\\\\...')
#22 C:\\laragon\\www\\mirrormefashion\\vendor\\laravel\\framework\\src\\Illuminate\\Filesystem\\Filesystem.php(124): Illuminate\\Filesystem\\Filesystem::Illuminate\\Filesystem\\{closure}()
#23 C:\\laragon\\www\\mirrormefashion\\vendor\\laravel\\framework\\src\\Illuminate\\View\\Engines\\PhpEngine.php(58): Illuminate\\Filesystem\\Filesystem->getRequire('C:\\\\laragon\\\\www\\\\...', Array)
#24 C:\\laragon\\www\\mirrormefashion\\vendor\\laravel\\framework\\src\\Illuminate\\View\\Engines\\CompilerEngine.php(72): Illuminate\\View\\Engines\\PhpEngine->evaluatePath('C:\\\\laragon\\\\www\\\\...', Array)
#25 C:\\laragon\\www\\mirrormefashion\\vendor\\laravel\\framework\\src\\Illuminate\\View\\View.php(207): Illuminate\\View\\Engines\\CompilerEngine->get('C:\\\\laragon\\\\www\\\\...', Array)
#26 C:\\laragon\\www\\mirrormefashion\\vendor\\laravel\\framework\\src\\Illuminate\\View\\View.php(190): Illuminate\\View\\View->getContents()
#27 C:\\laragon\\www\\mirrormefashion\\vendor\\laravel\\framework\\src\\Illuminate\\View\\View.php(159): Illuminate\\View\\View->renderContents()
#28 C:\\laragon\\www\\mirrormefashion\\storage\\framework\\views\\9785fba479d696012e525cc52297ab80.php(17): Illuminate\\View\\View->render()
#29 C:\\laragon\\www\\mirrormefashion\\vendor\\laravel\\framework\\src\\Illuminate\\Filesystem\\Filesystem.php(123): require('C:\\\\laragon\\\\www\\\\...')
#30 C:\\laragon\\www\\mirrormefashion\\vendor\\laravel\\framework\\src\\Illuminate\\Filesystem\\Filesystem.php(124): Illuminate\\Filesystem\\Filesystem::Illuminate\\Filesystem\\{closure}()
#31 C:\\laragon\\www\\mirrormefashion\\vendor\\laravel\\framework\\src\\Illuminate\\View\\Engines\\PhpEngine.php(58): Illuminate\\Filesystem\\Filesystem->getRequire('C:\\\\laragon\\\\www\\\\...', Array)
#32 C:\\laragon\\www\\mirrormefashion\\vendor\\laravel\\framework\\src\\Illuminate\\View\\Engines\\CompilerEngine.php(72): Illuminate\\View\\Engines\\PhpEngine->evaluatePath('C:\\\\laragon\\\\www\\\\...', Array)
#33 C:\\laragon\\www\\mirrormefashion\\vendor\\laravel\\framework\\src\\Illuminate\\View\\View.php(207): Illuminate\\View\\Engines\\CompilerEngine->get('C:\\\\laragon\\\\www\\\\...', Array)
#34 C:\\laragon\\www\\mirrormefashion\\vendor\\laravel\\framework\\src\\Illuminate\\View\\View.php(190): Illuminate\\View\\View->getContents()
#35 C:\\laragon\\www\\mirrormefashion\\vendor\\laravel\\framework\\src\\Illuminate\\View\\View.php(159): Illuminate\\View\\View->renderContents()
#36 C:\\laragon\\www\\mirrormefashion\\vendor\\laravel\\framework\\src\\Illuminate\\Http\\Response.php(69): Illuminate\\View\\View->render()
#37 C:\\laragon\\www\\mirrormefashion\\vendor\\laravel\\framework\\src\\Illuminate\\Http\\Response.php(35): Illuminate\\Http\\Response->setContent(Object(Illuminate\\View\\View))
#38 C:\\laragon\\www\\mirrormefashion\\vendor\\laravel\\framework\\src\\Illuminate\\Routing\\ResponseFactory.php(58): Illuminate\\Http\\Response->__construct(Object(Illuminate\\View\\View), 404, Array)
#39 C:\\laragon\\www\\mirrormefashion\\vendor\\laravel\\framework\\src\\Illuminate\\Routing\\ResponseFactory.php(88): Illuminate\\Routing\\ResponseFactory->make(Object(Illuminate\\View\\View), 404, Array)
#40 C:\\laragon\\www\\mirrormefashion\\vendor\\laravel\\framework\\src\\Illuminate\\Foundation\\Exceptions\\Handler.php(723): Illuminate\\Routing\\ResponseFactory->view('errors::404', Array, 404, Array)
#41 C:\\laragon\\www\\mirrormefashion\\vendor\\laravel\\framework\\src\\Illuminate\\Foundation\\Exceptions\\Handler.php(650): Illuminate\\Foundation\\Exceptions\\Handler->renderHttpException(Object(Symfony\\Component\\HttpKernel\\Exception\\NotFoundHttpException))
#42 C:\\laragon\\www\\mirrormefashion\\vendor\\laravel\\framework\\src\\Illuminate\\Foundation\\Exceptions\\Handler.php(556): Illuminate\\Foundation\\Exceptions\\Handler->prepareResponse(Object(Illuminate\\Http\\Request), Object(Symfony\\Component\\HttpKernel\\Exception\\NotFoundHttpException))
#43 C:\\laragon\\www\\mirrormefashion\\vendor\\laravel\\framework\\src\\Illuminate\\Foundation\\Exceptions\\Handler.php(473): Illuminate\\Foundation\\Exceptions\\Handler->renderExceptionResponse(Object(Illuminate\\Http\\Request), Object(Symfony\\Component\\HttpKernel\\Exception\\NotFoundHttpException))
#44 C:\\laragon\\www\\mirrormefashion\\app\\Exceptions\\Handler.php(64): Illuminate\\Foundation\\Exceptions\\Handler->render(Object(Illuminate\\Http\\Request), Object(Symfony\\Component\\HttpKernel\\Exception\\NotFoundHttpException))
#45 C:\\laragon\\www\\mirrormefashion\\vendor\\laravel\\framework\\src\\Illuminate\\Routing\\Pipeline.php(51): App\\Exceptions\\Handler->render(Object(Illuminate\\Http\\Request), Object(Symfony\\Component\\HttpKernel\\Exception\\NotFoundHttpException))
#46 C:\\laragon\\www\\mirrormefashion\\vendor\\laravel\\framework\\src\\Illuminate\\Pipeline\\Pipeline.php(146): Illuminate\\Routing\\Pipeline->handleException(Object(Illuminate\\Http\\Request), Object(Symfony\\Component\\HttpKernel\\Exception\\NotFoundHttpException))
#47 C:\\laragon\\www\\mirrormefashion\\vendor\\barryvdh\\laravel-debugbar\\src\\Middleware\\InjectDebugbar.php(59): Illuminate\\Pipeline\\Pipeline->Illuminate\\Pipeline\\{closure}(Object(Illuminate\\Http\\Request))
#48 C:\\laragon\\www\\mirrormefashion\\vendor\\laravel\\framework\\src\\Illuminate\\Pipeline\\Pipeline.php(183): Barryvdh\\Debugbar\\Middleware\\InjectDebugbar->handle(Object(Illuminate\\Http\\Request), Object(Closure))
#49 C:\\laragon\\www\\mirrormefashion\\vendor\\laravel\\framework\\src\\Illuminate\\View\\Middleware\\ShareErrorsFromSession.php(49): Illuminate\\Pipeline\\Pipeline->Illuminate\\Pipeline\\{closure}(Object(Illuminate\\Http\\Request))
#50 C:\\laragon\\www\\mirrormefashion\\vendor\\laravel\\framework\\src\\Illuminate\\Pipeline\\Pipeline.php(183): Illuminate\\View\\Middleware\\ShareErrorsFromSession->handle(Object(Illuminate\\Http\\Request), Object(Closure))
#51 C:\\laragon\\www\\mirrormefashion\\vendor\\laravel\\framework\\src\\Illuminate\\Session\\Middleware\\StartSession.php(121): Illuminate\\Pipeline\\Pipeline->Illuminate\\Pipeline\\{closure}(Object(Illuminate\\Http\\Request))
#52 C:\\laragon\\www\\mirrormefashion\\vendor\\laravel\\framework\\src\\Illuminate\\Session\\Middleware\\StartSession.php(64): Illuminate\\Session\\Middleware\\StartSession->handleStatefulRequest(Object(Illuminate\\Http\\Request), Object(Illuminate\\Session\\Store), Object(Closure))
#53 C:\\laragon\\www\\mirrormefashion\\vendor\\laravel\\framework\\src\\Illuminate\\Pipeline\\Pipeline.php(183): Illuminate\\Session\\Middleware\\StartSession->handle(Object(Illuminate\\Http\\Request), Object(Closure))
#54 C:\\laragon\\www\\mirrormefashion\\vendor\\laravel\\framework\\src\\Illuminate\\Http\\Middleware\\TrustProxies.php(39): Illuminate\\Pipeline\\Pipeline->Illuminate\\Pipeline\\{closure}(Object(Illuminate\\Http\\Request))
#55 C:\\laragon\\www\\mirrormefashion\\vendor\\laravel\\framework\\src\\Illuminate\\Pipeline\\Pipeline.php(183): Illuminate\\Http\\Middleware\\TrustProxies->handle(Object(Illuminate\\Http\\Request), Object(Closure))
#56 C:\\laragon\\www\\mirrormefashion\\vendor\\laravel\\framework\\src\\Illuminate\\Foundation\\Http\\Middleware\\TransformsRequest.php(21): Illuminate\\Pipeline\\Pipeline->Illuminate\\Pipeline\\{closure}(Object(Illuminate\\Http\\Request))
#57 C:\\laragon\\www\\mirrormefashion\\vendor\\laravel\\framework\\src\\Illuminate\\Foundation\\Http\\Middleware\\ConvertEmptyStringsToNull.php(31): Illuminate\\Foundation\\Http\\Middleware\\TransformsRequest->handle(Object(Illuminate\\Http\\Request), Object(Closure))
#58 C:\\laragon\\www\\mirrormefashion\\vendor\\laravel\\framework\\src\\Illuminate\\Pipeline\\Pipeline.php(183): Illuminate\\Foundation\\Http\\Middleware\\ConvertEmptyStringsToNull->handle(Object(Illuminate\\Http\\Request), Object(Closure))
#59 C:\\laragon\\www\\mirrormefashion\\vendor\\laravel\\framework\\src\\Illuminate\\Foundation\\Http\\Middleware\\TransformsRequest.php(21): Illuminate\\Pipeline\\Pipeline->Illuminate\\Pipeline\\{closure}(Object(Illuminate\\Http\\Request))
#60 C:\\laragon\\www\\mirrormefashion\\vendor\\laravel\\framework\\src\\Illuminate\\Foundation\\Http\\Middleware\\TrimStrings.php(40): Illuminate\\Foundation\\Http\\Middleware\\TransformsRequest->handle(Object(Illuminate\\Http\\Request), Object(Closure))
#61 C:\\laragon\\www\\mirrormefashion\\vendor\\laravel\\framework\\src\\Illuminate\\Pipeline\\Pipeline.php(183): Illuminate\\Foundation\\Http\\Middleware\\TrimStrings->handle(Object(Illuminate\\Http\\Request), Object(Closure))
#62 C:\\laragon\\www\\mirrormefashion\\vendor\\laravel\\framework\\src\\Illuminate\\Foundation\\Http\\Middleware\\ValidatePostSize.php(27): Illuminate\\Pipeline\\Pipeline->Illuminate\\Pipeline\\{closure}(Object(Illuminate\\Http\\Request))
#63 C:\\laragon\\www\\mirrormefashion\\vendor\\laravel\\framework\\src\\Illuminate\\Pipeline\\Pipeline.php(183): Illuminate\\Foundation\\Http\\Middleware\\ValidatePostSize->handle(Object(Illuminate\\Http\\Request), Object(Closure))
#64 C:\\laragon\\www\\mirrormefashion\\vendor\\laravel\\framework\\src\\Illuminate\\Pipeline\\Pipeline.php(119): Illuminate\\Pipeline\\Pipeline->Illuminate\\Pipeline\\{closure}(Object(Illuminate\\Http\\Request))
#65 C:\\laragon\\www\\mirrormefashion\\vendor\\laravel\\framework\\src\\Illuminate\\Foundation\\Http\\Kernel.php(175): Illuminate\\Pipeline\\Pipeline->then(Object(Closure))
#66 C:\\laragon\\www\\mirrormefashion\\vendor\\laravel\\framework\\src\\Illuminate\\Foundation\\Http\\Kernel.php(144): Illuminate\\Foundation\\Http\\Kernel->sendRequestThroughRouter(Object(Illuminate\\Http\\Request))
#67 C:\\laragon\\www\\mirrormefashion\\public\\index.php(54): Illuminate\\Foundation\\Http\\Kernel->handle(Object(Illuminate\\Http\\Request))
#68 {main}
"} 
