[2026-04-09 05:09:23] local.INFO: User created for creator registration {"user_id":68,"email":"freelancerzahedcreator@gmail.com"} 
[2026-04-09 05:09:23] local.INFO: Creator profile created {"user_id":68,"creator_id":17} 
[2026-04-09 05:09:24] local.INFO: Creator registered successfully {"user_id":68,"creator_id":17,"email":"freelancerzahedcreator@gmail.com"} 
[2026-04-09 05:09:25] local.INFO: ParseBearerToken middleware invoked {"path":"/api/v2/campaign","method":"GET","has_auth_header":true,"auth_header_preview":"Bearer 158|yyJnTFWOKwvEQpCG9eh...","is_bearer":true} 
[2026-04-09 05:09:25] local.INFO: Extracted bearer token {"token_preview":"158|yyJnTF...","token_length":52} 
[2026-04-09 05:09:25] local.INFO: Found personal access token {"token_id":158,"user_id":68,"revoked":null} 
[2026-04-09 05:09:25] local.INFO: User authenticated via bearer token {"user_id":68,"user_email":"freelancerzahedcreator@gmail.com"} 
[2026-04-09 05:09:25] local.INFO: Returning campaigns for user {"user_id":68,"campaign_count":0,"statuses":[]} 
[2026-04-09 05:09:26] local.INFO: ParseBearerToken middleware invoked {"path":"/api/v2/campaign","method":"GET","has_auth_header":true,"auth_header_preview":"Bearer 158|yyJnTFWOKwvEQpCG9eh...","is_bearer":true} 
[2026-04-09 05:09:26] local.INFO: Extracted bearer token {"token_preview":"158|yyJnTF...","token_length":52} 
[2026-04-09 05:09:26] local.INFO: Found personal access token {"token_id":158,"user_id":68,"revoked":null} 
[2026-04-09 05:09:26] local.INFO: User authenticated via bearer token {"user_id":68,"user_email":"freelancerzahedcreator@gmail.com"} 
[2026-04-09 05:09:26] local.INFO: Returning campaigns for user {"user_id":68,"campaign_count":0,"statuses":[]} 
[2026-04-09 05:09:33] local.INFO: ParseBearerToken middleware invoked {"path":"/api/v2/creator/profile","method":"GET","has_auth_header":true,"auth_header_preview":"Bearer 158|yyJnTFWOKwvEQpCG9eh...","is_bearer":true} 
[2026-04-09 05:09:33] local.INFO: Extracted bearer token {"token_preview":"158|yyJnTF...","token_length":52} 
[2026-04-09 05:09:33] local.INFO: Found personal access token {"token_id":158,"user_id":68,"revoked":null} 
[2026-04-09 05:09:33] local.INFO: User authenticated via bearer token {"user_id":68,"user_email":"freelancerzahedcreator@gmail.com"} 
[2026-04-09 05:09:34] local.INFO: ParseBearerToken middleware invoked {"path":"/api/v2/creator/profile","method":"GET","has_auth_header":true,"auth_header_preview":"Bearer 158|yyJnTFWOKwvEQpCG9eh...","is_bearer":true} 
[2026-04-09 05:09:34] local.INFO: Extracted bearer token {"token_preview":"158|yyJnTF...","token_length":52} 
[2026-04-09 05:09:34] local.INFO: Found personal access token {"token_id":158,"user_id":68,"revoked":null} 
[2026-04-09 05:09:34] local.INFO: User authenticated via bearer token {"user_id":68,"user_email":"freelancerzahedcreator@gmail.com"} 
[2026-04-09 05:09:58] local.DEBUG: reCAPTCHA enabled: false  
[2026-04-09 05:10:02] local.DEBUG: reCAPTCHA enabled: false  
[2026-04-09 05:10:09] local.DEBUG: reCAPTCHA enabled: false  
[2026-04-09 05:11:47] local.DEBUG: reCAPTCHA enabled: false  
[2026-04-09 05:13:46] local.DEBUG: reCAPTCHA enabled: false  
[2026-04-09 05:23:09] local.DEBUG: reCAPTCHA enabled: false  
[2026-04-09 05:23:10] local.DEBUG: reCAPTCHA enabled: false  
[2026-04-09 05:23:13] local.INFO: ParseBearerToken middleware invoked {"path":"/api/v2/campaign","method":"GET","has_auth_header":true,"auth_header_preview":"Bearer 159|tB7l5GG82C35sH4PB4m...","is_bearer":true} 
[2026-04-09 05:23:13] local.INFO: Extracted bearer token {"token_preview":"159|tB7l5G...","token_length":52} 
[2026-04-09 05:23:13] local.INFO: Found personal access token {"token_id":159,"user_id":68,"revoked":null} 
[2026-04-09 05:23:13] local.INFO: User authenticated via bearer token {"user_id":68,"user_email":"freelancerzahedcreator@gmail.com"} 
[2026-04-09 05:23:13] local.INFO: Returning campaigns for user {"user_id":68,"campaign_count":0,"statuses":[]} 
[2026-04-09 05:23:14] local.INFO: ParseBearerToken middleware invoked {"path":"/api/v2/campaign","method":"GET","has_auth_header":true,"auth_header_preview":"Bearer 159|tB7l5GG82C35sH4PB4m...","is_bearer":true} 
[2026-04-09 05:23:14] local.INFO: Extracted bearer token {"token_preview":"159|tB7l5G...","token_length":52} 
[2026-04-09 05:23:14] local.INFO: Found personal access token {"token_id":159,"user_id":68,"revoked":null} 
[2026-04-09 05:23:14] local.INFO: User authenticated via bearer token {"user_id":68,"user_email":"freelancerzahedcreator@gmail.com"} 
[2026-04-09 05:23:14] local.INFO: Returning campaigns for user {"user_id":68,"campaign_count":0,"statuses":[]} 
[2026-04-09 05:23:22] local.INFO: ParseBearerToken middleware invoked {"path":"/api/v2/campaign","method":"GET","has_auth_header":true,"auth_header_preview":"Bearer 159|tB7l5GG82C35sH4PB4m...","is_bearer":true} 
[2026-04-09 05:23:22] local.INFO: Extracted bearer token {"token_preview":"159|tB7l5G...","token_length":52} 
[2026-04-09 05:23:22] local.INFO: Found personal access token {"token_id":159,"user_id":68,"revoked":null} 
[2026-04-09 05:23:22] local.INFO: User authenticated via bearer token {"user_id":68,"user_email":"freelancerzahedcreator@gmail.com"} 
[2026-04-09 05:23:22] local.INFO: Returning campaigns for user {"user_id":68,"campaign_count":0,"statuses":[]} 
[2026-04-09 05:23:23] local.INFO: ParseBearerToken middleware invoked {"path":"/api/v2/campaign","method":"GET","has_auth_header":true,"auth_header_preview":"Bearer 159|tB7l5GG82C35sH4PB4m...","is_bearer":true} 
[2026-04-09 05:23:23] local.INFO: Extracted bearer token {"token_preview":"159|tB7l5G...","token_length":52} 
[2026-04-09 05:23:23] local.INFO: Found personal access token {"token_id":159,"user_id":68,"revoked":null} 
[2026-04-09 05:23:23] local.INFO: User authenticated via bearer token {"user_id":68,"user_email":"freelancerzahedcreator@gmail.com"} 
[2026-04-09 05:23:23] local.INFO: Returning campaigns for user {"user_id":68,"campaign_count":0,"statuses":[]} 
[2026-04-09 05:23:25] local.INFO: ParseBearerToken middleware invoked {"path":"/api/v2/campaign","method":"GET","has_auth_header":true,"auth_header_preview":"Bearer 159|tB7l5GG82C35sH4PB4m...","is_bearer":true} 
[2026-04-09 05:23:25] local.INFO: Extracted bearer token {"token_preview":"159|tB7l5G...","token_length":52} 
[2026-04-09 05:23:25] local.INFO: Found personal access token {"token_id":159,"user_id":68,"revoked":null} 
[2026-04-09 05:23:26] local.INFO: User authenticated via bearer token {"user_id":68,"user_email":"freelancerzahedcreator@gmail.com"} 
[2026-04-09 05:23:26] local.INFO: Returning campaigns for user {"user_id":68,"campaign_count":0,"statuses":[]} 
[2026-04-09 05:23:26] local.INFO: ParseBearerToken middleware invoked {"path":"/api/v2/campaign","method":"GET","has_auth_header":true,"auth_header_preview":"Bearer 159|tB7l5GG82C35sH4PB4m...","is_bearer":true} 
[2026-04-09 05:23:26] local.INFO: Extracted bearer token {"token_preview":"159|tB7l5G...","token_length":52} 
[2026-04-09 05:23:26] local.INFO: Found personal access token {"token_id":159,"user_id":68,"revoked":null} 
[2026-04-09 05:23:26] local.INFO: User authenticated via bearer token {"user_id":68,"user_email":"freelancerzahedcreator@gmail.com"} 
[2026-04-09 05:23:26] local.INFO: Returning campaigns for user {"user_id":68,"campaign_count":0,"statuses":[]} 
[2026-04-09 05:23:27] local.INFO: ParseBearerToken middleware invoked {"path":"/api/v2/campaign","method":"GET","has_auth_header":true,"auth_header_preview":"Bearer 159|tB7l5GG82C35sH4PB4m...","is_bearer":true} 
[2026-04-09 05:23:27] local.INFO: Extracted bearer token {"token_preview":"159|tB7l5G...","token_length":52} 
[2026-04-09 05:23:27] local.INFO: Found personal access token {"token_id":159,"user_id":68,"revoked":null} 
[2026-04-09 05:23:27] local.INFO: User authenticated via bearer token {"user_id":68,"user_email":"freelancerzahedcreator@gmail.com"} 
[2026-04-09 05:23:27] local.INFO: Returning campaigns for user {"user_id":68,"campaign_count":0,"statuses":[]} 
[2026-04-09 05:23:28] local.INFO: ParseBearerToken middleware invoked {"path":"/api/v2/campaign","method":"GET","has_auth_header":true,"auth_header_preview":"Bearer 159|tB7l5GG82C35sH4PB4m...","is_bearer":true} 
[2026-04-09 05:23:28] local.INFO: Extracted bearer token {"token_preview":"159|tB7l5G...","token_length":52} 
[2026-04-09 05:23:28] local.INFO: Found personal access token {"token_id":159,"user_id":68,"revoked":null} 
[2026-04-09 05:23:28] local.INFO: User authenticated via bearer token {"user_id":68,"user_email":"freelancerzahedcreator@gmail.com"} 
[2026-04-09 05:23:28] local.INFO: Returning campaigns for user {"user_id":68,"campaign_count":0,"statuses":[]} 
[2026-04-09 05:23:29] local.INFO: ParseBearerToken middleware invoked {"path":"/api/v2/campaign","method":"GET","has_auth_header":true,"auth_header_preview":"Bearer 159|tB7l5GG82C35sH4PB4m...","is_bearer":true} 
[2026-04-09 05:23:29] local.INFO: Extracted bearer token {"token_preview":"159|tB7l5G...","token_length":52} 
[2026-04-09 05:23:29] local.INFO: Found personal access token {"token_id":159,"user_id":68,"revoked":null} 
[2026-04-09 05:23:29] local.INFO: User authenticated via bearer token {"user_id":68,"user_email":"freelancerzahedcreator@gmail.com"} 
[2026-04-09 05:23:29] local.INFO: Returning campaigns for user {"user_id":68,"campaign_count":0,"statuses":[]} 
[2026-04-09 05:23:29] local.INFO: ParseBearerToken middleware invoked {"path":"/api/v2/campaign","method":"GET","has_auth_header":true,"auth_header_preview":"Bearer 159|tB7l5GG82C35sH4PB4m...","is_bearer":true} 
[2026-04-09 05:23:29] local.INFO: Extracted bearer token {"token_preview":"159|tB7l5G...","token_length":52} 
[2026-04-09 05:23:29] local.INFO: Found personal access token {"token_id":159,"user_id":68,"revoked":null} 
[2026-04-09 05:23:29] local.INFO: User authenticated via bearer token {"user_id":68,"user_email":"freelancerzahedcreator@gmail.com"} 
[2026-04-09 05:23:29] local.INFO: Returning campaigns for user {"user_id":68,"campaign_count":0,"statuses":[]} 
[2026-04-09 05:24:00] local.INFO: ParseBearerToken middleware invoked {"path":"/api/v2/campaign","method":"GET","has_auth_header":true,"auth_header_preview":"Bearer 159|tB7l5GG82C35sH4PB4m...","is_bearer":true} 
[2026-04-09 05:24:00] local.INFO: Extracted bearer token {"token_preview":"159|tB7l5G...","token_length":52} 
[2026-04-09 05:24:00] local.INFO: Found personal access token {"token_id":159,"user_id":68,"revoked":null} 
[2026-04-09 05:24:00] local.INFO: User authenticated via bearer token {"user_id":68,"user_email":"freelancerzahedcreator@gmail.com"} 
[2026-04-09 05:24:00] local.INFO: Returning campaigns for user {"user_id":68,"campaign_count":0,"statuses":[]} 
[2026-04-09 05:24:45] local.DEBUG: reCAPTCHA enabled: false  
[2026-04-09 05:24:46] local.DEBUG: reCAPTCHA enabled: false  
[2026-04-09 05:24:47] local.INFO: ParseBearerToken middleware invoked {"path":"/api/v2/campaign","method":"GET","has_auth_header":true,"auth_header_preview":"Bearer 160|kJdpaDrHOZ9nSgkeOYj...","is_bearer":true} 
[2026-04-09 05:24:47] local.INFO: Extracted bearer token {"token_preview":"160|kJdpaD...","token_length":52} 
[2026-04-09 05:24:47] local.INFO: Found personal access token {"token_id":160,"user_id":68,"revoked":null} 
[2026-04-09 05:24:47] local.INFO: User authenticated via bearer token {"user_id":68,"user_email":"freelancerzahedcreator@gmail.com"} 
[2026-04-09 05:24:47] local.INFO: Returning campaigns for user {"user_id":68,"campaign_count":0,"statuses":[]} 
[2026-04-09 05:24:47] local.INFO: ParseBearerToken middleware invoked {"path":"/api/v2/campaign","method":"GET","has_auth_header":true,"auth_header_preview":"Bearer 160|kJdpaDrHOZ9nSgkeOYj...","is_bearer":true} 
[2026-04-09 05:24:47] local.INFO: Extracted bearer token {"token_preview":"160|kJdpaD...","token_length":52} 
[2026-04-09 05:24:47] local.INFO: Found personal access token {"token_id":160,"user_id":68,"revoked":null} 
[2026-04-09 05:24:47] local.INFO: User authenticated via bearer token {"user_id":68,"user_email":"freelancerzahedcreator@gmail.com"} 
[2026-04-09 05:24:47] local.INFO: Returning campaigns for user {"user_id":68,"campaign_count":0,"statuses":[]} 
[2026-04-09 05:24:54] local.INFO: ParseBearerToken middleware invoked {"path":"/api/v2/campaign","method":"GET","has_auth_header":true,"auth_header_preview":"Bearer 160|kJdpaDrHOZ9nSgkeOYj...","is_bearer":true} 
[2026-04-09 05:24:54] local.INFO: Extracted bearer token {"token_preview":"160|kJdpaD...","token_length":52} 
[2026-04-09 05:24:54] local.INFO: Found personal access token {"token_id":160,"user_id":68,"revoked":null} 
[2026-04-09 05:24:54] local.INFO: User authenticated via bearer token {"user_id":68,"user_email":"freelancerzahedcreator@gmail.com"} 
[2026-04-09 05:24:54] local.INFO: Returning campaigns for user {"user_id":68,"campaign_count":0,"statuses":[]} 
[2026-04-09 05:24:55] local.INFO: ParseBearerToken middleware invoked {"path":"/api/v2/campaign","method":"GET","has_auth_header":true,"auth_header_preview":"Bearer 160|kJdpaDrHOZ9nSgkeOYj...","is_bearer":true} 
[2026-04-09 05:24:55] local.INFO: Extracted bearer token {"token_preview":"160|kJdpaD...","token_length":52} 
[2026-04-09 05:24:55] local.INFO: Found personal access token {"token_id":160,"user_id":68,"revoked":null} 
[2026-04-09 05:24:55] local.INFO: User authenticated via bearer token {"user_id":68,"user_email":"freelancerzahedcreator@gmail.com"} 
[2026-04-09 05:24:55] local.INFO: Returning campaigns for user {"user_id":68,"campaign_count":0,"statuses":[]} 
[2026-04-09 05:24:55] local.INFO: ParseBearerToken middleware invoked {"path":"/api/v2/campaign","method":"GET","has_auth_header":true,"auth_header_preview":"Bearer 160|kJdpaDrHOZ9nSgkeOYj...","is_bearer":true} 
[2026-04-09 05:24:55] local.INFO: Extracted bearer token {"token_preview":"160|kJdpaD...","token_length":52} 
[2026-04-09 05:24:55] local.INFO: Found personal access token {"token_id":160,"user_id":68,"revoked":null} 
[2026-04-09 05:24:55] local.INFO: User authenticated via bearer token {"user_id":68,"user_email":"freelancerzahedcreator@gmail.com"} 
[2026-04-09 05:24:55] local.INFO: Returning campaigns for user {"user_id":68,"campaign_count":0,"statuses":[]} 
[2026-04-09 05:24:56] local.INFO: ParseBearerToken middleware invoked {"path":"/api/v2/campaign","method":"GET","has_auth_header":true,"auth_header_preview":"Bearer 160|kJdpaDrHOZ9nSgkeOYj...","is_bearer":true} 
[2026-04-09 05:24:56] local.INFO: Extracted bearer token {"token_preview":"160|kJdpaD...","token_length":52} 
[2026-04-09 05:24:56] local.INFO: Found personal access token {"token_id":160,"user_id":68,"revoked":null} 
[2026-04-09 05:24:56] local.INFO: User authenticated via bearer token {"user_id":68,"user_email":"freelancerzahedcreator@gmail.com"} 
[2026-04-09 05:24:56] local.INFO: Returning campaigns for user {"user_id":68,"campaign_count":0,"statuses":[]} 
[2026-04-09 05:26:46] local.INFO: ParseBearerToken middleware invoked {"path":"/api/v2/campaign","method":"GET","has_auth_header":true,"auth_header_preview":"Bearer 160|kJdpaDrHOZ9nSgkeOYj...","is_bearer":true} 
[2026-04-09 05:26:46] local.INFO: Extracted bearer token {"token_preview":"160|kJdpaD...","token_length":52} 
[2026-04-09 05:26:46] local.INFO: Found personal access token {"token_id":160,"user_id":68,"revoked":null} 
[2026-04-09 05:26:46] local.INFO: User authenticated via bearer token {"user_id":68,"user_email":"freelancerzahedcreator@gmail.com"} 
[2026-04-09 05:26:46] local.INFO: Returning campaigns for user {"user_id":68,"campaign_count":0,"statuses":[]} 
[2026-04-09 05:26:46] local.INFO: ParseBearerToken middleware invoked {"path":"/api/v2/campaign","method":"GET","has_auth_header":true,"auth_header_preview":"Bearer 160|kJdpaDrHOZ9nSgkeOYj...","is_bearer":true} 
[2026-04-09 05:26:46] local.INFO: Extracted bearer token {"token_preview":"160|kJdpaD...","token_length":52} 
[2026-04-09 05:26:46] local.INFO: Found personal access token {"token_id":160,"user_id":68,"revoked":null} 
[2026-04-09 05:26:46] local.INFO: User authenticated via bearer token {"user_id":68,"user_email":"freelancerzahedcreator@gmail.com"} 
[2026-04-09 05:26:46] local.INFO: Returning campaigns for user {"user_id":68,"campaign_count":0,"statuses":[]} 
[2026-04-09 05:27:16] local.INFO: ParseBearerToken middleware invoked {"path":"/api/v2/campaign","method":"GET","has_auth_header":true,"auth_header_preview":"Bearer 160|kJdpaDrHOZ9nSgkeOYj...","is_bearer":true} 
[2026-04-09 05:27:16] local.INFO: Extracted bearer token {"token_preview":"160|kJdpaD...","token_length":52} 
[2026-04-09 05:27:16] local.INFO: Found personal access token {"token_id":160,"user_id":68,"revoked":null} 
[2026-04-09 05:27:16] local.INFO: User authenticated via bearer token {"user_id":68,"user_email":"freelancerzahedcreator@gmail.com"} 
[2026-04-09 05:27:16] local.INFO: Returning campaigns for user {"user_id":68,"campaign_count":0,"statuses":[]} 
[2026-04-09 05:27:46] local.INFO: ParseBearerToken middleware invoked {"path":"/api/v2/campaign","method":"GET","has_auth_header":true,"auth_header_preview":"Bearer 160|kJdpaDrHOZ9nSgkeOYj...","is_bearer":true} 
[2026-04-09 05:27:46] local.INFO: Extracted bearer token {"token_preview":"160|kJdpaD...","token_length":52} 
[2026-04-09 05:27:46] local.INFO: Found personal access token {"token_id":160,"user_id":68,"revoked":null} 
[2026-04-09 05:27:46] local.INFO: User authenticated via bearer token {"user_id":68,"user_email":"freelancerzahedcreator@gmail.com"} 
[2026-04-09 05:27:46] local.INFO: Returning campaigns for user {"user_id":68,"campaign_count":0,"statuses":[]} 
[2026-04-09 05:28:16] local.INFO: ParseBearerToken middleware invoked {"path":"/api/v2/campaign","method":"GET","has_auth_header":true,"auth_header_preview":"Bearer 160|kJdpaDrHOZ9nSgkeOYj...","is_bearer":true} 
[2026-04-09 05:28:16] local.INFO: Extracted bearer token {"token_preview":"160|kJdpaD...","token_length":52} 
[2026-04-09 05:28:16] local.INFO: Found personal access token {"token_id":160,"user_id":68,"revoked":null} 
[2026-04-09 05:28:16] local.INFO: User authenticated via bearer token {"user_id":68,"user_email":"freelancerzahedcreator@gmail.com"} 
[2026-04-09 05:28:16] local.INFO: Returning campaigns for user {"user_id":68,"campaign_count":0,"statuses":[]} 
[2026-04-09 05:28:46] local.INFO: ParseBearerToken middleware invoked {"path":"/api/v2/campaign","method":"GET","has_auth_header":true,"auth_header_preview":"Bearer 160|kJdpaDrHOZ9nSgkeOYj...","is_bearer":true} 
[2026-04-09 05:28:46] local.INFO: Extracted bearer token {"token_preview":"160|kJdpaD...","token_length":52} 
[2026-04-09 05:28:46] local.INFO: Found personal access token {"token_id":160,"user_id":68,"revoked":null} 
[2026-04-09 05:28:46] local.INFO: User authenticated via bearer token {"user_id":68,"user_email":"freelancerzahedcreator@gmail.com"} 
[2026-04-09 05:28:46] local.INFO: Returning campaigns for user {"user_id":68,"campaign_count":0,"statuses":[]} 
[2026-04-09 05:29:16] local.INFO: ParseBearerToken middleware invoked {"path":"/api/v2/campaign","method":"GET","has_auth_header":true,"auth_header_preview":"Bearer 160|kJdpaDrHOZ9nSgkeOYj...","is_bearer":true} 
[2026-04-09 05:29:16] local.INFO: Extracted bearer token {"token_preview":"160|kJdpaD...","token_length":52} 
[2026-04-09 05:29:16] local.INFO: Found personal access token {"token_id":160,"user_id":68,"revoked":null} 
[2026-04-09 05:29:16] local.INFO: User authenticated via bearer token {"user_id":68,"user_email":"freelancerzahedcreator@gmail.com"} 
[2026-04-09 05:29:16] local.INFO: Returning campaigns for user {"user_id":68,"campaign_count":0,"statuses":[]} 
[2026-04-09 05:29:45] local.INFO: ParseBearerToken middleware invoked {"path":"/api/v2/campaign","method":"GET","has_auth_header":true,"auth_header_preview":"Bearer 160|kJdpaDrHOZ9nSgkeOYj...","is_bearer":true} 
[2026-04-09 05:29:45] local.INFO: Extracted bearer token {"token_preview":"160|kJdpaD...","token_length":52} 
[2026-04-09 05:29:45] local.INFO: Found personal access token {"token_id":160,"user_id":68,"revoked":null} 
[2026-04-09 05:29:45] local.INFO: User authenticated via bearer token {"user_id":68,"user_email":"freelancerzahedcreator@gmail.com"} 
[2026-04-09 05:29:45] local.INFO: Returning campaigns for user {"user_id":68,"campaign_count":0,"statuses":[]} 
[2026-04-09 05:30:16] local.INFO: ParseBearerToken middleware invoked {"path":"/api/v2/campaign","method":"GET","has_auth_header":true,"auth_header_preview":"Bearer 160|kJdpaDrHOZ9nSgkeOYj...","is_bearer":true} 
[2026-04-09 05:30:16] local.INFO: Extracted bearer token {"token_preview":"160|kJdpaD...","token_length":52} 
[2026-04-09 05:30:16] local.INFO: Found personal access token {"token_id":160,"user_id":68,"revoked":null} 
[2026-04-09 05:30:16] local.INFO: User authenticated via bearer token {"user_id":68,"user_email":"freelancerzahedcreator@gmail.com"} 
[2026-04-09 05:30:16] local.INFO: Returning campaigns for user {"user_id":68,"campaign_count":0,"statuses":[]} 
[2026-04-09 05:30:46] local.INFO: ParseBearerToken middleware invoked {"path":"/api/v2/campaign","method":"GET","has_auth_header":true,"auth_header_preview":"Bearer 160|kJdpaDrHOZ9nSgkeOYj...","is_bearer":true} 
[2026-04-09 05:30:46] local.INFO: Extracted bearer token {"token_preview":"160|kJdpaD...","token_length":52} 
[2026-04-09 05:30:46] local.INFO: Found personal access token {"token_id":160,"user_id":68,"revoked":null} 
[2026-04-09 05:30:46] local.INFO: User authenticated via bearer token {"user_id":68,"user_email":"freelancerzahedcreator@gmail.com"} 
[2026-04-09 05:30:46] local.INFO: Returning campaigns for user {"user_id":68,"campaign_count":0,"statuses":[]} 
[2026-04-09 05:31:15] local.INFO: ParseBearerToken middleware invoked {"path":"/api/v2/campaign","method":"GET","has_auth_header":true,"auth_header_preview":"Bearer 160|kJdpaDrHOZ9nSgkeOYj...","is_bearer":true} 
[2026-04-09 05:31:15] local.INFO: Extracted bearer token {"token_preview":"160|kJdpaD...","token_length":52} 
[2026-04-09 05:31:15] local.INFO: Found personal access token {"token_id":160,"user_id":68,"revoked":null} 
[2026-04-09 05:31:15] local.INFO: User authenticated via bearer token {"user_id":68,"user_email":"freelancerzahedcreator@gmail.com"} 
[2026-04-09 05:31:15] local.INFO: Returning campaigns for user {"user_id":68,"campaign_count":0,"statuses":[]} 
[2026-04-09 05:31:46] local.INFO: ParseBearerToken middleware invoked {"path":"/api/v2/campaign","method":"GET","has_auth_header":true,"auth_header_preview":"Bearer 160|kJdpaDrHOZ9nSgkeOYj...","is_bearer":true} 
[2026-04-09 05:31:46] local.INFO: Extracted bearer token {"token_preview":"160|kJdpaD...","token_length":52} 
[2026-04-09 05:31:46] local.INFO: Found personal access token {"token_id":160,"user_id":68,"revoked":null} 
[2026-04-09 05:31:46] local.INFO: User authenticated via bearer token {"user_id":68,"user_email":"freelancerzahedcreator@gmail.com"} 
[2026-04-09 05:31:46] local.INFO: Returning campaigns for user {"user_id":68,"campaign_count":0,"statuses":[]} 
[2026-04-09 05:32:15] local.INFO: ParseBearerToken middleware invoked {"path":"/api/v2/campaign","method":"GET","has_auth_header":true,"auth_header_preview":"Bearer 160|kJdpaDrHOZ9nSgkeOYj...","is_bearer":true} 
[2026-04-09 05:32:15] local.INFO: Extracted bearer token {"token_preview":"160|kJdpaD...","token_length":52} 
[2026-04-09 05:32:15] local.INFO: Found personal access token {"token_id":160,"user_id":68,"revoked":null} 
[2026-04-09 05:32:15] local.INFO: User authenticated via bearer token {"user_id":68,"user_email":"freelancerzahedcreator@gmail.com"} 
[2026-04-09 05:32:15] local.INFO: Returning campaigns for user {"user_id":68,"campaign_count":0,"statuses":[]} 
[2026-04-09 05:32:45] local.INFO: ParseBearerToken middleware invoked {"path":"/api/v2/campaign","method":"GET","has_auth_header":true,"auth_header_preview":"Bearer 160|kJdpaDrHOZ9nSgkeOYj...","is_bearer":true} 
[2026-04-09 05:32:45] local.INFO: Extracted bearer token {"token_preview":"160|kJdpaD...","token_length":52} 
[2026-04-09 05:32:45] local.INFO: Found personal access token {"token_id":160,"user_id":68,"revoked":null} 
[2026-04-09 05:32:45] local.INFO: User authenticated via bearer token {"user_id":68,"user_email":"freelancerzahedcreator@gmail.com"} 
[2026-04-09 05:32:45] local.INFO: Returning campaigns for user {"user_id":68,"campaign_count":0,"statuses":[]} 
[2026-04-09 05:33:15] local.INFO: ParseBearerToken middleware invoked {"path":"/api/v2/campaign","method":"GET","has_auth_header":true,"auth_header_preview":"Bearer 160|kJdpaDrHOZ9nSgkeOYj...","is_bearer":true} 
[2026-04-09 05:33:15] local.INFO: Extracted bearer token {"token_preview":"160|kJdpaD...","token_length":52} 
[2026-04-09 05:33:15] local.INFO: Found personal access token {"token_id":160,"user_id":68,"revoked":null} 
[2026-04-09 05:33:15] local.INFO: User authenticated via bearer token {"user_id":68,"user_email":"freelancerzahedcreator@gmail.com"} 
[2026-04-09 05:33:15] local.INFO: Returning campaigns for user {"user_id":68,"campaign_count":0,"statuses":[]} 
[2026-04-09 05:33:45] local.INFO: ParseBearerToken middleware invoked {"path":"/api/v2/campaign","method":"GET","has_auth_header":true,"auth_header_preview":"Bearer 160|kJdpaDrHOZ9nSgkeOYj...","is_bearer":true} 
[2026-04-09 05:33:45] local.INFO: Extracted bearer token {"token_preview":"160|kJdpaD...","token_length":52} 
[2026-04-09 05:33:45] local.INFO: Found personal access token {"token_id":160,"user_id":68,"revoked":null} 
[2026-04-09 05:33:45] local.INFO: User authenticated via bearer token {"user_id":68,"user_email":"freelancerzahedcreator@gmail.com"} 
[2026-04-09 05:33:45] local.INFO: Returning campaigns for user {"user_id":68,"campaign_count":0,"statuses":[]} 
[2026-04-09 05:34:15] local.INFO: ParseBearerToken middleware invoked {"path":"/api/v2/campaign","method":"GET","has_auth_header":true,"auth_header_preview":"Bearer 160|kJdpaDrHOZ9nSgkeOYj...","is_bearer":true} 
[2026-04-09 05:34:15] local.INFO: Extracted bearer token {"token_preview":"160|kJdpaD...","token_length":52} 
[2026-04-09 05:34:15] local.INFO: Found personal access token {"token_id":160,"user_id":68,"revoked":null} 
[2026-04-09 05:34:15] local.INFO: User authenticated via bearer token {"user_id":68,"user_email":"freelancerzahedcreator@gmail.com"} 
[2026-04-09 05:34:15] local.INFO: Returning campaigns for user {"user_id":68,"campaign_count":0,"statuses":[]} 
[2026-04-09 05:34:46] local.INFO: ParseBearerToken middleware invoked {"path":"/api/v2/campaign","method":"GET","has_auth_header":true,"auth_header_preview":"Bearer 160|kJdpaDrHOZ9nSgkeOYj...","is_bearer":true} 
[2026-04-09 05:34:46] local.INFO: Extracted bearer token {"token_preview":"160|kJdpaD...","token_length":52} 
[2026-04-09 05:34:46] local.INFO: Found personal access token {"token_id":160,"user_id":68,"revoked":null} 
[2026-04-09 05:34:46] local.INFO: User authenticated via bearer token {"user_id":68,"user_email":"freelancerzahedcreator@gmail.com"} 
[2026-04-09 05:34:46] local.INFO: Returning campaigns for user {"user_id":68,"campaign_count":0,"statuses":[]} 
[2026-04-09 05:35:15] local.INFO: ParseBearerToken middleware invoked {"path":"/api/v2/campaign","method":"GET","has_auth_header":true,"auth_header_preview":"Bearer 160|kJdpaDrHOZ9nSgkeOYj...","is_bearer":true} 
[2026-04-09 05:35:15] local.INFO: Extracted bearer token {"token_preview":"160|kJdpaD...","token_length":52} 
[2026-04-09 05:35:15] local.INFO: Found personal access token {"token_id":160,"user_id":68,"revoked":null} 
[2026-04-09 05:35:15] local.INFO: User authenticated via bearer token {"user_id":68,"user_email":"freelancerzahedcreator@gmail.com"} 
[2026-04-09 05:35:15] local.INFO: Returning campaigns for user {"user_id":68,"campaign_count":0,"statuses":[]} 
[2026-04-09 05:35:45] local.INFO: ParseBearerToken middleware invoked {"path":"/api/v2/campaign","method":"GET","has_auth_header":true,"auth_header_preview":"Bearer 160|kJdpaDrHOZ9nSgkeOYj...","is_bearer":true} 
[2026-04-09 05:35:45] local.INFO: Extracted bearer token {"token_preview":"160|kJdpaD...","token_length":52} 
[2026-04-09 05:35:45] local.INFO: Found personal access token {"token_id":160,"user_id":68,"revoked":null} 
[2026-04-09 05:35:45] local.INFO: User authenticated via bearer token {"user_id":68,"user_email":"freelancerzahedcreator@gmail.com"} 
[2026-04-09 05:35:45] local.INFO: Returning campaigns for user {"user_id":68,"campaign_count":0,"statuses":[]} 
[2026-04-09 05:36:15] local.INFO: ParseBearerToken middleware invoked {"path":"/api/v2/campaign","method":"GET","has_auth_header":true,"auth_header_preview":"Bearer 160|kJdpaDrHOZ9nSgkeOYj...","is_bearer":true} 
[2026-04-09 05:36:15] local.INFO: Extracted bearer token {"token_preview":"160|kJdpaD...","token_length":52} 
[2026-04-09 05:36:15] local.INFO: Found personal access token {"token_id":160,"user_id":68,"revoked":null} 
[2026-04-09 05:36:15] local.INFO: User authenticated via bearer token {"user_id":68,"user_email":"freelancerzahedcreator@gmail.com"} 
[2026-04-09 05:36:15] local.INFO: Returning campaigns for user {"user_id":68,"campaign_count":0,"statuses":[]} 
[2026-04-09 05:36:46] local.INFO: ParseBearerToken middleware invoked {"path":"/api/v2/campaign","method":"GET","has_auth_header":true,"auth_header_preview":"Bearer 160|kJdpaDrHOZ9nSgkeOYj...","is_bearer":true} 
[2026-04-09 05:36:46] local.INFO: Extracted bearer token {"token_preview":"160|kJdpaD...","token_length":52} 
[2026-04-09 05:36:46] local.INFO: Found personal access token {"token_id":160,"user_id":68,"revoked":null} 
[2026-04-09 05:36:46] local.INFO: User authenticated via bearer token {"user_id":68,"user_email":"freelancerzahedcreator@gmail.com"} 
[2026-04-09 05:36:46] local.INFO: Returning campaigns for user {"user_id":68,"campaign_count":0,"statuses":[]} 
[2026-04-09 05:37:16] local.INFO: ParseBearerToken middleware invoked {"path":"/api/v2/campaign","method":"GET","has_auth_header":true,"auth_header_preview":"Bearer 160|kJdpaDrHOZ9nSgkeOYj...","is_bearer":true} 
[2026-04-09 05:37:16] local.INFO: Extracted bearer token {"token_preview":"160|kJdpaD...","token_length":52} 
[2026-04-09 05:37:16] local.INFO: Found personal access token {"token_id":160,"user_id":68,"revoked":null} 
[2026-04-09 05:37:16] local.INFO: User authenticated via bearer token {"user_id":68,"user_email":"freelancerzahedcreator@gmail.com"} 
[2026-04-09 05:37:16] local.INFO: Returning campaigns for user {"user_id":68,"campaign_count":0,"statuses":[]} 
[2026-04-09 05:37:46] local.INFO: ParseBearerToken middleware invoked {"path":"/api/v2/campaign","method":"GET","has_auth_header":true,"auth_header_preview":"Bearer 160|kJdpaDrHOZ9nSgkeOYj...","is_bearer":true} 
[2026-04-09 05:37:46] local.INFO: Extracted bearer token {"token_preview":"160|kJdpaD...","token_length":52} 
[2026-04-09 05:37:46] local.INFO: Found personal access token {"token_id":160,"user_id":68,"revoked":null} 
[2026-04-09 05:37:46] local.INFO: User authenticated via bearer token {"user_id":68,"user_email":"freelancerzahedcreator@gmail.com"} 
[2026-04-09 05:37:46] local.INFO: Returning campaigns for user {"user_id":68,"campaign_count":0,"statuses":[]} 
[2026-04-09 05:38:16] local.INFO: ParseBearerToken middleware invoked {"path":"/api/v2/campaign","method":"GET","has_auth_header":true,"auth_header_preview":"Bearer 160|kJdpaDrHOZ9nSgkeOYj...","is_bearer":true} 
[2026-04-09 05:38:16] local.INFO: Extracted bearer token {"token_preview":"160|kJdpaD...","token_length":52} 
[2026-04-09 05:38:16] local.INFO: Found personal access token {"token_id":160,"user_id":68,"revoked":null} 
[2026-04-09 05:38:16] local.INFO: User authenticated via bearer token {"user_id":68,"user_email":"freelancerzahedcreator@gmail.com"} 
[2026-04-09 05:38:16] local.INFO: Returning campaigns for user {"user_id":68,"campaign_count":0,"statuses":[]} 
[2026-04-09 05:38:46] local.INFO: ParseBearerToken middleware invoked {"path":"/api/v2/campaign","method":"GET","has_auth_header":true,"auth_header_preview":"Bearer 160|kJdpaDrHOZ9nSgkeOYj...","is_bearer":true} 
[2026-04-09 05:38:46] local.INFO: Extracted bearer token {"token_preview":"160|kJdpaD...","token_length":52} 
[2026-04-09 05:38:46] local.INFO: Found personal access token {"token_id":160,"user_id":68,"revoked":null} 
[2026-04-09 05:38:46] local.INFO: User authenticated via bearer token {"user_id":68,"user_email":"freelancerzahedcreator@gmail.com"} 
[2026-04-09 05:38:46] local.INFO: Returning campaigns for user {"user_id":68,"campaign_count":0,"statuses":[]} 
[2026-04-09 05:39:16] local.INFO: ParseBearerToken middleware invoked {"path":"/api/v2/campaign","method":"GET","has_auth_header":true,"auth_header_preview":"Bearer 160|kJdpaDrHOZ9nSgkeOYj...","is_bearer":true} 
[2026-04-09 05:39:16] local.INFO: Extracted bearer token {"token_preview":"160|kJdpaD...","token_length":52} 
[2026-04-09 05:39:16] local.INFO: Found personal access token {"token_id":160,"user_id":68,"revoked":null} 
[2026-04-09 05:39:16] local.INFO: User authenticated via bearer token {"user_id":68,"user_email":"freelancerzahedcreator@gmail.com"} 
[2026-04-09 05:39:16] local.INFO: Returning campaigns for user {"user_id":68,"campaign_count":0,"statuses":[]} 
[2026-04-09 05:39:46] local.INFO: ParseBearerToken middleware invoked {"path":"/api/v2/campaign","method":"GET","has_auth_header":true,"auth_header_preview":"Bearer 160|kJdpaDrHOZ9nSgkeOYj...","is_bearer":true} 
[2026-04-09 05:39:46] local.INFO: Extracted bearer token {"token_preview":"160|kJdpaD...","token_length":52} 
[2026-04-09 05:39:46] local.INFO: Found personal access token {"token_id":160,"user_id":68,"revoked":null} 
[2026-04-09 05:39:46] local.INFO: User authenticated via bearer token {"user_id":68,"user_email":"freelancerzahedcreator@gmail.com"} 
[2026-04-09 05:39:46] local.INFO: Returning campaigns for user {"user_id":68,"campaign_count":0,"statuses":[]} 
[2026-04-09 05:40:15] local.INFO: ParseBearerToken middleware invoked {"path":"/api/v2/campaign","method":"GET","has_auth_header":true,"auth_header_preview":"Bearer 160|kJdpaDrHOZ9nSgkeOYj...","is_bearer":true} 
[2026-04-09 05:40:15] local.INFO: Extracted bearer token {"token_preview":"160|kJdpaD...","token_length":52} 
[2026-04-09 05:40:15] local.INFO: Found personal access token {"token_id":160,"user_id":68,"revoked":null} 
[2026-04-09 05:40:15] local.INFO: User authenticated via bearer token {"user_id":68,"user_email":"freelancerzahedcreator@gmail.com"} 
[2026-04-09 05:40:15] local.INFO: Returning campaigns for user {"user_id":68,"campaign_count":0,"statuses":[]} 
[2026-04-09 05:40:45] local.INFO: ParseBearerToken middleware invoked {"path":"/api/v2/campaign","method":"GET","has_auth_header":true,"auth_header_preview":"Bearer 160|kJdpaDrHOZ9nSgkeOYj...","is_bearer":true} 
[2026-04-09 05:40:45] local.INFO: Extracted bearer token {"token_preview":"160|kJdpaD...","token_length":52} 
[2026-04-09 05:40:45] local.INFO: Found personal access token {"token_id":160,"user_id":68,"revoked":null} 
[2026-04-09 05:40:45] local.INFO: User authenticated via bearer token {"user_id":68,"user_email":"freelancerzahedcreator@gmail.com"} 
[2026-04-09 05:40:46] local.INFO: Returning campaigns for user {"user_id":68,"campaign_count":0,"statuses":[]} 
[2026-04-09 05:41:16] local.INFO: ParseBearerToken middleware invoked {"path":"/api/v2/campaign","method":"GET","has_auth_header":true,"auth_header_preview":"Bearer 160|kJdpaDrHOZ9nSgkeOYj...","is_bearer":true} 
[2026-04-09 05:41:16] local.INFO: Extracted bearer token {"token_preview":"160|kJdpaD...","token_length":52} 
[2026-04-09 05:41:16] local.INFO: Found personal access token {"token_id":160,"user_id":68,"revoked":null} 
[2026-04-09 05:41:16] local.INFO: User authenticated via bearer token {"user_id":68,"user_email":"freelancerzahedcreator@gmail.com"} 
[2026-04-09 05:41:16] local.INFO: Returning campaigns for user {"user_id":68,"campaign_count":0,"statuses":[]} 
[2026-04-09 05:41:46] local.INFO: ParseBearerToken middleware invoked {"path":"/api/v2/campaign","method":"GET","has_auth_header":true,"auth_header_preview":"Bearer 160|kJdpaDrHOZ9nSgkeOYj...","is_bearer":true} 
[2026-04-09 05:41:46] local.INFO: Extracted bearer token {"token_preview":"160|kJdpaD...","token_length":52} 
[2026-04-09 05:41:46] local.INFO: Found personal access token {"token_id":160,"user_id":68,"revoked":null} 
[2026-04-09 05:41:46] local.INFO: User authenticated via bearer token {"user_id":68,"user_email":"freelancerzahedcreator@gmail.com"} 
[2026-04-09 05:41:46] local.INFO: Returning campaigns for user {"user_id":68,"campaign_count":0,"statuses":[]} 
[2026-04-09 05:42:16] local.INFO: ParseBearerToken middleware invoked {"path":"/api/v2/campaign","method":"GET","has_auth_header":true,"auth_header_preview":"Bearer 160|kJdpaDrHOZ9nSgkeOYj...","is_bearer":true} 
[2026-04-09 05:42:16] local.INFO: Extracted bearer token {"token_preview":"160|kJdpaD...","token_length":52} 
[2026-04-09 05:42:16] local.INFO: Found personal access token {"token_id":160,"user_id":68,"revoked":null} 
[2026-04-09 05:42:16] local.INFO: User authenticated via bearer token {"user_id":68,"user_email":"freelancerzahedcreator@gmail.com"} 
[2026-04-09 05:42:16] local.INFO: Returning campaigns for user {"user_id":68,"campaign_count":0,"statuses":[]} 
[2026-04-09 05:42:46] local.INFO: ParseBearerToken middleware invoked {"path":"/api/v2/campaign","method":"GET","has_auth_header":true,"auth_header_preview":"Bearer 160|kJdpaDrHOZ9nSgkeOYj...","is_bearer":true} 
[2026-04-09 05:42:46] local.INFO: Extracted bearer token {"token_preview":"160|kJdpaD...","token_length":52} 
[2026-04-09 05:42:46] local.INFO: Found personal access token {"token_id":160,"user_id":68,"revoked":null} 
[2026-04-09 05:42:46] local.INFO: User authenticated via bearer token {"user_id":68,"user_email":"freelancerzahedcreator@gmail.com"} 
[2026-04-09 05:42:46] local.INFO: Returning campaigns for user {"user_id":68,"campaign_count":0,"statuses":[]} 
[2026-04-09 05:43:07] local.INFO: ParseBearerToken middleware invoked {"path":"/api/v2/campaign","method":"GET","has_auth_header":true,"auth_header_preview":"Bearer 160|kJdpaDrHOZ9nSgkeOYj...","is_bearer":true} 
[2026-04-09 05:43:07] local.INFO: Extracted bearer token {"token_preview":"160|kJdpaD...","token_length":52} 
[2026-04-09 05:43:07] local.INFO: Found personal access token {"token_id":160,"user_id":68,"revoked":null} 
[2026-04-09 05:43:07] local.INFO: User authenticated via bearer token {"user_id":68,"user_email":"freelancerzahedcreator@gmail.com"} 
[2026-04-09 05:43:07] local.INFO: Returning campaigns for user {"user_id":68,"campaign_count":0,"statuses":[]} 
[2026-04-09 05:43:08] local.INFO: ParseBearerToken middleware invoked {"path":"/api/v2/campaign","method":"GET","has_auth_header":true,"auth_header_preview":"Bearer 160|kJdpaDrHOZ9nSgkeOYj...","is_bearer":true} 
[2026-04-09 05:43:08] local.INFO: Extracted bearer token {"token_preview":"160|kJdpaD...","token_length":52} 
[2026-04-09 05:43:08] local.INFO: Found personal access token {"token_id":160,"user_id":68,"revoked":null} 
[2026-04-09 05:43:08] local.INFO: User authenticated via bearer token {"user_id":68,"user_email":"freelancerzahedcreator@gmail.com"} 
[2026-04-09 05:43:08] local.INFO: Returning campaigns for user {"user_id":68,"campaign_count":0,"statuses":[]} 
[2026-04-09 05:43:37] local.INFO: ParseBearerToken middleware invoked {"path":"/api/v2/campaign","method":"GET","has_auth_header":true,"auth_header_preview":"Bearer 160|kJdpaDrHOZ9nSgkeOYj...","is_bearer":true} 
[2026-04-09 05:43:37] local.INFO: Extracted bearer token {"token_preview":"160|kJdpaD...","token_length":52} 
[2026-04-09 05:43:37] local.INFO: Found personal access token {"token_id":160,"user_id":68,"revoked":null} 
[2026-04-09 05:43:37] local.INFO: User authenticated via bearer token {"user_id":68,"user_email":"freelancerzahedcreator@gmail.com"} 
[2026-04-09 05:43:37] local.INFO: Returning campaigns for user {"user_id":68,"campaign_count":0,"statuses":[]} 
[2026-04-09 05:44:07] local.INFO: ParseBearerToken middleware invoked {"path":"/api/v2/campaign","method":"GET","has_auth_header":true,"auth_header_preview":"Bearer 160|kJdpaDrHOZ9nSgkeOYj...","is_bearer":true} 
[2026-04-09 05:44:07] local.INFO: Extracted bearer token {"token_preview":"160|kJdpaD...","token_length":52} 
[2026-04-09 05:44:08] local.INFO: Found personal access token {"token_id":160,"user_id":68,"revoked":null} 
[2026-04-09 05:44:08] local.INFO: User authenticated via bearer token {"user_id":68,"user_email":"freelancerzahedcreator@gmail.com"} 
[2026-04-09 05:44:08] local.INFO: Returning campaigns for user {"user_id":68,"campaign_count":0,"statuses":[]} 
[2026-04-09 05:44:37] local.INFO: ParseBearerToken middleware invoked {"path":"/api/v2/campaign","method":"GET","has_auth_header":true,"auth_header_preview":"Bearer 160|kJdpaDrHOZ9nSgkeOYj...","is_bearer":true} 
[2026-04-09 05:44:37] local.INFO: Extracted bearer token {"token_preview":"160|kJdpaD...","token_length":52} 
[2026-04-09 05:44:37] local.INFO: Found personal access token {"token_id":160,"user_id":68,"revoked":null} 
[2026-04-09 05:44:37] local.INFO: User authenticated via bearer token {"user_id":68,"user_email":"freelancerzahedcreator@gmail.com"} 
[2026-04-09 05:44:37] local.INFO: Returning campaigns for user {"user_id":68,"campaign_count":0,"statuses":[]} 
[2026-04-09 05:45:07] local.INFO: ParseBearerToken middleware invoked {"path":"/api/v2/campaign","method":"GET","has_auth_header":true,"auth_header_preview":"Bearer 160|kJdpaDrHOZ9nSgkeOYj...","is_bearer":true} 
[2026-04-09 05:45:07] local.INFO: Extracted bearer token {"token_preview":"160|kJdpaD...","token_length":52} 
[2026-04-09 05:45:07] local.INFO: Found personal access token {"token_id":160,"user_id":68,"revoked":null} 
[2026-04-09 05:45:07] local.INFO: User authenticated via bearer token {"user_id":68,"user_email":"freelancerzahedcreator@gmail.com"} 
[2026-04-09 05:45:07] local.INFO: Returning campaigns for user {"user_id":68,"campaign_count":0,"statuses":[]} 
[2026-04-09 05:45:36] local.INFO: ParseBearerToken middleware invoked {"path":"/api/v2/campaign","method":"GET","has_auth_header":true,"auth_header_preview":"Bearer 160|kJdpaDrHOZ9nSgkeOYj...","is_bearer":true} 
[2026-04-09 05:45:36] local.INFO: Extracted bearer token {"token_preview":"160|kJdpaD...","token_length":52} 
[2026-04-09 05:45:36] local.INFO: Found personal access token {"token_id":160,"user_id":68,"revoked":null} 
[2026-04-09 05:45:36] local.INFO: User authenticated via bearer token {"user_id":68,"user_email":"freelancerzahedcreator@gmail.com"} 
[2026-04-09 05:45:36] local.INFO: Returning campaigns for user {"user_id":68,"campaign_count":0,"statuses":[]} 
[2026-04-09 05:46:06] local.INFO: ParseBearerToken middleware invoked {"path":"/api/v2/campaign","method":"GET","has_auth_header":true,"auth_header_preview":"Bearer 160|kJdpaDrHOZ9nSgkeOYj...","is_bearer":true} 
[2026-04-09 05:46:06] local.INFO: Extracted bearer token {"token_preview":"160|kJdpaD...","token_length":52} 
[2026-04-09 05:46:06] local.INFO: Found personal access token {"token_id":160,"user_id":68,"revoked":null} 
[2026-04-09 05:46:06] local.INFO: User authenticated via bearer token {"user_id":68,"user_email":"freelancerzahedcreator@gmail.com"} 
[2026-04-09 05:46:06] local.INFO: Returning campaigns for user {"user_id":68,"campaign_count":0,"statuses":[]} 
[2026-04-09 05:46:36] local.INFO: ParseBearerToken middleware invoked {"path":"/api/v2/campaign","method":"GET","has_auth_header":true,"auth_header_preview":"Bearer 160|kJdpaDrHOZ9nSgkeOYj...","is_bearer":true} 
[2026-04-09 05:46:36] local.INFO: Extracted bearer token {"token_preview":"160|kJdpaD...","token_length":52} 
[2026-04-09 05:46:36] local.INFO: Found personal access token {"token_id":160,"user_id":68,"revoked":null} 
[2026-04-09 05:46:36] local.INFO: User authenticated via bearer token {"user_id":68,"user_email":"freelancerzahedcreator@gmail.com"} 
[2026-04-09 05:46:36] local.INFO: Returning campaigns for user {"user_id":68,"campaign_count":0,"statuses":[]} 
[2026-04-09 05:47:06] local.INFO: ParseBearerToken middleware invoked {"path":"/api/v2/campaign","method":"GET","has_auth_header":true,"auth_header_preview":"Bearer 160|kJdpaDrHOZ9nSgkeOYj...","is_bearer":true} 
[2026-04-09 05:47:06] local.INFO: Extracted bearer token {"token_preview":"160|kJdpaD...","token_length":52} 
[2026-04-09 05:47:06] local.INFO: Found personal access token {"token_id":160,"user_id":68,"revoked":null} 
[2026-04-09 05:47:06] local.INFO: User authenticated via bearer token {"user_id":68,"user_email":"freelancerzahedcreator@gmail.com"} 
[2026-04-09 05:47:06] local.INFO: Returning campaigns for user {"user_id":68,"campaign_count":0,"statuses":[]} 
[2026-04-09 05:47:36] local.INFO: ParseBearerToken middleware invoked {"path":"/api/v2/campaign","method":"GET","has_auth_header":true,"auth_header_preview":"Bearer 160|kJdpaDrHOZ9nSgkeOYj...","is_bearer":true} 
[2026-04-09 05:47:36] local.INFO: Extracted bearer token {"token_preview":"160|kJdpaD...","token_length":52} 
[2026-04-09 05:47:36] local.INFO: Found personal access token {"token_id":160,"user_id":68,"revoked":null} 
[2026-04-09 05:47:36] local.INFO: User authenticated via bearer token {"user_id":68,"user_email":"freelancerzahedcreator@gmail.com"} 
[2026-04-09 05:47:36] local.INFO: Returning campaigns for user {"user_id":68,"campaign_count":0,"statuses":[]} 
[2026-04-09 05:48:06] local.INFO: ParseBearerToken middleware invoked {"path":"/api/v2/campaign","method":"GET","has_auth_header":true,"auth_header_preview":"Bearer 160|kJdpaDrHOZ9nSgkeOYj...","is_bearer":true} 
[2026-04-09 05:48:06] local.INFO: Extracted bearer token {"token_preview":"160|kJdpaD...","token_length":52} 
[2026-04-09 05:48:06] local.INFO: Found personal access token {"token_id":160,"user_id":68,"revoked":null} 
[2026-04-09 05:48:06] local.INFO: User authenticated via bearer token {"user_id":68,"user_email":"freelancerzahedcreator@gmail.com"} 
[2026-04-09 05:48:06] local.INFO: Returning campaigns for user {"user_id":68,"campaign_count":0,"statuses":[]} 
[2026-04-09 05:48:36] local.INFO: ParseBearerToken middleware invoked {"path":"/api/v2/campaign","method":"GET","has_auth_header":true,"auth_header_preview":"Bearer 160|kJdpaDrHOZ9nSgkeOYj...","is_bearer":true} 
[2026-04-09 05:48:36] local.INFO: Extracted bearer token {"token_preview":"160|kJdpaD...","token_length":52} 
[2026-04-09 05:48:36] local.INFO: Found personal access token {"token_id":160,"user_id":68,"revoked":null} 
[2026-04-09 05:48:36] local.INFO: User authenticated via bearer token {"user_id":68,"user_email":"freelancerzahedcreator@gmail.com"} 
[2026-04-09 05:48:36] local.INFO: Returning campaigns for user {"user_id":68,"campaign_count":0,"statuses":[]} 
[2026-04-09 05:49:06] local.INFO: ParseBearerToken middleware invoked {"path":"/api/v2/campaign","method":"GET","has_auth_header":true,"auth_header_preview":"Bearer 160|kJdpaDrHOZ9nSgkeOYj...","is_bearer":true} 
[2026-04-09 05:49:06] local.INFO: Extracted bearer token {"token_preview":"160|kJdpaD...","token_length":52} 
[2026-04-09 05:49:06] local.INFO: Found personal access token {"token_id":160,"user_id":68,"revoked":null} 
[2026-04-09 05:49:06] local.INFO: User authenticated via bearer token {"user_id":68,"user_email":"freelancerzahedcreator@gmail.com"} 
[2026-04-09 05:49:06] local.INFO: Returning campaigns for user {"user_id":68,"campaign_count":0,"statuses":[]} 
[2026-04-09 05:49:37] local.INFO: ParseBearerToken middleware invoked {"path":"/api/v2/campaign","method":"GET","has_auth_header":true,"auth_header_preview":"Bearer 160|kJdpaDrHOZ9nSgkeOYj...","is_bearer":true} 
[2026-04-09 05:49:37] local.INFO: Extracted bearer token {"token_preview":"160|kJdpaD...","token_length":52} 
[2026-04-09 05:49:37] local.INFO: Found personal access token {"token_id":160,"user_id":68,"revoked":null} 
[2026-04-09 05:49:37] local.INFO: User authenticated via bearer token {"user_id":68,"user_email":"freelancerzahedcreator@gmail.com"} 
[2026-04-09 05:49:37] local.INFO: Returning campaigns for user {"user_id":68,"campaign_count":0,"statuses":[]} 
[2026-04-09 05:50:07] local.INFO: ParseBearerToken middleware invoked {"path":"/api/v2/campaign","method":"GET","has_auth_header":true,"auth_header_preview":"Bearer 160|kJdpaDrHOZ9nSgkeOYj...","is_bearer":true} 
[2026-04-09 05:50:07] local.INFO: Extracted bearer token {"token_preview":"160|kJdpaD...","token_length":52} 
[2026-04-09 05:50:07] local.INFO: Found personal access token {"token_id":160,"user_id":68,"revoked":null} 
[2026-04-09 05:50:07] local.INFO: User authenticated via bearer token {"user_id":68,"user_email":"freelancerzahedcreator@gmail.com"} 
[2026-04-09 05:50:07] local.INFO: Returning campaigns for user {"user_id":68,"campaign_count":0,"statuses":[]} 
[2026-04-09 05:50:37] local.INFO: ParseBearerToken middleware invoked {"path":"/api/v2/campaign","method":"GET","has_auth_header":true,"auth_header_preview":"Bearer 160|kJdpaDrHOZ9nSgkeOYj...","is_bearer":true} 
[2026-04-09 05:50:37] local.INFO: Extracted bearer token {"token_preview":"160|kJdpaD...","token_length":52} 
[2026-04-09 05:50:37] local.INFO: Found personal access token {"token_id":160,"user_id":68,"revoked":null} 
[2026-04-09 05:50:37] local.INFO: User authenticated via bearer token {"user_id":68,"user_email":"freelancerzahedcreator@gmail.com"} 
[2026-04-09 05:50:37] local.INFO: Returning campaigns for user {"user_id":68,"campaign_count":0,"statuses":[]} 
[2026-04-09 05:51:07] local.INFO: ParseBearerToken middleware invoked {"path":"/api/v2/campaign","method":"GET","has_auth_header":true,"auth_header_preview":"Bearer 160|kJdpaDrHOZ9nSgkeOYj...","is_bearer":true} 
[2026-04-09 05:51:07] local.INFO: Extracted bearer token {"token_preview":"160|kJdpaD...","token_length":52} 
[2026-04-09 05:51:07] local.INFO: Found personal access token {"token_id":160,"user_id":68,"revoked":null} 
[2026-04-09 05:51:07] local.INFO: User authenticated via bearer token {"user_id":68,"user_email":"freelancerzahedcreator@gmail.com"} 
[2026-04-09 05:51:07] local.INFO: Returning campaigns for user {"user_id":68,"campaign_count":0,"statuses":[]} 
[2026-04-09 05:51:37] local.INFO: ParseBearerToken middleware invoked {"path":"/api/v2/campaign","method":"GET","has_auth_header":true,"auth_header_preview":"Bearer 160|kJdpaDrHOZ9nSgkeOYj...","is_bearer":true} 
[2026-04-09 05:51:37] local.INFO: Extracted bearer token {"token_preview":"160|kJdpaD...","token_length":52} 
[2026-04-09 05:51:37] local.INFO: Found personal access token {"token_id":160,"user_id":68,"revoked":null} 
[2026-04-09 05:51:37] local.INFO: User authenticated via bearer token {"user_id":68,"user_email":"freelancerzahedcreator@gmail.com"} 
[2026-04-09 05:51:37] local.INFO: Returning campaigns for user {"user_id":68,"campaign_count":0,"statuses":[]} 
[2026-04-09 05:52:07] local.INFO: ParseBearerToken middleware invoked {"path":"/api/v2/campaign","method":"GET","has_auth_header":true,"auth_header_preview":"Bearer 160|kJdpaDrHOZ9nSgkeOYj...","is_bearer":true} 
[2026-04-09 05:52:07] local.INFO: Extracted bearer token {"token_preview":"160|kJdpaD...","token_length":52} 
[2026-04-09 05:52:07] local.INFO: Found personal access token {"token_id":160,"user_id":68,"revoked":null} 
[2026-04-09 05:52:07] local.INFO: User authenticated via bearer token {"user_id":68,"user_email":"freelancerzahedcreator@gmail.com"} 
[2026-04-09 05:52:07] local.INFO: Returning campaigns for user {"user_id":68,"campaign_count":0,"statuses":[]} 
[2026-04-09 05:52:37] local.INFO: ParseBearerToken middleware invoked {"path":"/api/v2/campaign","method":"GET","has_auth_header":true,"auth_header_preview":"Bearer 160|kJdpaDrHOZ9nSgkeOYj...","is_bearer":true} 
[2026-04-09 05:52:37] local.INFO: Extracted bearer token {"token_preview":"160|kJdpaD...","token_length":52} 
[2026-04-09 05:52:37] local.INFO: Found personal access token {"token_id":160,"user_id":68,"revoked":null} 
[2026-04-09 05:52:37] local.INFO: User authenticated via bearer token {"user_id":68,"user_email":"freelancerzahedcreator@gmail.com"} 
[2026-04-09 05:52:37] local.INFO: Returning campaigns for user {"user_id":68,"campaign_count":0,"statuses":[]} 
[2026-04-09 05:53:07] local.INFO: ParseBearerToken middleware invoked {"path":"/api/v2/campaign","method":"GET","has_auth_header":true,"auth_header_preview":"Bearer 160|kJdpaDrHOZ9nSgkeOYj...","is_bearer":true} 
[2026-04-09 05:53:07] local.INFO: Extracted bearer token {"token_preview":"160|kJdpaD...","token_length":52} 
[2026-04-09 05:53:07] local.INFO: Found personal access token {"token_id":160,"user_id":68,"revoked":null} 
[2026-04-09 05:53:07] local.INFO: User authenticated via bearer token {"user_id":68,"user_email":"freelancerzahedcreator@gmail.com"} 
[2026-04-09 05:53:07] local.INFO: Returning campaigns for user {"user_id":68,"campaign_count":0,"statuses":[]} 
[2026-04-09 05:53:37] local.INFO: ParseBearerToken middleware invoked {"path":"/api/v2/campaign","method":"GET","has_auth_header":true,"auth_header_preview":"Bearer 160|kJdpaDrHOZ9nSgkeOYj...","is_bearer":true} 
[2026-04-09 05:53:37] local.INFO: Extracted bearer token {"token_preview":"160|kJdpaD...","token_length":52} 
[2026-04-09 05:53:37] local.INFO: Found personal access token {"token_id":160,"user_id":68,"revoked":null} 
[2026-04-09 05:53:37] local.INFO: User authenticated via bearer token {"user_id":68,"user_email":"freelancerzahedcreator@gmail.com"} 
[2026-04-09 05:53:37] local.INFO: Returning campaigns for user {"user_id":68,"campaign_count":0,"statuses":[]} 
[2026-04-09 05:54:07] local.INFO: ParseBearerToken middleware invoked {"path":"/api/v2/campaign","method":"GET","has_auth_header":true,"auth_header_preview":"Bearer 160|kJdpaDrHOZ9nSgkeOYj...","is_bearer":true} 
[2026-04-09 05:54:07] local.INFO: Extracted bearer token {"token_preview":"160|kJdpaD...","token_length":52} 
[2026-04-09 05:54:07] local.INFO: Found personal access token {"token_id":160,"user_id":68,"revoked":null} 
[2026-04-09 05:54:07] local.INFO: User authenticated via bearer token {"user_id":68,"user_email":"freelancerzahedcreator@gmail.com"} 
[2026-04-09 05:54:07] local.INFO: Returning campaigns for user {"user_id":68,"campaign_count":0,"statuses":[]} 
[2026-04-09 05:54:37] local.INFO: ParseBearerToken middleware invoked {"path":"/api/v2/campaign","method":"GET","has_auth_header":true,"auth_header_preview":"Bearer 160|kJdpaDrHOZ9nSgkeOYj...","is_bearer":true} 
[2026-04-09 05:54:37] local.INFO: Extracted bearer token {"token_preview":"160|kJdpaD...","token_length":52} 
[2026-04-09 05:54:37] local.INFO: Found personal access token {"token_id":160,"user_id":68,"revoked":null} 
[2026-04-09 05:54:37] local.INFO: User authenticated via bearer token {"user_id":68,"user_email":"freelancerzahedcreator@gmail.com"} 
[2026-04-09 05:54:37] local.INFO: Returning campaigns for user {"user_id":68,"campaign_count":0,"statuses":[]} 
[2026-04-09 05:55:07] local.INFO: ParseBearerToken middleware invoked {"path":"/api/v2/campaign","method":"GET","has_auth_header":true,"auth_header_preview":"Bearer 160|kJdpaDrHOZ9nSgkeOYj...","is_bearer":true} 
[2026-04-09 05:55:07] local.INFO: Extracted bearer token {"token_preview":"160|kJdpaD...","token_length":52} 
[2026-04-09 05:55:07] local.INFO: Found personal access token {"token_id":160,"user_id":68,"revoked":null} 
[2026-04-09 05:55:07] local.INFO: User authenticated via bearer token {"user_id":68,"user_email":"freelancerzahedcreator@gmail.com"} 
[2026-04-09 05:55:07] local.INFO: Returning campaigns for user {"user_id":68,"campaign_count":0,"statuses":[]} 
[2026-04-09 05:55:37] local.INFO: ParseBearerToken middleware invoked {"path":"/api/v2/campaign","method":"GET","has_auth_header":true,"auth_header_preview":"Bearer 160|kJdpaDrHOZ9nSgkeOYj...","is_bearer":true} 
[2026-04-09 05:55:37] local.INFO: Extracted bearer token {"token_preview":"160|kJdpaD...","token_length":52} 
[2026-04-09 05:55:37] local.INFO: Found personal access token {"token_id":160,"user_id":68,"revoked":null} 
[2026-04-09 05:55:37] local.INFO: User authenticated via bearer token {"user_id":68,"user_email":"freelancerzahedcreator@gmail.com"} 
[2026-04-09 05:55:37] local.INFO: Returning campaigns for user {"user_id":68,"campaign_count":0,"statuses":[]} 
[2026-04-09 05:56:07] local.INFO: ParseBearerToken middleware invoked {"path":"/api/v2/campaign","method":"GET","has_auth_header":true,"auth_header_preview":"Bearer 160|kJdpaDrHOZ9nSgkeOYj...","is_bearer":true} 
[2026-04-09 05:56:07] local.INFO: Extracted bearer token {"token_preview":"160|kJdpaD...","token_length":52} 
[2026-04-09 05:56:07] local.INFO: Found personal access token {"token_id":160,"user_id":68,"revoked":null} 
[2026-04-09 05:56:07] local.INFO: User authenticated via bearer token {"user_id":68,"user_email":"freelancerzahedcreator@gmail.com"} 
[2026-04-09 05:56:07] local.INFO: Returning campaigns for user {"user_id":68,"campaign_count":0,"statuses":[]} 
[2026-04-09 05:56:37] local.INFO: ParseBearerToken middleware invoked {"path":"/api/v2/campaign","method":"GET","has_auth_header":true,"auth_header_preview":"Bearer 160|kJdpaDrHOZ9nSgkeOYj...","is_bearer":true} 
[2026-04-09 05:56:37] local.INFO: Extracted bearer token {"token_preview":"160|kJdpaD...","token_length":52} 
[2026-04-09 05:56:37] local.INFO: Found personal access token {"token_id":160,"user_id":68,"revoked":null} 
[2026-04-09 05:56:37] local.INFO: User authenticated via bearer token {"user_id":68,"user_email":"freelancerzahedcreator@gmail.com"} 
[2026-04-09 05:56:37] local.INFO: Returning campaigns for user {"user_id":68,"campaign_count":0,"statuses":[]} 
[2026-04-09 05:57:07] local.INFO: ParseBearerToken middleware invoked {"path":"/api/v2/campaign","method":"GET","has_auth_header":true,"auth_header_preview":"Bearer 160|kJdpaDrHOZ9nSgkeOYj...","is_bearer":true} 
[2026-04-09 05:57:07] local.INFO: Extracted bearer token {"token_preview":"160|kJdpaD...","token_length":52} 
[2026-04-09 05:57:07] local.INFO: Found personal access token {"token_id":160,"user_id":68,"revoked":null} 
[2026-04-09 05:57:07] local.INFO: User authenticated via bearer token {"user_id":68,"user_email":"freelancerzahedcreator@gmail.com"} 
[2026-04-09 05:57:07] local.INFO: Returning campaigns for user {"user_id":68,"campaign_count":0,"statuses":[]} 
[2026-04-09 05:57:37] local.INFO: ParseBearerToken middleware invoked {"path":"/api/v2/campaign","method":"GET","has_auth_header":true,"auth_header_preview":"Bearer 160|kJdpaDrHOZ9nSgkeOYj...","is_bearer":true} 
[2026-04-09 05:57:37] local.INFO: Extracted bearer token {"token_preview":"160|kJdpaD...","token_length":52} 
[2026-04-09 05:57:37] local.INFO: Found personal access token {"token_id":160,"user_id":68,"revoked":null} 
[2026-04-09 05:57:37] local.INFO: User authenticated via bearer token {"user_id":68,"user_email":"freelancerzahedcreator@gmail.com"} 
[2026-04-09 05:57:37] local.INFO: Returning campaigns for user {"user_id":68,"campaign_count":0,"statuses":[]} 
[2026-04-09 05:58:07] local.INFO: ParseBearerToken middleware invoked {"path":"/api/v2/campaign","method":"GET","has_auth_header":true,"auth_header_preview":"Bearer 160|kJdpaDrHOZ9nSgkeOYj...","is_bearer":true} 
[2026-04-09 05:58:07] local.INFO: Extracted bearer token {"token_preview":"160|kJdpaD...","token_length":52} 
[2026-04-09 05:58:07] local.INFO: Found personal access token {"token_id":160,"user_id":68,"revoked":null} 
[2026-04-09 05:58:07] local.INFO: User authenticated via bearer token {"user_id":68,"user_email":"freelancerzahedcreator@gmail.com"} 
[2026-04-09 05:58:07] local.INFO: Returning campaigns for user {"user_id":68,"campaign_count":0,"statuses":[]} 
[2026-04-09 05:58:37] local.INFO: ParseBearerToken middleware invoked {"path":"/api/v2/campaign","method":"GET","has_auth_header":true,"auth_header_preview":"Bearer 160|kJdpaDrHOZ9nSgkeOYj...","is_bearer":true} 
[2026-04-09 05:58:37] local.INFO: Extracted bearer token {"token_preview":"160|kJdpaD...","token_length":52} 
[2026-04-09 05:58:37] local.INFO: Found personal access token {"token_id":160,"user_id":68,"revoked":null} 
[2026-04-09 05:58:37] local.INFO: User authenticated via bearer token {"user_id":68,"user_email":"freelancerzahedcreator@gmail.com"} 
[2026-04-09 05:58:37] local.INFO: Returning campaigns for user {"user_id":68,"campaign_count":0,"statuses":[]} 
[2026-04-09 15:30:14] local.INFO: ParseBearerToken middleware invoked {"path":"/api/v2/campaign","method":"GET","has_auth_header":true,"auth_header_preview":"Bearer 160|kJdpaDrHOZ9nSgkeOYj...","is_bearer":true} 
[2026-04-09 15:30:14] local.INFO: Extracted bearer token {"token_preview":"160|kJdpaD...","token_length":52} 
[2026-04-09 15:30:14] local.INFO: Found personal access token {"token_id":160,"user_id":68,"revoked":null} 
[2026-04-09 15:30:14] local.INFO: User authenticated via bearer token {"user_id":68,"user_email":"freelancerzahedcreator@gmail.com"} 
[2026-04-09 15:30:14] local.INFO: Returning campaigns for user {"user_id":68,"campaign_count":0,"statuses":[]} 
[2026-04-09 15:30:32] local.INFO: ParseBearerToken middleware invoked {"path":"/api/v2/campaign","method":"GET","has_auth_header":true,"auth_header_preview":"Bearer 160|kJdpaDrHOZ9nSgkeOYj...","is_bearer":true} 
[2026-04-09 15:30:32] local.INFO: Extracted bearer token {"token_preview":"160|kJdpaD...","token_length":52} 
[2026-04-09 15:30:32] local.INFO: Found personal access token {"token_id":160,"user_id":68,"revoked":null} 
[2026-04-09 15:30:32] local.INFO: User authenticated via bearer token {"user_id":68,"user_email":"freelancerzahedcreator@gmail.com"} 
[2026-04-09 15:30:32] local.INFO: Returning campaigns for user {"user_id":68,"campaign_count":0,"statuses":[]} 
[2026-04-09 15:30:58] local.INFO: ParseBearerToken middleware invoked {"path":"/api/v2/campaign","method":"GET","has_auth_header":true,"auth_header_preview":"Bearer 160|kJdpaDrHOZ9nSgkeOYj...","is_bearer":true} 
[2026-04-09 15:30:58] local.INFO: Extracted bearer token {"token_preview":"160|kJdpaD...","token_length":52} 
[2026-04-09 15:30:58] local.INFO: Found personal access token {"token_id":160,"user_id":68,"revoked":null} 
[2026-04-09 15:30:58] local.INFO: User authenticated via bearer token {"user_id":68,"user_email":"freelancerzahedcreator@gmail.com"} 
[2026-04-09 15:30:58] local.INFO: Returning campaigns for user {"user_id":68,"campaign_count":0,"statuses":[]} 
[2026-04-09 15:31:29] local.INFO: ParseBearerToken middleware invoked {"path":"/api/v2/campaign","method":"GET","has_auth_header":true,"auth_header_preview":"Bearer 160|kJdpaDrHOZ9nSgkeOYj...","is_bearer":true} 
[2026-04-09 15:31:29] local.INFO: Extracted bearer token {"token_preview":"160|kJdpaD...","token_length":52} 
[2026-04-09 15:31:29] local.INFO: Found personal access token {"token_id":160,"user_id":68,"revoked":null} 
[2026-04-09 15:31:29] local.INFO: User authenticated via bearer token {"user_id":68,"user_email":"freelancerzahedcreator@gmail.com"} 
[2026-04-09 15:31:29] local.INFO: Returning campaigns for user {"user_id":68,"campaign_count":0,"statuses":[]} 
[2026-04-09 15:31:58] local.INFO: ParseBearerToken middleware invoked {"path":"/api/v2/campaign","method":"GET","has_auth_header":true,"auth_header_preview":"Bearer 160|kJdpaDrHOZ9nSgkeOYj...","is_bearer":true} 
[2026-04-09 15:31:58] local.INFO: Extracted bearer token {"token_preview":"160|kJdpaD...","token_length":52} 
[2026-04-09 15:31:58] local.INFO: Found personal access token {"token_id":160,"user_id":68,"revoked":null} 
[2026-04-09 15:31:58] local.INFO: User authenticated via bearer token {"user_id":68,"user_email":"freelancerzahedcreator@gmail.com"} 
[2026-04-09 15:31:58] local.INFO: Returning campaigns for user {"user_id":68,"campaign_count":0,"statuses":[]} 
[2026-04-09 15:32:29] local.INFO: ParseBearerToken middleware invoked {"path":"/api/v2/campaign","method":"GET","has_auth_header":true,"auth_header_preview":"Bearer 160|kJdpaDrHOZ9nSgkeOYj...","is_bearer":true} 
[2026-04-09 15:32:29] local.INFO: Extracted bearer token {"token_preview":"160|kJdpaD...","token_length":52} 
[2026-04-09 15:32:29] local.INFO: Found personal access token {"token_id":160,"user_id":68,"revoked":null} 
[2026-04-09 15:32:29] local.INFO: User authenticated via bearer token {"user_id":68,"user_email":"freelancerzahedcreator@gmail.com"} 
[2026-04-09 15:32:29] local.INFO: Returning campaigns for user {"user_id":68,"campaign_count":0,"statuses":[]} 
[2026-04-09 15:32:58] local.INFO: ParseBearerToken middleware invoked {"path":"/api/v2/campaign","method":"GET","has_auth_header":true,"auth_header_preview":"Bearer 160|kJdpaDrHOZ9nSgkeOYj...","is_bearer":true} 
[2026-04-09 15:32:58] local.INFO: Extracted bearer token {"token_preview":"160|kJdpaD...","token_length":52} 
[2026-04-09 15:32:58] local.INFO: Found personal access token {"token_id":160,"user_id":68,"revoked":null} 
[2026-04-09 15:32:58] local.INFO: User authenticated via bearer token {"user_id":68,"user_email":"freelancerzahedcreator@gmail.com"} 
[2026-04-09 15:32:58] local.INFO: Returning campaigns for user {"user_id":68,"campaign_count":0,"statuses":[]} 
[2026-04-09 15:33:28] local.INFO: ParseBearerToken middleware invoked {"path":"/api/v2/campaign","method":"GET","has_auth_header":true,"auth_header_preview":"Bearer 160|kJdpaDrHOZ9nSgkeOYj...","is_bearer":true} 
[2026-04-09 15:33:28] local.INFO: Extracted bearer token {"token_preview":"160|kJdpaD...","token_length":52} 
[2026-04-09 15:33:28] local.INFO: Found personal access token {"token_id":160,"user_id":68,"revoked":null} 
[2026-04-09 15:33:28] local.INFO: User authenticated via bearer token {"user_id":68,"user_email":"freelancerzahedcreator@gmail.com"} 
[2026-04-09 15:33:28] local.INFO: Returning campaigns for user {"user_id":68,"campaign_count":0,"statuses":[]} 
[2026-04-09 15:33:58] local.INFO: ParseBearerToken middleware invoked {"path":"/api/v2/campaign","method":"GET","has_auth_header":true,"auth_header_preview":"Bearer 160|kJdpaDrHOZ9nSgkeOYj...","is_bearer":true} 
[2026-04-09 15:33:58] local.INFO: Extracted bearer token {"token_preview":"160|kJdpaD...","token_length":52} 
[2026-04-09 15:33:58] local.INFO: Found personal access token {"token_id":160,"user_id":68,"revoked":null} 
[2026-04-09 15:33:58] local.INFO: User authenticated via bearer token {"user_id":68,"user_email":"freelancerzahedcreator@gmail.com"} 
[2026-04-09 15:33:58] local.INFO: Returning campaigns for user {"user_id":68,"campaign_count":0,"statuses":[]} 
[2026-04-09 15:34:28] local.INFO: ParseBearerToken middleware invoked {"path":"/api/v2/campaign","method":"GET","has_auth_header":true,"auth_header_preview":"Bearer 160|kJdpaDrHOZ9nSgkeOYj...","is_bearer":true} 
[2026-04-09 15:34:28] local.INFO: Extracted bearer token {"token_preview":"160|kJdpaD...","token_length":52} 
[2026-04-09 15:34:28] local.INFO: Found personal access token {"token_id":160,"user_id":68,"revoked":null} 
[2026-04-09 15:34:28] local.INFO: User authenticated via bearer token {"user_id":68,"user_email":"freelancerzahedcreator@gmail.com"} 
[2026-04-09 15:34:28] local.INFO: Returning campaigns for user {"user_id":68,"campaign_count":0,"statuses":[]} 
[2026-04-09 15:34:58] local.INFO: ParseBearerToken middleware invoked {"path":"/api/v2/campaign","method":"GET","has_auth_header":true,"auth_header_preview":"Bearer 160|kJdpaDrHOZ9nSgkeOYj...","is_bearer":true} 
[2026-04-09 15:34:58] local.INFO: Extracted bearer token {"token_preview":"160|kJdpaD...","token_length":52} 
[2026-04-09 15:34:58] local.INFO: Found personal access token {"token_id":160,"user_id":68,"revoked":null} 
[2026-04-09 15:34:58] local.INFO: User authenticated via bearer token {"user_id":68,"user_email":"freelancerzahedcreator@gmail.com"} 
[2026-04-09 15:34:58] local.INFO: Returning campaigns for user {"user_id":68,"campaign_count":0,"statuses":[]} 
[2026-04-09 15:35:28] local.INFO: ParseBearerToken middleware invoked {"path":"/api/v2/campaign","method":"GET","has_auth_header":true,"auth_header_preview":"Bearer 160|kJdpaDrHOZ9nSgkeOYj...","is_bearer":true} 
[2026-04-09 15:35:28] local.INFO: Extracted bearer token {"token_preview":"160|kJdpaD...","token_length":52} 
[2026-04-09 15:35:28] local.INFO: Found personal access token {"token_id":160,"user_id":68,"revoked":null} 
[2026-04-09 15:35:28] local.INFO: User authenticated via bearer token {"user_id":68,"user_email":"freelancerzahedcreator@gmail.com"} 
[2026-04-09 15:35:28] local.INFO: Returning campaigns for user {"user_id":68,"campaign_count":0,"statuses":[]} 
[2026-04-09 15:35:58] local.INFO: ParseBearerToken middleware invoked {"path":"/api/v2/campaign","method":"GET","has_auth_header":true,"auth_header_preview":"Bearer 160|kJdpaDrHOZ9nSgkeOYj...","is_bearer":true} 
[2026-04-09 15:35:58] local.INFO: Extracted bearer token {"token_preview":"160|kJdpaD...","token_length":52} 
[2026-04-09 15:35:58] local.INFO: Found personal access token {"token_id":160,"user_id":68,"revoked":null} 
[2026-04-09 15:35:58] local.INFO: User authenticated via bearer token {"user_id":68,"user_email":"freelancerzahedcreator@gmail.com"} 
[2026-04-09 15:35:58] local.INFO: Returning campaigns for user {"user_id":68,"campaign_count":0,"statuses":[]} 
[2026-04-09 15:36:28] local.INFO: ParseBearerToken middleware invoked {"path":"/api/v2/campaign","method":"GET","has_auth_header":true,"auth_header_preview":"Bearer 160|kJdpaDrHOZ9nSgkeOYj...","is_bearer":true} 
[2026-04-09 15:36:28] local.INFO: Extracted bearer token {"token_preview":"160|kJdpaD...","token_length":52} 
[2026-04-09 15:36:28] local.INFO: Found personal access token {"token_id":160,"user_id":68,"revoked":null} 
[2026-04-09 15:36:28] local.INFO: User authenticated via bearer token {"user_id":68,"user_email":"freelancerzahedcreator@gmail.com"} 
[2026-04-09 15:36:28] local.INFO: Returning campaigns for user {"user_id":68,"campaign_count":0,"statuses":[]} 
[2026-04-09 15:36:58] local.INFO: ParseBearerToken middleware invoked {"path":"/api/v2/campaign","method":"GET","has_auth_header":true,"auth_header_preview":"Bearer 160|kJdpaDrHOZ9nSgkeOYj...","is_bearer":true} 
[2026-04-09 15:36:58] local.INFO: Extracted bearer token {"token_preview":"160|kJdpaD...","token_length":52} 
[2026-04-09 15:36:58] local.INFO: Found personal access token {"token_id":160,"user_id":68,"revoked":null} 
[2026-04-09 15:36:58] local.INFO: User authenticated via bearer token {"user_id":68,"user_email":"freelancerzahedcreator@gmail.com"} 
[2026-04-09 15:36:58] local.INFO: Returning campaigns for user {"user_id":68,"campaign_count":0,"statuses":[]} 
[2026-04-09 15:37:28] local.INFO: ParseBearerToken middleware invoked {"path":"/api/v2/campaign","method":"GET","has_auth_header":true,"auth_header_preview":"Bearer 160|kJdpaDrHOZ9nSgkeOYj...","is_bearer":true} 
[2026-04-09 15:37:28] local.INFO: Extracted bearer token {"token_preview":"160|kJdpaD...","token_length":52} 
[2026-04-09 15:37:28] local.INFO: Found personal access token {"token_id":160,"user_id":68,"revoked":null} 
[2026-04-09 15:37:28] local.INFO: User authenticated via bearer token {"user_id":68,"user_email":"freelancerzahedcreator@gmail.com"} 
[2026-04-09 15:37:28] local.INFO: Returning campaigns for user {"user_id":68,"campaign_count":0,"statuses":[]} 
[2026-04-09 15:37:58] local.INFO: ParseBearerToken middleware invoked {"path":"/api/v2/campaign","method":"GET","has_auth_header":true,"auth_header_preview":"Bearer 160|kJdpaDrHOZ9nSgkeOYj...","is_bearer":true} 
[2026-04-09 15:37:58] local.INFO: Extracted bearer token {"token_preview":"160|kJdpaD...","token_length":52} 
[2026-04-09 15:37:58] local.INFO: Found personal access token {"token_id":160,"user_id":68,"revoked":null} 
[2026-04-09 15:37:58] local.INFO: User authenticated via bearer token {"user_id":68,"user_email":"freelancerzahedcreator@gmail.com"} 
[2026-04-09 15:37:58] local.INFO: Returning campaigns for user {"user_id":68,"campaign_count":0,"statuses":[]} 
[2026-04-09 15:38:28] local.INFO: ParseBearerToken middleware invoked {"path":"/api/v2/campaign","method":"GET","has_auth_header":true,"auth_header_preview":"Bearer 160|kJdpaDrHOZ9nSgkeOYj...","is_bearer":true} 
[2026-04-09 15:38:28] local.INFO: Extracted bearer token {"token_preview":"160|kJdpaD...","token_length":52} 
[2026-04-09 15:38:28] local.INFO: Found personal access token {"token_id":160,"user_id":68,"revoked":null} 
[2026-04-09 15:38:28] local.INFO: User authenticated via bearer token {"user_id":68,"user_email":"freelancerzahedcreator@gmail.com"} 
[2026-04-09 15:38:28] local.INFO: Returning campaigns for user {"user_id":68,"campaign_count":0,"statuses":[]} 
[2026-04-09 15:38:58] local.INFO: ParseBearerToken middleware invoked {"path":"/api/v2/campaign","method":"GET","has_auth_header":true,"auth_header_preview":"Bearer 160|kJdpaDrHOZ9nSgkeOYj...","is_bearer":true} 
[2026-04-09 15:38:58] local.INFO: Extracted bearer token {"token_preview":"160|kJdpaD...","token_length":52} 
[2026-04-09 15:38:58] local.INFO: Found personal access token {"token_id":160,"user_id":68,"revoked":null} 
[2026-04-09 15:38:58] local.INFO: User authenticated via bearer token {"user_id":68,"user_email":"freelancerzahedcreator@gmail.com"} 
[2026-04-09 15:38:58] local.INFO: Returning campaigns for user {"user_id":68,"campaign_count":0,"statuses":[]} 
[2026-04-09 15:39:28] local.INFO: ParseBearerToken middleware invoked {"path":"/api/v2/campaign","method":"GET","has_auth_header":true,"auth_header_preview":"Bearer 160|kJdpaDrHOZ9nSgkeOYj...","is_bearer":true} 
[2026-04-09 15:39:28] local.INFO: Extracted bearer token {"token_preview":"160|kJdpaD...","token_length":52} 
[2026-04-09 15:39:28] local.INFO: Found personal access token {"token_id":160,"user_id":68,"revoked":null} 
[2026-04-09 15:39:28] local.INFO: User authenticated via bearer token {"user_id":68,"user_email":"freelancerzahedcreator@gmail.com"} 
[2026-04-09 15:39:28] local.INFO: Returning campaigns for user {"user_id":68,"campaign_count":0,"statuses":[]} 
[2026-04-09 15:39:58] local.INFO: ParseBearerToken middleware invoked {"path":"/api/v2/campaign","method":"GET","has_auth_header":true,"auth_header_preview":"Bearer 160|kJdpaDrHOZ9nSgkeOYj...","is_bearer":true} 
[2026-04-09 15:39:58] local.INFO: Extracted bearer token {"token_preview":"160|kJdpaD...","token_length":52} 
[2026-04-09 15:39:58] local.INFO: Found personal access token {"token_id":160,"user_id":68,"revoked":null} 
[2026-04-09 15:39:58] local.INFO: User authenticated via bearer token {"user_id":68,"user_email":"freelancerzahedcreator@gmail.com"} 
[2026-04-09 15:39:58] local.INFO: Returning campaigns for user {"user_id":68,"campaign_count":0,"statuses":[]} 
[2026-04-09 15:40:28] local.INFO: ParseBearerToken middleware invoked {"path":"/api/v2/campaign","method":"GET","has_auth_header":true,"auth_header_preview":"Bearer 160|kJdpaDrHOZ9nSgkeOYj...","is_bearer":true} 
[2026-04-09 15:40:28] local.INFO: Extracted bearer token {"token_preview":"160|kJdpaD...","token_length":52} 
[2026-04-09 15:40:28] local.INFO: Found personal access token {"token_id":160,"user_id":68,"revoked":null} 
[2026-04-09 15:40:28] local.INFO: User authenticated via bearer token {"user_id":68,"user_email":"freelancerzahedcreator@gmail.com"} 
[2026-04-09 15:40:28] local.INFO: Returning campaigns for user {"user_id":68,"campaign_count":0,"statuses":[]} 
[2026-04-09 15:40:58] local.INFO: ParseBearerToken middleware invoked {"path":"/api/v2/campaign","method":"GET","has_auth_header":true,"auth_header_preview":"Bearer 160|kJdpaDrHOZ9nSgkeOYj...","is_bearer":true} 
[2026-04-09 15:40:58] local.INFO: Extracted bearer token {"token_preview":"160|kJdpaD...","token_length":52} 
[2026-04-09 15:40:58] local.INFO: Found personal access token {"token_id":160,"user_id":68,"revoked":null} 
[2026-04-09 15:40:58] local.INFO: User authenticated via bearer token {"user_id":68,"user_email":"freelancerzahedcreator@gmail.com"} 
[2026-04-09 15:40:58] local.INFO: Returning campaigns for user {"user_id":68,"campaign_count":0,"statuses":[]} 
[2026-04-09 15:41:28] local.INFO: ParseBearerToken middleware invoked {"path":"/api/v2/campaign","method":"GET","has_auth_header":true,"auth_header_preview":"Bearer 160|kJdpaDrHOZ9nSgkeOYj...","is_bearer":true} 
[2026-04-09 15:41:28] local.INFO: Extracted bearer token {"token_preview":"160|kJdpaD...","token_length":52} 
[2026-04-09 15:41:28] local.INFO: Found personal access token {"token_id":160,"user_id":68,"revoked":null} 
[2026-04-09 15:41:28] local.INFO: User authenticated via bearer token {"user_id":68,"user_email":"freelancerzahedcreator@gmail.com"} 
[2026-04-09 15:41:28] local.INFO: Returning campaigns for user {"user_id":68,"campaign_count":0,"statuses":[]} 
[2026-04-09 15:41:58] local.INFO: ParseBearerToken middleware invoked {"path":"/api/v2/campaign","method":"GET","has_auth_header":true,"auth_header_preview":"Bearer 160|kJdpaDrHOZ9nSgkeOYj...","is_bearer":true} 
[2026-04-09 15:41:58] local.INFO: Extracted bearer token {"token_preview":"160|kJdpaD...","token_length":52} 
[2026-04-09 15:41:58] local.INFO: Found personal access token {"token_id":160,"user_id":68,"revoked":null} 
[2026-04-09 15:41:58] local.INFO: User authenticated via bearer token {"user_id":68,"user_email":"freelancerzahedcreator@gmail.com"} 
[2026-04-09 15:41:58] local.INFO: Returning campaigns for user {"user_id":68,"campaign_count":0,"statuses":[]} 
[2026-04-09 15:42:28] local.INFO: ParseBearerToken middleware invoked {"path":"/api/v2/campaign","method":"GET","has_auth_header":true,"auth_header_preview":"Bearer 160|kJdpaDrHOZ9nSgkeOYj...","is_bearer":true} 
[2026-04-09 15:42:28] local.INFO: Extracted bearer token {"token_preview":"160|kJdpaD...","token_length":52} 
[2026-04-09 15:42:28] local.INFO: Found personal access token {"token_id":160,"user_id":68,"revoked":null} 
[2026-04-09 15:42:28] local.INFO: User authenticated via bearer token {"user_id":68,"user_email":"freelancerzahedcreator@gmail.com"} 
[2026-04-09 15:42:28] local.INFO: Returning campaigns for user {"user_id":68,"campaign_count":0,"statuses":[]} 
[2026-04-09 15:42:58] local.INFO: ParseBearerToken middleware invoked {"path":"/api/v2/campaign","method":"GET","has_auth_header":true,"auth_header_preview":"Bearer 160|kJdpaDrHOZ9nSgkeOYj...","is_bearer":true} 
[2026-04-09 15:42:58] local.INFO: Extracted bearer token {"token_preview":"160|kJdpaD...","token_length":52} 
[2026-04-09 15:42:58] local.INFO: Found personal access token {"token_id":160,"user_id":68,"revoked":null} 
[2026-04-09 15:42:58] local.INFO: User authenticated via bearer token {"user_id":68,"user_email":"freelancerzahedcreator@gmail.com"} 
[2026-04-09 15:42:58] local.INFO: Returning campaigns for user {"user_id":68,"campaign_count":0,"statuses":[]} 
[2026-04-09 15:43:28] local.INFO: ParseBearerToken middleware invoked {"path":"/api/v2/campaign","method":"GET","has_auth_header":true,"auth_header_preview":"Bearer 160|kJdpaDrHOZ9nSgkeOYj...","is_bearer":true} 
[2026-04-09 15:43:28] local.INFO: Extracted bearer token {"token_preview":"160|kJdpaD...","token_length":52} 
[2026-04-09 15:43:28] local.INFO: Found personal access token {"token_id":160,"user_id":68,"revoked":null} 
[2026-04-09 15:43:28] local.INFO: User authenticated via bearer token {"user_id":68,"user_email":"freelancerzahedcreator@gmail.com"} 
[2026-04-09 15:43:28] local.INFO: Returning campaigns for user {"user_id":68,"campaign_count":0,"statuses":[]} 
[2026-04-09 15:43:58] local.INFO: ParseBearerToken middleware invoked {"path":"/api/v2/campaign","method":"GET","has_auth_header":true,"auth_header_preview":"Bearer 160|kJdpaDrHOZ9nSgkeOYj...","is_bearer":true} 
[2026-04-09 15:43:58] local.INFO: Extracted bearer token {"token_preview":"160|kJdpaD...","token_length":52} 
[2026-04-09 15:43:58] local.INFO: Found personal access token {"token_id":160,"user_id":68,"revoked":null} 
[2026-04-09 15:43:58] local.INFO: User authenticated via bearer token {"user_id":68,"user_email":"freelancerzahedcreator@gmail.com"} 
[2026-04-09 15:43:58] local.INFO: Returning campaigns for user {"user_id":68,"campaign_count":0,"statuses":[]} 
[2026-04-09 15:44:28] local.INFO: ParseBearerToken middleware invoked {"path":"/api/v2/campaign","method":"GET","has_auth_header":true,"auth_header_preview":"Bearer 160|kJdpaDrHOZ9nSgkeOYj...","is_bearer":true} 
[2026-04-09 15:44:28] local.INFO: Extracted bearer token {"token_preview":"160|kJdpaD...","token_length":52} 
[2026-04-09 15:44:28] local.INFO: Found personal access token {"token_id":160,"user_id":68,"revoked":null} 
[2026-04-09 15:44:28] local.INFO: User authenticated via bearer token {"user_id":68,"user_email":"freelancerzahedcreator@gmail.com"} 
[2026-04-09 15:44:28] local.INFO: Returning campaigns for user {"user_id":68,"campaign_count":0,"statuses":[]} 
[2026-04-09 15:44:58] local.INFO: ParseBearerToken middleware invoked {"path":"/api/v2/campaign","method":"GET","has_auth_header":true,"auth_header_preview":"Bearer 160|kJdpaDrHOZ9nSgkeOYj...","is_bearer":true} 
[2026-04-09 15:44:58] local.INFO: Extracted bearer token {"token_preview":"160|kJdpaD...","token_length":52} 
[2026-04-09 15:44:58] local.INFO: Found personal access token {"token_id":160,"user_id":68,"revoked":null} 
[2026-04-09 15:44:58] local.INFO: User authenticated via bearer token {"user_id":68,"user_email":"freelancerzahedcreator@gmail.com"} 
[2026-04-09 15:44:58] local.INFO: Returning campaigns for user {"user_id":68,"campaign_count":0,"statuses":[]} 
[2026-04-09 15:45:28] local.INFO: ParseBearerToken middleware invoked {"path":"/api/v2/campaign","method":"GET","has_auth_header":true,"auth_header_preview":"Bearer 160|kJdpaDrHOZ9nSgkeOYj...","is_bearer":true} 
[2026-04-09 15:45:28] local.INFO: Extracted bearer token {"token_preview":"160|kJdpaD...","token_length":52} 
[2026-04-09 15:45:28] local.INFO: Found personal access token {"token_id":160,"user_id":68,"revoked":null} 
[2026-04-09 15:45:28] local.INFO: User authenticated via bearer token {"user_id":68,"user_email":"freelancerzahedcreator@gmail.com"} 
[2026-04-09 15:45:28] local.INFO: Returning campaigns for user {"user_id":68,"campaign_count":0,"statuses":[]} 
[2026-04-09 15:45:58] local.INFO: ParseBearerToken middleware invoked {"path":"/api/v2/campaign","method":"GET","has_auth_header":true,"auth_header_preview":"Bearer 160|kJdpaDrHOZ9nSgkeOYj...","is_bearer":true} 
[2026-04-09 15:45:58] local.INFO: Extracted bearer token {"token_preview":"160|kJdpaD...","token_length":52} 
[2026-04-09 15:45:58] local.INFO: Found personal access token {"token_id":160,"user_id":68,"revoked":null} 
[2026-04-09 15:45:58] local.INFO: User authenticated via bearer token {"user_id":68,"user_email":"freelancerzahedcreator@gmail.com"} 
[2026-04-09 15:45:58] local.INFO: Returning campaigns for user {"user_id":68,"campaign_count":0,"statuses":[]} 
[2026-04-09 15:46:28] local.INFO: ParseBearerToken middleware invoked {"path":"/api/v2/campaign","method":"GET","has_auth_header":true,"auth_header_preview":"Bearer 160|kJdpaDrHOZ9nSgkeOYj...","is_bearer":true} 
[2026-04-09 15:46:28] local.INFO: Extracted bearer token {"token_preview":"160|kJdpaD...","token_length":52} 
[2026-04-09 15:46:28] local.INFO: Found personal access token {"token_id":160,"user_id":68,"revoked":null} 
[2026-04-09 15:46:28] local.INFO: User authenticated via bearer token {"user_id":68,"user_email":"freelancerzahedcreator@gmail.com"} 
[2026-04-09 15:46:28] local.INFO: Returning campaigns for user {"user_id":68,"campaign_count":0,"statuses":[]} 
[2026-04-09 15:46:58] local.INFO: ParseBearerToken middleware invoked {"path":"/api/v2/campaign","method":"GET","has_auth_header":true,"auth_header_preview":"Bearer 160|kJdpaDrHOZ9nSgkeOYj...","is_bearer":true} 
[2026-04-09 15:46:58] local.INFO: Extracted bearer token {"token_preview":"160|kJdpaD...","token_length":52} 
[2026-04-09 15:46:58] local.INFO: Found personal access token {"token_id":160,"user_id":68,"revoked":null} 
[2026-04-09 15:46:58] local.INFO: User authenticated via bearer token {"user_id":68,"user_email":"freelancerzahedcreator@gmail.com"} 
[2026-04-09 15:46:58] local.INFO: Returning campaigns for user {"user_id":68,"campaign_count":0,"statuses":[]} 
[2026-04-09 15:47:28] local.INFO: ParseBearerToken middleware invoked {"path":"/api/v2/campaign","method":"GET","has_auth_header":true,"auth_header_preview":"Bearer 160|kJdpaDrHOZ9nSgkeOYj...","is_bearer":true} 
[2026-04-09 15:47:28] local.INFO: Extracted bearer token {"token_preview":"160|kJdpaD...","token_length":52} 
[2026-04-09 15:47:28] local.INFO: Found personal access token {"token_id":160,"user_id":68,"revoked":null} 
[2026-04-09 15:47:28] local.INFO: User authenticated via bearer token {"user_id":68,"user_email":"freelancerzahedcreator@gmail.com"} 
[2026-04-09 15:47:28] local.INFO: Returning campaigns for user {"user_id":68,"campaign_count":0,"statuses":[]} 
[2026-04-09 15:47:58] local.INFO: ParseBearerToken middleware invoked {"path":"/api/v2/campaign","method":"GET","has_auth_header":true,"auth_header_preview":"Bearer 160|kJdpaDrHOZ9nSgkeOYj...","is_bearer":true} 
[2026-04-09 15:47:58] local.INFO: Extracted bearer token {"token_preview":"160|kJdpaD...","token_length":52} 
[2026-04-09 15:47:58] local.INFO: Found personal access token {"token_id":160,"user_id":68,"revoked":null} 
[2026-04-09 15:47:58] local.INFO: User authenticated via bearer token {"user_id":68,"user_email":"freelancerzahedcreator@gmail.com"} 
[2026-04-09 15:47:58] local.INFO: Returning campaigns for user {"user_id":68,"campaign_count":0,"statuses":[]} 
[2026-04-09 15:48:28] local.INFO: ParseBearerToken middleware invoked {"path":"/api/v2/campaign","method":"GET","has_auth_header":true,"auth_header_preview":"Bearer 160|kJdpaDrHOZ9nSgkeOYj...","is_bearer":true} 
[2026-04-09 15:48:28] local.INFO: Extracted bearer token {"token_preview":"160|kJdpaD...","token_length":52} 
[2026-04-09 15:48:28] local.INFO: Found personal access token {"token_id":160,"user_id":68,"revoked":null} 
[2026-04-09 15:48:28] local.INFO: User authenticated via bearer token {"user_id":68,"user_email":"freelancerzahedcreator@gmail.com"} 
[2026-04-09 15:48:28] local.INFO: Returning campaigns for user {"user_id":68,"campaign_count":0,"statuses":[]} 
[2026-04-09 15:48:58] local.INFO: ParseBearerToken middleware invoked {"path":"/api/v2/campaign","method":"GET","has_auth_header":true,"auth_header_preview":"Bearer 160|kJdpaDrHOZ9nSgkeOYj...","is_bearer":true} 
[2026-04-09 15:48:58] local.INFO: Extracted bearer token {"token_preview":"160|kJdpaD...","token_length":52} 
[2026-04-09 15:48:58] local.INFO: Found personal access token {"token_id":160,"user_id":68,"revoked":null} 
[2026-04-09 15:48:58] local.INFO: User authenticated via bearer token {"user_id":68,"user_email":"freelancerzahedcreator@gmail.com"} 
[2026-04-09 15:48:58] local.INFO: Returning campaigns for user {"user_id":68,"campaign_count":0,"statuses":[]} 
[2026-04-09 15:49:28] local.INFO: ParseBearerToken middleware invoked {"path":"/api/v2/campaign","method":"GET","has_auth_header":true,"auth_header_preview":"Bearer 160|kJdpaDrHOZ9nSgkeOYj...","is_bearer":true} 
[2026-04-09 15:49:28] local.INFO: Extracted bearer token {"token_preview":"160|kJdpaD...","token_length":52} 
[2026-04-09 15:49:28] local.INFO: Found personal access token {"token_id":160,"user_id":68,"revoked":null} 
[2026-04-09 15:49:28] local.INFO: User authenticated via bearer token {"user_id":68,"user_email":"freelancerzahedcreator@gmail.com"} 
[2026-04-09 15:49:28] local.INFO: Returning campaigns for user {"user_id":68,"campaign_count":0,"statuses":[]} 
[2026-04-09 15:49:58] local.INFO: ParseBearerToken middleware invoked {"path":"/api/v2/campaign","method":"GET","has_auth_header":true,"auth_header_preview":"Bearer 160|kJdpaDrHOZ9nSgkeOYj...","is_bearer":true} 
[2026-04-09 15:49:58] local.INFO: Extracted bearer token {"token_preview":"160|kJdpaD...","token_length":52} 
[2026-04-09 15:49:58] local.INFO: Found personal access token {"token_id":160,"user_id":68,"revoked":null} 
[2026-04-09 15:49:58] local.INFO: User authenticated via bearer token {"user_id":68,"user_email":"freelancerzahedcreator@gmail.com"} 
[2026-04-09 15:49:58] local.INFO: Returning campaigns for user {"user_id":68,"campaign_count":0,"statuses":[]} 
[2026-04-09 15:50:28] local.INFO: ParseBearerToken middleware invoked {"path":"/api/v2/campaign","method":"GET","has_auth_header":true,"auth_header_preview":"Bearer 160|kJdpaDrHOZ9nSgkeOYj...","is_bearer":true} 
[2026-04-09 15:50:28] local.INFO: Extracted bearer token {"token_preview":"160|kJdpaD...","token_length":52} 
[2026-04-09 15:50:28] local.INFO: Found personal access token {"token_id":160,"user_id":68,"revoked":null} 
[2026-04-09 15:50:28] local.INFO: User authenticated via bearer token {"user_id":68,"user_email":"freelancerzahedcreator@gmail.com"} 
[2026-04-09 15:50:28] local.INFO: Returning campaigns for user {"user_id":68,"campaign_count":0,"statuses":[]} 
[2026-04-09 15:50:58] local.INFO: ParseBearerToken middleware invoked {"path":"/api/v2/campaign","method":"GET","has_auth_header":true,"auth_header_preview":"Bearer 160|kJdpaDrHOZ9nSgkeOYj...","is_bearer":true} 
[2026-04-09 15:50:58] local.INFO: Extracted bearer token {"token_preview":"160|kJdpaD...","token_length":52} 
[2026-04-09 15:50:58] local.INFO: Found personal access token {"token_id":160,"user_id":68,"revoked":null} 
[2026-04-09 15:50:58] local.INFO: User authenticated via bearer token {"user_id":68,"user_email":"freelancerzahedcreator@gmail.com"} 
[2026-04-09 15:50:58] local.INFO: Returning campaigns for user {"user_id":68,"campaign_count":0,"statuses":[]} 
[2026-04-09 15:51:28] local.INFO: ParseBearerToken middleware invoked {"path":"/api/v2/campaign","method":"GET","has_auth_header":true,"auth_header_preview":"Bearer 160|kJdpaDrHOZ9nSgkeOYj...","is_bearer":true} 
[2026-04-09 15:51:28] local.INFO: Extracted bearer token {"token_preview":"160|kJdpaD...","token_length":52} 
[2026-04-09 15:51:28] local.INFO: Found personal access token {"token_id":160,"user_id":68,"revoked":null} 
[2026-04-09 15:51:28] local.INFO: User authenticated via bearer token {"user_id":68,"user_email":"freelancerzahedcreator@gmail.com"} 
[2026-04-09 15:51:28] local.INFO: Returning campaigns for user {"user_id":68,"campaign_count":0,"statuses":[]} 
[2026-04-09 15:51:58] local.INFO: ParseBearerToken middleware invoked {"path":"/api/v2/campaign","method":"GET","has_auth_header":true,"auth_header_preview":"Bearer 160|kJdpaDrHOZ9nSgkeOYj...","is_bearer":true} 
[2026-04-09 15:51:58] local.INFO: Extracted bearer token {"token_preview":"160|kJdpaD...","token_length":52} 
[2026-04-09 15:51:58] local.INFO: Found personal access token {"token_id":160,"user_id":68,"revoked":null} 
[2026-04-09 15:51:58] local.INFO: User authenticated via bearer token {"user_id":68,"user_email":"freelancerzahedcreator@gmail.com"} 
[2026-04-09 15:51:58] local.INFO: Returning campaigns for user {"user_id":68,"campaign_count":0,"statuses":[]} 
[2026-04-09 15:52:28] local.INFO: ParseBearerToken middleware invoked {"path":"/api/v2/campaign","method":"GET","has_auth_header":true,"auth_header_preview":"Bearer 160|kJdpaDrHOZ9nSgkeOYj...","is_bearer":true} 
[2026-04-09 15:52:28] local.INFO: Extracted bearer token {"token_preview":"160|kJdpaD...","token_length":52} 
[2026-04-09 15:52:28] local.INFO: Found personal access token {"token_id":160,"user_id":68,"revoked":null} 
[2026-04-09 15:52:28] local.INFO: User authenticated via bearer token {"user_id":68,"user_email":"freelancerzahedcreator@gmail.com"} 
[2026-04-09 15:52:28] local.INFO: Returning campaigns for user {"user_id":68,"campaign_count":0,"statuses":[]} 
[2026-04-09 15:52:58] local.INFO: ParseBearerToken middleware invoked {"path":"/api/v2/campaign","method":"GET","has_auth_header":true,"auth_header_preview":"Bearer 160|kJdpaDrHOZ9nSgkeOYj...","is_bearer":true} 
[2026-04-09 15:52:58] local.INFO: Extracted bearer token {"token_preview":"160|kJdpaD...","token_length":52} 
[2026-04-09 15:52:58] local.INFO: Found personal access token {"token_id":160,"user_id":68,"revoked":null} 
[2026-04-09 15:52:58] local.INFO: User authenticated via bearer token {"user_id":68,"user_email":"freelancerzahedcreator@gmail.com"} 
[2026-04-09 15:52:58] local.INFO: Returning campaigns for user {"user_id":68,"campaign_count":0,"statuses":[]} 
[2026-04-09 15:53:28] local.INFO: ParseBearerToken middleware invoked {"path":"/api/v2/campaign","method":"GET","has_auth_header":true,"auth_header_preview":"Bearer 160|kJdpaDrHOZ9nSgkeOYj...","is_bearer":true} 
[2026-04-09 15:53:28] local.INFO: Extracted bearer token {"token_preview":"160|kJdpaD...","token_length":52} 
[2026-04-09 15:53:28] local.INFO: Found personal access token {"token_id":160,"user_id":68,"revoked":null} 
[2026-04-09 15:53:28] local.INFO: User authenticated via bearer token {"user_id":68,"user_email":"freelancerzahedcreator@gmail.com"} 
[2026-04-09 15:53:28] local.INFO: Returning campaigns for user {"user_id":68,"campaign_count":0,"statuses":[]} 
[2026-04-09 15:53:58] local.INFO: ParseBearerToken middleware invoked {"path":"/api/v2/campaign","method":"GET","has_auth_header":true,"auth_header_preview":"Bearer 160|kJdpaDrHOZ9nSgkeOYj...","is_bearer":true} 
[2026-04-09 15:53:58] local.INFO: Extracted bearer token {"token_preview":"160|kJdpaD...","token_length":52} 
[2026-04-09 15:53:58] local.INFO: Found personal access token {"token_id":160,"user_id":68,"revoked":null} 
[2026-04-09 15:53:58] local.INFO: User authenticated via bearer token {"user_id":68,"user_email":"freelancerzahedcreator@gmail.com"} 
[2026-04-09 15:53:58] local.INFO: Returning campaigns for user {"user_id":68,"campaign_count":0,"statuses":[]} 
[2026-04-09 15:54:28] local.INFO: ParseBearerToken middleware invoked {"path":"/api/v2/campaign","method":"GET","has_auth_header":true,"auth_header_preview":"Bearer 160|kJdpaDrHOZ9nSgkeOYj...","is_bearer":true} 
[2026-04-09 15:54:28] local.INFO: Extracted bearer token {"token_preview":"160|kJdpaD...","token_length":52} 
[2026-04-09 15:54:28] local.INFO: Found personal access token {"token_id":160,"user_id":68,"revoked":null} 
[2026-04-09 15:54:28] local.INFO: User authenticated via bearer token {"user_id":68,"user_email":"freelancerzahedcreator@gmail.com"} 
[2026-04-09 15:54:28] local.INFO: Returning campaigns for user {"user_id":68,"campaign_count":0,"statuses":[]} 
[2026-04-09 15:54:58] local.INFO: ParseBearerToken middleware invoked {"path":"/api/v2/campaign","method":"GET","has_auth_header":true,"auth_header_preview":"Bearer 160|kJdpaDrHOZ9nSgkeOYj...","is_bearer":true} 
[2026-04-09 15:54:58] local.INFO: Extracted bearer token {"token_preview":"160|kJdpaD...","token_length":52} 
[2026-04-09 15:54:58] local.INFO: Found personal access token {"token_id":160,"user_id":68,"revoked":null} 
[2026-04-09 15:54:58] local.INFO: User authenticated via bearer token {"user_id":68,"user_email":"freelancerzahedcreator@gmail.com"} 
[2026-04-09 15:54:58] local.INFO: Returning campaigns for user {"user_id":68,"campaign_count":0,"statuses":[]} 
[2026-04-09 15:55:28] local.INFO: ParseBearerToken middleware invoked {"path":"/api/v2/campaign","method":"GET","has_auth_header":true,"auth_header_preview":"Bearer 160|kJdpaDrHOZ9nSgkeOYj...","is_bearer":true} 
[2026-04-09 15:55:28] local.INFO: Extracted bearer token {"token_preview":"160|kJdpaD...","token_length":52} 
[2026-04-09 15:55:28] local.INFO: Found personal access token {"token_id":160,"user_id":68,"revoked":null} 
[2026-04-09 15:55:28] local.INFO: User authenticated via bearer token {"user_id":68,"user_email":"freelancerzahedcreator@gmail.com"} 
[2026-04-09 15:55:28] local.INFO: Returning campaigns for user {"user_id":68,"campaign_count":0,"statuses":[]} 
[2026-04-09 15:55:58] local.INFO: ParseBearerToken middleware invoked {"path":"/api/v2/campaign","method":"GET","has_auth_header":true,"auth_header_preview":"Bearer 160|kJdpaDrHOZ9nSgkeOYj...","is_bearer":true} 
[2026-04-09 15:55:58] local.INFO: Extracted bearer token {"token_preview":"160|kJdpaD...","token_length":52} 
[2026-04-09 15:55:58] local.INFO: Found personal access token {"token_id":160,"user_id":68,"revoked":null} 
[2026-04-09 15:55:58] local.INFO: User authenticated via bearer token {"user_id":68,"user_email":"freelancerzahedcreator@gmail.com"} 
[2026-04-09 15:55:58] local.INFO: Returning campaigns for user {"user_id":68,"campaign_count":0,"statuses":[]} 
[2026-04-09 15:56:28] local.INFO: ParseBearerToken middleware invoked {"path":"/api/v2/campaign","method":"GET","has_auth_header":true,"auth_header_preview":"Bearer 160|kJdpaDrHOZ9nSgkeOYj...","is_bearer":true} 
[2026-04-09 15:56:28] local.INFO: Extracted bearer token {"token_preview":"160|kJdpaD...","token_length":52} 
[2026-04-09 15:56:28] local.INFO: Found personal access token {"token_id":160,"user_id":68,"revoked":null} 
[2026-04-09 15:56:28] local.INFO: User authenticated via bearer token {"user_id":68,"user_email":"freelancerzahedcreator@gmail.com"} 
[2026-04-09 15:56:28] local.INFO: Returning campaigns for user {"user_id":68,"campaign_count":0,"statuses":[]} 
[2026-04-09 15:56:58] local.INFO: ParseBearerToken middleware invoked {"path":"/api/v2/campaign","method":"GET","has_auth_header":true,"auth_header_preview":"Bearer 160|kJdpaDrHOZ9nSgkeOYj...","is_bearer":true} 
[2026-04-09 15:56:58] local.INFO: Extracted bearer token {"token_preview":"160|kJdpaD...","token_length":52} 
[2026-04-09 15:56:58] local.INFO: Found personal access token {"token_id":160,"user_id":68,"revoked":null} 
[2026-04-09 15:56:58] local.INFO: User authenticated via bearer token {"user_id":68,"user_email":"freelancerzahedcreator@gmail.com"} 
[2026-04-09 15:56:58] local.INFO: Returning campaigns for user {"user_id":68,"campaign_count":0,"statuses":[]} 
[2026-04-09 15:57:28] local.INFO: ParseBearerToken middleware invoked {"path":"/api/v2/campaign","method":"GET","has_auth_header":true,"auth_header_preview":"Bearer 160|kJdpaDrHOZ9nSgkeOYj...","is_bearer":true} 
[2026-04-09 15:57:28] local.INFO: Extracted bearer token {"token_preview":"160|kJdpaD...","token_length":52} 
[2026-04-09 15:57:28] local.INFO: Found personal access token {"token_id":160,"user_id":68,"revoked":null} 
[2026-04-09 15:57:28] local.INFO: User authenticated via bearer token {"user_id":68,"user_email":"freelancerzahedcreator@gmail.com"} 
[2026-04-09 15:57:28] local.INFO: Returning campaigns for user {"user_id":68,"campaign_count":0,"statuses":[]} 
[2026-04-09 15:57:58] local.INFO: ParseBearerToken middleware invoked {"path":"/api/v2/campaign","method":"GET","has_auth_header":true,"auth_header_preview":"Bearer 160|kJdpaDrHOZ9nSgkeOYj...","is_bearer":true} 
[2026-04-09 15:57:58] local.INFO: Extracted bearer token {"token_preview":"160|kJdpaD...","token_length":52} 
[2026-04-09 15:57:58] local.INFO: Found personal access token {"token_id":160,"user_id":68,"revoked":null} 
[2026-04-09 15:57:58] local.INFO: User authenticated via bearer token {"user_id":68,"user_email":"freelancerzahedcreator@gmail.com"} 
[2026-04-09 15:57:58] local.INFO: Returning campaigns for user {"user_id":68,"campaign_count":0,"statuses":[]} 
[2026-04-09 15:58:28] local.INFO: ParseBearerToken middleware invoked {"path":"/api/v2/campaign","method":"GET","has_auth_header":true,"auth_header_preview":"Bearer 160|kJdpaDrHOZ9nSgkeOYj...","is_bearer":true} 
[2026-04-09 15:58:28] local.INFO: Extracted bearer token {"token_preview":"160|kJdpaD...","token_length":52} 
[2026-04-09 15:58:28] local.INFO: Found personal access token {"token_id":160,"user_id":68,"revoked":null} 
[2026-04-09 15:58:28] local.INFO: User authenticated via bearer token {"user_id":68,"user_email":"freelancerzahedcreator@gmail.com"} 
[2026-04-09 15:58:28] local.INFO: Returning campaigns for user {"user_id":68,"campaign_count":0,"statuses":[]} 
[2026-04-09 15:58:58] local.INFO: ParseBearerToken middleware invoked {"path":"/api/v2/campaign","method":"GET","has_auth_header":true,"auth_header_preview":"Bearer 160|kJdpaDrHOZ9nSgkeOYj...","is_bearer":true} 
[2026-04-09 15:58:58] local.INFO: Extracted bearer token {"token_preview":"160|kJdpaD...","token_length":52} 
[2026-04-09 15:58:58] local.INFO: Found personal access token {"token_id":160,"user_id":68,"revoked":null} 
[2026-04-09 15:58:58] local.INFO: User authenticated via bearer token {"user_id":68,"user_email":"freelancerzahedcreator@gmail.com"} 
[2026-04-09 15:58:58] local.INFO: Returning campaigns for user {"user_id":68,"campaign_count":0,"statuses":[]} 
[2026-04-09 15:59:28] local.INFO: ParseBearerToken middleware invoked {"path":"/api/v2/campaign","method":"GET","has_auth_header":true,"auth_header_preview":"Bearer 160|kJdpaDrHOZ9nSgkeOYj...","is_bearer":true} 
[2026-04-09 15:59:28] local.INFO: Extracted bearer token {"token_preview":"160|kJdpaD...","token_length":52} 
[2026-04-09 15:59:28] local.INFO: Found personal access token {"token_id":160,"user_id":68,"revoked":null} 
[2026-04-09 15:59:28] local.INFO: User authenticated via bearer token {"user_id":68,"user_email":"freelancerzahedcreator@gmail.com"} 
[2026-04-09 15:59:28] local.INFO: Returning campaigns for user {"user_id":68,"campaign_count":0,"statuses":[]} 
[2026-04-09 15:59:58] local.INFO: ParseBearerToken middleware invoked {"path":"/api/v2/campaign","method":"GET","has_auth_header":true,"auth_header_preview":"Bearer 160|kJdpaDrHOZ9nSgkeOYj...","is_bearer":true} 
[2026-04-09 15:59:58] local.INFO: Extracted bearer token {"token_preview":"160|kJdpaD...","token_length":52} 
[2026-04-09 15:59:58] local.INFO: Found personal access token {"token_id":160,"user_id":68,"revoked":null} 
[2026-04-09 15:59:58] local.INFO: User authenticated via bearer token {"user_id":68,"user_email":"freelancerzahedcreator@gmail.com"} 
[2026-04-09 15:59:58] local.INFO: Returning campaigns for user {"user_id":68,"campaign_count":0,"statuses":[]} 
[2026-04-09 16:00:28] local.INFO: ParseBearerToken middleware invoked {"path":"/api/v2/campaign","method":"GET","has_auth_header":true,"auth_header_preview":"Bearer 160|kJdpaDrHOZ9nSgkeOYj...","is_bearer":true} 
[2026-04-09 16:00:28] local.INFO: Extracted bearer token {"token_preview":"160|kJdpaD...","token_length":52} 
[2026-04-09 16:00:28] local.INFO: Found personal access token {"token_id":160,"user_id":68,"revoked":null} 
[2026-04-09 16:00:28] local.INFO: User authenticated via bearer token {"user_id":68,"user_email":"freelancerzahedcreator@gmail.com"} 
[2026-04-09 16:00:28] local.INFO: Returning campaigns for user {"user_id":68,"campaign_count":0,"statuses":[]} 
[2026-04-09 16:00:58] local.INFO: ParseBearerToken middleware invoked {"path":"/api/v2/campaign","method":"GET","has_auth_header":true,"auth_header_preview":"Bearer 160|kJdpaDrHOZ9nSgkeOYj...","is_bearer":true} 
[2026-04-09 16:00:58] local.INFO: Extracted bearer token {"token_preview":"160|kJdpaD...","token_length":52} 
[2026-04-09 16:00:58] local.INFO: Found personal access token {"token_id":160,"user_id":68,"revoked":null} 
[2026-04-09 16:00:58] local.INFO: User authenticated via bearer token {"user_id":68,"user_email":"freelancerzahedcreator@gmail.com"} 
[2026-04-09 16:00:58] local.INFO: Returning campaigns for user {"user_id":68,"campaign_count":0,"statuses":[]} 
[2026-04-09 16:01:28] local.INFO: ParseBearerToken middleware invoked {"path":"/api/v2/campaign","method":"GET","has_auth_header":true,"auth_header_preview":"Bearer 160|kJdpaDrHOZ9nSgkeOYj...","is_bearer":true} 
[2026-04-09 16:01:28] local.INFO: Extracted bearer token {"token_preview":"160|kJdpaD...","token_length":52} 
[2026-04-09 16:01:28] local.INFO: Found personal access token {"token_id":160,"user_id":68,"revoked":null} 
[2026-04-09 16:01:28] local.INFO: User authenticated via bearer token {"user_id":68,"user_email":"freelancerzahedcreator@gmail.com"} 
[2026-04-09 16:01:28] local.INFO: Returning campaigns for user {"user_id":68,"campaign_count":0,"statuses":[]} 
[2026-04-09 16:01:58] local.INFO: ParseBearerToken middleware invoked {"path":"/api/v2/campaign","method":"GET","has_auth_header":true,"auth_header_preview":"Bearer 160|kJdpaDrHOZ9nSgkeOYj...","is_bearer":true} 
[2026-04-09 16:01:58] local.INFO: Extracted bearer token {"token_preview":"160|kJdpaD...","token_length":52} 
[2026-04-09 16:01:58] local.INFO: Found personal access token {"token_id":160,"user_id":68,"revoked":null} 
[2026-04-09 16:01:58] local.INFO: User authenticated via bearer token {"user_id":68,"user_email":"freelancerzahedcreator@gmail.com"} 
[2026-04-09 16:01:58] local.INFO: Returning campaigns for user {"user_id":68,"campaign_count":0,"statuses":[]} 
[2026-04-09 16:02:28] local.INFO: ParseBearerToken middleware invoked {"path":"/api/v2/campaign","method":"GET","has_auth_header":true,"auth_header_preview":"Bearer 160|kJdpaDrHOZ9nSgkeOYj...","is_bearer":true} 
[2026-04-09 16:02:28] local.INFO: Extracted bearer token {"token_preview":"160|kJdpaD...","token_length":52} 
[2026-04-09 16:02:28] local.INFO: Found personal access token {"token_id":160,"user_id":68,"revoked":null} 
[2026-04-09 16:02:28] local.INFO: User authenticated via bearer token {"user_id":68,"user_email":"freelancerzahedcreator@gmail.com"} 
[2026-04-09 16:02:28] local.INFO: Returning campaigns for user {"user_id":68,"campaign_count":0,"statuses":[]} 
[2026-04-09 16:02:58] local.INFO: ParseBearerToken middleware invoked {"path":"/api/v2/campaign","method":"GET","has_auth_header":true,"auth_header_preview":"Bearer 160|kJdpaDrHOZ9nSgkeOYj...","is_bearer":true} 
[2026-04-09 16:02:58] local.INFO: Extracted bearer token {"token_preview":"160|kJdpaD...","token_length":52} 
[2026-04-09 16:02:58] local.INFO: Found personal access token {"token_id":160,"user_id":68,"revoked":null} 
[2026-04-09 16:02:58] local.INFO: User authenticated via bearer token {"user_id":68,"user_email":"freelancerzahedcreator@gmail.com"} 
[2026-04-09 16:02:58] local.INFO: Returning campaigns for user {"user_id":68,"campaign_count":0,"statuses":[]} 
[2026-04-09 16:03:28] local.INFO: ParseBearerToken middleware invoked {"path":"/api/v2/campaign","method":"GET","has_auth_header":true,"auth_header_preview":"Bearer 160|kJdpaDrHOZ9nSgkeOYj...","is_bearer":true} 
[2026-04-09 16:03:28] local.INFO: Extracted bearer token {"token_preview":"160|kJdpaD...","token_length":52} 
[2026-04-09 16:03:28] local.INFO: Found personal access token {"token_id":160,"user_id":68,"revoked":null} 
[2026-04-09 16:03:28] local.INFO: User authenticated via bearer token {"user_id":68,"user_email":"freelancerzahedcreator@gmail.com"} 
[2026-04-09 16:03:28] local.INFO: Returning campaigns for user {"user_id":68,"campaign_count":0,"statuses":[]} 
[2026-04-09 16:03:58] local.INFO: ParseBearerToken middleware invoked {"path":"/api/v2/campaign","method":"GET","has_auth_header":true,"auth_header_preview":"Bearer 160|kJdpaDrHOZ9nSgkeOYj...","is_bearer":true} 
[2026-04-09 16:03:58] local.INFO: Extracted bearer token {"token_preview":"160|kJdpaD...","token_length":52} 
[2026-04-09 16:03:58] local.INFO: Found personal access token {"token_id":160,"user_id":68,"revoked":null} 
[2026-04-09 16:03:58] local.INFO: User authenticated via bearer token {"user_id":68,"user_email":"freelancerzahedcreator@gmail.com"} 
[2026-04-09 16:03:58] local.INFO: Returning campaigns for user {"user_id":68,"campaign_count":0,"statuses":[]} 
[2026-04-09 16:04:28] local.INFO: ParseBearerToken middleware invoked {"path":"/api/v2/campaign","method":"GET","has_auth_header":true,"auth_header_preview":"Bearer 160|kJdpaDrHOZ9nSgkeOYj...","is_bearer":true} 
[2026-04-09 16:04:28] local.INFO: Extracted bearer token {"token_preview":"160|kJdpaD...","token_length":52} 
[2026-04-09 16:04:28] local.INFO: Found personal access token {"token_id":160,"user_id":68,"revoked":null} 
[2026-04-09 16:04:28] local.INFO: User authenticated via bearer token {"user_id":68,"user_email":"freelancerzahedcreator@gmail.com"} 
[2026-04-09 16:04:28] local.INFO: Returning campaigns for user {"user_id":68,"campaign_count":0,"statuses":[]} 
[2026-04-09 16:04:58] local.INFO: ParseBearerToken middleware invoked {"path":"/api/v2/campaign","method":"GET","has_auth_header":true,"auth_header_preview":"Bearer 160|kJdpaDrHOZ9nSgkeOYj...","is_bearer":true} 
[2026-04-09 16:04:58] local.INFO: Extracted bearer token {"token_preview":"160|kJdpaD...","token_length":52} 
[2026-04-09 16:04:58] local.INFO: Found personal access token {"token_id":160,"user_id":68,"revoked":null} 
[2026-04-09 16:04:58] local.INFO: User authenticated via bearer token {"user_id":68,"user_email":"freelancerzahedcreator@gmail.com"} 
[2026-04-09 16:04:58] local.INFO: Returning campaigns for user {"user_id":68,"campaign_count":0,"statuses":[]} 
[2026-04-09 16:05:28] local.INFO: ParseBearerToken middleware invoked {"path":"/api/v2/campaign","method":"GET","has_auth_header":true,"auth_header_preview":"Bearer 160|kJdpaDrHOZ9nSgkeOYj...","is_bearer":true} 
[2026-04-09 16:05:28] local.INFO: Extracted bearer token {"token_preview":"160|kJdpaD...","token_length":52} 
[2026-04-09 16:05:28] local.INFO: Found personal access token {"token_id":160,"user_id":68,"revoked":null} 
[2026-04-09 16:05:28] local.INFO: User authenticated via bearer token {"user_id":68,"user_email":"freelancerzahedcreator@gmail.com"} 
[2026-04-09 16:05:28] local.INFO: Returning campaigns for user {"user_id":68,"campaign_count":0,"statuses":[]} 
[2026-04-09 16:05:58] local.INFO: ParseBearerToken middleware invoked {"path":"/api/v2/campaign","method":"GET","has_auth_header":true,"auth_header_preview":"Bearer 160|kJdpaDrHOZ9nSgkeOYj...","is_bearer":true} 
[2026-04-09 16:05:58] local.INFO: Extracted bearer token {"token_preview":"160|kJdpaD...","token_length":52} 
[2026-04-09 16:05:58] local.INFO: Found personal access token {"token_id":160,"user_id":68,"revoked":null} 
[2026-04-09 16:05:58] local.INFO: User authenticated via bearer token {"user_id":68,"user_email":"freelancerzahedcreator@gmail.com"} 
[2026-04-09 16:05:58] local.INFO: Returning campaigns for user {"user_id":68,"campaign_count":0,"statuses":[]} 
[2026-04-09 16:06:28] local.INFO: ParseBearerToken middleware invoked {"path":"/api/v2/campaign","method":"GET","has_auth_header":true,"auth_header_preview":"Bearer 160|kJdpaDrHOZ9nSgkeOYj...","is_bearer":true} 
[2026-04-09 16:06:28] local.INFO: Extracted bearer token {"token_preview":"160|kJdpaD...","token_length":52} 
[2026-04-09 16:06:28] local.INFO: Found personal access token {"token_id":160,"user_id":68,"revoked":null} 
[2026-04-09 16:06:28] local.INFO: User authenticated via bearer token {"user_id":68,"user_email":"freelancerzahedcreator@gmail.com"} 
[2026-04-09 16:06:28] local.INFO: Returning campaigns for user {"user_id":68,"campaign_count":0,"statuses":[]} 
[2026-04-09 16:06:58] local.INFO: ParseBearerToken middleware invoked {"path":"/api/v2/campaign","method":"GET","has_auth_header":true,"auth_header_preview":"Bearer 160|kJdpaDrHOZ9nSgkeOYj...","is_bearer":true} 
[2026-04-09 16:06:58] local.INFO: Extracted bearer token {"token_preview":"160|kJdpaD...","token_length":52} 
[2026-04-09 16:06:58] local.INFO: Found personal access token {"token_id":160,"user_id":68,"revoked":null} 
[2026-04-09 16:06:58] local.INFO: User authenticated via bearer token {"user_id":68,"user_email":"freelancerzahedcreator@gmail.com"} 
[2026-04-09 16:06:58] local.INFO: Returning campaigns for user {"user_id":68,"campaign_count":0,"statuses":[]} 
[2026-04-09 16:07:28] local.INFO: ParseBearerToken middleware invoked {"path":"/api/v2/campaign","method":"GET","has_auth_header":true,"auth_header_preview":"Bearer 160|kJdpaDrHOZ9nSgkeOYj...","is_bearer":true} 
[2026-04-09 16:07:28] local.INFO: Extracted bearer token {"token_preview":"160|kJdpaD...","token_length":52} 
[2026-04-09 16:07:28] local.INFO: Found personal access token {"token_id":160,"user_id":68,"revoked":null} 
[2026-04-09 16:07:28] local.INFO: User authenticated via bearer token {"user_id":68,"user_email":"freelancerzahedcreator@gmail.com"} 
[2026-04-09 16:07:28] local.INFO: Returning campaigns for user {"user_id":68,"campaign_count":0,"statuses":[]} 
[2026-04-09 16:07:58] local.INFO: ParseBearerToken middleware invoked {"path":"/api/v2/campaign","method":"GET","has_auth_header":true,"auth_header_preview":"Bearer 160|kJdpaDrHOZ9nSgkeOYj...","is_bearer":true} 
[2026-04-09 16:07:58] local.INFO: Extracted bearer token {"token_preview":"160|kJdpaD...","token_length":52} 
[2026-04-09 16:07:58] local.INFO: Found personal access token {"token_id":160,"user_id":68,"revoked":null} 
[2026-04-09 16:07:58] local.INFO: User authenticated via bearer token {"user_id":68,"user_email":"freelancerzahedcreator@gmail.com"} 
[2026-04-09 16:07:58] local.INFO: Returning campaigns for user {"user_id":68,"campaign_count":0,"statuses":[]} 
[2026-04-09 16:08:28] local.INFO: ParseBearerToken middleware invoked {"path":"/api/v2/campaign","method":"GET","has_auth_header":true,"auth_header_preview":"Bearer 160|kJdpaDrHOZ9nSgkeOYj...","is_bearer":true} 
[2026-04-09 16:08:28] local.INFO: Extracted bearer token {"token_preview":"160|kJdpaD...","token_length":52} 
[2026-04-09 16:08:28] local.INFO: Found personal access token {"token_id":160,"user_id":68,"revoked":null} 
[2026-04-09 16:08:28] local.INFO: User authenticated via bearer token {"user_id":68,"user_email":"freelancerzahedcreator@gmail.com"} 
[2026-04-09 16:08:28] local.INFO: Returning campaigns for user {"user_id":68,"campaign_count":0,"statuses":[]} 
[2026-04-09 16:08:58] local.INFO: ParseBearerToken middleware invoked {"path":"/api/v2/campaign","method":"GET","has_auth_header":true,"auth_header_preview":"Bearer 160|kJdpaDrHOZ9nSgkeOYj...","is_bearer":true} 
[2026-04-09 16:08:58] local.INFO: Extracted bearer token {"token_preview":"160|kJdpaD...","token_length":52} 
[2026-04-09 16:08:58] local.INFO: Found personal access token {"token_id":160,"user_id":68,"revoked":null} 
[2026-04-09 16:08:58] local.INFO: User authenticated via bearer token {"user_id":68,"user_email":"freelancerzahedcreator@gmail.com"} 
[2026-04-09 16:08:58] local.INFO: Returning campaigns for user {"user_id":68,"campaign_count":0,"statuses":[]} 
[2026-04-09 16:09:28] local.INFO: ParseBearerToken middleware invoked {"path":"/api/v2/campaign","method":"GET","has_auth_header":true,"auth_header_preview":"Bearer 160|kJdpaDrHOZ9nSgkeOYj...","is_bearer":true} 
[2026-04-09 16:09:28] local.INFO: Extracted bearer token {"token_preview":"160|kJdpaD...","token_length":52} 
[2026-04-09 16:09:28] local.INFO: Found personal access token {"token_id":160,"user_id":68,"revoked":null} 
[2026-04-09 16:09:28] local.INFO: User authenticated via bearer token {"user_id":68,"user_email":"freelancerzahedcreator@gmail.com"} 
[2026-04-09 16:09:28] local.INFO: Returning campaigns for user {"user_id":68,"campaign_count":0,"statuses":[]} 
[2026-04-09 16:09:58] local.INFO: ParseBearerToken middleware invoked {"path":"/api/v2/campaign","method":"GET","has_auth_header":true,"auth_header_preview":"Bearer 160|kJdpaDrHOZ9nSgkeOYj...","is_bearer":true} 
[2026-04-09 16:09:58] local.INFO: Extracted bearer token {"token_preview":"160|kJdpaD...","token_length":52} 
[2026-04-09 16:09:58] local.INFO: Found personal access token {"token_id":160,"user_id":68,"revoked":null} 
[2026-04-09 16:09:58] local.INFO: User authenticated via bearer token {"user_id":68,"user_email":"freelancerzahedcreator@gmail.com"} 
[2026-04-09 16:09:58] local.INFO: Returning campaigns for user {"user_id":68,"campaign_count":0,"statuses":[]} 
[2026-04-09 16:10:28] local.INFO: ParseBearerToken middleware invoked {"path":"/api/v2/campaign","method":"GET","has_auth_header":true,"auth_header_preview":"Bearer 160|kJdpaDrHOZ9nSgkeOYj...","is_bearer":true} 
[2026-04-09 16:10:28] local.INFO: Extracted bearer token {"token_preview":"160|kJdpaD...","token_length":52} 
[2026-04-09 16:10:28] local.INFO: Found personal access token {"token_id":160,"user_id":68,"revoked":null} 
[2026-04-09 16:10:28] local.INFO: User authenticated via bearer token {"user_id":68,"user_email":"freelancerzahedcreator@gmail.com"} 
[2026-04-09 16:10:28] local.INFO: Returning campaigns for user {"user_id":68,"campaign_count":0,"statuses":[]} 
[2026-04-09 16:10:58] local.INFO: ParseBearerToken middleware invoked {"path":"/api/v2/campaign","method":"GET","has_auth_header":true,"auth_header_preview":"Bearer 160|kJdpaDrHOZ9nSgkeOYj...","is_bearer":true} 
[2026-04-09 16:10:58] local.INFO: Extracted bearer token {"token_preview":"160|kJdpaD...","token_length":52} 
[2026-04-09 16:10:58] local.INFO: Found personal access token {"token_id":160,"user_id":68,"revoked":null} 
[2026-04-09 16:10:58] local.INFO: User authenticated via bearer token {"user_id":68,"user_email":"freelancerzahedcreator@gmail.com"} 
[2026-04-09 16:10:58] local.INFO: Returning campaigns for user {"user_id":68,"campaign_count":0,"statuses":[]} 
[2026-04-09 16:11:28] local.INFO: ParseBearerToken middleware invoked {"path":"/api/v2/campaign","method":"GET","has_auth_header":true,"auth_header_preview":"Bearer 160|kJdpaDrHOZ9nSgkeOYj...","is_bearer":true} 
[2026-04-09 16:11:28] local.INFO: Extracted bearer token {"token_preview":"160|kJdpaD...","token_length":52} 
[2026-04-09 16:11:28] local.INFO: Found personal access token {"token_id":160,"user_id":68,"revoked":null} 
[2026-04-09 16:11:28] local.INFO: User authenticated via bearer token {"user_id":68,"user_email":"freelancerzahedcreator@gmail.com"} 
[2026-04-09 16:11:28] local.INFO: Returning campaigns for user {"user_id":68,"campaign_count":0,"statuses":[]} 
[2026-04-09 16:11:58] local.INFO: ParseBearerToken middleware invoked {"path":"/api/v2/campaign","method":"GET","has_auth_header":true,"auth_header_preview":"Bearer 160|kJdpaDrHOZ9nSgkeOYj...","is_bearer":true} 
[2026-04-09 16:11:58] local.INFO: Extracted bearer token {"token_preview":"160|kJdpaD...","token_length":52} 
[2026-04-09 16:11:58] local.INFO: Found personal access token {"token_id":160,"user_id":68,"revoked":null} 
[2026-04-09 16:11:58] local.INFO: User authenticated via bearer token {"user_id":68,"user_email":"freelancerzahedcreator@gmail.com"} 
[2026-04-09 16:11:58] local.INFO: Returning campaigns for user {"user_id":68,"campaign_count":0,"statuses":[]} 
[2026-04-09 16:12:28] local.INFO: ParseBearerToken middleware invoked {"path":"/api/v2/campaign","method":"GET","has_auth_header":true,"auth_header_preview":"Bearer 160|kJdpaDrHOZ9nSgkeOYj...","is_bearer":true} 
[2026-04-09 16:12:28] local.INFO: Extracted bearer token {"token_preview":"160|kJdpaD...","token_length":52} 
[2026-04-09 16:12:28] local.INFO: Found personal access token {"token_id":160,"user_id":68,"revoked":null} 
[2026-04-09 16:12:28] local.INFO: User authenticated via bearer token {"user_id":68,"user_email":"freelancerzahedcreator@gmail.com"} 
[2026-04-09 16:12:28] local.INFO: Returning campaigns for user {"user_id":68,"campaign_count":0,"statuses":[]} 
[2026-04-09 16:12:58] local.INFO: ParseBearerToken middleware invoked {"path":"/api/v2/campaign","method":"GET","has_auth_header":true,"auth_header_preview":"Bearer 160|kJdpaDrHOZ9nSgkeOYj...","is_bearer":true} 
[2026-04-09 16:12:58] local.INFO: Extracted bearer token {"token_preview":"160|kJdpaD...","token_length":52} 
[2026-04-09 16:12:58] local.INFO: Found personal access token {"token_id":160,"user_id":68,"revoked":null} 
[2026-04-09 16:12:58] local.INFO: User authenticated via bearer token {"user_id":68,"user_email":"freelancerzahedcreator@gmail.com"} 
[2026-04-09 16:12:58] local.INFO: Returning campaigns for user {"user_id":68,"campaign_count":0,"statuses":[]} 
[2026-04-09 16:13:28] local.INFO: ParseBearerToken middleware invoked {"path":"/api/v2/campaign","method":"GET","has_auth_header":true,"auth_header_preview":"Bearer 160|kJdpaDrHOZ9nSgkeOYj...","is_bearer":true} 
[2026-04-09 16:13:28] local.INFO: Extracted bearer token {"token_preview":"160|kJdpaD...","token_length":52} 
[2026-04-09 16:13:28] local.INFO: Found personal access token {"token_id":160,"user_id":68,"revoked":null} 
[2026-04-09 16:13:28] local.INFO: User authenticated via bearer token {"user_id":68,"user_email":"freelancerzahedcreator@gmail.com"} 
[2026-04-09 16:13:28] local.INFO: Returning campaigns for user {"user_id":68,"campaign_count":0,"statuses":[]} 
[2026-04-09 16:13:58] local.INFO: ParseBearerToken middleware invoked {"path":"/api/v2/campaign","method":"GET","has_auth_header":true,"auth_header_preview":"Bearer 160|kJdpaDrHOZ9nSgkeOYj...","is_bearer":true} 
[2026-04-09 16:13:58] local.INFO: Extracted bearer token {"token_preview":"160|kJdpaD...","token_length":52} 
[2026-04-09 16:13:58] local.INFO: Found personal access token {"token_id":160,"user_id":68,"revoked":null} 
[2026-04-09 16:13:58] local.INFO: User authenticated via bearer token {"user_id":68,"user_email":"freelancerzahedcreator@gmail.com"} 
[2026-04-09 16:13:58] local.INFO: Returning campaigns for user {"user_id":68,"campaign_count":0,"statuses":[]} 
[2026-04-09 16:14:28] local.INFO: ParseBearerToken middleware invoked {"path":"/api/v2/campaign","method":"GET","has_auth_header":true,"auth_header_preview":"Bearer 160|kJdpaDrHOZ9nSgkeOYj...","is_bearer":true} 
[2026-04-09 16:14:28] local.INFO: Extracted bearer token {"token_preview":"160|kJdpaD...","token_length":52} 
[2026-04-09 16:14:28] local.INFO: Found personal access token {"token_id":160,"user_id":68,"revoked":null} 
[2026-04-09 16:14:28] local.INFO: User authenticated via bearer token {"user_id":68,"user_email":"freelancerzahedcreator@gmail.com"} 
[2026-04-09 16:14:28] local.INFO: Returning campaigns for user {"user_id":68,"campaign_count":0,"statuses":[]} 
[2026-04-09 16:14:59] local.INFO: ParseBearerToken middleware invoked {"path":"/api/v2/campaign","method":"GET","has_auth_header":true,"auth_header_preview":"Bearer 160|kJdpaDrHOZ9nSgkeOYj...","is_bearer":true} 
[2026-04-09 16:14:59] local.INFO: Extracted bearer token {"token_preview":"160|kJdpaD...","token_length":52} 
[2026-04-09 16:14:59] local.INFO: Found personal access token {"token_id":160,"user_id":68,"revoked":null} 
[2026-04-09 16:14:59] local.INFO: User authenticated via bearer token {"user_id":68,"user_email":"freelancerzahedcreator@gmail.com"} 
[2026-04-09 16:14:59] local.INFO: Returning campaigns for user {"user_id":68,"campaign_count":0,"statuses":[]} 
